ISO-10303-21;
HEADER;
FILE_DESCRIPTION(('FreeCAD Model'),'2;1');
FILE_NAME('Open CASCADE Shape Model','2025-03-16T14:58:12',(''),(''),
  'Open CASCADE STEP processor 7.7','FreeCAD','Unknown');
FILE_SCHEMA(('AUTOMOTIVE_DESIGN { 1 0 10303 214 1 1 1 1 }'));
ENDSEC;
DATA;
#1 = APPLICATION_PROTOCOL_DEFINITION('international standard',
  'automotive_design',2000,#2);
#2 = APPLICATION_CONTEXT(
  'core data for automotive mechanical design processes');
#3 = SHAPE_DEFINITION_REPRESENTATION(#4,#10);
#4 = PRODUCT_DEFINITION_SHAPE('','',#5);
#5 = PRODUCT_DEFINITION('design','',#6,#9);
#6 = PRODUCT_DEFINITION_FORMATION('','',#7);
#7 = PRODUCT('EC11','EC11','',(#8));
#8 = PRODUCT_CONTEXT('',#2,'mechanical');
#9 = PRODUCT_DEFINITION_CONTEXT('part definition',#2,'design');
#10 = SHAPE_REPRESENTATION('',(#11,#15,#19,#23),#27);
#11 = AXIS2_PLACEMENT_3D('',#12,#13,#14);
#12 = CARTESIAN_POINT('',(0.,0.,0.));
#13 = DIRECTION('',(0.,0.,1.));
#14 = DIRECTION('',(1.,0.,-0.));
#15 = AXIS2_PLACEMENT_3D('',#16,#17,#18);
#16 = CARTESIAN_POINT('',(0.,0.,4.5));
#17 = DIRECTION('',(0.,0.,1.));
#18 = DIRECTION('',(1.,0.,0.));
#19 = AXIS2_PLACEMENT_3D('',#20,#21,#22);
#20 = CARTESIAN_POINT('',(0.,0.,4.5));
#21 = DIRECTION('',(0.,0.,1.));
#22 = DIRECTION('',(1.,0.,0.));
#23 = AXIS2_PLACEMENT_3D('',#24,#25,#26);
#24 = CARTESIAN_POINT('',(0.,0.,0.));
#25 = DIRECTION('',(0.,0.,1.));
#26 = DIRECTION('',(1.,0.,0.));
#27 = ( GEOMETRIC_REPRESENTATION_CONTEXT(3) 
GLOBAL_UNCERTAINTY_ASSIGNED_CONTEXT((#31)) GLOBAL_UNIT_ASSIGNED_CONTEXT(
(#28,#29,#30)) REPRESENTATION_CONTEXT('Context #1',
  '3D Context with UNIT and UNCERTAINTY') );
#28 = ( LENGTH_UNIT() NAMED_UNIT(*) SI_UNIT(.MILLI.,.METRE.) );
#29 = ( NAMED_UNIT(*) PLANE_ANGLE_UNIT() SI_UNIT($,.RADIAN.) );
#30 = ( NAMED_UNIT(*) SI_UNIT($,.STERADIAN.) SOLID_ANGLE_UNIT() );
#31 = UNCERTAINTY_MEASURE_WITH_UNIT(LENGTH_MEASURE(5.E-07),#28,
  'distance_accuracy_value','confusion accuracy');
#32 = PRODUCT_RELATED_PRODUCT_CATEGORY('part',$,(#7));
#33 = SHAPE_DEFINITION_REPRESENTATION(#34,#40);
#34 = PRODUCT_DEFINITION_SHAPE('','',#35);
#35 = PRODUCT_DEFINITION('design','',#36,#39);
#36 = PRODUCT_DEFINITION_FORMATION('','',#37);
#37 = PRODUCT('EC11-Base','EC11-Base','',(#38));
#38 = PRODUCT_CONTEXT('',#2,'mechanical');
#39 = PRODUCT_DEFINITION_CONTEXT('part definition',#2,'design');
#40 = ADVANCED_BREP_SHAPE_REPRESENTATION('',(#11,#41),#969);
#41 = MANIFOLD_SOLID_BREP('',#42);
#42 = CLOSED_SHELL('',(#43,#75,#147,#219,#261,#283,#314,#347,#369,#391,
    #460,#529,#549,#674,#701,#718,#735,#752,#769,#786,#803,#820,#837,
    #849,#866,#883,#900,#917,#929,#953));
#43 = ADVANCED_FACE('',(#44),#70,.F.);
#44 = FACE_BOUND('',#45,.F.);
#45 = EDGE_LOOP('',(#46,#55,#62,#69));
#46 = ORIENTED_EDGE('',*,*,#47,.T.);
#47 = EDGE_CURVE('',#48,#48,#50,.T.);
#48 = VERTEX_POINT('',#49);
#49 = CARTESIAN_POINT('',(1.5,0.,7.));
#50 = CIRCLE('',#51,1.5);
#51 = AXIS2_PLACEMENT_3D('',#52,#53,#54);
#52 = CARTESIAN_POINT('',(1.29E-15,4.6E-16,7.));
#53 = DIRECTION('',(-1.8E-16,6.E-17,-1.));
#54 = DIRECTION('',(0.,1.,6.E-17));
#55 = ORIENTED_EDGE('',*,*,#56,.T.);
#56 = EDGE_CURVE('',#48,#57,#59,.T.);
#57 = VERTEX_POINT('',#58);
#58 = CARTESIAN_POINT('',(1.5,1.E-15,-1.7));
#59 = B_SPLINE_CURVE_WITH_KNOTS('',1,(#60,#61),.UNSPECIFIED.,.F.,.F.,(2,
    2),(-7.,1.7),.PIECEWISE_BEZIER_KNOTS.);
#60 = CARTESIAN_POINT('',(1.5,5.5E-16,7.));
#61 = CARTESIAN_POINT('',(1.5,1.08E-15,-1.7));
#62 = ORIENTED_EDGE('',*,*,#63,.T.);
#63 = EDGE_CURVE('',#57,#57,#64,.T.);
#64 = CIRCLE('',#65,1.5);
#65 = AXIS2_PLACEMENT_3D('',#66,#67,#68);
#66 = CARTESIAN_POINT('',(-3.9E-16,9.9E-16,-1.7));
#67 = DIRECTION('',(-6.E-17,-6.E-17,1.));
#68 = DIRECTION('',(1.,0.,6.E-17));
#69 = ORIENTED_EDGE('',*,*,#56,.F.);
#70 = CYLINDRICAL_SURFACE('',#71,1.5);
#71 = AXIS2_PLACEMENT_3D('',#72,#73,#74);
#72 = CARTESIAN_POINT('',(0.,8.9E-16,0.));
#73 = DIRECTION('',(-1.8E-16,6.E-17,-1.));
#74 = DIRECTION('',(0.,1.,6.E-17));
#75 = ADVANCED_FACE('',(#76),#142,.T.);
#76 = FACE_BOUND('',#77,.T.);
#77 = EDGE_LOOP('',(#78,#88,#96,#104,#112,#120,#128,#136));
#78 = ORIENTED_EDGE('',*,*,#79,.T.);
#79 = EDGE_CURVE('',#80,#82,#84,.T.);
#80 = VERTEX_POINT('',#81);
#81 = CARTESIAN_POINT('',(5.45,1.15,-0.4));
#82 = VERTEX_POINT('',#83);
#83 = CARTESIAN_POINT('',(5.45,1.15,-0.));
#84 = LINE('',#85,#86);
#85 = CARTESIAN_POINT('',(5.45,1.15,-0.4));
#86 = VECTOR('',#87,1.);
#87 = DIRECTION('',(0.,0.,1.));
#88 = ORIENTED_EDGE('',*,*,#89,.F.);
#89 = EDGE_CURVE('',#90,#82,#92,.T.);
#90 = VERTEX_POINT('',#91);
#91 = CARTESIAN_POINT('',(5.45,-1.15,-0.));
#92 = LINE('',#93,#94);
#93 = CARTESIAN_POINT('',(5.45,-1.15,-3.9E-16));
#94 = VECTOR('',#95,1.);
#95 = DIRECTION('',(0.,1.,5.E-17));
#96 = ORIENTED_EDGE('',*,*,#97,.F.);
#97 = EDGE_CURVE('',#98,#90,#100,.T.);
#98 = VERTEX_POINT('',#99);
#99 = CARTESIAN_POINT('',(5.45,-1.15,-0.4));
#100 = LINE('',#101,#102);
#101 = CARTESIAN_POINT('',(5.45,-1.15,-0.4));
#102 = VECTOR('',#103,1.);
#103 = DIRECTION('',(0.,0.,1.));
#104 = ORIENTED_EDGE('',*,*,#105,.F.);
#105 = EDGE_CURVE('',#106,#98,#108,.T.);
#106 = VERTEX_POINT('',#107);
#107 = CARTESIAN_POINT('',(5.45,-4.55,-0.4));
#108 = LINE('',#109,#110);
#109 = CARTESIAN_POINT('',(5.45,-4.55,-0.4));
#110 = VECTOR('',#111,1.);
#111 = DIRECTION('',(0.,1.,5.E-17));
#112 = ORIENTED_EDGE('',*,*,#113,.F.);
#113 = EDGE_CURVE('',#114,#106,#116,.T.);
#114 = VERTEX_POINT('',#115);
#115 = CARTESIAN_POINT('',(5.45,-4.55,-1.7));
#116 = LINE('',#117,#118);
#117 = CARTESIAN_POINT('',(5.45,-4.55,-1.7));
#118 = VECTOR('',#119,1.);
#119 = DIRECTION('',(0.,0.,1.));
#120 = ORIENTED_EDGE('',*,*,#121,.T.);
#121 = EDGE_CURVE('',#114,#122,#124,.T.);
#122 = VERTEX_POINT('',#123);
#123 = CARTESIAN_POINT('',(5.45,4.55,-1.7));
#124 = LINE('',#125,#126);
#125 = CARTESIAN_POINT('',(5.45,-4.55,-1.7));
#126 = VECTOR('',#127,1.);
#127 = DIRECTION('',(0.,1.,5.E-17));
#128 = ORIENTED_EDGE('',*,*,#129,.T.);
#129 = EDGE_CURVE('',#122,#130,#132,.T.);
#130 = VERTEX_POINT('',#131);
#131 = CARTESIAN_POINT('',(5.45,4.55,-0.4));
#132 = LINE('',#133,#134);
#133 = CARTESIAN_POINT('',(5.45,4.55,-1.7));
#134 = VECTOR('',#135,1.);
#135 = DIRECTION('',(0.,0.,1.));
#136 = ORIENTED_EDGE('',*,*,#137,.F.);
#137 = EDGE_CURVE('',#80,#130,#138,.T.);
#138 = LINE('',#139,#140);
#139 = CARTESIAN_POINT('',(5.45,1.15,-0.4));
#140 = VECTOR('',#141,1.);
#141 = DIRECTION('',(0.,1.,5.E-17));
#142 = PLANE('',#143);
#143 = AXIS2_PLACEMENT_3D('',#144,#145,#146);
#144 = CARTESIAN_POINT('',(5.45,-1.15,-0.4));
#145 = DIRECTION('',(1.,0.,-0.));
#146 = DIRECTION('',(0.,1.,5.E-17));
#147 = ADVANCED_FACE('',(#148),#214,.T.);
#148 = FACE_BOUND('',#149,.T.);
#149 = EDGE_LOOP('',(#150,#160,#168,#176,#184,#192,#200,#208));
#150 = ORIENTED_EDGE('',*,*,#151,.T.);
#151 = EDGE_CURVE('',#152,#154,#156,.T.);
#152 = VERTEX_POINT('',#153);
#153 = CARTESIAN_POINT('',(-5.45,-1.15,-0.4));
#154 = VERTEX_POINT('',#155);
#155 = CARTESIAN_POINT('',(-5.45,-1.15,0.));
#156 = LINE('',#157,#158);
#157 = CARTESIAN_POINT('',(-5.45,-1.15,-0.4));
#158 = VECTOR('',#159,1.);
#159 = DIRECTION('',(0.,0.,1.));
#160 = ORIENTED_EDGE('',*,*,#161,.F.);
#161 = EDGE_CURVE('',#162,#154,#164,.T.);
#162 = VERTEX_POINT('',#163);
#163 = CARTESIAN_POINT('',(-5.45,1.15,0.));
#164 = LINE('',#165,#166);
#165 = CARTESIAN_POINT('',(-5.45,1.15,3.9E-16));
#166 = VECTOR('',#167,1.);
#167 = DIRECTION('',(0.,-1.,-5.E-17));
#168 = ORIENTED_EDGE('',*,*,#169,.F.);
#169 = EDGE_CURVE('',#170,#162,#172,.T.);
#170 = VERTEX_POINT('',#171);
#171 = CARTESIAN_POINT('',(-5.45,1.15,-0.4));
#172 = LINE('',#173,#174);
#173 = CARTESIAN_POINT('',(-5.45,1.15,-0.4));
#174 = VECTOR('',#175,1.);
#175 = DIRECTION('',(0.,0.,1.));
#176 = ORIENTED_EDGE('',*,*,#177,.F.);
#177 = EDGE_CURVE('',#178,#170,#180,.T.);
#178 = VERTEX_POINT('',#179);
#179 = CARTESIAN_POINT('',(-5.45,4.55,-0.4));
#180 = LINE('',#181,#182);
#181 = CARTESIAN_POINT('',(-5.45,4.55,-0.4));
#182 = VECTOR('',#183,1.);
#183 = DIRECTION('',(0.,-1.,-5.E-17));
#184 = ORIENTED_EDGE('',*,*,#185,.F.);
#185 = EDGE_CURVE('',#186,#178,#188,.T.);
#186 = VERTEX_POINT('',#187);
#187 = CARTESIAN_POINT('',(-5.45,4.55,-1.7));
#188 = LINE('',#189,#190);
#189 = CARTESIAN_POINT('',(-5.45,4.55,-1.7));
#190 = VECTOR('',#191,1.);
#191 = DIRECTION('',(0.,0.,1.));
#192 = ORIENTED_EDGE('',*,*,#193,.T.);
#193 = EDGE_CURVE('',#186,#194,#196,.T.);
#194 = VERTEX_POINT('',#195);
#195 = CARTESIAN_POINT('',(-5.45,-4.55,-1.7));
#196 = LINE('',#197,#198);
#197 = CARTESIAN_POINT('',(-5.45,4.55,-1.7));
#198 = VECTOR('',#199,1.);
#199 = DIRECTION('',(0.,-1.,-5.E-17));
#200 = ORIENTED_EDGE('',*,*,#201,.T.);
#201 = EDGE_CURVE('',#194,#202,#204,.T.);
#202 = VERTEX_POINT('',#203);
#203 = CARTESIAN_POINT('',(-5.45,-4.55,-0.4));
#204 = LINE('',#205,#206);
#205 = CARTESIAN_POINT('',(-5.45,-4.55,-1.7));
#206 = VECTOR('',#207,1.);
#207 = DIRECTION('',(0.,0.,1.));
#208 = ORIENTED_EDGE('',*,*,#209,.F.);
#209 = EDGE_CURVE('',#152,#202,#210,.T.);
#210 = LINE('',#211,#212);
#211 = CARTESIAN_POINT('',(-5.45,-1.15,-0.4));
#212 = VECTOR('',#213,1.);
#213 = DIRECTION('',(0.,-1.,-5.E-17));
#214 = PLANE('',#215);
#215 = AXIS2_PLACEMENT_3D('',#216,#217,#218);
#216 = CARTESIAN_POINT('',(-5.45,1.15,-0.4));
#217 = DIRECTION('',(-1.,-0.,0.));
#218 = DIRECTION('',(0.,-1.,-5.E-17));
#219 = ADVANCED_FACE('',(#220),#256,.T.);
#220 = FACE_BOUND('',#221,.T.);
#221 = EDGE_LOOP('',(#222,#233,#241,#250));
#222 = ORIENTED_EDGE('',*,*,#223,.T.);
#223 = EDGE_CURVE('',#224,#226,#228,.T.);
#224 = VERTEX_POINT('',#225);
#225 = CARTESIAN_POINT('',(-4.117417273,-1.15,-0.4));
#226 = VERTEX_POINT('',#227);
#227 = CARTESIAN_POINT('',(4.117417273,-1.15,-0.4));
#228 = CIRCLE('',#229,4.275);
#229 = AXIS2_PLACEMENT_3D('',#230,#231,#232);
#230 = CARTESIAN_POINT('',(-4.7E-16,9.1E-16,-0.4));
#231 = DIRECTION('',(-6.E-17,-6.E-17,1.));
#232 = DIRECTION('',(-0.963138543392,-0.269005847953,-7.39286634807E-17)
  );
#233 = ORIENTED_EDGE('',*,*,#234,.T.);
#234 = EDGE_CURVE('',#226,#235,#237,.T.);
#235 = VERTEX_POINT('',#236);
#236 = CARTESIAN_POINT('',(4.117417273,-1.15,-0.));
#237 = LINE('',#238,#239);
#238 = CARTESIAN_POINT('',(4.117417273,-1.15,-0.4));
#239 = VECTOR('',#240,1.);
#240 = DIRECTION('',(0.,0.,1.));
#241 = ORIENTED_EDGE('',*,*,#242,.F.);
#242 = EDGE_CURVE('',#243,#235,#245,.T.);
#243 = VERTEX_POINT('',#244);
#244 = CARTESIAN_POINT('',(-4.117417273,-1.15,0.));
#245 = CIRCLE('',#246,4.275);
#246 = AXIS2_PLACEMENT_3D('',#247,#248,#249);
#247 = CARTESIAN_POINT('',(-4.4E-16,8.9E-16,0.));
#248 = DIRECTION('',(6.E-17,-6.E-17,1.));
#249 = DIRECTION('',(-0.963138543392,-0.269005847953,4.164796172632E-17)
  );
#250 = ORIENTED_EDGE('',*,*,#251,.F.);
#251 = EDGE_CURVE('',#224,#243,#252,.T.);
#252 = LINE('',#253,#254);
#253 = CARTESIAN_POINT('',(-4.117417273,-1.15,-0.4));
#254 = VECTOR('',#255,1.);
#255 = DIRECTION('',(0.,0.,1.));
#256 = CYLINDRICAL_SURFACE('',#257,4.275);
#257 = AXIS2_PLACEMENT_3D('',#258,#259,#260);
#258 = CARTESIAN_POINT('',(-4.7E-16,9.1E-16,-0.4));
#259 = DIRECTION('',(6.E-17,-6.E-17,1.));
#260 = DIRECTION('',(-0.963138543392,-0.269005847953,4.164796172632E-17)
  );
#261 = ADVANCED_FACE('',(#262),#278,.T.);
#262 = FACE_BOUND('',#263,.T.);
#263 = EDGE_LOOP('',(#264,#270,#271,#277));
#264 = ORIENTED_EDGE('',*,*,#265,.F.);
#265 = EDGE_CURVE('',#224,#152,#266,.T.);
#266 = LINE('',#267,#268);
#267 = CARTESIAN_POINT('',(-4.117417273,-1.15,-0.4));
#268 = VECTOR('',#269,1.);
#269 = DIRECTION('',(-1.,-5.E-16,-4.E-17));
#270 = ORIENTED_EDGE('',*,*,#251,.T.);
#271 = ORIENTED_EDGE('',*,*,#272,.F.);
#272 = EDGE_CURVE('',#154,#243,#273,.T.);
#273 = LINE('',#274,#275);
#274 = CARTESIAN_POINT('',(-5.45,-1.15,2.8E-16));
#275 = VECTOR('',#276,1.);
#276 = DIRECTION('',(1.,5.E-16,-8.E-17));
#277 = ORIENTED_EDGE('',*,*,#151,.F.);
#278 = PLANE('',#279);
#279 = AXIS2_PLACEMENT_3D('',#280,#281,#282);
#280 = CARTESIAN_POINT('',(-5.45,-1.15,-0.4));
#281 = DIRECTION('',(5.E-16,-1.,-0.));
#282 = DIRECTION('',(1.,5.E-16,-4.E-17));
#283 = ADVANCED_FACE('',(#284),#309,.T.);
#284 = FACE_BOUND('',#285,.T.);
#285 = EDGE_LOOP('',(#286,#294,#295,#303));
#286 = ORIENTED_EDGE('',*,*,#287,.F.);
#287 = EDGE_CURVE('',#170,#288,#290,.T.);
#288 = VERTEX_POINT('',#289);
#289 = CARTESIAN_POINT('',(-4.117417273,1.15,-0.4));
#290 = LINE('',#291,#292);
#291 = CARTESIAN_POINT('',(-5.45,1.15,-0.4));
#292 = VECTOR('',#293,1.);
#293 = DIRECTION('',(1.,1.7E-16,8.E-17));
#294 = ORIENTED_EDGE('',*,*,#169,.T.);
#295 = ORIENTED_EDGE('',*,*,#296,.F.);
#296 = EDGE_CURVE('',#297,#162,#299,.T.);
#297 = VERTEX_POINT('',#298);
#298 = CARTESIAN_POINT('',(-4.117417273,1.15,0.));
#299 = LINE('',#300,#301);
#300 = CARTESIAN_POINT('',(-4.117417273,1.15,3.3E-16));
#301 = VECTOR('',#302,1.);
#302 = DIRECTION('',(-1.,-1.7E-16,4.E-17));
#303 = ORIENTED_EDGE('',*,*,#304,.F.);
#304 = EDGE_CURVE('',#288,#297,#305,.T.);
#305 = LINE('',#306,#307);
#306 = CARTESIAN_POINT('',(-4.117417273,1.15,-0.4));
#307 = VECTOR('',#308,1.);
#308 = DIRECTION('',(0.,0.,1.));
#309 = PLANE('',#310);
#310 = AXIS2_PLACEMENT_3D('',#311,#312,#313);
#311 = CARTESIAN_POINT('',(-4.117417273,1.15,-0.4));
#312 = DIRECTION('',(-1.7E-16,1.,0.));
#313 = DIRECTION('',(-1.,-1.7E-16,4.E-17));
#314 = ADVANCED_FACE('',(#315),#342,.T.);
#315 = FACE_BOUND('',#316,.T.);
#316 = EDGE_LOOP('',(#317,#326,#327,#336));
#317 = ORIENTED_EDGE('',*,*,#318,.T.);
#318 = EDGE_CURVE('',#319,#288,#321,.T.);
#319 = VERTEX_POINT('',#320);
#320 = CARTESIAN_POINT('',(4.117417273,1.15,-0.4));
#321 = CIRCLE('',#322,4.275);
#322 = AXIS2_PLACEMENT_3D('',#323,#324,#325);
#323 = CARTESIAN_POINT('',(-2.E-17,-8.6E-16,-0.4));
#324 = DIRECTION('',(-6.E-17,-6.E-17,1.));
#325 = DIRECTION('',(0.963138543392,0.269005847953,7.39286634807E-17));
#326 = ORIENTED_EDGE('',*,*,#304,.T.);
#327 = ORIENTED_EDGE('',*,*,#328,.F.);
#328 = EDGE_CURVE('',#329,#297,#331,.T.);
#329 = VERTEX_POINT('',#330);
#330 = CARTESIAN_POINT('',(4.117417273,1.15,-0.));
#331 = CIRCLE('',#332,4.275);
#332 = AXIS2_PLACEMENT_3D('',#333,#334,#335);
#333 = CARTESIAN_POINT('',(-0.,-8.9E-16,-0.));
#334 = DIRECTION('',(6.E-17,-6.E-17,1.));
#335 = DIRECTION('',(0.963138543392,0.269005847953,-4.164796172632E-17)
  );
#336 = ORIENTED_EDGE('',*,*,#337,.F.);
#337 = EDGE_CURVE('',#319,#329,#338,.T.);
#338 = LINE('',#339,#340);
#339 = CARTESIAN_POINT('',(4.117417273,1.15,-0.4));
#340 = VECTOR('',#341,1.);
#341 = DIRECTION('',(0.,0.,1.));
#342 = CYLINDRICAL_SURFACE('',#343,4.275);
#343 = AXIS2_PLACEMENT_3D('',#344,#345,#346);
#344 = CARTESIAN_POINT('',(-2.E-17,-8.6E-16,-0.4));
#345 = DIRECTION('',(6.E-17,-6.E-17,1.));
#346 = DIRECTION('',(0.963138543392,0.269005847953,-4.164796172632E-17)
  );
#347 = ADVANCED_FACE('',(#348),#364,.T.);
#348 = FACE_BOUND('',#349,.T.);
#349 = EDGE_LOOP('',(#350,#356,#357,#363));
#350 = ORIENTED_EDGE('',*,*,#351,.F.);
#351 = EDGE_CURVE('',#319,#80,#352,.T.);
#352 = LINE('',#353,#354);
#353 = CARTESIAN_POINT('',(4.117417273,1.15,-0.4));
#354 = VECTOR('',#355,1.);
#355 = DIRECTION('',(1.,1.7E-16,4.E-17));
#356 = ORIENTED_EDGE('',*,*,#337,.T.);
#357 = ORIENTED_EDGE('',*,*,#358,.F.);
#358 = EDGE_CURVE('',#82,#329,#359,.T.);
#359 = LINE('',#360,#361);
#360 = CARTESIAN_POINT('',(5.45,1.15,-2.8E-16));
#361 = VECTOR('',#362,1.);
#362 = DIRECTION('',(-1.,-1.7E-16,8.E-17));
#363 = ORIENTED_EDGE('',*,*,#79,.F.);
#364 = PLANE('',#365);
#365 = AXIS2_PLACEMENT_3D('',#366,#367,#368);
#366 = CARTESIAN_POINT('',(5.45,1.15,-0.4));
#367 = DIRECTION('',(-1.7E-16,1.,0.));
#368 = DIRECTION('',(-1.,-1.7E-16,4.E-17));
#369 = ADVANCED_FACE('',(#370),#386,.T.);
#370 = FACE_BOUND('',#371,.T.);
#371 = EDGE_LOOP('',(#372,#378,#379,#385));
#372 = ORIENTED_EDGE('',*,*,#373,.F.);
#373 = EDGE_CURVE('',#98,#226,#374,.T.);
#374 = LINE('',#375,#376);
#375 = CARTESIAN_POINT('',(5.45,-1.15,-0.4));
#376 = VECTOR('',#377,1.);
#377 = DIRECTION('',(-1.,-6.7E-16,-8.E-17));
#378 = ORIENTED_EDGE('',*,*,#97,.T.);
#379 = ORIENTED_EDGE('',*,*,#380,.F.);
#380 = EDGE_CURVE('',#235,#90,#381,.T.);
#381 = LINE('',#382,#383);
#382 = CARTESIAN_POINT('',(4.117417273,-1.15,-3.3E-16));
#383 = VECTOR('',#384,1.);
#384 = DIRECTION('',(1.,6.7E-16,-4.E-17));
#385 = ORIENTED_EDGE('',*,*,#234,.F.);
#386 = PLANE('',#387);
#387 = AXIS2_PLACEMENT_3D('',#388,#389,#390);
#388 = CARTESIAN_POINT('',(4.117417273,-1.15,-0.4));
#389 = DIRECTION('',(6.7E-16,-1.,0.));
#390 = DIRECTION('',(1.,6.7E-16,-4.E-17));
#391 = ADVANCED_FACE('',(#392),#455,.T.);
#392 = FACE_BOUND('',#393,.T.);
#393 = EDGE_LOOP('',(#394,#395,#396,#397,#398,#406,#414,#423,#431,#440,
    #448,#454));
#394 = ORIENTED_EDGE('',*,*,#373,.T.);
#395 = ORIENTED_EDGE('',*,*,#223,.F.);
#396 = ORIENTED_EDGE('',*,*,#265,.T.);
#397 = ORIENTED_EDGE('',*,*,#209,.T.);
#398 = ORIENTED_EDGE('',*,*,#399,.T.);
#399 = EDGE_CURVE('',#202,#400,#402,.T.);
#400 = VERTEX_POINT('',#401);
#401 = CARTESIAN_POINT('',(-5.85,-4.55,-0.4));
#402 = LINE('',#403,#404);
#403 = CARTESIAN_POINT('',(-5.45,-4.55,-0.4));
#404 = VECTOR('',#405,1.);
#405 = DIRECTION('',(-1.,0.,0.));
#406 = ORIENTED_EDGE('',*,*,#407,.T.);
#407 = EDGE_CURVE('',#400,#408,#410,.T.);
#408 = VERTEX_POINT('',#409);
#409 = CARTESIAN_POINT('',(-5.85,-5.,-0.4));
#410 = LINE('',#411,#412);
#411 = CARTESIAN_POINT('',(-5.85,-4.55,-0.4));
#412 = VECTOR('',#413,1.);
#413 = DIRECTION('',(0.,-1.,0.));
#414 = ORIENTED_EDGE('',*,*,#415,.T.);
#415 = EDGE_CURVE('',#408,#416,#418,.T.);
#416 = VERTEX_POINT('',#417);
#417 = CARTESIAN_POINT('',(-4.85,-6.,-0.4));
#418 = CIRCLE('',#419,1.);
#419 = AXIS2_PLACEMENT_3D('',#420,#421,#422);
#420 = CARTESIAN_POINT('',(-4.85,-5.,-0.4));
#421 = DIRECTION('',(-6.E-17,-6.E-17,1.));
#422 = DIRECTION('',(-1.,0.,-6.E-17));
#423 = ORIENTED_EDGE('',*,*,#424,.T.);
#424 = EDGE_CURVE('',#416,#425,#427,.T.);
#425 = VERTEX_POINT('',#426);
#426 = CARTESIAN_POINT('',(4.85,-6.,-0.4));
#427 = LINE('',#428,#429);
#428 = CARTESIAN_POINT('',(-4.85,-6.,-0.4));
#429 = VECTOR('',#430,1.);
#430 = DIRECTION('',(1.,-9.E-17,5.E-17));
#431 = ORIENTED_EDGE('',*,*,#432,.T.);
#432 = EDGE_CURVE('',#425,#433,#435,.T.);
#433 = VERTEX_POINT('',#434);
#434 = CARTESIAN_POINT('',(5.85,-5.,-0.4));
#435 = CIRCLE('',#436,1.);
#436 = AXIS2_PLACEMENT_3D('',#437,#438,#439);
#437 = CARTESIAN_POINT('',(4.85,-5.,-0.4));
#438 = DIRECTION('',(-6.E-17,-6.E-17,1.));
#439 = DIRECTION('',(0.,-1.,-6.E-17));
#440 = ORIENTED_EDGE('',*,*,#441,.T.);
#441 = EDGE_CURVE('',#433,#442,#444,.T.);
#442 = VERTEX_POINT('',#443);
#443 = CARTESIAN_POINT('',(5.85,-4.55,-0.4));
#444 = LINE('',#445,#446);
#445 = CARTESIAN_POINT('',(5.85,-5.,-0.4));
#446 = VECTOR('',#447,1.);
#447 = DIRECTION('',(1.97E-15,1.,4.9E-16));
#448 = ORIENTED_EDGE('',*,*,#449,.T.);
#449 = EDGE_CURVE('',#442,#106,#450,.T.);
#450 = LINE('',#451,#452);
#451 = CARTESIAN_POINT('',(5.85,-4.55,-0.4));
#452 = VECTOR('',#453,1.);
#453 = DIRECTION('',(-1.,0.,0.));
#454 = ORIENTED_EDGE('',*,*,#105,.T.);
#455 = PLANE('',#456);
#456 = AXIS2_PLACEMENT_3D('',#457,#458,#459);
#457 = CARTESIAN_POINT('',(-2.E-17,2.E-17,-0.4));
#458 = DIRECTION('',(-6.E-17,-6.E-17,1.));
#459 = DIRECTION('',(1.,0.,6.E-17));
#460 = ADVANCED_FACE('',(#461),#524,.T.);
#461 = FACE_BOUND('',#462,.T.);
#462 = EDGE_LOOP('',(#463,#464,#465,#473,#481,#490,#498,#507,#515,#521,
    #522,#523));
#463 = ORIENTED_EDGE('',*,*,#351,.T.);
#464 = ORIENTED_EDGE('',*,*,#137,.T.);
#465 = ORIENTED_EDGE('',*,*,#466,.T.);
#466 = EDGE_CURVE('',#130,#467,#469,.T.);
#467 = VERTEX_POINT('',#468);
#468 = CARTESIAN_POINT('',(5.85,4.55,-0.4));
#469 = LINE('',#470,#471);
#470 = CARTESIAN_POINT('',(5.45,4.55,-0.4));
#471 = VECTOR('',#472,1.);
#472 = DIRECTION('',(1.,0.,0.));
#473 = ORIENTED_EDGE('',*,*,#474,.T.);
#474 = EDGE_CURVE('',#467,#475,#477,.T.);
#475 = VERTEX_POINT('',#476);
#476 = CARTESIAN_POINT('',(5.85,5.,-0.4));
#477 = LINE('',#478,#479);
#478 = CARTESIAN_POINT('',(5.85,4.55,-0.4));
#479 = VECTOR('',#480,1.);
#480 = DIRECTION('',(0.,1.,4.9E-16));
#481 = ORIENTED_EDGE('',*,*,#482,.T.);
#482 = EDGE_CURVE('',#475,#483,#485,.T.);
#483 = VERTEX_POINT('',#484);
#484 = CARTESIAN_POINT('',(4.85,6.,-0.4));
#485 = CIRCLE('',#486,1.);
#486 = AXIS2_PLACEMENT_3D('',#487,#488,#489);
#487 = CARTESIAN_POINT('',(4.85,5.,-0.4));
#488 = DIRECTION('',(-6.E-17,-6.E-17,1.));
#489 = DIRECTION('',(1.,0.,6.E-17));
#490 = ORIENTED_EDGE('',*,*,#491,.T.);
#491 = EDGE_CURVE('',#483,#492,#494,.T.);
#492 = VERTEX_POINT('',#493);
#493 = CARTESIAN_POINT('',(-4.85,6.,-0.4));
#494 = LINE('',#495,#496);
#495 = CARTESIAN_POINT('',(4.85,6.,-0.4));
#496 = VECTOR('',#497,1.);
#497 = DIRECTION('',(-1.,0.,-7.E-17));
#498 = ORIENTED_EDGE('',*,*,#499,.T.);
#499 = EDGE_CURVE('',#492,#500,#502,.T.);
#500 = VERTEX_POINT('',#501);
#501 = CARTESIAN_POINT('',(-5.85,5.,-0.4));
#502 = CIRCLE('',#503,1.);
#503 = AXIS2_PLACEMENT_3D('',#504,#505,#506);
#504 = CARTESIAN_POINT('',(-4.85,5.,-0.4));
#505 = DIRECTION('',(-6.E-17,-6.E-17,1.));
#506 = DIRECTION('',(0.,1.,6.E-17));
#507 = ORIENTED_EDGE('',*,*,#508,.T.);
#508 = EDGE_CURVE('',#500,#509,#511,.T.);
#509 = VERTEX_POINT('',#510);
#510 = CARTESIAN_POINT('',(-5.85,4.55,-0.4));
#511 = LINE('',#512,#513);
#512 = CARTESIAN_POINT('',(-5.85,5.,-0.4));
#513 = VECTOR('',#514,1.);
#514 = DIRECTION('',(0.,-1.,0.));
#515 = ORIENTED_EDGE('',*,*,#516,.T.);
#516 = EDGE_CURVE('',#509,#178,#517,.T.);
#517 = LINE('',#518,#519);
#518 = CARTESIAN_POINT('',(-5.85,4.55,-0.4));
#519 = VECTOR('',#520,1.);
#520 = DIRECTION('',(1.,0.,0.));
#521 = ORIENTED_EDGE('',*,*,#177,.T.);
#522 = ORIENTED_EDGE('',*,*,#287,.T.);
#523 = ORIENTED_EDGE('',*,*,#318,.F.);
#524 = PLANE('',#525);
#525 = AXIS2_PLACEMENT_3D('',#526,#527,#528);
#526 = CARTESIAN_POINT('',(-2.E-17,2.E-17,-0.4));
#527 = DIRECTION('',(-6.E-17,-6.E-17,1.));
#528 = DIRECTION('',(1.,0.,6.E-17));
#529 = ADVANCED_FACE('',(#530,#541),#544,.T.);
#530 = FACE_BOUND('',#531,.T.);
#531 = EDGE_LOOP('',(#532));
#532 = ORIENTED_EDGE('',*,*,#533,.F.);
#533 = EDGE_CURVE('',#534,#534,#536,.T.);
#534 = VERTEX_POINT('',#535);
#535 = CARTESIAN_POINT('',(1.E-15,3.,7.));
#536 = CIRCLE('',#537,3.);
#537 = AXIS2_PLACEMENT_3D('',#538,#539,#540);
#538 = CARTESIAN_POINT('',(1.29E-15,4.6E-16,7.));
#539 = DIRECTION('',(-1.8E-16,6.E-17,-1.));
#540 = DIRECTION('',(0.,1.,6.E-17));
#541 = FACE_BOUND('',#542,.T.);
#542 = EDGE_LOOP('',(#543));
#543 = ORIENTED_EDGE('',*,*,#47,.T.);
#544 = PLANE('',#545);
#545 = AXIS2_PLACEMENT_3D('',#546,#547,#548);
#546 = CARTESIAN_POINT('',(1.29E-15,4.6E-16,7.));
#547 = DIRECTION('',(1.8E-16,-6.E-17,1.));
#548 = DIRECTION('',(0.,1.,6.E-17));
#549 = ADVANCED_FACE('',(#550,#666),#669,.F.);
#550 = FACE_BOUND('',#551,.T.);
#551 = EDGE_LOOP('',(#552,#562,#571,#579,#585,#586,#594,#602,#611,#619,
    #628,#636,#642,#643,#651,#659));
#552 = ORIENTED_EDGE('',*,*,#553,.F.);
#553 = EDGE_CURVE('',#554,#556,#558,.T.);
#554 = VERTEX_POINT('',#555);
#555 = CARTESIAN_POINT('',(-4.85,-6.,-1.7));
#556 = VERTEX_POINT('',#557);
#557 = CARTESIAN_POINT('',(4.85,-6.,-1.7));
#558 = LINE('',#559,#560);
#559 = CARTESIAN_POINT('',(-4.85,-6.,-1.7));
#560 = VECTOR('',#561,1.);
#561 = DIRECTION('',(1.,-9.E-17,5.E-17));
#562 = ORIENTED_EDGE('',*,*,#563,.F.);
#563 = EDGE_CURVE('',#564,#554,#566,.T.);
#564 = VERTEX_POINT('',#565);
#565 = CARTESIAN_POINT('',(-5.85,-5.,-1.7));
#566 = CIRCLE('',#567,1.);
#567 = AXIS2_PLACEMENT_3D('',#568,#569,#570);
#568 = CARTESIAN_POINT('',(-4.85,-5.,-1.7));
#569 = DIRECTION('',(-6.E-17,-6.E-17,1.));
#570 = DIRECTION('',(-1.,0.,-6.E-17));
#571 = ORIENTED_EDGE('',*,*,#572,.F.);
#572 = EDGE_CURVE('',#573,#564,#575,.T.);
#573 = VERTEX_POINT('',#574);
#574 = CARTESIAN_POINT('',(-5.85,-4.55,-1.7));
#575 = LINE('',#576,#577);
#576 = CARTESIAN_POINT('',(-5.85,-4.55,-1.7));
#577 = VECTOR('',#578,1.);
#578 = DIRECTION('',(0.,-1.,0.));
#579 = ORIENTED_EDGE('',*,*,#580,.F.);
#580 = EDGE_CURVE('',#194,#573,#581,.T.);
#581 = LINE('',#582,#583);
#582 = CARTESIAN_POINT('',(-5.45,-4.55,-1.7));
#583 = VECTOR('',#584,1.);
#584 = DIRECTION('',(-1.,0.,0.));
#585 = ORIENTED_EDGE('',*,*,#193,.F.);
#586 = ORIENTED_EDGE('',*,*,#587,.F.);
#587 = EDGE_CURVE('',#588,#186,#590,.T.);
#588 = VERTEX_POINT('',#589);
#589 = CARTESIAN_POINT('',(-5.85,4.55,-1.7));
#590 = LINE('',#591,#592);
#591 = CARTESIAN_POINT('',(-5.85,4.55,-1.7));
#592 = VECTOR('',#593,1.);
#593 = DIRECTION('',(1.,0.,0.));
#594 = ORIENTED_EDGE('',*,*,#595,.F.);
#595 = EDGE_CURVE('',#596,#588,#598,.T.);
#596 = VERTEX_POINT('',#597);
#597 = CARTESIAN_POINT('',(-5.85,5.,-1.7));
#598 = LINE('',#599,#600);
#599 = CARTESIAN_POINT('',(-5.85,5.,-1.7));
#600 = VECTOR('',#601,1.);
#601 = DIRECTION('',(0.,-1.,0.));
#602 = ORIENTED_EDGE('',*,*,#603,.F.);
#603 = EDGE_CURVE('',#604,#596,#606,.T.);
#604 = VERTEX_POINT('',#605);
#605 = CARTESIAN_POINT('',(-4.85,6.,-1.7));
#606 = CIRCLE('',#607,1.);
#607 = AXIS2_PLACEMENT_3D('',#608,#609,#610);
#608 = CARTESIAN_POINT('',(-4.85,5.,-1.7));
#609 = DIRECTION('',(-6.E-17,-6.E-17,1.));
#610 = DIRECTION('',(0.,1.,6.E-17));
#611 = ORIENTED_EDGE('',*,*,#612,.F.);
#612 = EDGE_CURVE('',#613,#604,#615,.T.);
#613 = VERTEX_POINT('',#614);
#614 = CARTESIAN_POINT('',(4.85,6.,-1.7));
#615 = LINE('',#616,#617);
#616 = CARTESIAN_POINT('',(4.85,6.,-1.7));
#617 = VECTOR('',#618,1.);
#618 = DIRECTION('',(-1.,0.,-5.E-17));
#619 = ORIENTED_EDGE('',*,*,#620,.F.);
#620 = EDGE_CURVE('',#621,#613,#623,.T.);
#621 = VERTEX_POINT('',#622);
#622 = CARTESIAN_POINT('',(5.85,5.,-1.7));
#623 = CIRCLE('',#624,1.);
#624 = AXIS2_PLACEMENT_3D('',#625,#626,#627);
#625 = CARTESIAN_POINT('',(4.85,5.,-1.7));
#626 = DIRECTION('',(-6.E-17,-6.E-17,1.));
#627 = DIRECTION('',(1.,0.,6.E-17));
#628 = ORIENTED_EDGE('',*,*,#629,.F.);
#629 = EDGE_CURVE('',#630,#621,#632,.T.);
#630 = VERTEX_POINT('',#631);
#631 = CARTESIAN_POINT('',(5.85,4.55,-1.7));
#632 = LINE('',#633,#634);
#633 = CARTESIAN_POINT('',(5.85,4.55,-1.7));
#634 = VECTOR('',#635,1.);
#635 = DIRECTION('',(0.,1.,0.));
#636 = ORIENTED_EDGE('',*,*,#637,.F.);
#637 = EDGE_CURVE('',#122,#630,#638,.T.);
#638 = LINE('',#639,#640);
#639 = CARTESIAN_POINT('',(5.45,4.55,-1.7));
#640 = VECTOR('',#641,1.);
#641 = DIRECTION('',(1.,0.,0.));
#642 = ORIENTED_EDGE('',*,*,#121,.F.);
#643 = ORIENTED_EDGE('',*,*,#644,.F.);
#644 = EDGE_CURVE('',#645,#114,#647,.T.);
#645 = VERTEX_POINT('',#646);
#646 = CARTESIAN_POINT('',(5.85,-4.55,-1.7));
#647 = LINE('',#648,#649);
#648 = CARTESIAN_POINT('',(5.85,-4.55,-1.7));
#649 = VECTOR('',#650,1.);
#650 = DIRECTION('',(-1.,0.,0.));
#651 = ORIENTED_EDGE('',*,*,#652,.F.);
#652 = EDGE_CURVE('',#653,#645,#655,.T.);
#653 = VERTEX_POINT('',#654);
#654 = CARTESIAN_POINT('',(5.85,-5.,-1.7));
#655 = LINE('',#656,#657);
#656 = CARTESIAN_POINT('',(5.85,-5.,-1.7));
#657 = VECTOR('',#658,1.);
#658 = DIRECTION('',(1.97E-15,1.,0.));
#659 = ORIENTED_EDGE('',*,*,#660,.F.);
#660 = EDGE_CURVE('',#556,#653,#661,.T.);
#661 = CIRCLE('',#662,1.);
#662 = AXIS2_PLACEMENT_3D('',#663,#664,#665);
#663 = CARTESIAN_POINT('',(4.85,-5.,-1.7));
#664 = DIRECTION('',(-6.E-17,-6.E-17,1.));
#665 = DIRECTION('',(0.,-1.,-6.E-17));
#666 = FACE_BOUND('',#667,.T.);
#667 = EDGE_LOOP('',(#668));
#668 = ORIENTED_EDGE('',*,*,#63,.T.);
#669 = PLANE('',#670);
#670 = AXIS2_PLACEMENT_3D('',#671,#672,#673);
#671 = CARTESIAN_POINT('',(6.E-17,1.E-16,-1.7));
#672 = DIRECTION('',(-6.E-17,-6.E-17,1.));
#673 = DIRECTION('',(1.,0.,6.E-17));
#674 = ADVANCED_FACE('',(#675,#685),#696,.T.);
#675 = FACE_BOUND('',#676,.T.);
#676 = EDGE_LOOP('',(#677,#678,#679,#680,#681,#682,#683,#684));
#677 = ORIENTED_EDGE('',*,*,#380,.T.);
#678 = ORIENTED_EDGE('',*,*,#89,.T.);
#679 = ORIENTED_EDGE('',*,*,#358,.T.);
#680 = ORIENTED_EDGE('',*,*,#328,.T.);
#681 = ORIENTED_EDGE('',*,*,#296,.T.);
#682 = ORIENTED_EDGE('',*,*,#161,.T.);
#683 = ORIENTED_EDGE('',*,*,#272,.T.);
#684 = ORIENTED_EDGE('',*,*,#242,.T.);
#685 = FACE_BOUND('',#686,.T.);
#686 = EDGE_LOOP('',(#687));
#687 = ORIENTED_EDGE('',*,*,#688,.T.);
#688 = EDGE_CURVE('',#689,#689,#691,.T.);
#689 = VERTEX_POINT('',#690);
#690 = CARTESIAN_POINT('',(-0.,3.5,-0.));
#691 = CIRCLE('',#692,3.5);
#692 = AXIS2_PLACEMENT_3D('',#693,#694,#695);
#693 = CARTESIAN_POINT('',(-0.,8.9E-16,0.));
#694 = DIRECTION('',(-6.E-17,6.E-17,-1.));
#695 = DIRECTION('',(0.,1.,6.E-17));
#696 = PLANE('',#697);
#697 = AXIS2_PLACEMENT_3D('',#698,#699,#700);
#698 = CARTESIAN_POINT('',(-0.,0.,-0.));
#699 = DIRECTION('',(6.E-17,-6.E-17,1.));
#700 = DIRECTION('',(1.,0.,-6.E-17));
#701 = ADVANCED_FACE('',(#702),#713,.T.);
#702 = FACE_BOUND('',#703,.T.);
#703 = EDGE_LOOP('',(#704,#705,#706,#707));
#704 = ORIENTED_EDGE('',*,*,#644,.T.);
#705 = ORIENTED_EDGE('',*,*,#113,.T.);
#706 = ORIENTED_EDGE('',*,*,#449,.F.);
#707 = ORIENTED_EDGE('',*,*,#708,.F.);
#708 = EDGE_CURVE('',#645,#442,#709,.T.);
#709 = LINE('',#710,#711);
#710 = CARTESIAN_POINT('',(5.85,-4.55,-1.7));
#711 = VECTOR('',#712,1.);
#712 = DIRECTION('',(0.,0.,1.));
#713 = PLANE('',#714);
#714 = AXIS2_PLACEMENT_3D('',#715,#716,#717);
#715 = CARTESIAN_POINT('',(5.85,-4.55,-1.7));
#716 = DIRECTION('',(0.,1.,-0.));
#717 = DIRECTION('',(-1.,0.,0.));
#718 = ADVANCED_FACE('',(#719),#730,.T.);
#719 = FACE_BOUND('',#720,.T.);
#720 = EDGE_LOOP('',(#721,#722,#728,#729));
#721 = ORIENTED_EDGE('',*,*,#637,.T.);
#722 = ORIENTED_EDGE('',*,*,#723,.T.);
#723 = EDGE_CURVE('',#630,#467,#724,.T.);
#724 = LINE('',#725,#726);
#725 = CARTESIAN_POINT('',(5.85,4.55,-1.7));
#726 = VECTOR('',#727,1.);
#727 = DIRECTION('',(0.,0.,1.));
#728 = ORIENTED_EDGE('',*,*,#466,.F.);
#729 = ORIENTED_EDGE('',*,*,#129,.F.);
#730 = PLANE('',#731);
#731 = AXIS2_PLACEMENT_3D('',#732,#733,#734);
#732 = CARTESIAN_POINT('',(5.45,4.55,-1.7));
#733 = DIRECTION('',(0.,-1.,0.));
#734 = DIRECTION('',(1.,0.,0.));
#735 = ADVANCED_FACE('',(#736),#747,.T.);
#736 = FACE_BOUND('',#737,.T.);
#737 = EDGE_LOOP('',(#738,#739,#740,#741));
#738 = ORIENTED_EDGE('',*,*,#587,.T.);
#739 = ORIENTED_EDGE('',*,*,#185,.T.);
#740 = ORIENTED_EDGE('',*,*,#516,.F.);
#741 = ORIENTED_EDGE('',*,*,#742,.F.);
#742 = EDGE_CURVE('',#588,#509,#743,.T.);
#743 = LINE('',#744,#745);
#744 = CARTESIAN_POINT('',(-5.85,4.55,-1.7));
#745 = VECTOR('',#746,1.);
#746 = DIRECTION('',(0.,0.,1.));
#747 = PLANE('',#748);
#748 = AXIS2_PLACEMENT_3D('',#749,#750,#751);
#749 = CARTESIAN_POINT('',(-5.85,4.55,-1.7));
#750 = DIRECTION('',(0.,-1.,0.));
#751 = DIRECTION('',(1.,0.,0.));
#752 = ADVANCED_FACE('',(#753),#764,.T.);
#753 = FACE_BOUND('',#754,.T.);
#754 = EDGE_LOOP('',(#755,#756,#762,#763));
#755 = ORIENTED_EDGE('',*,*,#580,.T.);
#756 = ORIENTED_EDGE('',*,*,#757,.T.);
#757 = EDGE_CURVE('',#573,#400,#758,.T.);
#758 = LINE('',#759,#760);
#759 = CARTESIAN_POINT('',(-5.85,-4.55,-1.7));
#760 = VECTOR('',#761,1.);
#761 = DIRECTION('',(0.,0.,1.));
#762 = ORIENTED_EDGE('',*,*,#399,.F.);
#763 = ORIENTED_EDGE('',*,*,#201,.F.);
#764 = PLANE('',#765);
#765 = AXIS2_PLACEMENT_3D('',#766,#767,#768);
#766 = CARTESIAN_POINT('',(-5.45,-4.55,-1.7));
#767 = DIRECTION('',(0.,1.,-0.));
#768 = DIRECTION('',(-1.,0.,0.));
#769 = ADVANCED_FACE('',(#770),#781,.T.);
#770 = FACE_BOUND('',#771,.T.);
#771 = EDGE_LOOP('',(#772,#773,#779,#780));
#772 = ORIENTED_EDGE('',*,*,#572,.T.);
#773 = ORIENTED_EDGE('',*,*,#774,.T.);
#774 = EDGE_CURVE('',#564,#408,#775,.T.);
#775 = LINE('',#776,#777);
#776 = CARTESIAN_POINT('',(-5.85,-5.,-1.7));
#777 = VECTOR('',#778,1.);
#778 = DIRECTION('',(0.,0.,1.));
#779 = ORIENTED_EDGE('',*,*,#407,.F.);
#780 = ORIENTED_EDGE('',*,*,#757,.F.);
#781 = PLANE('',#782);
#782 = AXIS2_PLACEMENT_3D('',#783,#784,#785);
#783 = CARTESIAN_POINT('',(-5.85,-4.55,-1.7));
#784 = DIRECTION('',(-1.,0.,0.));
#785 = DIRECTION('',(0.,-1.,0.));
#786 = ADVANCED_FACE('',(#787),#798,.T.);
#787 = FACE_BOUND('',#788,.T.);
#788 = EDGE_LOOP('',(#789,#790,#796,#797));
#789 = ORIENTED_EDGE('',*,*,#563,.T.);
#790 = ORIENTED_EDGE('',*,*,#791,.T.);
#791 = EDGE_CURVE('',#554,#416,#792,.T.);
#792 = LINE('',#793,#794);
#793 = CARTESIAN_POINT('',(-4.85,-6.,-1.7));
#794 = VECTOR('',#795,1.);
#795 = DIRECTION('',(0.,0.,1.));
#796 = ORIENTED_EDGE('',*,*,#415,.F.);
#797 = ORIENTED_EDGE('',*,*,#774,.F.);
#798 = CYLINDRICAL_SURFACE('',#799,1.);
#799 = AXIS2_PLACEMENT_3D('',#800,#801,#802);
#800 = CARTESIAN_POINT('',(-4.85,-5.,-1.7));
#801 = DIRECTION('',(-6.E-17,-6.E-17,1.));
#802 = DIRECTION('',(-1.,0.,-6.E-17));
#803 = ADVANCED_FACE('',(#804),#815,.T.);
#804 = FACE_BOUND('',#805,.T.);
#805 = EDGE_LOOP('',(#806,#807,#813,#814));
#806 = ORIENTED_EDGE('',*,*,#553,.T.);
#807 = ORIENTED_EDGE('',*,*,#808,.T.);
#808 = EDGE_CURVE('',#556,#425,#809,.T.);
#809 = LINE('',#810,#811);
#810 = CARTESIAN_POINT('',(4.85,-6.,-1.7));
#811 = VECTOR('',#812,1.);
#812 = DIRECTION('',(0.,0.,1.));
#813 = ORIENTED_EDGE('',*,*,#424,.F.);
#814 = ORIENTED_EDGE('',*,*,#791,.F.);
#815 = PLANE('',#816);
#816 = AXIS2_PLACEMENT_3D('',#817,#818,#819);
#817 = CARTESIAN_POINT('',(-4.85,-6.,-1.7));
#818 = DIRECTION('',(-9.E-17,-1.,0.));
#819 = DIRECTION('',(1.,-9.E-17,5.E-17));
#820 = ADVANCED_FACE('',(#821),#832,.T.);
#821 = FACE_BOUND('',#822,.T.);
#822 = EDGE_LOOP('',(#823,#824,#830,#831));
#823 = ORIENTED_EDGE('',*,*,#660,.T.);
#824 = ORIENTED_EDGE('',*,*,#825,.T.);
#825 = EDGE_CURVE('',#653,#433,#826,.T.);
#826 = LINE('',#827,#828);
#827 = CARTESIAN_POINT('',(5.85,-5.,-1.7));
#828 = VECTOR('',#829,1.);
#829 = DIRECTION('',(0.,0.,1.));
#830 = ORIENTED_EDGE('',*,*,#432,.F.);
#831 = ORIENTED_EDGE('',*,*,#808,.F.);
#832 = CYLINDRICAL_SURFACE('',#833,1.);
#833 = AXIS2_PLACEMENT_3D('',#834,#835,#836);
#834 = CARTESIAN_POINT('',(4.85,-5.,-1.7));
#835 = DIRECTION('',(-6.E-17,-6.E-17,1.));
#836 = DIRECTION('',(0.,-1.,-6.E-17));
#837 = ADVANCED_FACE('',(#838),#844,.T.);
#838 = FACE_BOUND('',#839,.T.);
#839 = EDGE_LOOP('',(#840,#841,#842,#843));
#840 = ORIENTED_EDGE('',*,*,#652,.T.);
#841 = ORIENTED_EDGE('',*,*,#708,.T.);
#842 = ORIENTED_EDGE('',*,*,#441,.F.);
#843 = ORIENTED_EDGE('',*,*,#825,.F.);
#844 = PLANE('',#845);
#845 = AXIS2_PLACEMENT_3D('',#846,#847,#848);
#846 = CARTESIAN_POINT('',(5.85,-5.,-1.7));
#847 = DIRECTION('',(1.,-1.97E-15,0.));
#848 = DIRECTION('',(1.97E-15,1.,0.));
#849 = ADVANCED_FACE('',(#850),#861,.T.);
#850 = FACE_BOUND('',#851,.T.);
#851 = EDGE_LOOP('',(#852,#853,#859,#860));
#852 = ORIENTED_EDGE('',*,*,#629,.T.);
#853 = ORIENTED_EDGE('',*,*,#854,.T.);
#854 = EDGE_CURVE('',#621,#475,#855,.T.);
#855 = LINE('',#856,#857);
#856 = CARTESIAN_POINT('',(5.85,5.,-1.7));
#857 = VECTOR('',#858,1.);
#858 = DIRECTION('',(0.,0.,1.));
#859 = ORIENTED_EDGE('',*,*,#474,.F.);
#860 = ORIENTED_EDGE('',*,*,#723,.F.);
#861 = PLANE('',#862);
#862 = AXIS2_PLACEMENT_3D('',#863,#864,#865);
#863 = CARTESIAN_POINT('',(5.85,4.55,-1.7));
#864 = DIRECTION('',(1.,0.,0.));
#865 = DIRECTION('',(-0.,1.,0.));
#866 = ADVANCED_FACE('',(#867),#878,.T.);
#867 = FACE_BOUND('',#868,.T.);
#868 = EDGE_LOOP('',(#869,#870,#876,#877));
#869 = ORIENTED_EDGE('',*,*,#620,.T.);
#870 = ORIENTED_EDGE('',*,*,#871,.T.);
#871 = EDGE_CURVE('',#613,#483,#872,.T.);
#872 = LINE('',#873,#874);
#873 = CARTESIAN_POINT('',(4.85,6.,-1.7));
#874 = VECTOR('',#875,1.);
#875 = DIRECTION('',(0.,0.,1.));
#876 = ORIENTED_EDGE('',*,*,#482,.F.);
#877 = ORIENTED_EDGE('',*,*,#854,.F.);
#878 = CYLINDRICAL_SURFACE('',#879,1.);
#879 = AXIS2_PLACEMENT_3D('',#880,#881,#882);
#880 = CARTESIAN_POINT('',(4.85,5.,-1.7));
#881 = DIRECTION('',(-6.E-17,-6.E-17,1.));
#882 = DIRECTION('',(1.,0.,6.E-17));
#883 = ADVANCED_FACE('',(#884),#895,.T.);
#884 = FACE_BOUND('',#885,.T.);
#885 = EDGE_LOOP('',(#886,#887,#893,#894));
#886 = ORIENTED_EDGE('',*,*,#612,.T.);
#887 = ORIENTED_EDGE('',*,*,#888,.T.);
#888 = EDGE_CURVE('',#604,#492,#889,.T.);
#889 = LINE('',#890,#891);
#890 = CARTESIAN_POINT('',(-4.85,6.,-1.7));
#891 = VECTOR('',#892,1.);
#892 = DIRECTION('',(0.,0.,1.));
#893 = ORIENTED_EDGE('',*,*,#491,.F.);
#894 = ORIENTED_EDGE('',*,*,#871,.F.);
#895 = PLANE('',#896);
#896 = AXIS2_PLACEMENT_3D('',#897,#898,#899);
#897 = CARTESIAN_POINT('',(4.85,6.,-1.7));
#898 = DIRECTION('',(0.,1.,0.));
#899 = DIRECTION('',(-1.,0.,-5.E-17));
#900 = ADVANCED_FACE('',(#901),#912,.T.);
#901 = FACE_BOUND('',#902,.T.);
#902 = EDGE_LOOP('',(#903,#904,#910,#911));
#903 = ORIENTED_EDGE('',*,*,#603,.T.);
#904 = ORIENTED_EDGE('',*,*,#905,.T.);
#905 = EDGE_CURVE('',#596,#500,#906,.T.);
#906 = LINE('',#907,#908);
#907 = CARTESIAN_POINT('',(-5.85,5.,-1.7));
#908 = VECTOR('',#909,1.);
#909 = DIRECTION('',(0.,0.,1.));
#910 = ORIENTED_EDGE('',*,*,#499,.F.);
#911 = ORIENTED_EDGE('',*,*,#888,.F.);
#912 = CYLINDRICAL_SURFACE('',#913,1.);
#913 = AXIS2_PLACEMENT_3D('',#914,#915,#916);
#914 = CARTESIAN_POINT('',(-4.85,5.,-1.7));
#915 = DIRECTION('',(-6.E-17,-6.E-17,1.));
#916 = DIRECTION('',(0.,1.,6.E-17));
#917 = ADVANCED_FACE('',(#918),#924,.T.);
#918 = FACE_BOUND('',#919,.T.);
#919 = EDGE_LOOP('',(#920,#921,#922,#923));
#920 = ORIENTED_EDGE('',*,*,#595,.T.);
#921 = ORIENTED_EDGE('',*,*,#742,.T.);
#922 = ORIENTED_EDGE('',*,*,#508,.F.);
#923 = ORIENTED_EDGE('',*,*,#905,.F.);
#924 = PLANE('',#925);
#925 = AXIS2_PLACEMENT_3D('',#926,#927,#928);
#926 = CARTESIAN_POINT('',(-5.85,5.,-1.7));
#927 = DIRECTION('',(-1.,0.,0.));
#928 = DIRECTION('',(0.,-1.,0.));
#929 = ADVANCED_FACE('',(#930),#948,.T.);
#930 = FACE_BOUND('',#931,.T.);
#931 = EDGE_LOOP('',(#932,#941,#946,#947));
#932 = ORIENTED_EDGE('',*,*,#933,.F.);
#933 = EDGE_CURVE('',#934,#934,#936,.T.);
#934 = VERTEX_POINT('',#935);
#935 = CARTESIAN_POINT('',(1.E-15,3.5,6.5));
#936 = CIRCLE('',#937,3.5);
#937 = AXIS2_PLACEMENT_3D('',#938,#939,#940);
#938 = CARTESIAN_POINT('',(1.19E-15,4.9E-16,6.5));
#939 = DIRECTION('',(-1.8E-16,6.E-17,-1.));
#940 = DIRECTION('',(0.,1.,6.E-17));
#941 = ORIENTED_EDGE('',*,*,#942,.F.);
#942 = EDGE_CURVE('',#534,#934,#943,.T.);
#943 = B_SPLINE_CURVE_WITH_KNOTS('',1,(#944,#945),.UNSPECIFIED.,.F.,.F.,
  (2,2),(-0.353553390593,0.353553390593),.PIECEWISE_BEZIER_KNOTS.);
#944 = CARTESIAN_POINT('',(5.5E-16,3.,7.));
#945 = CARTESIAN_POINT('',(3.4E-16,3.5,6.5));
#946 = ORIENTED_EDGE('',*,*,#533,.T.);
#947 = ORIENTED_EDGE('',*,*,#942,.T.);
#948 = CONICAL_SURFACE('',#949,3.25,0.785398163397);
#949 = AXIS2_PLACEMENT_3D('',#950,#951,#952);
#950 = CARTESIAN_POINT('',(1.24E-15,4.7E-16,6.75));
#951 = DIRECTION('',(-1.8E-16,6.E-17,-1.));
#952 = DIRECTION('',(0.,1.,6.E-17));
#953 = ADVANCED_FACE('',(#954),#964,.T.);
#954 = FACE_BOUND('',#955,.T.);
#955 = EDGE_LOOP('',(#956,#957,#962,#963));
#956 = ORIENTED_EDGE('',*,*,#933,.T.);
#957 = ORIENTED_EDGE('',*,*,#958,.T.);
#958 = EDGE_CURVE('',#934,#689,#959,.T.);
#959 = B_SPLINE_CURVE_WITH_KNOTS('',1,(#960,#961),.UNSPECIFIED.,.F.,.F.,
  (2,2),(0.,6.5),.PIECEWISE_BEZIER_KNOTS.);
#960 = CARTESIAN_POINT('',(1.19E-15,3.5,6.5));
#961 = CARTESIAN_POINT('',(0.,3.5,0.));
#962 = ORIENTED_EDGE('',*,*,#688,.F.);
#963 = ORIENTED_EDGE('',*,*,#958,.F.);
#964 = CYLINDRICAL_SURFACE('',#965,3.5);
#965 = AXIS2_PLACEMENT_3D('',#966,#967,#968);
#966 = CARTESIAN_POINT('',(1.19E-15,4.9E-16,6.5));
#967 = DIRECTION('',(-1.8E-16,6.E-17,-1.));
#968 = DIRECTION('',(0.,1.,6.E-17));
#969 = ( GEOMETRIC_REPRESENTATION_CONTEXT(3) 
GLOBAL_UNCERTAINTY_ASSIGNED_CONTEXT((#973)) GLOBAL_UNIT_ASSIGNED_CONTEXT
((#970,#971,#972)) REPRESENTATION_CONTEXT('Context #1',
  '3D Context with UNIT and UNCERTAINTY') );
#970 = ( LENGTH_UNIT() NAMED_UNIT(*) SI_UNIT(.MILLI.,.METRE.) );
#971 = ( NAMED_UNIT(*) PLANE_ANGLE_UNIT() SI_UNIT($,.RADIAN.) );
#972 = ( NAMED_UNIT(*) SI_UNIT($,.STERADIAN.) SOLID_ANGLE_UNIT() );
#973 = UNCERTAINTY_MEASURE_WITH_UNIT(LENGTH_MEASURE(1.E-06),#970,
  'distance_accuracy_value','confusion accuracy');
#974 = CONTEXT_DEPENDENT_SHAPE_REPRESENTATION(#975,#977);
#975 = ( REPRESENTATION_RELATIONSHIP('','',#40,#10) 
REPRESENTATION_RELATIONSHIP_WITH_TRANSFORMATION(#976) 
SHAPE_REPRESENTATION_RELATIONSHIP() );
#976 = ITEM_DEFINED_TRANSFORMATION('','',#11,#15);
#977 = PRODUCT_DEFINITION_SHAPE('Placement','Placement of an item',#978
  );
#978 = NEXT_ASSEMBLY_USAGE_OCCURRENCE('1','EC11-Base','',#5,#35,$);
#979 = PRODUCT_RELATED_PRODUCT_CATEGORY('part',$,(#37));
#980 = SHAPE_DEFINITION_REPRESENTATION(#981,#987);
#981 = PRODUCT_DEFINITION_SHAPE('','',#982);
#982 = PRODUCT_DEFINITION('design','',#983,#986);
#983 = PRODUCT_DEFINITION_FORMATION('','',#984);
#984 = PRODUCT('EC11-Shaft-F','EC11-Shaft-F','',(#985));
#985 = PRODUCT_CONTEXT('',#2,'mechanical');
#986 = PRODUCT_DEFINITION_CONTEXT('part definition',#2,'design');
#987 = ADVANCED_BREP_SHAPE_REPRESENTATION('',(#11,#988),#1232);
#988 = MANIFOLD_SOLID_BREP('',#989);
#989 = CLOSED_SHELL('',(#990,#1015,#1102,#1150,#1165,#1179,#1199,#1223)
  );
#990 = ADVANCED_FACE('',(#991),#1010,.T.);
#991 = FACE_BOUND('',#992,.T.);
#992 = EDGE_LOOP('',(#993,#1003));
#993 = ORIENTED_EDGE('',*,*,#994,.F.);
#994 = EDGE_CURVE('',#995,#997,#999,.T.);
#995 = VERTEX_POINT('',#996);
#996 = CARTESIAN_POINT('',(-1.977572263141,0.2986769895,20.));
#997 = VERTEX_POINT('',#998);
#998 = CARTESIAN_POINT('',(4.92624047928E-02,1.999393211821,20.));
#999 = LINE('',#1000,#1001);
#1000 = CARTESIAN_POINT('',(-1.977572263141,0.2986769895,20.));
#1001 = VECTOR('',#1002,1.);
#1002 = DIRECTION('',(0.766044443119,0.642787609687,0.));
#1003 = ORIENTED_EDGE('',*,*,#1004,.F.);
#1004 = EDGE_CURVE('',#997,#995,#1005,.T.);
#1005 = CIRCLE('',#1006,2.);
#1006 = AXIS2_PLACEMENT_3D('',#1007,#1008,#1009);
#1007 = CARTESIAN_POINT('',(1.22E-15,-3.06E-15,20.));
#1008 = DIRECTION('',(-6.E-17,6.E-17,-1.));
#1009 = DIRECTION('',(2.46312023964E-02,0.99969660591,5.850392421083E-17
    ));
#1010 = PLANE('',#1011);
#1011 = AXIS2_PLACEMENT_3D('',#1012,#1013,#1014);
#1012 = CARTESIAN_POINT('',(1.22E-15,-3.06E-15,20.));
#1013 = DIRECTION('',(6.E-17,-6.E-17,1.));
#1014 = DIRECTION('',(0.,-1.,-6.E-17));
#1015 = ADVANCED_FACE('',(#1016),#1097,.T.);
#1016 = FACE_BOUND('',#1017,.T.);
#1017 = EDGE_LOOP('',(#1018,#1049,#1058,#1067,#1096));
#1018 = ORIENTED_EDGE('',*,*,#1019,.T.);
#1019 = EDGE_CURVE('',#995,#1020,#1022,.T.);
#1020 = VERTEX_POINT('',#1021);
#1021 = CARTESIAN_POINT('',(-2.954414996841,-0.520991388066,19.));
#1022 = B_SPLINE_CURVE_WITH_KNOTS('',3,(#1023,#1024,#1025,#1026,#1027,
    #1028,#1029,#1030,#1031,#1032,#1033,#1034,#1035,#1036,#1037,#1038,
    #1039,#1040,#1041,#1042,#1043,#1044,#1045,#1046,#1047,#1048),
  .UNSPECIFIED.,.F.,.F.,(4,1,1,1,1,1,1,1,1,1,1,1,1,1,1,1,1,1,1,1,1,1,1,4
    ),(0.,2.735677579742E-02,5.524945717209E-02,8.367968204925E-02,
    0.113177497349,0.143209443885,0.186083908146,0.230548990335,
    0.276603458522,0.313522379443,0.352024663816,0.393164389255,
    0.435355665449,0.480180319273,0.526583293968,0.575090971267,
    0.624122148505,0.674740187389,0.726421371532,0.779706782989,
    0.83353833144,0.888463830164,0.943949653387,1.),.UNSPECIFIED.);
#1023 = CARTESIAN_POINT('',(-1.977572263141,0.2986769895,20.));
#1024 = CARTESIAN_POINT('',(-1.987024621891,0.290745518759,
    19.991838014281));
#1025 = CARTESIAN_POINT('',(-2.006066758987,0.274767268545,
    19.975266044096));
#1026 = CARTESIAN_POINT('',(-2.034768065458,0.250684012871,
    19.949909885964));
#1027 = CARTESIAN_POINT('',(-2.064064971579,0.22610098975,
    19.923650767874));
#1028 = CARTESIAN_POINT('',(-2.093952910285,0.201022031405,
    19.896482954965));
#1029 = CARTESIAN_POINT('',(-2.128590398733,0.171957727624,
    19.864565944215));
#1030 = CARTESIAN_POINT('',(-2.168078920685,0.138822923418,
    19.827601578181));
#1031 = CARTESIAN_POINT('',(-2.212689454939,0.101390240578,
    19.785109382125));
#1032 = CARTESIAN_POINT('',(-2.255059984683,6.583714469811E-02,
    19.744073850808));
#1033 = CARTESIAN_POINT('',(-2.295246307179,3.211681631343E-02,
    19.70460273222));
#1034 = CARTESIAN_POINT('',(-2.333640699302,-9.990395691603E-05,
    19.666436921481));
#1035 = CARTESIAN_POINT('',(-2.373598926837,-3.362883794386E-02,
    19.626242815471));
#1036 = CARTESIAN_POINT('',(-2.415451720731,-6.874750186411E-02,
    19.583652184126));
#1037 = CARTESIAN_POINT('',(-2.458840058676,-0.105154640231,
    19.538997021514));
#1038 = CARTESIAN_POINT('',(-2.504093184455,-0.143126521382,
    19.491905597507));
#1039 = CARTESIAN_POINT('',(-2.550517632736,-0.182081258812,
    19.443075991601));
#1040 = CARTESIAN_POINT('',(-2.598111426199,-0.222017193353,
    19.39250257868));
#1041 = CARTESIAN_POINT('',(-2.64653673841,-0.262650854969,
    19.340543631966));
#1042 = CARTESIAN_POINT('',(-2.696135158364,-0.304268870859,
    19.286830547836));
#1043 = CARTESIAN_POINT('',(-2.746570557185,-0.346589195408,
    19.231725932371));
#1044 = CARTESIAN_POINT('',(-2.797850333292,-0.389618036626,
    19.175226854558));
#1045 = CARTESIAN_POINT('',(-2.849643338164,-0.433077527912,
    19.117708303951));
#1046 = CARTESIAN_POINT('',(-2.901955360635,-0.476972526674,
    19.05917696168));
#1047 = CARTESIAN_POINT('',(-2.936888600557,-0.506284995408,
    19.019813840517));
#1048 = CARTESIAN_POINT('',(-2.954414996841,-0.520991388066,19.));
#1049 = ORIENTED_EDGE('',*,*,#1050,.F.);
#1050 = EDGE_CURVE('',#1051,#1020,#1053,.T.);
#1051 = VERTEX_POINT('',#1052);
#1052 = CARTESIAN_POINT('',(1.E-15,-3.,19.));
#1053 = CIRCLE('',#1054,3.);
#1054 = AXIS2_PLACEMENT_3D('',#1055,#1056,#1057);
#1055 = CARTESIAN_POINT('',(1.16E-15,-3.E-15,19.));
#1056 = DIRECTION('',(-6.E-17,6.E-17,-1.));
#1057 = DIRECTION('',(0.,-1.,-6.E-17));
#1058 = ORIENTED_EDGE('',*,*,#1059,.F.);
#1059 = EDGE_CURVE('',#1060,#1051,#1062,.T.);
#1060 = VERTEX_POINT('',#1061);
#1061 = CARTESIAN_POINT('',(1.026105138494,2.819061589387,19.));
#1062 = CIRCLE('',#1063,3.);
#1063 = AXIS2_PLACEMENT_3D('',#1064,#1065,#1066);
#1064 = CARTESIAN_POINT('',(1.16E-15,-3.E-15,19.));
#1065 = DIRECTION('',(-6.E-17,6.E-17,-1.));
#1066 = DIRECTION('',(0.342035046165,0.939687196462,3.585912901787E-17)
  );
#1067 = ORIENTED_EDGE('',*,*,#1068,.F.);
#1068 = EDGE_CURVE('',#997,#1060,#1069,.T.);
#1069 = B_SPLINE_CURVE_WITH_KNOTS('',3,(#1070,#1071,#1072,#1073,#1074,
    #1075,#1076,#1077,#1078,#1079,#1080,#1081,#1082,#1083,#1084,#1085,
    #1086,#1087,#1088,#1089,#1090,#1091,#1092,#1093,#1094,#1095),
  .UNSPECIFIED.,.F.,.F.,(4,1,1,1,1,1,1,1,1,1,1,1,1,1,1,1,1,1,1,1,1,1,1,4
    ),(0.,2.735677579742E-02,5.524945717209E-02,8.367968204924E-02,
    0.113177497349,0.143209443885,0.186083908146,0.230548990335,
    0.276603458522,0.313522379443,0.352024663816,0.393164389255,
    0.435355665449,0.480180319273,0.526583293969,0.575090971267,
    0.624122148505,0.674740187389,0.726421371532,0.779706782989,
    0.83353833144,0.888463830164,0.943949653387,1.),.UNSPECIFIED.);
#1070 = CARTESIAN_POINT('',(4.92624047928E-02,1.999393211821,20.));
#1071 = CARTESIAN_POINT('',(5.871476354326E-02,2.007324682562,
    19.991838014281));
#1072 = CARTESIAN_POINT('',(7.7756900639E-02,2.023302932776,
    19.975266044096));
#1073 = CARTESIAN_POINT('',(0.10645820711,2.04738618845,19.949909885964)
  );
#1074 = CARTESIAN_POINT('',(0.135755113231,2.07196921157,19.923650767874
    ));
#1075 = CARTESIAN_POINT('',(0.165643051937,2.097048169916,
    19.896482954965));
#1076 = CARTESIAN_POINT('',(0.200280540385,2.126112473697,
    19.864565944215));
#1077 = CARTESIAN_POINT('',(0.239769062338,2.159247277903,
    19.827601578181));
#1078 = CARTESIAN_POINT('',(0.284379596592,2.196679960742,
    19.785109382125));
#1079 = CARTESIAN_POINT('',(0.326750126335,2.232233056623,
    19.744073850808));
#1080 = CARTESIAN_POINT('',(0.366936448831,2.265953385007,19.70460273222
    ));
#1081 = CARTESIAN_POINT('',(0.405330840955,2.298170105278,
    19.666436921481));
#1082 = CARTESIAN_POINT('',(0.445289068489,2.331699039265,
    19.626242815471));
#1083 = CARTESIAN_POINT('',(0.487141862383,2.366817703185,
    19.583652184126));
#1084 = CARTESIAN_POINT('',(0.530530200329,2.403224841552,
    19.538997021514));
#1085 = CARTESIAN_POINT('',(0.575783326107,2.441196722703,
    19.491905597507));
#1086 = CARTESIAN_POINT('',(0.622207774389,2.480151460133,
    19.443075991601));
#1087 = CARTESIAN_POINT('',(0.669801567851,2.520087394674,19.39250257868
    ));
#1088 = CARTESIAN_POINT('',(0.718226880062,2.56072105629,19.340543631966
    ));
#1089 = CARTESIAN_POINT('',(0.767825300016,2.60233907218,19.286830547836
    ));
#1090 = CARTESIAN_POINT('',(0.818260698837,2.644659396729,
    19.231725932371));
#1091 = CARTESIAN_POINT('',(0.869540474944,2.687688237947,
    19.175226854558));
#1092 = CARTESIAN_POINT('',(0.921333479816,2.731147729233,
    19.117708303951));
#1093 = CARTESIAN_POINT('',(0.973645502288,2.775042727995,19.05917696168
    ));
#1094 = CARTESIAN_POINT('',(1.008578742209,2.804355196729,
    19.019813840517));
#1095 = CARTESIAN_POINT('',(1.026105138494,2.819061589387,19.));
#1096 = ORIENTED_EDGE('',*,*,#1004,.T.);
#1097 = CONICAL_SURFACE('',#1098,2.5,0.785398163397);
#1098 = AXIS2_PLACEMENT_3D('',#1099,#1100,#1101);
#1099 = CARTESIAN_POINT('',(1.19E-15,-3.03E-15,19.5));
#1100 = DIRECTION('',(-6.E-17,6.E-17,-1.));
#1101 = DIRECTION('',(0.,-1.,-6.E-17));
#1102 = ADVANCED_FACE('',(#1103),#1145,.T.);
#1103 = FACE_BOUND('',#1104,.T.);
#1104 = EDGE_LOOP('',(#1105,#1106,#1113,#1120,#1121,#1122,#1130,#1139));
#1105 = ORIENTED_EDGE('',*,*,#1059,.T.);
#1106 = ORIENTED_EDGE('',*,*,#1107,.T.);
#1107 = EDGE_CURVE('',#1051,#1108,#1110,.T.);
#1108 = VERTEX_POINT('',#1109);
#1109 = CARTESIAN_POINT('',(0.,-3.,7.5));
#1110 = B_SPLINE_CURVE_WITH_KNOTS('',1,(#1111,#1112),.UNSPECIFIED.,.F.,
  .F.,(2,2),(0.,11.5),.PIECEWISE_BEZIER_KNOTS.);
#1111 = CARTESIAN_POINT('',(3.83E-15,-3.,19.));
#1112 = CARTESIAN_POINT('',(3.12E-15,-3.,7.5));
#1113 = ORIENTED_EDGE('',*,*,#1114,.F.);
#1114 = EDGE_CURVE('',#1108,#1108,#1115,.T.);
#1115 = CIRCLE('',#1116,3.);
#1116 = AXIS2_PLACEMENT_3D('',#1117,#1118,#1119);
#1117 = CARTESIAN_POINT('',(4.6E-16,-2.3E-15,7.5));
#1118 = DIRECTION('',(-6.E-17,6.E-17,-1.));
#1119 = DIRECTION('',(0.,-1.,-6.E-17));
#1120 = ORIENTED_EDGE('',*,*,#1107,.F.);
#1121 = ORIENTED_EDGE('',*,*,#1050,.T.);
#1122 = ORIENTED_EDGE('',*,*,#1123,.T.);
#1123 = EDGE_CURVE('',#1020,#1124,#1126,.T.);
#1124 = VERTEX_POINT('',#1125);
#1125 = CARTESIAN_POINT('',(-2.954414996841,-0.520991388066,10.));
#1126 = LINE('',#1127,#1128);
#1127 = CARTESIAN_POINT('',(-2.954414996841,-0.520991388066,19.));
#1128 = VECTOR('',#1129,1.);
#1129 = DIRECTION('',(-1.E-16,5.E-17,-1.));
#1130 = ORIENTED_EDGE('',*,*,#1131,.T.);
#1131 = EDGE_CURVE('',#1124,#1132,#1134,.T.);
#1132 = VERTEX_POINT('',#1133);
#1133 = CARTESIAN_POINT('',(1.026105138494,2.819061589387,10.));
#1134 = CIRCLE('',#1135,3.);
#1135 = AXIS2_PLACEMENT_3D('',#1136,#1137,#1138);
#1136 = CARTESIAN_POINT('',(6.1E-16,-2.45E-15,10.));
#1137 = DIRECTION('',(-6.E-17,6.E-17,-1.));
#1138 = DIRECTION('',(-0.984804998947,-0.173663796022,4.86684721755E-17)
  );
#1139 = ORIENTED_EDGE('',*,*,#1140,.F.);
#1140 = EDGE_CURVE('',#1060,#1132,#1141,.T.);
#1141 = LINE('',#1142,#1143);
#1142 = CARTESIAN_POINT('',(1.026105138494,2.819061589387,19.));
#1143 = VECTOR('',#1144,1.);
#1144 = DIRECTION('',(-5.E-17,5.E-17,-1.));
#1145 = CYLINDRICAL_SURFACE('',#1146,3.);
#1146 = AXIS2_PLACEMENT_3D('',#1147,#1148,#1149);
#1147 = CARTESIAN_POINT('',(1.16E-15,-3.E-15,19.));
#1148 = DIRECTION('',(-6.E-17,6.E-17,-1.));
#1149 = DIRECTION('',(0.,-1.,-6.E-17));
#1150 = ADVANCED_FACE('',(#1151),#1160,.T.);
#1151 = FACE_BOUND('',#1152,.T.);
#1152 = EDGE_LOOP('',(#1153,#1154));
#1153 = ORIENTED_EDGE('',*,*,#1131,.F.);
#1154 = ORIENTED_EDGE('',*,*,#1155,.T.);
#1155 = EDGE_CURVE('',#1124,#1132,#1156,.T.);
#1156 = LINE('',#1157,#1158);
#1157 = CARTESIAN_POINT('',(-2.954414996841,-0.520991388066,10.));
#1158 = VECTOR('',#1159,1.);
#1159 = DIRECTION('',(0.766044443119,0.642787609687,0.));
#1160 = PLANE('',#1161);
#1161 = AXIS2_PLACEMENT_3D('',#1162,#1163,#1164);
#1162 = CARTESIAN_POINT('',(-6.1E-16,6.1E-16,10.));
#1163 = DIRECTION('',(6.E-17,-6.E-17,1.));
#1164 = DIRECTION('',(1.,0.,-6.E-17));
#1165 = ADVANCED_FACE('',(#1166),#1174,.F.);
#1166 = FACE_BOUND('',#1167,.T.);
#1167 = EDGE_LOOP('',(#1168,#1169,#1170,#1171,#1172,#1173));
#1168 = ORIENTED_EDGE('',*,*,#1140,.T.);
#1169 = ORIENTED_EDGE('',*,*,#1155,.F.);
#1170 = ORIENTED_EDGE('',*,*,#1123,.F.);
#1171 = ORIENTED_EDGE('',*,*,#1019,.F.);
#1172 = ORIENTED_EDGE('',*,*,#994,.T.);
#1173 = ORIENTED_EDGE('',*,*,#1068,.T.);
#1174 = PLANE('',#1175);
#1175 = AXIS2_PLACEMENT_3D('',#1176,#1177,#1178);
#1176 = CARTESIAN_POINT('',(-2.954414996841,-0.520991388066,10.));
#1177 = DIRECTION('',(0.642787609687,-0.766044443119,-8.E-17));
#1178 = DIRECTION('',(0.766044443119,0.642787609687,-6.162975822039E-33)
  );
#1179 = ADVANCED_FACE('',(#1180,#1183),#1194,.T.);
#1180 = FACE_BOUND('',#1181,.T.);
#1181 = EDGE_LOOP('',(#1182));
#1182 = ORIENTED_EDGE('',*,*,#1114,.T.);
#1183 = FACE_BOUND('',#1184,.T.);
#1184 = EDGE_LOOP('',(#1185));
#1185 = ORIENTED_EDGE('',*,*,#1186,.F.);
#1186 = EDGE_CURVE('',#1187,#1187,#1189,.T.);
#1187 = VERTEX_POINT('',#1188);
#1188 = CARTESIAN_POINT('',(0.,-1.5,7.5));
#1189 = CIRCLE('',#1190,1.5);
#1190 = AXIS2_PLACEMENT_3D('',#1191,#1192,#1193);
#1191 = CARTESIAN_POINT('',(4.6E-16,-2.3E-15,7.5));
#1192 = DIRECTION('',(-6.E-17,6.E-17,-1.));
#1193 = DIRECTION('',(0.,-1.,-6.E-17));
#1194 = PLANE('',#1195);
#1195 = AXIS2_PLACEMENT_3D('',#1196,#1197,#1198);
#1196 = CARTESIAN_POINT('',(4.6E-16,-2.3E-15,7.5));
#1197 = DIRECTION('',(-6.E-17,6.E-17,-1.));
#1198 = DIRECTION('',(0.,-1.,-6.E-17));
#1199 = ADVANCED_FACE('',(#1200),#1218,.T.);
#1200 = FACE_BOUND('',#1201,.T.);
#1201 = EDGE_LOOP('',(#1202,#1203,#1210,#1217));
#1202 = ORIENTED_EDGE('',*,*,#1186,.T.);
#1203 = ORIENTED_EDGE('',*,*,#1204,.T.);
#1204 = EDGE_CURVE('',#1187,#1205,#1207,.T.);
#1205 = VERTEX_POINT('',#1206);
#1206 = CARTESIAN_POINT('',(-0.,-1.5,-1.7));
#1207 = B_SPLINE_CURVE_WITH_KNOTS('',1,(#1208,#1209),.UNSPECIFIED.,.F.,
  .F.,(2,2),(0.,9.2),.PIECEWISE_BEZIER_KNOTS.);
#1208 = CARTESIAN_POINT('',(4.6E-16,-1.5,7.5));
#1209 = CARTESIAN_POINT('',(-1.E-16,-1.5,-1.7));
#1210 = ORIENTED_EDGE('',*,*,#1211,.F.);
#1211 = EDGE_CURVE('',#1205,#1205,#1212,.T.);
#1212 = CIRCLE('',#1213,1.5);
#1213 = AXIS2_PLACEMENT_3D('',#1214,#1215,#1216);
#1214 = CARTESIAN_POINT('',(-1.E-16,-1.73E-15,-1.7));
#1215 = DIRECTION('',(-6.E-17,6.E-17,-1.));
#1216 = DIRECTION('',(0.,-1.,-6.E-17));
#1217 = ORIENTED_EDGE('',*,*,#1204,.F.);
#1218 = CYLINDRICAL_SURFACE('',#1219,1.5);
#1219 = AXIS2_PLACEMENT_3D('',#1220,#1221,#1222);
#1220 = CARTESIAN_POINT('',(4.6E-16,-2.3E-15,7.5));
#1221 = DIRECTION('',(-6.E-17,6.E-17,-1.));
#1222 = DIRECTION('',(0.,-1.,-6.E-17));
#1223 = ADVANCED_FACE('',(#1224),#1227,.T.);
#1224 = FACE_BOUND('',#1225,.T.);
#1225 = EDGE_LOOP('',(#1226));
#1226 = ORIENTED_EDGE('',*,*,#1211,.T.);
#1227 = PLANE('',#1228);
#1228 = AXIS2_PLACEMENT_3D('',#1229,#1230,#1231);
#1229 = CARTESIAN_POINT('',(-1.E-16,-1.73E-15,-1.7));
#1230 = DIRECTION('',(-6.E-17,6.E-17,-1.));
#1231 = DIRECTION('',(0.,-1.,-6.E-17));
#1232 = ( GEOMETRIC_REPRESENTATION_CONTEXT(3) 
GLOBAL_UNCERTAINTY_ASSIGNED_CONTEXT((#1236)) 
GLOBAL_UNIT_ASSIGNED_CONTEXT((#1233,#1234,#1235)) REPRESENTATION_CONTEXT
('Context #1','3D Context with UNIT and UNCERTAINTY') );
#1233 = ( LENGTH_UNIT() NAMED_UNIT(*) SI_UNIT(.MILLI.,.METRE.) );
#1234 = ( NAMED_UNIT(*) PLANE_ANGLE_UNIT() SI_UNIT($,.RADIAN.) );
#1235 = ( NAMED_UNIT(*) SI_UNIT($,.STERADIAN.) SOLID_ANGLE_UNIT() );
#1236 = UNCERTAINTY_MEASURE_WITH_UNIT(LENGTH_MEASURE(2.E-06),#1233,
  'distance_accuracy_value','confusion accuracy');
#1237 = CONTEXT_DEPENDENT_SHAPE_REPRESENTATION(#1238,#1240);
#1238 = ( REPRESENTATION_RELATIONSHIP('','',#987,#10) 
REPRESENTATION_RELATIONSHIP_WITH_TRANSFORMATION(#1239) 
SHAPE_REPRESENTATION_RELATIONSHIP() );
#1239 = ITEM_DEFINED_TRANSFORMATION('','',#11,#19);
#1240 = PRODUCT_DEFINITION_SHAPE('Placement','Placement of an item',
  #1241);
#1241 = NEXT_ASSEMBLY_USAGE_OCCURRENCE('2','EC11-Shaft-F','',#5,#982,$);
#1242 = PRODUCT_RELATED_PRODUCT_CATEGORY('part',$,(#984));
#1243 = SHAPE_DEFINITION_REPRESENTATION(#1244,#1250);
#1244 = PRODUCT_DEFINITION_SHAPE('','',#1245);
#1245 = PRODUCT_DEFINITION('design','',#1246,#1249);
#1246 = PRODUCT_DEFINITION_FORMATION('','',#1247);
#1247 = PRODUCT('EC11-Housing-THT007','EC11-Housing-THT007','',(#1248));
#1248 = PRODUCT_CONTEXT('',#2,'mechanical');
#1249 = PRODUCT_DEFINITION_CONTEXT('part definition',#2,'design');
#1250 = SHAPE_REPRESENTATION('',(#11,#1251,#1255,#1259,#1263,#1267,#1271
    ,#1275),#1279);
#1251 = AXIS2_PLACEMENT_3D('',#1252,#1253,#1254);
#1252 = CARTESIAN_POINT('',(0.,0.,2.8));
#1253 = DIRECTION('',(0.,0.,1.));
#1254 = DIRECTION('',(1.,0.,0.));
#1255 = AXIS2_PLACEMENT_3D('',#1256,#1257,#1258);
#1256 = CARTESIAN_POINT('',(0.,0.,2.8));
#1257 = DIRECTION('',(0.,0.,1.));
#1258 = DIRECTION('',(1.,0.,0.));
#1259 = AXIS2_PLACEMENT_3D('',#1260,#1261,#1262);
#1260 = CARTESIAN_POINT('',(0.,0.,2.8));
#1261 = DIRECTION('',(0.,0.,1.));
#1262 = DIRECTION('',(1.,0.,0.));
#1263 = AXIS2_PLACEMENT_3D('',#1264,#1265,#1266);
#1264 = CARTESIAN_POINT('',(0.,0.,2.8));
#1265 = DIRECTION('',(0.,0.,1.));
#1266 = DIRECTION('',(1.,0.,0.));
#1267 = AXIS2_PLACEMENT_3D('',#1268,#1269,#1270);
#1268 = CARTESIAN_POINT('',(0.,0.,2.8));
#1269 = DIRECTION('',(0.,0.,1.));
#1270 = DIRECTION('',(1.,0.,0.));
#1271 = AXIS2_PLACEMENT_3D('',#1272,#1273,#1274);
#1272 = CARTESIAN_POINT('',(0.,0.,2.8));
#1273 = DIRECTION('',(0.,0.,1.));
#1274 = DIRECTION('',(1.,0.,0.));
#1275 = AXIS2_PLACEMENT_3D('',#1276,#1277,#1278);
#1276 = CARTESIAN_POINT('',(0.,0.,2.8));
#1277 = DIRECTION('',(0.,0.,1.));
#1278 = DIRECTION('',(1.,0.,0.));
#1279 = ( GEOMETRIC_REPRESENTATION_CONTEXT(3) 
GLOBAL_UNCERTAINTY_ASSIGNED_CONTEXT((#1283)) 
GLOBAL_UNIT_ASSIGNED_CONTEXT((#1280,#1281,#1282)) REPRESENTATION_CONTEXT
('Context #1','3D Context with UNIT and UNCERTAINTY') );
#1280 = ( LENGTH_UNIT() NAMED_UNIT(*) SI_UNIT(.MILLI.,.METRE.) );
#1281 = ( NAMED_UNIT(*) PLANE_ANGLE_UNIT() SI_UNIT($,.RADIAN.) );
#1282 = ( NAMED_UNIT(*) SI_UNIT($,.STERADIAN.) SOLID_ANGLE_UNIT() );
#1283 = UNCERTAINTY_MEASURE_WITH_UNIT(LENGTH_MEASURE(2.E-07),#1280,
  'distance_accuracy_value','confusion accuracy');
#1284 = CONTEXT_DEPENDENT_SHAPE_REPRESENTATION(#1285,#1287);
#1285 = ( REPRESENTATION_RELATIONSHIP('','',#1250,#10) 
REPRESENTATION_RELATIONSHIP_WITH_TRANSFORMATION(#1286) 
SHAPE_REPRESENTATION_RELATIONSHIP() );
#1286 = ITEM_DEFINED_TRANSFORMATION('','',#11,#23);
#1287 = PRODUCT_DEFINITION_SHAPE('Placement','Placement of an item',
  #1288);
#1288 = NEXT_ASSEMBLY_USAGE_OCCURRENCE('10','EC11-Housing-THT007','',#5,
  #1245,$);
#1289 = PRODUCT_RELATED_PRODUCT_CATEGORY('part',$,(#1247));
#1290 = SHAPE_DEFINITION_REPRESENTATION(#1291,#1297);
#1291 = PRODUCT_DEFINITION_SHAPE('','',#1292);
#1292 = PRODUCT_DEFINITION('design','',#1293,#1296);
#1293 = PRODUCT_DEFINITION_FORMATION('','',#1294);
#1294 = PRODUCT('EC11-Housing-THT','EC11-Housing-THT','',(#1295));
#1295 = PRODUCT_CONTEXT('',#2,'mechanical');
#1296 = PRODUCT_DEFINITION_CONTEXT('part definition',#2,'design');
#1297 = ADVANCED_BREP_SHAPE_REPRESENTATION('',(#11,#1298),#2786);
#1298 = MANIFOLD_SOLID_BREP('',#1299);
#1299 = CLOSED_SHELL('',(#1300,#1374,#1405,#1429,#1453,#1470,#1761,#1786
    ,#1909,#1926,#1938,#1969,#1993,#2017,#2048,#2060,#2077,#2110,#2134,
    #2158,#2182,#2245,#2269,#2293,#2310,#2334,#2358,#2382,#2406,#2423,
    #2440,#2457,#2474,#2491,#2524,#2548,#2572,#2596,#2645,#2669,#2693,
    #2710,#2723,#2736,#2749,#2761,#2774));
#1300 = ADVANCED_FACE('',(#1301,#1335),#1369,.T.);
#1301 = FACE_BOUND('',#1302,.T.);
#1302 = EDGE_LOOP('',(#1303,#1313,#1321,#1329));
#1303 = ORIENTED_EDGE('',*,*,#1304,.T.);
#1304 = EDGE_CURVE('',#1305,#1307,#1309,.T.);
#1305 = VERTEX_POINT('',#1306);
#1306 = CARTESIAN_POINT('',(-4.85,-6.,-2.8));
#1307 = VERTEX_POINT('',#1308);
#1308 = CARTESIAN_POINT('',(4.85,-6.,-2.8));
#1309 = LINE('',#1310,#1311);
#1310 = CARTESIAN_POINT('',(-4.85,-6.,-2.8));
#1311 = VECTOR('',#1312,1.);
#1312 = DIRECTION('',(1.,-9.E-17,0.));
#1313 = ORIENTED_EDGE('',*,*,#1314,.T.);
#1314 = EDGE_CURVE('',#1307,#1315,#1317,.T.);
#1315 = VERTEX_POINT('',#1316);
#1316 = CARTESIAN_POINT('',(4.85,-6.,0.));
#1317 = LINE('',#1318,#1319);
#1318 = CARTESIAN_POINT('',(4.85,-6.,-2.8));
#1319 = VECTOR('',#1320,1.);
#1320 = DIRECTION('',(0.,0.,1.));
#1321 = ORIENTED_EDGE('',*,*,#1322,.F.);
#1322 = EDGE_CURVE('',#1323,#1315,#1325,.T.);
#1323 = VERTEX_POINT('',#1324);
#1324 = CARTESIAN_POINT('',(-4.85,-6.,0.));
#1325 = LINE('',#1326,#1327);
#1326 = CARTESIAN_POINT('',(-4.85,-6.,0.));
#1327 = VECTOR('',#1328,1.);
#1328 = DIRECTION('',(1.,-9.E-17,0.));
#1329 = ORIENTED_EDGE('',*,*,#1330,.F.);
#1330 = EDGE_CURVE('',#1305,#1323,#1331,.T.);
#1331 = LINE('',#1332,#1333);
#1332 = CARTESIAN_POINT('',(-4.85,-6.,-2.8));
#1333 = VECTOR('',#1334,1.);
#1334 = DIRECTION('',(0.,0.,1.));
#1335 = FACE_BOUND('',#1336,.T.);
#1336 = EDGE_LOOP('',(#1337,#1347,#1355,#1363));
#1337 = ORIENTED_EDGE('',*,*,#1338,.F.);
#1338 = EDGE_CURVE('',#1339,#1341,#1343,.T.);
#1339 = VERTEX_POINT('',#1340);
#1340 = CARTESIAN_POINT('',(1.25,-6.,-0.9));
#1341 = VERTEX_POINT('',#1342);
#1342 = CARTESIAN_POINT('',(-1.25,-6.,-0.9));
#1343 = LINE('',#1344,#1345);
#1344 = CARTESIAN_POINT('',(1.25,-6.,-0.9));
#1345 = VECTOR('',#1346,1.);
#1346 = DIRECTION('',(-1.,3.6E-16,0.));
#1347 = ORIENTED_EDGE('',*,*,#1348,.F.);
#1348 = EDGE_CURVE('',#1349,#1339,#1351,.T.);
#1349 = VERTEX_POINT('',#1350);
#1350 = CARTESIAN_POINT('',(1.25,-6.,-2.1));
#1351 = LINE('',#1352,#1353);
#1352 = CARTESIAN_POINT('',(1.25,-6.,-2.1));
#1353 = VECTOR('',#1354,1.);
#1354 = DIRECTION('',(0.,0.,1.));
#1355 = ORIENTED_EDGE('',*,*,#1356,.F.);
#1356 = EDGE_CURVE('',#1357,#1349,#1359,.T.);
#1357 = VERTEX_POINT('',#1358);
#1358 = CARTESIAN_POINT('',(-1.25,-6.,-2.1));
#1359 = LINE('',#1360,#1361);
#1360 = CARTESIAN_POINT('',(-1.25,-6.,-2.1));
#1361 = VECTOR('',#1362,1.);
#1362 = DIRECTION('',(1.,-3.6E-16,0.));
#1363 = ORIENTED_EDGE('',*,*,#1364,.F.);
#1364 = EDGE_CURVE('',#1341,#1357,#1365,.T.);
#1365 = LINE('',#1366,#1367);
#1366 = CARTESIAN_POINT('',(-1.25,-6.,-0.9));
#1367 = VECTOR('',#1368,1.);
#1368 = DIRECTION('',(0.,0.,-1.));
#1369 = PLANE('',#1370);
#1370 = AXIS2_PLACEMENT_3D('',#1371,#1372,#1373);
#1371 = CARTESIAN_POINT('',(-4.85,-6.,-2.8));
#1372 = DIRECTION('',(-9.E-17,-1.,0.));
#1373 = DIRECTION('',(1.,-9.E-17,0.));
#1374 = ADVANCED_FACE('',(#1375),#1400,.T.);
#1375 = FACE_BOUND('',#1376,.T.);
#1376 = EDGE_LOOP('',(#1377,#1378,#1386,#1394));
#1377 = ORIENTED_EDGE('',*,*,#1348,.T.);
#1378 = ORIENTED_EDGE('',*,*,#1379,.T.);
#1379 = EDGE_CURVE('',#1339,#1380,#1382,.T.);
#1380 = VERTEX_POINT('',#1381);
#1381 = CARTESIAN_POINT('',(1.25,-6.3,-0.9));
#1382 = LINE('',#1383,#1384);
#1383 = CARTESIAN_POINT('',(1.25,-6.,-0.9));
#1384 = VECTOR('',#1385,1.);
#1385 = DIRECTION('',(-7.4E-16,-1.,0.));
#1386 = ORIENTED_EDGE('',*,*,#1387,.F.);
#1387 = EDGE_CURVE('',#1388,#1380,#1390,.T.);
#1388 = VERTEX_POINT('',#1389);
#1389 = CARTESIAN_POINT('',(1.25,-6.3,-2.1));
#1390 = LINE('',#1391,#1392);
#1391 = CARTESIAN_POINT('',(1.25,-6.3,-2.1));
#1392 = VECTOR('',#1393,1.);
#1393 = DIRECTION('',(1.9E-16,0.,1.));
#1394 = ORIENTED_EDGE('',*,*,#1395,.F.);
#1395 = EDGE_CURVE('',#1349,#1388,#1396,.T.);
#1396 = LINE('',#1397,#1398);
#1397 = CARTESIAN_POINT('',(1.25,-6.,-2.1));
#1398 = VECTOR('',#1399,1.);
#1399 = DIRECTION('',(0.,-1.,0.));
#1400 = PLANE('',#1401);
#1401 = AXIS2_PLACEMENT_3D('',#1402,#1403,#1404);
#1402 = CARTESIAN_POINT('',(1.25,-6.,-2.1));
#1403 = DIRECTION('',(1.,-7.4E-16,-1.9E-16));
#1404 = DIRECTION('',(1.9E-16,0.,1.));
#1405 = ADVANCED_FACE('',(#1406),#1424,.T.);
#1406 = FACE_BOUND('',#1407,.T.);
#1407 = EDGE_LOOP('',(#1408,#1409,#1410,#1418));
#1408 = ORIENTED_EDGE('',*,*,#1356,.T.);
#1409 = ORIENTED_EDGE('',*,*,#1395,.T.);
#1410 = ORIENTED_EDGE('',*,*,#1411,.F.);
#1411 = EDGE_CURVE('',#1412,#1388,#1414,.T.);
#1412 = VERTEX_POINT('',#1413);
#1413 = CARTESIAN_POINT('',(-1.25,-6.3,-2.1));
#1414 = LINE('',#1415,#1416);
#1415 = CARTESIAN_POINT('',(-1.25,-6.3,-2.1));
#1416 = VECTOR('',#1417,1.);
#1417 = DIRECTION('',(1.,0.,0.));
#1418 = ORIENTED_EDGE('',*,*,#1419,.F.);
#1419 = EDGE_CURVE('',#1357,#1412,#1420,.T.);
#1420 = LINE('',#1421,#1422);
#1421 = CARTESIAN_POINT('',(-1.25,-6.,-2.1));
#1422 = VECTOR('',#1423,1.);
#1423 = DIRECTION('',(-7.4E-16,-1.,0.));
#1424 = PLANE('',#1425);
#1425 = AXIS2_PLACEMENT_3D('',#1426,#1427,#1428);
#1426 = CARTESIAN_POINT('',(-1.25,-6.,-2.1));
#1427 = DIRECTION('',(0.,0.,-1.));
#1428 = DIRECTION('',(1.,0.,0.));
#1429 = ADVANCED_FACE('',(#1430),#1448,.T.);
#1430 = FACE_BOUND('',#1431,.T.);
#1431 = EDGE_LOOP('',(#1432,#1433,#1434,#1442));
#1432 = ORIENTED_EDGE('',*,*,#1364,.T.);
#1433 = ORIENTED_EDGE('',*,*,#1419,.T.);
#1434 = ORIENTED_EDGE('',*,*,#1435,.F.);
#1435 = EDGE_CURVE('',#1436,#1412,#1438,.T.);
#1436 = VERTEX_POINT('',#1437);
#1437 = CARTESIAN_POINT('',(-1.25,-6.3,-0.9));
#1438 = LINE('',#1439,#1440);
#1439 = CARTESIAN_POINT('',(-1.25,-6.3,-0.9));
#1440 = VECTOR('',#1441,1.);
#1441 = DIRECTION('',(-1.9E-16,0.,-1.));
#1442 = ORIENTED_EDGE('',*,*,#1443,.F.);
#1443 = EDGE_CURVE('',#1341,#1436,#1444,.T.);
#1444 = LINE('',#1445,#1446);
#1445 = CARTESIAN_POINT('',(-1.25,-6.,-0.9));
#1446 = VECTOR('',#1447,1.);
#1447 = DIRECTION('',(0.,-1.,0.));
#1448 = PLANE('',#1449);
#1449 = AXIS2_PLACEMENT_3D('',#1450,#1451,#1452);
#1450 = CARTESIAN_POINT('',(-1.25,-6.,-0.9));
#1451 = DIRECTION('',(-1.,7.4E-16,1.9E-16));
#1452 = DIRECTION('',(-1.9E-16,0.,-1.));
#1453 = ADVANCED_FACE('',(#1454),#1465,.T.);
#1454 = FACE_BOUND('',#1455,.T.);
#1455 = EDGE_LOOP('',(#1456,#1457,#1458,#1464));
#1456 = ORIENTED_EDGE('',*,*,#1338,.T.);
#1457 = ORIENTED_EDGE('',*,*,#1443,.T.);
#1458 = ORIENTED_EDGE('',*,*,#1459,.F.);
#1459 = EDGE_CURVE('',#1380,#1436,#1460,.T.);
#1460 = LINE('',#1461,#1462);
#1461 = CARTESIAN_POINT('',(1.25,-6.3,-0.9));
#1462 = VECTOR('',#1463,1.);
#1463 = DIRECTION('',(-1.,0.,0.));
#1464 = ORIENTED_EDGE('',*,*,#1379,.F.);
#1465 = PLANE('',#1466);
#1466 = AXIS2_PLACEMENT_3D('',#1467,#1468,#1469);
#1467 = CARTESIAN_POINT('',(1.25,-6.,-0.9));
#1468 = DIRECTION('',(0.,0.,1.));
#1469 = DIRECTION('',(-1.,0.,0.));
#1470 = ADVANCED_FACE('',(#1471),#1756,.F.);
#1471 = FACE_BOUND('',#1472,.T.);
#1472 = EDGE_LOOP('',(#1473,#1483,#1491,#1499,#1507,#1515,#1522,#1523,
    #1532,#1540,#1548,#1556,#1564,#1572,#1580,#1588,#1596,#1604,#1612,
    #1620,#1628,#1636,#1644,#1652,#1661,#1669,#1678,#1686,#1694,#1702,
    #1710,#1718,#1726,#1734,#1742,#1750));
#1473 = ORIENTED_EDGE('',*,*,#1474,.T.);
#1474 = EDGE_CURVE('',#1475,#1477,#1479,.T.);
#1475 = VERTEX_POINT('',#1476);
#1476 = CARTESIAN_POINT('',(5.45,-2.15,-2.8));
#1477 = VERTEX_POINT('',#1478);
#1478 = CARTESIAN_POINT('',(3.85,-2.15,-2.8));
#1479 = LINE('',#1480,#1481);
#1480 = CARTESIAN_POINT('',(5.45,-2.15,-2.8));
#1481 = VECTOR('',#1482,1.);
#1482 = DIRECTION('',(-1.,0.,0.));
#1483 = ORIENTED_EDGE('',*,*,#1484,.T.);
#1484 = EDGE_CURVE('',#1477,#1485,#1487,.T.);
#1485 = VERTEX_POINT('',#1486);
#1486 = CARTESIAN_POINT('',(2.75,-3.25,-2.8));
#1487 = LINE('',#1488,#1489);
#1488 = CARTESIAN_POINT('',(3.85,-2.15,-2.8));
#1489 = VECTOR('',#1490,1.);
#1490 = DIRECTION('',(-0.707106781187,-0.707106781187,0.));
#1491 = ORIENTED_EDGE('',*,*,#1492,.T.);
#1492 = EDGE_CURVE('',#1485,#1493,#1495,.T.);
#1493 = VERTEX_POINT('',#1494);
#1494 = CARTESIAN_POINT('',(2.75,-4.55,-2.8));
#1495 = LINE('',#1496,#1497);
#1496 = CARTESIAN_POINT('',(2.75,-3.25,-2.8));
#1497 = VECTOR('',#1498,1.);
#1498 = DIRECTION('',(-3.4E-16,-1.,0.));
#1499 = ORIENTED_EDGE('',*,*,#1500,.T.);
#1500 = EDGE_CURVE('',#1493,#1501,#1503,.T.);
#1501 = VERTEX_POINT('',#1502);
#1502 = CARTESIAN_POINT('',(5.85,-4.55,-2.8));
#1503 = LINE('',#1504,#1505);
#1504 = CARTESIAN_POINT('',(2.75,-4.55,-2.8));
#1505 = VECTOR('',#1506,1.);
#1506 = DIRECTION('',(1.,-2.9E-16,0.));
#1507 = ORIENTED_EDGE('',*,*,#1508,.F.);
#1508 = EDGE_CURVE('',#1509,#1501,#1511,.T.);
#1509 = VERTEX_POINT('',#1510);
#1510 = CARTESIAN_POINT('',(5.85,-5.,-2.8));
#1511 = LINE('',#1512,#1513);
#1512 = CARTESIAN_POINT('',(5.85,-5.,-2.8));
#1513 = VECTOR('',#1514,1.);
#1514 = DIRECTION('',(0.,1.,0.));
#1515 = ORIENTED_EDGE('',*,*,#1516,.F.);
#1516 = EDGE_CURVE('',#1307,#1509,#1517,.T.);
#1517 = CIRCLE('',#1518,1.);
#1518 = AXIS2_PLACEMENT_3D('',#1519,#1520,#1521);
#1519 = CARTESIAN_POINT('',(4.85,-5.,-2.8));
#1520 = DIRECTION('',(0.,0.,1.));
#1521 = DIRECTION('',(0.,-1.,0.));
#1522 = ORIENTED_EDGE('',*,*,#1304,.F.);
#1523 = ORIENTED_EDGE('',*,*,#1524,.F.);
#1524 = EDGE_CURVE('',#1525,#1305,#1527,.T.);
#1525 = VERTEX_POINT('',#1526);
#1526 = CARTESIAN_POINT('',(-5.85,-5.,-2.8));
#1527 = CIRCLE('',#1528,1.);
#1528 = AXIS2_PLACEMENT_3D('',#1529,#1530,#1531);
#1529 = CARTESIAN_POINT('',(-4.85,-5.,-2.8));
#1530 = DIRECTION('',(0.,0.,1.));
#1531 = DIRECTION('',(-1.,0.,0.));
#1532 = ORIENTED_EDGE('',*,*,#1533,.F.);
#1533 = EDGE_CURVE('',#1534,#1525,#1536,.T.);
#1534 = VERTEX_POINT('',#1535);
#1535 = CARTESIAN_POINT('',(-5.85,-4.55,-2.8));
#1536 = LINE('',#1537,#1538);
#1537 = CARTESIAN_POINT('',(-5.85,-4.55,-2.8));
#1538 = VECTOR('',#1539,1.);
#1539 = DIRECTION('',(0.,-1.,0.));
#1540 = ORIENTED_EDGE('',*,*,#1541,.T.);
#1541 = EDGE_CURVE('',#1534,#1542,#1544,.T.);
#1542 = VERTEX_POINT('',#1543);
#1543 = CARTESIAN_POINT('',(-2.75,-4.55,-2.8));
#1544 = LINE('',#1545,#1546);
#1545 = CARTESIAN_POINT('',(-5.85,-4.55,-2.8));
#1546 = VECTOR('',#1547,1.);
#1547 = DIRECTION('',(1.,2.9E-16,0.));
#1548 = ORIENTED_EDGE('',*,*,#1549,.T.);
#1549 = EDGE_CURVE('',#1542,#1550,#1552,.T.);
#1550 = VERTEX_POINT('',#1551);
#1551 = CARTESIAN_POINT('',(-2.75,-3.25,-2.8));
#1552 = LINE('',#1553,#1554);
#1553 = CARTESIAN_POINT('',(-2.75,-4.55,-2.8));
#1554 = VECTOR('',#1555,1.);
#1555 = DIRECTION('',(3.4E-16,1.,0.));
#1556 = ORIENTED_EDGE('',*,*,#1557,.T.);
#1557 = EDGE_CURVE('',#1550,#1558,#1560,.T.);
#1558 = VERTEX_POINT('',#1559);
#1559 = CARTESIAN_POINT('',(-3.85,-2.15,-2.8));
#1560 = LINE('',#1561,#1562);
#1561 = CARTESIAN_POINT('',(-2.75,-3.25,-2.8));
#1562 = VECTOR('',#1563,1.);
#1563 = DIRECTION('',(-0.707106781187,0.707106781187,0.));
#1564 = ORIENTED_EDGE('',*,*,#1565,.T.);
#1565 = EDGE_CURVE('',#1558,#1566,#1568,.T.);
#1566 = VERTEX_POINT('',#1567);
#1567 = CARTESIAN_POINT('',(-5.45,-2.15,-2.8));
#1568 = LINE('',#1569,#1570);
#1569 = CARTESIAN_POINT('',(-3.85,-2.15,-2.8));
#1570 = VECTOR('',#1571,1.);
#1571 = DIRECTION('',(-1.,0.,0.));
#1572 = ORIENTED_EDGE('',*,*,#1573,.F.);
#1573 = EDGE_CURVE('',#1574,#1566,#1576,.T.);
#1574 = VERTEX_POINT('',#1575);
#1575 = CARTESIAN_POINT('',(-5.45,-1.5,-2.8));
#1576 = LINE('',#1577,#1578);
#1577 = CARTESIAN_POINT('',(-5.45,-1.5,-2.8));
#1578 = VECTOR('',#1579,1.);
#1579 = DIRECTION('',(0.,-1.,0.));
#1580 = ORIENTED_EDGE('',*,*,#1581,.T.);
#1581 = EDGE_CURVE('',#1574,#1582,#1584,.T.);
#1582 = VERTEX_POINT('',#1583);
#1583 = CARTESIAN_POINT('',(-4.65,-1.5,-2.8));
#1584 = LINE('',#1585,#1586);
#1585 = CARTESIAN_POINT('',(-5.45,-1.5,-2.8));
#1586 = VECTOR('',#1587,1.);
#1587 = DIRECTION('',(1.,0.,0.));
#1588 = ORIENTED_EDGE('',*,*,#1589,.T.);
#1589 = EDGE_CURVE('',#1582,#1590,#1592,.T.);
#1590 = VERTEX_POINT('',#1591);
#1591 = CARTESIAN_POINT('',(-4.65,1.5,-2.8));
#1592 = LINE('',#1593,#1594);
#1593 = CARTESIAN_POINT('',(-4.65,-1.5,-2.8));
#1594 = VECTOR('',#1595,1.);
#1595 = DIRECTION('',(0.,1.,0.));
#1596 = ORIENTED_EDGE('',*,*,#1597,.T.);
#1597 = EDGE_CURVE('',#1590,#1598,#1600,.T.);
#1598 = VERTEX_POINT('',#1599);
#1599 = CARTESIAN_POINT('',(-5.45,1.5,-2.8));
#1600 = LINE('',#1601,#1602);
#1601 = CARTESIAN_POINT('',(-4.65,1.5,-2.8));
#1602 = VECTOR('',#1603,1.);
#1603 = DIRECTION('',(-1.,0.,0.));
#1604 = ORIENTED_EDGE('',*,*,#1605,.F.);
#1605 = EDGE_CURVE('',#1606,#1598,#1608,.T.);
#1606 = VERTEX_POINT('',#1607);
#1607 = CARTESIAN_POINT('',(-5.45,2.15,-2.8));
#1608 = LINE('',#1609,#1610);
#1609 = CARTESIAN_POINT('',(-5.45,2.15,-2.8));
#1610 = VECTOR('',#1611,1.);
#1611 = DIRECTION('',(0.,-1.,0.));
#1612 = ORIENTED_EDGE('',*,*,#1613,.T.);
#1613 = EDGE_CURVE('',#1606,#1614,#1616,.T.);
#1614 = VERTEX_POINT('',#1615);
#1615 = CARTESIAN_POINT('',(-3.85,2.15,-2.8));
#1616 = LINE('',#1617,#1618);
#1617 = CARTESIAN_POINT('',(-5.45,2.15,-2.8));
#1618 = VECTOR('',#1619,1.);
#1619 = DIRECTION('',(1.,-2.8E-16,0.));
#1620 = ORIENTED_EDGE('',*,*,#1621,.T.);
#1621 = EDGE_CURVE('',#1614,#1622,#1624,.T.);
#1622 = VERTEX_POINT('',#1623);
#1623 = CARTESIAN_POINT('',(-2.75,3.25,-2.8));
#1624 = LINE('',#1625,#1626);
#1625 = CARTESIAN_POINT('',(-3.85,2.15,-2.8));
#1626 = VECTOR('',#1627,1.);
#1627 = DIRECTION('',(0.707106781187,0.707106781187,0.));
#1628 = ORIENTED_EDGE('',*,*,#1629,.T.);
#1629 = EDGE_CURVE('',#1622,#1630,#1632,.T.);
#1630 = VERTEX_POINT('',#1631);
#1631 = CARTESIAN_POINT('',(-2.75,4.55,-2.8));
#1632 = LINE('',#1633,#1634);
#1633 = CARTESIAN_POINT('',(-2.75,3.25,-2.8));
#1634 = VECTOR('',#1635,1.);
#1635 = DIRECTION('',(3.4E-16,1.,0.));
#1636 = ORIENTED_EDGE('',*,*,#1637,.T.);
#1637 = EDGE_CURVE('',#1630,#1638,#1640,.T.);
#1638 = VERTEX_POINT('',#1639);
#1639 = CARTESIAN_POINT('',(-5.85,4.55,-2.8));
#1640 = LINE('',#1641,#1642);
#1641 = CARTESIAN_POINT('',(-2.75,4.55,-2.8));
#1642 = VECTOR('',#1643,1.);
#1643 = DIRECTION('',(-1.,-2.9E-16,0.));
#1644 = ORIENTED_EDGE('',*,*,#1645,.F.);
#1645 = EDGE_CURVE('',#1646,#1638,#1648,.T.);
#1646 = VERTEX_POINT('',#1647);
#1647 = CARTESIAN_POINT('',(-5.85,5.,-2.8));
#1648 = LINE('',#1649,#1650);
#1649 = CARTESIAN_POINT('',(-5.85,5.,-2.8));
#1650 = VECTOR('',#1651,1.);
#1651 = DIRECTION('',(0.,-1.,0.));
#1652 = ORIENTED_EDGE('',*,*,#1653,.F.);
#1653 = EDGE_CURVE('',#1654,#1646,#1656,.T.);
#1654 = VERTEX_POINT('',#1655);
#1655 = CARTESIAN_POINT('',(-4.85,6.,-2.8));
#1656 = CIRCLE('',#1657,1.);
#1657 = AXIS2_PLACEMENT_3D('',#1658,#1659,#1660);
#1658 = CARTESIAN_POINT('',(-4.85,5.,-2.8));
#1659 = DIRECTION('',(0.,-0.,1.));
#1660 = DIRECTION('',(0.,1.,0.));
#1661 = ORIENTED_EDGE('',*,*,#1662,.F.);
#1662 = EDGE_CURVE('',#1663,#1654,#1665,.T.);
#1663 = VERTEX_POINT('',#1664);
#1664 = CARTESIAN_POINT('',(4.85,6.,-2.8));
#1665 = LINE('',#1666,#1667);
#1666 = CARTESIAN_POINT('',(4.85,6.,-2.8));
#1667 = VECTOR('',#1668,1.);
#1668 = DIRECTION('',(-1.,0.,0.));
#1669 = ORIENTED_EDGE('',*,*,#1670,.F.);
#1670 = EDGE_CURVE('',#1671,#1663,#1673,.T.);
#1671 = VERTEX_POINT('',#1672);
#1672 = CARTESIAN_POINT('',(5.85,5.,-2.8));
#1673 = CIRCLE('',#1674,1.);
#1674 = AXIS2_PLACEMENT_3D('',#1675,#1676,#1677);
#1675 = CARTESIAN_POINT('',(4.85,5.,-2.8));
#1676 = DIRECTION('',(0.,0.,1.));
#1677 = DIRECTION('',(1.,0.,-0.));
#1678 = ORIENTED_EDGE('',*,*,#1679,.F.);
#1679 = EDGE_CURVE('',#1680,#1671,#1682,.T.);
#1680 = VERTEX_POINT('',#1681);
#1681 = CARTESIAN_POINT('',(5.85,4.55,-2.8));
#1682 = LINE('',#1683,#1684);
#1683 = CARTESIAN_POINT('',(5.85,4.55,-2.8));
#1684 = VECTOR('',#1685,1.);
#1685 = DIRECTION('',(0.,1.,0.));
#1686 = ORIENTED_EDGE('',*,*,#1687,.T.);
#1687 = EDGE_CURVE('',#1680,#1688,#1690,.T.);
#1688 = VERTEX_POINT('',#1689);
#1689 = CARTESIAN_POINT('',(2.75,4.55,-2.8));
#1690 = LINE('',#1691,#1692);
#1691 = CARTESIAN_POINT('',(5.85,4.55,-2.8));
#1692 = VECTOR('',#1693,1.);
#1693 = DIRECTION('',(-1.,2.9E-16,0.));
#1694 = ORIENTED_EDGE('',*,*,#1695,.T.);
#1695 = EDGE_CURVE('',#1688,#1696,#1698,.T.);
#1696 = VERTEX_POINT('',#1697);
#1697 = CARTESIAN_POINT('',(2.75,3.25,-2.8));
#1698 = LINE('',#1699,#1700);
#1699 = CARTESIAN_POINT('',(2.75,4.55,-2.8));
#1700 = VECTOR('',#1701,1.);
#1701 = DIRECTION('',(-3.4E-16,-1.,0.));
#1702 = ORIENTED_EDGE('',*,*,#1703,.T.);
#1703 = EDGE_CURVE('',#1696,#1704,#1706,.T.);
#1704 = VERTEX_POINT('',#1705);
#1705 = CARTESIAN_POINT('',(3.85,2.15,-2.8));
#1706 = LINE('',#1707,#1708);
#1707 = CARTESIAN_POINT('',(2.75,3.25,-2.8));
#1708 = VECTOR('',#1709,1.);
#1709 = DIRECTION('',(0.707106781187,-0.707106781187,0.));
#1710 = ORIENTED_EDGE('',*,*,#1711,.T.);
#1711 = EDGE_CURVE('',#1704,#1712,#1714,.T.);
#1712 = VERTEX_POINT('',#1713);
#1713 = CARTESIAN_POINT('',(5.45,2.15,-2.8));
#1714 = LINE('',#1715,#1716);
#1715 = CARTESIAN_POINT('',(3.85,2.15,-2.8));
#1716 = VECTOR('',#1717,1.);
#1717 = DIRECTION('',(1.,0.,0.));
#1718 = ORIENTED_EDGE('',*,*,#1719,.F.);
#1719 = EDGE_CURVE('',#1720,#1712,#1722,.T.);
#1720 = VERTEX_POINT('',#1721);
#1721 = CARTESIAN_POINT('',(5.45,1.5,-2.8));
#1722 = LINE('',#1723,#1724);
#1723 = CARTESIAN_POINT('',(5.45,1.5,-2.8));
#1724 = VECTOR('',#1725,1.);
#1725 = DIRECTION('',(0.,1.,0.));
#1726 = ORIENTED_EDGE('',*,*,#1727,.T.);
#1727 = EDGE_CURVE('',#1720,#1728,#1730,.T.);
#1728 = VERTEX_POINT('',#1729);
#1729 = CARTESIAN_POINT('',(4.65,1.5,-2.8));
#1730 = LINE('',#1731,#1732);
#1731 = CARTESIAN_POINT('',(5.45,1.5,-2.8));
#1732 = VECTOR('',#1733,1.);
#1733 = DIRECTION('',(-1.,0.,0.));
#1734 = ORIENTED_EDGE('',*,*,#1735,.T.);
#1735 = EDGE_CURVE('',#1728,#1736,#1738,.T.);
#1736 = VERTEX_POINT('',#1737);
#1737 = CARTESIAN_POINT('',(4.65,-1.5,-2.8));
#1738 = LINE('',#1739,#1740);
#1739 = CARTESIAN_POINT('',(4.65,1.5,-2.8));
#1740 = VECTOR('',#1741,1.);
#1741 = DIRECTION('',(0.,-1.,0.));
#1742 = ORIENTED_EDGE('',*,*,#1743,.T.);
#1743 = EDGE_CURVE('',#1736,#1744,#1746,.T.);
#1744 = VERTEX_POINT('',#1745);
#1745 = CARTESIAN_POINT('',(5.45,-1.5,-2.8));
#1746 = LINE('',#1747,#1748);
#1747 = CARTESIAN_POINT('',(4.65,-1.5,-2.8));
#1748 = VECTOR('',#1749,1.);
#1749 = DIRECTION('',(1.,0.,0.));
#1750 = ORIENTED_EDGE('',*,*,#1751,.F.);
#1751 = EDGE_CURVE('',#1475,#1744,#1752,.T.);
#1752 = LINE('',#1753,#1754);
#1753 = CARTESIAN_POINT('',(5.45,-2.15,-2.8));
#1754 = VECTOR('',#1755,1.);
#1755 = DIRECTION('',(0.,1.,0.));
#1756 = PLANE('',#1757);
#1757 = AXIS2_PLACEMENT_3D('',#1758,#1759,#1760);
#1758 = CARTESIAN_POINT('',(0.,0.,-2.8));
#1759 = DIRECTION('',(0.,0.,1.));
#1760 = DIRECTION('',(1.,0.,-0.));
#1761 = ADVANCED_FACE('',(#1762),#1781,.T.);
#1762 = FACE_BOUND('',#1763,.T.);
#1763 = EDGE_LOOP('',(#1764,#1765,#1773,#1780));
#1764 = ORIENTED_EDGE('',*,*,#1516,.T.);
#1765 = ORIENTED_EDGE('',*,*,#1766,.T.);
#1766 = EDGE_CURVE('',#1509,#1767,#1769,.T.);
#1767 = VERTEX_POINT('',#1768);
#1768 = CARTESIAN_POINT('',(5.85,-5.,0.));
#1769 = LINE('',#1770,#1771);
#1770 = CARTESIAN_POINT('',(5.85,-5.,-2.8));
#1771 = VECTOR('',#1772,1.);
#1772 = DIRECTION('',(0.,0.,1.));
#1773 = ORIENTED_EDGE('',*,*,#1774,.F.);
#1774 = EDGE_CURVE('',#1315,#1767,#1775,.T.);
#1775 = CIRCLE('',#1776,1.);
#1776 = AXIS2_PLACEMENT_3D('',#1777,#1778,#1779);
#1777 = CARTESIAN_POINT('',(4.85,-5.,0.));
#1778 = DIRECTION('',(0.,0.,1.));
#1779 = DIRECTION('',(0.,-1.,0.));
#1780 = ORIENTED_EDGE('',*,*,#1314,.F.);
#1781 = CYLINDRICAL_SURFACE('',#1782,1.);
#1782 = AXIS2_PLACEMENT_3D('',#1783,#1784,#1785);
#1783 = CARTESIAN_POINT('',(4.85,-5.,-2.8));
#1784 = DIRECTION('',(0.,0.,1.));
#1785 = DIRECTION('',(0.,-1.,0.));
#1786 = ADVANCED_FACE('',(#1787),#1904,.T.);
#1787 = FACE_BOUND('',#1788,.T.);
#1788 = EDGE_LOOP('',(#1789,#1790,#1798,#1806,#1814,#1822,#1830,#1839,
    #1847,#1856,#1864,#1872,#1880,#1888,#1896,#1903));
#1789 = ORIENTED_EDGE('',*,*,#1774,.T.);
#1790 = ORIENTED_EDGE('',*,*,#1791,.T.);
#1791 = EDGE_CURVE('',#1767,#1792,#1794,.T.);
#1792 = VERTEX_POINT('',#1793);
#1793 = CARTESIAN_POINT('',(5.85,-4.55,0.));
#1794 = LINE('',#1795,#1796);
#1795 = CARTESIAN_POINT('',(5.85,-5.,0.));
#1796 = VECTOR('',#1797,1.);
#1797 = DIRECTION('',(0.,1.,0.));
#1798 = ORIENTED_EDGE('',*,*,#1799,.T.);
#1799 = EDGE_CURVE('',#1792,#1800,#1802,.T.);
#1800 = VERTEX_POINT('',#1801);
#1801 = CARTESIAN_POINT('',(5.45,-4.55,0.));
#1802 = LINE('',#1803,#1804);
#1803 = CARTESIAN_POINT('',(5.85,-4.55,0.));
#1804 = VECTOR('',#1805,1.);
#1805 = DIRECTION('',(-1.,0.,0.));
#1806 = ORIENTED_EDGE('',*,*,#1807,.T.);
#1807 = EDGE_CURVE('',#1800,#1808,#1810,.T.);
#1808 = VERTEX_POINT('',#1809);
#1809 = CARTESIAN_POINT('',(5.45,4.55,0.));
#1810 = LINE('',#1811,#1812);
#1811 = CARTESIAN_POINT('',(5.45,-4.55,0.));
#1812 = VECTOR('',#1813,1.);
#1813 = DIRECTION('',(0.,1.,0.));
#1814 = ORIENTED_EDGE('',*,*,#1815,.T.);
#1815 = EDGE_CURVE('',#1808,#1816,#1818,.T.);
#1816 = VERTEX_POINT('',#1817);
#1817 = CARTESIAN_POINT('',(5.85,4.55,0.));
#1818 = LINE('',#1819,#1820);
#1819 = CARTESIAN_POINT('',(5.45,4.55,0.));
#1820 = VECTOR('',#1821,1.);
#1821 = DIRECTION('',(1.,0.,0.));
#1822 = ORIENTED_EDGE('',*,*,#1823,.T.);
#1823 = EDGE_CURVE('',#1816,#1824,#1826,.T.);
#1824 = VERTEX_POINT('',#1825);
#1825 = CARTESIAN_POINT('',(5.85,5.,0.));
#1826 = LINE('',#1827,#1828);
#1827 = CARTESIAN_POINT('',(5.85,4.55,0.));
#1828 = VECTOR('',#1829,1.);
#1829 = DIRECTION('',(0.,1.,0.));
#1830 = ORIENTED_EDGE('',*,*,#1831,.T.);
#1831 = EDGE_CURVE('',#1824,#1832,#1834,.T.);
#1832 = VERTEX_POINT('',#1833);
#1833 = CARTESIAN_POINT('',(4.85,6.,0.));
#1834 = CIRCLE('',#1835,1.);
#1835 = AXIS2_PLACEMENT_3D('',#1836,#1837,#1838);
#1836 = CARTESIAN_POINT('',(4.85,5.,0.));
#1837 = DIRECTION('',(0.,0.,1.));
#1838 = DIRECTION('',(1.,0.,-0.));
#1839 = ORIENTED_EDGE('',*,*,#1840,.T.);
#1840 = EDGE_CURVE('',#1832,#1841,#1843,.T.);
#1841 = VERTEX_POINT('',#1842);
#1842 = CARTESIAN_POINT('',(-4.85,6.,0.));
#1843 = LINE('',#1844,#1845);
#1844 = CARTESIAN_POINT('',(4.85,6.,0.));
#1845 = VECTOR('',#1846,1.);
#1846 = DIRECTION('',(-1.,0.,0.));
#1847 = ORIENTED_EDGE('',*,*,#1848,.T.);
#1848 = EDGE_CURVE('',#1841,#1849,#1851,.T.);
#1849 = VERTEX_POINT('',#1850);
#1850 = CARTESIAN_POINT('',(-5.85,5.,0.));
#1851 = CIRCLE('',#1852,1.);
#1852 = AXIS2_PLACEMENT_3D('',#1853,#1854,#1855);
#1853 = CARTESIAN_POINT('',(-4.85,5.,0.));
#1854 = DIRECTION('',(0.,-0.,1.));
#1855 = DIRECTION('',(0.,1.,0.));
#1856 = ORIENTED_EDGE('',*,*,#1857,.T.);
#1857 = EDGE_CURVE('',#1849,#1858,#1860,.T.);
#1858 = VERTEX_POINT('',#1859);
#1859 = CARTESIAN_POINT('',(-5.85,4.55,0.));
#1860 = LINE('',#1861,#1862);
#1861 = CARTESIAN_POINT('',(-5.85,5.,0.));
#1862 = VECTOR('',#1863,1.);
#1863 = DIRECTION('',(0.,-1.,0.));
#1864 = ORIENTED_EDGE('',*,*,#1865,.T.);
#1865 = EDGE_CURVE('',#1858,#1866,#1868,.T.);
#1866 = VERTEX_POINT('',#1867);
#1867 = CARTESIAN_POINT('',(-5.45,4.55,0.));
#1868 = LINE('',#1869,#1870);
#1869 = CARTESIAN_POINT('',(-5.85,4.55,0.));
#1870 = VECTOR('',#1871,1.);
#1871 = DIRECTION('',(1.,0.,0.));
#1872 = ORIENTED_EDGE('',*,*,#1873,.T.);
#1873 = EDGE_CURVE('',#1866,#1874,#1876,.T.);
#1874 = VERTEX_POINT('',#1875);
#1875 = CARTESIAN_POINT('',(-5.45,-4.55,0.));
#1876 = LINE('',#1877,#1878);
#1877 = CARTESIAN_POINT('',(-5.45,4.55,0.));
#1878 = VECTOR('',#1879,1.);
#1879 = DIRECTION('',(0.,-1.,0.));
#1880 = ORIENTED_EDGE('',*,*,#1881,.T.);
#1881 = EDGE_CURVE('',#1874,#1882,#1884,.T.);
#1882 = VERTEX_POINT('',#1883);
#1883 = CARTESIAN_POINT('',(-5.85,-4.55,0.));
#1884 = LINE('',#1885,#1886);
#1885 = CARTESIAN_POINT('',(-5.45,-4.55,0.));
#1886 = VECTOR('',#1887,1.);
#1887 = DIRECTION('',(-1.,0.,0.));
#1888 = ORIENTED_EDGE('',*,*,#1889,.T.);
#1889 = EDGE_CURVE('',#1882,#1890,#1892,.T.);
#1890 = VERTEX_POINT('',#1891);
#1891 = CARTESIAN_POINT('',(-5.85,-5.,0.));
#1892 = LINE('',#1893,#1894);
#1893 = CARTESIAN_POINT('',(-5.85,-4.55,0.));
#1894 = VECTOR('',#1895,1.);
#1895 = DIRECTION('',(0.,-1.,0.));
#1896 = ORIENTED_EDGE('',*,*,#1897,.T.);
#1897 = EDGE_CURVE('',#1890,#1323,#1898,.T.);
#1898 = CIRCLE('',#1899,1.);
#1899 = AXIS2_PLACEMENT_3D('',#1900,#1901,#1902);
#1900 = CARTESIAN_POINT('',(-4.85,-5.,0.));
#1901 = DIRECTION('',(0.,0.,1.));
#1902 = DIRECTION('',(-1.,0.,0.));
#1903 = ORIENTED_EDGE('',*,*,#1322,.T.);
#1904 = PLANE('',#1905);
#1905 = AXIS2_PLACEMENT_3D('',#1906,#1907,#1908);
#1906 = CARTESIAN_POINT('',(0.,0.,0.));
#1907 = DIRECTION('',(0.,0.,1.));
#1908 = DIRECTION('',(1.,0.,-0.));
#1909 = ADVANCED_FACE('',(#1910),#1921,.T.);
#1910 = FACE_BOUND('',#1911,.T.);
#1911 = EDGE_LOOP('',(#1912,#1913,#1914,#1915));
#1912 = ORIENTED_EDGE('',*,*,#1524,.T.);
#1913 = ORIENTED_EDGE('',*,*,#1330,.T.);
#1914 = ORIENTED_EDGE('',*,*,#1897,.F.);
#1915 = ORIENTED_EDGE('',*,*,#1916,.F.);
#1916 = EDGE_CURVE('',#1525,#1890,#1917,.T.);
#1917 = LINE('',#1918,#1919);
#1918 = CARTESIAN_POINT('',(-5.85,-5.,-2.8));
#1919 = VECTOR('',#1920,1.);
#1920 = DIRECTION('',(0.,0.,1.));
#1921 = CYLINDRICAL_SURFACE('',#1922,1.);
#1922 = AXIS2_PLACEMENT_3D('',#1923,#1924,#1925);
#1923 = CARTESIAN_POINT('',(-4.85,-5.,-2.8));
#1924 = DIRECTION('',(0.,0.,1.));
#1925 = DIRECTION('',(-1.,0.,0.));
#1926 = ADVANCED_FACE('',(#1927),#1933,.T.);
#1927 = FACE_BOUND('',#1928,.T.);
#1928 = EDGE_LOOP('',(#1929,#1930,#1931,#1932));
#1929 = ORIENTED_EDGE('',*,*,#1459,.T.);
#1930 = ORIENTED_EDGE('',*,*,#1435,.T.);
#1931 = ORIENTED_EDGE('',*,*,#1411,.T.);
#1932 = ORIENTED_EDGE('',*,*,#1387,.T.);
#1933 = PLANE('',#1934);
#1934 = AXIS2_PLACEMENT_3D('',#1935,#1936,#1937);
#1935 = CARTESIAN_POINT('',(-5.8E-16,-6.3,0.));
#1936 = DIRECTION('',(-9.E-17,-1.,0.));
#1937 = DIRECTION('',(1.,-9.E-17,0.));
#1938 = ADVANCED_FACE('',(#1939),#1964,.F.);
#1939 = FACE_BOUND('',#1940,.T.);
#1940 = EDGE_LOOP('',(#1941,#1949,#1957,#1963));
#1941 = ORIENTED_EDGE('',*,*,#1942,.T.);
#1942 = EDGE_CURVE('',#1475,#1943,#1945,.T.);
#1943 = VERTEX_POINT('',#1944);
#1944 = CARTESIAN_POINT('',(5.45,-2.15,-2.4));
#1945 = LINE('',#1946,#1947);
#1946 = CARTESIAN_POINT('',(5.45,-2.15,-2.8));
#1947 = VECTOR('',#1948,1.);
#1948 = DIRECTION('',(0.,0.,1.));
#1949 = ORIENTED_EDGE('',*,*,#1950,.T.);
#1950 = EDGE_CURVE('',#1943,#1951,#1953,.T.);
#1951 = VERTEX_POINT('',#1952);
#1952 = CARTESIAN_POINT('',(3.85,-2.15,-2.4));
#1953 = LINE('',#1954,#1955);
#1954 = CARTESIAN_POINT('',(5.45,-2.15,-2.4));
#1955 = VECTOR('',#1956,1.);
#1956 = DIRECTION('',(-1.,0.,-2.8E-16));
#1957 = ORIENTED_EDGE('',*,*,#1958,.F.);
#1958 = EDGE_CURVE('',#1477,#1951,#1959,.T.);
#1959 = LINE('',#1960,#1961);
#1960 = CARTESIAN_POINT('',(3.85,-2.15,-2.8));
#1961 = VECTOR('',#1962,1.);
#1962 = DIRECTION('',(0.,0.,1.));
#1963 = ORIENTED_EDGE('',*,*,#1474,.F.);
#1964 = PLANE('',#1965);
#1965 = AXIS2_PLACEMENT_3D('',#1966,#1967,#1968);
#1966 = CARTESIAN_POINT('',(5.45,-2.15,-2.8));
#1967 = DIRECTION('',(0.,1.,0.));
#1968 = DIRECTION('',(-1.,0.,-2.8E-16));
#1969 = ADVANCED_FACE('',(#1970),#1988,.F.);
#1970 = FACE_BOUND('',#1971,.T.);
#1971 = EDGE_LOOP('',(#1972,#1973,#1974,#1982));
#1972 = ORIENTED_EDGE('',*,*,#1484,.F.);
#1973 = ORIENTED_EDGE('',*,*,#1958,.T.);
#1974 = ORIENTED_EDGE('',*,*,#1975,.T.);
#1975 = EDGE_CURVE('',#1951,#1976,#1978,.T.);
#1976 = VERTEX_POINT('',#1977);
#1977 = CARTESIAN_POINT('',(2.75,-3.25,-2.4));
#1978 = LINE('',#1979,#1980);
#1979 = CARTESIAN_POINT('',(3.85,-2.15,-2.4));
#1980 = VECTOR('',#1981,1.);
#1981 = DIRECTION('',(-0.707106781187,-0.707106781187,0.));
#1982 = ORIENTED_EDGE('',*,*,#1983,.F.);
#1983 = EDGE_CURVE('',#1485,#1976,#1984,.T.);
#1984 = LINE('',#1985,#1986);
#1985 = CARTESIAN_POINT('',(2.75,-3.25,-2.8));
#1986 = VECTOR('',#1987,1.);
#1987 = DIRECTION('',(0.,0.,1.));
#1988 = PLANE('',#1989);
#1989 = AXIS2_PLACEMENT_3D('',#1990,#1991,#1992);
#1990 = CARTESIAN_POINT('',(3.85,-2.15,-2.8));
#1991 = DIRECTION('',(-0.707106781187,0.707106781187,0.));
#1992 = DIRECTION('',(-0.707106781187,-0.707106781187,0.));
#1993 = ADVANCED_FACE('',(#1994),#2012,.F.);
#1994 = FACE_BOUND('',#1995,.T.);
#1995 = EDGE_LOOP('',(#1996,#1997,#1998,#2006));
#1996 = ORIENTED_EDGE('',*,*,#1492,.F.);
#1997 = ORIENTED_EDGE('',*,*,#1983,.T.);
#1998 = ORIENTED_EDGE('',*,*,#1999,.T.);
#1999 = EDGE_CURVE('',#1976,#2000,#2002,.T.);
#2000 = VERTEX_POINT('',#2001);
#2001 = CARTESIAN_POINT('',(2.75,-4.55,-2.4));
#2002 = LINE('',#2003,#2004);
#2003 = CARTESIAN_POINT('',(2.75,-3.25,-2.4));
#2004 = VECTOR('',#2005,1.);
#2005 = DIRECTION('',(-3.4E-16,-1.,0.));
#2006 = ORIENTED_EDGE('',*,*,#2007,.F.);
#2007 = EDGE_CURVE('',#1493,#2000,#2008,.T.);
#2008 = LINE('',#2009,#2010);
#2009 = CARTESIAN_POINT('',(2.75,-4.55,-2.8));
#2010 = VECTOR('',#2011,1.);
#2011 = DIRECTION('',(0.,0.,1.));
#2012 = PLANE('',#2013);
#2013 = AXIS2_PLACEMENT_3D('',#2014,#2015,#2016);
#2014 = CARTESIAN_POINT('',(2.75,-3.25,-2.8));
#2015 = DIRECTION('',(-1.,3.4E-16,0.));
#2016 = DIRECTION('',(-3.4E-16,-1.,0.));
#2017 = ADVANCED_FACE('',(#2018),#2043,.T.);
#2018 = FACE_BOUND('',#2019,.T.);
#2019 = EDGE_LOOP('',(#2020,#2021,#2022,#2030,#2036,#2037));
#2020 = ORIENTED_EDGE('',*,*,#1500,.F.);
#2021 = ORIENTED_EDGE('',*,*,#2007,.T.);
#2022 = ORIENTED_EDGE('',*,*,#2023,.T.);
#2023 = EDGE_CURVE('',#2000,#2024,#2026,.T.);
#2024 = VERTEX_POINT('',#2025);
#2025 = CARTESIAN_POINT('',(5.45,-4.55,-2.4));
#2026 = LINE('',#2027,#2028);
#2027 = CARTESIAN_POINT('',(2.75,-4.55,-2.4));
#2028 = VECTOR('',#2029,1.);
#2029 = DIRECTION('',(1.,0.,1.6E-16));
#2030 = ORIENTED_EDGE('',*,*,#2031,.T.);
#2031 = EDGE_CURVE('',#2024,#1800,#2032,.T.);
#2032 = LINE('',#2033,#2034);
#2033 = CARTESIAN_POINT('',(5.45,-4.55,-2.4));
#2034 = VECTOR('',#2035,1.);
#2035 = DIRECTION('',(0.,0.,1.));
#2036 = ORIENTED_EDGE('',*,*,#1799,.F.);
#2037 = ORIENTED_EDGE('',*,*,#2038,.F.);
#2038 = EDGE_CURVE('',#1501,#1792,#2039,.T.);
#2039 = LINE('',#2040,#2041);
#2040 = CARTESIAN_POINT('',(5.85,-4.55,-2.8));
#2041 = VECTOR('',#2042,1.);
#2042 = DIRECTION('',(0.,0.,1.));
#2043 = PLANE('',#2044);
#2044 = AXIS2_PLACEMENT_3D('',#2045,#2046,#2047);
#2045 = CARTESIAN_POINT('',(5.85,-4.55,-2.8));
#2046 = DIRECTION('',(0.,1.,-0.));
#2047 = DIRECTION('',(-1.,0.,0.));
#2048 = ADVANCED_FACE('',(#2049),#2055,.T.);
#2049 = FACE_BOUND('',#2050,.T.);
#2050 = EDGE_LOOP('',(#2051,#2052,#2053,#2054));
#2051 = ORIENTED_EDGE('',*,*,#1508,.T.);
#2052 = ORIENTED_EDGE('',*,*,#2038,.T.);
#2053 = ORIENTED_EDGE('',*,*,#1791,.F.);
#2054 = ORIENTED_EDGE('',*,*,#1766,.F.);
#2055 = PLANE('',#2056);
#2056 = AXIS2_PLACEMENT_3D('',#2057,#2058,#2059);
#2057 = CARTESIAN_POINT('',(5.85,-5.,-2.8));
#2058 = DIRECTION('',(1.,0.,0.));
#2059 = DIRECTION('',(-0.,1.,0.));
#2060 = ADVANCED_FACE('',(#2061),#2072,.T.);
#2061 = FACE_BOUND('',#2062,.T.);
#2062 = EDGE_LOOP('',(#2063,#2064,#2065,#2066));
#2063 = ORIENTED_EDGE('',*,*,#1533,.T.);
#2064 = ORIENTED_EDGE('',*,*,#1916,.T.);
#2065 = ORIENTED_EDGE('',*,*,#1889,.F.);
#2066 = ORIENTED_EDGE('',*,*,#2067,.F.);
#2067 = EDGE_CURVE('',#1534,#1882,#2068,.T.);
#2068 = LINE('',#2069,#2070);
#2069 = CARTESIAN_POINT('',(-5.85,-4.55,-2.8));
#2070 = VECTOR('',#2071,1.);
#2071 = DIRECTION('',(0.,0.,1.));
#2072 = PLANE('',#2073);
#2073 = AXIS2_PLACEMENT_3D('',#2074,#2075,#2076);
#2074 = CARTESIAN_POINT('',(-5.85,-4.55,-2.8));
#2075 = DIRECTION('',(-1.,0.,0.));
#2076 = DIRECTION('',(0.,-1.,0.));
#2077 = ADVANCED_FACE('',(#2078),#2105,.T.);
#2078 = FACE_BOUND('',#2079,.T.);
#2079 = EDGE_LOOP('',(#2080,#2081,#2082,#2090,#2098,#2104));
#2080 = ORIENTED_EDGE('',*,*,#2067,.T.);
#2081 = ORIENTED_EDGE('',*,*,#1881,.F.);
#2082 = ORIENTED_EDGE('',*,*,#2083,.F.);
#2083 = EDGE_CURVE('',#2084,#1874,#2086,.T.);
#2084 = VERTEX_POINT('',#2085);
#2085 = CARTESIAN_POINT('',(-5.45,-4.55,-2.4));
#2086 = LINE('',#2087,#2088);
#2087 = CARTESIAN_POINT('',(-5.45,-4.55,-2.4));
#2088 = VECTOR('',#2089,1.);
#2089 = DIRECTION('',(0.,0.,1.));
#2090 = ORIENTED_EDGE('',*,*,#2091,.T.);
#2091 = EDGE_CURVE('',#2084,#2092,#2094,.T.);
#2092 = VERTEX_POINT('',#2093);
#2093 = CARTESIAN_POINT('',(-2.75,-4.55,-2.4));
#2094 = LINE('',#2095,#2096);
#2095 = CARTESIAN_POINT('',(-5.45,-4.55,-2.4));
#2096 = VECTOR('',#2097,1.);
#2097 = DIRECTION('',(1.,0.,1.6E-16));
#2098 = ORIENTED_EDGE('',*,*,#2099,.F.);
#2099 = EDGE_CURVE('',#1542,#2092,#2100,.T.);
#2100 = LINE('',#2101,#2102);
#2101 = CARTESIAN_POINT('',(-2.75,-4.55,-2.8));
#2102 = VECTOR('',#2103,1.);
#2103 = DIRECTION('',(0.,0.,1.));
#2104 = ORIENTED_EDGE('',*,*,#1541,.F.);
#2105 = PLANE('',#2106);
#2106 = AXIS2_PLACEMENT_3D('',#2107,#2108,#2109);
#2107 = CARTESIAN_POINT('',(-5.45,-4.55,-2.8));
#2108 = DIRECTION('',(0.,1.,-0.));
#2109 = DIRECTION('',(-1.,0.,0.));
#2110 = ADVANCED_FACE('',(#2111),#2129,.F.);
#2111 = FACE_BOUND('',#2112,.T.);
#2112 = EDGE_LOOP('',(#2113,#2114,#2115,#2123));
#2113 = ORIENTED_EDGE('',*,*,#1549,.F.);
#2114 = ORIENTED_EDGE('',*,*,#2099,.T.);
#2115 = ORIENTED_EDGE('',*,*,#2116,.T.);
#2116 = EDGE_CURVE('',#2092,#2117,#2119,.T.);
#2117 = VERTEX_POINT('',#2118);
#2118 = CARTESIAN_POINT('',(-2.75,-3.25,-2.4));
#2119 = LINE('',#2120,#2121);
#2120 = CARTESIAN_POINT('',(-2.75,-4.55,-2.4));
#2121 = VECTOR('',#2122,1.);
#2122 = DIRECTION('',(3.4E-16,1.,0.));
#2123 = ORIENTED_EDGE('',*,*,#2124,.F.);
#2124 = EDGE_CURVE('',#1550,#2117,#2125,.T.);
#2125 = LINE('',#2126,#2127);
#2126 = CARTESIAN_POINT('',(-2.75,-3.25,-2.8));
#2127 = VECTOR('',#2128,1.);
#2128 = DIRECTION('',(0.,0.,1.));
#2129 = PLANE('',#2130);
#2130 = AXIS2_PLACEMENT_3D('',#2131,#2132,#2133);
#2131 = CARTESIAN_POINT('',(-2.75,-4.55,-2.8));
#2132 = DIRECTION('',(1.,-3.4E-16,0.));
#2133 = DIRECTION('',(3.4E-16,1.,0.));
#2134 = ADVANCED_FACE('',(#2135),#2153,.F.);
#2135 = FACE_BOUND('',#2136,.T.);
#2136 = EDGE_LOOP('',(#2137,#2138,#2139,#2147));
#2137 = ORIENTED_EDGE('',*,*,#1557,.F.);
#2138 = ORIENTED_EDGE('',*,*,#2124,.T.);
#2139 = ORIENTED_EDGE('',*,*,#2140,.T.);
#2140 = EDGE_CURVE('',#2117,#2141,#2143,.T.);
#2141 = VERTEX_POINT('',#2142);
#2142 = CARTESIAN_POINT('',(-3.85,-2.15,-2.4));
#2143 = LINE('',#2144,#2145);
#2144 = CARTESIAN_POINT('',(-2.75,-3.25,-2.4));
#2145 = VECTOR('',#2146,1.);
#2146 = DIRECTION('',(-0.707106781187,0.707106781187,0.));
#2147 = ORIENTED_EDGE('',*,*,#2148,.F.);
#2148 = EDGE_CURVE('',#1558,#2141,#2149,.T.);
#2149 = LINE('',#2150,#2151);
#2150 = CARTESIAN_POINT('',(-3.85,-2.15,-2.8));
#2151 = VECTOR('',#2152,1.);
#2152 = DIRECTION('',(0.,0.,1.));
#2153 = PLANE('',#2154);
#2154 = AXIS2_PLACEMENT_3D('',#2155,#2156,#2157);
#2155 = CARTESIAN_POINT('',(-2.75,-3.25,-2.8));
#2156 = DIRECTION('',(0.707106781187,0.707106781187,-0.));
#2157 = DIRECTION('',(-0.707106781187,0.707106781187,0.));
#2158 = ADVANCED_FACE('',(#2159),#2177,.F.);
#2159 = FACE_BOUND('',#2160,.T.);
#2160 = EDGE_LOOP('',(#2161,#2169,#2170,#2171));
#2161 = ORIENTED_EDGE('',*,*,#2162,.T.);
#2162 = EDGE_CURVE('',#2163,#1566,#2165,.T.);
#2163 = VERTEX_POINT('',#2164);
#2164 = CARTESIAN_POINT('',(-5.45,-2.15,-2.4));
#2165 = LINE('',#2166,#2167);
#2166 = CARTESIAN_POINT('',(-5.45,-2.15,-2.4));
#2167 = VECTOR('',#2168,1.);
#2168 = DIRECTION('',(0.,0.,-1.));
#2169 = ORIENTED_EDGE('',*,*,#1565,.F.);
#2170 = ORIENTED_EDGE('',*,*,#2148,.T.);
#2171 = ORIENTED_EDGE('',*,*,#2172,.T.);
#2172 = EDGE_CURVE('',#2141,#2163,#2173,.T.);
#2173 = LINE('',#2174,#2175);
#2174 = CARTESIAN_POINT('',(-3.85,-2.15,-2.4));
#2175 = VECTOR('',#2176,1.);
#2176 = DIRECTION('',(-1.,0.,-2.8E-16));
#2177 = PLANE('',#2178);
#2178 = AXIS2_PLACEMENT_3D('',#2179,#2180,#2181);
#2179 = CARTESIAN_POINT('',(-3.85,-2.15,-2.8));
#2180 = DIRECTION('',(0.,1.,0.));
#2181 = DIRECTION('',(-1.,0.,-2.8E-16));
#2182 = ADVANCED_FACE('',(#2183),#2240,.T.);
#2183 = FACE_BOUND('',#2184,.T.);
#2184 = EDGE_LOOP('',(#2185,#2186,#2192,#2193,#2194,#2202,#2210,#2216,
    #2217,#2225,#2233,#2239));
#2185 = ORIENTED_EDGE('',*,*,#2162,.F.);
#2186 = ORIENTED_EDGE('',*,*,#2187,.F.);
#2187 = EDGE_CURVE('',#2084,#2163,#2188,.T.);
#2188 = LINE('',#2189,#2190);
#2189 = CARTESIAN_POINT('',(-5.45,-4.55,-2.4));
#2190 = VECTOR('',#2191,1.);
#2191 = DIRECTION('',(0.,1.,0.));
#2192 = ORIENTED_EDGE('',*,*,#2083,.T.);
#2193 = ORIENTED_EDGE('',*,*,#1873,.F.);
#2194 = ORIENTED_EDGE('',*,*,#2195,.F.);
#2195 = EDGE_CURVE('',#2196,#1866,#2198,.T.);
#2196 = VERTEX_POINT('',#2197);
#2197 = CARTESIAN_POINT('',(-5.45,4.55,-2.4));
#2198 = LINE('',#2199,#2200);
#2199 = CARTESIAN_POINT('',(-5.45,4.55,-2.4));
#2200 = VECTOR('',#2201,1.);
#2201 = DIRECTION('',(0.,0.,1.));
#2202 = ORIENTED_EDGE('',*,*,#2203,.F.);
#2203 = EDGE_CURVE('',#2204,#2196,#2206,.T.);
#2204 = VERTEX_POINT('',#2205);
#2205 = CARTESIAN_POINT('',(-5.45,2.15,-2.4));
#2206 = LINE('',#2207,#2208);
#2207 = CARTESIAN_POINT('',(-5.45,2.15,-2.4));
#2208 = VECTOR('',#2209,1.);
#2209 = DIRECTION('',(0.,1.,0.));
#2210 = ORIENTED_EDGE('',*,*,#2211,.F.);
#2211 = EDGE_CURVE('',#1606,#2204,#2212,.T.);
#2212 = LINE('',#2213,#2214);
#2213 = CARTESIAN_POINT('',(-5.45,2.15,-2.8));
#2214 = VECTOR('',#2215,1.);
#2215 = DIRECTION('',(0.,0.,1.));
#2216 = ORIENTED_EDGE('',*,*,#1605,.T.);
#2217 = ORIENTED_EDGE('',*,*,#2218,.F.);
#2218 = EDGE_CURVE('',#2219,#1598,#2221,.T.);
#2219 = VERTEX_POINT('',#2220);
#2220 = CARTESIAN_POINT('',(-5.45,1.5,-2.4));
#2221 = LINE('',#2222,#2223);
#2222 = CARTESIAN_POINT('',(-5.45,1.5,-2.4));
#2223 = VECTOR('',#2224,1.);
#2224 = DIRECTION('',(0.,0.,-1.));
#2225 = ORIENTED_EDGE('',*,*,#2226,.F.);
#2226 = EDGE_CURVE('',#2227,#2219,#2229,.T.);
#2227 = VERTEX_POINT('',#2228);
#2228 = CARTESIAN_POINT('',(-5.45,-1.5,-2.4));
#2229 = LINE('',#2230,#2231);
#2230 = CARTESIAN_POINT('',(-5.45,-1.5,-2.4));
#2231 = VECTOR('',#2232,1.);
#2232 = DIRECTION('',(0.,1.,0.));
#2233 = ORIENTED_EDGE('',*,*,#2234,.F.);
#2234 = EDGE_CURVE('',#1574,#2227,#2235,.T.);
#2235 = LINE('',#2236,#2237);
#2236 = CARTESIAN_POINT('',(-5.45,-1.5,-2.8));
#2237 = VECTOR('',#2238,1.);
#2238 = DIRECTION('',(0.,0.,1.));
#2239 = ORIENTED_EDGE('',*,*,#1573,.T.);
#2240 = PLANE('',#2241);
#2241 = AXIS2_PLACEMENT_3D('',#2242,#2243,#2244);
#2242 = CARTESIAN_POINT('',(-5.45,4.55,-2.8));
#2243 = DIRECTION('',(-1.,0.,0.));
#2244 = DIRECTION('',(0.,-1.,0.));
#2245 = ADVANCED_FACE('',(#2246),#2264,.F.);
#2246 = FACE_BOUND('',#2247,.T.);
#2247 = EDGE_LOOP('',(#2248,#2249,#2257,#2263));
#2248 = ORIENTED_EDGE('',*,*,#2234,.T.);
#2249 = ORIENTED_EDGE('',*,*,#2250,.T.);
#2250 = EDGE_CURVE('',#2227,#2251,#2253,.T.);
#2251 = VERTEX_POINT('',#2252);
#2252 = CARTESIAN_POINT('',(-4.65,-1.5,-2.4));
#2253 = LINE('',#2254,#2255);
#2254 = CARTESIAN_POINT('',(-5.45,-1.5,-2.4));
#2255 = VECTOR('',#2256,1.);
#2256 = DIRECTION('',(1.,0.,5.6E-16));
#2257 = ORIENTED_EDGE('',*,*,#2258,.F.);
#2258 = EDGE_CURVE('',#1582,#2251,#2259,.T.);
#2259 = LINE('',#2260,#2261);
#2260 = CARTESIAN_POINT('',(-4.65,-1.5,-2.8));
#2261 = VECTOR('',#2262,1.);
#2262 = DIRECTION('',(0.,0.,1.));
#2263 = ORIENTED_EDGE('',*,*,#1581,.F.);
#2264 = PLANE('',#2265);
#2265 = AXIS2_PLACEMENT_3D('',#2266,#2267,#2268);
#2266 = CARTESIAN_POINT('',(-5.45,-1.5,-2.8));
#2267 = DIRECTION('',(0.,-1.,0.));
#2268 = DIRECTION('',(1.,0.,5.6E-16));
#2269 = ADVANCED_FACE('',(#2270),#2288,.F.);
#2270 = FACE_BOUND('',#2271,.T.);
#2271 = EDGE_LOOP('',(#2272,#2273,#2274,#2282));
#2272 = ORIENTED_EDGE('',*,*,#1589,.F.);
#2273 = ORIENTED_EDGE('',*,*,#2258,.T.);
#2274 = ORIENTED_EDGE('',*,*,#2275,.T.);
#2275 = EDGE_CURVE('',#2251,#2276,#2278,.T.);
#2276 = VERTEX_POINT('',#2277);
#2277 = CARTESIAN_POINT('',(-4.65,1.5,-2.4));
#2278 = LINE('',#2279,#2280);
#2279 = CARTESIAN_POINT('',(-4.65,-1.5,-2.4));
#2280 = VECTOR('',#2281,1.);
#2281 = DIRECTION('',(0.,1.,0.));
#2282 = ORIENTED_EDGE('',*,*,#2283,.F.);
#2283 = EDGE_CURVE('',#1590,#2276,#2284,.T.);
#2284 = LINE('',#2285,#2286);
#2285 = CARTESIAN_POINT('',(-4.65,1.5,-2.8));
#2286 = VECTOR('',#2287,1.);
#2287 = DIRECTION('',(0.,0.,1.));
#2288 = PLANE('',#2289);
#2289 = AXIS2_PLACEMENT_3D('',#2290,#2291,#2292);
#2290 = CARTESIAN_POINT('',(-4.65,-1.5,-2.8));
#2291 = DIRECTION('',(1.,0.,0.));
#2292 = DIRECTION('',(-0.,1.,0.));
#2293 = ADVANCED_FACE('',(#2294),#2305,.F.);
#2294 = FACE_BOUND('',#2295,.T.);
#2295 = EDGE_LOOP('',(#2296,#2297,#2298,#2299));
#2296 = ORIENTED_EDGE('',*,*,#2218,.T.);
#2297 = ORIENTED_EDGE('',*,*,#1597,.F.);
#2298 = ORIENTED_EDGE('',*,*,#2283,.T.);
#2299 = ORIENTED_EDGE('',*,*,#2300,.T.);
#2300 = EDGE_CURVE('',#2276,#2219,#2301,.T.);
#2301 = LINE('',#2302,#2303);
#2302 = CARTESIAN_POINT('',(-4.65,1.5,-2.4));
#2303 = VECTOR('',#2304,1.);
#2304 = DIRECTION('',(-1.,0.,-5.6E-16));
#2305 = PLANE('',#2306);
#2306 = AXIS2_PLACEMENT_3D('',#2307,#2308,#2309);
#2307 = CARTESIAN_POINT('',(-4.65,1.5,-2.8));
#2308 = DIRECTION('',(0.,1.,0.));
#2309 = DIRECTION('',(-1.,0.,-5.6E-16));
#2310 = ADVANCED_FACE('',(#2311),#2329,.F.);
#2311 = FACE_BOUND('',#2312,.T.);
#2312 = EDGE_LOOP('',(#2313,#2314,#2322,#2328));
#2313 = ORIENTED_EDGE('',*,*,#2211,.T.);
#2314 = ORIENTED_EDGE('',*,*,#2315,.T.);
#2315 = EDGE_CURVE('',#2204,#2316,#2318,.T.);
#2316 = VERTEX_POINT('',#2317);
#2317 = CARTESIAN_POINT('',(-3.85,2.15,-2.4));
#2318 = LINE('',#2319,#2320);
#2319 = CARTESIAN_POINT('',(-5.45,2.15,-2.4));
#2320 = VECTOR('',#2321,1.);
#2321 = DIRECTION('',(1.,-2.8E-16,2.8E-16));
#2322 = ORIENTED_EDGE('',*,*,#2323,.F.);
#2323 = EDGE_CURVE('',#1614,#2316,#2324,.T.);
#2324 = LINE('',#2325,#2326);
#2325 = CARTESIAN_POINT('',(-3.85,2.15,-2.8));
#2326 = VECTOR('',#2327,1.);
#2327 = DIRECTION('',(1.11E-15,0.,1.));
#2328 = ORIENTED_EDGE('',*,*,#1613,.F.);
#2329 = PLANE('',#2330);
#2330 = AXIS2_PLACEMENT_3D('',#2331,#2332,#2333);
#2331 = CARTESIAN_POINT('',(-5.45,2.15,-2.8));
#2332 = DIRECTION('',(-2.8E-16,-1.,0.));
#2333 = DIRECTION('',(1.,-2.8E-16,2.8E-16));
#2334 = ADVANCED_FACE('',(#2335),#2353,.F.);
#2335 = FACE_BOUND('',#2336,.T.);
#2336 = EDGE_LOOP('',(#2337,#2338,#2339,#2347));
#2337 = ORIENTED_EDGE('',*,*,#1621,.F.);
#2338 = ORIENTED_EDGE('',*,*,#2323,.T.);
#2339 = ORIENTED_EDGE('',*,*,#2340,.T.);
#2340 = EDGE_CURVE('',#2316,#2341,#2343,.T.);
#2341 = VERTEX_POINT('',#2342);
#2342 = CARTESIAN_POINT('',(-2.75,3.25,-2.4));
#2343 = LINE('',#2344,#2345);
#2344 = CARTESIAN_POINT('',(-3.85,2.15,-2.4));
#2345 = VECTOR('',#2346,1.);
#2346 = DIRECTION('',(0.707106781187,0.707106781187,0.));
#2347 = ORIENTED_EDGE('',*,*,#2348,.F.);
#2348 = EDGE_CURVE('',#1622,#2341,#2349,.T.);
#2349 = LINE('',#2350,#2351);
#2350 = CARTESIAN_POINT('',(-2.75,3.25,-2.8));
#2351 = VECTOR('',#2352,1.);
#2352 = DIRECTION('',(0.,0.,1.));
#2353 = PLANE('',#2354);
#2354 = AXIS2_PLACEMENT_3D('',#2355,#2356,#2357);
#2355 = CARTESIAN_POINT('',(-3.85,2.15,-2.8));
#2356 = DIRECTION('',(0.707106781187,-0.707106781187,0.));
#2357 = DIRECTION('',(0.707106781187,0.707106781187,0.));
#2358 = ADVANCED_FACE('',(#2359),#2377,.F.);
#2359 = FACE_BOUND('',#2360,.T.);
#2360 = EDGE_LOOP('',(#2361,#2362,#2363,#2371));
#2361 = ORIENTED_EDGE('',*,*,#1629,.F.);
#2362 = ORIENTED_EDGE('',*,*,#2348,.T.);
#2363 = ORIENTED_EDGE('',*,*,#2364,.T.);
#2364 = EDGE_CURVE('',#2341,#2365,#2367,.T.);
#2365 = VERTEX_POINT('',#2366);
#2366 = CARTESIAN_POINT('',(-2.75,4.55,-2.4));
#2367 = LINE('',#2368,#2369);
#2368 = CARTESIAN_POINT('',(-2.75,3.25,-2.4));
#2369 = VECTOR('',#2370,1.);
#2370 = DIRECTION('',(3.4E-16,1.,0.));
#2371 = ORIENTED_EDGE('',*,*,#2372,.F.);
#2372 = EDGE_CURVE('',#1630,#2365,#2373,.T.);
#2373 = LINE('',#2374,#2375);
#2374 = CARTESIAN_POINT('',(-2.75,4.55,-2.8));
#2375 = VECTOR('',#2376,1.);
#2376 = DIRECTION('',(0.,0.,1.));
#2377 = PLANE('',#2378);
#2378 = AXIS2_PLACEMENT_3D('',#2379,#2380,#2381);
#2379 = CARTESIAN_POINT('',(-2.75,3.25,-2.8));
#2380 = DIRECTION('',(1.,-3.4E-16,0.));
#2381 = DIRECTION('',(3.4E-16,1.,0.));
#2382 = ADVANCED_FACE('',(#2383),#2401,.T.);
#2383 = FACE_BOUND('',#2384,.T.);
#2384 = EDGE_LOOP('',(#2385,#2386,#2387,#2393,#2394,#2395));
#2385 = ORIENTED_EDGE('',*,*,#1637,.F.);
#2386 = ORIENTED_EDGE('',*,*,#2372,.T.);
#2387 = ORIENTED_EDGE('',*,*,#2388,.T.);
#2388 = EDGE_CURVE('',#2365,#2196,#2389,.T.);
#2389 = LINE('',#2390,#2391);
#2390 = CARTESIAN_POINT('',(-2.75,4.55,-2.4));
#2391 = VECTOR('',#2392,1.);
#2392 = DIRECTION('',(-1.,0.,-1.6E-16));
#2393 = ORIENTED_EDGE('',*,*,#2195,.T.);
#2394 = ORIENTED_EDGE('',*,*,#1865,.F.);
#2395 = ORIENTED_EDGE('',*,*,#2396,.F.);
#2396 = EDGE_CURVE('',#1638,#1858,#2397,.T.);
#2397 = LINE('',#2398,#2399);
#2398 = CARTESIAN_POINT('',(-5.85,4.55,-2.8));
#2399 = VECTOR('',#2400,1.);
#2400 = DIRECTION('',(0.,0.,1.));
#2401 = PLANE('',#2402);
#2402 = AXIS2_PLACEMENT_3D('',#2403,#2404,#2405);
#2403 = CARTESIAN_POINT('',(-5.85,4.55,-2.8));
#2404 = DIRECTION('',(0.,-1.,0.));
#2405 = DIRECTION('',(1.,0.,0.));
#2406 = ADVANCED_FACE('',(#2407),#2418,.T.);
#2407 = FACE_BOUND('',#2408,.T.);
#2408 = EDGE_LOOP('',(#2409,#2410,#2411,#2412));
#2409 = ORIENTED_EDGE('',*,*,#1645,.T.);
#2410 = ORIENTED_EDGE('',*,*,#2396,.T.);
#2411 = ORIENTED_EDGE('',*,*,#1857,.F.);
#2412 = ORIENTED_EDGE('',*,*,#2413,.F.);
#2413 = EDGE_CURVE('',#1646,#1849,#2414,.T.);
#2414 = LINE('',#2415,#2416);
#2415 = CARTESIAN_POINT('',(-5.85,5.,-2.8));
#2416 = VECTOR('',#2417,1.);
#2417 = DIRECTION('',(0.,0.,1.));
#2418 = PLANE('',#2419);
#2419 = AXIS2_PLACEMENT_3D('',#2420,#2421,#2422);
#2420 = CARTESIAN_POINT('',(-5.85,5.,-2.8));
#2421 = DIRECTION('',(-1.,0.,0.));
#2422 = DIRECTION('',(0.,-1.,0.));
#2423 = ADVANCED_FACE('',(#2424),#2435,.T.);
#2424 = FACE_BOUND('',#2425,.T.);
#2425 = EDGE_LOOP('',(#2426,#2427,#2428,#2429));
#2426 = ORIENTED_EDGE('',*,*,#1653,.T.);
#2427 = ORIENTED_EDGE('',*,*,#2413,.T.);
#2428 = ORIENTED_EDGE('',*,*,#1848,.F.);
#2429 = ORIENTED_EDGE('',*,*,#2430,.F.);
#2430 = EDGE_CURVE('',#1654,#1841,#2431,.T.);
#2431 = LINE('',#2432,#2433);
#2432 = CARTESIAN_POINT('',(-4.85,6.,-2.8));
#2433 = VECTOR('',#2434,1.);
#2434 = DIRECTION('',(0.,0.,1.));
#2435 = CYLINDRICAL_SURFACE('',#2436,1.);
#2436 = AXIS2_PLACEMENT_3D('',#2437,#2438,#2439);
#2437 = CARTESIAN_POINT('',(-4.85,5.,-2.8));
#2438 = DIRECTION('',(0.,0.,1.));
#2439 = DIRECTION('',(0.,1.,0.));
#2440 = ADVANCED_FACE('',(#2441),#2452,.T.);
#2441 = FACE_BOUND('',#2442,.T.);
#2442 = EDGE_LOOP('',(#2443,#2444,#2445,#2446));
#2443 = ORIENTED_EDGE('',*,*,#1662,.T.);
#2444 = ORIENTED_EDGE('',*,*,#2430,.T.);
#2445 = ORIENTED_EDGE('',*,*,#1840,.F.);
#2446 = ORIENTED_EDGE('',*,*,#2447,.F.);
#2447 = EDGE_CURVE('',#1663,#1832,#2448,.T.);
#2448 = LINE('',#2449,#2450);
#2449 = CARTESIAN_POINT('',(4.85,6.,-2.8));
#2450 = VECTOR('',#2451,1.);
#2451 = DIRECTION('',(0.,0.,1.));
#2452 = PLANE('',#2453);
#2453 = AXIS2_PLACEMENT_3D('',#2454,#2455,#2456);
#2454 = CARTESIAN_POINT('',(4.85,6.,-2.8));
#2455 = DIRECTION('',(0.,1.,-0.));
#2456 = DIRECTION('',(-1.,0.,0.));
#2457 = ADVANCED_FACE('',(#2458),#2469,.T.);
#2458 = FACE_BOUND('',#2459,.T.);
#2459 = EDGE_LOOP('',(#2460,#2461,#2462,#2463));
#2460 = ORIENTED_EDGE('',*,*,#1670,.T.);
#2461 = ORIENTED_EDGE('',*,*,#2447,.T.);
#2462 = ORIENTED_EDGE('',*,*,#1831,.F.);
#2463 = ORIENTED_EDGE('',*,*,#2464,.F.);
#2464 = EDGE_CURVE('',#1671,#1824,#2465,.T.);
#2465 = LINE('',#2466,#2467);
#2466 = CARTESIAN_POINT('',(5.85,5.,-2.8));
#2467 = VECTOR('',#2468,1.);
#2468 = DIRECTION('',(0.,0.,1.));
#2469 = CYLINDRICAL_SURFACE('',#2470,1.);
#2470 = AXIS2_PLACEMENT_3D('',#2471,#2472,#2473);
#2471 = CARTESIAN_POINT('',(4.85,5.,-2.8));
#2472 = DIRECTION('',(0.,0.,1.));
#2473 = DIRECTION('',(1.,0.,-0.));
#2474 = ADVANCED_FACE('',(#2475),#2486,.T.);
#2475 = FACE_BOUND('',#2476,.T.);
#2476 = EDGE_LOOP('',(#2477,#2478,#2479,#2480));
#2477 = ORIENTED_EDGE('',*,*,#1679,.T.);
#2478 = ORIENTED_EDGE('',*,*,#2464,.T.);
#2479 = ORIENTED_EDGE('',*,*,#1823,.F.);
#2480 = ORIENTED_EDGE('',*,*,#2481,.F.);
#2481 = EDGE_CURVE('',#1680,#1816,#2482,.T.);
#2482 = LINE('',#2483,#2484);
#2483 = CARTESIAN_POINT('',(5.85,4.55,-2.8));
#2484 = VECTOR('',#2485,1.);
#2485 = DIRECTION('',(0.,0.,1.));
#2486 = PLANE('',#2487);
#2487 = AXIS2_PLACEMENT_3D('',#2488,#2489,#2490);
#2488 = CARTESIAN_POINT('',(5.85,4.55,-2.8));
#2489 = DIRECTION('',(1.,0.,0.));
#2490 = DIRECTION('',(-0.,1.,0.));
#2491 = ADVANCED_FACE('',(#2492),#2519,.T.);
#2492 = FACE_BOUND('',#2493,.T.);
#2493 = EDGE_LOOP('',(#2494,#2495,#2496,#2504,#2512,#2518));
#2494 = ORIENTED_EDGE('',*,*,#2481,.T.);
#2495 = ORIENTED_EDGE('',*,*,#1815,.F.);
#2496 = ORIENTED_EDGE('',*,*,#2497,.F.);
#2497 = EDGE_CURVE('',#2498,#1808,#2500,.T.);
#2498 = VERTEX_POINT('',#2499);
#2499 = CARTESIAN_POINT('',(5.45,4.55,-2.4));
#2500 = LINE('',#2501,#2502);
#2501 = CARTESIAN_POINT('',(5.45,4.55,-2.4));
#2502 = VECTOR('',#2503,1.);
#2503 = DIRECTION('',(0.,0.,1.));
#2504 = ORIENTED_EDGE('',*,*,#2505,.T.);
#2505 = EDGE_CURVE('',#2498,#2506,#2508,.T.);
#2506 = VERTEX_POINT('',#2507);
#2507 = CARTESIAN_POINT('',(2.75,4.55,-2.4));
#2508 = LINE('',#2509,#2510);
#2509 = CARTESIAN_POINT('',(5.45,4.55,-2.4));
#2510 = VECTOR('',#2511,1.);
#2511 = DIRECTION('',(-1.,0.,-1.6E-16));
#2512 = ORIENTED_EDGE('',*,*,#2513,.F.);
#2513 = EDGE_CURVE('',#1688,#2506,#2514,.T.);
#2514 = LINE('',#2515,#2516);
#2515 = CARTESIAN_POINT('',(2.75,4.55,-2.8));
#2516 = VECTOR('',#2517,1.);
#2517 = DIRECTION('',(0.,0.,1.));
#2518 = ORIENTED_EDGE('',*,*,#1687,.F.);
#2519 = PLANE('',#2520);
#2520 = AXIS2_PLACEMENT_3D('',#2521,#2522,#2523);
#2521 = CARTESIAN_POINT('',(5.45,4.55,-2.8));
#2522 = DIRECTION('',(0.,-1.,0.));
#2523 = DIRECTION('',(1.,0.,0.));
#2524 = ADVANCED_FACE('',(#2525),#2543,.F.);
#2525 = FACE_BOUND('',#2526,.T.);
#2526 = EDGE_LOOP('',(#2527,#2528,#2529,#2537));
#2527 = ORIENTED_EDGE('',*,*,#1695,.F.);
#2528 = ORIENTED_EDGE('',*,*,#2513,.T.);
#2529 = ORIENTED_EDGE('',*,*,#2530,.T.);
#2530 = EDGE_CURVE('',#2506,#2531,#2533,.T.);
#2531 = VERTEX_POINT('',#2532);
#2532 = CARTESIAN_POINT('',(2.75,3.25,-2.4));
#2533 = LINE('',#2534,#2535);
#2534 = CARTESIAN_POINT('',(2.75,4.55,-2.4));
#2535 = VECTOR('',#2536,1.);
#2536 = DIRECTION('',(-3.4E-16,-1.,0.));
#2537 = ORIENTED_EDGE('',*,*,#2538,.F.);
#2538 = EDGE_CURVE('',#1696,#2531,#2539,.T.);
#2539 = LINE('',#2540,#2541);
#2540 = CARTESIAN_POINT('',(2.75,3.25,-2.8));
#2541 = VECTOR('',#2542,1.);
#2542 = DIRECTION('',(0.,0.,1.));
#2543 = PLANE('',#2544);
#2544 = AXIS2_PLACEMENT_3D('',#2545,#2546,#2547);
#2545 = CARTESIAN_POINT('',(2.75,4.55,-2.8));
#2546 = DIRECTION('',(-1.,3.4E-16,0.));
#2547 = DIRECTION('',(-3.4E-16,-1.,0.));
#2548 = ADVANCED_FACE('',(#2549),#2567,.F.);
#2549 = FACE_BOUND('',#2550,.T.);
#2550 = EDGE_LOOP('',(#2551,#2552,#2553,#2561));
#2551 = ORIENTED_EDGE('',*,*,#1703,.F.);
#2552 = ORIENTED_EDGE('',*,*,#2538,.T.);
#2553 = ORIENTED_EDGE('',*,*,#2554,.T.);
#2554 = EDGE_CURVE('',#2531,#2555,#2557,.T.);
#2555 = VERTEX_POINT('',#2556);
#2556 = CARTESIAN_POINT('',(3.85,2.15,-2.4));
#2557 = LINE('',#2558,#2559);
#2558 = CARTESIAN_POINT('',(2.75,3.25,-2.4));
#2559 = VECTOR('',#2560,1.);
#2560 = DIRECTION('',(0.707106781187,-0.707106781187,0.));
#2561 = ORIENTED_EDGE('',*,*,#2562,.F.);
#2562 = EDGE_CURVE('',#1704,#2555,#2563,.T.);
#2563 = LINE('',#2564,#2565);
#2564 = CARTESIAN_POINT('',(3.85,2.15,-2.8));
#2565 = VECTOR('',#2566,1.);
#2566 = DIRECTION('',(0.,0.,1.));
#2567 = PLANE('',#2568);
#2568 = AXIS2_PLACEMENT_3D('',#2569,#2570,#2571);
#2569 = CARTESIAN_POINT('',(2.75,3.25,-2.8));
#2570 = DIRECTION('',(-0.707106781187,-0.707106781187,0.));
#2571 = DIRECTION('',(0.707106781187,-0.707106781187,0.));
#2572 = ADVANCED_FACE('',(#2573),#2591,.F.);
#2573 = FACE_BOUND('',#2574,.T.);
#2574 = EDGE_LOOP('',(#2575,#2583,#2584,#2585));
#2575 = ORIENTED_EDGE('',*,*,#2576,.T.);
#2576 = EDGE_CURVE('',#2577,#1712,#2579,.T.);
#2577 = VERTEX_POINT('',#2578);
#2578 = CARTESIAN_POINT('',(5.45,2.15,-2.4));
#2579 = LINE('',#2580,#2581);
#2580 = CARTESIAN_POINT('',(5.45,2.15,-2.4));
#2581 = VECTOR('',#2582,1.);
#2582 = DIRECTION('',(0.,0.,-1.));
#2583 = ORIENTED_EDGE('',*,*,#1711,.F.);
#2584 = ORIENTED_EDGE('',*,*,#2562,.T.);
#2585 = ORIENTED_EDGE('',*,*,#2586,.T.);
#2586 = EDGE_CURVE('',#2555,#2577,#2587,.T.);
#2587 = LINE('',#2588,#2589);
#2588 = CARTESIAN_POINT('',(3.85,2.15,-2.4));
#2589 = VECTOR('',#2590,1.);
#2590 = DIRECTION('',(1.,0.,2.8E-16));
#2591 = PLANE('',#2592);
#2592 = AXIS2_PLACEMENT_3D('',#2593,#2594,#2595);
#2593 = CARTESIAN_POINT('',(3.85,2.15,-2.8));
#2594 = DIRECTION('',(0.,-1.,0.));
#2595 = DIRECTION('',(1.,0.,2.8E-16));
#2596 = ADVANCED_FACE('',(#2597),#2640,.T.);
#2597 = FACE_BOUND('',#2598,.T.);
#2598 = EDGE_LOOP('',(#2599,#2600,#2601,#2609,#2617,#2623,#2624,#2625,
    #2631,#2632,#2633,#2634));
#2599 = ORIENTED_EDGE('',*,*,#1942,.F.);
#2600 = ORIENTED_EDGE('',*,*,#1751,.T.);
#2601 = ORIENTED_EDGE('',*,*,#2602,.F.);
#2602 = EDGE_CURVE('',#2603,#1744,#2605,.T.);
#2603 = VERTEX_POINT('',#2604);
#2604 = CARTESIAN_POINT('',(5.45,-1.5,-2.4));
#2605 = LINE('',#2606,#2607);
#2606 = CARTESIAN_POINT('',(5.45,-1.5,-2.4));
#2607 = VECTOR('',#2608,1.);
#2608 = DIRECTION('',(0.,0.,-1.));
#2609 = ORIENTED_EDGE('',*,*,#2610,.F.);
#2610 = EDGE_CURVE('',#2611,#2603,#2613,.T.);
#2611 = VERTEX_POINT('',#2612);
#2612 = CARTESIAN_POINT('',(5.45,1.5,-2.4));
#2613 = LINE('',#2614,#2615);
#2614 = CARTESIAN_POINT('',(5.45,1.5,-2.4));
#2615 = VECTOR('',#2616,1.);
#2616 = DIRECTION('',(0.,-1.,0.));
#2617 = ORIENTED_EDGE('',*,*,#2618,.F.);
#2618 = EDGE_CURVE('',#1720,#2611,#2619,.T.);
#2619 = LINE('',#2620,#2621);
#2620 = CARTESIAN_POINT('',(5.45,1.5,-2.8));
#2621 = VECTOR('',#2622,1.);
#2622 = DIRECTION('',(0.,0.,1.));
#2623 = ORIENTED_EDGE('',*,*,#1719,.T.);
#2624 = ORIENTED_EDGE('',*,*,#2576,.F.);
#2625 = ORIENTED_EDGE('',*,*,#2626,.F.);
#2626 = EDGE_CURVE('',#2498,#2577,#2627,.T.);
#2627 = LINE('',#2628,#2629);
#2628 = CARTESIAN_POINT('',(5.45,4.55,-2.4));
#2629 = VECTOR('',#2630,1.);
#2630 = DIRECTION('',(0.,-1.,0.));
#2631 = ORIENTED_EDGE('',*,*,#2497,.T.);
#2632 = ORIENTED_EDGE('',*,*,#1807,.F.);
#2633 = ORIENTED_EDGE('',*,*,#2031,.F.);
#2634 = ORIENTED_EDGE('',*,*,#2635,.F.);
#2635 = EDGE_CURVE('',#1943,#2024,#2636,.T.);
#2636 = LINE('',#2637,#2638);
#2637 = CARTESIAN_POINT('',(5.45,-2.15,-2.4));
#2638 = VECTOR('',#2639,1.);
#2639 = DIRECTION('',(0.,-1.,0.));
#2640 = PLANE('',#2641);
#2641 = AXIS2_PLACEMENT_3D('',#2642,#2643,#2644);
#2642 = CARTESIAN_POINT('',(5.45,-4.55,-2.8));
#2643 = DIRECTION('',(1.,0.,0.));
#2644 = DIRECTION('',(-0.,1.,0.));
#2645 = ADVANCED_FACE('',(#2646),#2664,.F.);
#2646 = FACE_BOUND('',#2647,.T.);
#2647 = EDGE_LOOP('',(#2648,#2649,#2657,#2663));
#2648 = ORIENTED_EDGE('',*,*,#2618,.T.);
#2649 = ORIENTED_EDGE('',*,*,#2650,.T.);
#2650 = EDGE_CURVE('',#2611,#2651,#2653,.T.);
#2651 = VERTEX_POINT('',#2652);
#2652 = CARTESIAN_POINT('',(4.65,1.5,-2.4));
#2653 = LINE('',#2654,#2655);
#2654 = CARTESIAN_POINT('',(5.45,1.5,-2.4));
#2655 = VECTOR('',#2656,1.);
#2656 = DIRECTION('',(-1.,0.,-5.6E-16));
#2657 = ORIENTED_EDGE('',*,*,#2658,.F.);
#2658 = EDGE_CURVE('',#1728,#2651,#2659,.T.);
#2659 = LINE('',#2660,#2661);
#2660 = CARTESIAN_POINT('',(4.65,1.5,-2.8));
#2661 = VECTOR('',#2662,1.);
#2662 = DIRECTION('',(0.,0.,1.));
#2663 = ORIENTED_EDGE('',*,*,#1727,.F.);
#2664 = PLANE('',#2665);
#2665 = AXIS2_PLACEMENT_3D('',#2666,#2667,#2668);
#2666 = CARTESIAN_POINT('',(5.45,1.5,-2.8));
#2667 = DIRECTION('',(0.,1.,0.));
#2668 = DIRECTION('',(-1.,0.,-5.6E-16));
#2669 = ADVANCED_FACE('',(#2670),#2688,.F.);
#2670 = FACE_BOUND('',#2671,.T.);
#2671 = EDGE_LOOP('',(#2672,#2673,#2674,#2682));
#2672 = ORIENTED_EDGE('',*,*,#1735,.F.);
#2673 = ORIENTED_EDGE('',*,*,#2658,.T.);
#2674 = ORIENTED_EDGE('',*,*,#2675,.T.);
#2675 = EDGE_CURVE('',#2651,#2676,#2678,.T.);
#2676 = VERTEX_POINT('',#2677);
#2677 = CARTESIAN_POINT('',(4.65,-1.5,-2.4));
#2678 = LINE('',#2679,#2680);
#2679 = CARTESIAN_POINT('',(4.65,1.5,-2.4));
#2680 = VECTOR('',#2681,1.);
#2681 = DIRECTION('',(0.,-1.,0.));
#2682 = ORIENTED_EDGE('',*,*,#2683,.F.);
#2683 = EDGE_CURVE('',#1736,#2676,#2684,.T.);
#2684 = LINE('',#2685,#2686);
#2685 = CARTESIAN_POINT('',(4.65,-1.5,-2.8));
#2686 = VECTOR('',#2687,1.);
#2687 = DIRECTION('',(0.,0.,1.));
#2688 = PLANE('',#2689);
#2689 = AXIS2_PLACEMENT_3D('',#2690,#2691,#2692);
#2690 = CARTESIAN_POINT('',(4.65,1.5,-2.8));
#2691 = DIRECTION('',(-1.,0.,0.));
#2692 = DIRECTION('',(0.,-1.,0.));
#2693 = ADVANCED_FACE('',(#2694),#2705,.F.);
#2694 = FACE_BOUND('',#2695,.T.);
#2695 = EDGE_LOOP('',(#2696,#2697,#2698,#2699));
#2696 = ORIENTED_EDGE('',*,*,#2602,.T.);
#2697 = ORIENTED_EDGE('',*,*,#1743,.F.);
#2698 = ORIENTED_EDGE('',*,*,#2683,.T.);
#2699 = ORIENTED_EDGE('',*,*,#2700,.T.);
#2700 = EDGE_CURVE('',#2676,#2603,#2701,.T.);
#2701 = LINE('',#2702,#2703);
#2702 = CARTESIAN_POINT('',(4.65,-1.5,-2.4));
#2703 = VECTOR('',#2704,1.);
#2704 = DIRECTION('',(1.,0.,5.6E-16));
#2705 = PLANE('',#2706);
#2706 = AXIS2_PLACEMENT_3D('',#2707,#2708,#2709);
#2707 = CARTESIAN_POINT('',(4.65,-1.5,-2.8));
#2708 = DIRECTION('',(0.,-1.,0.));
#2709 = DIRECTION('',(1.,0.,5.6E-16));
#2710 = ADVANCED_FACE('',(#2711),#2718,.F.);
#2711 = FACE_BOUND('',#2712,.T.);
#2712 = EDGE_LOOP('',(#2713,#2714,#2715,#2716,#2717));
#2713 = ORIENTED_EDGE('',*,*,#2635,.T.);
#2714 = ORIENTED_EDGE('',*,*,#2023,.F.);
#2715 = ORIENTED_EDGE('',*,*,#1999,.F.);
#2716 = ORIENTED_EDGE('',*,*,#1975,.F.);
#2717 = ORIENTED_EDGE('',*,*,#1950,.F.);
#2718 = PLANE('',#2719);
#2719 = AXIS2_PLACEMENT_3D('',#2720,#2721,#2722);
#2720 = CARTESIAN_POINT('',(-5.E-17,0.,-2.4));
#2721 = DIRECTION('',(-1.2E-16,0.,1.));
#2722 = DIRECTION('',(1.,0.,1.2E-16));
#2723 = ADVANCED_FACE('',(#2724),#2731,.F.);
#2724 = FACE_BOUND('',#2725,.T.);
#2725 = EDGE_LOOP('',(#2726,#2727,#2728,#2729,#2730));
#2726 = ORIENTED_EDGE('',*,*,#2187,.T.);
#2727 = ORIENTED_EDGE('',*,*,#2172,.F.);
#2728 = ORIENTED_EDGE('',*,*,#2140,.F.);
#2729 = ORIENTED_EDGE('',*,*,#2116,.F.);
#2730 = ORIENTED_EDGE('',*,*,#2091,.F.);
#2731 = PLANE('',#2732);
#2732 = AXIS2_PLACEMENT_3D('',#2733,#2734,#2735);
#2733 = CARTESIAN_POINT('',(-5.E-17,0.,-2.4));
#2734 = DIRECTION('',(-1.2E-16,0.,1.));
#2735 = DIRECTION('',(1.,0.,1.2E-16));
#2736 = ADVANCED_FACE('',(#2737),#2744,.F.);
#2737 = FACE_BOUND('',#2738,.T.);
#2738 = EDGE_LOOP('',(#2739,#2740,#2741,#2742,#2743));
#2739 = ORIENTED_EDGE('',*,*,#2203,.T.);
#2740 = ORIENTED_EDGE('',*,*,#2388,.F.);
#2741 = ORIENTED_EDGE('',*,*,#2364,.F.);
#2742 = ORIENTED_EDGE('',*,*,#2340,.F.);
#2743 = ORIENTED_EDGE('',*,*,#2315,.F.);
#2744 = PLANE('',#2745);
#2745 = AXIS2_PLACEMENT_3D('',#2746,#2747,#2748);
#2746 = CARTESIAN_POINT('',(-5.E-17,0.,-2.4));
#2747 = DIRECTION('',(-1.2E-16,0.,1.));
#2748 = DIRECTION('',(1.,0.,1.2E-16));
#2749 = ADVANCED_FACE('',(#2750),#2756,.F.);
#2750 = FACE_BOUND('',#2751,.T.);
#2751 = EDGE_LOOP('',(#2752,#2753,#2754,#2755));
#2752 = ORIENTED_EDGE('',*,*,#2226,.T.);
#2753 = ORIENTED_EDGE('',*,*,#2300,.F.);
#2754 = ORIENTED_EDGE('',*,*,#2275,.F.);
#2755 = ORIENTED_EDGE('',*,*,#2250,.F.);
#2756 = PLANE('',#2757);
#2757 = AXIS2_PLACEMENT_3D('',#2758,#2759,#2760);
#2758 = CARTESIAN_POINT('',(-5.E-17,0.,-2.4));
#2759 = DIRECTION('',(-1.2E-16,0.,1.));
#2760 = DIRECTION('',(1.,0.,1.2E-16));
#2761 = ADVANCED_FACE('',(#2762),#2769,.F.);
#2762 = FACE_BOUND('',#2763,.T.);
#2763 = EDGE_LOOP('',(#2764,#2765,#2766,#2767,#2768));
#2764 = ORIENTED_EDGE('',*,*,#2626,.T.);
#2765 = ORIENTED_EDGE('',*,*,#2586,.F.);
#2766 = ORIENTED_EDGE('',*,*,#2554,.F.);
#2767 = ORIENTED_EDGE('',*,*,#2530,.F.);
#2768 = ORIENTED_EDGE('',*,*,#2505,.F.);
#2769 = PLANE('',#2770);
#2770 = AXIS2_PLACEMENT_3D('',#2771,#2772,#2773);
#2771 = CARTESIAN_POINT('',(-5.E-17,0.,-2.4));
#2772 = DIRECTION('',(-1.2E-16,0.,1.));
#2773 = DIRECTION('',(1.,0.,1.2E-16));
#2774 = ADVANCED_FACE('',(#2775),#2781,.F.);
#2775 = FACE_BOUND('',#2776,.T.);
#2776 = EDGE_LOOP('',(#2777,#2778,#2779,#2780));
#2777 = ORIENTED_EDGE('',*,*,#2610,.T.);
#2778 = ORIENTED_EDGE('',*,*,#2700,.F.);
#2779 = ORIENTED_EDGE('',*,*,#2675,.F.);
#2780 = ORIENTED_EDGE('',*,*,#2650,.F.);
#2781 = PLANE('',#2782);
#2782 = AXIS2_PLACEMENT_3D('',#2783,#2784,#2785);
#2783 = CARTESIAN_POINT('',(-5.E-17,0.,-2.4));
#2784 = DIRECTION('',(-1.2E-16,0.,1.));
#2785 = DIRECTION('',(1.,0.,1.2E-16));
#2786 = ( GEOMETRIC_REPRESENTATION_CONTEXT(3) 
GLOBAL_UNCERTAINTY_ASSIGNED_CONTEXT((#2790)) 
GLOBAL_UNIT_ASSIGNED_CONTEXT((#2787,#2788,#2789)) REPRESENTATION_CONTEXT
('Context #1','3D Context with UNIT and UNCERTAINTY') );
#2787 = ( LENGTH_UNIT() NAMED_UNIT(*) SI_UNIT(.MILLI.,.METRE.) );
#2788 = ( NAMED_UNIT(*) PLANE_ANGLE_UNIT() SI_UNIT($,.RADIAN.) );
#2789 = ( NAMED_UNIT(*) SI_UNIT($,.STERADIAN.) SOLID_ANGLE_UNIT() );
#2790 = UNCERTAINTY_MEASURE_WITH_UNIT(LENGTH_MEASURE(1.E-07),#2787,
  'distance_accuracy_value','confusion accuracy');
#2791 = CONTEXT_DEPENDENT_SHAPE_REPRESENTATION(#2792,#2794);
#2792 = ( REPRESENTATION_RELATIONSHIP('','',#1297,#1250) 
REPRESENTATION_RELATIONSHIP_WITH_TRANSFORMATION(#2793) 
SHAPE_REPRESENTATION_RELATIONSHIP() );
#2793 = ITEM_DEFINED_TRANSFORMATION('','',#11,#1251);
#2794 = PRODUCT_DEFINITION_SHAPE('Placement','Placement of an item',
  #2795);
#2795 = NEXT_ASSEMBLY_USAGE_OCCURRENCE('3','EC11-Housing-THT','',#1245,
  #1292,$);
#2796 = PRODUCT_RELATED_PRODUCT_CATEGORY('part',$,(#1294));
#2797 = SHAPE_DEFINITION_REPRESENTATION(#2798,#2804);
#2798 = PRODUCT_DEFINITION_SHAPE('','',#2799);
#2799 = PRODUCT_DEFINITION('design','',#2800,#2803);
#2800 = PRODUCT_DEFINITION_FORMATION('','',#2801);
#2801 = PRODUCT('EC11-Housing-THT001','EC11-Housing-THT001','',(#2802));
#2802 = PRODUCT_CONTEXT('',#2,'mechanical');
#2803 = PRODUCT_DEFINITION_CONTEXT('part definition',#2,'design');
#2804 = ADVANCED_BREP_SHAPE_REPRESENTATION('',(#11,#2805),#8347);
#2805 = MANIFOLD_SOLID_BREP('',#2806);
#2806 = CLOSED_SHELL('',(#2807,#2849,#2891,#2935,#3042,#3149,#3185,#3233
    ,#3257,#3281,#3305,#3322,#3353,#3384,#3408,#3433,#3457,#3482,#3506,
    #3530,#3561,#3586,#3610,#3641,#3665,#3690,#3714,#3739,#3763,#3787,
    #3818,#3836,#3853,#3870,#3901,#3932,#3956,#3973,#4003,#4033,#4051,
    #4069,#4105,#4122,#4139,#4181,#4223,#4267,#4309,#4351,#4395,#4419,
    #4443,#4467,#4484,#4508,#4532,#4556,#4573,#4591,#4609,#4642,#4675,
    #4851,#5027,#5049,#5071,#5088,#5105,#5122,#5170,#5192,#5209,#5237,
    #5259,#5276,#5324,#5346,#5363,#5375,#5410,#5436,#5471,#5539,#5607,
    #5619,#5631,#5699,#5767,#5800,#5831,#5864,#5896,#5937,#5970,#6001,
    #6025,#6047,#6069,#6086,#6103,#6115,#6132,#6149,#6161,#6337,#6513,
    #6535,#6557,#6574,#6591,#6608,#6656,#6678,#6695,#6723,#6745,#6762,
    #6810,#6832,#6849,#6861,#6896,#6922,#6957,#7025,#7093,#7105,#7117,
    #7185,#7253,#7286,#7317,#7350,#7382,#7423,#7456,#7487,#7511,#7533,
    #7555,#7572,#7589,#7601,#7618,#7635,#7647,#7659,#7671,#7713,#7737,
    #7761,#7779,#7797,#7829,#7853,#7878,#7895,#7937,#7961,#7979,#7997,
    #8009,#8051,#8075,#8099,#8117,#8135,#8167,#8191,#8216,#8233,#8275,
    #8299,#8317,#8335));
#2807 = ADVANCED_FACE('',(#2808),#2844,.T.);
#2808 = FACE_BOUND('',#2809,.T.);
#2809 = EDGE_LOOP('',(#2810,#2821,#2829,#2838));
#2810 = ORIENTED_EDGE('',*,*,#2811,.F.);
#2811 = EDGE_CURVE('',#2812,#2814,#2816,.T.);
#2812 = VERTEX_POINT('',#2813);
#2813 = CARTESIAN_POINT('',(5.449,4.5,-2.801));
#2814 = VERTEX_POINT('',#2815);
#2815 = CARTESIAN_POINT('',(5.578394951766,4.5,-2.779549662702));
#2816 = CIRCLE('',#2817,0.401);
#2817 = AXIS2_PLACEMENT_3D('',#2818,#2819,#2820);
#2818 = CARTESIAN_POINT('',(5.449,4.5,-2.4));
#2819 = DIRECTION('',(0.,-1.,0.));
#2820 = DIRECTION('',(4.43E-15,-0.,-1.));
#2821 = ORIENTED_EDGE('',*,*,#2822,.F.);
#2822 = EDGE_CURVE('',#2823,#2812,#2825,.T.);
#2823 = VERTEX_POINT('',#2824);
#2824 = CARTESIAN_POINT('',(5.449,4.5,-2.401));
#2825 = LINE('',#2826,#2827);
#2826 = CARTESIAN_POINT('',(5.449,4.5,-2.401));
#2827 = VECTOR('',#2828,1.);
#2828 = DIRECTION('',(4.44E-15,0.,-1.));
#2829 = ORIENTED_EDGE('',*,*,#2830,.T.);
#2830 = EDGE_CURVE('',#2823,#2831,#2833,.T.);
#2831 = VERTEX_POINT('',#2832);
#2832 = CARTESIAN_POINT('',(5.449322680678,4.5,-2.400946507887));
#2833 = CIRCLE('',#2834,9.999999999981E-04);
#2834 = AXIS2_PLACEMENT_3D('',#2835,#2836,#2837);
#2835 = CARTESIAN_POINT('',(5.449,4.5,-2.4));
#2836 = DIRECTION('',(-0.,-1.,0.));
#2837 = DIRECTION('',(-0.,0.,-1.));
#2838 = ORIENTED_EDGE('',*,*,#2839,.F.);
#2839 = EDGE_CURVE('',#2814,#2831,#2840,.T.);
#2840 = LINE('',#2841,#2842);
#2841 = CARTESIAN_POINT('',(5.578394951766,4.5,-2.779549662702));
#2842 = VECTOR('',#2843,1.);
#2843 = DIRECTION('',(-0.322680677722,0.,0.946507887038));
#2844 = PLANE('',#2845);
#2845 = AXIS2_PLACEMENT_3D('',#2846,#2847,#2848);
#2846 = CARTESIAN_POINT('',(5.578394951766,4.5,-2.779549662702));
#2847 = DIRECTION('',(0.,1.,-0.));
#2848 = DIRECTION('',(-0.946507887038,0.,-0.322680677722));
#2849 = ADVANCED_FACE('',(#2850),#2886,.T.);
#2850 = FACE_BOUND('',#2851,.T.);
#2851 = EDGE_LOOP('',(#2852,#2863,#2871,#2880));
#2852 = ORIENTED_EDGE('',*,*,#2853,.F.);
#2853 = EDGE_CURVE('',#2854,#2856,#2858,.T.);
#2854 = VERTEX_POINT('',#2855);
#2855 = CARTESIAN_POINT('',(5.449,2.4,-2.401));
#2856 = VERTEX_POINT('',#2857);
#2857 = CARTESIAN_POINT('',(5.449322680678,2.4,-2.400946507887));
#2858 = CIRCLE('',#2859,1.E-03);
#2859 = AXIS2_PLACEMENT_3D('',#2860,#2861,#2862);
#2860 = CARTESIAN_POINT('',(5.449,2.4,-2.4));
#2861 = DIRECTION('',(9.E-17,-1.,-1.14E-15));
#2862 = DIRECTION('',(0.,1.14E-15,-1.));
#2863 = ORIENTED_EDGE('',*,*,#2864,.T.);
#2864 = EDGE_CURVE('',#2854,#2865,#2867,.T.);
#2865 = VERTEX_POINT('',#2866);
#2866 = CARTESIAN_POINT('',(5.449,2.4,-2.801));
#2867 = LINE('',#2868,#2869);
#2868 = CARTESIAN_POINT('',(5.449,2.4,-2.401));
#2869 = VECTOR('',#2870,1.);
#2870 = DIRECTION('',(6.66E-15,0.,-1.));
#2871 = ORIENTED_EDGE('',*,*,#2872,.T.);
#2872 = EDGE_CURVE('',#2865,#2873,#2875,.T.);
#2873 = VERTEX_POINT('',#2874);
#2874 = CARTESIAN_POINT('',(5.578394951766,2.4,-2.779549662702));
#2875 = CIRCLE('',#2876,0.401);
#2876 = AXIS2_PLACEMENT_3D('',#2877,#2878,#2879);
#2877 = CARTESIAN_POINT('',(5.449,2.4,-2.4));
#2878 = DIRECTION('',(9.E-17,-1.,-1.14E-15));
#2879 = DIRECTION('',(4.43E-15,1.14E-15,-1.));
#2880 = ORIENTED_EDGE('',*,*,#2881,.T.);
#2881 = EDGE_CURVE('',#2873,#2856,#2882,.T.);
#2882 = LINE('',#2883,#2884);
#2883 = CARTESIAN_POINT('',(5.578394951766,2.4,-2.779549662702));
#2884 = VECTOR('',#2885,1.);
#2885 = DIRECTION('',(-0.322680677721,-1.11E-15,0.946507887038));
#2886 = PLANE('',#2887);
#2887 = AXIS2_PLACEMENT_3D('',#2888,#2889,#2890);
#2888 = CARTESIAN_POINT('',(5.449322680678,2.4,-2.400946507887));
#2889 = DIRECTION('',(9.E-17,-1.,-1.14E-15));
#2890 = DIRECTION('',(-0.946507887038,2.826702627691E-16,-0.322680677721
    ));
#2891 = ADVANCED_FACE('',(#2892),#2930,.F.);
#2892 = FACE_BOUND('',#2893,.T.);
#2893 = EDGE_LOOP('',(#2894,#2900,#2908,#2916,#2924));
#2894 = ORIENTED_EDGE('',*,*,#2895,.F.);
#2895 = EDGE_CURVE('',#2823,#2854,#2896,.T.);
#2896 = LINE('',#2897,#2898);
#2897 = CARTESIAN_POINT('',(5.449,4.5,-2.401));
#2898 = VECTOR('',#2899,1.);
#2899 = DIRECTION('',(-8.5E-16,-1.,0.));
#2900 = ORIENTED_EDGE('',*,*,#2901,.F.);
#2901 = EDGE_CURVE('',#2902,#2823,#2904,.T.);
#2902 = VERTEX_POINT('',#2903);
#2903 = CARTESIAN_POINT('',(2.931898208614,4.5,-2.401));
#2904 = LINE('',#2905,#2906);
#2905 = CARTESIAN_POINT('',(2.931898208614,4.5,-2.401));
#2906 = VECTOR('',#2907,1.);
#2907 = DIRECTION('',(1.,0.,4.59E-15));
#2908 = ORIENTED_EDGE('',*,*,#2909,.T.);
#2909 = EDGE_CURVE('',#2902,#2910,#2912,.T.);
#2910 = VERTEX_POINT('',#2911);
#2911 = CARTESIAN_POINT('',(2.931898208614,3.6,-2.401));
#2912 = LINE('',#2913,#2914);
#2913 = CARTESIAN_POINT('',(2.931898208614,4.5,-2.401));
#2914 = VECTOR('',#2915,1.);
#2915 = DIRECTION('',(0.,-1.,0.));
#2916 = ORIENTED_EDGE('',*,*,#2917,.T.);
#2917 = EDGE_CURVE('',#2910,#2918,#2920,.T.);
#2918 = VERTEX_POINT('',#2919);
#2919 = CARTESIAN_POINT('',(4.131898208614,2.4,-2.401));
#2920 = LINE('',#2921,#2922);
#2921 = CARTESIAN_POINT('',(2.931898208614,3.6,-2.401));
#2922 = VECTOR('',#2923,1.);
#2923 = DIRECTION('',(0.707106781187,-0.707106781187,3.14E-15));
#2924 = ORIENTED_EDGE('',*,*,#2925,.T.);
#2925 = EDGE_CURVE('',#2918,#2854,#2926,.T.);
#2926 = LINE('',#2927,#2928);
#2927 = CARTESIAN_POINT('',(4.131898208614,2.4,-2.401));
#2928 = VECTOR('',#2929,1.);
#2929 = DIRECTION('',(1.,-3.4E-16,4.72E-15));
#2930 = PLANE('',#2931);
#2931 = AXIS2_PLACEMENT_3D('',#2932,#2933,#2934);
#2932 = CARTESIAN_POINT('',(15.102796417228,0.,-2.401));
#2933 = DIRECTION('',(4.56E-15,0.,-1.));
#2934 = DIRECTION('',(-1.,0.,-4.56E-15));
#2935 = ADVANCED_FACE('',(#2936),#3037,.F.);
#2936 = FACE_BOUND('',#2937,.T.);
#2937 = EDGE_LOOP('',(#2938,#2948,#2957,#2965,#2973,#2981,#2989,#2998,
    #3006,#3015,#3023,#3031));
#2938 = ORIENTED_EDGE('',*,*,#2939,.T.);
#2939 = EDGE_CURVE('',#2940,#2942,#2944,.T.);
#2940 = VERTEX_POINT('',#2941);
#2941 = CARTESIAN_POINT('',(-5.449,-1.25,1.3));
#2942 = VERTEX_POINT('',#2943);
#2943 = CARTESIAN_POINT('',(-4.114304315434,-1.25,1.3));
#2944 = LINE('',#2945,#2946);
#2945 = CARTESIAN_POINT('',(-5.449,-1.25,1.3));
#2946 = VECTOR('',#2947,1.);
#2947 = DIRECTION('',(1.,1.33E-15,0.));
#2948 = ORIENTED_EDGE('',*,*,#2949,.T.);
#2949 = EDGE_CURVE('',#2942,#2950,#2952,.T.);
#2950 = VERTEX_POINT('',#2951);
#2951 = CARTESIAN_POINT('',(4.114304315434,-1.25,1.3));
#2952 = CIRCLE('',#2953,4.3);
#2953 = AXIS2_PLACEMENT_3D('',#2954,#2955,#2956);
#2954 = CARTESIAN_POINT('',(-4.4E-16,4.4E-16,1.3));
#2955 = DIRECTION('',(0.,0.,1.));
#2956 = DIRECTION('',(-0.956814957078,-0.290697674419,0.));
#2957 = ORIENTED_EDGE('',*,*,#2958,.T.);
#2958 = EDGE_CURVE('',#2950,#2959,#2961,.T.);
#2959 = VERTEX_POINT('',#2960);
#2960 = CARTESIAN_POINT('',(5.449,-1.25,1.3));
#2961 = LINE('',#2962,#2963);
#2962 = CARTESIAN_POINT('',(4.114304315434,-1.25,1.3));
#2963 = VECTOR('',#2964,1.);
#2964 = DIRECTION('',(1.,6.7E-16,0.));
#2965 = ORIENTED_EDGE('',*,*,#2966,.T.);
#2966 = EDGE_CURVE('',#2959,#2967,#2969,.T.);
#2967 = VERTEX_POINT('',#2968);
#2968 = CARTESIAN_POINT('',(5.449,-4.5,1.3));
#2969 = LINE('',#2970,#2971);
#2970 = CARTESIAN_POINT('',(5.449,-1.25,1.3));
#2971 = VECTOR('',#2972,1.);
#2972 = DIRECTION('',(0.,-1.,0.));
#2973 = ORIENTED_EDGE('',*,*,#2974,.T.);
#2974 = EDGE_CURVE('',#2967,#2975,#2977,.T.);
#2975 = VERTEX_POINT('',#2976);
#2976 = CARTESIAN_POINT('',(5.45,-4.5,1.3));
#2977 = LINE('',#2978,#2979);
#2978 = CARTESIAN_POINT('',(5.449,-4.5,1.3));
#2979 = VECTOR('',#2980,1.);
#2980 = DIRECTION('',(1.,0.,0.));
#2981 = ORIENTED_EDGE('',*,*,#2982,.F.);
#2982 = EDGE_CURVE('',#2983,#2975,#2985,.T.);
#2983 = VERTEX_POINT('',#2984);
#2984 = CARTESIAN_POINT('',(5.45,-5.5,1.3));
#2985 = LINE('',#2986,#2987);
#2986 = CARTESIAN_POINT('',(5.45,-5.5,1.3));
#2987 = VECTOR('',#2988,1.);
#2988 = DIRECTION('',(0.,1.,0.));
#2989 = ORIENTED_EDGE('',*,*,#2990,.F.);
#2990 = EDGE_CURVE('',#2991,#2983,#2993,.T.);
#2991 = VERTEX_POINT('',#2992);
#2992 = CARTESIAN_POINT('',(4.95,-6.,1.3));
#2993 = CIRCLE('',#2994,0.5);
#2994 = AXIS2_PLACEMENT_3D('',#2995,#2996,#2997);
#2995 = CARTESIAN_POINT('',(4.95,-5.5,1.3));
#2996 = DIRECTION('',(0.,0.,1.));
#2997 = DIRECTION('',(0.,-1.,0.));
#2998 = ORIENTED_EDGE('',*,*,#2999,.F.);
#2999 = EDGE_CURVE('',#3000,#2991,#3002,.T.);
#3000 = VERTEX_POINT('',#3001);
#3001 = CARTESIAN_POINT('',(-4.95,-6.,1.3));
#3002 = LINE('',#3003,#3004);
#3003 = CARTESIAN_POINT('',(-4.95,-6.,1.3));
#3004 = VECTOR('',#3005,1.);
#3005 = DIRECTION('',(1.,0.,0.));
#3006 = ORIENTED_EDGE('',*,*,#3007,.F.);
#3007 = EDGE_CURVE('',#3008,#3000,#3010,.T.);
#3008 = VERTEX_POINT('',#3009);
#3009 = CARTESIAN_POINT('',(-5.45,-5.5,1.3));
#3010 = CIRCLE('',#3011,0.5);
#3011 = AXIS2_PLACEMENT_3D('',#3012,#3013,#3014);
#3012 = CARTESIAN_POINT('',(-4.95,-5.5,1.3));
#3013 = DIRECTION('',(0.,0.,1.));
#3014 = DIRECTION('',(-1.,0.,0.));
#3015 = ORIENTED_EDGE('',*,*,#3016,.F.);
#3016 = EDGE_CURVE('',#3017,#3008,#3019,.T.);
#3017 = VERTEX_POINT('',#3018);
#3018 = CARTESIAN_POINT('',(-5.45,-4.5,1.3));
#3019 = LINE('',#3020,#3021);
#3020 = CARTESIAN_POINT('',(-5.45,-4.5,1.3));
#3021 = VECTOR('',#3022,1.);
#3022 = DIRECTION('',(0.,-1.,0.));
#3023 = ORIENTED_EDGE('',*,*,#3024,.T.);
#3024 = EDGE_CURVE('',#3017,#3025,#3027,.T.);
#3025 = VERTEX_POINT('',#3026);
#3026 = CARTESIAN_POINT('',(-5.449,-4.5,1.3));
#3027 = LINE('',#3028,#3029);
#3028 = CARTESIAN_POINT('',(-5.45,-4.5,1.3));
#3029 = VECTOR('',#3030,1.);
#3030 = DIRECTION('',(1.,0.,0.));
#3031 = ORIENTED_EDGE('',*,*,#3032,.T.);
#3032 = EDGE_CURVE('',#3025,#2940,#3033,.T.);
#3033 = LINE('',#3034,#3035);
#3034 = CARTESIAN_POINT('',(-5.449,-4.5,1.3));
#3035 = VECTOR('',#3036,1.);
#3036 = DIRECTION('',(0.,1.,0.));
#3037 = PLANE('',#3038);
#3038 = AXIS2_PLACEMENT_3D('',#3039,#3040,#3041);
#3039 = CARTESIAN_POINT('',(0.,0.,1.3));
#3040 = DIRECTION('',(0.,0.,1.));
#3041 = DIRECTION('',(1.,0.,-0.));
#3042 = ADVANCED_FACE('',(#3043),#3144,.F.);
#3043 = FACE_BOUND('',#3044,.T.);
#3044 = EDGE_LOOP('',(#3045,#3056,#3064,#3072,#3080,#3088,#3097,#3105,
    #3114,#3122,#3130,#3138));
#3045 = ORIENTED_EDGE('',*,*,#3046,.T.);
#3046 = EDGE_CURVE('',#3047,#3049,#3051,.T.);
#3047 = VERTEX_POINT('',#3048);
#3048 = CARTESIAN_POINT('',(4.114304315434,1.25,1.3));
#3049 = VERTEX_POINT('',#3050);
#3050 = CARTESIAN_POINT('',(-4.114304315434,1.25,1.3));
#3051 = CIRCLE('',#3052,4.3);
#3052 = AXIS2_PLACEMENT_3D('',#3053,#3054,#3055);
#3053 = CARTESIAN_POINT('',(0.,0.,1.3));
#3054 = DIRECTION('',(0.,-0.,1.));
#3055 = DIRECTION('',(0.956814957078,0.290697674419,0.));
#3056 = ORIENTED_EDGE('',*,*,#3057,.T.);
#3057 = EDGE_CURVE('',#3049,#3058,#3060,.T.);
#3058 = VERTEX_POINT('',#3059);
#3059 = CARTESIAN_POINT('',(-5.449,1.25,1.3));
#3060 = LINE('',#3061,#3062);
#3061 = CARTESIAN_POINT('',(-4.114304315434,1.25,1.3));
#3062 = VECTOR('',#3063,1.);
#3063 = DIRECTION('',(-1.,-3.3E-16,0.));
#3064 = ORIENTED_EDGE('',*,*,#3065,.T.);
#3065 = EDGE_CURVE('',#3058,#3066,#3068,.T.);
#3066 = VERTEX_POINT('',#3067);
#3067 = CARTESIAN_POINT('',(-5.449,4.5,1.3));
#3068 = LINE('',#3069,#3070);
#3069 = CARTESIAN_POINT('',(-5.449,1.25,1.3));
#3070 = VECTOR('',#3071,1.);
#3071 = DIRECTION('',(0.,1.,0.));
#3072 = ORIENTED_EDGE('',*,*,#3073,.T.);
#3073 = EDGE_CURVE('',#3066,#3074,#3076,.T.);
#3074 = VERTEX_POINT('',#3075);
#3075 = CARTESIAN_POINT('',(-5.45,4.5,1.3));
#3076 = LINE('',#3077,#3078);
#3077 = CARTESIAN_POINT('',(-5.449,4.5,1.3));
#3078 = VECTOR('',#3079,1.);
#3079 = DIRECTION('',(-1.,0.,0.));
#3080 = ORIENTED_EDGE('',*,*,#3081,.F.);
#3081 = EDGE_CURVE('',#3082,#3074,#3084,.T.);
#3082 = VERTEX_POINT('',#3083);
#3083 = CARTESIAN_POINT('',(-5.45,5.5,1.3));
#3084 = LINE('',#3085,#3086);
#3085 = CARTESIAN_POINT('',(-5.45,5.5,1.3));
#3086 = VECTOR('',#3087,1.);
#3087 = DIRECTION('',(0.,-1.,0.));
#3088 = ORIENTED_EDGE('',*,*,#3089,.F.);
#3089 = EDGE_CURVE('',#3090,#3082,#3092,.T.);
#3090 = VERTEX_POINT('',#3091);
#3091 = CARTESIAN_POINT('',(-4.95,6.,1.3));
#3092 = CIRCLE('',#3093,0.5);
#3093 = AXIS2_PLACEMENT_3D('',#3094,#3095,#3096);
#3094 = CARTESIAN_POINT('',(-4.95,5.5,1.3));
#3095 = DIRECTION('',(0.,-0.,1.));
#3096 = DIRECTION('',(0.,1.,0.));
#3097 = ORIENTED_EDGE('',*,*,#3098,.F.);
#3098 = EDGE_CURVE('',#3099,#3090,#3101,.T.);
#3099 = VERTEX_POINT('',#3100);
#3100 = CARTESIAN_POINT('',(4.95,6.,1.3));
#3101 = LINE('',#3102,#3103);
#3102 = CARTESIAN_POINT('',(4.95,6.,1.3));
#3103 = VECTOR('',#3104,1.);
#3104 = DIRECTION('',(-1.,0.,0.));
#3105 = ORIENTED_EDGE('',*,*,#3106,.F.);
#3106 = EDGE_CURVE('',#3107,#3099,#3109,.T.);
#3107 = VERTEX_POINT('',#3108);
#3108 = CARTESIAN_POINT('',(5.45,5.5,1.3));
#3109 = CIRCLE('',#3110,0.5);
#3110 = AXIS2_PLACEMENT_3D('',#3111,#3112,#3113);
#3111 = CARTESIAN_POINT('',(4.95,5.5,1.3));
#3112 = DIRECTION('',(0.,0.,1.));
#3113 = DIRECTION('',(1.,0.,-0.));
#3114 = ORIENTED_EDGE('',*,*,#3115,.F.);
#3115 = EDGE_CURVE('',#3116,#3107,#3118,.T.);
#3116 = VERTEX_POINT('',#3117);
#3117 = CARTESIAN_POINT('',(5.45,4.5,1.3));
#3118 = LINE('',#3119,#3120);
#3119 = CARTESIAN_POINT('',(5.45,4.5,1.3));
#3120 = VECTOR('',#3121,1.);
#3121 = DIRECTION('',(0.,1.,0.));
#3122 = ORIENTED_EDGE('',*,*,#3123,.T.);
#3123 = EDGE_CURVE('',#3116,#3124,#3126,.T.);
#3124 = VERTEX_POINT('',#3125);
#3125 = CARTESIAN_POINT('',(5.449,4.5,1.3));
#3126 = LINE('',#3127,#3128);
#3127 = CARTESIAN_POINT('',(5.45,4.5,1.3));
#3128 = VECTOR('',#3129,1.);
#3129 = DIRECTION('',(-1.,0.,0.));
#3130 = ORIENTED_EDGE('',*,*,#3131,.T.);
#3131 = EDGE_CURVE('',#3124,#3132,#3134,.T.);
#3132 = VERTEX_POINT('',#3133);
#3133 = CARTESIAN_POINT('',(5.449,1.25,1.3));
#3134 = LINE('',#3135,#3136);
#3135 = CARTESIAN_POINT('',(5.449,4.5,1.3));
#3136 = VECTOR('',#3137,1.);
#3137 = DIRECTION('',(0.,-1.,0.));
#3138 = ORIENTED_EDGE('',*,*,#3139,.T.);
#3139 = EDGE_CURVE('',#3132,#3047,#3140,.T.);
#3140 = LINE('',#3141,#3142);
#3141 = CARTESIAN_POINT('',(5.449,1.25,1.3));
#3142 = VECTOR('',#3143,1.);
#3143 = DIRECTION('',(-1.,0.,0.));
#3144 = PLANE('',#3145);
#3145 = AXIS2_PLACEMENT_3D('',#3146,#3147,#3148);
#3146 = CARTESIAN_POINT('',(0.,0.,1.3));
#3147 = DIRECTION('',(0.,0.,1.));
#3148 = DIRECTION('',(1.,0.,-0.));
#3149 = ADVANCED_FACE('',(#3150),#3180,.T.);
#3150 = FACE_BOUND('',#3151,.T.);
#3151 = EDGE_LOOP('',(#3152,#3162,#3168,#3174));
#3152 = ORIENTED_EDGE('',*,*,#3153,.F.);
#3153 = EDGE_CURVE('',#3154,#3156,#3158,.T.);
#3154 = VERTEX_POINT('',#3155);
#3155 = CARTESIAN_POINT('',(5.849998753118,1.25,1.299999998964));
#3156 = VERTEX_POINT('',#3157);
#3157 = CARTESIAN_POINT('',(5.849998753118,-1.25,1.299999998964));
#3158 = LINE('',#3159,#3160);
#3159 = CARTESIAN_POINT('',(5.849998753115,1.25,1.3));
#3160 = VECTOR('',#3161,1.);
#3161 = DIRECTION('',(0.,-1.,0.));
#3162 = ORIENTED_EDGE('',*,*,#3163,.T.);
#3163 = EDGE_CURVE('',#3154,#3132,#3164,.T.);
#3164 = LINE('',#3165,#3166);
#3165 = CARTESIAN_POINT('',(5.849998753115,1.25,1.3));
#3166 = VECTOR('',#3167,1.);
#3167 = DIRECTION('',(-1.,0.,0.));
#3168 = ORIENTED_EDGE('',*,*,#3169,.F.);
#3169 = EDGE_CURVE('',#2959,#3132,#3170,.T.);
#3170 = LINE('',#3171,#3172);
#3171 = CARTESIAN_POINT('',(5.449,-1.25,1.3));
#3172 = VECTOR('',#3173,1.);
#3173 = DIRECTION('',(0.,1.,0.));
#3174 = ORIENTED_EDGE('',*,*,#3175,.T.);
#3175 = EDGE_CURVE('',#2959,#3156,#3176,.T.);
#3176 = LINE('',#3177,#3178);
#3177 = CARTESIAN_POINT('',(5.449,-1.25,1.3));
#3178 = VECTOR('',#3179,1.);
#3179 = DIRECTION('',(1.,5.5E-16,0.));
#3180 = PLANE('',#3181);
#3181 = AXIS2_PLACEMENT_3D('',#3182,#3183,#3184);
#3182 = CARTESIAN_POINT('',(0.,0.,1.3));
#3183 = DIRECTION('',(0.,0.,1.));
#3184 = DIRECTION('',(1.,0.,-0.));
#3185 = ADVANCED_FACE('',(#3186),#3228,.F.);
#3186 = FACE_BOUND('',#3187,.T.);
#3187 = EDGE_LOOP('',(#3188,#3198,#3206,#3214,#3222));
#3188 = ORIENTED_EDGE('',*,*,#3189,.F.);
#3189 = EDGE_CURVE('',#3190,#3192,#3194,.T.);
#3190 = VERTEX_POINT('',#3191);
#3191 = CARTESIAN_POINT('',(5.449,-2.4,-2.401));
#3192 = VERTEX_POINT('',#3193);
#3193 = CARTESIAN_POINT('',(5.449,-4.5,-2.401));
#3194 = LINE('',#3195,#3196);
#3195 = CARTESIAN_POINT('',(5.449,-2.4,-2.401));
#3196 = VECTOR('',#3197,1.);
#3197 = DIRECTION('',(8.5E-16,-1.,-2.11E-15));
#3198 = ORIENTED_EDGE('',*,*,#3199,.T.);
#3199 = EDGE_CURVE('',#3190,#3200,#3202,.T.);
#3200 = VERTEX_POINT('',#3201);
#3201 = CARTESIAN_POINT('',(4.131898208614,-2.4,-2.401));
#3202 = LINE('',#3203,#3204);
#3203 = CARTESIAN_POINT('',(5.449,-2.4,-2.401));
#3204 = VECTOR('',#3205,1.);
#3205 = DIRECTION('',(-1.,-1.35E-15,-4.72E-15));
#3206 = ORIENTED_EDGE('',*,*,#3207,.T.);
#3207 = EDGE_CURVE('',#3200,#3208,#3210,.T.);
#3208 = VERTEX_POINT('',#3209);
#3209 = CARTESIAN_POINT('',(2.931898208614,-3.6,-2.401));
#3210 = LINE('',#3211,#3212);
#3211 = CARTESIAN_POINT('',(4.131898208614,-2.4,-2.401));
#3212 = VECTOR('',#3213,1.);
#3213 = DIRECTION('',(-0.707106781187,-0.707106781187,-4.71E-15));
#3214 = ORIENTED_EDGE('',*,*,#3215,.T.);
#3215 = EDGE_CURVE('',#3208,#3216,#3218,.T.);
#3216 = VERTEX_POINT('',#3217);
#3217 = CARTESIAN_POINT('',(2.931898208614,-4.5,-2.401));
#3218 = LINE('',#3219,#3220);
#3219 = CARTESIAN_POINT('',(2.931898208614,-3.6,-2.401));
#3220 = VECTOR('',#3221,1.);
#3221 = DIRECTION('',(1.48E-15,-1.,-1.97E-15));
#3222 = ORIENTED_EDGE('',*,*,#3223,.F.);
#3223 = EDGE_CURVE('',#3192,#3216,#3224,.T.);
#3224 = LINE('',#3225,#3226);
#3225 = CARTESIAN_POINT('',(5.449,-4.5,-2.401));
#3226 = VECTOR('',#3227,1.);
#3227 = DIRECTION('',(-1.,-1.41E-15,-4.41E-15));
#3228 = PLANE('',#3229);
#3229 = AXIS2_PLACEMENT_3D('',#3230,#3231,#3232);
#3230 = CARTESIAN_POINT('',(15.102796417228,1.595E-14,-2.401));
#3231 = DIRECTION('',(4.56E-15,2.22E-15,-1.));
#3232 = DIRECTION('',(-1.,-1.69E-15,-4.56E-15));
#3233 = ADVANCED_FACE('',(#3234),#3252,.T.);
#3234 = FACE_BOUND('',#3235,.T.);
#3235 = EDGE_LOOP('',(#3236,#3237,#3245,#3251));
#3236 = ORIENTED_EDGE('',*,*,#2822,.T.);
#3237 = ORIENTED_EDGE('',*,*,#3238,.F.);
#3238 = EDGE_CURVE('',#3239,#2812,#3241,.T.);
#3239 = VERTEX_POINT('',#3240);
#3240 = CARTESIAN_POINT('',(2.931898208614,4.5,-2.801));
#3241 = LINE('',#3242,#3243);
#3242 = CARTESIAN_POINT('',(2.931898208614,4.5,-2.801));
#3243 = VECTOR('',#3244,1.);
#3244 = DIRECTION('',(1.,0.,4.59E-15));
#3245 = ORIENTED_EDGE('',*,*,#3246,.F.);
#3246 = EDGE_CURVE('',#2902,#3239,#3247,.T.);
#3247 = LINE('',#3248,#3249);
#3248 = CARTESIAN_POINT('',(2.931898208614,4.5,-2.401));
#3249 = VECTOR('',#3250,1.);
#3250 = DIRECTION('',(4.44E-15,0.,-1.));
#3251 = ORIENTED_EDGE('',*,*,#2901,.T.);
#3252 = PLANE('',#3253);
#3253 = AXIS2_PLACEMENT_3D('',#3254,#3255,#3256);
#3254 = CARTESIAN_POINT('',(-0.198101791386,4.5,-2.401));
#3255 = DIRECTION('',(0.,1.,0.));
#3256 = DIRECTION('',(1.,-0.,4.56E-15));
#3257 = ADVANCED_FACE('',(#3258),#3276,.F.);
#3258 = FACE_BOUND('',#3259,.T.);
#3259 = EDGE_LOOP('',(#3260,#3261,#3262,#3270));
#3260 = ORIENTED_EDGE('',*,*,#2864,.F.);
#3261 = ORIENTED_EDGE('',*,*,#2925,.F.);
#3262 = ORIENTED_EDGE('',*,*,#3263,.F.);
#3263 = EDGE_CURVE('',#3264,#2918,#3266,.T.);
#3264 = VERTEX_POINT('',#3265);
#3265 = CARTESIAN_POINT('',(4.131898208614,2.4,-2.801));
#3266 = LINE('',#3267,#3268);
#3267 = CARTESIAN_POINT('',(4.131898208614,2.4,-2.801));
#3268 = VECTOR('',#3269,1.);
#3269 = DIRECTION('',(-4.44E-15,0.,1.));
#3270 = ORIENTED_EDGE('',*,*,#3271,.T.);
#3271 = EDGE_CURVE('',#3264,#2865,#3272,.T.);
#3272 = LINE('',#3273,#3274);
#3273 = CARTESIAN_POINT('',(4.131898208614,2.4,-2.801));
#3274 = VECTOR('',#3275,1.);
#3275 = DIRECTION('',(1.,-3.4E-16,4.72E-15));
#3276 = PLANE('',#3277);
#3277 = AXIS2_PLACEMENT_3D('',#3278,#3279,#3280);
#3278 = CARTESIAN_POINT('',(5.501898208614,2.4,-2.801));
#3279 = DIRECTION('',(3.2E-16,1.,0.));
#3280 = DIRECTION('',(-1.,3.2E-16,-5.39E-15));
#3281 = ADVANCED_FACE('',(#3282),#3300,.F.);
#3282 = FACE_BOUND('',#3283,.T.);
#3283 = EDGE_LOOP('',(#3284,#3285,#3293,#3299));
#3284 = ORIENTED_EDGE('',*,*,#2917,.F.);
#3285 = ORIENTED_EDGE('',*,*,#3286,.F.);
#3286 = EDGE_CURVE('',#3287,#2910,#3289,.T.);
#3287 = VERTEX_POINT('',#3288);
#3288 = CARTESIAN_POINT('',(2.931898208614,3.6,-2.801));
#3289 = LINE('',#3290,#3291);
#3290 = CARTESIAN_POINT('',(2.931898208614,3.6,-2.801));
#3291 = VECTOR('',#3292,1.);
#3292 = DIRECTION('',(-5.55E-15,0.,1.));
#3293 = ORIENTED_EDGE('',*,*,#3294,.T.);
#3294 = EDGE_CURVE('',#3287,#3264,#3295,.T.);
#3295 = LINE('',#3296,#3297);
#3296 = CARTESIAN_POINT('',(2.931898208614,3.6,-2.801));
#3297 = VECTOR('',#3298,1.);
#3298 = DIRECTION('',(0.707106781187,-0.707106781187,3.14E-15));
#3299 = ORIENTED_EDGE('',*,*,#3263,.T.);
#3300 = PLANE('',#3301);
#3301 = AXIS2_PLACEMENT_3D('',#3302,#3303,#3304);
#3302 = CARTESIAN_POINT('',(4.131898208614,2.4,-2.801));
#3303 = DIRECTION('',(0.707106781187,0.707106781187,3.78E-15));
#3304 = DIRECTION('',(-0.707106781187,0.707106781187,-3.81E-15));
#3305 = ADVANCED_FACE('',(#3306),#3317,.F.);
#3306 = FACE_BOUND('',#3307,.T.);
#3307 = EDGE_LOOP('',(#3308,#3309,#3310,#3316));
#3308 = ORIENTED_EDGE('',*,*,#2909,.F.);
#3309 = ORIENTED_EDGE('',*,*,#3246,.T.);
#3310 = ORIENTED_EDGE('',*,*,#3311,.T.);
#3311 = EDGE_CURVE('',#3239,#3287,#3312,.T.);
#3312 = LINE('',#3313,#3314);
#3313 = CARTESIAN_POINT('',(2.931898208614,4.5,-2.801));
#3314 = VECTOR('',#3315,1.);
#3315 = DIRECTION('',(0.,-1.,0.));
#3316 = ORIENTED_EDGE('',*,*,#3286,.T.);
#3317 = PLANE('',#3318);
#3318 = AXIS2_PLACEMENT_3D('',#3319,#3320,#3321);
#3319 = CARTESIAN_POINT('',(2.931898208614,3.6,-2.801));
#3320 = DIRECTION('',(1.,0.,5.31E-15));
#3321 = DIRECTION('',(-0.,1.,0.));
#3322 = ADVANCED_FACE('',(#3323),#3348,.F.);
#3323 = FACE_BOUND('',#3324,.T.);
#3324 = EDGE_LOOP('',(#3325,#3333,#3341,#3347));
#3325 = ORIENTED_EDGE('',*,*,#3326,.T.);
#3326 = EDGE_CURVE('',#3116,#3327,#3329,.T.);
#3327 = VERTEX_POINT('',#3328);
#3328 = CARTESIAN_POINT('',(5.45,4.5,1.7));
#3329 = LINE('',#3330,#3331);
#3330 = CARTESIAN_POINT('',(5.45,4.5,1.3));
#3331 = VECTOR('',#3332,1.);
#3332 = DIRECTION('',(0.,0.,1.));
#3333 = ORIENTED_EDGE('',*,*,#3334,.T.);
#3334 = EDGE_CURVE('',#3327,#3335,#3337,.T.);
#3335 = VERTEX_POINT('',#3336);
#3336 = CARTESIAN_POINT('',(5.449,4.5,1.7));
#3337 = LINE('',#3338,#3339);
#3338 = CARTESIAN_POINT('',(5.45,4.5,1.7));
#3339 = VECTOR('',#3340,1.);
#3340 = DIRECTION('',(-1.,0.,0.));
#3341 = ORIENTED_EDGE('',*,*,#3342,.T.);
#3342 = EDGE_CURVE('',#3335,#3124,#3343,.T.);
#3343 = LINE('',#3344,#3345);
#3344 = CARTESIAN_POINT('',(5.449,4.5,1.7));
#3345 = VECTOR('',#3346,1.);
#3346 = DIRECTION('',(0.,0.,-1.));
#3347 = ORIENTED_EDGE('',*,*,#3123,.F.);
#3348 = PLANE('',#3349);
#3349 = AXIS2_PLACEMENT_3D('',#3350,#3351,#3352);
#3350 = CARTESIAN_POINT('',(5.45,4.5,1.3));
#3351 = DIRECTION('',(0.,1.,-0.));
#3352 = DIRECTION('',(-1.,0.,0.));
#3353 = ADVANCED_FACE('',(#3354),#3379,.F.);
#3354 = FACE_BOUND('',#3355,.T.);
#3355 = EDGE_LOOP('',(#3356,#3364,#3372,#3378));
#3356 = ORIENTED_EDGE('',*,*,#3357,.T.);
#3357 = EDGE_CURVE('',#3017,#3358,#3360,.T.);
#3358 = VERTEX_POINT('',#3359);
#3359 = CARTESIAN_POINT('',(-5.45,-4.5,1.7));
#3360 = LINE('',#3361,#3362);
#3361 = CARTESIAN_POINT('',(-5.45,-4.5,1.3));
#3362 = VECTOR('',#3363,1.);
#3363 = DIRECTION('',(0.,0.,1.));
#3364 = ORIENTED_EDGE('',*,*,#3365,.T.);
#3365 = EDGE_CURVE('',#3358,#3366,#3368,.T.);
#3366 = VERTEX_POINT('',#3367);
#3367 = CARTESIAN_POINT('',(-5.449,-4.5,1.7));
#3368 = LINE('',#3369,#3370);
#3369 = CARTESIAN_POINT('',(-5.45,-4.5,1.7));
#3370 = VECTOR('',#3371,1.);
#3371 = DIRECTION('',(1.,0.,0.));
#3372 = ORIENTED_EDGE('',*,*,#3373,.T.);
#3373 = EDGE_CURVE('',#3366,#3025,#3374,.T.);
#3374 = LINE('',#3375,#3376);
#3375 = CARTESIAN_POINT('',(-5.449,-4.5,1.7));
#3376 = VECTOR('',#3377,1.);
#3377 = DIRECTION('',(0.,0.,-1.));
#3378 = ORIENTED_EDGE('',*,*,#3024,.F.);
#3379 = PLANE('',#3380);
#3380 = AXIS2_PLACEMENT_3D('',#3381,#3382,#3383);
#3381 = CARTESIAN_POINT('',(-5.45,-4.5,1.3));
#3382 = DIRECTION('',(0.,-1.,0.));
#3383 = DIRECTION('',(1.,0.,0.));
#3384 = ADVANCED_FACE('',(#3385),#3403,.T.);
#3385 = FACE_BOUND('',#3386,.T.);
#3386 = EDGE_LOOP('',(#3387,#3388,#3389,#3397));
#3387 = ORIENTED_EDGE('',*,*,#3357,.F.);
#3388 = ORIENTED_EDGE('',*,*,#3016,.T.);
#3389 = ORIENTED_EDGE('',*,*,#3390,.T.);
#3390 = EDGE_CURVE('',#3008,#3391,#3393,.T.);
#3391 = VERTEX_POINT('',#3392);
#3392 = CARTESIAN_POINT('',(-5.45,-5.5,1.7));
#3393 = LINE('',#3394,#3395);
#3394 = CARTESIAN_POINT('',(-5.45,-5.5,1.3));
#3395 = VECTOR('',#3396,1.);
#3396 = DIRECTION('',(0.,0.,1.));
#3397 = ORIENTED_EDGE('',*,*,#3398,.F.);
#3398 = EDGE_CURVE('',#3358,#3391,#3399,.T.);
#3399 = LINE('',#3400,#3401);
#3400 = CARTESIAN_POINT('',(-5.45,-4.5,1.7));
#3401 = VECTOR('',#3402,1.);
#3402 = DIRECTION('',(0.,-1.,0.));
#3403 = PLANE('',#3404);
#3404 = AXIS2_PLACEMENT_3D('',#3405,#3406,#3407);
#3405 = CARTESIAN_POINT('',(-5.45,-4.5,1.3));
#3406 = DIRECTION('',(-1.,0.,0.));
#3407 = DIRECTION('',(0.,-1.,0.));
#3408 = ADVANCED_FACE('',(#3409),#3428,.T.);
#3409 = FACE_BOUND('',#3410,.T.);
#3410 = EDGE_LOOP('',(#3411,#3412,#3420,#3427));
#3411 = ORIENTED_EDGE('',*,*,#3007,.T.);
#3412 = ORIENTED_EDGE('',*,*,#3413,.T.);
#3413 = EDGE_CURVE('',#3000,#3414,#3416,.T.);
#3414 = VERTEX_POINT('',#3415);
#3415 = CARTESIAN_POINT('',(-4.95,-6.,1.7));
#3416 = LINE('',#3417,#3418);
#3417 = CARTESIAN_POINT('',(-4.95,-6.,1.3));
#3418 = VECTOR('',#3419,1.);
#3419 = DIRECTION('',(0.,0.,1.));
#3420 = ORIENTED_EDGE('',*,*,#3421,.F.);
#3421 = EDGE_CURVE('',#3391,#3414,#3422,.T.);
#3422 = CIRCLE('',#3423,0.5);
#3423 = AXIS2_PLACEMENT_3D('',#3424,#3425,#3426);
#3424 = CARTESIAN_POINT('',(-4.95,-5.5,1.7));
#3425 = DIRECTION('',(0.,0.,1.));
#3426 = DIRECTION('',(-1.,0.,0.));
#3427 = ORIENTED_EDGE('',*,*,#3390,.F.);
#3428 = CYLINDRICAL_SURFACE('',#3429,0.5);
#3429 = AXIS2_PLACEMENT_3D('',#3430,#3431,#3432);
#3430 = CARTESIAN_POINT('',(-4.95,-5.5,1.3));
#3431 = DIRECTION('',(0.,0.,1.));
#3432 = DIRECTION('',(-1.,0.,0.));
#3433 = ADVANCED_FACE('',(#3434),#3452,.T.);
#3434 = FACE_BOUND('',#3435,.T.);
#3435 = EDGE_LOOP('',(#3436,#3437,#3445,#3451));
#3436 = ORIENTED_EDGE('',*,*,#2999,.T.);
#3437 = ORIENTED_EDGE('',*,*,#3438,.T.);
#3438 = EDGE_CURVE('',#2991,#3439,#3441,.T.);
#3439 = VERTEX_POINT('',#3440);
#3440 = CARTESIAN_POINT('',(4.95,-6.,1.7));
#3441 = LINE('',#3442,#3443);
#3442 = CARTESIAN_POINT('',(4.95,-6.,1.3));
#3443 = VECTOR('',#3444,1.);
#3444 = DIRECTION('',(0.,0.,1.));
#3445 = ORIENTED_EDGE('',*,*,#3446,.F.);
#3446 = EDGE_CURVE('',#3414,#3439,#3447,.T.);
#3447 = LINE('',#3448,#3449);
#3448 = CARTESIAN_POINT('',(-4.95,-6.,1.7));
#3449 = VECTOR('',#3450,1.);
#3450 = DIRECTION('',(1.,0.,0.));
#3451 = ORIENTED_EDGE('',*,*,#3413,.F.);
#3452 = PLANE('',#3453);
#3453 = AXIS2_PLACEMENT_3D('',#3454,#3455,#3456);
#3454 = CARTESIAN_POINT('',(-4.95,-6.,1.3));
#3455 = DIRECTION('',(0.,-1.,0.));
#3456 = DIRECTION('',(1.,0.,0.));
#3457 = ADVANCED_FACE('',(#3458),#3477,.T.);
#3458 = FACE_BOUND('',#3459,.T.);
#3459 = EDGE_LOOP('',(#3460,#3461,#3469,#3476));
#3460 = ORIENTED_EDGE('',*,*,#2990,.T.);
#3461 = ORIENTED_EDGE('',*,*,#3462,.T.);
#3462 = EDGE_CURVE('',#2983,#3463,#3465,.T.);
#3463 = VERTEX_POINT('',#3464);
#3464 = CARTESIAN_POINT('',(5.45,-5.5,1.7));
#3465 = LINE('',#3466,#3467);
#3466 = CARTESIAN_POINT('',(5.45,-5.5,1.3));
#3467 = VECTOR('',#3468,1.);
#3468 = DIRECTION('',(0.,0.,1.));
#3469 = ORIENTED_EDGE('',*,*,#3470,.F.);
#3470 = EDGE_CURVE('',#3439,#3463,#3471,.T.);
#3471 = CIRCLE('',#3472,0.5);
#3472 = AXIS2_PLACEMENT_3D('',#3473,#3474,#3475);
#3473 = CARTESIAN_POINT('',(4.95,-5.5,1.7));
#3474 = DIRECTION('',(0.,0.,1.));
#3475 = DIRECTION('',(0.,-1.,0.));
#3476 = ORIENTED_EDGE('',*,*,#3438,.F.);
#3477 = CYLINDRICAL_SURFACE('',#3478,0.5);
#3478 = AXIS2_PLACEMENT_3D('',#3479,#3480,#3481);
#3479 = CARTESIAN_POINT('',(4.95,-5.5,1.3));
#3480 = DIRECTION('',(0.,0.,1.));
#3481 = DIRECTION('',(0.,-1.,0.));
#3482 = ADVANCED_FACE('',(#3483),#3501,.T.);
#3483 = FACE_BOUND('',#3484,.T.);
#3484 = EDGE_LOOP('',(#3485,#3493,#3499,#3500));
#3485 = ORIENTED_EDGE('',*,*,#3486,.T.);
#3486 = EDGE_CURVE('',#2975,#3487,#3489,.T.);
#3487 = VERTEX_POINT('',#3488);
#3488 = CARTESIAN_POINT('',(5.45,-4.5,1.7));
#3489 = LINE('',#3490,#3491);
#3490 = CARTESIAN_POINT('',(5.45,-4.5,1.3));
#3491 = VECTOR('',#3492,1.);
#3492 = DIRECTION('',(0.,0.,1.));
#3493 = ORIENTED_EDGE('',*,*,#3494,.F.);
#3494 = EDGE_CURVE('',#3463,#3487,#3495,.T.);
#3495 = LINE('',#3496,#3497);
#3496 = CARTESIAN_POINT('',(5.45,-5.5,1.7));
#3497 = VECTOR('',#3498,1.);
#3498 = DIRECTION('',(0.,1.,0.));
#3499 = ORIENTED_EDGE('',*,*,#3462,.F.);
#3500 = ORIENTED_EDGE('',*,*,#2982,.T.);
#3501 = PLANE('',#3502);
#3502 = AXIS2_PLACEMENT_3D('',#3503,#3504,#3505);
#3503 = CARTESIAN_POINT('',(5.45,-5.5,1.3));
#3504 = DIRECTION('',(1.,0.,0.));
#3505 = DIRECTION('',(-0.,1.,0.));
#3506 = ADVANCED_FACE('',(#3507),#3525,.F.);
#3507 = FACE_BOUND('',#3508,.T.);
#3508 = EDGE_LOOP('',(#3509,#3510,#3511,#3519));
#3509 = ORIENTED_EDGE('',*,*,#3486,.F.);
#3510 = ORIENTED_EDGE('',*,*,#2974,.F.);
#3511 = ORIENTED_EDGE('',*,*,#3512,.T.);
#3512 = EDGE_CURVE('',#2967,#3513,#3515,.T.);
#3513 = VERTEX_POINT('',#3514);
#3514 = CARTESIAN_POINT('',(5.449,-4.5,1.7));
#3515 = LINE('',#3516,#3517);
#3516 = CARTESIAN_POINT('',(5.449,-4.5,1.3));
#3517 = VECTOR('',#3518,1.);
#3518 = DIRECTION('',(0.,0.,1.));
#3519 = ORIENTED_EDGE('',*,*,#3520,.T.);
#3520 = EDGE_CURVE('',#3513,#3487,#3521,.T.);
#3521 = LINE('',#3522,#3523);
#3522 = CARTESIAN_POINT('',(5.449,-4.5,1.7));
#3523 = VECTOR('',#3524,1.);
#3524 = DIRECTION('',(1.,0.,0.));
#3525 = PLANE('',#3526);
#3526 = AXIS2_PLACEMENT_3D('',#3527,#3528,#3529);
#3527 = CARTESIAN_POINT('',(5.449,-4.5,1.3));
#3528 = DIRECTION('',(0.,-1.,0.));
#3529 = DIRECTION('',(1.,0.,0.));
#3530 = ADVANCED_FACE('',(#3531),#3556,.F.);
#3531 = FACE_BOUND('',#3532,.T.);
#3532 = EDGE_LOOP('',(#3533,#3541,#3542,#3550));
#3533 = ORIENTED_EDGE('',*,*,#3534,.F.);
#3534 = EDGE_CURVE('',#2959,#3535,#3537,.T.);
#3535 = VERTEX_POINT('',#3536);
#3536 = CARTESIAN_POINT('',(5.449,-1.25,1.7));
#3537 = LINE('',#3538,#3539);
#3538 = CARTESIAN_POINT('',(5.449,-1.25,1.299999996891));
#3539 = VECTOR('',#3540,1.);
#3540 = DIRECTION('',(0.,0.,1.));
#3541 = ORIENTED_EDGE('',*,*,#2958,.F.);
#3542 = ORIENTED_EDGE('',*,*,#3543,.T.);
#3543 = EDGE_CURVE('',#2950,#3544,#3546,.T.);
#3544 = VERTEX_POINT('',#3545);
#3545 = CARTESIAN_POINT('',(4.114304315434,-1.25,1.7));
#3546 = LINE('',#3547,#3548);
#3547 = CARTESIAN_POINT('',(4.114304315434,-1.25,1.3));
#3548 = VECTOR('',#3549,1.);
#3549 = DIRECTION('',(0.,0.,1.));
#3550 = ORIENTED_EDGE('',*,*,#3551,.T.);
#3551 = EDGE_CURVE('',#3544,#3535,#3552,.T.);
#3552 = LINE('',#3553,#3554);
#3553 = CARTESIAN_POINT('',(4.114304315434,-1.25,1.7));
#3554 = VECTOR('',#3555,1.);
#3555 = DIRECTION('',(1.,6.7E-16,0.));
#3556 = PLANE('',#3557);
#3557 = AXIS2_PLACEMENT_3D('',#3558,#3559,#3560);
#3558 = CARTESIAN_POINT('',(4.114304315434,-1.25,1.3));
#3559 = DIRECTION('',(6.4E-16,-1.,0.));
#3560 = DIRECTION('',(1.,6.4E-16,0.));
#3561 = ADVANCED_FACE('',(#3562),#3581,.F.);
#3562 = FACE_BOUND('',#3563,.F.);
#3563 = EDGE_LOOP('',(#3564,#3572,#3573,#3574));
#3564 = ORIENTED_EDGE('',*,*,#3565,.F.);
#3565 = EDGE_CURVE('',#2942,#3566,#3568,.T.);
#3566 = VERTEX_POINT('',#3567);
#3567 = CARTESIAN_POINT('',(-4.114304315434,-1.25,1.7));
#3568 = LINE('',#3569,#3570);
#3569 = CARTESIAN_POINT('',(-4.114304315434,-1.25,1.3));
#3570 = VECTOR('',#3571,1.);
#3571 = DIRECTION('',(0.,0.,1.));
#3572 = ORIENTED_EDGE('',*,*,#2949,.T.);
#3573 = ORIENTED_EDGE('',*,*,#3543,.T.);
#3574 = ORIENTED_EDGE('',*,*,#3575,.F.);
#3575 = EDGE_CURVE('',#3566,#3544,#3576,.T.);
#3576 = CIRCLE('',#3577,4.3);
#3577 = AXIS2_PLACEMENT_3D('',#3578,#3579,#3580);
#3578 = CARTESIAN_POINT('',(-4.4E-16,4.4E-16,1.7));
#3579 = DIRECTION('',(0.,0.,1.));
#3580 = DIRECTION('',(-0.956814957078,-0.290697674419,0.));
#3581 = CYLINDRICAL_SURFACE('',#3582,4.3);
#3582 = AXIS2_PLACEMENT_3D('',#3583,#3584,#3585);
#3583 = CARTESIAN_POINT('',(-4.4E-16,4.4E-16,1.3));
#3584 = DIRECTION('',(0.,0.,1.));
#3585 = DIRECTION('',(-0.956814957078,-0.290697674419,0.));
#3586 = ADVANCED_FACE('',(#3587),#3605,.F.);
#3587 = FACE_BOUND('',#3588,.T.);
#3588 = EDGE_LOOP('',(#3589,#3597,#3603,#3604));
#3589 = ORIENTED_EDGE('',*,*,#3590,.F.);
#3590 = EDGE_CURVE('',#3591,#2940,#3593,.T.);
#3591 = VERTEX_POINT('',#3592);
#3592 = CARTESIAN_POINT('',(-5.449,-1.25,1.7));
#3593 = LINE('',#3594,#3595);
#3594 = CARTESIAN_POINT('',(-5.449,-1.25,1.7));
#3595 = VECTOR('',#3596,1.);
#3596 = DIRECTION('',(0.,0.,-1.));
#3597 = ORIENTED_EDGE('',*,*,#3598,.T.);
#3598 = EDGE_CURVE('',#3591,#3566,#3599,.T.);
#3599 = LINE('',#3600,#3601);
#3600 = CARTESIAN_POINT('',(-5.449,-1.25,1.7));
#3601 = VECTOR('',#3602,1.);
#3602 = DIRECTION('',(1.,1.33E-15,0.));
#3603 = ORIENTED_EDGE('',*,*,#3565,.F.);
#3604 = ORIENTED_EDGE('',*,*,#2939,.F.);
#3605 = PLANE('',#3606);
#3606 = AXIS2_PLACEMENT_3D('',#3607,#3608,#3609);
#3607 = CARTESIAN_POINT('',(-5.85,-1.25,1.3));
#3608 = DIRECTION('',(1.41E-15,-1.,0.));
#3609 = DIRECTION('',(1.,1.41E-15,0.));
#3610 = ADVANCED_FACE('',(#3611),#3636,.F.);
#3611 = FACE_BOUND('',#3612,.T.);
#3612 = EDGE_LOOP('',(#3613,#3621,#3629,#3635));
#3613 = ORIENTED_EDGE('',*,*,#3614,.F.);
#3614 = EDGE_CURVE('',#3615,#3132,#3617,.T.);
#3615 = VERTEX_POINT('',#3616);
#3616 = CARTESIAN_POINT('',(5.449,1.25,1.7));
#3617 = LINE('',#3618,#3619);
#3618 = CARTESIAN_POINT('',(5.449,1.25,1.7));
#3619 = VECTOR('',#3620,1.);
#3620 = DIRECTION('',(0.,0.,-1.));
#3621 = ORIENTED_EDGE('',*,*,#3622,.T.);
#3622 = EDGE_CURVE('',#3615,#3623,#3625,.T.);
#3623 = VERTEX_POINT('',#3624);
#3624 = CARTESIAN_POINT('',(4.114304315434,1.25,1.7));
#3625 = LINE('',#3626,#3627);
#3626 = CARTESIAN_POINT('',(5.449,1.25,1.7));
#3627 = VECTOR('',#3628,1.);
#3628 = DIRECTION('',(-1.,0.,0.));
#3629 = ORIENTED_EDGE('',*,*,#3630,.F.);
#3630 = EDGE_CURVE('',#3047,#3623,#3631,.T.);
#3631 = LINE('',#3632,#3633);
#3632 = CARTESIAN_POINT('',(4.114304315434,1.25,1.3));
#3633 = VECTOR('',#3634,1.);
#3634 = DIRECTION('',(0.,0.,1.));
#3635 = ORIENTED_EDGE('',*,*,#3139,.F.);
#3636 = PLANE('',#3637);
#3637 = AXIS2_PLACEMENT_3D('',#3638,#3639,#3640);
#3638 = CARTESIAN_POINT('',(5.85,1.25,1.3));
#3639 = DIRECTION('',(0.,1.,-0.));
#3640 = DIRECTION('',(-1.,0.,0.));
#3641 = ADVANCED_FACE('',(#3642),#3660,.T.);
#3642 = FACE_BOUND('',#3643,.T.);
#3643 = EDGE_LOOP('',(#3644,#3645,#3646,#3654));
#3644 = ORIENTED_EDGE('',*,*,#3326,.F.);
#3645 = ORIENTED_EDGE('',*,*,#3115,.T.);
#3646 = ORIENTED_EDGE('',*,*,#3647,.T.);
#3647 = EDGE_CURVE('',#3107,#3648,#3650,.T.);
#3648 = VERTEX_POINT('',#3649);
#3649 = CARTESIAN_POINT('',(5.45,5.5,1.7));
#3650 = LINE('',#3651,#3652);
#3651 = CARTESIAN_POINT('',(5.45,5.5,1.3));
#3652 = VECTOR('',#3653,1.);
#3653 = DIRECTION('',(0.,0.,1.));
#3654 = ORIENTED_EDGE('',*,*,#3655,.F.);
#3655 = EDGE_CURVE('',#3327,#3648,#3656,.T.);
#3656 = LINE('',#3657,#3658);
#3657 = CARTESIAN_POINT('',(5.45,4.5,1.7));
#3658 = VECTOR('',#3659,1.);
#3659 = DIRECTION('',(0.,1.,0.));
#3660 = PLANE('',#3661);
#3661 = AXIS2_PLACEMENT_3D('',#3662,#3663,#3664);
#3662 = CARTESIAN_POINT('',(5.45,4.5,1.3));
#3663 = DIRECTION('',(1.,0.,0.));
#3664 = DIRECTION('',(-0.,1.,0.));
#3665 = ADVANCED_FACE('',(#3666),#3685,.T.);
#3666 = FACE_BOUND('',#3667,.T.);
#3667 = EDGE_LOOP('',(#3668,#3669,#3677,#3684));
#3668 = ORIENTED_EDGE('',*,*,#3106,.T.);
#3669 = ORIENTED_EDGE('',*,*,#3670,.T.);
#3670 = EDGE_CURVE('',#3099,#3671,#3673,.T.);
#3671 = VERTEX_POINT('',#3672);
#3672 = CARTESIAN_POINT('',(4.95,6.,1.7));
#3673 = LINE('',#3674,#3675);
#3674 = CARTESIAN_POINT('',(4.95,6.,1.3));
#3675 = VECTOR('',#3676,1.);
#3676 = DIRECTION('',(0.,0.,1.));
#3677 = ORIENTED_EDGE('',*,*,#3678,.F.);
#3678 = EDGE_CURVE('',#3648,#3671,#3679,.T.);
#3679 = CIRCLE('',#3680,0.5);
#3680 = AXIS2_PLACEMENT_3D('',#3681,#3682,#3683);
#3681 = CARTESIAN_POINT('',(4.95,5.5,1.7));
#3682 = DIRECTION('',(0.,0.,1.));
#3683 = DIRECTION('',(1.,0.,-0.));
#3684 = ORIENTED_EDGE('',*,*,#3647,.F.);
#3685 = CYLINDRICAL_SURFACE('',#3686,0.5);
#3686 = AXIS2_PLACEMENT_3D('',#3687,#3688,#3689);
#3687 = CARTESIAN_POINT('',(4.95,5.5,1.3));
#3688 = DIRECTION('',(0.,0.,1.));
#3689 = DIRECTION('',(1.,0.,-0.));
#3690 = ADVANCED_FACE('',(#3691),#3709,.T.);
#3691 = FACE_BOUND('',#3692,.T.);
#3692 = EDGE_LOOP('',(#3693,#3694,#3702,#3708));
#3693 = ORIENTED_EDGE('',*,*,#3098,.T.);
#3694 = ORIENTED_EDGE('',*,*,#3695,.T.);
#3695 = EDGE_CURVE('',#3090,#3696,#3698,.T.);
#3696 = VERTEX_POINT('',#3697);
#3697 = CARTESIAN_POINT('',(-4.95,6.,1.7));
#3698 = LINE('',#3699,#3700);
#3699 = CARTESIAN_POINT('',(-4.95,6.,1.3));
#3700 = VECTOR('',#3701,1.);
#3701 = DIRECTION('',(0.,0.,1.));
#3702 = ORIENTED_EDGE('',*,*,#3703,.F.);
#3703 = EDGE_CURVE('',#3671,#3696,#3704,.T.);
#3704 = LINE('',#3705,#3706);
#3705 = CARTESIAN_POINT('',(4.95,6.,1.7));
#3706 = VECTOR('',#3707,1.);
#3707 = DIRECTION('',(-1.,0.,0.));
#3708 = ORIENTED_EDGE('',*,*,#3670,.F.);
#3709 = PLANE('',#3710);
#3710 = AXIS2_PLACEMENT_3D('',#3711,#3712,#3713);
#3711 = CARTESIAN_POINT('',(4.95,6.,1.3));
#3712 = DIRECTION('',(0.,1.,-0.));
#3713 = DIRECTION('',(-1.,0.,0.));
#3714 = ADVANCED_FACE('',(#3715),#3734,.T.);
#3715 = FACE_BOUND('',#3716,.T.);
#3716 = EDGE_LOOP('',(#3717,#3718,#3726,#3733));
#3717 = ORIENTED_EDGE('',*,*,#3089,.T.);
#3718 = ORIENTED_EDGE('',*,*,#3719,.T.);
#3719 = EDGE_CURVE('',#3082,#3720,#3722,.T.);
#3720 = VERTEX_POINT('',#3721);
#3721 = CARTESIAN_POINT('',(-5.45,5.5,1.7));
#3722 = LINE('',#3723,#3724);
#3723 = CARTESIAN_POINT('',(-5.45,5.5,1.3));
#3724 = VECTOR('',#3725,1.);
#3725 = DIRECTION('',(0.,0.,1.));
#3726 = ORIENTED_EDGE('',*,*,#3727,.F.);
#3727 = EDGE_CURVE('',#3696,#3720,#3728,.T.);
#3728 = CIRCLE('',#3729,0.5);
#3729 = AXIS2_PLACEMENT_3D('',#3730,#3731,#3732);
#3730 = CARTESIAN_POINT('',(-4.95,5.5,1.7));
#3731 = DIRECTION('',(0.,-0.,1.));
#3732 = DIRECTION('',(0.,1.,0.));
#3733 = ORIENTED_EDGE('',*,*,#3695,.F.);
#3734 = CYLINDRICAL_SURFACE('',#3735,0.5);
#3735 = AXIS2_PLACEMENT_3D('',#3736,#3737,#3738);
#3736 = CARTESIAN_POINT('',(-4.95,5.5,1.3));
#3737 = DIRECTION('',(0.,0.,1.));
#3738 = DIRECTION('',(0.,1.,0.));
#3739 = ADVANCED_FACE('',(#3740),#3758,.T.);
#3740 = FACE_BOUND('',#3741,.T.);
#3741 = EDGE_LOOP('',(#3742,#3750,#3756,#3757));
#3742 = ORIENTED_EDGE('',*,*,#3743,.T.);
#3743 = EDGE_CURVE('',#3074,#3744,#3746,.T.);
#3744 = VERTEX_POINT('',#3745);
#3745 = CARTESIAN_POINT('',(-5.45,4.5,1.7));
#3746 = LINE('',#3747,#3748);
#3747 = CARTESIAN_POINT('',(-5.45,4.5,1.3));
#3748 = VECTOR('',#3749,1.);
#3749 = DIRECTION('',(0.,0.,1.));
#3750 = ORIENTED_EDGE('',*,*,#3751,.F.);
#3751 = EDGE_CURVE('',#3720,#3744,#3752,.T.);
#3752 = LINE('',#3753,#3754);
#3753 = CARTESIAN_POINT('',(-5.45,5.5,1.7));
#3754 = VECTOR('',#3755,1.);
#3755 = DIRECTION('',(0.,-1.,0.));
#3756 = ORIENTED_EDGE('',*,*,#3719,.F.);
#3757 = ORIENTED_EDGE('',*,*,#3081,.T.);
#3758 = PLANE('',#3759);
#3759 = AXIS2_PLACEMENT_3D('',#3760,#3761,#3762);
#3760 = CARTESIAN_POINT('',(-5.45,5.5,1.3));
#3761 = DIRECTION('',(-1.,0.,0.));
#3762 = DIRECTION('',(0.,-1.,0.));
#3763 = ADVANCED_FACE('',(#3764),#3782,.F.);
#3764 = FACE_BOUND('',#3765,.T.);
#3765 = EDGE_LOOP('',(#3766,#3767,#3768,#3776));
#3766 = ORIENTED_EDGE('',*,*,#3743,.F.);
#3767 = ORIENTED_EDGE('',*,*,#3073,.F.);
#3768 = ORIENTED_EDGE('',*,*,#3769,.T.);
#3769 = EDGE_CURVE('',#3066,#3770,#3772,.T.);
#3770 = VERTEX_POINT('',#3771);
#3771 = CARTESIAN_POINT('',(-5.449,4.5,1.7));
#3772 = LINE('',#3773,#3774);
#3773 = CARTESIAN_POINT('',(-5.449,4.5,1.3));
#3774 = VECTOR('',#3775,1.);
#3775 = DIRECTION('',(0.,0.,1.));
#3776 = ORIENTED_EDGE('',*,*,#3777,.T.);
#3777 = EDGE_CURVE('',#3770,#3744,#3778,.T.);
#3778 = LINE('',#3779,#3780);
#3779 = CARTESIAN_POINT('',(-5.449,4.5,1.7));
#3780 = VECTOR('',#3781,1.);
#3781 = DIRECTION('',(-1.,0.,0.));
#3782 = PLANE('',#3783);
#3783 = AXIS2_PLACEMENT_3D('',#3784,#3785,#3786);
#3784 = CARTESIAN_POINT('',(-5.449,4.5,1.3));
#3785 = DIRECTION('',(0.,1.,-0.));
#3786 = DIRECTION('',(-1.,0.,0.));
#3787 = ADVANCED_FACE('',(#3788),#3813,.F.);
#3788 = FACE_BOUND('',#3789,.T.);
#3789 = EDGE_LOOP('',(#3790,#3798,#3799,#3807));
#3790 = ORIENTED_EDGE('',*,*,#3791,.F.);
#3791 = EDGE_CURVE('',#3058,#3792,#3794,.T.);
#3792 = VERTEX_POINT('',#3793);
#3793 = CARTESIAN_POINT('',(-5.449,1.25,1.7));
#3794 = LINE('',#3795,#3796);
#3795 = CARTESIAN_POINT('',(-5.449,1.25,1.299999996891));
#3796 = VECTOR('',#3797,1.);
#3797 = DIRECTION('',(0.,0.,1.));
#3798 = ORIENTED_EDGE('',*,*,#3057,.F.);
#3799 = ORIENTED_EDGE('',*,*,#3800,.T.);
#3800 = EDGE_CURVE('',#3049,#3801,#3803,.T.);
#3801 = VERTEX_POINT('',#3802);
#3802 = CARTESIAN_POINT('',(-4.114304315434,1.25,1.7));
#3803 = LINE('',#3804,#3805);
#3804 = CARTESIAN_POINT('',(-4.114304315434,1.25,1.3));
#3805 = VECTOR('',#3806,1.);
#3806 = DIRECTION('',(0.,0.,1.));
#3807 = ORIENTED_EDGE('',*,*,#3808,.T.);
#3808 = EDGE_CURVE('',#3801,#3792,#3809,.T.);
#3809 = LINE('',#3810,#3811);
#3810 = CARTESIAN_POINT('',(-4.114304315434,1.25,1.7));
#3811 = VECTOR('',#3812,1.);
#3812 = DIRECTION('',(-1.,-3.3E-16,0.));
#3813 = PLANE('',#3814);
#3814 = AXIS2_PLACEMENT_3D('',#3815,#3816,#3817);
#3815 = CARTESIAN_POINT('',(-4.114304315434,1.25,1.3));
#3816 = DIRECTION('',(-3.8E-16,1.,0.));
#3817 = DIRECTION('',(-1.,-3.8E-16,0.));
#3818 = ADVANCED_FACE('',(#3819),#3831,.F.);
#3819 = FACE_BOUND('',#3820,.F.);
#3820 = EDGE_LOOP('',(#3821,#3822,#3823,#3824));
#3821 = ORIENTED_EDGE('',*,*,#3630,.F.);
#3822 = ORIENTED_EDGE('',*,*,#3046,.T.);
#3823 = ORIENTED_EDGE('',*,*,#3800,.T.);
#3824 = ORIENTED_EDGE('',*,*,#3825,.F.);
#3825 = EDGE_CURVE('',#3623,#3801,#3826,.T.);
#3826 = CIRCLE('',#3827,4.3);
#3827 = AXIS2_PLACEMENT_3D('',#3828,#3829,#3830);
#3828 = CARTESIAN_POINT('',(0.,0.,1.7));
#3829 = DIRECTION('',(0.,-0.,1.));
#3830 = DIRECTION('',(0.956814957078,0.290697674419,0.));
#3831 = CYLINDRICAL_SURFACE('',#3832,4.3);
#3832 = AXIS2_PLACEMENT_3D('',#3833,#3834,#3835);
#3833 = CARTESIAN_POINT('',(0.,0.,1.3));
#3834 = DIRECTION('',(0.,0.,1.));
#3835 = DIRECTION('',(0.956814957078,0.290697674419,-0.));
#3836 = ADVANCED_FACE('',(#3837),#3848,.F.);
#3837 = FACE_BOUND('',#3838,.T.);
#3838 = EDGE_LOOP('',(#3839,#3840,#3847));
#3839 = ORIENTED_EDGE('',*,*,#3534,.T.);
#3840 = ORIENTED_EDGE('',*,*,#3841,.F.);
#3841 = EDGE_CURVE('',#3156,#3535,#3842,.T.);
#3842 = CIRCLE('',#3843,0.401);
#3843 = AXIS2_PLACEMENT_3D('',#3844,#3845,#3846);
#3844 = CARTESIAN_POINT('',(5.449,-1.25,1.299));
#3845 = DIRECTION('',(6.4E-16,-1.,-1.925929944387E-34));
#3846 = DIRECTION('',(0.999996890581,6.399980099719E-16,
    2.493757831874E-03));
#3847 = ORIENTED_EDGE('',*,*,#3175,.F.);
#3848 = PLANE('',#3849);
#3849 = AXIS2_PLACEMENT_3D('',#3850,#3851,#3852);
#3850 = CARTESIAN_POINT('',(4.114304315434,-1.25,1.3));
#3851 = DIRECTION('',(6.4E-16,-1.,0.));
#3852 = DIRECTION('',(1.,6.4E-16,0.));
#3853 = ADVANCED_FACE('',(#3854),#3865,.F.);
#3854 = FACE_BOUND('',#3855,.T.);
#3855 = EDGE_LOOP('',(#3856,#3857,#3858));
#3856 = ORIENTED_EDGE('',*,*,#3614,.T.);
#3857 = ORIENTED_EDGE('',*,*,#3163,.F.);
#3858 = ORIENTED_EDGE('',*,*,#3859,.T.);
#3859 = EDGE_CURVE('',#3154,#3615,#3860,.T.);
#3860 = CIRCLE('',#3861,0.401);
#3861 = AXIS2_PLACEMENT_3D('',#3862,#3863,#3864);
#3862 = CARTESIAN_POINT('',(5.449,1.25,1.299));
#3863 = DIRECTION('',(0.,-1.,0.));
#3864 = DIRECTION('',(0.999996890581,0.,2.493757831874E-03));
#3865 = PLANE('',#3866);
#3866 = AXIS2_PLACEMENT_3D('',#3867,#3868,#3869);
#3867 = CARTESIAN_POINT('',(5.85,1.25,1.3));
#3868 = DIRECTION('',(0.,1.,-0.));
#3869 = DIRECTION('',(-1.,0.,0.));
#3870 = ADVANCED_FACE('',(#3871),#3896,.F.);
#3871 = FACE_BOUND('',#3872,.T.);
#3872 = EDGE_LOOP('',(#3873,#3881,#3889,#3895));
#3873 = ORIENTED_EDGE('',*,*,#3874,.T.);
#3874 = EDGE_CURVE('',#3190,#3875,#3877,.T.);
#3875 = VERTEX_POINT('',#3876);
#3876 = CARTESIAN_POINT('',(5.449,-2.4,-2.801));
#3877 = LINE('',#3878,#3879);
#3878 = CARTESIAN_POINT('',(5.449,-2.4,-2.401));
#3879 = VECTOR('',#3880,1.);
#3880 = DIRECTION('',(4.44E-15,2.22E-15,-1.));
#3881 = ORIENTED_EDGE('',*,*,#3882,.T.);
#3882 = EDGE_CURVE('',#3875,#3883,#3885,.T.);
#3883 = VERTEX_POINT('',#3884);
#3884 = CARTESIAN_POINT('',(4.131898208614,-2.4,-2.801));
#3885 = LINE('',#3886,#3887);
#3886 = CARTESIAN_POINT('',(5.449,-2.4,-2.801));
#3887 = VECTOR('',#3888,1.);
#3888 = DIRECTION('',(-1.,-1.35E-15,-4.72E-15));
#3889 = ORIENTED_EDGE('',*,*,#3890,.T.);
#3890 = EDGE_CURVE('',#3883,#3200,#3891,.T.);
#3891 = LINE('',#3892,#3893);
#3892 = CARTESIAN_POINT('',(4.131898208614,-2.4,-2.801));
#3893 = VECTOR('',#3894,1.);
#3894 = DIRECTION('',(-4.44E-15,-1.11E-15,1.));
#3895 = ORIENTED_EDGE('',*,*,#3199,.F.);
#3896 = PLANE('',#3897);
#3897 = AXIS2_PLACEMENT_3D('',#3898,#3899,#3900);
#3898 = CARTESIAN_POINT('',(4.131898208614,-2.4,-2.801));
#3899 = DIRECTION('',(1.37E-15,-1.,-2.22E-15));
#3900 = DIRECTION('',(1.,1.37E-15,5.39E-15));
#3901 = ADVANCED_FACE('',(#3902),#3927,.T.);
#3902 = FACE_BOUND('',#3903,.T.);
#3903 = EDGE_LOOP('',(#3904,#3912,#3913,#3921));
#3904 = ORIENTED_EDGE('',*,*,#3905,.F.);
#3905 = EDGE_CURVE('',#3192,#3906,#3908,.T.);
#3906 = VERTEX_POINT('',#3907);
#3907 = CARTESIAN_POINT('',(5.449,-4.5,-2.801));
#3908 = LINE('',#3909,#3910);
#3909 = CARTESIAN_POINT('',(5.449,-4.5,-2.401));
#3910 = VECTOR('',#3911,1.);
#3911 = DIRECTION('',(6.66E-15,2.22E-15,-1.));
#3912 = ORIENTED_EDGE('',*,*,#3223,.T.);
#3913 = ORIENTED_EDGE('',*,*,#3914,.F.);
#3914 = EDGE_CURVE('',#3915,#3216,#3917,.T.);
#3915 = VERTEX_POINT('',#3916);
#3916 = CARTESIAN_POINT('',(2.931898208614,-4.5,-2.801));
#3917 = LINE('',#3918,#3919);
#3918 = CARTESIAN_POINT('',(2.931898208614,-4.5,-2.801));
#3919 = VECTOR('',#3920,1.);
#3920 = DIRECTION('',(-4.44E-15,-2.22E-15,1.));
#3921 = ORIENTED_EDGE('',*,*,#3922,.F.);
#3922 = EDGE_CURVE('',#3906,#3915,#3923,.T.);
#3923 = LINE('',#3924,#3925);
#3924 = CARTESIAN_POINT('',(5.449,-4.5,-2.801));
#3925 = VECTOR('',#3926,1.);
#3926 = DIRECTION('',(-1.,-1.41E-15,-4.23E-15));
#3927 = PLANE('',#3928);
#3928 = AXIS2_PLACEMENT_3D('',#3929,#3930,#3931);
#3929 = CARTESIAN_POINT('',(9.400898208614,-4.5,-2.401));
#3930 = DIRECTION('',(1.69E-15,-1.,-2.22E-15));
#3931 = DIRECTION('',(-1.,-1.69E-15,-4.56E-15));
#3932 = ADVANCED_FACE('',(#3933),#3951,.F.);
#3933 = FACE_BOUND('',#3934,.T.);
#3934 = EDGE_LOOP('',(#3935,#3936,#3944,#3950));
#3935 = ORIENTED_EDGE('',*,*,#3215,.F.);
#3936 = ORIENTED_EDGE('',*,*,#3937,.F.);
#3937 = EDGE_CURVE('',#3938,#3208,#3940,.T.);
#3938 = VERTEX_POINT('',#3939);
#3939 = CARTESIAN_POINT('',(2.931898208614,-3.6,-2.801));
#3940 = LINE('',#3941,#3942);
#3941 = CARTESIAN_POINT('',(2.931898208614,-3.6,-2.801));
#3942 = VECTOR('',#3943,1.);
#3943 = DIRECTION('',(-5.55E-15,-2.22E-15,1.));
#3944 = ORIENTED_EDGE('',*,*,#3945,.T.);
#3945 = EDGE_CURVE('',#3938,#3915,#3946,.T.);
#3946 = LINE('',#3947,#3948);
#3947 = CARTESIAN_POINT('',(2.931898208614,-3.6,-2.801));
#3948 = VECTOR('',#3949,1.);
#3949 = DIRECTION('',(1.48E-15,-1.,-1.97E-15));
#3950 = ORIENTED_EDGE('',*,*,#3914,.T.);
#3951 = PLANE('',#3952);
#3952 = AXIS2_PLACEMENT_3D('',#3953,#3954,#3955);
#3953 = CARTESIAN_POINT('',(2.931898208614,-4.5,-2.801));
#3954 = DIRECTION('',(1.,1.69E-15,5.31E-15));
#3955 = DIRECTION('',(-1.69E-15,1.,2.22E-15));
#3956 = ADVANCED_FACE('',(#3957),#3968,.F.);
#3957 = FACE_BOUND('',#3958,.T.);
#3958 = EDGE_LOOP('',(#3959,#3960,#3961,#3967));
#3959 = ORIENTED_EDGE('',*,*,#3207,.F.);
#3960 = ORIENTED_EDGE('',*,*,#3890,.F.);
#3961 = ORIENTED_EDGE('',*,*,#3962,.T.);
#3962 = EDGE_CURVE('',#3883,#3938,#3963,.T.);
#3963 = LINE('',#3964,#3965);
#3964 = CARTESIAN_POINT('',(4.131898208614,-2.4,-2.801));
#3965 = VECTOR('',#3966,1.);
#3966 = DIRECTION('',(-0.707106781187,-0.707106781187,-4.71E-15));
#3967 = ORIENTED_EDGE('',*,*,#3937,.T.);
#3968 = PLANE('',#3969);
#3969 = AXIS2_PLACEMENT_3D('',#3970,#3971,#3972);
#3970 = CARTESIAN_POINT('',(2.931898208614,-3.6,-2.801));
#3971 = DIRECTION('',(0.707106781187,-0.707106781187,2.19E-15));
#3972 = DIRECTION('',(0.707106781187,0.707106781187,5.38E-15));
#3973 = ADVANCED_FACE('',(#3974),#3998,.T.);
#3974 = FACE_BOUND('',#3975,.T.);
#3975 = EDGE_LOOP('',(#3976,#3977,#3978,#3984,#3985,#3986,#3987,#3988,
    #3989,#3990,#3991,#3997));
#3976 = ORIENTED_EDGE('',*,*,#3825,.F.);
#3977 = ORIENTED_EDGE('',*,*,#3622,.F.);
#3978 = ORIENTED_EDGE('',*,*,#3979,.T.);
#3979 = EDGE_CURVE('',#3615,#3335,#3980,.T.);
#3980 = LINE('',#3981,#3982);
#3981 = CARTESIAN_POINT('',(5.449,1.25,1.7));
#3982 = VECTOR('',#3983,1.);
#3983 = DIRECTION('',(0.,1.,0.));
#3984 = ORIENTED_EDGE('',*,*,#3334,.F.);
#3985 = ORIENTED_EDGE('',*,*,#3655,.T.);
#3986 = ORIENTED_EDGE('',*,*,#3678,.T.);
#3987 = ORIENTED_EDGE('',*,*,#3703,.T.);
#3988 = ORIENTED_EDGE('',*,*,#3727,.T.);
#3989 = ORIENTED_EDGE('',*,*,#3751,.T.);
#3990 = ORIENTED_EDGE('',*,*,#3777,.F.);
#3991 = ORIENTED_EDGE('',*,*,#3992,.T.);
#3992 = EDGE_CURVE('',#3770,#3792,#3993,.T.);
#3993 = LINE('',#3994,#3995);
#3994 = CARTESIAN_POINT('',(-5.449,4.5,1.7));
#3995 = VECTOR('',#3996,1.);
#3996 = DIRECTION('',(0.,-1.,0.));
#3997 = ORIENTED_EDGE('',*,*,#3808,.F.);
#3998 = PLANE('',#3999);
#3999 = AXIS2_PLACEMENT_3D('',#4000,#4001,#4002);
#4000 = CARTESIAN_POINT('',(0.,0.,1.7));
#4001 = DIRECTION('',(0.,0.,1.));
#4002 = DIRECTION('',(1.,0.,-0.));
#4003 = ADVANCED_FACE('',(#4004),#4028,.T.);
#4004 = FACE_BOUND('',#4005,.T.);
#4005 = EDGE_LOOP('',(#4006,#4007,#4013,#4014,#4015,#4016,#4017,#4018,
    #4019,#4020,#4026,#4027));
#4006 = ORIENTED_EDGE('',*,*,#3598,.F.);
#4007 = ORIENTED_EDGE('',*,*,#4008,.T.);
#4008 = EDGE_CURVE('',#3591,#3366,#4009,.T.);
#4009 = LINE('',#4010,#4011);
#4010 = CARTESIAN_POINT('',(-5.449,-1.25,1.7));
#4011 = VECTOR('',#4012,1.);
#4012 = DIRECTION('',(0.,-1.,0.));
#4013 = ORIENTED_EDGE('',*,*,#3365,.F.);
#4014 = ORIENTED_EDGE('',*,*,#3398,.T.);
#4015 = ORIENTED_EDGE('',*,*,#3421,.T.);
#4016 = ORIENTED_EDGE('',*,*,#3446,.T.);
#4017 = ORIENTED_EDGE('',*,*,#3470,.T.);
#4018 = ORIENTED_EDGE('',*,*,#3494,.T.);
#4019 = ORIENTED_EDGE('',*,*,#3520,.F.);
#4020 = ORIENTED_EDGE('',*,*,#4021,.T.);
#4021 = EDGE_CURVE('',#3513,#3535,#4022,.T.);
#4022 = LINE('',#4023,#4024);
#4023 = CARTESIAN_POINT('',(5.449,-4.5,1.7));
#4024 = VECTOR('',#4025,1.);
#4025 = DIRECTION('',(0.,1.,0.));
#4026 = ORIENTED_EDGE('',*,*,#3551,.F.);
#4027 = ORIENTED_EDGE('',*,*,#3575,.F.);
#4028 = PLANE('',#4029);
#4029 = AXIS2_PLACEMENT_3D('',#4030,#4031,#4032);
#4030 = CARTESIAN_POINT('',(0.,0.,1.7));
#4031 = DIRECTION('',(0.,0.,1.));
#4032 = DIRECTION('',(1.,0.,-0.));
#4033 = ADVANCED_FACE('',(#4034),#4046,.T.);
#4034 = FACE_BOUND('',#4035,.T.);
#4035 = EDGE_LOOP('',(#4036,#4042,#4043,#4044,#4045));
#4036 = ORIENTED_EDGE('',*,*,#4037,.T.);
#4037 = EDGE_CURVE('',#2812,#2865,#4038,.T.);
#4038 = LINE('',#4039,#4040);
#4039 = CARTESIAN_POINT('',(5.449,4.5,-2.801));
#4040 = VECTOR('',#4041,1.);
#4041 = DIRECTION('',(0.,-1.,0.));
#4042 = ORIENTED_EDGE('',*,*,#3271,.F.);
#4043 = ORIENTED_EDGE('',*,*,#3294,.F.);
#4044 = ORIENTED_EDGE('',*,*,#3311,.F.);
#4045 = ORIENTED_EDGE('',*,*,#3238,.T.);
#4046 = PLANE('',#4047);
#4047 = AXIS2_PLACEMENT_3D('',#4048,#4049,#4050);
#4048 = CARTESIAN_POINT('',(15.102796417228,0.,-2.801));
#4049 = DIRECTION('',(4.56E-15,0.,-1.));
#4050 = DIRECTION('',(-1.,0.,-4.56E-15));
#4051 = ADVANCED_FACE('',(#4052),#4064,.T.);
#4052 = FACE_BOUND('',#4053,.T.);
#4053 = EDGE_LOOP('',(#4054,#4060,#4061,#4062,#4063));
#4054 = ORIENTED_EDGE('',*,*,#4055,.T.);
#4055 = EDGE_CURVE('',#3875,#3906,#4056,.T.);
#4056 = LINE('',#4057,#4058);
#4057 = CARTESIAN_POINT('',(5.449,-2.4,-2.801));
#4058 = VECTOR('',#4059,1.);
#4059 = DIRECTION('',(0.,-1.,-2.11E-15));
#4060 = ORIENTED_EDGE('',*,*,#3922,.T.);
#4061 = ORIENTED_EDGE('',*,*,#3945,.F.);
#4062 = ORIENTED_EDGE('',*,*,#3962,.F.);
#4063 = ORIENTED_EDGE('',*,*,#3882,.F.);
#4064 = PLANE('',#4065);
#4065 = AXIS2_PLACEMENT_3D('',#4066,#4067,#4068);
#4066 = CARTESIAN_POINT('',(15.102796417228,1.684E-14,-2.801));
#4067 = DIRECTION('',(4.56E-15,2.22E-15,-1.));
#4068 = DIRECTION('',(-1.,-1.69E-15,-4.56E-15));
#4069 = ADVANCED_FACE('',(#4070),#4100,.T.);
#4070 = FACE_BOUND('',#4071,.T.);
#4071 = EDGE_LOOP('',(#4072,#4082,#4088,#4094));
#4072 = ORIENTED_EDGE('',*,*,#4073,.F.);
#4073 = EDGE_CURVE('',#4074,#4076,#4078,.T.);
#4074 = VERTEX_POINT('',#4075);
#4075 = CARTESIAN_POINT('',(-5.849998753118,-1.25,1.299999998964));
#4076 = VERTEX_POINT('',#4077);
#4077 = CARTESIAN_POINT('',(-5.849998753118,1.25,1.299999998964));
#4078 = LINE('',#4079,#4080);
#4079 = CARTESIAN_POINT('',(-5.849998753115,-1.25,1.3));
#4080 = VECTOR('',#4081,1.);
#4081 = DIRECTION('',(0.,1.,0.));
#4082 = ORIENTED_EDGE('',*,*,#4083,.T.);
#4083 = EDGE_CURVE('',#4074,#2940,#4084,.T.);
#4084 = LINE('',#4085,#4086);
#4085 = CARTESIAN_POINT('',(-5.849998753115,-1.25,1.3));
#4086 = VECTOR('',#4087,1.);
#4087 = DIRECTION('',(1.,1.66E-15,0.));
#4088 = ORIENTED_EDGE('',*,*,#4089,.F.);
#4089 = EDGE_CURVE('',#3058,#2940,#4090,.T.);
#4090 = LINE('',#4091,#4092);
#4091 = CARTESIAN_POINT('',(-5.449,1.25,1.3));
#4092 = VECTOR('',#4093,1.);
#4093 = DIRECTION('',(0.,-1.,0.));
#4094 = ORIENTED_EDGE('',*,*,#4095,.T.);
#4095 = EDGE_CURVE('',#3058,#4076,#4096,.T.);
#4096 = LINE('',#4097,#4098);
#4097 = CARTESIAN_POINT('',(-5.449,1.25,1.3));
#4098 = VECTOR('',#4099,1.);
#4099 = DIRECTION('',(-1.,-5.5E-16,0.));
#4100 = PLANE('',#4101);
#4101 = AXIS2_PLACEMENT_3D('',#4102,#4103,#4104);
#4102 = CARTESIAN_POINT('',(0.,0.,1.3));
#4103 = DIRECTION('',(0.,0.,1.));
#4104 = DIRECTION('',(1.,0.,-0.));
#4105 = ADVANCED_FACE('',(#4106),#4117,.F.);
#4106 = FACE_BOUND('',#4107,.T.);
#4107 = EDGE_LOOP('',(#4108,#4109,#4110));
#4108 = ORIENTED_EDGE('',*,*,#3590,.T.);
#4109 = ORIENTED_EDGE('',*,*,#4083,.F.);
#4110 = ORIENTED_EDGE('',*,*,#4111,.T.);
#4111 = EDGE_CURVE('',#4074,#3591,#4112,.T.);
#4112 = CIRCLE('',#4113,0.401);
#4113 = AXIS2_PLACEMENT_3D('',#4114,#4115,#4116);
#4114 = CARTESIAN_POINT('',(-5.449,-1.25,1.299));
#4115 = DIRECTION('',(-1.41E-15,1.,0.));
#4116 = DIRECTION('',(-0.999996890581,-1.409995615719E-15,
    2.493757831874E-03));
#4117 = PLANE('',#4118);
#4118 = AXIS2_PLACEMENT_3D('',#4119,#4120,#4121);
#4119 = CARTESIAN_POINT('',(-5.85,-1.25,1.3));
#4120 = DIRECTION('',(1.41E-15,-1.,0.));
#4121 = DIRECTION('',(1.,1.41E-15,0.));
#4122 = ADVANCED_FACE('',(#4123),#4134,.F.);
#4123 = FACE_BOUND('',#4124,.T.);
#4124 = EDGE_LOOP('',(#4125,#4126,#4133));
#4125 = ORIENTED_EDGE('',*,*,#3791,.T.);
#4126 = ORIENTED_EDGE('',*,*,#4127,.F.);
#4127 = EDGE_CURVE('',#4076,#3792,#4128,.T.);
#4128 = CIRCLE('',#4129,0.401);
#4129 = AXIS2_PLACEMENT_3D('',#4130,#4131,#4132);
#4130 = CARTESIAN_POINT('',(-5.449,1.25,1.299));
#4131 = DIRECTION('',(-3.8E-16,1.,0.));
#4132 = DIRECTION('',(-0.999996890581,-3.799988184208E-16,
    2.493757831874E-03));
#4133 = ORIENTED_EDGE('',*,*,#4095,.F.);
#4134 = PLANE('',#4135);
#4135 = AXIS2_PLACEMENT_3D('',#4136,#4137,#4138);
#4136 = CARTESIAN_POINT('',(-4.114304315434,1.25,1.3));
#4137 = DIRECTION('',(-3.8E-16,1.,0.));
#4138 = DIRECTION('',(-1.,-3.8E-16,0.));
#4139 = ADVANCED_FACE('',(#4140),#4176,.T.);
#4140 = FACE_BOUND('',#4141,.T.);
#4141 = EDGE_LOOP('',(#4142,#4153,#4161,#4170));
#4142 = ORIENTED_EDGE('',*,*,#4143,.F.);
#4143 = EDGE_CURVE('',#4144,#4146,#4148,.T.);
#4144 = VERTEX_POINT('',#4145);
#4145 = CARTESIAN_POINT('',(-5.449,-4.5,-2.801));
#4146 = VERTEX_POINT('',#4147);
#4147 = CARTESIAN_POINT('',(-5.578394951766,-4.5,-2.779549662702));
#4148 = CIRCLE('',#4149,0.401);
#4149 = AXIS2_PLACEMENT_3D('',#4150,#4151,#4152);
#4150 = CARTESIAN_POINT('',(-5.449,-4.5,-2.4));
#4151 = DIRECTION('',(-6.8E-16,1.,2.3E-16));
#4152 = DIRECTION('',(-4.43E-15,2.3E-16,-1.));
#4153 = ORIENTED_EDGE('',*,*,#4154,.F.);
#4154 = EDGE_CURVE('',#4155,#4144,#4157,.T.);
#4155 = VERTEX_POINT('',#4156);
#4156 = CARTESIAN_POINT('',(-5.449,-4.5,-2.401));
#4157 = LINE('',#4158,#4159);
#4158 = CARTESIAN_POINT('',(-5.449,-4.5,-2.401));
#4159 = VECTOR('',#4160,1.);
#4160 = DIRECTION('',(-4.44E-15,0.,-1.));
#4161 = ORIENTED_EDGE('',*,*,#4162,.T.);
#4162 = EDGE_CURVE('',#4155,#4163,#4165,.T.);
#4163 = VERTEX_POINT('',#4164);
#4164 = CARTESIAN_POINT('',(-5.449322680678,-4.5,-2.400946507887));
#4165 = CIRCLE('',#4166,1.000000000001E-03);
#4166 = AXIS2_PLACEMENT_3D('',#4167,#4168,#4169);
#4167 = CARTESIAN_POINT('',(-5.449,-4.5,-2.4));
#4168 = DIRECTION('',(-6.8E-16,1.,2.3E-16));
#4169 = DIRECTION('',(-1.77636E-12,2.299999999988E-16,-1.));
#4170 = ORIENTED_EDGE('',*,*,#4171,.T.);
#4171 = EDGE_CURVE('',#4163,#4146,#4172,.T.);
#4172 = LINE('',#4173,#4174);
#4173 = CARTESIAN_POINT('',(-5.449322680678,-4.5,-2.400946507887));
#4174 = VECTOR('',#4175,1.);
#4175 = DIRECTION('',(-0.322680677721,0.,-0.946507887038));
#4176 = PLANE('',#4177);
#4177 = AXIS2_PLACEMENT_3D('',#4178,#4179,#4180);
#4178 = CARTESIAN_POINT('',(-5.578394951766,-4.5,-2.779549662702));
#4179 = DIRECTION('',(6.8E-16,-1.,-2.3E-16));
#4180 = DIRECTION('',(0.946507887038,7.178419190618E-16,-0.322680677721)
  );
#4181 = ADVANCED_FACE('',(#4182),#4218,.T.);
#4182 = FACE_BOUND('',#4183,.T.);
#4183 = EDGE_LOOP('',(#4184,#4195,#4203,#4212));
#4184 = ORIENTED_EDGE('',*,*,#4185,.F.);
#4185 = EDGE_CURVE('',#4186,#4188,#4190,.T.);
#4186 = VERTEX_POINT('',#4187);
#4187 = CARTESIAN_POINT('',(-5.449,-2.4,-2.401));
#4188 = VERTEX_POINT('',#4189);
#4189 = CARTESIAN_POINT('',(-5.449322680678,-2.4,-2.400946507887));
#4190 = CIRCLE('',#4191,1.E-03);
#4191 = AXIS2_PLACEMENT_3D('',#4192,#4193,#4194);
#4192 = CARTESIAN_POINT('',(-5.449,-2.4,-2.4));
#4193 = DIRECTION('',(4.5E-16,1.,2.19E-15));
#4194 = DIRECTION('',(0.,2.19E-15,-1.));
#4195 = ORIENTED_EDGE('',*,*,#4196,.T.);
#4196 = EDGE_CURVE('',#4186,#4197,#4199,.T.);
#4197 = VERTEX_POINT('',#4198);
#4198 = CARTESIAN_POINT('',(-5.449,-2.4,-2.801));
#4199 = LINE('',#4200,#4201);
#4200 = CARTESIAN_POINT('',(-5.449,-2.4,-2.401));
#4201 = VECTOR('',#4202,1.);
#4202 = DIRECTION('',(-4.44E-15,2.22E-15,-1.));
#4203 = ORIENTED_EDGE('',*,*,#4204,.T.);
#4204 = EDGE_CURVE('',#4197,#4205,#4207,.T.);
#4205 = VERTEX_POINT('',#4206);
#4206 = CARTESIAN_POINT('',(-5.578394951766,-2.4,-2.779549662702));
#4207 = CIRCLE('',#4208,0.401);
#4208 = AXIS2_PLACEMENT_3D('',#4209,#4210,#4211);
#4209 = CARTESIAN_POINT('',(-5.449,-2.4,-2.4));
#4210 = DIRECTION('',(4.5E-16,1.,2.19E-15));
#4211 = DIRECTION('',(-6.64E-15,2.19E-15,-1.));
#4212 = ORIENTED_EDGE('',*,*,#4213,.F.);
#4213 = EDGE_CURVE('',#4188,#4205,#4214,.T.);
#4214 = LINE('',#4215,#4216);
#4215 = CARTESIAN_POINT('',(-5.449322680678,-2.4,-2.400946507887));
#4216 = VECTOR('',#4217,1.);
#4217 = DIRECTION('',(-0.322680677721,2.22E-15,-0.946507887038));
#4218 = PLANE('',#4219);
#4219 = AXIS2_PLACEMENT_3D('',#4220,#4221,#4222);
#4220 = CARTESIAN_POINT('',(-5.449322680678,-2.4,-2.400946507887));
#4221 = DIRECTION('',(4.5E-16,1.,2.19E-15));
#4222 = DIRECTION('',(0.946507887038,2.807421350429E-16,-0.322680677721)
  );
#4223 = ADVANCED_FACE('',(#4224),#4262,.F.);
#4224 = FACE_BOUND('',#4225,.T.);
#4225 = EDGE_LOOP('',(#4226,#4232,#4240,#4248,#4256));
#4226 = ORIENTED_EDGE('',*,*,#4227,.F.);
#4227 = EDGE_CURVE('',#4155,#4186,#4228,.T.);
#4228 = LINE('',#4229,#4230);
#4229 = CARTESIAN_POINT('',(-5.449,-4.5,-2.401));
#4230 = VECTOR('',#4231,1.);
#4231 = DIRECTION('',(8.5E-16,1.,2.11E-15));
#4232 = ORIENTED_EDGE('',*,*,#4233,.F.);
#4233 = EDGE_CURVE('',#4234,#4155,#4236,.T.);
#4234 = VERTEX_POINT('',#4235);
#4235 = CARTESIAN_POINT('',(-2.931898208614,-4.5,-2.401));
#4236 = LINE('',#4237,#4238);
#4237 = CARTESIAN_POINT('',(-2.931898208614,-4.5,-2.401));
#4238 = VECTOR('',#4239,1.);
#4239 = DIRECTION('',(-1.,1.76E-15,4.59E-15));
#4240 = ORIENTED_EDGE('',*,*,#4241,.T.);
#4241 = EDGE_CURVE('',#4234,#4242,#4244,.T.);
#4242 = VERTEX_POINT('',#4243);
#4243 = CARTESIAN_POINT('',(-2.931898208614,-3.6,-2.401));
#4244 = LINE('',#4245,#4246);
#4245 = CARTESIAN_POINT('',(-2.931898208614,-4.5,-2.401));
#4246 = VECTOR('',#4247,1.);
#4247 = DIRECTION('',(1.48E-15,1.,1.97E-15));
#4248 = ORIENTED_EDGE('',*,*,#4249,.T.);
#4249 = EDGE_CURVE('',#4242,#4250,#4252,.T.);
#4250 = VERTEX_POINT('',#4251);
#4251 = CARTESIAN_POINT('',(-4.131898208614,-2.4,-2.401));
#4252 = LINE('',#4253,#4254);
#4253 = CARTESIAN_POINT('',(-2.931898208614,-3.6,-2.401));
#4254 = VECTOR('',#4255,1.);
#4255 = DIRECTION('',(-0.707106781187,0.707106781187,4.71E-15));
#4256 = ORIENTED_EDGE('',*,*,#4257,.T.);
#4257 = EDGE_CURVE('',#4250,#4186,#4258,.T.);
#4258 = LINE('',#4259,#4260);
#4259 = CARTESIAN_POINT('',(-4.131898208614,-2.4,-2.401));
#4260 = VECTOR('',#4261,1.);
#4261 = DIRECTION('',(-1.,1.35E-15,4.72E-15));
#4262 = PLANE('',#4263);
#4263 = AXIS2_PLACEMENT_3D('',#4264,#4265,#4266);
#4264 = CARTESIAN_POINT('',(-15.10279641722,1.506E-14,-2.401));
#4265 = DIRECTION('',(-4.56E-15,2.22E-15,-1.));
#4266 = DIRECTION('',(-1.,1.69E-15,4.56E-15));
#4267 = ADVANCED_FACE('',(#4268),#4304,.T.);
#4268 = FACE_BOUND('',#4269,.T.);
#4269 = EDGE_LOOP('',(#4270,#4281,#4289,#4298));
#4270 = ORIENTED_EDGE('',*,*,#4271,.T.);
#4271 = EDGE_CURVE('',#4272,#4274,#4276,.T.);
#4272 = VERTEX_POINT('',#4273);
#4273 = CARTESIAN_POINT('',(-5.578394951766,2.4,-2.779549662702));
#4274 = VERTEX_POINT('',#4275);
#4275 = CARTESIAN_POINT('',(-5.449,2.4,-2.801));
#4276 = CIRCLE('',#4277,0.401);
#4277 = AXIS2_PLACEMENT_3D('',#4278,#4279,#4280);
#4278 = CARTESIAN_POINT('',(-5.449,2.4,-2.4));
#4279 = DIRECTION('',(0.,-1.,0.));
#4280 = DIRECTION('',(-0.322680677721,-0.,-0.946507887038));
#4281 = ORIENTED_EDGE('',*,*,#4282,.F.);
#4282 = EDGE_CURVE('',#4283,#4274,#4285,.T.);
#4283 = VERTEX_POINT('',#4284);
#4284 = CARTESIAN_POINT('',(-5.449,2.4,-2.401));
#4285 = LINE('',#4286,#4287);
#4286 = CARTESIAN_POINT('',(-5.449,2.4,-2.401));
#4287 = VECTOR('',#4288,1.);
#4288 = DIRECTION('',(-2.22E-15,0.,-1.));
#4289 = ORIENTED_EDGE('',*,*,#4290,.F.);
#4290 = EDGE_CURVE('',#4291,#4283,#4293,.T.);
#4291 = VERTEX_POINT('',#4292);
#4292 = CARTESIAN_POINT('',(-5.449322680678,2.4,-2.400946507887));
#4293 = CIRCLE('',#4294,1.E-03);
#4294 = AXIS2_PLACEMENT_3D('',#4295,#4296,#4297);
#4295 = CARTESIAN_POINT('',(-5.449,2.4,-2.4));
#4296 = DIRECTION('',(0.,-1.,0.));
#4297 = DIRECTION('',(-0.322680677722,-0.,-0.946507887038));
#4298 = ORIENTED_EDGE('',*,*,#4299,.T.);
#4299 = EDGE_CURVE('',#4291,#4272,#4300,.T.);
#4300 = LINE('',#4301,#4302);
#4301 = CARTESIAN_POINT('',(-5.449322680678,2.4,-2.400946507887));
#4302 = VECTOR('',#4303,1.);
#4303 = DIRECTION('',(-0.322680677721,0.,-0.946507887038));
#4304 = PLANE('',#4305);
#4305 = AXIS2_PLACEMENT_3D('',#4306,#4307,#4308);
#4306 = CARTESIAN_POINT('',(-5.578394951766,2.4,-2.779549662702));
#4307 = DIRECTION('',(0.,-1.,0.));
#4308 = DIRECTION('',(0.946507887038,0.,-0.322680677721));
#4309 = ADVANCED_FACE('',(#4310),#4346,.T.);
#4310 = FACE_BOUND('',#4311,.T.);
#4311 = EDGE_LOOP('',(#4312,#4323,#4331,#4340));
#4312 = ORIENTED_EDGE('',*,*,#4313,.T.);
#4313 = EDGE_CURVE('',#4314,#4316,#4318,.T.);
#4314 = VERTEX_POINT('',#4315);
#4315 = CARTESIAN_POINT('',(-5.449322680678,4.5,-2.400946507887));
#4316 = VERTEX_POINT('',#4317);
#4317 = CARTESIAN_POINT('',(-5.449,4.5,-2.401));
#4318 = CIRCLE('',#4319,9.999999999999E-04);
#4319 = AXIS2_PLACEMENT_3D('',#4320,#4321,#4322);
#4320 = CARTESIAN_POINT('',(-5.449,4.5,-2.4));
#4321 = DIRECTION('',(0.,-1.,-0.));
#4322 = DIRECTION('',(-0.322680677721,0.,-0.946507887038));
#4323 = ORIENTED_EDGE('',*,*,#4324,.T.);
#4324 = EDGE_CURVE('',#4316,#4325,#4327,.T.);
#4325 = VERTEX_POINT('',#4326);
#4326 = CARTESIAN_POINT('',(-5.449,4.5,-2.801));
#4327 = LINE('',#4328,#4329);
#4328 = CARTESIAN_POINT('',(-5.449,4.5,-2.401));
#4329 = VECTOR('',#4330,1.);
#4330 = DIRECTION('',(-2.22E-15,0.,-1.));
#4331 = ORIENTED_EDGE('',*,*,#4332,.F.);
#4332 = EDGE_CURVE('',#4333,#4325,#4335,.T.);
#4333 = VERTEX_POINT('',#4334);
#4334 = CARTESIAN_POINT('',(-5.578394951766,4.5,-2.779549662702));
#4335 = CIRCLE('',#4336,0.401);
#4336 = AXIS2_PLACEMENT_3D('',#4337,#4338,#4339);
#4337 = CARTESIAN_POINT('',(-5.449,4.5,-2.4));
#4338 = DIRECTION('',(-0.,-1.,0.));
#4339 = DIRECTION('',(-0.322680677722,0.,-0.946507887038));
#4340 = ORIENTED_EDGE('',*,*,#4341,.F.);
#4341 = EDGE_CURVE('',#4314,#4333,#4342,.T.);
#4342 = LINE('',#4343,#4344);
#4343 = CARTESIAN_POINT('',(-5.449322680678,4.5,-2.400946507887));
#4344 = VECTOR('',#4345,1.);
#4345 = DIRECTION('',(-0.322680677722,0.,-0.946507887038));
#4346 = PLANE('',#4347);
#4347 = AXIS2_PLACEMENT_3D('',#4348,#4349,#4350);
#4348 = CARTESIAN_POINT('',(-5.449322680678,4.5,-2.400946507887));
#4349 = DIRECTION('',(0.,1.,0.));
#4350 = DIRECTION('',(0.946507887038,0.,-0.322680677721));
#4351 = ADVANCED_FACE('',(#4352),#4390,.F.);
#4352 = FACE_BOUND('',#4353,.T.);
#4353 = EDGE_LOOP('',(#4354,#4360,#4368,#4376,#4384));
#4354 = ORIENTED_EDGE('',*,*,#4355,.F.);
#4355 = EDGE_CURVE('',#4283,#4316,#4356,.T.);
#4356 = LINE('',#4357,#4358);
#4357 = CARTESIAN_POINT('',(-5.449,2.4,-2.401));
#4358 = VECTOR('',#4359,1.);
#4359 = DIRECTION('',(0.,1.,0.));
#4360 = ORIENTED_EDGE('',*,*,#4361,.T.);
#4361 = EDGE_CURVE('',#4283,#4362,#4364,.T.);
#4362 = VERTEX_POINT('',#4363);
#4363 = CARTESIAN_POINT('',(-4.131898208614,2.4,-2.401));
#4364 = LINE('',#4365,#4366);
#4365 = CARTESIAN_POINT('',(-5.449,2.4,-2.401));
#4366 = VECTOR('',#4367,1.);
#4367 = DIRECTION('',(1.,3.4E-16,-4.72E-15));
#4368 = ORIENTED_EDGE('',*,*,#4369,.T.);
#4369 = EDGE_CURVE('',#4362,#4370,#4372,.T.);
#4370 = VERTEX_POINT('',#4371);
#4371 = CARTESIAN_POINT('',(-2.931898208614,3.6,-2.401));
#4372 = LINE('',#4373,#4374);
#4373 = CARTESIAN_POINT('',(-4.131898208614,2.4,-2.401));
#4374 = VECTOR('',#4375,1.);
#4375 = DIRECTION('',(0.707106781187,0.707106781187,-3.14E-15));
#4376 = ORIENTED_EDGE('',*,*,#4377,.T.);
#4377 = EDGE_CURVE('',#4370,#4378,#4380,.T.);
#4378 = VERTEX_POINT('',#4379);
#4379 = CARTESIAN_POINT('',(-2.931898208614,4.5,-2.401));
#4380 = LINE('',#4381,#4382);
#4381 = CARTESIAN_POINT('',(-2.931898208614,3.6,-2.401));
#4382 = VECTOR('',#4383,1.);
#4383 = DIRECTION('',(0.,1.,0.));
#4384 = ORIENTED_EDGE('',*,*,#4385,.F.);
#4385 = EDGE_CURVE('',#4316,#4378,#4386,.T.);
#4386 = LINE('',#4387,#4388);
#4387 = CARTESIAN_POINT('',(-5.449,4.5,-2.401));
#4388 = VECTOR('',#4389,1.);
#4389 = DIRECTION('',(1.,0.,-4.41E-15));
#4390 = PLANE('',#4391);
#4391 = AXIS2_PLACEMENT_3D('',#4392,#4393,#4394);
#4392 = CARTESIAN_POINT('',(-15.10279641722,0.,-2.401));
#4393 = DIRECTION('',(-4.56E-15,0.,-1.));
#4394 = DIRECTION('',(-1.,0.,4.56E-15));
#4395 = ADVANCED_FACE('',(#4396),#4414,.T.);
#4396 = FACE_BOUND('',#4397,.T.);
#4397 = EDGE_LOOP('',(#4398,#4399,#4407,#4413));
#4398 = ORIENTED_EDGE('',*,*,#4154,.T.);
#4399 = ORIENTED_EDGE('',*,*,#4400,.F.);
#4400 = EDGE_CURVE('',#4401,#4144,#4403,.T.);
#4401 = VERTEX_POINT('',#4402);
#4402 = CARTESIAN_POINT('',(-2.931898208614,-4.5,-2.801));
#4403 = LINE('',#4404,#4405);
#4404 = CARTESIAN_POINT('',(-2.931898208614,-4.5,-2.801));
#4405 = VECTOR('',#4406,1.);
#4406 = DIRECTION('',(-1.,1.76E-15,4.59E-15));
#4407 = ORIENTED_EDGE('',*,*,#4408,.F.);
#4408 = EDGE_CURVE('',#4234,#4401,#4409,.T.);
#4409 = LINE('',#4410,#4411);
#4410 = CARTESIAN_POINT('',(-2.931898208614,-4.5,-2.401));
#4411 = VECTOR('',#4412,1.);
#4412 = DIRECTION('',(-5.55E-15,2.22E-15,-1.));
#4413 = ORIENTED_EDGE('',*,*,#4233,.T.);
#4414 = PLANE('',#4415);
#4415 = AXIS2_PLACEMENT_3D('',#4416,#4417,#4418);
#4416 = CARTESIAN_POINT('',(0.198101791386,-4.5,-2.401));
#4417 = DIRECTION('',(-1.69E-15,-1.,-2.22E-15));
#4418 = DIRECTION('',(-1.,1.69E-15,4.56E-15));
#4419 = ADVANCED_FACE('',(#4420),#4438,.F.);
#4420 = FACE_BOUND('',#4421,.T.);
#4421 = EDGE_LOOP('',(#4422,#4423,#4424,#4432));
#4422 = ORIENTED_EDGE('',*,*,#4196,.F.);
#4423 = ORIENTED_EDGE('',*,*,#4257,.F.);
#4424 = ORIENTED_EDGE('',*,*,#4425,.T.);
#4425 = EDGE_CURVE('',#4250,#4426,#4428,.T.);
#4426 = VERTEX_POINT('',#4427);
#4427 = CARTESIAN_POINT('',(-4.131898208614,-2.4,-2.801));
#4428 = LINE('',#4429,#4430);
#4429 = CARTESIAN_POINT('',(-4.131898208614,-2.4,-2.401));
#4430 = VECTOR('',#4431,1.);
#4431 = DIRECTION('',(-6.66E-15,2.22E-15,-1.));
#4432 = ORIENTED_EDGE('',*,*,#4433,.T.);
#4433 = EDGE_CURVE('',#4426,#4197,#4434,.T.);
#4434 = LINE('',#4435,#4436);
#4435 = CARTESIAN_POINT('',(-4.131898208614,-2.4,-2.801));
#4436 = VECTOR('',#4437,1.);
#4437 = DIRECTION('',(-1.,1.35E-15,4.72E-15));
#4438 = PLANE('',#4439);
#4439 = AXIS2_PLACEMENT_3D('',#4440,#4441,#4442);
#4440 = CARTESIAN_POINT('',(-4.131898208614,-2.4,8.899));
#4441 = DIRECTION('',(-1.37E-15,-1.,-2.22E-15));
#4442 = DIRECTION('',(-1.,1.37E-15,5.39E-15));
#4443 = ADVANCED_FACE('',(#4444),#4462,.F.);
#4444 = FACE_BOUND('',#4445,.T.);
#4445 = EDGE_LOOP('',(#4446,#4447,#4455,#4461));
#4446 = ORIENTED_EDGE('',*,*,#4249,.F.);
#4447 = ORIENTED_EDGE('',*,*,#4448,.T.);
#4448 = EDGE_CURVE('',#4242,#4449,#4451,.T.);
#4449 = VERTEX_POINT('',#4450);
#4450 = CARTESIAN_POINT('',(-2.931898208614,-3.6,-2.801));
#4451 = LINE('',#4452,#4453);
#4452 = CARTESIAN_POINT('',(-2.931898208614,-3.6,-2.401));
#4453 = VECTOR('',#4454,1.);
#4454 = DIRECTION('',(-5.55E-15,2.22E-15,-1.));
#4455 = ORIENTED_EDGE('',*,*,#4456,.T.);
#4456 = EDGE_CURVE('',#4449,#4426,#4457,.T.);
#4457 = LINE('',#4458,#4459);
#4458 = CARTESIAN_POINT('',(-2.931898208614,-3.6,-2.801));
#4459 = VECTOR('',#4460,1.);
#4460 = DIRECTION('',(-0.707106781187,0.707106781187,4.71E-15));
#4461 = ORIENTED_EDGE('',*,*,#4425,.F.);
#4462 = PLANE('',#4463);
#4463 = AXIS2_PLACEMENT_3D('',#4464,#4465,#4466);
#4464 = CARTESIAN_POINT('',(-2.931898208614,-3.6,8.899));
#4465 = DIRECTION('',(-0.707106781187,-0.707106781187,2.3E-15));
#4466 = DIRECTION('',(-0.707106781187,0.707106781187,5.38E-15));
#4467 = ADVANCED_FACE('',(#4468),#4479,.F.);
#4468 = FACE_BOUND('',#4469,.T.);
#4469 = EDGE_LOOP('',(#4470,#4471,#4472,#4478));
#4470 = ORIENTED_EDGE('',*,*,#4241,.F.);
#4471 = ORIENTED_EDGE('',*,*,#4408,.T.);
#4472 = ORIENTED_EDGE('',*,*,#4473,.T.);
#4473 = EDGE_CURVE('',#4401,#4449,#4474,.T.);
#4474 = LINE('',#4475,#4476);
#4475 = CARTESIAN_POINT('',(-2.931898208614,-4.5,-2.801));
#4476 = VECTOR('',#4477,1.);
#4477 = DIRECTION('',(1.48E-15,1.,1.97E-15));
#4478 = ORIENTED_EDGE('',*,*,#4448,.F.);
#4479 = PLANE('',#4480);
#4480 = AXIS2_PLACEMENT_3D('',#4481,#4482,#4483);
#4481 = CARTESIAN_POINT('',(-2.931898208614,-4.5,8.899));
#4482 = DIRECTION('',(-1.,1.69E-15,5.47E-15));
#4483 = DIRECTION('',(1.69E-15,1.,2.22E-15));
#4484 = ADVANCED_FACE('',(#4485),#4503,.F.);
#4485 = FACE_BOUND('',#4486,.T.);
#4486 = EDGE_LOOP('',(#4487,#4488,#4496,#4502));
#4487 = ORIENTED_EDGE('',*,*,#4282,.T.);
#4488 = ORIENTED_EDGE('',*,*,#4489,.T.);
#4489 = EDGE_CURVE('',#4274,#4490,#4492,.T.);
#4490 = VERTEX_POINT('',#4491);
#4491 = CARTESIAN_POINT('',(-4.131898208614,2.4,-2.801));
#4492 = LINE('',#4493,#4494);
#4493 = CARTESIAN_POINT('',(-5.449,2.4,-2.801));
#4494 = VECTOR('',#4495,1.);
#4495 = DIRECTION('',(1.,3.4E-16,-4.72E-15));
#4496 = ORIENTED_EDGE('',*,*,#4497,.F.);
#4497 = EDGE_CURVE('',#4362,#4490,#4498,.T.);
#4498 = LINE('',#4499,#4500);
#4499 = CARTESIAN_POINT('',(-4.131898208614,2.4,-2.401));
#4500 = VECTOR('',#4501,1.);
#4501 = DIRECTION('',(-4.44E-15,0.,-1.));
#4502 = ORIENTED_EDGE('',*,*,#4361,.F.);
#4503 = PLANE('',#4504);
#4504 = AXIS2_PLACEMENT_3D('',#4505,#4506,#4507);
#4505 = CARTESIAN_POINT('',(-5.501898208614,2.4,8.899));
#4506 = DIRECTION('',(-3.2E-16,1.,0.));
#4507 = DIRECTION('',(1.,3.2E-16,-5.39E-15));
#4508 = ADVANCED_FACE('',(#4509),#4527,.T.);
#4509 = FACE_BOUND('',#4510,.T.);
#4510 = EDGE_LOOP('',(#4511,#4512,#4513,#4521));
#4511 = ORIENTED_EDGE('',*,*,#4324,.F.);
#4512 = ORIENTED_EDGE('',*,*,#4385,.T.);
#4513 = ORIENTED_EDGE('',*,*,#4514,.F.);
#4514 = EDGE_CURVE('',#4515,#4378,#4517,.T.);
#4515 = VERTEX_POINT('',#4516);
#4516 = CARTESIAN_POINT('',(-2.931898208614,4.5,-2.801));
#4517 = LINE('',#4518,#4519);
#4518 = CARTESIAN_POINT('',(-2.931898208614,4.5,-2.801));
#4519 = VECTOR('',#4520,1.);
#4520 = DIRECTION('',(4.44E-15,0.,1.));
#4521 = ORIENTED_EDGE('',*,*,#4522,.F.);
#4522 = EDGE_CURVE('',#4325,#4515,#4523,.T.);
#4523 = LINE('',#4524,#4525);
#4524 = CARTESIAN_POINT('',(-5.449,4.5,-2.801));
#4525 = VECTOR('',#4526,1.);
#4526 = DIRECTION('',(1.,0.,-4.59E-15));
#4527 = PLANE('',#4528);
#4528 = AXIS2_PLACEMENT_3D('',#4529,#4530,#4531);
#4529 = CARTESIAN_POINT('',(-9.400898208614,4.5,-2.401));
#4530 = DIRECTION('',(0.,1.,0.));
#4531 = DIRECTION('',(1.,0.,-4.56E-15));
#4532 = ADVANCED_FACE('',(#4533),#4551,.F.);
#4533 = FACE_BOUND('',#4534,.T.);
#4534 = EDGE_LOOP('',(#4535,#4536,#4544,#4550));
#4535 = ORIENTED_EDGE('',*,*,#4377,.F.);
#4536 = ORIENTED_EDGE('',*,*,#4537,.T.);
#4537 = EDGE_CURVE('',#4370,#4538,#4540,.T.);
#4538 = VERTEX_POINT('',#4539);
#4539 = CARTESIAN_POINT('',(-2.931898208614,3.6,-2.801));
#4540 = LINE('',#4541,#4542);
#4541 = CARTESIAN_POINT('',(-2.931898208614,3.6,-2.401));
#4542 = VECTOR('',#4543,1.);
#4543 = DIRECTION('',(-5.55E-15,1.11E-15,-1.));
#4544 = ORIENTED_EDGE('',*,*,#4545,.T.);
#4545 = EDGE_CURVE('',#4538,#4515,#4546,.T.);
#4546 = LINE('',#4547,#4548);
#4547 = CARTESIAN_POINT('',(-2.931898208614,3.6,-2.801));
#4548 = VECTOR('',#4549,1.);
#4549 = DIRECTION('',(0.,1.,0.));
#4550 = ORIENTED_EDGE('',*,*,#4514,.T.);
#4551 = PLANE('',#4552);
#4552 = AXIS2_PLACEMENT_3D('',#4553,#4554,#4555);
#4553 = CARTESIAN_POINT('',(-2.931898208614,3.6,8.899));
#4554 = DIRECTION('',(-1.,0.,5.47E-15));
#4555 = DIRECTION('',(0.,1.,0.));
#4556 = ADVANCED_FACE('',(#4557),#4568,.F.);
#4557 = FACE_BOUND('',#4558,.T.);
#4558 = EDGE_LOOP('',(#4559,#4560,#4561,#4567));
#4559 = ORIENTED_EDGE('',*,*,#4369,.F.);
#4560 = ORIENTED_EDGE('',*,*,#4497,.T.);
#4561 = ORIENTED_EDGE('',*,*,#4562,.T.);
#4562 = EDGE_CURVE('',#4490,#4538,#4563,.T.);
#4563 = LINE('',#4564,#4565);
#4564 = CARTESIAN_POINT('',(-4.131898208614,2.4,-2.801));
#4565 = VECTOR('',#4566,1.);
#4566 = DIRECTION('',(0.707106781187,0.707106781187,-3.14E-15));
#4567 = ORIENTED_EDGE('',*,*,#4537,.F.);
#4568 = PLANE('',#4569);
#4569 = AXIS2_PLACEMENT_3D('',#4570,#4571,#4572);
#4570 = CARTESIAN_POINT('',(-4.131898208614,2.4,8.899));
#4571 = DIRECTION('',(-0.707106781187,0.707106781187,3.84E-15));
#4572 = DIRECTION('',(0.707106781187,0.707106781187,-3.81E-15));
#4573 = ADVANCED_FACE('',(#4574),#4586,.T.);
#4574 = FACE_BOUND('',#4575,.T.);
#4575 = EDGE_LOOP('',(#4576,#4582,#4583,#4584,#4585));
#4576 = ORIENTED_EDGE('',*,*,#4577,.T.);
#4577 = EDGE_CURVE('',#4144,#4197,#4578,.T.);
#4578 = LINE('',#4579,#4580);
#4579 = CARTESIAN_POINT('',(-5.449,-4.5,-2.801));
#4580 = VECTOR('',#4581,1.);
#4581 = DIRECTION('',(0.,1.,2.11E-15));
#4582 = ORIENTED_EDGE('',*,*,#4433,.F.);
#4583 = ORIENTED_EDGE('',*,*,#4456,.F.);
#4584 = ORIENTED_EDGE('',*,*,#4473,.F.);
#4585 = ORIENTED_EDGE('',*,*,#4400,.T.);
#4586 = PLANE('',#4587);
#4587 = AXIS2_PLACEMENT_3D('',#4588,#4589,#4590);
#4588 = CARTESIAN_POINT('',(-15.10279641722,1.595E-14,-2.801));
#4589 = DIRECTION('',(-4.56E-15,2.22E-15,-1.));
#4590 = DIRECTION('',(-1.,1.69E-15,4.56E-15));
#4591 = ADVANCED_FACE('',(#4592),#4604,.T.);
#4592 = FACE_BOUND('',#4593,.T.);
#4593 = EDGE_LOOP('',(#4594,#4600,#4601,#4602,#4603));
#4594 = ORIENTED_EDGE('',*,*,#4595,.T.);
#4595 = EDGE_CURVE('',#4274,#4325,#4596,.T.);
#4596 = LINE('',#4597,#4598);
#4597 = CARTESIAN_POINT('',(-5.449,2.4,-2.801));
#4598 = VECTOR('',#4599,1.);
#4599 = DIRECTION('',(0.,1.,0.));
#4600 = ORIENTED_EDGE('',*,*,#4522,.T.);
#4601 = ORIENTED_EDGE('',*,*,#4545,.F.);
#4602 = ORIENTED_EDGE('',*,*,#4562,.F.);
#4603 = ORIENTED_EDGE('',*,*,#4489,.F.);
#4604 = PLANE('',#4605);
#4605 = AXIS2_PLACEMENT_3D('',#4606,#4607,#4608);
#4606 = CARTESIAN_POINT('',(-15.10279641722,0.,-2.801));
#4607 = DIRECTION('',(-4.56E-15,0.,-1.));
#4608 = DIRECTION('',(-1.,0.,4.56E-15));
#4609 = ADVANCED_FACE('',(#4610),#4637,.T.);
#4610 = FACE_BOUND('',#4611,.T.);
#4611 = EDGE_LOOP('',(#4612,#4621,#4622,#4631));
#4612 = ORIENTED_EDGE('',*,*,#4613,.T.);
#4613 = EDGE_CURVE('',#4614,#3192,#4616,.T.);
#4614 = VERTEX_POINT('',#4615);
#4615 = CARTESIAN_POINT('',(5.449322680678,-4.5,-2.400946507887));
#4616 = CIRCLE('',#4617,1.E-03);
#4617 = AXIS2_PLACEMENT_3D('',#4618,#4619,#4620);
#4618 = CARTESIAN_POINT('',(5.449,-4.5,-2.4));
#4619 = DIRECTION('',(-2.47138E-12,1.,-8.4253E-13));
#4620 = DIRECTION('',(0.322680677227,5.281877702271E-18,-0.946507887207)
  );
#4621 = ORIENTED_EDGE('',*,*,#3905,.T.);
#4622 = ORIENTED_EDGE('',*,*,#4623,.F.);
#4623 = EDGE_CURVE('',#4624,#3906,#4626,.T.);
#4624 = VERTEX_POINT('',#4625);
#4625 = CARTESIAN_POINT('',(5.578394951766,-4.5,-2.779549662702));
#4626 = CIRCLE('',#4627,0.401);
#4627 = AXIS2_PLACEMENT_3D('',#4628,#4629,#4630);
#4628 = CARTESIAN_POINT('',(5.449000000005,-4.5,-2.399999999998));
#4629 = DIRECTION('',(-2.47138E-12,1.,-8.4253E-13));
#4630 = DIRECTION('',(0.32268067771,5.283208865492E-18,-0.946507887042)
  );
#4631 = ORIENTED_EDGE('',*,*,#4632,.T.);
#4632 = EDGE_CURVE('',#4624,#4614,#4633,.T.);
#4633 = LINE('',#4634,#4635);
#4634 = CARTESIAN_POINT('',(5.578394951766,-4.5,-2.779549662702));
#4635 = VECTOR('',#4636,1.);
#4636 = DIRECTION('',(-0.322680677721,0.,0.946507887038));
#4637 = PLANE('',#4638);
#4638 = AXIS2_PLACEMENT_3D('',#4639,#4640,#4641);
#4639 = CARTESIAN_POINT('',(5.449322680678,-4.5,-2.400946507887));
#4640 = DIRECTION('',(2.47138E-12,-1.,8.4253E-13));
#4641 = DIRECTION('',(-0.946507887038,-2.611048813269E-12,
    -0.322680677721));
#4642 = ADVANCED_FACE('',(#4643),#4670,.T.);
#4643 = FACE_BOUND('',#4644,.T.);
#4644 = EDGE_LOOP('',(#4645,#4654,#4655,#4664));
#4645 = ORIENTED_EDGE('',*,*,#4646,.T.);
#4646 = EDGE_CURVE('',#4647,#3875,#4649,.T.);
#4647 = VERTEX_POINT('',#4648);
#4648 = CARTESIAN_POINT('',(5.578394951766,-2.4,-2.779549662702));
#4649 = CIRCLE('',#4650,0.401);
#4650 = AXIS2_PLACEMENT_3D('',#4651,#4652,#4653);
#4651 = CARTESIAN_POINT('',(5.449,-2.4,-2.4));
#4652 = DIRECTION('',(-4.E-17,1.,2.33E-15));
#4653 = DIRECTION('',(0.322680677721,2.218270603907E-15,-0.946507887038)
  );
#4654 = ORIENTED_EDGE('',*,*,#3874,.F.);
#4655 = ORIENTED_EDGE('',*,*,#4656,.F.);
#4656 = EDGE_CURVE('',#4657,#3190,#4659,.T.);
#4657 = VERTEX_POINT('',#4658);
#4658 = CARTESIAN_POINT('',(5.449322680678,-2.4,-2.400946507887));
#4659 = CIRCLE('',#4660,1.000000000003E-03);
#4660 = AXIS2_PLACEMENT_3D('',#4661,#4662,#4663);
#4661 = CARTESIAN_POINT('',(5.449,-2.4,-2.4));
#4662 = DIRECTION('',(-4.E-17,1.,2.33E-15));
#4663 = DIRECTION('',(0.322680677722,2.218270603907E-15,-0.946507887038)
  );
#4664 = ORIENTED_EDGE('',*,*,#4665,.F.);
#4665 = EDGE_CURVE('',#4647,#4657,#4666,.T.);
#4666 = LINE('',#4667,#4668);
#4667 = CARTESIAN_POINT('',(5.578394951766,-2.4,-2.779549662702));
#4668 = VECTOR('',#4669,1.);
#4669 = DIRECTION('',(-0.322680677721,-2.22E-15,0.946507887038));
#4670 = PLANE('',#4671);
#4671 = AXIS2_PLACEMENT_3D('',#4672,#4673,#4674);
#4672 = CARTESIAN_POINT('',(5.578394951766,-2.4,-2.779549662702));
#4673 = DIRECTION('',(-4.E-17,1.,2.33E-15));
#4674 = DIRECTION('',(-0.946507887038,7.139856636095E-16,-0.322680677721
    ));
#4675 = ADVANCED_FACE('',(#4676,#4810),#4846,.T.);
#4676 = FACE_BOUND('',#4677,.T.);
#4677 = EDGE_LOOP('',(#4678,#4688,#4696,#4704,#4712,#4721,#4729,#4738,
    #4746,#4754,#4762,#4771,#4779,#4788,#4796,#4804));
#4678 = ORIENTED_EDGE('',*,*,#4679,.T.);
#4679 = EDGE_CURVE('',#4680,#4682,#4684,.T.);
#4680 = VERTEX_POINT('',#4681);
#4681 = CARTESIAN_POINT('',(-5.85,1.25,-3.678778554955));
#4682 = VERTEX_POINT('',#4683);
#4683 = CARTESIAN_POINT('',(-5.85,-1.25,-3.678778554955));
#4684 = LINE('',#4685,#4686);
#4685 = CARTESIAN_POINT('',(-5.85,1.25,-3.678778554955));
#4686 = VECTOR('',#4687,1.);
#4687 = DIRECTION('',(0.,-1.,0.));
#4688 = ORIENTED_EDGE('',*,*,#4689,.F.);
#4689 = EDGE_CURVE('',#4690,#4682,#4692,.T.);
#4690 = VERTEX_POINT('',#4691);
#4691 = CARTESIAN_POINT('',(-5.85,-1.25,-1.9));
#4692 = LINE('',#4693,#4694);
#4693 = CARTESIAN_POINT('',(-5.85,-1.25,-1.9));
#4694 = VECTOR('',#4695,1.);
#4695 = DIRECTION('',(1.E-15,1.2E-16,-1.));
#4696 = ORIENTED_EDGE('',*,*,#4697,.F.);
#4697 = EDGE_CURVE('',#4698,#4690,#4700,.T.);
#4698 = VERTEX_POINT('',#4699);
#4699 = CARTESIAN_POINT('',(-5.85,-2.4,-1.9));
#4700 = LINE('',#4701,#4702);
#4701 = CARTESIAN_POINT('',(-5.85,-2.4,-1.9));
#4702 = VECTOR('',#4703,1.);
#4703 = DIRECTION('',(0.,1.,0.));
#4704 = ORIENTED_EDGE('',*,*,#4705,.F.);
#4705 = EDGE_CURVE('',#4706,#4698,#4708,.T.);
#4706 = VERTEX_POINT('',#4707);
#4707 = CARTESIAN_POINT('',(-5.85,-2.4,-2.2));
#4708 = LINE('',#4709,#4710);
#4709 = CARTESIAN_POINT('',(-5.85,-2.4,-2.2));
#4710 = VECTOR('',#4711,1.);
#4711 = DIRECTION('',(-2.96E-15,0.,1.));
#4712 = ORIENTED_EDGE('',*,*,#4713,.F.);
#4713 = EDGE_CURVE('',#4714,#4706,#4716,.T.);
#4714 = VERTEX_POINT('',#4715);
#4715 = CARTESIAN_POINT('',(-5.85,-2.6,-2.4));
#4716 = CIRCLE('',#4717,0.2);
#4717 = AXIS2_PLACEMENT_3D('',#4718,#4719,#4720);
#4718 = CARTESIAN_POINT('',(-5.85,-2.4,-2.4));
#4719 = DIRECTION('',(-1.,0.,-8.3E-16));
#4720 = DIRECTION('',(1.8426E-30,-1.,-2.22E-15));
#4721 = ORIENTED_EDGE('',*,*,#4722,.F.);
#4722 = EDGE_CURVE('',#4723,#4714,#4725,.T.);
#4723 = VERTEX_POINT('',#4724);
#4724 = CARTESIAN_POINT('',(-5.85,-4.3,-2.4));
#4725 = LINE('',#4726,#4727);
#4726 = CARTESIAN_POINT('',(-5.85,-4.3,-2.4));
#4727 = VECTOR('',#4728,1.);
#4728 = DIRECTION('',(0.,1.,2.09E-15));
#4729 = ORIENTED_EDGE('',*,*,#4730,.F.);
#4730 = EDGE_CURVE('',#4731,#4723,#4733,.T.);
#4731 = VERTEX_POINT('',#4732);
#4732 = CARTESIAN_POINT('',(-5.85,-4.5,-2.2));
#4733 = CIRCLE('',#4734,0.2);
#4734 = AXIS2_PLACEMENT_3D('',#4735,#4736,#4737);
#4735 = CARTESIAN_POINT('',(-5.85,-4.5,-2.4));
#4736 = DIRECTION('',(-1.,0.,-8.3E-16));
#4737 = DIRECTION('',(-8.3E-16,0.,1.));
#4738 = ORIENTED_EDGE('',*,*,#4739,.T.);
#4739 = EDGE_CURVE('',#4731,#4740,#4742,.T.);
#4740 = VERTEX_POINT('',#4741);
#4741 = CARTESIAN_POINT('',(-5.85,-4.5,1.299));
#4742 = LINE('',#4743,#4744);
#4743 = CARTESIAN_POINT('',(-5.85,-4.5,-2.2));
#4744 = VECTOR('',#4745,1.);
#4745 = DIRECTION('',(-7.6E-16,0.,1.));
#4746 = ORIENTED_EDGE('',*,*,#4747,.T.);
#4747 = EDGE_CURVE('',#4740,#4748,#4750,.T.);
#4748 = VERTEX_POINT('',#4749);
#4749 = CARTESIAN_POINT('',(-5.85,4.5,1.299));
#4750 = LINE('',#4751,#4752);
#4751 = CARTESIAN_POINT('',(-5.85,-4.5,1.299));
#4752 = VECTOR('',#4753,1.);
#4753 = DIRECTION('',(0.,1.,0.));
#4754 = ORIENTED_EDGE('',*,*,#4755,.T.);
#4755 = EDGE_CURVE('',#4748,#4756,#4758,.T.);
#4756 = VERTEX_POINT('',#4757);
#4757 = CARTESIAN_POINT('',(-5.85,4.5,-2.2));
#4758 = LINE('',#4759,#4760);
#4759 = CARTESIAN_POINT('',(-5.85,4.5,1.299));
#4760 = VECTOR('',#4761,1.);
#4761 = DIRECTION('',(7.6E-16,0.,-1.));
#4762 = ORIENTED_EDGE('',*,*,#4763,.F.);
#4763 = EDGE_CURVE('',#4764,#4756,#4766,.T.);
#4764 = VERTEX_POINT('',#4765);
#4765 = CARTESIAN_POINT('',(-5.85,4.3,-2.4));
#4766 = CIRCLE('',#4767,0.2);
#4767 = AXIS2_PLACEMENT_3D('',#4768,#4769,#4770);
#4768 = CARTESIAN_POINT('',(-5.85,4.5,-2.4));
#4769 = DIRECTION('',(-1.,0.,-8.3E-16));
#4770 = DIRECTION('',(7.3704E-30,-1.,-8.88E-15));
#4771 = ORIENTED_EDGE('',*,*,#4772,.F.);
#4772 = EDGE_CURVE('',#4773,#4764,#4775,.T.);
#4773 = VERTEX_POINT('',#4774);
#4774 = CARTESIAN_POINT('',(-5.85,2.6,-2.4));
#4775 = LINE('',#4776,#4777);
#4776 = CARTESIAN_POINT('',(-5.85,2.6,-2.4));
#4777 = VECTOR('',#4778,1.);
#4778 = DIRECTION('',(0.,1.,0.));
#4779 = ORIENTED_EDGE('',*,*,#4780,.F.);
#4780 = EDGE_CURVE('',#4781,#4773,#4783,.T.);
#4781 = VERTEX_POINT('',#4782);
#4782 = CARTESIAN_POINT('',(-5.85,2.4,-2.2));
#4783 = CIRCLE('',#4784,0.2);
#4784 = AXIS2_PLACEMENT_3D('',#4785,#4786,#4787);
#4785 = CARTESIAN_POINT('',(-5.85,2.4,-2.4));
#4786 = DIRECTION('',(-1.,0.,-8.3E-16));
#4787 = DIRECTION('',(-8.3E-16,0.,1.));
#4788 = ORIENTED_EDGE('',*,*,#4789,.F.);
#4789 = EDGE_CURVE('',#4790,#4781,#4792,.T.);
#4790 = VERTEX_POINT('',#4791);
#4791 = CARTESIAN_POINT('',(-5.85,2.4,-1.9));
#4792 = LINE('',#4793,#4794);
#4793 = CARTESIAN_POINT('',(-5.85,2.4,-1.9));
#4794 = VECTOR('',#4795,1.);
#4795 = DIRECTION('',(2.96E-15,0.,-1.));
#4796 = ORIENTED_EDGE('',*,*,#4797,.F.);
#4797 = EDGE_CURVE('',#4798,#4790,#4800,.T.);
#4798 = VERTEX_POINT('',#4799);
#4799 = CARTESIAN_POINT('',(-5.85,1.25,-1.9));
#4800 = LINE('',#4801,#4802);
#4801 = CARTESIAN_POINT('',(-5.85,1.25,-1.9));
#4802 = VECTOR('',#4803,1.);
#4803 = DIRECTION('',(0.,1.,0.));
#4804 = ORIENTED_EDGE('',*,*,#4805,.F.);
#4805 = EDGE_CURVE('',#4680,#4798,#4806,.T.);
#4806 = LINE('',#4807,#4808);
#4807 = CARTESIAN_POINT('',(-5.85,1.25,-3.678778554955));
#4808 = VECTOR('',#4809,1.);
#4809 = DIRECTION('',(-1.E-15,0.,1.));
#4810 = FACE_BOUND('',#4811,.T.);
#4811 = EDGE_LOOP('',(#4812,#4822,#4831,#4839));
#4812 = ORIENTED_EDGE('',*,*,#4813,.F.);
#4813 = EDGE_CURVE('',#4814,#4816,#4818,.T.);
#4814 = VERTEX_POINT('',#4815);
#4815 = CARTESIAN_POINT('',(-5.85,1.25,-1.123743686708));
#4816 = VERTEX_POINT('',#4817);
#4817 = CARTESIAN_POINT('',(-5.85,-1.25,-1.123743686708));
#4818 = LINE('',#4819,#4820);
#4819 = CARTESIAN_POINT('',(-5.85,1.25,-1.123743686708));
#4820 = VECTOR('',#4821,1.);
#4821 = DIRECTION('',(0.,-1.,0.));
#4822 = ORIENTED_EDGE('',*,*,#4823,.F.);
#4823 = EDGE_CURVE('',#4824,#4814,#4826,.T.);
#4824 = VERTEX_POINT('',#4825);
#4825 = CARTESIAN_POINT('',(-5.85,1.25,0.323743686708));
#4826 = CIRCLE('',#4827,0.723743686708);
#4827 = AXIS2_PLACEMENT_3D('',#4828,#4829,#4830);
#4828 = CARTESIAN_POINT('',(-5.85,1.25,-0.4));
#4829 = DIRECTION('',(-1.,0.,-8.3E-16));
#4830 = DIRECTION('',(-8.3E-16,-3.1E-16,1.));
#4831 = ORIENTED_EDGE('',*,*,#4832,.F.);
#4832 = EDGE_CURVE('',#4833,#4824,#4835,.T.);
#4833 = VERTEX_POINT('',#4834);
#4834 = CARTESIAN_POINT('',(-5.85,-1.25,0.323743686708));
#4835 = LINE('',#4836,#4837);
#4836 = CARTESIAN_POINT('',(-5.85,-1.25,0.323743686708));
#4837 = VECTOR('',#4838,1.);
#4838 = DIRECTION('',(0.,1.,0.));
#4839 = ORIENTED_EDGE('',*,*,#4840,.F.);
#4840 = EDGE_CURVE('',#4816,#4833,#4841,.T.);
#4841 = CIRCLE('',#4842,0.723743686708);
#4842 = AXIS2_PLACEMENT_3D('',#4843,#4844,#4845);
#4843 = CARTESIAN_POINT('',(-5.85,-1.25,-0.4));
#4844 = DIRECTION('',(-1.,0.,-8.3E-16));
#4845 = DIRECTION('',(8.3E-16,3.1E-16,-1.));
#4846 = PLANE('',#4847);
#4847 = AXIS2_PLACEMENT_3D('',#4848,#4849,#4850);
#4848 = CARTESIAN_POINT('',(-5.85,0.,7.000898208614));
#4849 = DIRECTION('',(-1.,0.,-8.3E-16));
#4850 = DIRECTION('',(-8.3E-16,0.,1.));
#4851 = ADVANCED_FACE('',(#4852,#4986),#5022,.F.);
#4852 = FACE_BOUND('',#4853,.T.);
#4853 = EDGE_LOOP('',(#4854,#4864,#4872,#4880,#4888,#4897,#4905,#4914,
    #4922,#4930,#4938,#4947,#4955,#4964,#4972,#4980));
#4854 = ORIENTED_EDGE('',*,*,#4855,.T.);
#4855 = EDGE_CURVE('',#4856,#4858,#4860,.T.);
#4856 = VERTEX_POINT('',#4857);
#4857 = CARTESIAN_POINT('',(-5.45,-1.25,-3.678778554955));
#4858 = VERTEX_POINT('',#4859);
#4859 = CARTESIAN_POINT('',(-5.45,1.25,-3.678778554955));
#4860 = LINE('',#4861,#4862);
#4861 = CARTESIAN_POINT('',(-5.45,-1.25,-3.678778554955));
#4862 = VECTOR('',#4863,1.);
#4863 = DIRECTION('',(0.,1.,0.));
#4864 = ORIENTED_EDGE('',*,*,#4865,.T.);
#4865 = EDGE_CURVE('',#4858,#4866,#4868,.T.);
#4866 = VERTEX_POINT('',#4867);
#4867 = CARTESIAN_POINT('',(-5.45,1.25,-1.9));
#4868 = LINE('',#4869,#4870);
#4869 = CARTESIAN_POINT('',(-5.45,1.25,-3.678778554955));
#4870 = VECTOR('',#4871,1.);
#4871 = DIRECTION('',(-1.E-15,0.,1.));
#4872 = ORIENTED_EDGE('',*,*,#4873,.T.);
#4873 = EDGE_CURVE('',#4866,#4874,#4876,.T.);
#4874 = VERTEX_POINT('',#4875);
#4875 = CARTESIAN_POINT('',(-5.45,2.4,-1.9));
#4876 = LINE('',#4877,#4878);
#4877 = CARTESIAN_POINT('',(-5.45,1.25,-1.9));
#4878 = VECTOR('',#4879,1.);
#4879 = DIRECTION('',(0.,1.,0.));
#4880 = ORIENTED_EDGE('',*,*,#4881,.T.);
#4881 = EDGE_CURVE('',#4874,#4882,#4884,.T.);
#4882 = VERTEX_POINT('',#4883);
#4883 = CARTESIAN_POINT('',(-5.45,2.4,-2.2));
#4884 = LINE('',#4885,#4886);
#4885 = CARTESIAN_POINT('',(-5.45,2.4,-1.9));
#4886 = VECTOR('',#4887,1.);
#4887 = DIRECTION('',(2.96E-15,0.,-1.));
#4888 = ORIENTED_EDGE('',*,*,#4889,.T.);
#4889 = EDGE_CURVE('',#4882,#4890,#4892,.T.);
#4890 = VERTEX_POINT('',#4891);
#4891 = CARTESIAN_POINT('',(-5.45,2.6,-2.4));
#4892 = CIRCLE('',#4893,0.2);
#4893 = AXIS2_PLACEMENT_3D('',#4894,#4895,#4896);
#4894 = CARTESIAN_POINT('',(-5.45,2.4,-2.4));
#4895 = DIRECTION('',(-1.,0.,-8.3E-16));
#4896 = DIRECTION('',(-8.3E-16,0.,1.));
#4897 = ORIENTED_EDGE('',*,*,#4898,.T.);
#4898 = EDGE_CURVE('',#4890,#4899,#4901,.T.);
#4899 = VERTEX_POINT('',#4900);
#4900 = CARTESIAN_POINT('',(-5.45,4.3,-2.4));
#4901 = LINE('',#4902,#4903);
#4902 = CARTESIAN_POINT('',(-5.45,2.6,-2.4));
#4903 = VECTOR('',#4904,1.);
#4904 = DIRECTION('',(0.,1.,0.));
#4905 = ORIENTED_EDGE('',*,*,#4906,.T.);
#4906 = EDGE_CURVE('',#4899,#4907,#4909,.T.);
#4907 = VERTEX_POINT('',#4908);
#4908 = CARTESIAN_POINT('',(-5.45,4.5,-2.2));
#4909 = CIRCLE('',#4910,0.2);
#4910 = AXIS2_PLACEMENT_3D('',#4911,#4912,#4913);
#4911 = CARTESIAN_POINT('',(-5.45,4.5,-2.4));
#4912 = DIRECTION('',(-1.,0.,-8.3E-16));
#4913 = DIRECTION('',(0.,-1.,-0.));
#4914 = ORIENTED_EDGE('',*,*,#4915,.F.);
#4915 = EDGE_CURVE('',#4916,#4907,#4918,.T.);
#4916 = VERTEX_POINT('',#4917);
#4917 = CARTESIAN_POINT('',(-5.45,4.5,1.299));
#4918 = LINE('',#4919,#4920);
#4919 = CARTESIAN_POINT('',(-5.45,4.5,1.299));
#4920 = VECTOR('',#4921,1.);
#4921 = DIRECTION('',(7.6E-16,0.,-1.));
#4922 = ORIENTED_EDGE('',*,*,#4923,.F.);
#4923 = EDGE_CURVE('',#4924,#4916,#4926,.T.);
#4924 = VERTEX_POINT('',#4925);
#4925 = CARTESIAN_POINT('',(-5.45,-4.5,1.299));
#4926 = LINE('',#4927,#4928);
#4927 = CARTESIAN_POINT('',(-5.45,-4.5,1.299));
#4928 = VECTOR('',#4929,1.);
#4929 = DIRECTION('',(0.,1.,0.));
#4930 = ORIENTED_EDGE('',*,*,#4931,.F.);
#4931 = EDGE_CURVE('',#4932,#4924,#4934,.T.);
#4932 = VERTEX_POINT('',#4933);
#4933 = CARTESIAN_POINT('',(-5.45,-4.5,-2.2));
#4934 = LINE('',#4935,#4936);
#4935 = CARTESIAN_POINT('',(-5.45,-4.5,-2.2));
#4936 = VECTOR('',#4937,1.);
#4937 = DIRECTION('',(-7.6E-16,0.,1.));
#4938 = ORIENTED_EDGE('',*,*,#4939,.T.);
#4939 = EDGE_CURVE('',#4932,#4940,#4942,.T.);
#4940 = VERTEX_POINT('',#4941);
#4941 = CARTESIAN_POINT('',(-5.45,-4.3,-2.4));
#4942 = CIRCLE('',#4943,0.2);
#4943 = AXIS2_PLACEMENT_3D('',#4944,#4945,#4946);
#4944 = CARTESIAN_POINT('',(-5.45,-4.5,-2.4));
#4945 = DIRECTION('',(-1.,0.,-8.3E-16));
#4946 = DIRECTION('',(-8.3E-16,0.,1.));
#4947 = ORIENTED_EDGE('',*,*,#4948,.T.);
#4948 = EDGE_CURVE('',#4940,#4949,#4951,.T.);
#4949 = VERTEX_POINT('',#4950);
#4950 = CARTESIAN_POINT('',(-5.45,-2.6,-2.4));
#4951 = LINE('',#4952,#4953);
#4952 = CARTESIAN_POINT('',(-5.45,-4.3,-2.4));
#4953 = VECTOR('',#4954,1.);
#4954 = DIRECTION('',(0.,1.,1.04E-15));
#4955 = ORIENTED_EDGE('',*,*,#4956,.T.);
#4956 = EDGE_CURVE('',#4949,#4957,#4959,.T.);
#4957 = VERTEX_POINT('',#4958);
#4958 = CARTESIAN_POINT('',(-5.45,-2.4,-2.2));
#4959 = CIRCLE('',#4960,0.2);
#4960 = AXIS2_PLACEMENT_3D('',#4961,#4962,#4963);
#4961 = CARTESIAN_POINT('',(-5.45,-2.4,-2.4));
#4962 = DIRECTION('',(-1.,0.,-8.3E-16));
#4963 = DIRECTION('',(-5.5278E-30,-1.,6.66E-15));
#4964 = ORIENTED_EDGE('',*,*,#4965,.T.);
#4965 = EDGE_CURVE('',#4957,#4966,#4968,.T.);
#4966 = VERTEX_POINT('',#4967);
#4967 = CARTESIAN_POINT('',(-5.45,-2.4,-1.9));
#4968 = LINE('',#4969,#4970);
#4969 = CARTESIAN_POINT('',(-5.45,-2.4,-2.2));
#4970 = VECTOR('',#4971,1.);
#4971 = DIRECTION('',(-2.96E-15,0.,1.));
#4972 = ORIENTED_EDGE('',*,*,#4973,.T.);
#4973 = EDGE_CURVE('',#4966,#4974,#4976,.T.);
#4974 = VERTEX_POINT('',#4975);
#4975 = CARTESIAN_POINT('',(-5.45,-1.25,-1.9));
#4976 = LINE('',#4977,#4978);
#4977 = CARTESIAN_POINT('',(-5.45,-2.4,-1.9));
#4978 = VECTOR('',#4979,1.);
#4979 = DIRECTION('',(0.,1.,0.));
#4980 = ORIENTED_EDGE('',*,*,#4981,.T.);
#4981 = EDGE_CURVE('',#4974,#4856,#4982,.T.);
#4982 = LINE('',#4983,#4984);
#4983 = CARTESIAN_POINT('',(-5.45,-1.25,-1.9));
#4984 = VECTOR('',#4985,1.);
#4985 = DIRECTION('',(1.E-15,1.2E-16,-1.));
#4986 = FACE_BOUND('',#4987,.T.);
#4987 = EDGE_LOOP('',(#4988,#4999,#5007,#5016));
#4988 = ORIENTED_EDGE('',*,*,#4989,.T.);
#4989 = EDGE_CURVE('',#4990,#4992,#4994,.T.);
#4990 = VERTEX_POINT('',#4991);
#4991 = CARTESIAN_POINT('',(-5.45,-1.25,-0.890900974233));
#4992 = VERTEX_POINT('',#4993);
#4993 = CARTESIAN_POINT('',(-5.45,-1.25,9.090097423302E-02));
#4994 = CIRCLE('',#4995,0.490900974233);
#4995 = AXIS2_PLACEMENT_3D('',#4996,#4997,#4998);
#4996 = CARTESIAN_POINT('',(-5.45,-1.25,-0.4));
#4997 = DIRECTION('',(-1.,0.,-8.3E-16));
#4998 = DIRECTION('',(8.3E-16,0.,-1.));
#4999 = ORIENTED_EDGE('',*,*,#5000,.T.);
#5000 = EDGE_CURVE('',#4992,#5001,#5003,.T.);
#5001 = VERTEX_POINT('',#5002);
#5002 = CARTESIAN_POINT('',(-5.45,1.25,9.090097423302E-02));
#5003 = LINE('',#5004,#5005);
#5004 = CARTESIAN_POINT('',(-5.45,-1.25,9.090097423302E-02));
#5005 = VECTOR('',#5006,1.);
#5006 = DIRECTION('',(0.,1.,8.E-17));
#5007 = ORIENTED_EDGE('',*,*,#5008,.T.);
#5008 = EDGE_CURVE('',#5001,#5009,#5011,.T.);
#5009 = VERTEX_POINT('',#5010);
#5010 = CARTESIAN_POINT('',(-5.45,1.25,-0.890900974233));
#5011 = CIRCLE('',#5012,0.490900974233);
#5012 = AXIS2_PLACEMENT_3D('',#5013,#5014,#5015);
#5013 = CARTESIAN_POINT('',(-5.45,1.25,-0.4));
#5014 = DIRECTION('',(-1.,0.,-8.3E-16));
#5015 = DIRECTION('',(-8.3E-16,-4.5E-16,1.));
#5016 = ORIENTED_EDGE('',*,*,#5017,.T.);
#5017 = EDGE_CURVE('',#5009,#4990,#5018,.T.);
#5018 = LINE('',#5019,#5020);
#5019 = CARTESIAN_POINT('',(-5.45,1.25,-0.890900974233));
#5020 = VECTOR('',#5021,1.);
#5021 = DIRECTION('',(0.,-1.,4.E-17));
#5022 = PLANE('',#5023);
#5023 = AXIS2_PLACEMENT_3D('',#5024,#5025,#5026);
#5024 = CARTESIAN_POINT('',(-5.45,0.,7.000898208614));
#5025 = DIRECTION('',(-1.,0.,-8.3E-16));
#5026 = DIRECTION('',(-8.3E-16,0.,1.));
#5027 = ADVANCED_FACE('',(#5028),#5044,.F.);
#5028 = FACE_BOUND('',#5029,.T.);
#5029 = EDGE_LOOP('',(#5030,#5036,#5037,#5043));
#5030 = ORIENTED_EDGE('',*,*,#5031,.T.);
#5031 = EDGE_CURVE('',#4682,#4856,#5032,.T.);
#5032 = LINE('',#5033,#5034);
#5033 = CARTESIAN_POINT('',(-5.85,-1.25,-3.678778554955));
#5034 = VECTOR('',#5035,1.);
#5035 = DIRECTION('',(1.,0.,0.));
#5036 = ORIENTED_EDGE('',*,*,#4981,.F.);
#5037 = ORIENTED_EDGE('',*,*,#5038,.T.);
#5038 = EDGE_CURVE('',#4974,#4690,#5039,.T.);
#5039 = LINE('',#5040,#5041);
#5040 = CARTESIAN_POINT('',(-5.45,-1.25,-1.9));
#5041 = VECTOR('',#5042,1.);
#5042 = DIRECTION('',(-1.,0.,0.));
#5043 = ORIENTED_EDGE('',*,*,#4689,.T.);
#5044 = PLANE('',#5045);
#5045 = AXIS2_PLACEMENT_3D('',#5046,#5047,#5048);
#5046 = CARTESIAN_POINT('',(5.85,-1.25,-1.9));
#5047 = DIRECTION('',(0.,1.,1.2E-16));
#5048 = DIRECTION('',(0.,1.2E-16,-1.));
#5049 = ADVANCED_FACE('',(#5050),#5066,.F.);
#5050 = FACE_BOUND('',#5051,.T.);
#5051 = EDGE_LOOP('',(#5052,#5058,#5059,#5065));
#5052 = ORIENTED_EDGE('',*,*,#5053,.T.);
#5053 = EDGE_CURVE('',#4858,#4680,#5054,.T.);
#5054 = LINE('',#5055,#5056);
#5055 = CARTESIAN_POINT('',(-5.45,1.25,-3.678778554955));
#5056 = VECTOR('',#5057,1.);
#5057 = DIRECTION('',(-1.,0.,0.));
#5058 = ORIENTED_EDGE('',*,*,#4805,.T.);
#5059 = ORIENTED_EDGE('',*,*,#5060,.F.);
#5060 = EDGE_CURVE('',#4866,#4798,#5061,.T.);
#5061 = LINE('',#5062,#5063);
#5062 = CARTESIAN_POINT('',(-5.45,1.25,-1.9));
#5063 = VECTOR('',#5064,1.);
#5064 = DIRECTION('',(-1.,0.,0.));
#5065 = ORIENTED_EDGE('',*,*,#4865,.F.);
#5066 = PLANE('',#5067);
#5067 = AXIS2_PLACEMENT_3D('',#5068,#5069,#5070);
#5068 = CARTESIAN_POINT('',(5.85,1.25,-3.7));
#5069 = DIRECTION('',(0.,-1.,0.));
#5070 = DIRECTION('',(0.,0.,1.));
#5071 = ADVANCED_FACE('',(#5072),#5083,.F.);
#5072 = FACE_BOUND('',#5073,.T.);
#5073 = EDGE_LOOP('',(#5074,#5075,#5081,#5082));
#5074 = ORIENTED_EDGE('',*,*,#4973,.F.);
#5075 = ORIENTED_EDGE('',*,*,#5076,.T.);
#5076 = EDGE_CURVE('',#4966,#4698,#5077,.T.);
#5077 = LINE('',#5078,#5079);
#5078 = CARTESIAN_POINT('',(-5.45,-2.4,-1.9));
#5079 = VECTOR('',#5080,1.);
#5080 = DIRECTION('',(-1.,0.,0.));
#5081 = ORIENTED_EDGE('',*,*,#4697,.T.);
#5082 = ORIENTED_EDGE('',*,*,#5038,.F.);
#5083 = PLANE('',#5084);
#5084 = AXIS2_PLACEMENT_3D('',#5085,#5086,#5087);
#5085 = CARTESIAN_POINT('',(5.85,-2.4,-1.9));
#5086 = DIRECTION('',(6.E-17,-0.,1.));
#5087 = DIRECTION('',(0.,1.,0.));
#5088 = ADVANCED_FACE('',(#5089),#5100,.F.);
#5089 = FACE_BOUND('',#5090,.T.);
#5090 = EDGE_LOOP('',(#5091,#5092,#5098,#5099));
#5091 = ORIENTED_EDGE('',*,*,#4965,.F.);
#5092 = ORIENTED_EDGE('',*,*,#5093,.T.);
#5093 = EDGE_CURVE('',#4957,#4706,#5094,.T.);
#5094 = LINE('',#5095,#5096);
#5095 = CARTESIAN_POINT('',(-5.45,-2.4,-2.2));
#5096 = VECTOR('',#5097,1.);
#5097 = DIRECTION('',(-1.,0.,0.));
#5098 = ORIENTED_EDGE('',*,*,#4705,.T.);
#5099 = ORIENTED_EDGE('',*,*,#5076,.F.);
#5100 = PLANE('',#5101);
#5101 = AXIS2_PLACEMENT_3D('',#5102,#5103,#5104);
#5102 = CARTESIAN_POINT('',(5.85,-2.4,-2.2));
#5103 = DIRECTION('',(0.,-1.,0.));
#5104 = DIRECTION('',(0.,0.,1.));
#5105 = ADVANCED_FACE('',(#5106),#5117,.F.);
#5106 = FACE_BOUND('',#5107,.F.);
#5107 = EDGE_LOOP('',(#5108,#5109,#5110,#5111));
#5108 = ORIENTED_EDGE('',*,*,#4956,.T.);
#5109 = ORIENTED_EDGE('',*,*,#5093,.T.);
#5110 = ORIENTED_EDGE('',*,*,#4713,.F.);
#5111 = ORIENTED_EDGE('',*,*,#5112,.F.);
#5112 = EDGE_CURVE('',#4949,#4714,#5113,.T.);
#5113 = LINE('',#5114,#5115);
#5114 = CARTESIAN_POINT('',(-5.45,-2.6,-2.4));
#5115 = VECTOR('',#5116,1.);
#5116 = DIRECTION('',(-1.,0.,1.11E-15));
#5117 = CYLINDRICAL_SURFACE('',#5118,0.2);
#5118 = AXIS2_PLACEMENT_3D('',#5119,#5120,#5121);
#5119 = CARTESIAN_POINT('',(5.85,-2.4,-2.4));
#5120 = DIRECTION('',(-1.,0.,6.E-17));
#5121 = DIRECTION('',(-6.E-17,6.E-17,-1.));
#5122 = ADVANCED_FACE('',(#5123),#5165,.T.);
#5123 = FACE_BOUND('',#5124,.T.);
#5124 = EDGE_LOOP('',(#5125,#5126,#5127,#5145,#5146,#5164));
#5125 = ORIENTED_EDGE('',*,*,#4577,.F.);
#5126 = ORIENTED_EDGE('',*,*,#4143,.T.);
#5127 = ORIENTED_EDGE('',*,*,#5128,.F.);
#5128 = EDGE_CURVE('',#4723,#4146,#5129,.T.);
#5129 = B_SPLINE_CURVE_WITH_KNOTS('',3,(#5130,#5131,#5132,#5133,#5134,
    #5135,#5136,#5137,#5138,#5139,#5140,#5141,#5142,#5143,#5144),
  .UNSPECIFIED.,.F.,.F.,(4,1,1,1,1,1,1,1,1,1,1,1,4),(0.,
    9.666925886472E-02,0.181219260191,0.257208805132,0.336382257804,
    0.419947807716,0.505572751075,0.594824308001,0.687003287354,
    0.780462201134,0.871887057953,0.944925860695,1.),.UNSPECIFIED.);
#5130 = CARTESIAN_POINT('',(-5.85,-4.3,-2.4));
#5131 = CARTESIAN_POINT('',(-5.85,-4.3,-2.425264899511));
#5132 = CARTESIAN_POINT('',(-5.845492250998,-4.301443729066,
    -2.472453139351));
#5133 = CARTESIAN_POINT('',(-5.82787452923,-4.307288929433,
    -2.535932099391));
#5134 = CARTESIAN_POINT('',(-5.803688342384,-4.315778132591,
    -2.589852500281));
#5135 = CARTESIAN_POINT('',(-5.773938086692,-4.327037108665,
    -2.637136402482));
#5136 = CARTESIAN_POINT('',(-5.73920956586,-4.341625392366,
    -2.678385645588));
#5137 = CARTESIAN_POINT('',(-5.701843207515,-4.359651654815,
    -2.712479762114));
#5138 = CARTESIAN_POINT('',(-5.664861383276,-4.380975083469,
    -2.73882276016));
#5139 = CARTESIAN_POINT('',(-5.631332628582,-4.405366122584,
    -2.75769622301));
#5140 = CARTESIAN_POINT('',(-5.604519660714,-4.431950604147,
    -2.769877173663));
#5141 = CARTESIAN_POINT('',(-5.587528722354,-4.458026732408,
    -2.776377510758));
#5142 = CARTESIAN_POINT('',(-5.579764666038,-4.480816799555,
    -2.779085727789));
#5143 = CARTESIAN_POINT('',(-5.578394951766,-4.49423248513,
    -2.779549662702));
#5144 = CARTESIAN_POINT('',(-5.578394951766,-4.5,-2.779549662702));
#5145 = ORIENTED_EDGE('',*,*,#4722,.T.);
#5146 = ORIENTED_EDGE('',*,*,#5147,.F.);
#5147 = EDGE_CURVE('',#4205,#4714,#5148,.T.);
#5148 = B_SPLINE_CURVE_WITH_KNOTS('',3,(#5149,#5150,#5151,#5152,#5153,
    #5154,#5155,#5156,#5157,#5158,#5159,#5160,#5161,#5162,#5163),
  .UNSPECIFIED.,.F.,.F.,(4,1,1,1,1,1,1,1,1,1,1,1,4),(0.,0.113936039469,
    0.213389244344,0.302531159632,0.394069702158,0.486921934355,
    0.574749471832,0.658621515065,0.739354164871,0.817323190913,
    0.898869292443,0.959164538899,1.),.UNSPECIFIED.);
#5149 = CARTESIAN_POINT('',(-5.578394951766,-2.4,-2.779549662702));
#5150 = CARTESIAN_POINT('',(-5.578394951766,-2.411934014477,
    -2.779549662702));
#5151 = CARTESIAN_POINT('',(-5.583139018532,-2.434276061599,
    -2.777987317006));
#5152 = CARTESIAN_POINT('',(-5.6019933817,-2.465010740064,
    -2.770930772792));
#5153 = CARTESIAN_POINT('',(-5.628364486456,-2.492036560509,
    -2.759131773217));
#5154 = CARTESIAN_POINT('',(-5.661024919206,-2.51656312583,
    -2.741219870521));
#5155 = CARTESIAN_POINT('',(-5.698405413289,-2.538572083911,
    -2.715283045542));
#5156 = CARTESIAN_POINT('',(-5.736650520316,-2.557234433468,
    -2.681057862764));
#5157 = CARTESIAN_POINT('',(-5.77210298606,-2.572239004348,
    -2.639658541383));
#5158 = CARTESIAN_POINT('',(-5.80259444431,-2.583830564081,
    -2.591996526343));
#5159 = CARTESIAN_POINT('',(-5.827056903093,-2.592430675051,
    -2.538125347586));
#5160 = CARTESIAN_POINT('',(-5.84238608078,-2.59752950448,
    -2.484059334111));
#5161 = CARTESIAN_POINT('',(-5.848947522418,-2.599660250172,
    -2.43702659197));
#5162 = CARTESIAN_POINT('',(-5.85,-2.6,-2.410652989235));
#5163 = CARTESIAN_POINT('',(-5.85,-2.6,-2.4));
#5164 = ORIENTED_EDGE('',*,*,#4204,.F.);
#5165 = CYLINDRICAL_SURFACE('',#5166,0.401);
#5166 = AXIS2_PLACEMENT_3D('',#5167,#5168,#5169);
#5167 = CARTESIAN_POINT('',(-5.449,-4.3,-2.4));
#5168 = DIRECTION('',(0.,1.,2.22E-15));
#5169 = DIRECTION('',(-1.,1.8426E-30,-8.3E-16));
#5170 = ADVANCED_FACE('',(#5171),#5187,.F.);
#5171 = FACE_BOUND('',#5172,.F.);
#5172 = EDGE_LOOP('',(#5173,#5174,#5180,#5181));
#5173 = ORIENTED_EDGE('',*,*,#4730,.F.);
#5174 = ORIENTED_EDGE('',*,*,#5175,.F.);
#5175 = EDGE_CURVE('',#4932,#4731,#5176,.T.);
#5176 = LINE('',#5177,#5178);
#5177 = CARTESIAN_POINT('',(-5.45,-4.5,-2.2));
#5178 = VECTOR('',#5179,1.);
#5179 = DIRECTION('',(-1.,0.,1.11E-15));
#5180 = ORIENTED_EDGE('',*,*,#4939,.T.);
#5181 = ORIENTED_EDGE('',*,*,#5182,.T.);
#5182 = EDGE_CURVE('',#4940,#4723,#5183,.T.);
#5183 = LINE('',#5184,#5185);
#5184 = CARTESIAN_POINT('',(-5.45,-4.3,-2.4));
#5185 = VECTOR('',#5186,1.);
#5186 = DIRECTION('',(-1.,0.,-6.66E-15));
#5187 = CYLINDRICAL_SURFACE('',#5188,0.2);
#5188 = AXIS2_PLACEMENT_3D('',#5189,#5190,#5191);
#5189 = CARTESIAN_POINT('',(5.85,-4.5,-2.4));
#5190 = DIRECTION('',(-1.,0.,6.E-17));
#5191 = DIRECTION('',(6.E-17,-6.E-17,1.));
#5192 = ADVANCED_FACE('',(#5193),#5204,.T.);
#5193 = FACE_BOUND('',#5194,.T.);
#5194 = EDGE_LOOP('',(#5195,#5196,#5197,#5203));
#5195 = ORIENTED_EDGE('',*,*,#5175,.F.);
#5196 = ORIENTED_EDGE('',*,*,#4931,.T.);
#5197 = ORIENTED_EDGE('',*,*,#5198,.T.);
#5198 = EDGE_CURVE('',#4924,#4740,#5199,.T.);
#5199 = LINE('',#5200,#5201);
#5200 = CARTESIAN_POINT('',(-5.45,-4.5,1.299));
#5201 = VECTOR('',#5202,1.);
#5202 = DIRECTION('',(-1.,0.,-5.6E-16));
#5203 = ORIENTED_EDGE('',*,*,#4739,.F.);
#5204 = PLANE('',#5205);
#5205 = AXIS2_PLACEMENT_3D('',#5206,#5207,#5208);
#5206 = CARTESIAN_POINT('',(-5.45,-4.5,-8.3));
#5207 = DIRECTION('',(-0.,-1.,0.));
#5208 = DIRECTION('',(-8.3E-16,0.,1.));
#5209 = ADVANCED_FACE('',(#5210),#5232,.T.);
#5210 = FACE_BOUND('',#5211,.T.);
#5211 = EDGE_LOOP('',(#5212,#5213,#5214,#5221,#5222,#5229,#5230,#5231));
#5212 = ORIENTED_EDGE('',*,*,#4127,.T.);
#5213 = ORIENTED_EDGE('',*,*,#3992,.F.);
#5214 = ORIENTED_EDGE('',*,*,#5215,.T.);
#5215 = EDGE_CURVE('',#3770,#4748,#5216,.T.);
#5216 = CIRCLE('',#5217,0.401);
#5217 = AXIS2_PLACEMENT_3D('',#5218,#5219,#5220);
#5218 = CARTESIAN_POINT('',(-5.449,4.5,1.299));
#5219 = DIRECTION('',(0.,-1.,0.));
#5220 = DIRECTION('',(0.,0.,1.));
#5221 = ORIENTED_EDGE('',*,*,#4747,.F.);
#5222 = ORIENTED_EDGE('',*,*,#5223,.T.);
#5223 = EDGE_CURVE('',#4740,#3366,#5224,.T.);
#5224 = CIRCLE('',#5225,0.401);
#5225 = AXIS2_PLACEMENT_3D('',#5226,#5227,#5228);
#5226 = CARTESIAN_POINT('',(-5.449,-4.5,1.299));
#5227 = DIRECTION('',(0.,1.,0.));
#5228 = DIRECTION('',(-1.,0.,0.));
#5229 = ORIENTED_EDGE('',*,*,#4008,.F.);
#5230 = ORIENTED_EDGE('',*,*,#4111,.F.);
#5231 = ORIENTED_EDGE('',*,*,#4073,.T.);
#5232 = CYLINDRICAL_SURFACE('',#5233,0.401);
#5233 = AXIS2_PLACEMENT_3D('',#5234,#5235,#5236);
#5234 = CARTESIAN_POINT('',(-5.449,-4.5,1.299));
#5235 = DIRECTION('',(0.,1.,0.));
#5236 = DIRECTION('',(0.,-0.,1.));
#5237 = ADVANCED_FACE('',(#5238),#5254,.T.);
#5238 = FACE_BOUND('',#5239,.T.);
#5239 = EDGE_LOOP('',(#5240,#5246,#5247,#5253));
#5240 = ORIENTED_EDGE('',*,*,#5241,.T.);
#5241 = EDGE_CURVE('',#4907,#4756,#5242,.T.);
#5242 = LINE('',#5243,#5244);
#5243 = CARTESIAN_POINT('',(-5.45,4.5,-2.2));
#5244 = VECTOR('',#5245,1.);
#5245 = DIRECTION('',(-1.,0.,0.));
#5246 = ORIENTED_EDGE('',*,*,#4755,.F.);
#5247 = ORIENTED_EDGE('',*,*,#5248,.F.);
#5248 = EDGE_CURVE('',#4916,#4748,#5249,.T.);
#5249 = LINE('',#5250,#5251);
#5250 = CARTESIAN_POINT('',(-5.45,4.5,1.299));
#5251 = VECTOR('',#5252,1.);
#5252 = DIRECTION('',(-1.,0.,-1.11E-15));
#5253 = ORIENTED_EDGE('',*,*,#4915,.T.);
#5254 = PLANE('',#5255);
#5255 = AXIS2_PLACEMENT_3D('',#5256,#5257,#5258);
#5256 = CARTESIAN_POINT('',(-5.45,4.5,1.299));
#5257 = DIRECTION('',(0.,1.,0.));
#5258 = DIRECTION('',(8.3E-16,0.,-1.));
#5259 = ADVANCED_FACE('',(#5260),#5271,.F.);
#5260 = FACE_BOUND('',#5261,.F.);
#5261 = EDGE_LOOP('',(#5262,#5263,#5264,#5265));
#5262 = ORIENTED_EDGE('',*,*,#4906,.T.);
#5263 = ORIENTED_EDGE('',*,*,#5241,.T.);
#5264 = ORIENTED_EDGE('',*,*,#4763,.F.);
#5265 = ORIENTED_EDGE('',*,*,#5266,.F.);
#5266 = EDGE_CURVE('',#4899,#4764,#5267,.T.);
#5267 = LINE('',#5268,#5269);
#5268 = CARTESIAN_POINT('',(-5.45,4.3,-2.4));
#5269 = VECTOR('',#5270,1.);
#5270 = DIRECTION('',(-1.,0.,-1.11E-15));
#5271 = CYLINDRICAL_SURFACE('',#5272,0.2);
#5272 = AXIS2_PLACEMENT_3D('',#5273,#5274,#5275);
#5273 = CARTESIAN_POINT('',(5.85,4.5,-2.4));
#5274 = DIRECTION('',(-1.,0.,6.E-17));
#5275 = DIRECTION('',(-6.E-17,6.E-17,-1.));
#5276 = ADVANCED_FACE('',(#5277),#5319,.T.);
#5277 = FACE_BOUND('',#5278,.T.);
#5278 = EDGE_LOOP('',(#5279,#5280,#5281,#5299,#5300,#5318));
#5279 = ORIENTED_EDGE('',*,*,#4595,.F.);
#5280 = ORIENTED_EDGE('',*,*,#4271,.F.);
#5281 = ORIENTED_EDGE('',*,*,#5282,.F.);
#5282 = EDGE_CURVE('',#4773,#4272,#5283,.T.);
#5283 = B_SPLINE_CURVE_WITH_KNOTS('',3,(#5284,#5285,#5286,#5287,#5288,
    #5289,#5290,#5291,#5292,#5293,#5294,#5295,#5296,#5297,#5298),
  .UNSPECIFIED.,.F.,.F.,(4,1,1,1,1,1,1,1,1,1,1,1,4),(0.,
    9.666925886376E-02,0.18121926019,0.25720880513,0.336382257802,
    0.419947807714,0.505572751074,0.594824307999,0.687003287352,
    0.780462201133,0.871887057951,0.944925860694,1.),.UNSPECIFIED.);
#5284 = CARTESIAN_POINT('',(-5.85,2.6,-2.4));
#5285 = CARTESIAN_POINT('',(-5.85,2.6,-2.425264899511));
#5286 = CARTESIAN_POINT('',(-5.845492250999,2.598556270934,
    -2.47245313935));
#5287 = CARTESIAN_POINT('',(-5.82787452923,2.592711070567,-2.53593209939
    ));
#5288 = CARTESIAN_POINT('',(-5.803688342384,2.584221867409,
    -2.58985250028));
#5289 = CARTESIAN_POINT('',(-5.773938086693,2.572962891335,
    -2.637136402481));
#5290 = CARTESIAN_POINT('',(-5.739209565861,2.558374607634,
    -2.678385645587));
#5291 = CARTESIAN_POINT('',(-5.701843207515,2.540348345185,
    -2.712479762113));
#5292 = CARTESIAN_POINT('',(-5.664861383276,2.519024916532,
    -2.73882276016));
#5293 = CARTESIAN_POINT('',(-5.631332628583,2.494633877416,
    -2.75769622301));
#5294 = CARTESIAN_POINT('',(-5.604519660714,2.468049395854,
    -2.769877173663));
#5295 = CARTESIAN_POINT('',(-5.587528722354,2.441973267592,
    -2.776377510758));
#5296 = CARTESIAN_POINT('',(-5.579764666038,2.419183200446,
    -2.779085727789));
#5297 = CARTESIAN_POINT('',(-5.578394951766,2.40576751487,
    -2.779549662702));
#5298 = CARTESIAN_POINT('',(-5.578394951766,2.4,-2.779549662702));
#5299 = ORIENTED_EDGE('',*,*,#4772,.T.);
#5300 = ORIENTED_EDGE('',*,*,#5301,.F.);
#5301 = EDGE_CURVE('',#4333,#4764,#5302,.T.);
#5302 = B_SPLINE_CURVE_WITH_KNOTS('',3,(#5303,#5304,#5305,#5306,#5307,
    #5308,#5309,#5310,#5311,#5312,#5313,#5314,#5315,#5316,#5317),
  .UNSPECIFIED.,.F.,.F.,(4,1,1,1,1,1,1,1,1,1,1,1,4),(0.,0.11393603947,
    0.213389244346,0.302531159634,0.39406970216,0.486921934357,
    0.574749471835,0.658621515067,0.739354164873,0.817323190916,
    0.898869292445,0.9591645389,1.),.UNSPECIFIED.);
#5303 = CARTESIAN_POINT('',(-5.578394951766,4.5,-2.779549662702));
#5304 = CARTESIAN_POINT('',(-5.578394951766,4.488065985523,
    -2.779549662702));
#5305 = CARTESIAN_POINT('',(-5.583139018532,4.465723938401,
    -2.777987317006));
#5306 = CARTESIAN_POINT('',(-5.6019933817,4.434989259936,-2.770930772791
    ));
#5307 = CARTESIAN_POINT('',(-5.628364486457,4.407963439491,
    -2.759131773216));
#5308 = CARTESIAN_POINT('',(-5.661024919207,4.38343687417,
    -2.741219870521));
#5309 = CARTESIAN_POINT('',(-5.69840541329,4.361427916089,
    -2.715283045542));
#5310 = CARTESIAN_POINT('',(-5.736650520317,4.342765566531,
    -2.681057862763));
#5311 = CARTESIAN_POINT('',(-5.772102986061,4.327760995651,
    -2.639658541381));
#5312 = CARTESIAN_POINT('',(-5.802594444311,4.316169435918,
    -2.591996526342));
#5313 = CARTESIAN_POINT('',(-5.827056903094,4.307569324949,
    -2.538125347585));
#5314 = CARTESIAN_POINT('',(-5.84238608078,4.30247049552,-2.48405933411)
  );
#5315 = CARTESIAN_POINT('',(-5.848947522419,4.300339749828,
    -2.437026591969));
#5316 = CARTESIAN_POINT('',(-5.85,4.3,-2.410652989235));
#5317 = CARTESIAN_POINT('',(-5.85,4.3,-2.4));
#5318 = ORIENTED_EDGE('',*,*,#4332,.T.);
#5319 = CYLINDRICAL_SURFACE('',#5320,0.401);
#5320 = AXIS2_PLACEMENT_3D('',#5321,#5322,#5323);
#5321 = CARTESIAN_POINT('',(-5.449,2.6,-2.4));
#5322 = DIRECTION('',(0.,1.,0.));
#5323 = DIRECTION('',(-1.,0.,-8.3E-16));
#5324 = ADVANCED_FACE('',(#5325),#5341,.F.);
#5325 = FACE_BOUND('',#5326,.F.);
#5326 = EDGE_LOOP('',(#5327,#5328,#5334,#5335));
#5327 = ORIENTED_EDGE('',*,*,#4780,.F.);
#5328 = ORIENTED_EDGE('',*,*,#5329,.F.);
#5329 = EDGE_CURVE('',#4882,#4781,#5330,.T.);
#5330 = LINE('',#5331,#5332);
#5331 = CARTESIAN_POINT('',(-5.45,2.4,-2.2));
#5332 = VECTOR('',#5333,1.);
#5333 = DIRECTION('',(-1.,0.,0.));
#5334 = ORIENTED_EDGE('',*,*,#4889,.T.);
#5335 = ORIENTED_EDGE('',*,*,#5336,.T.);
#5336 = EDGE_CURVE('',#4890,#4773,#5337,.T.);
#5337 = LINE('',#5338,#5339);
#5338 = CARTESIAN_POINT('',(-5.45,2.6,-2.4));
#5339 = VECTOR('',#5340,1.);
#5340 = DIRECTION('',(-1.,1.11E-15,-1.11E-15));
#5341 = CYLINDRICAL_SURFACE('',#5342,0.2);
#5342 = AXIS2_PLACEMENT_3D('',#5343,#5344,#5345);
#5343 = CARTESIAN_POINT('',(5.85,2.4,-2.4));
#5344 = DIRECTION('',(-1.,0.,6.E-17));
#5345 = DIRECTION('',(6.E-17,-6.E-17,1.));
#5346 = ADVANCED_FACE('',(#5347),#5358,.F.);
#5347 = FACE_BOUND('',#5348,.T.);
#5348 = EDGE_LOOP('',(#5349,#5350,#5356,#5357));
#5349 = ORIENTED_EDGE('',*,*,#4881,.F.);
#5350 = ORIENTED_EDGE('',*,*,#5351,.T.);
#5351 = EDGE_CURVE('',#4874,#4790,#5352,.T.);
#5352 = LINE('',#5353,#5354);
#5353 = CARTESIAN_POINT('',(-5.45,2.4,-1.9));
#5354 = VECTOR('',#5355,1.);
#5355 = DIRECTION('',(-1.,0.,0.));
#5356 = ORIENTED_EDGE('',*,*,#4789,.T.);
#5357 = ORIENTED_EDGE('',*,*,#5329,.F.);
#5358 = PLANE('',#5359);
#5359 = AXIS2_PLACEMENT_3D('',#5360,#5361,#5362);
#5360 = CARTESIAN_POINT('',(5.85,2.4,-1.9));
#5361 = DIRECTION('',(0.,1.,0.));
#5362 = DIRECTION('',(0.,0.,-1.));
#5363 = ADVANCED_FACE('',(#5364),#5370,.F.);
#5364 = FACE_BOUND('',#5365,.T.);
#5365 = EDGE_LOOP('',(#5366,#5367,#5368,#5369));
#5366 = ORIENTED_EDGE('',*,*,#4873,.F.);
#5367 = ORIENTED_EDGE('',*,*,#5060,.T.);
#5368 = ORIENTED_EDGE('',*,*,#4797,.T.);
#5369 = ORIENTED_EDGE('',*,*,#5351,.F.);
#5370 = PLANE('',#5371);
#5371 = AXIS2_PLACEMENT_3D('',#5372,#5373,#5374);
#5372 = CARTESIAN_POINT('',(5.85,1.25,-1.9));
#5373 = DIRECTION('',(6.E-17,-0.,1.));
#5374 = DIRECTION('',(0.,1.,0.));
#5375 = ADVANCED_FACE('',(#5376),#5405,.F.);
#5376 = FACE_BOUND('',#5377,.F.);
#5377 = EDGE_LOOP('',(#5378,#5379,#5391,#5392,#5403,#5404));
#5378 = ORIENTED_EDGE('',*,*,#4290,.F.);
#5379 = ORIENTED_EDGE('',*,*,#5380,.F.);
#5380 = EDGE_CURVE('',#4890,#4291,#5381,.T.);
#5381 = B_SPLINE_CURVE_WITH_KNOTS('',3,(#5382,#5383,#5384,#5385,#5386,
    #5387,#5388,#5389,#5390),.UNSPECIFIED.,.F.,.F.,(4,1,1,1,1,1,4),(0.,
    0.199445144569,0.375087135398,0.538228711286,0.714006928306,
    0.871698270811,1.),.UNSPECIFIED.);
#5382 = CARTESIAN_POINT('',(-5.45,2.6,-2.4));
#5383 = CARTESIAN_POINT('',(-5.45,2.6,-2.40013349432));
#5384 = CARTESIAN_POINT('',(-5.449950288377,2.59379439688,
    -2.400371557445));
#5385 = CARTESIAN_POINT('',(-5.449779851814,2.568976506604,
    -2.400646646074));
#5386 = CARTESIAN_POINT('',(-5.449589602703,2.533262507219,
    -2.400817680778));
#5387 = CARTESIAN_POINT('',(-5.449430902059,2.489559621017,-2.4009059503
    ));
#5388 = CARTESIAN_POINT('',(-5.449340540004,2.443379402238,
    -2.400940634054));
#5389 = CARTESIAN_POINT('',(-5.449322680678,2.413444819021,
    -2.400946507887));
#5390 = CARTESIAN_POINT('',(-5.449322680678,2.4,-2.400946507887));
#5391 = ORIENTED_EDGE('',*,*,#4898,.T.);
#5392 = ORIENTED_EDGE('',*,*,#5393,.F.);
#5393 = EDGE_CURVE('',#4314,#4899,#5394,.T.);
#5394 = B_SPLINE_CURVE_WITH_KNOTS('',3,(#5395,#5396,#5397,#5398,#5399,
    #5400,#5401,#5402),.UNSPECIFIED.,.F.,.F.,(4,1,1,1,1,4),(0.,
    0.255198473227,0.477340038248,0.666424695063,0.829625712911,1.),
  .UNSPECIFIED.);
#5395 = CARTESIAN_POINT('',(-5.449322680678,4.5,-2.400946507887));
#5396 = CARTESIAN_POINT('',(-5.449322680678,4.473134168937,
    -2.400946507887));
#5397 = CARTESIAN_POINT('',(-5.449383521819,4.423362324108,
    -2.400929279648));
#5398 = CARTESIAN_POINT('',(-5.449597626057,4.363846751786,
    -2.400817838612));
#5399 = CARTESIAN_POINT('',(-5.44981191358,4.32598088922,-2.400609949451
    ));
#5400 = CARTESIAN_POINT('',(-5.449962708203,4.304702482426,
    -2.400326526637));
#5401 = CARTESIAN_POINT('',(-5.45,4.3,-2.400113070251));
#5402 = CARTESIAN_POINT('',(-5.45,4.3,-2.4));
#5403 = ORIENTED_EDGE('',*,*,#4313,.T.);
#5404 = ORIENTED_EDGE('',*,*,#4355,.F.);
#5405 = CYLINDRICAL_SURFACE('',#5406,1.E-03);
#5406 = AXIS2_PLACEMENT_3D('',#5407,#5408,#5409);
#5407 = CARTESIAN_POINT('',(-5.449,4.3,-2.4));
#5408 = DIRECTION('',(0.,-1.,0.));
#5409 = DIRECTION('',(-1.,-0.,-8.3E-16));
#5410 = ADVANCED_FACE('',(#5411),#5431,.F.);
#5411 = FACE_BOUND('',#5412,.F.);
#5412 = EDGE_LOOP('',(#5413,#5414,#5421,#5422,#5429,#5430));
#5413 = ORIENTED_EDGE('',*,*,#3065,.T.);
#5414 = ORIENTED_EDGE('',*,*,#5415,.T.);
#5415 = EDGE_CURVE('',#3066,#4916,#5416,.T.);
#5416 = CIRCLE('',#5417,9.999999999999E-04);
#5417 = AXIS2_PLACEMENT_3D('',#5418,#5419,#5420);
#5418 = CARTESIAN_POINT('',(-5.449,4.5,1.299));
#5419 = DIRECTION('',(0.,-1.,0.));
#5420 = DIRECTION('',(0.,0.,1.));
#5421 = ORIENTED_EDGE('',*,*,#4923,.F.);
#5422 = ORIENTED_EDGE('',*,*,#5423,.T.);
#5423 = EDGE_CURVE('',#4924,#3025,#5424,.T.);
#5424 = CIRCLE('',#5425,1.E-03);
#5425 = AXIS2_PLACEMENT_3D('',#5426,#5427,#5428);
#5426 = CARTESIAN_POINT('',(-5.449,-4.5,1.299));
#5427 = DIRECTION('',(0.,1.,0.));
#5428 = DIRECTION('',(-1.,0.,0.));
#5429 = ORIENTED_EDGE('',*,*,#3032,.T.);
#5430 = ORIENTED_EDGE('',*,*,#4089,.F.);
#5431 = CYLINDRICAL_SURFACE('',#5432,1.E-03);
#5432 = AXIS2_PLACEMENT_3D('',#5433,#5434,#5435);
#5433 = CARTESIAN_POINT('',(-5.449,4.5,1.299));
#5434 = DIRECTION('',(0.,-1.,0.));
#5435 = DIRECTION('',(0.,0.,1.));
#5436 = ADVANCED_FACE('',(#5437),#5466,.F.);
#5437 = FACE_BOUND('',#5438,.F.);
#5438 = EDGE_LOOP('',(#5439,#5440,#5452,#5453,#5464,#5465));
#5439 = ORIENTED_EDGE('',*,*,#4162,.T.);
#5440 = ORIENTED_EDGE('',*,*,#5441,.F.);
#5441 = EDGE_CURVE('',#4940,#4163,#5442,.T.);
#5442 = B_SPLINE_CURVE_WITH_KNOTS('',3,(#5443,#5444,#5445,#5446,#5447,
    #5448,#5449,#5450,#5451),.UNSPECIFIED.,.F.,.F.,(4,1,1,1,1,1,4),(0.,
    0.199445144569,0.375087135397,0.538228711285,0.714006928304,
    0.871698270809,1.),.UNSPECIFIED.);
#5443 = CARTESIAN_POINT('',(-5.45,-4.3,-2.4));
#5444 = CARTESIAN_POINT('',(-5.45,-4.3,-2.400133494321));
#5445 = CARTESIAN_POINT('',(-5.449950288377,-4.30620560312,
    -2.400371557445));
#5446 = CARTESIAN_POINT('',(-5.449779851814,-4.331023493395,
    -2.400646646074));
#5447 = CARTESIAN_POINT('',(-5.449589602703,-4.366737492781,
    -2.400817680778));
#5448 = CARTESIAN_POINT('',(-5.449430902059,-4.410440378983,
    -2.4009059503));
#5449 = CARTESIAN_POINT('',(-5.449340540004,-4.456620597761,
    -2.400940634054));
#5450 = CARTESIAN_POINT('',(-5.449322680678,-4.486555180979,
    -2.400946507887));
#5451 = CARTESIAN_POINT('',(-5.449322680678,-4.5,-2.400946507887));
#5452 = ORIENTED_EDGE('',*,*,#4948,.T.);
#5453 = ORIENTED_EDGE('',*,*,#5454,.F.);
#5454 = EDGE_CURVE('',#4188,#4949,#5455,.T.);
#5455 = B_SPLINE_CURVE_WITH_KNOTS('',3,(#5456,#5457,#5458,#5459,#5460,
    #5461,#5462,#5463),.UNSPECIFIED.,.F.,.F.,(4,1,1,1,1,4),(0.,
    0.255198473226,0.477340038247,0.666424695061,0.829625712911,1.),
  .UNSPECIFIED.);
#5456 = CARTESIAN_POINT('',(-5.449322680678,-2.4,-2.400946507887));
#5457 = CARTESIAN_POINT('',(-5.449322680678,-2.426865831063,
    -2.400946507887));
#5458 = CARTESIAN_POINT('',(-5.449383521819,-2.476637675892,
    -2.400929279648));
#5459 = CARTESIAN_POINT('',(-5.449597626057,-2.536153248213,
    -2.400817838612));
#5460 = CARTESIAN_POINT('',(-5.44981191358,-2.57401911078,
    -2.400609949451));
#5461 = CARTESIAN_POINT('',(-5.449962708203,-2.595297517574,
    -2.400326526637));
#5462 = CARTESIAN_POINT('',(-5.45,-2.6,-2.400113070251));
#5463 = CARTESIAN_POINT('',(-5.45,-2.6,-2.4));
#5464 = ORIENTED_EDGE('',*,*,#4185,.F.);
#5465 = ORIENTED_EDGE('',*,*,#4227,.F.);
#5466 = CYLINDRICAL_SURFACE('',#5467,1.E-03);
#5467 = AXIS2_PLACEMENT_3D('',#5468,#5469,#5470);
#5468 = CARTESIAN_POINT('',(-5.449,-2.6,-2.4));
#5469 = DIRECTION('',(0.,-1.,-8.9E-16));
#5470 = DIRECTION('',(-1.,7.387E-31,-8.3E-16));
#5471 = ADVANCED_FACE('',(#5472),#5478,.T.);
#5472 = FACE_BOUND('',#5473,.T.);
#5473 = EDGE_LOOP('',(#5474,#5475,#5476,#5477));
#5474 = ORIENTED_EDGE('',*,*,#5147,.T.);
#5475 = ORIENTED_EDGE('',*,*,#5112,.F.);
#5476 = ORIENTED_EDGE('',*,*,#5454,.F.);
#5477 = ORIENTED_EDGE('',*,*,#4213,.T.);
#5478 = B_SPLINE_SURFACE_WITH_KNOTS('',3,3,(
    (#5479,#5480,#5481,#5482)
    ,(#5483,#5484,#5485,#5486)
    ,(#5487,#5488,#5489,#5490)
    ,(#5491,#5492,#5493,#5494)
    ,(#5495,#5496,#5497,#5498)
    ,(#5499,#5500,#5501,#5502)
    ,(#5503,#5504,#5505,#5506)
    ,(#5507,#5508,#5509,#5510)
    ,(#5511,#5512,#5513,#5514)
    ,(#5515,#5516,#5517,#5518)
    ,(#5519,#5520,#5521,#5522)
    ,(#5523,#5524,#5525,#5526)
    ,(#5527,#5528,#5529,#5530)
    ,(#5531,#5532,#5533,#5534)
    ,(#5535,#5536,#5537,#5538
    )),.UNSPECIFIED.,.F.,.F.,.F.,(4,1,1,1,1,1,1,1,1,1,1,1,4),(4,4),(0.,
    0.17897032991,0.335191066559,0.475214859417,0.615238652274,
    0.759027059306,0.902814370981,1.034560251289,1.161374785952,
    1.283848233198,1.406321680444,1.506652067522,1.570796326795),(0.,1.)
  ,.UNSPECIFIED.);
#5479 = CARTESIAN_POINT('',(-5.578394951766,-2.4,-2.779549662702));
#5480 = CARTESIAN_POINT('',(-5.535370861403,-2.4,-2.653348611097));
#5481 = CARTESIAN_POINT('',(-5.492346771041,-2.4,-2.527147559492));
#5482 = CARTESIAN_POINT('',(-5.449322680678,-2.4,-2.400946507887));
#5483 = CARTESIAN_POINT('',(-5.578394951766,-2.411931355327,
    -2.779549662702));
#5484 = CARTESIAN_POINT('',(-5.535370861403,-2.411931355327,
    -2.653348611097));
#5485 = CARTESIAN_POINT('',(-5.492346771041,-2.411931355327,
    -2.527147559492));
#5486 = CARTESIAN_POINT('',(-5.449322680678,-2.411931355327,
    -2.400946507887));
#5487 = CARTESIAN_POINT('',(-5.583139045192,-2.434277139473,
    -2.777987318795));
#5488 = CARTESIAN_POINT('',(-5.538537533906,-2.434277139473,
    -2.652305749786));
#5489 = CARTESIAN_POINT('',(-5.49393602262,-2.434277139473,
    -2.526624180777));
#5490 = CARTESIAN_POINT('',(-5.449334511335,-2.434277139473,
    -2.400942611768));
#5491 = CARTESIAN_POINT('',(-5.601993310327,-2.465010508345,
    -2.770930765536));
#5492 = CARTESIAN_POINT('',(-5.551122716702,-2.465010508345,
    -2.64759551515));
#5493 = CARTESIAN_POINT('',(-5.500252123077,-2.465010508345,
    -2.524260264764));
#5494 = CARTESIAN_POINT('',(-5.449381529452,-2.465010508345,
    -2.400925014378));
#5495 = CARTESIAN_POINT('',(-5.628139125728,-2.49180539804,
    -2.759232734251));
#5496 = CARTESIAN_POINT('',(-5.568574994148,-2.49180539804,
    -2.639787103577));
#5497 = CARTESIAN_POINT('',(-5.509010862567,-2.49180539804,
    -2.520341472904));
#5498 = CARTESIAN_POINT('',(-5.449446730987,-2.49180539804,
    -2.40089584223));
#5499 = CARTESIAN_POINT('',(-5.660264933889,-2.516023633281,
    -2.74164732364));
#5500 = CARTESIAN_POINT('',(-5.590018904333,-2.516023633281,
    -2.628048878539));
#5501 = CARTESIAN_POINT('',(-5.519772874777,-2.516023633281,
    -2.514450433439));
#5502 = CARTESIAN_POINT('',(-5.449526845222,-2.516023633281,
    -2.400851988338));
#5503 = CARTESIAN_POINT('',(-5.697515407873,-2.538118260512,
    -2.715999608152));
#5504 = CARTESIAN_POINT('',(-5.614883518306,-2.538118260512,
    -2.610929081751));
#5505 = CARTESIAN_POINT('',(-5.532251628739,-2.538118260512,
    -2.505858555349));
#5506 = CARTESIAN_POINT('',(-5.449619739172,-2.538118260512,
    -2.400788028948));
#5507 = CARTESIAN_POINT('',(-5.736129123662,-2.557013935534,
    -2.681666899347));
#5508 = CARTESIAN_POINT('',(-5.64065809335,-2.557013935534,
    -2.588012069971));
#5509 = CARTESIAN_POINT('',(-5.545187063039,-2.557013935534,
    -2.494357240596));
#5510 = CARTESIAN_POINT('',(-5.449716032727,-2.557013935534,
    -2.40070241122));
#5511 = CARTESIAN_POINT('',(-5.772103016505,-2.572238990344,
    -2.639658397272));
#5512 = CARTESIAN_POINT('',(-5.664670592064,-2.572238990344,
    -2.559971482136));
#5513 = CARTESIAN_POINT('',(-5.557238167624,-2.572238990344,-2.480284567
    ));
#5514 = CARTESIAN_POINT('',(-5.449805743183,-2.572238990344,
    -2.400597651864));
#5515 = CARTESIAN_POINT('',(-5.802594590734,-2.583830576426,
    -2.591996611051));
#5516 = CARTESIAN_POINT('',(-5.685023654496,-2.583830576425,
    -2.528157338881));
#5517 = CARTESIAN_POINT('',(-5.567452718259,-2.583830576426,
    -2.464318066711));
#5518 = CARTESIAN_POINT('',(-5.449881782022,-2.583830576426,
    -2.400478794541));
#5519 = CARTESIAN_POINT('',(-5.826692062656,-2.592302583295,
    -2.538927291497));
#5520 = CARTESIAN_POINT('',(-5.701108666927,-2.592302583295,
    -2.492733678364));
#5521 = CARTESIAN_POINT('',(-5.575525271197,-2.592302583295,
    -2.446540065231));
#5522 = CARTESIAN_POINT('',(-5.449941875468,-2.592302583295,
    -2.400346452098));
#5523 = CARTESIAN_POINT('',(-5.842182121315,-2.597463706081,
    -2.48496912536));
#5524 = CARTESIAN_POINT('',(-5.711448248891,-2.597463706081,
    -2.456716714601));
#5525 = CARTESIAN_POINT('',(-5.580714376467,-2.597463706081,
    -2.428464303841));
#5526 = CARTESIAN_POINT('',(-5.449980504043,-2.597463706081,
    -2.400211893081));
#5527 = CARTESIAN_POINT('',(-5.848910598427,-2.599648251894,
    -2.437961193916));
#5528 = CARTESIAN_POINT('',(-5.71593949338,-2.599648251894,
    -2.42533901805));
#5529 = CARTESIAN_POINT('',(-5.582968388334,-2.599648251894,
    -2.412716842185));
#5530 = CARTESIAN_POINT('',(-5.449997283288,-2.599648251894,
    -2.400094666319));
#5531 = CARTESIAN_POINT('',(-5.85,-2.6,-2.410650868724));
#5532 = CARTESIAN_POINT('',(-5.716666666667,-2.6,-2.407109432739));
#5533 = CARTESIAN_POINT('',(-5.583333333333,-2.6,-2.403567996755));
#5534 = CARTESIAN_POINT('',(-5.45,-2.6,-2.40002656077));
#5535 = CARTESIAN_POINT('',(-5.85,-2.6,-2.4));
#5536 = CARTESIAN_POINT('',(-5.716666666667,-2.6,-2.4));
#5537 = CARTESIAN_POINT('',(-5.583333333333,-2.6,-2.4));
#5538 = CARTESIAN_POINT('',(-5.45,-2.6,-2.4));
#5539 = ADVANCED_FACE('',(#5540),#5546,.T.);
#5540 = FACE_BOUND('',#5541,.T.);
#5541 = EDGE_LOOP('',(#5542,#5543,#5544,#5545));
#5542 = ORIENTED_EDGE('',*,*,#5441,.F.);
#5543 = ORIENTED_EDGE('',*,*,#5182,.T.);
#5544 = ORIENTED_EDGE('',*,*,#5128,.T.);
#5545 = ORIENTED_EDGE('',*,*,#4171,.F.);
#5546 = B_SPLINE_SURFACE_WITH_KNOTS('',3,3,(
    (#5547,#5548,#5549,#5550)
    ,(#5551,#5552,#5553,#5554)
    ,(#5555,#5556,#5557,#5558)
    ,(#5559,#5560,#5561,#5562)
    ,(#5563,#5564,#5565,#5566)
    ,(#5567,#5568,#5569,#5570)
    ,(#5571,#5572,#5573,#5574)
    ,(#5575,#5576,#5577,#5578)
    ,(#5579,#5580,#5581,#5582)
    ,(#5583,#5584,#5585,#5586)
    ,(#5587,#5588,#5589,#5590)
    ,(#5591,#5592,#5593,#5594)
    ,(#5595,#5596,#5597,#5598)
    ,(#5599,#5600,#5601,#5602)
    ,(#5603,#5604,#5605,#5606
    )),.UNSPECIFIED.,.F.,.F.,.F.,(4,1,1,1,1,1,1,1,1,1,1,1,4),(4,4),(0.,
    0.178970329909,0.335191066559,0.475214859416,0.615238652274,
    0.759027059305,0.90281437098,1.034560251288,1.161374785952,
    1.283848233198,1.406321680444,1.506652067523,1.570796326795),(0.,1.)
  ,.UNSPECIFIED.);
#5547 = CARTESIAN_POINT('',(-5.449322680678,-4.5,-2.400946507887));
#5548 = CARTESIAN_POINT('',(-5.492346771041,-4.5,-2.527147559492));
#5549 = CARTESIAN_POINT('',(-5.535370861403,-4.5,-2.653348611097));
#5550 = CARTESIAN_POINT('',(-5.578394951766,-4.5,-2.779549662702));
#5551 = CARTESIAN_POINT('',(-5.449322680678,-4.488068644673,
    -2.400946507887));
#5552 = CARTESIAN_POINT('',(-5.492346771041,-4.488068644673,
    -2.527147559492));
#5553 = CARTESIAN_POINT('',(-5.535370861403,-4.488068644673,
    -2.653348611097));
#5554 = CARTESIAN_POINT('',(-5.578394951766,-4.488068644673,
    -2.779549662702));
#5555 = CARTESIAN_POINT('',(-5.449334511335,-4.465722860527,
    -2.400942611768));
#5556 = CARTESIAN_POINT('',(-5.49393602262,-4.465722860527,
    -2.526624180777));
#5557 = CARTESIAN_POINT('',(-5.538537533906,-4.465722860527,
    -2.652305749786));
#5558 = CARTESIAN_POINT('',(-5.583139045192,-4.465722860527,
    -2.777987318795));
#5559 = CARTESIAN_POINT('',(-5.449381529452,-4.434989491655,
    -2.400925014378));
#5560 = CARTESIAN_POINT('',(-5.500252123077,-4.434989491655,
    -2.524260264764));
#5561 = CARTESIAN_POINT('',(-5.551122716702,-4.434989491655,
    -2.64759551515));
#5562 = CARTESIAN_POINT('',(-5.601993310327,-4.434989491655,
    -2.770930765536));
#5563 = CARTESIAN_POINT('',(-5.449446730987,-4.40819460196,
    -2.40089584223));
#5564 = CARTESIAN_POINT('',(-5.509010862567,-4.40819460196,
    -2.520341472904));
#5565 = CARTESIAN_POINT('',(-5.568574994148,-4.40819460196,
    -2.639787103577));
#5566 = CARTESIAN_POINT('',(-5.628139125728,-4.40819460196,
    -2.759232734251));
#5567 = CARTESIAN_POINT('',(-5.449526845222,-4.383976366719,
    -2.400851988338));
#5568 = CARTESIAN_POINT('',(-5.519772874777,-4.383976366719,
    -2.514450433439));
#5569 = CARTESIAN_POINT('',(-5.590018904333,-4.383976366719,
    -2.628048878539));
#5570 = CARTESIAN_POINT('',(-5.660264933889,-4.383976366719,
    -2.74164732364));
#5571 = CARTESIAN_POINT('',(-5.449619739172,-4.361881739488,
    -2.400788028948));
#5572 = CARTESIAN_POINT('',(-5.532251628739,-4.361881739488,
    -2.505858555349));
#5573 = CARTESIAN_POINT('',(-5.614883518306,-4.361881739488,
    -2.610929081751));
#5574 = CARTESIAN_POINT('',(-5.697515407873,-4.361881739488,
    -2.715999608152));
#5575 = CARTESIAN_POINT('',(-5.449716032727,-4.342986064466,
    -2.40070241122));
#5576 = CARTESIAN_POINT('',(-5.545187063039,-4.342986064466,
    -2.494357240596));
#5577 = CARTESIAN_POINT('',(-5.64065809335,-4.342986064466,
    -2.588012069971));
#5578 = CARTESIAN_POINT('',(-5.736129123662,-4.342986064466,
    -2.681666899347));
#5579 = CARTESIAN_POINT('',(-5.449805743183,-4.327761009656,
    -2.400597651864));
#5580 = CARTESIAN_POINT('',(-5.557238167624,-4.327761009656,-2.480284567
    ));
#5581 = CARTESIAN_POINT('',(-5.664670592064,-4.327761009656,
    -2.559971482136));
#5582 = CARTESIAN_POINT('',(-5.772103016505,-4.327761009656,
    -2.639658397272));
#5583 = CARTESIAN_POINT('',(-5.449881782022,-4.316169423575,
    -2.400478794541));
#5584 = CARTESIAN_POINT('',(-5.567452718259,-4.316169423575,
    -2.464318066711));
#5585 = CARTESIAN_POINT('',(-5.685023654496,-4.316169423575,
    -2.528157338881));
#5586 = CARTESIAN_POINT('',(-5.802594590734,-4.316169423575,
    -2.591996611051));
#5587 = CARTESIAN_POINT('',(-5.449941875468,-4.307697416705,
    -2.400346452098));
#5588 = CARTESIAN_POINT('',(-5.575525271197,-4.307697416705,
    -2.446540065231));
#5589 = CARTESIAN_POINT('',(-5.701108666927,-4.307697416705,
    -2.492733678364));
#5590 = CARTESIAN_POINT('',(-5.826692062656,-4.307697416705,
    -2.538927291497));
#5591 = CARTESIAN_POINT('',(-5.449980504043,-4.302536293919,
    -2.400211893081));
#5592 = CARTESIAN_POINT('',(-5.580714376467,-4.302536293919,
    -2.428464303841));
#5593 = CARTESIAN_POINT('',(-5.711448248891,-4.302536293919,
    -2.4567167146));
#5594 = CARTESIAN_POINT('',(-5.842182121315,-4.302536293919,
    -2.48496912536));
#5595 = CARTESIAN_POINT('',(-5.449997283288,-4.300351748106,
    -2.400094666319));
#5596 = CARTESIAN_POINT('',(-5.582968388334,-4.300351748106,
    -2.412716842185));
#5597 = CARTESIAN_POINT('',(-5.71593949338,-4.300351748106,
    -2.42533901805));
#5598 = CARTESIAN_POINT('',(-5.848910598427,-4.300351748106,
    -2.437961193916));
#5599 = CARTESIAN_POINT('',(-5.45,-4.3,-2.40002656077));
#5600 = CARTESIAN_POINT('',(-5.583333333333,-4.3,-2.403567996755));
#5601 = CARTESIAN_POINT('',(-5.716666666667,-4.3,-2.407109432739));
#5602 = CARTESIAN_POINT('',(-5.85,-4.3,-2.410650868724));
#5603 = CARTESIAN_POINT('',(-5.45,-4.3,-2.4));
#5604 = CARTESIAN_POINT('',(-5.583333333333,-4.3,-2.4));
#5605 = CARTESIAN_POINT('',(-5.716666666667,-4.3,-2.4));
#5606 = CARTESIAN_POINT('',(-5.85,-4.3,-2.4));
#5607 = ADVANCED_FACE('',(#5608),#5614,.T.);
#5608 = FACE_BOUND('',#5609,.T.);
#5609 = EDGE_LOOP('',(#5610,#5611,#5612,#5613));
#5610 = ORIENTED_EDGE('',*,*,#5223,.F.);
#5611 = ORIENTED_EDGE('',*,*,#5198,.F.);
#5612 = ORIENTED_EDGE('',*,*,#5423,.T.);
#5613 = ORIENTED_EDGE('',*,*,#3373,.F.);
#5614 = PLANE('',#5615);
#5615 = AXIS2_PLACEMENT_3D('',#5616,#5617,#5618);
#5616 = CARTESIAN_POINT('',(-5.449,-4.5,1.7));
#5617 = DIRECTION('',(-0.,-1.,-0.));
#5618 = DIRECTION('',(-1.,0.,0.));
#5619 = ADVANCED_FACE('',(#5620),#5626,.T.);
#5620 = FACE_BOUND('',#5621,.T.);
#5621 = EDGE_LOOP('',(#5622,#5623,#5624,#5625));
#5622 = ORIENTED_EDGE('',*,*,#5215,.F.);
#5623 = ORIENTED_EDGE('',*,*,#3769,.F.);
#5624 = ORIENTED_EDGE('',*,*,#5415,.T.);
#5625 = ORIENTED_EDGE('',*,*,#5248,.T.);
#5626 = PLANE('',#5627);
#5627 = AXIS2_PLACEMENT_3D('',#5628,#5629,#5630);
#5628 = CARTESIAN_POINT('',(-5.85,4.5,1.299));
#5629 = DIRECTION('',(0.,1.,-0.));
#5630 = DIRECTION('',(-8.3E-16,0.,1.));
#5631 = ADVANCED_FACE('',(#5632),#5638,.T.);
#5632 = FACE_BOUND('',#5633,.T.);
#5633 = EDGE_LOOP('',(#5634,#5635,#5636,#5637));
#5634 = ORIENTED_EDGE('',*,*,#5301,.T.);
#5635 = ORIENTED_EDGE('',*,*,#5266,.F.);
#5636 = ORIENTED_EDGE('',*,*,#5393,.F.);
#5637 = ORIENTED_EDGE('',*,*,#4341,.T.);
#5638 = B_SPLINE_SURFACE_WITH_KNOTS('',3,3,(
    (#5639,#5640,#5641,#5642)
    ,(#5643,#5644,#5645,#5646)
    ,(#5647,#5648,#5649,#5650)
    ,(#5651,#5652,#5653,#5654)
    ,(#5655,#5656,#5657,#5658)
    ,(#5659,#5660,#5661,#5662)
    ,(#5663,#5664,#5665,#5666)
    ,(#5667,#5668,#5669,#5670)
    ,(#5671,#5672,#5673,#5674)
    ,(#5675,#5676,#5677,#5678)
    ,(#5679,#5680,#5681,#5682)
    ,(#5683,#5684,#5685,#5686)
    ,(#5687,#5688,#5689,#5690)
    ,(#5691,#5692,#5693,#5694)
    ,(#5695,#5696,#5697,#5698
    )),.UNSPECIFIED.,.F.,.F.,.F.,(4,1,1,1,1,1,1,1,1,1,1,1,4),(4,4),(0.,
    0.178970329911,0.335191066561,0.475214859419,0.615238652276,
    0.759027059308,0.902814370983,1.034560251291,1.161374785954,
    1.2838482332,1.406321680446,1.506652067525,1.570796326795),(0.,1.),
  .UNSPECIFIED.);
#5639 = CARTESIAN_POINT('',(-5.578394951766,4.5,-2.779549662702));
#5640 = CARTESIAN_POINT('',(-5.535370861403,4.5,-2.653348611097));
#5641 = CARTESIAN_POINT('',(-5.492346771041,4.5,-2.527147559492));
#5642 = CARTESIAN_POINT('',(-5.449322680678,4.5,-2.400946507887));
#5643 = CARTESIAN_POINT('',(-5.578394951766,4.488068644673,
    -2.779549662702));
#5644 = CARTESIAN_POINT('',(-5.535370861403,4.488068644673,
    -2.653348611097));
#5645 = CARTESIAN_POINT('',(-5.492346771041,4.488068644673,
    -2.527147559492));
#5646 = CARTESIAN_POINT('',(-5.449322680678,4.488068644673,
    -2.400946507887));
#5647 = CARTESIAN_POINT('',(-5.583139045192,4.465722860527,
    -2.777987318795));
#5648 = CARTESIAN_POINT('',(-5.538537533906,4.465722860527,
    -2.652305749786));
#5649 = CARTESIAN_POINT('',(-5.49393602262,4.465722860527,
    -2.526624180777));
#5650 = CARTESIAN_POINT('',(-5.449334511335,4.465722860527,
    -2.400942611768));
#5651 = CARTESIAN_POINT('',(-5.601993310328,4.434989491655,
    -2.770930765536));
#5652 = CARTESIAN_POINT('',(-5.551122716703,4.434989491655,
    -2.64759551515));
#5653 = CARTESIAN_POINT('',(-5.500252123077,4.434989491655,
    -2.524260264764));
#5654 = CARTESIAN_POINT('',(-5.449381529452,4.434989491655,
    -2.400925014378));
#5655 = CARTESIAN_POINT('',(-5.628139125729,4.40819460196,
    -2.759232734251));
#5656 = CARTESIAN_POINT('',(-5.568574994148,4.40819460196,
    -2.639787103577));
#5657 = CARTESIAN_POINT('',(-5.509010862567,4.40819460196,
    -2.520341472904));
#5658 = CARTESIAN_POINT('',(-5.449446730987,4.40819460196,-2.40089584223
    ));
#5659 = CARTESIAN_POINT('',(-5.660264933889,4.383976366718,
    -2.74164732364));
#5660 = CARTESIAN_POINT('',(-5.590018904334,4.383976366718,
    -2.628048878539));
#5661 = CARTESIAN_POINT('',(-5.519772874778,4.383976366718,
    -2.514450433439));
#5662 = CARTESIAN_POINT('',(-5.449526845222,4.383976366718,
    -2.400851988338));
#5663 = CARTESIAN_POINT('',(-5.697515407873,4.361881739488,
    -2.715999608151));
#5664 = CARTESIAN_POINT('',(-5.614883518306,4.361881739488,
    -2.61092908175));
#5665 = CARTESIAN_POINT('',(-5.532251628739,4.361881739488,
    -2.505858555349));
#5666 = CARTESIAN_POINT('',(-5.449619739172,4.361881739488,
    -2.400788028948));
#5667 = CARTESIAN_POINT('',(-5.736129123662,4.342986064466,
    -2.681666899346));
#5668 = CARTESIAN_POINT('',(-5.640658093351,4.342986064466,
    -2.588012069971));
#5669 = CARTESIAN_POINT('',(-5.545187063039,4.342986064466,
    -2.494357240596));
#5670 = CARTESIAN_POINT('',(-5.449716032727,4.342986064466,
    -2.40070241122));
#5671 = CARTESIAN_POINT('',(-5.772103016505,4.327761009656,
    -2.639658397272));
#5672 = CARTESIAN_POINT('',(-5.664670592064,4.327761009656,
    -2.559971482136));
#5673 = CARTESIAN_POINT('',(-5.557238167624,4.327761009656,-2.480284567)
  );
#5674 = CARTESIAN_POINT('',(-5.449805743183,4.327761009656,
    -2.400597651864));
#5675 = CARTESIAN_POINT('',(-5.802594590734,4.316169423574,
    -2.59199661105));
#5676 = CARTESIAN_POINT('',(-5.685023654497,4.316169423574,
    -2.52815733888));
#5677 = CARTESIAN_POINT('',(-5.567452718259,4.316169423574,
    -2.464318066711));
#5678 = CARTESIAN_POINT('',(-5.449881782022,4.316169423574,
    -2.400478794541));
#5679 = CARTESIAN_POINT('',(-5.826692062656,4.307697416705,
    -2.538927291496));
#5680 = CARTESIAN_POINT('',(-5.701108666927,4.307697416705,
    -2.492733678364));
#5681 = CARTESIAN_POINT('',(-5.575525271197,4.307697416705,
    -2.446540065231));
#5682 = CARTESIAN_POINT('',(-5.449941875468,4.307697416705,
    -2.400346452098));
#5683 = CARTESIAN_POINT('',(-5.842182121315,4.302536293918,
    -2.484969125359));
#5684 = CARTESIAN_POINT('',(-5.711448248891,4.302536293918,-2.4567167146
    ));
#5685 = CARTESIAN_POINT('',(-5.580714376467,4.302536293918,
    -2.42846430384));
#5686 = CARTESIAN_POINT('',(-5.449980504043,4.302536293918,
    -2.400211893081));
#5687 = CARTESIAN_POINT('',(-5.848910598427,4.300351748106,
    -2.437961193915));
#5688 = CARTESIAN_POINT('',(-5.71593949338,4.300351748106,-2.42533901805
    ));
#5689 = CARTESIAN_POINT('',(-5.582968388334,4.300351748106,
    -2.412716842184));
#5690 = CARTESIAN_POINT('',(-5.449997283288,4.300351748106,
    -2.400094666319));
#5691 = CARTESIAN_POINT('',(-5.85,4.3,-2.410650868723));
#5692 = CARTESIAN_POINT('',(-5.716666666667,4.3,-2.407109432739));
#5693 = CARTESIAN_POINT('',(-5.583333333333,4.3,-2.403567996754));
#5694 = CARTESIAN_POINT('',(-5.45,4.3,-2.40002656077));
#5695 = CARTESIAN_POINT('',(-5.85,4.3,-2.4));
#5696 = CARTESIAN_POINT('',(-5.716666666667,4.3,-2.4));
#5697 = CARTESIAN_POINT('',(-5.583333333333,4.3,-2.4));
#5698 = CARTESIAN_POINT('',(-5.45,4.3,-2.4));
#5699 = ADVANCED_FACE('',(#5700),#5706,.T.);
#5700 = FACE_BOUND('',#5701,.T.);
#5701 = EDGE_LOOP('',(#5702,#5703,#5704,#5705));
#5702 = ORIENTED_EDGE('',*,*,#5380,.F.);
#5703 = ORIENTED_EDGE('',*,*,#5336,.T.);
#5704 = ORIENTED_EDGE('',*,*,#5282,.T.);
#5705 = ORIENTED_EDGE('',*,*,#4299,.F.);
#5706 = B_SPLINE_SURFACE_WITH_KNOTS('',3,3,(
    (#5707,#5708,#5709,#5710)
    ,(#5711,#5712,#5713,#5714)
    ,(#5715,#5716,#5717,#5718)
    ,(#5719,#5720,#5721,#5722)
    ,(#5723,#5724,#5725,#5726)
    ,(#5727,#5728,#5729,#5730)
    ,(#5731,#5732,#5733,#5734)
    ,(#5735,#5736,#5737,#5738)
    ,(#5739,#5740,#5741,#5742)
    ,(#5743,#5744,#5745,#5746)
    ,(#5747,#5748,#5749,#5750)
    ,(#5751,#5752,#5753,#5754)
    ,(#5755,#5756,#5757,#5758)
    ,(#5759,#5760,#5761,#5762)
    ,(#5763,#5764,#5765,#5766
    )),.UNSPECIFIED.,.F.,.F.,.F.,(4,1,1,1,1,1,1,1,1,1,1,1,4),(4,4),(0.,
    0.178970329908,0.335191066557,0.475214859414,0.615238652272,
    0.759027059303,0.902814370979,1.034560251287,1.16137478595,
    1.283848233196,1.406321680443,1.506652067523,1.570796326795),(0.,1.)
  ,.UNSPECIFIED.);
#5707 = CARTESIAN_POINT('',(-5.449322680678,2.4,-2.400946507887));
#5708 = CARTESIAN_POINT('',(-5.492346771041,2.4,-2.527147559492));
#5709 = CARTESIAN_POINT('',(-5.535370861403,2.4,-2.653348611097));
#5710 = CARTESIAN_POINT('',(-5.578394951766,2.4,-2.779549662702));
#5711 = CARTESIAN_POINT('',(-5.449322680678,2.411931355327,
    -2.400946507887));
#5712 = CARTESIAN_POINT('',(-5.492346771041,2.411931355327,
    -2.527147559492));
#5713 = CARTESIAN_POINT('',(-5.535370861403,2.411931355327,
    -2.653348611097));
#5714 = CARTESIAN_POINT('',(-5.578394951766,2.411931355327,
    -2.779549662702));
#5715 = CARTESIAN_POINT('',(-5.449334511335,2.434277139473,
    -2.400942611768));
#5716 = CARTESIAN_POINT('',(-5.49393602262,2.434277139473,
    -2.526624180777));
#5717 = CARTESIAN_POINT('',(-5.538537533906,2.434277139473,
    -2.652305749786));
#5718 = CARTESIAN_POINT('',(-5.583139045191,2.434277139473,
    -2.777987318795));
#5719 = CARTESIAN_POINT('',(-5.449381529452,2.465010508345,
    -2.400925014378));
#5720 = CARTESIAN_POINT('',(-5.500252123077,2.465010508345,
    -2.524260264764));
#5721 = CARTESIAN_POINT('',(-5.551122716702,2.465010508345,
    -2.64759551515));
#5722 = CARTESIAN_POINT('',(-5.601993310327,2.465010508345,
    -2.770930765536));
#5723 = CARTESIAN_POINT('',(-5.449446730987,2.491805398039,
    -2.40089584223));
#5724 = CARTESIAN_POINT('',(-5.509010862567,2.491805398039,
    -2.520341472904));
#5725 = CARTESIAN_POINT('',(-5.568574994148,2.491805398039,
    -2.639787103578));
#5726 = CARTESIAN_POINT('',(-5.628139125728,2.491805398039,
    -2.759232734251));
#5727 = CARTESIAN_POINT('',(-5.449526845222,2.516023633281,
    -2.400851988338));
#5728 = CARTESIAN_POINT('',(-5.519772874777,2.516023633281,
    -2.514450433439));
#5729 = CARTESIAN_POINT('',(-5.590018904333,2.516023633281,
    -2.62804887854));
#5730 = CARTESIAN_POINT('',(-5.660264933888,2.516023633281,
    -2.74164732364));
#5731 = CARTESIAN_POINT('',(-5.449619739172,2.538118260512,
    -2.400788028948));
#5732 = CARTESIAN_POINT('',(-5.532251628739,2.538118260512,
    -2.505858555349));
#5733 = CARTESIAN_POINT('',(-5.614883518305,2.538118260512,
    -2.610929081751));
#5734 = CARTESIAN_POINT('',(-5.697515407872,2.538118260512,
    -2.715999608152));
#5735 = CARTESIAN_POINT('',(-5.449716032727,2.557013935534,
    -2.40070241122));
#5736 = CARTESIAN_POINT('',(-5.545187063039,2.557013935534,
    -2.494357240596));
#5737 = CARTESIAN_POINT('',(-5.64065809335,2.557013935534,
    -2.588012069972));
#5738 = CARTESIAN_POINT('',(-5.736129123661,2.557013935534,
    -2.681666899347));
#5739 = CARTESIAN_POINT('',(-5.449805743183,2.572238990344,
    -2.400597651864));
#5740 = CARTESIAN_POINT('',(-5.557238167624,2.572238990344,-2.480284567)
  );
#5741 = CARTESIAN_POINT('',(-5.664670592064,2.572238990344,
    -2.559971482136));
#5742 = CARTESIAN_POINT('',(-5.772103016504,2.572238990344,
    -2.639658397273));
#5743 = CARTESIAN_POINT('',(-5.449881782022,2.583830576425,
    -2.400478794541));
#5744 = CARTESIAN_POINT('',(-5.567452718259,2.583830576425,
    -2.464318066711));
#5745 = CARTESIAN_POINT('',(-5.685023654496,2.583830576425,
    -2.528157338881));
#5746 = CARTESIAN_POINT('',(-5.802594590733,2.583830576425,
    -2.591996611051));
#5747 = CARTESIAN_POINT('',(-5.449941875468,2.592302583295,
    -2.400346452098));
#5748 = CARTESIAN_POINT('',(-5.575525271197,2.592302583295,
    -2.446540065232));
#5749 = CARTESIAN_POINT('',(-5.701108666926,2.592302583295,
    -2.492733678365));
#5750 = CARTESIAN_POINT('',(-5.826692062655,2.592302583295,
    -2.538927291498));
#5751 = CARTESIAN_POINT('',(-5.449980504043,2.597463706081,
    -2.400211893081));
#5752 = CARTESIAN_POINT('',(-5.580714376467,2.597463706081,
    -2.428464303841));
#5753 = CARTESIAN_POINT('',(-5.711448248891,2.597463706081,
    -2.456716714601));
#5754 = CARTESIAN_POINT('',(-5.842182121315,2.597463706081,
    -2.484969125361));
#5755 = CARTESIAN_POINT('',(-5.449997283288,2.599648251894,
    -2.400094666319));
#5756 = CARTESIAN_POINT('',(-5.582968388334,2.599648251894,
    -2.412716842185));
#5757 = CARTESIAN_POINT('',(-5.71593949338,2.599648251894,
    -2.425339018051));
#5758 = CARTESIAN_POINT('',(-5.848910598427,2.599648251894,
    -2.437961193916));
#5759 = CARTESIAN_POINT('',(-5.45,2.6,-2.40002656077));
#5760 = CARTESIAN_POINT('',(-5.583333333333,2.6,-2.403567996755));
#5761 = CARTESIAN_POINT('',(-5.716666666667,2.6,-2.407109432739));
#5762 = CARTESIAN_POINT('',(-5.85,2.6,-2.410650868724));
#5763 = CARTESIAN_POINT('',(-5.45,2.6,-2.4));
#5764 = CARTESIAN_POINT('',(-5.583333333333,2.6,-2.4));
#5765 = CARTESIAN_POINT('',(-5.716666666667,2.6,-2.4));
#5766 = CARTESIAN_POINT('',(-5.85,2.6,-2.4));
#5767 = ADVANCED_FACE('',(#5768),#5795,.F.);
#5768 = FACE_BOUND('',#5769,.F.);
#5769 = EDGE_LOOP('',(#5770,#5771,#5780,#5788));
#5770 = ORIENTED_EDGE('',*,*,#4679,.T.);
#5771 = ORIENTED_EDGE('',*,*,#5772,.T.);
#5772 = EDGE_CURVE('',#4682,#5773,#5775,.T.);
#5773 = VERTEX_POINT('',#5774);
#5774 = CARTESIAN_POINT('',(-5.858618845138,-1.25,-3.71939240156));
#5775 = CIRCLE('',#5776,0.1);
#5776 = AXIS2_PLACEMENT_3D('',#5777,#5778,#5779);
#5777 = CARTESIAN_POINT('',(-5.95,-1.25,-3.678778554955));
#5778 = DIRECTION('',(0.,1.,0.));
#5779 = DIRECTION('',(1.,-0.,4.44E-15));
#5780 = ORIENTED_EDGE('',*,*,#5781,.F.);
#5781 = EDGE_CURVE('',#5782,#5773,#5784,.T.);
#5782 = VERTEX_POINT('',#5783);
#5783 = CARTESIAN_POINT('',(-5.858618845138,1.25,-3.71939240156));
#5784 = LINE('',#5785,#5786);
#5785 = CARTESIAN_POINT('',(-5.858618845138,1.25,-3.71939240156));
#5786 = VECTOR('',#5787,1.);
#5787 = DIRECTION('',(0.,-1.,0.));
#5788 = ORIENTED_EDGE('',*,*,#5789,.F.);
#5789 = EDGE_CURVE('',#4680,#5782,#5790,.T.);
#5790 = CIRCLE('',#5791,0.1);
#5791 = AXIS2_PLACEMENT_3D('',#5792,#5793,#5794);
#5792 = CARTESIAN_POINT('',(-5.95,1.25,-3.678778554955));
#5793 = DIRECTION('',(0.,1.,0.));
#5794 = DIRECTION('',(1.,-0.,4.44E-15));
#5795 = CYLINDRICAL_SURFACE('',#5796,0.1);
#5796 = AXIS2_PLACEMENT_3D('',#5797,#5798,#5799);
#5797 = CARTESIAN_POINT('',(-5.95,1.25,-3.678778554955));
#5798 = DIRECTION('',(-0.,1.,-0.));
#5799 = DIRECTION('',(1.,0.,6.9E-16));
#5800 = ADVANCED_FACE('',(#5801),#5826,.T.);
#5801 = FACE_BOUND('',#5802,.T.);
#5802 = EDGE_LOOP('',(#5803,#5811,#5819,#5825));
#5803 = ORIENTED_EDGE('',*,*,#5804,.T.);
#5804 = EDGE_CURVE('',#5782,#5805,#5807,.T.);
#5805 = VERTEX_POINT('',#5806);
#5806 = CARTESIAN_POINT('',(-6.157105633858,1.25,-4.390987676181));
#5807 = LINE('',#5808,#5809);
#5808 = CARTESIAN_POINT('',(-5.858618845138,1.25,-3.71939240156));
#5809 = VECTOR('',#5810,1.);
#5810 = DIRECTION('',(-0.406138466053,0.,-0.91381154862));
#5811 = ORIENTED_EDGE('',*,*,#5812,.T.);
#5812 = EDGE_CURVE('',#5805,#5813,#5815,.T.);
#5813 = VERTEX_POINT('',#5814);
#5814 = CARTESIAN_POINT('',(-6.157105633858,-1.25,-4.390987676181));
#5815 = LINE('',#5816,#5817);
#5816 = CARTESIAN_POINT('',(-6.157105633858,1.25,-4.390987676181));
#5817 = VECTOR('',#5818,1.);
#5818 = DIRECTION('',(0.,-1.,0.));
#5819 = ORIENTED_EDGE('',*,*,#5820,.F.);
#5820 = EDGE_CURVE('',#5773,#5813,#5821,.T.);
#5821 = LINE('',#5822,#5823);
#5822 = CARTESIAN_POINT('',(-5.858618845138,-1.25,-3.71939240156));
#5823 = VECTOR('',#5824,1.);
#5824 = DIRECTION('',(-0.406138466053,0.,-0.91381154862));
#5825 = ORIENTED_EDGE('',*,*,#5781,.F.);
#5826 = PLANE('',#5827);
#5827 = AXIS2_PLACEMENT_3D('',#5828,#5829,#5830);
#5828 = CARTESIAN_POINT('',(-5.858618845138,1.25,-3.71939240156));
#5829 = DIRECTION('',(-0.91381154862,0.,0.406138466053));
#5830 = DIRECTION('',(-0.406138466053,0.,-0.91381154862));
#5831 = ADVANCED_FACE('',(#5832),#5859,.T.);
#5832 = FACE_BOUND('',#5833,.T.);
#5833 = EDGE_LOOP('',(#5834,#5843,#5851,#5858));
#5834 = ORIENTED_EDGE('',*,*,#5835,.T.);
#5835 = EDGE_CURVE('',#5805,#5836,#5838,.T.);
#5836 = VERTEX_POINT('',#5837);
#5837 = CARTESIAN_POINT('',(-6.152609210648,1.25,-4.806955427372));
#5838 = CIRCLE('',#5839,0.5);
#5839 = AXIS2_PLACEMENT_3D('',#5840,#5841,#5842);
#5840 = CARTESIAN_POINT('',(-5.700199859548,1.25,-4.594056909207));
#5841 = DIRECTION('',(0.,-1.,-0.));
#5842 = DIRECTION('',(-0.91381154862,-0.,0.406138466053));
#5843 = ORIENTED_EDGE('',*,*,#5844,.T.);
#5844 = EDGE_CURVE('',#5836,#5845,#5847,.T.);
#5845 = VERTEX_POINT('',#5846);
#5846 = CARTESIAN_POINT('',(-6.152609210648,-1.25,-4.806955427372));
#5847 = LINE('',#5848,#5849);
#5848 = CARTESIAN_POINT('',(-6.152609210648,1.25,-4.806955427372));
#5849 = VECTOR('',#5850,1.);
#5850 = DIRECTION('',(0.,-1.,0.));
#5851 = ORIENTED_EDGE('',*,*,#5852,.F.);
#5852 = EDGE_CURVE('',#5813,#5845,#5853,.T.);
#5853 = CIRCLE('',#5854,0.5);
#5854 = AXIS2_PLACEMENT_3D('',#5855,#5856,#5857);
#5855 = CARTESIAN_POINT('',(-5.700199859548,-1.25,-4.594056909207));
#5856 = DIRECTION('',(0.,-1.,-0.));
#5857 = DIRECTION('',(-0.91381154862,-0.,0.406138466053));
#5858 = ORIENTED_EDGE('',*,*,#5812,.F.);
#5859 = CYLINDRICAL_SURFACE('',#5860,0.5);
#5860 = AXIS2_PLACEMENT_3D('',#5861,#5862,#5863);
#5861 = CARTESIAN_POINT('',(-5.700199859548,1.25,-4.594056909207));
#5862 = DIRECTION('',(0.,-1.,0.));
#5863 = DIRECTION('',(-0.91381154862,0.,0.406138466053));
#5864 = ADVANCED_FACE('',(#5865),#5891,.T.);
#5865 = FACE_BOUND('',#5866,.T.);
#5866 = EDGE_LOOP('',(#5867,#5875,#5876,#5884));
#5867 = ORIENTED_EDGE('',*,*,#5868,.F.);
#5868 = EDGE_CURVE('',#5845,#5869,#5871,.T.);
#5869 = VERTEX_POINT('',#5870);
#5870 = CARTESIAN_POINT('',(-5.982246295412,-1.25,-5.168976622249));
#5871 = LINE('',#5872,#5873);
#5872 = CARTESIAN_POINT('',(-6.152609210648,-1.25,-4.806955427372));
#5873 = VECTOR('',#5874,1.);
#5874 = DIRECTION('',(0.42579703633,0.,-0.904818702201));
#5875 = ORIENTED_EDGE('',*,*,#5844,.F.);
#5876 = ORIENTED_EDGE('',*,*,#5877,.T.);
#5877 = EDGE_CURVE('',#5836,#5878,#5880,.T.);
#5878 = VERTEX_POINT('',#5879);
#5879 = CARTESIAN_POINT('',(-5.982246295412,1.25,-5.168976622249));
#5880 = LINE('',#5881,#5882);
#5881 = CARTESIAN_POINT('',(-6.152609210648,1.25,-4.806955427372));
#5882 = VECTOR('',#5883,1.);
#5883 = DIRECTION('',(0.42579703633,0.,-0.904818702201));
#5884 = ORIENTED_EDGE('',*,*,#5885,.T.);
#5885 = EDGE_CURVE('',#5878,#5869,#5886,.T.);
#5886 = CIRCLE('',#5887,1.25);
#5887 = AXIS2_PLACEMENT_3D('',#5888,#5889,#5890);
#5888 = CARTESIAN_POINT('',(-5.982246295412,6.7E-16,-5.168976622249));
#5889 = DIRECTION('',(-0.904818702201,0.,-0.42579703633));
#5890 = DIRECTION('',(6.780736543909E-16,1.,-1.440906515581E-15));
#5891 = PLANE('',#5892);
#5892 = AXIS2_PLACEMENT_3D('',#5893,#5894,#5895);
#5893 = CARTESIAN_POINT('',(-6.152609210648,1.25,-4.806955427372));
#5894 = DIRECTION('',(-0.904818702201,-0.,-0.42579703633));
#5895 = DIRECTION('',(0.42579703633,0.,-0.904818702201));
#5896 = ADVANCED_FACE('',(#5897),#5932,.T.);
#5897 = FACE_BOUND('',#5898,.T.);
#5898 = EDGE_LOOP('',(#5899,#5910,#5918,#5926));
#5899 = ORIENTED_EDGE('',*,*,#5900,.T.);
#5900 = EDGE_CURVE('',#5901,#5903,#5905,.T.);
#5901 = VERTEX_POINT('',#5902);
#5902 = CARTESIAN_POINT('',(-5.620318814532,-1.25,-4.998657807717));
#5903 = VERTEX_POINT('',#5904);
#5904 = CARTESIAN_POINT('',(-5.620318814532,1.25,-4.998657807717));
#5905 = CIRCLE('',#5906,1.25);
#5906 = AXIS2_PLACEMENT_3D('',#5907,#5908,#5909);
#5907 = CARTESIAN_POINT('',(-5.620318814532,6.7E-16,-4.998657807717));
#5908 = DIRECTION('',(0.904818702201,-9.860761315263E-32,0.42579703633)
  );
#5909 = DIRECTION('',(9.504815864023E-16,-1.,-2.019773371105E-15));
#5910 = ORIENTED_EDGE('',*,*,#5911,.T.);
#5911 = EDGE_CURVE('',#5903,#5912,#5914,.T.);
#5912 = VERTEX_POINT('',#5913);
#5913 = CARTESIAN_POINT('',(-5.790681729768,1.25,-4.63663661284));
#5914 = LINE('',#5915,#5916);
#5915 = CARTESIAN_POINT('',(-5.620318814532,1.25,-4.998657807717));
#5916 = VECTOR('',#5917,1.);
#5917 = DIRECTION('',(-0.42579703633,0.,0.904818702201));
#5918 = ORIENTED_EDGE('',*,*,#5919,.T.);
#5919 = EDGE_CURVE('',#5912,#5920,#5922,.T.);
#5920 = VERTEX_POINT('',#5921);
#5921 = CARTESIAN_POINT('',(-5.790681729768,-1.25,-4.63663661284));
#5922 = LINE('',#5923,#5924);
#5923 = CARTESIAN_POINT('',(-5.790681729768,1.25,-4.63663661284));
#5924 = VECTOR('',#5925,1.);
#5925 = DIRECTION('',(0.,-1.,0.));
#5926 = ORIENTED_EDGE('',*,*,#5927,.F.);
#5927 = EDGE_CURVE('',#5901,#5920,#5928,.T.);
#5928 = LINE('',#5929,#5930);
#5929 = CARTESIAN_POINT('',(-5.620318814532,-1.25,-4.998657807717));
#5930 = VECTOR('',#5931,1.);
#5931 = DIRECTION('',(-0.42579703633,0.,0.904818702201));
#5932 = PLANE('',#5933);
#5933 = AXIS2_PLACEMENT_3D('',#5934,#5935,#5936);
#5934 = CARTESIAN_POINT('',(-5.08807251912,1.25,-6.129681185468));
#5935 = DIRECTION('',(0.904818702201,0.,0.42579703633));
#5936 = DIRECTION('',(-0.42579703633,0.,0.904818702201));
#5937 = ADVANCED_FACE('',(#5938),#5965,.F.);
#5938 = FACE_BOUND('',#5939,.F.);
#5939 = EDGE_LOOP('',(#5940,#5941,#5950,#5958));
#5940 = ORIENTED_EDGE('',*,*,#5919,.T.);
#5941 = ORIENTED_EDGE('',*,*,#5942,.T.);
#5942 = EDGE_CURVE('',#5920,#5943,#5945,.T.);
#5943 = VERTEX_POINT('',#5944);
#5944 = CARTESIAN_POINT('',(-5.79158101441,-1.25,-4.553443062602));
#5945 = CIRCLE('',#5946,0.1);
#5946 = AXIS2_PLACEMENT_3D('',#5947,#5948,#5949);
#5947 = CARTESIAN_POINT('',(-5.700199859548,-1.25,-4.594056909207));
#5948 = DIRECTION('',(0.,1.,0.));
#5949 = DIRECTION('',(-0.904818702201,0.,-0.42579703633));
#5950 = ORIENTED_EDGE('',*,*,#5951,.F.);
#5951 = EDGE_CURVE('',#5952,#5943,#5954,.T.);
#5952 = VERTEX_POINT('',#5953);
#5953 = CARTESIAN_POINT('',(-5.79158101441,1.25,-4.553443062602));
#5954 = LINE('',#5955,#5956);
#5955 = CARTESIAN_POINT('',(-5.79158101441,1.25,-4.553443062602));
#5956 = VECTOR('',#5957,1.);
#5957 = DIRECTION('',(0.,-1.,0.));
#5958 = ORIENTED_EDGE('',*,*,#5959,.F.);
#5959 = EDGE_CURVE('',#5912,#5952,#5960,.T.);
#5960 = CIRCLE('',#5961,0.1);
#5961 = AXIS2_PLACEMENT_3D('',#5962,#5963,#5964);
#5962 = CARTESIAN_POINT('',(-5.700199859548,1.25,-4.594056909207));
#5963 = DIRECTION('',(0.,1.,0.));
#5964 = DIRECTION('',(-0.904818702201,0.,-0.42579703633));
#5965 = CYLINDRICAL_SURFACE('',#5966,0.1);
#5966 = AXIS2_PLACEMENT_3D('',#5967,#5968,#5969);
#5967 = CARTESIAN_POINT('',(-5.700199859548,1.25,-4.594056909207));
#5968 = DIRECTION('',(-0.,1.,-0.));
#5969 = DIRECTION('',(-0.904818702201,-0.,-0.42579703633));
#5970 = ADVANCED_FACE('',(#5971),#5996,.T.);
#5971 = FACE_BOUND('',#5972,.T.);
#5972 = EDGE_LOOP('',(#5973,#5981,#5989,#5995));
#5973 = ORIENTED_EDGE('',*,*,#5974,.T.);
#5974 = EDGE_CURVE('',#5952,#5975,#5977,.T.);
#5975 = VERTEX_POINT('',#5976);
#5976 = CARTESIAN_POINT('',(-5.49309422569,1.25,-3.881847787982));
#5977 = LINE('',#5978,#5979);
#5978 = CARTESIAN_POINT('',(-5.79158101441,1.25,-4.553443062602));
#5979 = VECTOR('',#5980,1.);
#5980 = DIRECTION('',(0.406138466053,0.,0.91381154862));
#5981 = ORIENTED_EDGE('',*,*,#5982,.T.);
#5982 = EDGE_CURVE('',#5975,#5983,#5985,.T.);
#5983 = VERTEX_POINT('',#5984);
#5984 = CARTESIAN_POINT('',(-5.49309422569,-1.25,-3.881847787982));
#5985 = LINE('',#5986,#5987);
#5986 = CARTESIAN_POINT('',(-5.49309422569,1.25,-3.881847787982));
#5987 = VECTOR('',#5988,1.);
#5988 = DIRECTION('',(0.,-1.,0.));
#5989 = ORIENTED_EDGE('',*,*,#5990,.F.);
#5990 = EDGE_CURVE('',#5943,#5983,#5991,.T.);
#5991 = LINE('',#5992,#5993);
#5992 = CARTESIAN_POINT('',(-5.79158101441,-1.25,-4.553443062602));
#5993 = VECTOR('',#5994,1.);
#5994 = DIRECTION('',(0.406138466053,0.,0.91381154862));
#5995 = ORIENTED_EDGE('',*,*,#5951,.F.);
#5996 = PLANE('',#5997);
#5997 = AXIS2_PLACEMENT_3D('',#5998,#5999,#6000);
#5998 = CARTESIAN_POINT('',(-5.79158101441,1.25,-4.553443062602));
#5999 = DIRECTION('',(0.91381154862,0.,-0.406138466053));
#6000 = DIRECTION('',(0.406138466053,0.,0.91381154862));
#6001 = ADVANCED_FACE('',(#6002),#6020,.T.);
#6002 = FACE_BOUND('',#6003,.T.);
#6003 = EDGE_LOOP('',(#6004,#6011,#6012,#6019));
#6004 = ORIENTED_EDGE('',*,*,#6005,.T.);
#6005 = EDGE_CURVE('',#5975,#4858,#6006,.T.);
#6006 = CIRCLE('',#6007,0.5);
#6007 = AXIS2_PLACEMENT_3D('',#6008,#6009,#6010);
#6008 = CARTESIAN_POINT('',(-5.95,1.25,-3.678778554955));
#6009 = DIRECTION('',(0.,-1.,0.));
#6010 = DIRECTION('',(0.91381154862,0.,-0.406138466053));
#6011 = ORIENTED_EDGE('',*,*,#4855,.F.);
#6012 = ORIENTED_EDGE('',*,*,#6013,.F.);
#6013 = EDGE_CURVE('',#5983,#4856,#6014,.T.);
#6014 = CIRCLE('',#6015,0.5);
#6015 = AXIS2_PLACEMENT_3D('',#6016,#6017,#6018);
#6016 = CARTESIAN_POINT('',(-5.95,-1.25,-3.678778554955));
#6017 = DIRECTION('',(0.,-1.,0.));
#6018 = DIRECTION('',(0.91381154862,0.,-0.406138466053));
#6019 = ORIENTED_EDGE('',*,*,#5982,.F.);
#6020 = CYLINDRICAL_SURFACE('',#6021,0.5);
#6021 = AXIS2_PLACEMENT_3D('',#6022,#6023,#6024);
#6022 = CARTESIAN_POINT('',(-5.95,1.25,-3.678778554955));
#6023 = DIRECTION('',(0.,-1.,0.));
#6024 = DIRECTION('',(0.91381154862,0.,-0.406138466053));
#6025 = ADVANCED_FACE('',(#6026),#6042,.T.);
#6026 = FACE_BOUND('',#6027,.T.);
#6027 = EDGE_LOOP('',(#6028,#6034,#6035,#6041));
#6028 = ORIENTED_EDGE('',*,*,#6029,.T.);
#6029 = EDGE_CURVE('',#5869,#5901,#6030,.T.);
#6030 = LINE('',#6031,#6032);
#6031 = CARTESIAN_POINT('',(-5.982246295412,-1.25,-5.168976622249));
#6032 = VECTOR('',#6033,1.);
#6033 = DIRECTION('',(0.904818702201,0.,0.42579703633));
#6034 = ORIENTED_EDGE('',*,*,#5927,.T.);
#6035 = ORIENTED_EDGE('',*,*,#6036,.T.);
#6036 = EDGE_CURVE('',#5920,#5845,#6037,.T.);
#6037 = LINE('',#6038,#6039);
#6038 = CARTESIAN_POINT('',(-5.790681729768,-1.25,-4.63663661284));
#6039 = VECTOR('',#6040,1.);
#6040 = DIRECTION('',(-0.904818702201,0.,-0.42579703633));
#6041 = ORIENTED_EDGE('',*,*,#5868,.T.);
#6042 = PLANE('',#6043);
#6043 = AXIS2_PLACEMENT_3D('',#6044,#6045,#6046);
#6044 = CARTESIAN_POINT('',(-5.85,-1.25,-3.7));
#6045 = DIRECTION('',(0.,-1.,-0.));
#6046 = DIRECTION('',(-1.,0.,-8.3E-16));
#6047 = ADVANCED_FACE('',(#6048),#6064,.F.);
#6048 = FACE_BOUND('',#6049,.T.);
#6049 = EDGE_LOOP('',(#6050,#6056,#6057,#6063));
#6050 = ORIENTED_EDGE('',*,*,#6051,.T.);
#6051 = EDGE_CURVE('',#5912,#5836,#6052,.T.);
#6052 = LINE('',#6053,#6054);
#6053 = CARTESIAN_POINT('',(-5.790681729768,1.25,-4.63663661284));
#6054 = VECTOR('',#6055,1.);
#6055 = DIRECTION('',(-0.904818702201,0.,-0.42579703633));
#6056 = ORIENTED_EDGE('',*,*,#5835,.F.);
#6057 = ORIENTED_EDGE('',*,*,#6058,.T.);
#6058 = EDGE_CURVE('',#5805,#5952,#6059,.T.);
#6059 = LINE('',#6060,#6061);
#6060 = CARTESIAN_POINT('',(-6.157105633858,1.25,-4.390987676181));
#6061 = VECTOR('',#6062,1.);
#6062 = DIRECTION('',(0.91381154862,0.,-0.406138466053));
#6063 = ORIENTED_EDGE('',*,*,#5959,.F.);
#6064 = PLANE('',#6065);
#6065 = AXIS2_PLACEMENT_3D('',#6066,#6067,#6068);
#6066 = CARTESIAN_POINT('',(-5.85,1.25,-3.7));
#6067 = DIRECTION('',(0.,-1.,-0.));
#6068 = DIRECTION('',(-1.,0.,-8.3E-16));
#6069 = ADVANCED_FACE('',(#6070),#6081,.F.);
#6070 = FACE_BOUND('',#6071,.T.);
#6071 = EDGE_LOOP('',(#6072,#6078,#6079,#6080));
#6072 = ORIENTED_EDGE('',*,*,#6073,.F.);
#6073 = EDGE_CURVE('',#5878,#5903,#6074,.T.);
#6074 = LINE('',#6075,#6076);
#6075 = CARTESIAN_POINT('',(-5.982246295412,1.25,-5.168976622249));
#6076 = VECTOR('',#6077,1.);
#6077 = DIRECTION('',(0.904818702201,0.,0.42579703633));
#6078 = ORIENTED_EDGE('',*,*,#5877,.F.);
#6079 = ORIENTED_EDGE('',*,*,#6051,.F.);
#6080 = ORIENTED_EDGE('',*,*,#5911,.F.);
#6081 = PLANE('',#6082);
#6082 = AXIS2_PLACEMENT_3D('',#6083,#6084,#6085);
#6083 = CARTESIAN_POINT('',(-5.85,1.25,-3.7));
#6084 = DIRECTION('',(0.,-1.,-0.));
#6085 = DIRECTION('',(-1.,0.,-8.3E-16));
#6086 = ADVANCED_FACE('',(#6087),#6098,.F.);
#6087 = FACE_BOUND('',#6088,.T.);
#6088 = EDGE_LOOP('',(#6089,#6090,#6091,#6097));
#6089 = ORIENTED_EDGE('',*,*,#6058,.F.);
#6090 = ORIENTED_EDGE('',*,*,#5804,.F.);
#6091 = ORIENTED_EDGE('',*,*,#6092,.F.);
#6092 = EDGE_CURVE('',#5975,#5782,#6093,.T.);
#6093 = LINE('',#6094,#6095);
#6094 = CARTESIAN_POINT('',(-5.49309422569,1.25,-3.881847787982));
#6095 = VECTOR('',#6096,1.);
#6096 = DIRECTION('',(-0.91381154862,0.,0.406138466053));
#6097 = ORIENTED_EDGE('',*,*,#5974,.F.);
#6098 = PLANE('',#6099);
#6099 = AXIS2_PLACEMENT_3D('',#6100,#6101,#6102);
#6100 = CARTESIAN_POINT('',(-5.85,1.25,-3.7));
#6101 = DIRECTION('',(0.,-1.,-0.));
#6102 = DIRECTION('',(-1.,0.,-8.3E-16));
#6103 = ADVANCED_FACE('',(#6104),#6110,.F.);
#6104 = FACE_BOUND('',#6105,.T.);
#6105 = EDGE_LOOP('',(#6106,#6107,#6108,#6109));
#6106 = ORIENTED_EDGE('',*,*,#6092,.T.);
#6107 = ORIENTED_EDGE('',*,*,#5789,.F.);
#6108 = ORIENTED_EDGE('',*,*,#5053,.F.);
#6109 = ORIENTED_EDGE('',*,*,#6005,.F.);
#6110 = PLANE('',#6111);
#6111 = AXIS2_PLACEMENT_3D('',#6112,#6113,#6114);
#6112 = CARTESIAN_POINT('',(-5.85,1.25,-3.7));
#6113 = DIRECTION('',(0.,-1.,-0.));
#6114 = DIRECTION('',(-1.,0.,-8.3E-16));
#6115 = ADVANCED_FACE('',(#6116),#6127,.T.);
#6116 = FACE_BOUND('',#6117,.T.);
#6117 = EDGE_LOOP('',(#6118,#6119,#6120,#6126));
#6118 = ORIENTED_EDGE('',*,*,#6036,.F.);
#6119 = ORIENTED_EDGE('',*,*,#5942,.T.);
#6120 = ORIENTED_EDGE('',*,*,#6121,.F.);
#6121 = EDGE_CURVE('',#5813,#5943,#6122,.T.);
#6122 = LINE('',#6123,#6124);
#6123 = CARTESIAN_POINT('',(-6.157105633858,-1.25,-4.390987676181));
#6124 = VECTOR('',#6125,1.);
#6125 = DIRECTION('',(0.91381154862,0.,-0.406138466053));
#6126 = ORIENTED_EDGE('',*,*,#5852,.T.);
#6127 = PLANE('',#6128);
#6128 = AXIS2_PLACEMENT_3D('',#6129,#6130,#6131);
#6129 = CARTESIAN_POINT('',(-5.85,-1.25,-3.7));
#6130 = DIRECTION('',(0.,-1.,-0.));
#6131 = DIRECTION('',(-1.,0.,-8.3E-16));
#6132 = ADVANCED_FACE('',(#6133),#6144,.T.);
#6133 = FACE_BOUND('',#6134,.T.);
#6134 = EDGE_LOOP('',(#6135,#6136,#6137,#6143));
#6135 = ORIENTED_EDGE('',*,*,#6121,.T.);
#6136 = ORIENTED_EDGE('',*,*,#5990,.T.);
#6137 = ORIENTED_EDGE('',*,*,#6138,.T.);
#6138 = EDGE_CURVE('',#5983,#5773,#6139,.T.);
#6139 = LINE('',#6140,#6141);
#6140 = CARTESIAN_POINT('',(-5.49309422569,-1.25,-3.881847787982));
#6141 = VECTOR('',#6142,1.);
#6142 = DIRECTION('',(-0.91381154862,0.,0.406138466053));
#6143 = ORIENTED_EDGE('',*,*,#5820,.T.);
#6144 = PLANE('',#6145);
#6145 = AXIS2_PLACEMENT_3D('',#6146,#6147,#6148);
#6146 = CARTESIAN_POINT('',(-5.85,-1.25,-3.7));
#6147 = DIRECTION('',(0.,-1.,-0.));
#6148 = DIRECTION('',(-1.,0.,-8.3E-16));
#6149 = ADVANCED_FACE('',(#6150),#6156,.T.);
#6150 = FACE_BOUND('',#6151,.T.);
#6151 = EDGE_LOOP('',(#6152,#6153,#6154,#6155));
#6152 = ORIENTED_EDGE('',*,*,#6138,.F.);
#6153 = ORIENTED_EDGE('',*,*,#6013,.T.);
#6154 = ORIENTED_EDGE('',*,*,#5031,.F.);
#6155 = ORIENTED_EDGE('',*,*,#5772,.T.);
#6156 = PLANE('',#6157);
#6157 = AXIS2_PLACEMENT_3D('',#6158,#6159,#6160);
#6158 = CARTESIAN_POINT('',(-5.85,-1.25,-3.7));
#6159 = DIRECTION('',(0.,-1.,-0.));
#6160 = DIRECTION('',(-1.,0.,-8.3E-16));
#6161 = ADVANCED_FACE('',(#6162,#6296),#6332,.T.);
#6162 = FACE_BOUND('',#6163,.T.);
#6163 = EDGE_LOOP('',(#6164,#6174,#6182,#6190,#6198,#6207,#6215,#6224,
    #6232,#6240,#6248,#6257,#6265,#6274,#6282,#6290));
#6164 = ORIENTED_EDGE('',*,*,#6165,.T.);
#6165 = EDGE_CURVE('',#6166,#6168,#6170,.T.);
#6166 = VERTEX_POINT('',#6167);
#6167 = CARTESIAN_POINT('',(5.85,-1.25,-3.678778554955));
#6168 = VERTEX_POINT('',#6169);
#6169 = CARTESIAN_POINT('',(5.85,1.25,-3.678778554955));
#6170 = LINE('',#6171,#6172);
#6171 = CARTESIAN_POINT('',(5.85,-1.25,-3.678778554955));
#6172 = VECTOR('',#6173,1.);
#6173 = DIRECTION('',(0.,1.,0.));
#6174 = ORIENTED_EDGE('',*,*,#6175,.F.);
#6175 = EDGE_CURVE('',#6176,#6168,#6178,.T.);
#6176 = VERTEX_POINT('',#6177);
#6177 = CARTESIAN_POINT('',(5.85,1.25,-1.9));
#6178 = LINE('',#6179,#6180);
#6179 = CARTESIAN_POINT('',(5.85,1.25,-1.9));
#6180 = VECTOR('',#6181,1.);
#6181 = DIRECTION('',(-1.E-15,0.,-1.));
#6182 = ORIENTED_EDGE('',*,*,#6183,.F.);
#6183 = EDGE_CURVE('',#6184,#6176,#6186,.T.);
#6184 = VERTEX_POINT('',#6185);
#6185 = CARTESIAN_POINT('',(5.85,2.4,-1.9));
#6186 = LINE('',#6187,#6188);
#6187 = CARTESIAN_POINT('',(5.85,2.4,-1.9));
#6188 = VECTOR('',#6189,1.);
#6189 = DIRECTION('',(0.,-1.,0.));
#6190 = ORIENTED_EDGE('',*,*,#6191,.F.);
#6191 = EDGE_CURVE('',#6192,#6184,#6194,.T.);
#6192 = VERTEX_POINT('',#6193);
#6193 = CARTESIAN_POINT('',(5.85,2.4,-2.2));
#6194 = LINE('',#6195,#6196);
#6195 = CARTESIAN_POINT('',(5.85,2.4,-2.2));
#6196 = VECTOR('',#6197,1.);
#6197 = DIRECTION('',(2.96E-15,0.,1.));
#6198 = ORIENTED_EDGE('',*,*,#6199,.T.);
#6199 = EDGE_CURVE('',#6192,#6200,#6202,.T.);
#6200 = VERTEX_POINT('',#6201);
#6201 = CARTESIAN_POINT('',(5.85,2.6,-2.4));
#6202 = CIRCLE('',#6203,0.2);
#6203 = AXIS2_PLACEMENT_3D('',#6204,#6205,#6206);
#6204 = CARTESIAN_POINT('',(5.85,2.4,-2.4));
#6205 = DIRECTION('',(-1.,0.,8.3E-16));
#6206 = DIRECTION('',(8.3E-16,0.,1.));
#6207 = ORIENTED_EDGE('',*,*,#6208,.F.);
#6208 = EDGE_CURVE('',#6209,#6200,#6211,.T.);
#6209 = VERTEX_POINT('',#6210);
#6210 = CARTESIAN_POINT('',(5.85,4.3,-2.4));
#6211 = LINE('',#6212,#6213);
#6212 = CARTESIAN_POINT('',(5.85,4.3,-2.4));
#6213 = VECTOR('',#6214,1.);
#6214 = DIRECTION('',(0.,-1.,0.));
#6215 = ORIENTED_EDGE('',*,*,#6216,.T.);
#6216 = EDGE_CURVE('',#6209,#6217,#6219,.T.);
#6217 = VERTEX_POINT('',#6218);
#6218 = CARTESIAN_POINT('',(5.85,4.5,-2.2));
#6219 = CIRCLE('',#6220,0.2);
#6220 = AXIS2_PLACEMENT_3D('',#6221,#6222,#6223);
#6221 = CARTESIAN_POINT('',(5.85,4.5,-2.4));
#6222 = DIRECTION('',(-1.,0.,8.3E-16));
#6223 = DIRECTION('',(0.,-1.,0.));
#6224 = ORIENTED_EDGE('',*,*,#6225,.T.);
#6225 = EDGE_CURVE('',#6217,#6226,#6228,.T.);
#6226 = VERTEX_POINT('',#6227);
#6227 = CARTESIAN_POINT('',(5.85,4.5,1.299));
#6228 = LINE('',#6229,#6230);
#6229 = CARTESIAN_POINT('',(5.85,4.5,-2.2));
#6230 = VECTOR('',#6231,1.);
#6231 = DIRECTION('',(7.6E-16,0.,1.));
#6232 = ORIENTED_EDGE('',*,*,#6233,.T.);
#6233 = EDGE_CURVE('',#6226,#6234,#6236,.T.);
#6234 = VERTEX_POINT('',#6235);
#6235 = CARTESIAN_POINT('',(5.85,-4.5,1.299));
#6236 = LINE('',#6237,#6238);
#6237 = CARTESIAN_POINT('',(5.85,4.5,1.299));
#6238 = VECTOR('',#6239,1.);
#6239 = DIRECTION('',(0.,-1.,0.));
#6240 = ORIENTED_EDGE('',*,*,#6241,.T.);
#6241 = EDGE_CURVE('',#6234,#6242,#6244,.T.);
#6242 = VERTEX_POINT('',#6243);
#6243 = CARTESIAN_POINT('',(5.85,-4.5,-2.2));
#6244 = LINE('',#6245,#6246);
#6245 = CARTESIAN_POINT('',(5.85,-4.5,1.299));
#6246 = VECTOR('',#6247,1.);
#6247 = DIRECTION('',(-7.6E-16,0.,-1.));
#6248 = ORIENTED_EDGE('',*,*,#6249,.T.);
#6249 = EDGE_CURVE('',#6242,#6250,#6252,.T.);
#6250 = VERTEX_POINT('',#6251);
#6251 = CARTESIAN_POINT('',(5.85,-4.3,-2.4));
#6252 = CIRCLE('',#6253,0.2);
#6253 = AXIS2_PLACEMENT_3D('',#6254,#6255,#6256);
#6254 = CARTESIAN_POINT('',(5.85,-4.5,-2.4));
#6255 = DIRECTION('',(-1.,0.,8.3E-16));
#6256 = DIRECTION('',(8.3E-16,0.,1.));
#6257 = ORIENTED_EDGE('',*,*,#6258,.F.);
#6258 = EDGE_CURVE('',#6259,#6250,#6261,.T.);
#6259 = VERTEX_POINT('',#6260);
#6260 = CARTESIAN_POINT('',(5.85,-2.6,-2.4));
#6261 = LINE('',#6262,#6263);
#6262 = CARTESIAN_POINT('',(5.85,-2.6,-2.4));
#6263 = VECTOR('',#6264,1.);
#6264 = DIRECTION('',(0.,-1.,-2.09E-15));
#6265 = ORIENTED_EDGE('',*,*,#6266,.T.);
#6266 = EDGE_CURVE('',#6259,#6267,#6269,.T.);
#6267 = VERTEX_POINT('',#6268);
#6268 = CARTESIAN_POINT('',(5.85,-2.4,-2.2));
#6269 = CIRCLE('',#6270,0.2);
#6270 = AXIS2_PLACEMENT_3D('',#6271,#6272,#6273);
#6271 = CARTESIAN_POINT('',(5.85,-2.4,-2.4));
#6272 = DIRECTION('',(-1.,0.,8.3E-16));
#6273 = DIRECTION('',(7.3704E-30,-1.,8.88E-15));
#6274 = ORIENTED_EDGE('',*,*,#6275,.F.);
#6275 = EDGE_CURVE('',#6276,#6267,#6278,.T.);
#6276 = VERTEX_POINT('',#6277);
#6277 = CARTESIAN_POINT('',(5.85,-2.4,-1.9));
#6278 = LINE('',#6279,#6280);
#6279 = CARTESIAN_POINT('',(5.85,-2.4,-1.9));
#6280 = VECTOR('',#6281,1.);
#6281 = DIRECTION('',(-2.96E-15,0.,-1.));
#6282 = ORIENTED_EDGE('',*,*,#6283,.F.);
#6283 = EDGE_CURVE('',#6284,#6276,#6286,.T.);
#6284 = VERTEX_POINT('',#6285);
#6285 = CARTESIAN_POINT('',(5.85,-1.25,-1.9));
#6286 = LINE('',#6287,#6288);
#6287 = CARTESIAN_POINT('',(5.85,-1.25,-1.9));
#6288 = VECTOR('',#6289,1.);
#6289 = DIRECTION('',(0.,-1.,0.));
#6290 = ORIENTED_EDGE('',*,*,#6291,.F.);
#6291 = EDGE_CURVE('',#6166,#6284,#6292,.T.);
#6292 = LINE('',#6293,#6294);
#6293 = CARTESIAN_POINT('',(5.85,-1.25,-3.678778554955));
#6294 = VECTOR('',#6295,1.);
#6295 = DIRECTION('',(1.E-15,-1.2E-16,1.));
#6296 = FACE_BOUND('',#6297,.T.);
#6297 = EDGE_LOOP('',(#6298,#6308,#6317,#6325));
#6298 = ORIENTED_EDGE('',*,*,#6299,.F.);
#6299 = EDGE_CURVE('',#6300,#6302,#6304,.T.);
#6300 = VERTEX_POINT('',#6301);
#6301 = CARTESIAN_POINT('',(5.85,-1.25,-1.123743686708));
#6302 = VERTEX_POINT('',#6303);
#6303 = CARTESIAN_POINT('',(5.85,1.25,-1.123743686708));
#6304 = LINE('',#6305,#6306);
#6305 = CARTESIAN_POINT('',(5.85,-1.25,-1.123743686708));
#6306 = VECTOR('',#6307,1.);
#6307 = DIRECTION('',(0.,1.,0.));
#6308 = ORIENTED_EDGE('',*,*,#6309,.F.);
#6309 = EDGE_CURVE('',#6310,#6300,#6312,.T.);
#6310 = VERTEX_POINT('',#6311);
#6311 = CARTESIAN_POINT('',(5.85,-1.25,0.323743686708));
#6312 = CIRCLE('',#6313,0.723743686708);
#6313 = AXIS2_PLACEMENT_3D('',#6314,#6315,#6316);
#6314 = CARTESIAN_POINT('',(5.85,-1.25,-0.4));
#6315 = DIRECTION('',(1.,0.,-8.3E-16));
#6316 = DIRECTION('',(8.3E-16,3.1E-16,1.));
#6317 = ORIENTED_EDGE('',*,*,#6318,.F.);
#6318 = EDGE_CURVE('',#6319,#6310,#6321,.T.);
#6319 = VERTEX_POINT('',#6320);
#6320 = CARTESIAN_POINT('',(5.85,1.25,0.323743686708));
#6321 = LINE('',#6322,#6323);
#6322 = CARTESIAN_POINT('',(5.85,1.25,0.323743686708));
#6323 = VECTOR('',#6324,1.);
#6324 = DIRECTION('',(0.,-1.,0.));
#6325 = ORIENTED_EDGE('',*,*,#6326,.F.);
#6326 = EDGE_CURVE('',#6302,#6319,#6327,.T.);
#6327 = CIRCLE('',#6328,0.723743686708);
#6328 = AXIS2_PLACEMENT_3D('',#6329,#6330,#6331);
#6329 = CARTESIAN_POINT('',(5.85,1.25,-0.4));
#6330 = DIRECTION('',(1.,0.,-8.3E-16));
#6331 = DIRECTION('',(-8.3E-16,-3.1E-16,-1.));
#6332 = PLANE('',#6333);
#6333 = AXIS2_PLACEMENT_3D('',#6334,#6335,#6336);
#6334 = CARTESIAN_POINT('',(5.85,0.,7.000898208614));
#6335 = DIRECTION('',(1.,0.,-8.3E-16));
#6336 = DIRECTION('',(-8.3E-16,0.,-1.));
#6337 = ADVANCED_FACE('',(#6338,#6472),#6508,.F.);
#6338 = FACE_BOUND('',#6339,.T.);
#6339 = EDGE_LOOP('',(#6340,#6350,#6358,#6366,#6374,#6383,#6391,#6400,
    #6408,#6416,#6424,#6433,#6441,#6450,#6458,#6466));
#6340 = ORIENTED_EDGE('',*,*,#6341,.T.);
#6341 = EDGE_CURVE('',#6342,#6344,#6346,.T.);
#6342 = VERTEX_POINT('',#6343);
#6343 = CARTESIAN_POINT('',(5.45,1.25,-3.678778554955));
#6344 = VERTEX_POINT('',#6345);
#6345 = CARTESIAN_POINT('',(5.45,-1.25,-3.678778554955));
#6346 = LINE('',#6347,#6348);
#6347 = CARTESIAN_POINT('',(5.45,1.25,-3.678778554955));
#6348 = VECTOR('',#6349,1.);
#6349 = DIRECTION('',(0.,-1.,0.));
#6350 = ORIENTED_EDGE('',*,*,#6351,.T.);
#6351 = EDGE_CURVE('',#6344,#6352,#6354,.T.);
#6352 = VERTEX_POINT('',#6353);
#6353 = CARTESIAN_POINT('',(5.45,-1.25,-1.9));
#6354 = LINE('',#6355,#6356);
#6355 = CARTESIAN_POINT('',(5.45,-1.25,-3.678778554955));
#6356 = VECTOR('',#6357,1.);
#6357 = DIRECTION('',(1.E-15,-1.2E-16,1.));
#6358 = ORIENTED_EDGE('',*,*,#6359,.T.);
#6359 = EDGE_CURVE('',#6352,#6360,#6362,.T.);
#6360 = VERTEX_POINT('',#6361);
#6361 = CARTESIAN_POINT('',(5.45,-2.4,-1.9));
#6362 = LINE('',#6363,#6364);
#6363 = CARTESIAN_POINT('',(5.45,-1.25,-1.9));
#6364 = VECTOR('',#6365,1.);
#6365 = DIRECTION('',(0.,-1.,0.));
#6366 = ORIENTED_EDGE('',*,*,#6367,.T.);
#6367 = EDGE_CURVE('',#6360,#6368,#6370,.T.);
#6368 = VERTEX_POINT('',#6369);
#6369 = CARTESIAN_POINT('',(5.45,-2.4,-2.2));
#6370 = LINE('',#6371,#6372);
#6371 = CARTESIAN_POINT('',(5.45,-2.4,-1.9));
#6372 = VECTOR('',#6373,1.);
#6373 = DIRECTION('',(-2.96E-15,0.,-1.));
#6374 = ORIENTED_EDGE('',*,*,#6375,.F.);
#6375 = EDGE_CURVE('',#6376,#6368,#6378,.T.);
#6376 = VERTEX_POINT('',#6377);
#6377 = CARTESIAN_POINT('',(5.45,-2.6,-2.4));
#6378 = CIRCLE('',#6379,0.2);
#6379 = AXIS2_PLACEMENT_3D('',#6380,#6381,#6382);
#6380 = CARTESIAN_POINT('',(5.45,-2.4,-2.4));
#6381 = DIRECTION('',(-1.,0.,8.3E-16));
#6382 = DIRECTION('',(0.,-1.,0.));
#6383 = ORIENTED_EDGE('',*,*,#6384,.T.);
#6384 = EDGE_CURVE('',#6376,#6385,#6387,.T.);
#6385 = VERTEX_POINT('',#6386);
#6386 = CARTESIAN_POINT('',(5.45,-4.3,-2.4));
#6387 = LINE('',#6388,#6389);
#6388 = CARTESIAN_POINT('',(5.45,-2.6,-2.4));
#6389 = VECTOR('',#6390,1.);
#6390 = DIRECTION('',(0.,-1.,-1.04E-15));
#6391 = ORIENTED_EDGE('',*,*,#6392,.F.);
#6392 = EDGE_CURVE('',#6393,#6385,#6395,.T.);
#6393 = VERTEX_POINT('',#6394);
#6394 = CARTESIAN_POINT('',(5.45,-4.5,-2.2));
#6395 = CIRCLE('',#6396,0.2);
#6396 = AXIS2_PLACEMENT_3D('',#6397,#6398,#6399);
#6397 = CARTESIAN_POINT('',(5.45,-4.5,-2.4));
#6398 = DIRECTION('',(-1.,0.,8.3E-16));
#6399 = DIRECTION('',(8.3E-16,0.,1.));
#6400 = ORIENTED_EDGE('',*,*,#6401,.F.);
#6401 = EDGE_CURVE('',#6402,#6393,#6404,.T.);
#6402 = VERTEX_POINT('',#6403);
#6403 = CARTESIAN_POINT('',(5.45,-4.5,1.299));
#6404 = LINE('',#6405,#6406);
#6405 = CARTESIAN_POINT('',(5.45,-4.5,1.299));
#6406 = VECTOR('',#6407,1.);
#6407 = DIRECTION('',(-7.6E-16,0.,-1.));
#6408 = ORIENTED_EDGE('',*,*,#6409,.F.);
#6409 = EDGE_CURVE('',#6410,#6402,#6412,.T.);
#6410 = VERTEX_POINT('',#6411);
#6411 = CARTESIAN_POINT('',(5.45,4.5,1.299));
#6412 = LINE('',#6413,#6414);
#6413 = CARTESIAN_POINT('',(5.45,4.5,1.299));
#6414 = VECTOR('',#6415,1.);
#6415 = DIRECTION('',(0.,-1.,0.));
#6416 = ORIENTED_EDGE('',*,*,#6417,.F.);
#6417 = EDGE_CURVE('',#6418,#6410,#6420,.T.);
#6418 = VERTEX_POINT('',#6419);
#6419 = CARTESIAN_POINT('',(5.45,4.5,-2.2));
#6420 = LINE('',#6421,#6422);
#6421 = CARTESIAN_POINT('',(5.45,4.5,-2.2));
#6422 = VECTOR('',#6423,1.);
#6423 = DIRECTION('',(7.6E-16,0.,1.));
#6424 = ORIENTED_EDGE('',*,*,#6425,.F.);
#6425 = EDGE_CURVE('',#6426,#6418,#6428,.T.);
#6426 = VERTEX_POINT('',#6427);
#6427 = CARTESIAN_POINT('',(5.45,4.3,-2.4));
#6428 = CIRCLE('',#6429,0.2);
#6429 = AXIS2_PLACEMENT_3D('',#6430,#6431,#6432);
#6430 = CARTESIAN_POINT('',(5.45,4.5,-2.4));
#6431 = DIRECTION('',(-1.,0.,8.3E-16));
#6432 = DIRECTION('',(0.,-1.,0.));
#6433 = ORIENTED_EDGE('',*,*,#6434,.T.);
#6434 = EDGE_CURVE('',#6426,#6435,#6437,.T.);
#6435 = VERTEX_POINT('',#6436);
#6436 = CARTESIAN_POINT('',(5.45,2.6,-2.4));
#6437 = LINE('',#6438,#6439);
#6438 = CARTESIAN_POINT('',(5.45,4.3,-2.4));
#6439 = VECTOR('',#6440,1.);
#6440 = DIRECTION('',(0.,-1.,-1.04E-15));
#6441 = ORIENTED_EDGE('',*,*,#6442,.F.);
#6442 = EDGE_CURVE('',#6443,#6435,#6445,.T.);
#6443 = VERTEX_POINT('',#6444);
#6444 = CARTESIAN_POINT('',(5.45,2.4,-2.2));
#6445 = CIRCLE('',#6446,0.2);
#6446 = AXIS2_PLACEMENT_3D('',#6447,#6448,#6449);
#6447 = CARTESIAN_POINT('',(5.45,2.4,-2.4));
#6448 = DIRECTION('',(-1.,0.,8.3E-16));
#6449 = DIRECTION('',(8.3E-16,0.,1.));
#6450 = ORIENTED_EDGE('',*,*,#6451,.T.);
#6451 = EDGE_CURVE('',#6443,#6452,#6454,.T.);
#6452 = VERTEX_POINT('',#6453);
#6453 = CARTESIAN_POINT('',(5.45,2.4,-1.9));
#6454 = LINE('',#6455,#6456);
#6455 = CARTESIAN_POINT('',(5.45,2.4,-2.2));
#6456 = VECTOR('',#6457,1.);
#6457 = DIRECTION('',(2.96E-15,0.,1.));
#6458 = ORIENTED_EDGE('',*,*,#6459,.T.);
#6459 = EDGE_CURVE('',#6452,#6460,#6462,.T.);
#6460 = VERTEX_POINT('',#6461);
#6461 = CARTESIAN_POINT('',(5.45,1.25,-1.9));
#6462 = LINE('',#6463,#6464);
#6463 = CARTESIAN_POINT('',(5.45,2.4,-1.9));
#6464 = VECTOR('',#6465,1.);
#6465 = DIRECTION('',(0.,-1.,0.));
#6466 = ORIENTED_EDGE('',*,*,#6467,.T.);
#6467 = EDGE_CURVE('',#6460,#6342,#6468,.T.);
#6468 = LINE('',#6469,#6470);
#6469 = CARTESIAN_POINT('',(5.45,1.25,-1.9));
#6470 = VECTOR('',#6471,1.);
#6471 = DIRECTION('',(-1.E-15,0.,-1.));
#6472 = FACE_BOUND('',#6473,.T.);
#6473 = EDGE_LOOP('',(#6474,#6485,#6493,#6502));
#6474 = ORIENTED_EDGE('',*,*,#6475,.T.);
#6475 = EDGE_CURVE('',#6476,#6478,#6480,.T.);
#6476 = VERTEX_POINT('',#6477);
#6477 = CARTESIAN_POINT('',(5.45,1.25,-0.890900974233));
#6478 = VERTEX_POINT('',#6479);
#6479 = CARTESIAN_POINT('',(5.45,1.25,9.090097423302E-02));
#6480 = CIRCLE('',#6481,0.490900974233);
#6481 = AXIS2_PLACEMENT_3D('',#6482,#6483,#6484);
#6482 = CARTESIAN_POINT('',(5.45,1.25,-0.4));
#6483 = DIRECTION('',(1.,0.,-8.3E-16));
#6484 = DIRECTION('',(-8.3E-16,0.,-1.));
#6485 = ORIENTED_EDGE('',*,*,#6486,.T.);
#6486 = EDGE_CURVE('',#6478,#6487,#6489,.T.);
#6487 = VERTEX_POINT('',#6488);
#6488 = CARTESIAN_POINT('',(5.45,-1.25,9.090097423302E-02));
#6489 = LINE('',#6490,#6491);
#6490 = CARTESIAN_POINT('',(5.45,1.25,9.090097423302E-02));
#6491 = VECTOR('',#6492,1.);
#6492 = DIRECTION('',(0.,-1.,-4.E-17));
#6493 = ORIENTED_EDGE('',*,*,#6494,.T.);
#6494 = EDGE_CURVE('',#6487,#6495,#6497,.T.);
#6495 = VERTEX_POINT('',#6496);
#6496 = CARTESIAN_POINT('',(5.45,-1.25,-0.890900974233));
#6497 = CIRCLE('',#6498,0.490900974233);
#6498 = AXIS2_PLACEMENT_3D('',#6499,#6500,#6501);
#6499 = CARTESIAN_POINT('',(5.45,-1.25,-0.4));
#6500 = DIRECTION('',(1.,0.,-8.3E-16));
#6501 = DIRECTION('',(8.3E-16,4.5E-16,1.));
#6502 = ORIENTED_EDGE('',*,*,#6503,.T.);
#6503 = EDGE_CURVE('',#6495,#6476,#6504,.T.);
#6504 = LINE('',#6505,#6506);
#6505 = CARTESIAN_POINT('',(5.45,-1.25,-0.890900974233));
#6506 = VECTOR('',#6507,1.);
#6507 = DIRECTION('',(0.,1.,1.3E-16));
#6508 = PLANE('',#6509);
#6509 = AXIS2_PLACEMENT_3D('',#6510,#6511,#6512);
#6510 = CARTESIAN_POINT('',(5.45,0.,7.000898208614));
#6511 = DIRECTION('',(1.,0.,-8.3E-16));
#6512 = DIRECTION('',(-8.3E-16,0.,-1.));
#6513 = ADVANCED_FACE('',(#6514),#6530,.F.);
#6514 = FACE_BOUND('',#6515,.T.);
#6515 = EDGE_LOOP('',(#6516,#6522,#6523,#6529));
#6516 = ORIENTED_EDGE('',*,*,#6517,.T.);
#6517 = EDGE_CURVE('',#6168,#6342,#6518,.T.);
#6518 = LINE('',#6519,#6520);
#6519 = CARTESIAN_POINT('',(5.85,1.25,-3.678778554955));
#6520 = VECTOR('',#6521,1.);
#6521 = DIRECTION('',(-1.,0.,0.));
#6522 = ORIENTED_EDGE('',*,*,#6467,.F.);
#6523 = ORIENTED_EDGE('',*,*,#6524,.F.);
#6524 = EDGE_CURVE('',#6176,#6460,#6525,.T.);
#6525 = LINE('',#6526,#6527);
#6526 = CARTESIAN_POINT('',(5.85,1.25,-1.9));
#6527 = VECTOR('',#6528,1.);
#6528 = DIRECTION('',(-1.,0.,0.));
#6529 = ORIENTED_EDGE('',*,*,#6175,.T.);
#6530 = PLANE('',#6531);
#6531 = AXIS2_PLACEMENT_3D('',#6532,#6533,#6534);
#6532 = CARTESIAN_POINT('',(5.85,1.25,-3.7));
#6533 = DIRECTION('',(0.,-1.,0.));
#6534 = DIRECTION('',(0.,0.,1.));
#6535 = ADVANCED_FACE('',(#6536),#6552,.F.);
#6536 = FACE_BOUND('',#6537,.T.);
#6537 = EDGE_LOOP('',(#6538,#6544,#6545,#6551));
#6538 = ORIENTED_EDGE('',*,*,#6539,.T.);
#6539 = EDGE_CURVE('',#6344,#6166,#6540,.T.);
#6540 = LINE('',#6541,#6542);
#6541 = CARTESIAN_POINT('',(5.45,-1.25,-3.678778554955));
#6542 = VECTOR('',#6543,1.);
#6543 = DIRECTION('',(1.,0.,0.));
#6544 = ORIENTED_EDGE('',*,*,#6291,.T.);
#6545 = ORIENTED_EDGE('',*,*,#6546,.T.);
#6546 = EDGE_CURVE('',#6284,#6352,#6547,.T.);
#6547 = LINE('',#6548,#6549);
#6548 = CARTESIAN_POINT('',(5.85,-1.25,-1.9));
#6549 = VECTOR('',#6550,1.);
#6550 = DIRECTION('',(-1.,0.,0.));
#6551 = ORIENTED_EDGE('',*,*,#6351,.F.);
#6552 = PLANE('',#6553);
#6553 = AXIS2_PLACEMENT_3D('',#6554,#6555,#6556);
#6554 = CARTESIAN_POINT('',(5.85,-1.25,-1.9));
#6555 = DIRECTION('',(0.,1.,1.2E-16));
#6556 = DIRECTION('',(0.,1.2E-16,-1.));
#6557 = ADVANCED_FACE('',(#6558),#6569,.F.);
#6558 = FACE_BOUND('',#6559,.T.);
#6559 = EDGE_LOOP('',(#6560,#6561,#6567,#6568));
#6560 = ORIENTED_EDGE('',*,*,#6459,.F.);
#6561 = ORIENTED_EDGE('',*,*,#6562,.F.);
#6562 = EDGE_CURVE('',#6184,#6452,#6563,.T.);
#6563 = LINE('',#6564,#6565);
#6564 = CARTESIAN_POINT('',(5.85,2.4,-1.9));
#6565 = VECTOR('',#6566,1.);
#6566 = DIRECTION('',(-1.,0.,0.));
#6567 = ORIENTED_EDGE('',*,*,#6183,.T.);
#6568 = ORIENTED_EDGE('',*,*,#6524,.T.);
#6569 = PLANE('',#6570);
#6570 = AXIS2_PLACEMENT_3D('',#6571,#6572,#6573);
#6571 = CARTESIAN_POINT('',(5.85,1.25,-1.9));
#6572 = DIRECTION('',(6.E-17,-0.,1.));
#6573 = DIRECTION('',(0.,1.,0.));
#6574 = ADVANCED_FACE('',(#6575),#6586,.F.);
#6575 = FACE_BOUND('',#6576,.T.);
#6576 = EDGE_LOOP('',(#6577,#6578,#6584,#6585));
#6577 = ORIENTED_EDGE('',*,*,#6451,.F.);
#6578 = ORIENTED_EDGE('',*,*,#6579,.F.);
#6579 = EDGE_CURVE('',#6192,#6443,#6580,.T.);
#6580 = LINE('',#6581,#6582);
#6581 = CARTESIAN_POINT('',(5.85,2.4,-2.2));
#6582 = VECTOR('',#6583,1.);
#6583 = DIRECTION('',(-1.,0.,0.));
#6584 = ORIENTED_EDGE('',*,*,#6191,.T.);
#6585 = ORIENTED_EDGE('',*,*,#6562,.T.);
#6586 = PLANE('',#6587);
#6587 = AXIS2_PLACEMENT_3D('',#6588,#6589,#6590);
#6588 = CARTESIAN_POINT('',(5.85,2.4,-1.9));
#6589 = DIRECTION('',(0.,1.,0.));
#6590 = DIRECTION('',(0.,0.,-1.));
#6591 = ADVANCED_FACE('',(#6592),#6603,.F.);
#6592 = FACE_BOUND('',#6593,.F.);
#6593 = EDGE_LOOP('',(#6594,#6595,#6596,#6597));
#6594 = ORIENTED_EDGE('',*,*,#6442,.F.);
#6595 = ORIENTED_EDGE('',*,*,#6579,.F.);
#6596 = ORIENTED_EDGE('',*,*,#6199,.T.);
#6597 = ORIENTED_EDGE('',*,*,#6598,.F.);
#6598 = EDGE_CURVE('',#6435,#6200,#6599,.T.);
#6599 = LINE('',#6600,#6601);
#6600 = CARTESIAN_POINT('',(5.45,2.6,-2.4));
#6601 = VECTOR('',#6602,1.);
#6602 = DIRECTION('',(1.,-1.11E-15,1.11E-15));
#6603 = CYLINDRICAL_SURFACE('',#6604,0.2);
#6604 = AXIS2_PLACEMENT_3D('',#6605,#6606,#6607);
#6605 = CARTESIAN_POINT('',(5.85,2.4,-2.4));
#6606 = DIRECTION('',(-1.,0.,6.E-17));
#6607 = DIRECTION('',(6.E-17,-6.E-17,1.));
#6608 = ADVANCED_FACE('',(#6609),#6651,.T.);
#6609 = FACE_BOUND('',#6610,.T.);
#6610 = EDGE_LOOP('',(#6611,#6612,#6613,#6631,#6632,#6650));
#6611 = ORIENTED_EDGE('',*,*,#4037,.F.);
#6612 = ORIENTED_EDGE('',*,*,#2811,.T.);
#6613 = ORIENTED_EDGE('',*,*,#6614,.T.);
#6614 = EDGE_CURVE('',#2814,#6209,#6615,.T.);
#6615 = B_SPLINE_CURVE_WITH_KNOTS('',3,(#6616,#6617,#6618,#6619,#6620,
    #6621,#6622,#6623,#6624,#6625,#6626,#6627,#6628,#6629,#6630),
  .UNSPECIFIED.,.F.,.F.,(4,1,1,1,1,1,1,1,1,1,1,1,4),(0.,0.113936039469,
    0.213389244344,0.302531159632,0.394069702158,0.486921934356,
    0.574749471833,0.658621515066,0.739354164871,0.817323190914,
    0.898869292443,0.959164538899,1.),.UNSPECIFIED.);
#6616 = CARTESIAN_POINT('',(5.578394951766,4.5,-2.779549662702));
#6617 = CARTESIAN_POINT('',(5.578394951766,4.488065985523,
    -2.779549662702));
#6618 = CARTESIAN_POINT('',(5.583139018532,4.465723938401,
    -2.777987317006));
#6619 = CARTESIAN_POINT('',(5.6019933817,4.434989259936,-2.770930772792)
  );
#6620 = CARTESIAN_POINT('',(5.628364486456,4.407963439491,
    -2.759131773217));
#6621 = CARTESIAN_POINT('',(5.661024919206,4.38343687417,-2.741219870521
    ));
#6622 = CARTESIAN_POINT('',(5.698405413289,4.361427916089,
    -2.715283045542));
#6623 = CARTESIAN_POINT('',(5.736650520317,4.342765566532,
    -2.681057862763));
#6624 = CARTESIAN_POINT('',(5.77210298606,4.327760995651,-2.639658541382
    ));
#6625 = CARTESIAN_POINT('',(5.80259444431,4.316169435919,-2.591996526343
    ));
#6626 = CARTESIAN_POINT('',(5.827056903093,4.307569324949,
    -2.538125347586));
#6627 = CARTESIAN_POINT('',(5.84238608078,4.30247049552,-2.484059334111)
  );
#6628 = CARTESIAN_POINT('',(5.848947522418,4.300339749828,-2.43702659197
    ));
#6629 = CARTESIAN_POINT('',(5.85,4.3,-2.410652989235));
#6630 = CARTESIAN_POINT('',(5.85,4.3,-2.4));
#6631 = ORIENTED_EDGE('',*,*,#6208,.T.);
#6632 = ORIENTED_EDGE('',*,*,#6633,.T.);
#6633 = EDGE_CURVE('',#6200,#2873,#6634,.T.);
#6634 = B_SPLINE_CURVE_WITH_KNOTS('',3,(#6635,#6636,#6637,#6638,#6639,
    #6640,#6641,#6642,#6643,#6644,#6645,#6646,#6647,#6648,#6649),
  .UNSPECIFIED.,.F.,.F.,(4,1,1,1,1,1,1,1,1,1,1,1,4),(0.,
    9.666925886326E-02,0.181219260189,0.257208805129,0.336382257802,
    0.419947807713,0.505572751073,0.594824307998,0.687003287351,
    0.780462201132,0.871887057951,0.944925860694,1.),.UNSPECIFIED.);
#6635 = CARTESIAN_POINT('',(5.85,2.6,-2.4));
#6636 = CARTESIAN_POINT('',(5.85,2.6,-2.425264899511));
#6637 = CARTESIAN_POINT('',(5.845492250999,2.598556270934,-2.47245313935
    ));
#6638 = CARTESIAN_POINT('',(5.82787452923,2.592711070567,-2.53593209939)
  );
#6639 = CARTESIAN_POINT('',(5.803688342384,2.584221867409,
    -2.589852500279));
#6640 = CARTESIAN_POINT('',(5.773938086693,2.572962891335,
    -2.637136402481));
#6641 = CARTESIAN_POINT('',(5.739209565861,2.558374607634,
    -2.678385645586));
#6642 = CARTESIAN_POINT('',(5.701843207516,2.540348345185,
    -2.712479762113));
#6643 = CARTESIAN_POINT('',(5.664861383277,2.519024916532,-2.73882276016
    ));
#6644 = CARTESIAN_POINT('',(5.631332628583,2.494633877417,-2.75769622301
    ));
#6645 = CARTESIAN_POINT('',(5.604519660714,2.468049395854,
    -2.769877173663));
#6646 = CARTESIAN_POINT('',(5.587528722354,2.441973267592,
    -2.776377510758));
#6647 = CARTESIAN_POINT('',(5.579764666038,2.419183200446,
    -2.779085727789));
#6648 = CARTESIAN_POINT('',(5.578394951766,2.40576751487,-2.779549662702
    ));
#6649 = CARTESIAN_POINT('',(5.578394951766,2.4,-2.779549662702));
#6650 = ORIENTED_EDGE('',*,*,#2872,.F.);
#6651 = CYLINDRICAL_SURFACE('',#6652,0.401);
#6652 = AXIS2_PLACEMENT_3D('',#6653,#6654,#6655);
#6653 = CARTESIAN_POINT('',(5.449,4.3,-2.4));
#6654 = DIRECTION('',(0.,-1.,0.));
#6655 = DIRECTION('',(1.,0.,-8.3E-16));
#6656 = ADVANCED_FACE('',(#6657),#6673,.F.);
#6657 = FACE_BOUND('',#6658,.F.);
#6658 = EDGE_LOOP('',(#6659,#6660,#6666,#6667));
#6659 = ORIENTED_EDGE('',*,*,#6216,.T.);
#6660 = ORIENTED_EDGE('',*,*,#6661,.T.);
#6661 = EDGE_CURVE('',#6217,#6418,#6662,.T.);
#6662 = LINE('',#6663,#6664);
#6663 = CARTESIAN_POINT('',(5.85,4.5,-2.2));
#6664 = VECTOR('',#6665,1.);
#6665 = DIRECTION('',(-1.,0.,3.33E-15));
#6666 = ORIENTED_EDGE('',*,*,#6425,.F.);
#6667 = ORIENTED_EDGE('',*,*,#6668,.T.);
#6668 = EDGE_CURVE('',#6426,#6209,#6669,.T.);
#6669 = LINE('',#6670,#6671);
#6670 = CARTESIAN_POINT('',(5.45,4.3,-2.4));
#6671 = VECTOR('',#6672,1.);
#6672 = DIRECTION('',(1.,0.,-2.22E-15));
#6673 = CYLINDRICAL_SURFACE('',#6674,0.2);
#6674 = AXIS2_PLACEMENT_3D('',#6675,#6676,#6677);
#6675 = CARTESIAN_POINT('',(5.85,4.5,-2.4));
#6676 = DIRECTION('',(-1.,0.,6.E-17));
#6677 = DIRECTION('',(-6.E-17,6.E-17,-1.));
#6678 = ADVANCED_FACE('',(#6679),#6690,.T.);
#6679 = FACE_BOUND('',#6680,.T.);
#6680 = EDGE_LOOP('',(#6681,#6682,#6683,#6689));
#6681 = ORIENTED_EDGE('',*,*,#6661,.T.);
#6682 = ORIENTED_EDGE('',*,*,#6417,.T.);
#6683 = ORIENTED_EDGE('',*,*,#6684,.T.);
#6684 = EDGE_CURVE('',#6410,#6226,#6685,.T.);
#6685 = LINE('',#6686,#6687);
#6686 = CARTESIAN_POINT('',(5.45,4.5,1.299));
#6687 = VECTOR('',#6688,1.);
#6688 = DIRECTION('',(1.,0.,-5.6E-16));
#6689 = ORIENTED_EDGE('',*,*,#6225,.F.);
#6690 = PLANE('',#6691);
#6691 = AXIS2_PLACEMENT_3D('',#6692,#6693,#6694);
#6692 = CARTESIAN_POINT('',(5.45,4.5,-8.3));
#6693 = DIRECTION('',(0.,1.,0.));
#6694 = DIRECTION('',(8.3E-16,-0.,1.));
#6695 = ADVANCED_FACE('',(#6696),#6718,.T.);
#6696 = FACE_BOUND('',#6697,.T.);
#6697 = EDGE_LOOP('',(#6698,#6699,#6700,#6707,#6708,#6715,#6716,#6717));
#6698 = ORIENTED_EDGE('',*,*,#3841,.T.);
#6699 = ORIENTED_EDGE('',*,*,#4021,.F.);
#6700 = ORIENTED_EDGE('',*,*,#6701,.T.);
#6701 = EDGE_CURVE('',#3513,#6234,#6702,.T.);
#6702 = CIRCLE('',#6703,0.401);
#6703 = AXIS2_PLACEMENT_3D('',#6704,#6705,#6706);
#6704 = CARTESIAN_POINT('',(5.449,-4.5,1.299));
#6705 = DIRECTION('',(-0.,1.,0.));
#6706 = DIRECTION('',(0.,0.,1.));
#6707 = ORIENTED_EDGE('',*,*,#6233,.F.);
#6708 = ORIENTED_EDGE('',*,*,#6709,.T.);
#6709 = EDGE_CURVE('',#6226,#3335,#6710,.T.);
#6710 = CIRCLE('',#6711,0.401);
#6711 = AXIS2_PLACEMENT_3D('',#6712,#6713,#6714);
#6712 = CARTESIAN_POINT('',(5.449,4.5,1.299));
#6713 = DIRECTION('',(0.,-1.,0.));
#6714 = DIRECTION('',(1.,0.,0.));
#6715 = ORIENTED_EDGE('',*,*,#3979,.F.);
#6716 = ORIENTED_EDGE('',*,*,#3859,.F.);
#6717 = ORIENTED_EDGE('',*,*,#3153,.T.);
#6718 = CYLINDRICAL_SURFACE('',#6719,0.401);
#6719 = AXIS2_PLACEMENT_3D('',#6720,#6721,#6722);
#6720 = CARTESIAN_POINT('',(5.449,4.5,1.299));
#6721 = DIRECTION('',(0.,-1.,0.));
#6722 = DIRECTION('',(0.,0.,1.));
#6723 = ADVANCED_FACE('',(#6724),#6740,.T.);
#6724 = FACE_BOUND('',#6725,.T.);
#6725 = EDGE_LOOP('',(#6726,#6732,#6733,#6739));
#6726 = ORIENTED_EDGE('',*,*,#6727,.F.);
#6727 = EDGE_CURVE('',#6242,#6393,#6728,.T.);
#6728 = LINE('',#6729,#6730);
#6729 = CARTESIAN_POINT('',(5.85,-4.5,-2.2));
#6730 = VECTOR('',#6731,1.);
#6731 = DIRECTION('',(-1.,0.,0.));
#6732 = ORIENTED_EDGE('',*,*,#6241,.F.);
#6733 = ORIENTED_EDGE('',*,*,#6734,.F.);
#6734 = EDGE_CURVE('',#6402,#6234,#6735,.T.);
#6735 = LINE('',#6736,#6737);
#6736 = CARTESIAN_POINT('',(5.45,-4.5,1.299));
#6737 = VECTOR('',#6738,1.);
#6738 = DIRECTION('',(1.,0.,-1.11E-15));
#6739 = ORIENTED_EDGE('',*,*,#6401,.T.);
#6740 = PLANE('',#6741);
#6741 = AXIS2_PLACEMENT_3D('',#6742,#6743,#6744);
#6742 = CARTESIAN_POINT('',(5.45,-4.5,1.299));
#6743 = DIRECTION('',(0.,-1.,0.));
#6744 = DIRECTION('',(-8.3E-16,-0.,-1.));
#6745 = ADVANCED_FACE('',(#6746),#6757,.F.);
#6746 = FACE_BOUND('',#6747,.F.);
#6747 = EDGE_LOOP('',(#6748,#6749,#6750,#6751));
#6748 = ORIENTED_EDGE('',*,*,#6392,.F.);
#6749 = ORIENTED_EDGE('',*,*,#6727,.F.);
#6750 = ORIENTED_EDGE('',*,*,#6249,.T.);
#6751 = ORIENTED_EDGE('',*,*,#6752,.F.);
#6752 = EDGE_CURVE('',#6385,#6250,#6753,.T.);
#6753 = LINE('',#6754,#6755);
#6754 = CARTESIAN_POINT('',(5.45,-4.3,-2.4));
#6755 = VECTOR('',#6756,1.);
#6756 = DIRECTION('',(1.,0.,-2.22E-15));
#6757 = CYLINDRICAL_SURFACE('',#6758,0.2);
#6758 = AXIS2_PLACEMENT_3D('',#6759,#6760,#6761);
#6759 = CARTESIAN_POINT('',(5.85,-4.5,-2.4));
#6760 = DIRECTION('',(-1.,0.,6.E-17));
#6761 = DIRECTION('',(6.E-17,-6.E-17,1.));
#6762 = ADVANCED_FACE('',(#6763),#6805,.T.);
#6763 = FACE_BOUND('',#6764,.T.);
#6764 = EDGE_LOOP('',(#6765,#6766,#6767,#6785,#6786,#6804));
#6765 = ORIENTED_EDGE('',*,*,#4055,.F.);
#6766 = ORIENTED_EDGE('',*,*,#4646,.F.);
#6767 = ORIENTED_EDGE('',*,*,#6768,.T.);
#6768 = EDGE_CURVE('',#4647,#6259,#6769,.T.);
#6769 = B_SPLINE_CURVE_WITH_KNOTS('',3,(#6770,#6771,#6772,#6773,#6774,
    #6775,#6776,#6777,#6778,#6779,#6780,#6781,#6782,#6783,#6784),
  .UNSPECIFIED.,.F.,.F.,(4,1,1,1,1,1,1,1,1,1,1,1,4),(0.,0.113936039469,
    0.213389244344,0.302531159633,0.394069702158,0.486921934356,
    0.574749471833,0.658621515065,0.739354164871,0.817323190914,
    0.898869292444,0.959164538899,1.),.UNSPECIFIED.);
#6770 = CARTESIAN_POINT('',(5.578394951766,-2.4,-2.779549662702));
#6771 = CARTESIAN_POINT('',(5.578394951766,-2.411934014477,
    -2.779549662702));
#6772 = CARTESIAN_POINT('',(5.583139018532,-2.434276061599,
    -2.777987317006));
#6773 = CARTESIAN_POINT('',(5.6019933817,-2.465010740064,-2.770930772792
    ));
#6774 = CARTESIAN_POINT('',(5.628364486456,-2.492036560509,
    -2.759131773216));
#6775 = CARTESIAN_POINT('',(5.661024919207,-2.51656312583,
    -2.741219870521));
#6776 = CARTESIAN_POINT('',(5.698405413289,-2.538572083911,
    -2.715283045542));
#6777 = CARTESIAN_POINT('',(5.736650520317,-2.557234433468,
    -2.681057862763));
#6778 = CARTESIAN_POINT('',(5.77210298606,-2.572239004349,
    -2.639658541382));
#6779 = CARTESIAN_POINT('',(5.80259444431,-2.583830564081,
    -2.591996526343));
#6780 = CARTESIAN_POINT('',(5.827056903093,-2.592430675051,
    -2.538125347586));
#6781 = CARTESIAN_POINT('',(5.84238608078,-2.59752950448,-2.484059334111
    ));
#6782 = CARTESIAN_POINT('',(5.848947522418,-2.599660250172,
    -2.43702659197));
#6783 = CARTESIAN_POINT('',(5.85,-2.6,-2.410652989235));
#6784 = CARTESIAN_POINT('',(5.85,-2.6,-2.4));
#6785 = ORIENTED_EDGE('',*,*,#6258,.T.);
#6786 = ORIENTED_EDGE('',*,*,#6787,.T.);
#6787 = EDGE_CURVE('',#6250,#4624,#6788,.T.);
#6788 = B_SPLINE_CURVE_WITH_KNOTS('',3,(#6789,#6790,#6791,#6792,#6793,
    #6794,#6795,#6796,#6797,#6798,#6799,#6800,#6801,#6802,#6803),
  .UNSPECIFIED.,.F.,.F.,(4,1,1,1,1,1,1,1,1,1,1,1,4),(0.,
    9.666925886457E-02,0.181219260191,0.257208805131,0.336382257804,
    0.419947807715,0.505572751075,0.594824308,0.687003287353,
    0.780462201134,0.871887057953,0.944925860695,1.),.UNSPECIFIED.);
#6789 = CARTESIAN_POINT('',(5.85,-4.3,-2.4));
#6790 = CARTESIAN_POINT('',(5.85,-4.3,-2.425264899511));
#6791 = CARTESIAN_POINT('',(5.845492250998,-4.301443729066,
    -2.472453139351));
#6792 = CARTESIAN_POINT('',(5.82787452923,-4.307288929433,
    -2.535932099391));
#6793 = CARTESIAN_POINT('',(5.803688342384,-4.315778132591,
    -2.589852500281));
#6794 = CARTESIAN_POINT('',(5.773938086692,-4.327037108665,
    -2.637136402482));
#6795 = CARTESIAN_POINT('',(5.73920956586,-4.341625392366,
    -2.678385645587));
#6796 = CARTESIAN_POINT('',(5.701843207515,-4.359651654815,
    -2.712479762114));
#6797 = CARTESIAN_POINT('',(5.664861383276,-4.380975083469,
    -2.73882276016));
#6798 = CARTESIAN_POINT('',(5.631332628582,-4.405366122584,
    -2.75769622301));
#6799 = CARTESIAN_POINT('',(5.604519660714,-4.431950604147,
    -2.769877173663));
#6800 = CARTESIAN_POINT('',(5.587528722354,-4.458026732408,
    -2.776377510758));
#6801 = CARTESIAN_POINT('',(5.579764666038,-4.480816799555,
    -2.779085727789));
#6802 = CARTESIAN_POINT('',(5.578394951766,-4.49423248513,
    -2.779549662702));
#6803 = CARTESIAN_POINT('',(5.578394951766,-4.5,-2.779549662702));
#6804 = ORIENTED_EDGE('',*,*,#4623,.T.);
#6805 = CYLINDRICAL_SURFACE('',#6806,0.401);
#6806 = AXIS2_PLACEMENT_3D('',#6807,#6808,#6809);
#6807 = CARTESIAN_POINT('',(5.449,-2.6,-2.4));
#6808 = DIRECTION('',(0.,-1.,-2.22E-15));
#6809 = DIRECTION('',(1.,1.8426E-30,-8.3E-16));
#6810 = ADVANCED_FACE('',(#6811),#6827,.F.);
#6811 = FACE_BOUND('',#6812,.F.);
#6812 = EDGE_LOOP('',(#6813,#6814,#6820,#6821));
#6813 = ORIENTED_EDGE('',*,*,#6266,.T.);
#6814 = ORIENTED_EDGE('',*,*,#6815,.T.);
#6815 = EDGE_CURVE('',#6267,#6368,#6816,.T.);
#6816 = LINE('',#6817,#6818);
#6817 = CARTESIAN_POINT('',(5.85,-2.4,-2.2));
#6818 = VECTOR('',#6819,1.);
#6819 = DIRECTION('',(-1.,0.,0.));
#6820 = ORIENTED_EDGE('',*,*,#6375,.F.);
#6821 = ORIENTED_EDGE('',*,*,#6822,.T.);
#6822 = EDGE_CURVE('',#6376,#6259,#6823,.T.);
#6823 = LINE('',#6824,#6825);
#6824 = CARTESIAN_POINT('',(5.45,-2.6,-2.4));
#6825 = VECTOR('',#6826,1.);
#6826 = DIRECTION('',(1.,0.,5.55E-15));
#6827 = CYLINDRICAL_SURFACE('',#6828,0.2);
#6828 = AXIS2_PLACEMENT_3D('',#6829,#6830,#6831);
#6829 = CARTESIAN_POINT('',(5.85,-2.4,-2.4));
#6830 = DIRECTION('',(-1.,0.,6.E-17));
#6831 = DIRECTION('',(-6.E-17,6.E-17,-1.));
#6832 = ADVANCED_FACE('',(#6833),#6844,.F.);
#6833 = FACE_BOUND('',#6834,.T.);
#6834 = EDGE_LOOP('',(#6835,#6836,#6842,#6843));
#6835 = ORIENTED_EDGE('',*,*,#6367,.F.);
#6836 = ORIENTED_EDGE('',*,*,#6837,.F.);
#6837 = EDGE_CURVE('',#6276,#6360,#6838,.T.);
#6838 = LINE('',#6839,#6840);
#6839 = CARTESIAN_POINT('',(5.85,-2.4,-1.9));
#6840 = VECTOR('',#6841,1.);
#6841 = DIRECTION('',(-1.,0.,0.));
#6842 = ORIENTED_EDGE('',*,*,#6275,.T.);
#6843 = ORIENTED_EDGE('',*,*,#6815,.T.);
#6844 = PLANE('',#6845);
#6845 = AXIS2_PLACEMENT_3D('',#6846,#6847,#6848);
#6846 = CARTESIAN_POINT('',(5.85,-2.4,-2.2));
#6847 = DIRECTION('',(0.,-1.,0.));
#6848 = DIRECTION('',(0.,0.,1.));
#6849 = ADVANCED_FACE('',(#6850),#6856,.F.);
#6850 = FACE_BOUND('',#6851,.T.);
#6851 = EDGE_LOOP('',(#6852,#6853,#6854,#6855));
#6852 = ORIENTED_EDGE('',*,*,#6359,.F.);
#6853 = ORIENTED_EDGE('',*,*,#6546,.F.);
#6854 = ORIENTED_EDGE('',*,*,#6283,.T.);
#6855 = ORIENTED_EDGE('',*,*,#6837,.T.);
#6856 = PLANE('',#6857);
#6857 = AXIS2_PLACEMENT_3D('',#6858,#6859,#6860);
#6858 = CARTESIAN_POINT('',(5.85,-2.4,-1.9));
#6859 = DIRECTION('',(6.E-17,-0.,1.));
#6860 = DIRECTION('',(0.,1.,0.));
#6861 = ADVANCED_FACE('',(#6862),#6891,.F.);
#6862 = FACE_BOUND('',#6863,.F.);
#6863 = EDGE_LOOP('',(#6864,#6865,#6876,#6877,#6889,#6890));
#6864 = ORIENTED_EDGE('',*,*,#4656,.F.);
#6865 = ORIENTED_EDGE('',*,*,#6866,.T.);
#6866 = EDGE_CURVE('',#4657,#6376,#6867,.T.);
#6867 = B_SPLINE_CURVE_WITH_KNOTS('',3,(#6868,#6869,#6870,#6871,#6872,
    #6873,#6874,#6875),.UNSPECIFIED.,.F.,.F.,(4,1,1,1,1,4),(0.,
    0.255198473226,0.477340038247,0.666424695062,0.829625712911,1.),
  .UNSPECIFIED.);
#6868 = CARTESIAN_POINT('',(5.449322680678,-2.4,-2.400946507887));
#6869 = CARTESIAN_POINT('',(5.449322680678,-2.426865831063,
    -2.400946507887));
#6870 = CARTESIAN_POINT('',(5.449383521819,-2.476637675892,
    -2.400929279648));
#6871 = CARTESIAN_POINT('',(5.449597626057,-2.536153248213,
    -2.400817838612));
#6872 = CARTESIAN_POINT('',(5.44981191358,-2.57401911078,-2.400609949451
    ));
#6873 = CARTESIAN_POINT('',(5.449962708203,-2.595297517574,
    -2.400326526637));
#6874 = CARTESIAN_POINT('',(5.45,-2.6,-2.400113070251));
#6875 = CARTESIAN_POINT('',(5.45,-2.6,-2.4));
#6876 = ORIENTED_EDGE('',*,*,#6384,.T.);
#6877 = ORIENTED_EDGE('',*,*,#6878,.T.);
#6878 = EDGE_CURVE('',#6385,#4614,#6879,.T.);
#6879 = B_SPLINE_CURVE_WITH_KNOTS('',3,(#6880,#6881,#6882,#6883,#6884,
    #6885,#6886,#6887,#6888),.UNSPECIFIED.,.F.,.F.,(4,1,1,1,1,1,4),(0.,
    0.199445144568,0.375087135396,0.538228711284,0.714006928304,
    0.87169827081,1.),.UNSPECIFIED.);
#6880 = CARTESIAN_POINT('',(5.45,-4.3,-2.4));
#6881 = CARTESIAN_POINT('',(5.45,-4.3,-2.400133494321));
#6882 = CARTESIAN_POINT('',(5.449950288377,-4.30620560312,
    -2.400371557445));
#6883 = CARTESIAN_POINT('',(5.449779851814,-4.331023493395,
    -2.400646646074));
#6884 = CARTESIAN_POINT('',(5.449589602703,-4.366737492781,
    -2.400817680778));
#6885 = CARTESIAN_POINT('',(5.449430902059,-4.410440378983,-2.4009059503
    ));
#6886 = CARTESIAN_POINT('',(5.449340540004,-4.456620597761,
    -2.400940634054));
#6887 = CARTESIAN_POINT('',(5.449322680678,-4.486555180979,
    -2.400946507887));
#6888 = CARTESIAN_POINT('',(5.449322680678,-4.5,-2.400946507887));
#6889 = ORIENTED_EDGE('',*,*,#4613,.T.);
#6890 = ORIENTED_EDGE('',*,*,#3189,.F.);
#6891 = CYLINDRICAL_SURFACE('',#6892,1.E-03);
#6892 = AXIS2_PLACEMENT_3D('',#6893,#6894,#6895);
#6893 = CARTESIAN_POINT('',(5.449,-4.3,-2.4));
#6894 = DIRECTION('',(0.,1.,8.9E-16));
#6895 = DIRECTION('',(1.,7.387E-31,-8.3E-16));
#6896 = ADVANCED_FACE('',(#6897),#6917,.F.);
#6897 = FACE_BOUND('',#6898,.F.);
#6898 = EDGE_LOOP('',(#6899,#6900,#6907,#6908,#6915,#6916));
#6899 = ORIENTED_EDGE('',*,*,#2966,.T.);
#6900 = ORIENTED_EDGE('',*,*,#6901,.T.);
#6901 = EDGE_CURVE('',#2967,#6402,#6902,.T.);
#6902 = CIRCLE('',#6903,9.999999999999E-04);
#6903 = AXIS2_PLACEMENT_3D('',#6904,#6905,#6906);
#6904 = CARTESIAN_POINT('',(5.449,-4.5,1.299));
#6905 = DIRECTION('',(0.,1.,-0.));
#6906 = DIRECTION('',(0.,0.,1.));
#6907 = ORIENTED_EDGE('',*,*,#6409,.F.);
#6908 = ORIENTED_EDGE('',*,*,#6909,.T.);
#6909 = EDGE_CURVE('',#6410,#3124,#6910,.T.);
#6910 = CIRCLE('',#6911,1.E-03);
#6911 = AXIS2_PLACEMENT_3D('',#6912,#6913,#6914);
#6912 = CARTESIAN_POINT('',(5.449,4.5,1.299));
#6913 = DIRECTION('',(0.,-1.,0.));
#6914 = DIRECTION('',(1.,0.,0.));
#6915 = ORIENTED_EDGE('',*,*,#3131,.T.);
#6916 = ORIENTED_EDGE('',*,*,#3169,.F.);
#6917 = CYLINDRICAL_SURFACE('',#6918,1.E-03);
#6918 = AXIS2_PLACEMENT_3D('',#6919,#6920,#6921);
#6919 = CARTESIAN_POINT('',(5.449,-4.5,1.299));
#6920 = DIRECTION('',(0.,1.,0.));
#6921 = DIRECTION('',(0.,-0.,1.));
#6922 = ADVANCED_FACE('',(#6923),#6952,.F.);
#6923 = FACE_BOUND('',#6924,.F.);
#6924 = EDGE_LOOP('',(#6925,#6926,#6937,#6938,#6950,#6951));
#6925 = ORIENTED_EDGE('',*,*,#2830,.T.);
#6926 = ORIENTED_EDGE('',*,*,#6927,.T.);
#6927 = EDGE_CURVE('',#2831,#6426,#6928,.T.);
#6928 = B_SPLINE_CURVE_WITH_KNOTS('',3,(#6929,#6930,#6931,#6932,#6933,
    #6934,#6935,#6936),.UNSPECIFIED.,.F.,.F.,(4,1,1,1,1,4),(0.,
    0.255198473227,0.477340038249,0.666424695063,0.829625712912,1.),
  .UNSPECIFIED.);
#6929 = CARTESIAN_POINT('',(5.449322680678,4.5,-2.400946507887));
#6930 = CARTESIAN_POINT('',(5.449322680678,4.473134168936,
    -2.400946507887));
#6931 = CARTESIAN_POINT('',(5.449383521819,4.423362324107,
    -2.400929279648));
#6932 = CARTESIAN_POINT('',(5.449597626057,4.363846751786,
    -2.400817838612));
#6933 = CARTESIAN_POINT('',(5.44981191358,4.32598088922,-2.400609949451)
  );
#6934 = CARTESIAN_POINT('',(5.449962708203,4.304702482426,
    -2.400326526637));
#6935 = CARTESIAN_POINT('',(5.45,4.3,-2.400113070251));
#6936 = CARTESIAN_POINT('',(5.45,4.3,-2.4));
#6937 = ORIENTED_EDGE('',*,*,#6434,.T.);
#6938 = ORIENTED_EDGE('',*,*,#6939,.T.);
#6939 = EDGE_CURVE('',#6435,#2856,#6940,.T.);
#6940 = B_SPLINE_CURVE_WITH_KNOTS('',3,(#6941,#6942,#6943,#6944,#6945,
    #6946,#6947,#6948,#6949),.UNSPECIFIED.,.F.,.F.,(4,1,1,1,1,1,4),(0.,
    0.199445144569,0.375087135397,0.538228711285,0.714006928305,
    0.87169827081,1.),.UNSPECIFIED.);
#6941 = CARTESIAN_POINT('',(5.45,2.6,-2.4));
#6942 = CARTESIAN_POINT('',(5.45,2.6,-2.40013349432));
#6943 = CARTESIAN_POINT('',(5.449950288377,2.59379439688,-2.400371557445
    ));
#6944 = CARTESIAN_POINT('',(5.449779851814,2.568976506605,
    -2.400646646074));
#6945 = CARTESIAN_POINT('',(5.449589602703,2.533262507219,
    -2.400817680778));
#6946 = CARTESIAN_POINT('',(5.449430902059,2.489559621017,-2.4009059503)
  );
#6947 = CARTESIAN_POINT('',(5.449340540004,2.443379402238,
    -2.400940634054));
#6948 = CARTESIAN_POINT('',(5.449322680678,2.413444819021,
    -2.400946507887));
#6949 = CARTESIAN_POINT('',(5.449322680678,2.4,-2.400946507887));
#6950 = ORIENTED_EDGE('',*,*,#2853,.F.);
#6951 = ORIENTED_EDGE('',*,*,#2895,.F.);
#6952 = CYLINDRICAL_SURFACE('',#6953,1.E-03);
#6953 = AXIS2_PLACEMENT_3D('',#6954,#6955,#6956);
#6954 = CARTESIAN_POINT('',(5.449,2.6,-2.4));
#6955 = DIRECTION('',(0.,1.,8.9E-16));
#6956 = DIRECTION('',(1.,7.387E-31,-8.3E-16));
#6957 = ADVANCED_FACE('',(#6958),#6964,.T.);
#6958 = FACE_BOUND('',#6959,.T.);
#6959 = EDGE_LOOP('',(#6960,#6961,#6962,#6963));
#6960 = ORIENTED_EDGE('',*,*,#6633,.F.);
#6961 = ORIENTED_EDGE('',*,*,#6598,.F.);
#6962 = ORIENTED_EDGE('',*,*,#6939,.T.);
#6963 = ORIENTED_EDGE('',*,*,#2881,.F.);
#6964 = B_SPLINE_SURFACE_WITH_KNOTS('',3,3,(
    (#6965,#6966,#6967,#6968)
    ,(#6969,#6970,#6971,#6972)
    ,(#6973,#6974,#6975,#6976)
    ,(#6977,#6978,#6979,#6980)
    ,(#6981,#6982,#6983,#6984)
    ,(#6985,#6986,#6987,#6988)
    ,(#6989,#6990,#6991,#6992)
    ,(#6993,#6994,#6995,#6996)
    ,(#6997,#6998,#6999,#7000)
    ,(#7001,#7002,#7003,#7004)
    ,(#7005,#7006,#7007,#7008)
    ,(#7009,#7010,#7011,#7012)
    ,(#7013,#7014,#7015,#7016)
    ,(#7017,#7018,#7019,#7020)
    ,(#7021,#7022,#7023,#7024
    )),.UNSPECIFIED.,.F.,.F.,.F.,(4,1,1,1,1,1,1,1,1,1,1,1,4),(4,4),(0.,
    0.178970329909,0.335191066558,0.475214859416,0.615238652273,
    0.759027059305,0.90281437098,1.034560251288,1.161374785951,
    1.283848233197,1.406321680444,1.506652067523,1.570796326795),(0.,1.)
  ,.UNSPECIFIED.);
#6965 = CARTESIAN_POINT('',(5.578394951766,2.4,-2.779549662702));
#6966 = CARTESIAN_POINT('',(5.535370861403,2.4,-2.653348611097));
#6967 = CARTESIAN_POINT('',(5.492346771041,2.4,-2.527147559492));
#6968 = CARTESIAN_POINT('',(5.449322680678,2.4,-2.400946507887));
#6969 = CARTESIAN_POINT('',(5.578394951766,2.411931355327,
    -2.779549662702));
#6970 = CARTESIAN_POINT('',(5.535370861403,2.411931355327,
    -2.653348611097));
#6971 = CARTESIAN_POINT('',(5.492346771041,2.411931355327,
    -2.527147559492));
#6972 = CARTESIAN_POINT('',(5.449322680678,2.411931355327,
    -2.400946507887));
#6973 = CARTESIAN_POINT('',(5.583139045192,2.434277139473,
    -2.777987318795));
#6974 = CARTESIAN_POINT('',(5.538537533906,2.434277139473,
    -2.652305749786));
#6975 = CARTESIAN_POINT('',(5.49393602262,2.434277139473,-2.526624180777
    ));
#6976 = CARTESIAN_POINT('',(5.449334511335,2.434277139473,
    -2.400942611768));
#6977 = CARTESIAN_POINT('',(5.601993310327,2.465010508345,
    -2.770930765536));
#6978 = CARTESIAN_POINT('',(5.551122716702,2.465010508345,-2.64759551515
    ));
#6979 = CARTESIAN_POINT('',(5.500252123077,2.465010508345,
    -2.524260264764));
#6980 = CARTESIAN_POINT('',(5.449381529452,2.465010508345,
    -2.400925014378));
#6981 = CARTESIAN_POINT('',(5.628139125728,2.491805398039,
    -2.759232734251));
#6982 = CARTESIAN_POINT('',(5.568574994148,2.491805398039,
    -2.639787103577));
#6983 = CARTESIAN_POINT('',(5.509010862567,2.491805398039,
    -2.520341472904));
#6984 = CARTESIAN_POINT('',(5.449446730987,2.491805398039,-2.40089584223
    ));
#6985 = CARTESIAN_POINT('',(5.660264933889,2.516023633281,-2.74164732364
    ));
#6986 = CARTESIAN_POINT('',(5.590018904333,2.516023633281,
    -2.628048878539));
#6987 = CARTESIAN_POINT('',(5.519772874777,2.516023633281,
    -2.514450433439));
#6988 = CARTESIAN_POINT('',(5.449526845222,2.516023633281,
    -2.400851988338));
#6989 = CARTESIAN_POINT('',(5.697515407872,2.538118260512,
    -2.715999608152));
#6990 = CARTESIAN_POINT('',(5.614883518306,2.538118260512,
    -2.610929081751));
#6991 = CARTESIAN_POINT('',(5.532251628739,2.538118260512,
    -2.505858555349));
#6992 = CARTESIAN_POINT('',(5.449619739172,2.538118260512,
    -2.400788028948));
#6993 = CARTESIAN_POINT('',(5.736129123662,2.557013935534,
    -2.681666899347));
#6994 = CARTESIAN_POINT('',(5.64065809335,2.557013935534,-2.588012069971
    ));
#6995 = CARTESIAN_POINT('',(5.545187063039,2.557013935534,
    -2.494357240596));
#6996 = CARTESIAN_POINT('',(5.449716032727,2.557013935534,-2.40070241122
    ));
#6997 = CARTESIAN_POINT('',(5.772103016504,2.572238990344,
    -2.639658397273));
#6998 = CARTESIAN_POINT('',(5.664670592064,2.572238990344,
    -2.559971482136));
#6999 = CARTESIAN_POINT('',(5.557238167624,2.572238990344,-2.480284567)
  );
#7000 = CARTESIAN_POINT('',(5.449805743183,2.572238990344,
    -2.400597651864));
#7001 = CARTESIAN_POINT('',(5.802594590733,2.583830576425,
    -2.591996611051));
#7002 = CARTESIAN_POINT('',(5.685023654496,2.583830576425,
    -2.528157338881));
#7003 = CARTESIAN_POINT('',(5.567452718259,2.583830576425,
    -2.464318066711));
#7004 = CARTESIAN_POINT('',(5.449881782022,2.583830576425,
    -2.400478794541));
#7005 = CARTESIAN_POINT('',(5.826692062656,2.592302583295,
    -2.538927291497));
#7006 = CARTESIAN_POINT('',(5.701108666926,2.592302583295,
    -2.492733678364));
#7007 = CARTESIAN_POINT('',(5.575525271197,2.592302583295,
    -2.446540065231));
#7008 = CARTESIAN_POINT('',(5.449941875468,2.592302583295,
    -2.400346452098));
#7009 = CARTESIAN_POINT('',(5.842182121315,2.597463706081,
    -2.484969125361));
#7010 = CARTESIAN_POINT('',(5.711448248891,2.597463706081,
    -2.456716714601));
#7011 = CARTESIAN_POINT('',(5.580714376467,2.597463706081,
    -2.428464303841));
#7012 = CARTESIAN_POINT('',(5.449980504043,2.597463706081,
    -2.400211893081));
#7013 = CARTESIAN_POINT('',(5.848910598427,2.599648251894,
    -2.437961193916));
#7014 = CARTESIAN_POINT('',(5.71593949338,2.599648251894,-2.425339018051
    ));
#7015 = CARTESIAN_POINT('',(5.582968388334,2.599648251894,
    -2.412716842185));
#7016 = CARTESIAN_POINT('',(5.449997283288,2.599648251894,
    -2.400094666319));
#7017 = CARTESIAN_POINT('',(5.85,2.6,-2.410650868724));
#7018 = CARTESIAN_POINT('',(5.716666666667,2.6,-2.407109432739));
#7019 = CARTESIAN_POINT('',(5.583333333333,2.6,-2.403567996755));
#7020 = CARTESIAN_POINT('',(5.45,2.6,-2.40002656077));
#7021 = CARTESIAN_POINT('',(5.85,2.6,-2.4));
#7022 = CARTESIAN_POINT('',(5.716666666667,2.6,-2.4));
#7023 = CARTESIAN_POINT('',(5.583333333333,2.6,-2.4));
#7024 = CARTESIAN_POINT('',(5.45,2.6,-2.4));
#7025 = ADVANCED_FACE('',(#7026),#7032,.T.);
#7026 = FACE_BOUND('',#7027,.T.);
#7027 = EDGE_LOOP('',(#7028,#7029,#7030,#7031));
#7028 = ORIENTED_EDGE('',*,*,#6927,.T.);
#7029 = ORIENTED_EDGE('',*,*,#6668,.T.);
#7030 = ORIENTED_EDGE('',*,*,#6614,.F.);
#7031 = ORIENTED_EDGE('',*,*,#2839,.T.);
#7032 = B_SPLINE_SURFACE_WITH_KNOTS('',3,3,(
    (#7033,#7034,#7035,#7036)
    ,(#7037,#7038,#7039,#7040)
    ,(#7041,#7042,#7043,#7044)
    ,(#7045,#7046,#7047,#7048)
    ,(#7049,#7050,#7051,#7052)
    ,(#7053,#7054,#7055,#7056)
    ,(#7057,#7058,#7059,#7060)
    ,(#7061,#7062,#7063,#7064)
    ,(#7065,#7066,#7067,#7068)
    ,(#7069,#7070,#7071,#7072)
    ,(#7073,#7074,#7075,#7076)
    ,(#7077,#7078,#7079,#7080)
    ,(#7081,#7082,#7083,#7084)
    ,(#7085,#7086,#7087,#7088)
    ,(#7089,#7090,#7091,#7092
    )),.UNSPECIFIED.,.F.,.F.,.F.,(4,1,1,1,1,1,1,1,1,1,1,1,4),(4,4),(0.,
    0.178970329908,0.335191066557,0.475214859415,0.615238652272,
    0.759027059304,0.902814370979,1.034560251287,1.161374785951,
    1.283848233197,1.406321680443,1.506652067522,1.570796326795),(0.,1.)
  ,.UNSPECIFIED.);
#7033 = CARTESIAN_POINT('',(5.449322680678,4.5,-2.400946507887));
#7034 = CARTESIAN_POINT('',(5.492346771041,4.5,-2.527147559492));
#7035 = CARTESIAN_POINT('',(5.535370861403,4.5,-2.653348611097));
#7036 = CARTESIAN_POINT('',(5.578394951766,4.5,-2.779549662702));
#7037 = CARTESIAN_POINT('',(5.449322680678,4.488068644673,
    -2.400946507887));
#7038 = CARTESIAN_POINT('',(5.492346771041,4.488068644673,
    -2.527147559492));
#7039 = CARTESIAN_POINT('',(5.535370861403,4.488068644673,
    -2.653348611097));
#7040 = CARTESIAN_POINT('',(5.578394951766,4.488068644673,
    -2.779549662702));
#7041 = CARTESIAN_POINT('',(5.449334511335,4.465722860527,
    -2.400942611768));
#7042 = CARTESIAN_POINT('',(5.49393602262,4.465722860527,-2.526624180777
    ));
#7043 = CARTESIAN_POINT('',(5.538537533906,4.465722860527,
    -2.652305749786));
#7044 = CARTESIAN_POINT('',(5.583139045191,4.465722860527,
    -2.777987318795));
#7045 = CARTESIAN_POINT('',(5.449381529452,4.434989491655,
    -2.400925014378));
#7046 = CARTESIAN_POINT('',(5.500252123077,4.434989491655,
    -2.524260264764));
#7047 = CARTESIAN_POINT('',(5.551122716702,4.434989491655,-2.64759551515
    ));
#7048 = CARTESIAN_POINT('',(5.601993310327,4.434989491655,
    -2.770930765536));
#7049 = CARTESIAN_POINT('',(5.449446730987,4.408194601961,-2.40089584223
    ));
#7050 = CARTESIAN_POINT('',(5.509010862567,4.408194601961,
    -2.520341472904));
#7051 = CARTESIAN_POINT('',(5.568574994148,4.408194601961,
    -2.639787103577));
#7052 = CARTESIAN_POINT('',(5.628139125728,4.408194601961,
    -2.759232734251));
#7053 = CARTESIAN_POINT('',(5.449526845222,4.383976366719,
    -2.400851988338));
#7054 = CARTESIAN_POINT('',(5.519772874777,4.383976366719,
    -2.514450433439));
#7055 = CARTESIAN_POINT('',(5.590018904333,4.383976366719,
    -2.628048878539));
#7056 = CARTESIAN_POINT('',(5.660264933889,4.383976366719,-2.74164732364
    ));
#7057 = CARTESIAN_POINT('',(5.449619739172,4.361881739488,
    -2.400788028948));
#7058 = CARTESIAN_POINT('',(5.532251628739,4.361881739488,
    -2.505858555349));
#7059 = CARTESIAN_POINT('',(5.614883518305,4.361881739488,
    -2.610929081751));
#7060 = CARTESIAN_POINT('',(5.697515407872,4.361881739488,
    -2.715999608152));
#7061 = CARTESIAN_POINT('',(5.449716032727,4.342986064466,-2.40070241122
    ));
#7062 = CARTESIAN_POINT('',(5.545187063039,4.342986064466,
    -2.494357240596));
#7063 = CARTESIAN_POINT('',(5.64065809335,4.342986064466,-2.588012069972
    ));
#7064 = CARTESIAN_POINT('',(5.736129123661,4.342986064466,
    -2.681666899347));
#7065 = CARTESIAN_POINT('',(5.449805743183,4.327761009656,
    -2.400597651864));
#7066 = CARTESIAN_POINT('',(5.557238167624,4.327761009656,-2.480284567)
  );
#7067 = CARTESIAN_POINT('',(5.664670592064,4.327761009656,
    -2.559971482136));
#7068 = CARTESIAN_POINT('',(5.772103016504,4.327761009656,
    -2.639658397273));
#7069 = CARTESIAN_POINT('',(5.449881782022,4.316169423575,
    -2.400478794541));
#7070 = CARTESIAN_POINT('',(5.567452718259,4.316169423575,
    -2.464318066711));
#7071 = CARTESIAN_POINT('',(5.685023654496,4.316169423575,
    -2.528157338881));
#7072 = CARTESIAN_POINT('',(5.802594590733,4.316169423575,
    -2.591996611051));
#7073 = CARTESIAN_POINT('',(5.449941875468,4.307697416705,
    -2.400346452098));
#7074 = CARTESIAN_POINT('',(5.575525271197,4.307697416705,
    -2.446540065232));
#7075 = CARTESIAN_POINT('',(5.701108666926,4.307697416705,
    -2.492733678365));
#7076 = CARTESIAN_POINT('',(5.826692062656,4.307697416705,
    -2.538927291498));
#7077 = CARTESIAN_POINT('',(5.449980504043,4.302536293919,
    -2.400211893081));
#7078 = CARTESIAN_POINT('',(5.580714376467,4.302536293919,
    -2.428464303841));
#7079 = CARTESIAN_POINT('',(5.711448248891,4.302536293919,
    -2.456716714601));
#7080 = CARTESIAN_POINT('',(5.842182121315,4.302536293919,
    -2.484969125361));
#7081 = CARTESIAN_POINT('',(5.449997283288,4.300351748106,
    -2.400094666319));
#7082 = CARTESIAN_POINT('',(5.582968388334,4.300351748106,
    -2.412716842185));
#7083 = CARTESIAN_POINT('',(5.71593949338,4.300351748106,-2.425339018051
    ));
#7084 = CARTESIAN_POINT('',(5.848910598427,4.300351748106,
    -2.437961193917));
#7085 = CARTESIAN_POINT('',(5.45,4.3,-2.40002656077));
#7086 = CARTESIAN_POINT('',(5.583333333333,4.3,-2.403567996755));
#7087 = CARTESIAN_POINT('',(5.716666666667,4.3,-2.407109432739));
#7088 = CARTESIAN_POINT('',(5.85,4.3,-2.410650868724));
#7089 = CARTESIAN_POINT('',(5.45,4.3,-2.4));
#7090 = CARTESIAN_POINT('',(5.583333333333,4.3,-2.4));
#7091 = CARTESIAN_POINT('',(5.716666666667,4.3,-2.4));
#7092 = CARTESIAN_POINT('',(5.85,4.3,-2.4));
#7093 = ADVANCED_FACE('',(#7094),#7100,.T.);
#7094 = FACE_BOUND('',#7095,.T.);
#7095 = EDGE_LOOP('',(#7096,#7097,#7098,#7099));
#7096 = ORIENTED_EDGE('',*,*,#6709,.F.);
#7097 = ORIENTED_EDGE('',*,*,#6684,.F.);
#7098 = ORIENTED_EDGE('',*,*,#6909,.T.);
#7099 = ORIENTED_EDGE('',*,*,#3342,.F.);
#7100 = PLANE('',#7101);
#7101 = AXIS2_PLACEMENT_3D('',#7102,#7103,#7104);
#7102 = CARTESIAN_POINT('',(5.449,4.5,1.7));
#7103 = DIRECTION('',(0.,1.,0.));
#7104 = DIRECTION('',(1.,-0.,0.));
#7105 = ADVANCED_FACE('',(#7106),#7112,.T.);
#7106 = FACE_BOUND('',#7107,.T.);
#7107 = EDGE_LOOP('',(#7108,#7109,#7110,#7111));
#7108 = ORIENTED_EDGE('',*,*,#6701,.F.);
#7109 = ORIENTED_EDGE('',*,*,#3512,.F.);
#7110 = ORIENTED_EDGE('',*,*,#6901,.T.);
#7111 = ORIENTED_EDGE('',*,*,#6734,.T.);
#7112 = PLANE('',#7113);
#7113 = AXIS2_PLACEMENT_3D('',#7114,#7115,#7116);
#7114 = CARTESIAN_POINT('',(5.85,-4.5,1.299));
#7115 = DIRECTION('',(0.,-1.,0.));
#7116 = DIRECTION('',(8.3E-16,0.,1.));
#7117 = ADVANCED_FACE('',(#7118),#7124,.T.);
#7118 = FACE_BOUND('',#7119,.T.);
#7119 = EDGE_LOOP('',(#7120,#7121,#7122,#7123));
#7120 = ORIENTED_EDGE('',*,*,#6787,.F.);
#7121 = ORIENTED_EDGE('',*,*,#6752,.F.);
#7122 = ORIENTED_EDGE('',*,*,#6878,.T.);
#7123 = ORIENTED_EDGE('',*,*,#4632,.F.);
#7124 = B_SPLINE_SURFACE_WITH_KNOTS('',3,3,(
    (#7125,#7126,#7127,#7128)
    ,(#7129,#7130,#7131,#7132)
    ,(#7133,#7134,#7135,#7136)
    ,(#7137,#7138,#7139,#7140)
    ,(#7141,#7142,#7143,#7144)
    ,(#7145,#7146,#7147,#7148)
    ,(#7149,#7150,#7151,#7152)
    ,(#7153,#7154,#7155,#7156)
    ,(#7157,#7158,#7159,#7160)
    ,(#7161,#7162,#7163,#7164)
    ,(#7165,#7166,#7167,#7168)
    ,(#7169,#7170,#7171,#7172)
    ,(#7173,#7174,#7175,#7176)
    ,(#7177,#7178,#7179,#7180)
    ,(#7181,#7182,#7183,#7184
    )),.UNSPECIFIED.,.F.,.F.,.F.,(4,1,1,1,1,1,1,1,1,1,1,1,4),(4,4),(0.,
    0.178970329911,0.335191066562,0.475214859419,0.615238652276,
    0.759027059308,0.902814370983,1.034560251291,1.161374785954,
    1.283848233201,1.406321680447,1.506652067526,1.570796326795),(0.,1.)
  ,.UNSPECIFIED.);
#7125 = CARTESIAN_POINT('',(5.578394951766,-4.5,-2.779549662702));
#7126 = CARTESIAN_POINT('',(5.535370861403,-4.5,-2.653348611097));
#7127 = CARTESIAN_POINT('',(5.492346771041,-4.5,-2.527147559492));
#7128 = CARTESIAN_POINT('',(5.449322680678,-4.5,-2.400946507887));
#7129 = CARTESIAN_POINT('',(5.578394951766,-4.488068644673,
    -2.779549662702));
#7130 = CARTESIAN_POINT('',(5.535370861403,-4.488068644673,
    -2.653348611097));
#7131 = CARTESIAN_POINT('',(5.492346771041,-4.488068644673,
    -2.527147559492));
#7132 = CARTESIAN_POINT('',(5.449322680678,-4.488068644673,
    -2.400946507887));
#7133 = CARTESIAN_POINT('',(5.583139045192,-4.465722860526,
    -2.777987318795));
#7134 = CARTESIAN_POINT('',(5.538537533906,-4.465722860526,
    -2.652305749786));
#7135 = CARTESIAN_POINT('',(5.49393602262,-4.465722860526,
    -2.526624180777));
#7136 = CARTESIAN_POINT('',(5.449334511335,-4.465722860526,
    -2.400942611768));
#7137 = CARTESIAN_POINT('',(5.601993310328,-4.434989491655,
    -2.770930765536));
#7138 = CARTESIAN_POINT('',(5.551122716703,-4.434989491655,
    -2.64759551515));
#7139 = CARTESIAN_POINT('',(5.500252123077,-4.434989491655,
    -2.524260264764));
#7140 = CARTESIAN_POINT('',(5.449381529452,-4.434989491655,
    -2.400925014378));
#7141 = CARTESIAN_POINT('',(5.628139125729,-4.40819460196,
    -2.759232734251));
#7142 = CARTESIAN_POINT('',(5.568574994148,-4.40819460196,
    -2.639787103577));
#7143 = CARTESIAN_POINT('',(5.509010862568,-4.40819460196,
    -2.520341472904));
#7144 = CARTESIAN_POINT('',(5.449446730987,-4.40819460196,-2.40089584223
    ));
#7145 = CARTESIAN_POINT('',(5.66026493389,-4.383976366718,
    -2.741647323639));
#7146 = CARTESIAN_POINT('',(5.590018904334,-4.383976366718,
    -2.628048878539));
#7147 = CARTESIAN_POINT('',(5.519772874778,-4.383976366718,
    -2.514450433439));
#7148 = CARTESIAN_POINT('',(5.449526845222,-4.383976366718,
    -2.400851988338));
#7149 = CARTESIAN_POINT('',(5.697515407873,-4.361881739487,
    -2.715999608151));
#7150 = CARTESIAN_POINT('',(5.614883518306,-4.361881739487,
    -2.61092908175));
#7151 = CARTESIAN_POINT('',(5.532251628739,-4.361881739487,
    -2.505858555349));
#7152 = CARTESIAN_POINT('',(5.449619739172,-4.361881739487,
    -2.400788028948));
#7153 = CARTESIAN_POINT('',(5.736129123663,-4.342986064466,
    -2.681666899346));
#7154 = CARTESIAN_POINT('',(5.640658093351,-4.342986064466,
    -2.588012069971));
#7155 = CARTESIAN_POINT('',(5.545187063039,-4.342986064466,
    -2.494357240596));
#7156 = CARTESIAN_POINT('',(5.449716032727,-4.342986064466,
    -2.40070241122));
#7157 = CARTESIAN_POINT('',(5.772103016505,-4.327761009656,
    -2.639658397271));
#7158 = CARTESIAN_POINT('',(5.664670592065,-4.327761009656,
    -2.559971482135));
#7159 = CARTESIAN_POINT('',(5.557238167624,-4.327761009656,
    -2.480284566999));
#7160 = CARTESIAN_POINT('',(5.449805743183,-4.327761009656,
    -2.400597651864));
#7161 = CARTESIAN_POINT('',(5.802594590734,-4.316169423574,
    -2.59199661105));
#7162 = CARTESIAN_POINT('',(5.685023654497,-4.316169423574,
    -2.52815733888));
#7163 = CARTESIAN_POINT('',(5.567452718259,-4.316169423574,
    -2.464318066711));
#7164 = CARTESIAN_POINT('',(5.449881782022,-4.316169423574,
    -2.400478794541));
#7165 = CARTESIAN_POINT('',(5.826692062656,-4.307697416705,
    -2.538927291496));
#7166 = CARTESIAN_POINT('',(5.701108666927,-4.307697416705,
    -2.492733678363));
#7167 = CARTESIAN_POINT('',(5.575525271197,-4.307697416705,
    -2.446540065231));
#7168 = CARTESIAN_POINT('',(5.449941875468,-4.307697416705,
    -2.400346452098));
#7169 = CARTESIAN_POINT('',(5.842182121315,-4.302536293918,
    -2.484969125359));
#7170 = CARTESIAN_POINT('',(5.711448248891,-4.302536293918,-2.4567167146
    ));
#7171 = CARTESIAN_POINT('',(5.580714376467,-4.302536293918,
    -2.42846430384));
#7172 = CARTESIAN_POINT('',(5.449980504043,-4.302536293918,
    -2.400211893081));
#7173 = CARTESIAN_POINT('',(5.848910598427,-4.300351748106,
    -2.437961193915));
#7174 = CARTESIAN_POINT('',(5.71593949338,-4.300351748106,-2.42533901805
    ));
#7175 = CARTESIAN_POINT('',(5.582968388334,-4.300351748106,
    -2.412716842184));
#7176 = CARTESIAN_POINT('',(5.449997283288,-4.300351748106,
    -2.400094666319));
#7177 = CARTESIAN_POINT('',(5.85,-4.3,-2.410650868723));
#7178 = CARTESIAN_POINT('',(5.716666666667,-4.3,-2.407109432739));
#7179 = CARTESIAN_POINT('',(5.583333333333,-4.3,-2.403567996754));
#7180 = CARTESIAN_POINT('',(5.45,-4.3,-2.40002656077));
#7181 = CARTESIAN_POINT('',(5.85,-4.3,-2.4));
#7182 = CARTESIAN_POINT('',(5.716666666667,-4.3,-2.4));
#7183 = CARTESIAN_POINT('',(5.583333333333,-4.3,-2.4));
#7184 = CARTESIAN_POINT('',(5.45,-4.3,-2.4));
#7185 = ADVANCED_FACE('',(#7186),#7192,.T.);
#7186 = FACE_BOUND('',#7187,.T.);
#7187 = EDGE_LOOP('',(#7188,#7189,#7190,#7191));
#7188 = ORIENTED_EDGE('',*,*,#6866,.T.);
#7189 = ORIENTED_EDGE('',*,*,#6822,.T.);
#7190 = ORIENTED_EDGE('',*,*,#6768,.F.);
#7191 = ORIENTED_EDGE('',*,*,#4665,.T.);
#7192 = B_SPLINE_SURFACE_WITH_KNOTS('',3,3,(
    (#7193,#7194,#7195,#7196)
    ,(#7197,#7198,#7199,#7200)
    ,(#7201,#7202,#7203,#7204)
    ,(#7205,#7206,#7207,#7208)
    ,(#7209,#7210,#7211,#7212)
    ,(#7213,#7214,#7215,#7216)
    ,(#7217,#7218,#7219,#7220)
    ,(#7221,#7222,#7223,#7224)
    ,(#7225,#7226,#7227,#7228)
    ,(#7229,#7230,#7231,#7232)
    ,(#7233,#7234,#7235,#7236)
    ,(#7237,#7238,#7239,#7240)
    ,(#7241,#7242,#7243,#7244)
    ,(#7245,#7246,#7247,#7248)
    ,(#7249,#7250,#7251,#7252
    )),.UNSPECIFIED.,.F.,.F.,.F.,(4,1,1,1,1,1,1,1,1,1,1,1,4),(4,4),(0.,
    0.178970329909,0.335191066559,0.475214859416,0.615238652273,
    0.759027059305,0.90281437098,1.034560251288,1.161374785951,
    1.283848233197,1.406321680444,1.506652067523,1.570796326795),(0.,1.)
  ,.UNSPECIFIED.);
#7193 = CARTESIAN_POINT('',(5.449322680678,-2.4,-2.400946507887));
#7194 = CARTESIAN_POINT('',(5.492346771041,-2.4,-2.527147559492));
#7195 = CARTESIAN_POINT('',(5.535370861403,-2.4,-2.653348611097));
#7196 = CARTESIAN_POINT('',(5.578394951766,-2.4,-2.779549662702));
#7197 = CARTESIAN_POINT('',(5.449322680678,-2.411931355327,
    -2.400946507887));
#7198 = CARTESIAN_POINT('',(5.492346771041,-2.411931355327,
    -2.527147559492));
#7199 = CARTESIAN_POINT('',(5.535370861403,-2.411931355327,
    -2.653348611097));
#7200 = CARTESIAN_POINT('',(5.578394951766,-2.411931355327,
    -2.779549662702));
#7201 = CARTESIAN_POINT('',(5.449334511335,-2.434277139473,
    -2.400942611768));
#7202 = CARTESIAN_POINT('',(5.49393602262,-2.434277139473,
    -2.526624180777));
#7203 = CARTESIAN_POINT('',(5.538537533906,-2.434277139473,
    -2.652305749786));
#7204 = CARTESIAN_POINT('',(5.583139045192,-2.434277139473,
    -2.777987318795));
#7205 = CARTESIAN_POINT('',(5.449381529452,-2.465010508345,
    -2.400925014378));
#7206 = CARTESIAN_POINT('',(5.500252123077,-2.465010508345,
    -2.524260264764));
#7207 = CARTESIAN_POINT('',(5.551122716702,-2.465010508345,
    -2.64759551515));
#7208 = CARTESIAN_POINT('',(5.601993310327,-2.465010508345,
    -2.770930765536));
#7209 = CARTESIAN_POINT('',(5.449446730987,-2.491805398039,
    -2.40089584223));
#7210 = CARTESIAN_POINT('',(5.509010862567,-2.491805398039,
    -2.520341472904));
#7211 = CARTESIAN_POINT('',(5.568574994148,-2.491805398039,
    -2.639787103577));
#7212 = CARTESIAN_POINT('',(5.628139125728,-2.491805398039,
    -2.759232734251));
#7213 = CARTESIAN_POINT('',(5.449526845222,-2.516023633281,
    -2.400851988338));
#7214 = CARTESIAN_POINT('',(5.519772874777,-2.516023633281,
    -2.514450433439));
#7215 = CARTESIAN_POINT('',(5.590018904333,-2.516023633281,
    -2.628048878539));
#7216 = CARTESIAN_POINT('',(5.660264933889,-2.516023633281,
    -2.74164732364));
#7217 = CARTESIAN_POINT('',(5.449619739172,-2.538118260512,
    -2.400788028948));
#7218 = CARTESIAN_POINT('',(5.532251628739,-2.538118260512,
    -2.505858555349));
#7219 = CARTESIAN_POINT('',(5.614883518306,-2.538118260512,
    -2.610929081751));
#7220 = CARTESIAN_POINT('',(5.697515407872,-2.538118260512,
    -2.715999608152));
#7221 = CARTESIAN_POINT('',(5.449716032727,-2.557013935534,
    -2.40070241122));
#7222 = CARTESIAN_POINT('',(5.545187063039,-2.557013935534,
    -2.494357240596));
#7223 = CARTESIAN_POINT('',(5.64065809335,-2.557013935534,
    -2.588012069971));
#7224 = CARTESIAN_POINT('',(5.736129123662,-2.557013935534,
    -2.681666899347));
#7225 = CARTESIAN_POINT('',(5.449805743183,-2.572238990344,
    -2.400597651864));
#7226 = CARTESIAN_POINT('',(5.557238167624,-2.572238990344,-2.480284567)
  );
#7227 = CARTESIAN_POINT('',(5.664670592064,-2.572238990344,
    -2.559971482136));
#7228 = CARTESIAN_POINT('',(5.772103016504,-2.572238990344,
    -2.639658397272));
#7229 = CARTESIAN_POINT('',(5.449881782022,-2.583830576425,
    -2.400478794541));
#7230 = CARTESIAN_POINT('',(5.567452718259,-2.583830576425,
    -2.464318066711));
#7231 = CARTESIAN_POINT('',(5.685023654496,-2.583830576425,
    -2.528157338881));
#7232 = CARTESIAN_POINT('',(5.802594590733,-2.583830576425,
    -2.591996611051));
#7233 = CARTESIAN_POINT('',(5.449941875468,-2.592302583295,
    -2.400346452098));
#7234 = CARTESIAN_POINT('',(5.575525271197,-2.592302583295,
    -2.446540065231));
#7235 = CARTESIAN_POINT('',(5.701108666926,-2.592302583295,
    -2.492733678364));
#7236 = CARTESIAN_POINT('',(5.826692062656,-2.592302583295,
    -2.538927291497));
#7237 = CARTESIAN_POINT('',(5.449980504043,-2.597463706081,
    -2.400211893081));
#7238 = CARTESIAN_POINT('',(5.580714376467,-2.597463706081,
    -2.428464303841));
#7239 = CARTESIAN_POINT('',(5.711448248891,-2.597463706081,
    -2.456716714601));
#7240 = CARTESIAN_POINT('',(5.842182121315,-2.597463706081,
    -2.484969125361));
#7241 = CARTESIAN_POINT('',(5.449997283288,-2.599648251894,
    -2.400094666319));
#7242 = CARTESIAN_POINT('',(5.582968388334,-2.599648251894,
    -2.412716842185));
#7243 = CARTESIAN_POINT('',(5.71593949338,-2.599648251894,-2.42533901805
    ));
#7244 = CARTESIAN_POINT('',(5.848910598427,-2.599648251894,
    -2.437961193916));
#7245 = CARTESIAN_POINT('',(5.45,-2.6,-2.40002656077));
#7246 = CARTESIAN_POINT('',(5.583333333333,-2.6,-2.403567996755));
#7247 = CARTESIAN_POINT('',(5.716666666667,-2.6,-2.407109432739));
#7248 = CARTESIAN_POINT('',(5.85,-2.6,-2.410650868724));
#7249 = CARTESIAN_POINT('',(5.45,-2.6,-2.4));
#7250 = CARTESIAN_POINT('',(5.583333333333,-2.6,-2.4));
#7251 = CARTESIAN_POINT('',(5.716666666667,-2.6,-2.4));
#7252 = CARTESIAN_POINT('',(5.85,-2.6,-2.4));
#7253 = ADVANCED_FACE('',(#7254),#7281,.F.);
#7254 = FACE_BOUND('',#7255,.F.);
#7255 = EDGE_LOOP('',(#7256,#7257,#7266,#7274));
#7256 = ORIENTED_EDGE('',*,*,#6165,.T.);
#7257 = ORIENTED_EDGE('',*,*,#7258,.T.);
#7258 = EDGE_CURVE('',#6168,#7259,#7261,.T.);
#7259 = VERTEX_POINT('',#7260);
#7260 = CARTESIAN_POINT('',(5.858618845138,1.25,-3.71939240156));
#7261 = CIRCLE('',#7262,0.1);
#7262 = AXIS2_PLACEMENT_3D('',#7263,#7264,#7265);
#7263 = CARTESIAN_POINT('',(5.95,1.25,-3.678778554955));
#7264 = DIRECTION('',(0.,-1.,0.));
#7265 = DIRECTION('',(-1.,0.,4.44E-15));
#7266 = ORIENTED_EDGE('',*,*,#7267,.F.);
#7267 = EDGE_CURVE('',#7268,#7259,#7270,.T.);
#7268 = VERTEX_POINT('',#7269);
#7269 = CARTESIAN_POINT('',(5.858618845138,-1.25,-3.71939240156));
#7270 = LINE('',#7271,#7272);
#7271 = CARTESIAN_POINT('',(5.858618845138,-1.25,-3.71939240156));
#7272 = VECTOR('',#7273,1.);
#7273 = DIRECTION('',(0.,1.,0.));
#7274 = ORIENTED_EDGE('',*,*,#7275,.F.);
#7275 = EDGE_CURVE('',#6166,#7268,#7276,.T.);
#7276 = CIRCLE('',#7277,0.1);
#7277 = AXIS2_PLACEMENT_3D('',#7278,#7279,#7280);
#7278 = CARTESIAN_POINT('',(5.95,-1.25,-3.678778554955));
#7279 = DIRECTION('',(0.,-1.,0.));
#7280 = DIRECTION('',(-1.,0.,4.44E-15));
#7281 = CYLINDRICAL_SURFACE('',#7282,0.1);
#7282 = AXIS2_PLACEMENT_3D('',#7283,#7284,#7285);
#7283 = CARTESIAN_POINT('',(5.95,-1.25,-3.678778554955));
#7284 = DIRECTION('',(-0.,-1.,-0.));
#7285 = DIRECTION('',(-1.,0.,6.9E-16));
#7286 = ADVANCED_FACE('',(#7287),#7312,.T.);
#7287 = FACE_BOUND('',#7288,.T.);
#7288 = EDGE_LOOP('',(#7289,#7297,#7305,#7311));
#7289 = ORIENTED_EDGE('',*,*,#7290,.T.);
#7290 = EDGE_CURVE('',#7268,#7291,#7293,.T.);
#7291 = VERTEX_POINT('',#7292);
#7292 = CARTESIAN_POINT('',(6.157105633858,-1.25,-4.390987676181));
#7293 = LINE('',#7294,#7295);
#7294 = CARTESIAN_POINT('',(5.858618845138,-1.25,-3.71939240156));
#7295 = VECTOR('',#7296,1.);
#7296 = DIRECTION('',(0.406138466053,0.,-0.91381154862));
#7297 = ORIENTED_EDGE('',*,*,#7298,.T.);
#7298 = EDGE_CURVE('',#7291,#7299,#7301,.T.);
#7299 = VERTEX_POINT('',#7300);
#7300 = CARTESIAN_POINT('',(6.157105633858,1.25,-4.390987676181));
#7301 = LINE('',#7302,#7303);
#7302 = CARTESIAN_POINT('',(6.157105633858,-1.25,-4.390987676181));
#7303 = VECTOR('',#7304,1.);
#7304 = DIRECTION('',(0.,1.,0.));
#7305 = ORIENTED_EDGE('',*,*,#7306,.F.);
#7306 = EDGE_CURVE('',#7259,#7299,#7307,.T.);
#7307 = LINE('',#7308,#7309);
#7308 = CARTESIAN_POINT('',(5.858618845138,1.25,-3.71939240156));
#7309 = VECTOR('',#7310,1.);
#7310 = DIRECTION('',(0.406138466053,0.,-0.91381154862));
#7311 = ORIENTED_EDGE('',*,*,#7267,.F.);
#7312 = PLANE('',#7313);
#7313 = AXIS2_PLACEMENT_3D('',#7314,#7315,#7316);
#7314 = CARTESIAN_POINT('',(5.858618845138,-1.25,-3.71939240156));
#7315 = DIRECTION('',(0.91381154862,-0.,0.406138466053));
#7316 = DIRECTION('',(0.406138466053,0.,-0.91381154862));
#7317 = ADVANCED_FACE('',(#7318),#7345,.T.);
#7318 = FACE_BOUND('',#7319,.T.);
#7319 = EDGE_LOOP('',(#7320,#7329,#7337,#7344));
#7320 = ORIENTED_EDGE('',*,*,#7321,.T.);
#7321 = EDGE_CURVE('',#7291,#7322,#7324,.T.);
#7322 = VERTEX_POINT('',#7323);
#7323 = CARTESIAN_POINT('',(6.152609210648,-1.25,-4.806955427372));
#7324 = CIRCLE('',#7325,0.5);
#7325 = AXIS2_PLACEMENT_3D('',#7326,#7327,#7328);
#7326 = CARTESIAN_POINT('',(5.700199859548,-1.25,-4.594056909207));
#7327 = DIRECTION('',(0.,1.,0.));
#7328 = DIRECTION('',(0.91381154862,-0.,0.406138466053));
#7329 = ORIENTED_EDGE('',*,*,#7330,.T.);
#7330 = EDGE_CURVE('',#7322,#7331,#7333,.T.);
#7331 = VERTEX_POINT('',#7332);
#7332 = CARTESIAN_POINT('',(6.152609210648,1.25,-4.806955427372));
#7333 = LINE('',#7334,#7335);
#7334 = CARTESIAN_POINT('',(6.152609210648,-1.25,-4.806955427372));
#7335 = VECTOR('',#7336,1.);
#7336 = DIRECTION('',(0.,1.,0.));
#7337 = ORIENTED_EDGE('',*,*,#7338,.F.);
#7338 = EDGE_CURVE('',#7299,#7331,#7339,.T.);
#7339 = CIRCLE('',#7340,0.5);
#7340 = AXIS2_PLACEMENT_3D('',#7341,#7342,#7343);
#7341 = CARTESIAN_POINT('',(5.700199859548,1.25,-4.594056909207));
#7342 = DIRECTION('',(0.,1.,0.));
#7343 = DIRECTION('',(0.91381154862,-0.,0.406138466053));
#7344 = ORIENTED_EDGE('',*,*,#7298,.F.);
#7345 = CYLINDRICAL_SURFACE('',#7346,0.5);
#7346 = AXIS2_PLACEMENT_3D('',#7347,#7348,#7349);
#7347 = CARTESIAN_POINT('',(5.700199859548,-1.25,-4.594056909207));
#7348 = DIRECTION('',(0.,1.,0.));
#7349 = DIRECTION('',(0.91381154862,-0.,0.406138466053));
#7350 = ADVANCED_FACE('',(#7351),#7377,.T.);
#7351 = FACE_BOUND('',#7352,.T.);
#7352 = EDGE_LOOP('',(#7353,#7361,#7362,#7370));
#7353 = ORIENTED_EDGE('',*,*,#7354,.F.);
#7354 = EDGE_CURVE('',#7331,#7355,#7357,.T.);
#7355 = VERTEX_POINT('',#7356);
#7356 = CARTESIAN_POINT('',(5.982246295412,1.25,-5.168976622249));
#7357 = LINE('',#7358,#7359);
#7358 = CARTESIAN_POINT('',(6.152609210648,1.25,-4.806955427372));
#7359 = VECTOR('',#7360,1.);
#7360 = DIRECTION('',(-0.42579703633,0.,-0.904818702201));
#7361 = ORIENTED_EDGE('',*,*,#7330,.F.);
#7362 = ORIENTED_EDGE('',*,*,#7363,.T.);
#7363 = EDGE_CURVE('',#7322,#7364,#7366,.T.);
#7364 = VERTEX_POINT('',#7365);
#7365 = CARTESIAN_POINT('',(5.982246295412,-1.25,-5.168976622249));
#7366 = LINE('',#7367,#7368);
#7367 = CARTESIAN_POINT('',(6.152609210648,-1.25,-4.806955427372));
#7368 = VECTOR('',#7369,1.);
#7369 = DIRECTION('',(-0.42579703633,0.,-0.904818702201));
#7370 = ORIENTED_EDGE('',*,*,#7371,.T.);
#7371 = EDGE_CURVE('',#7364,#7355,#7372,.T.);
#7372 = CIRCLE('',#7373,1.25);
#7373 = AXIS2_PLACEMENT_3D('',#7374,#7375,#7376);
#7374 = CARTESIAN_POINT('',(5.982246295412,6.7E-16,-5.168976622249));
#7375 = DIRECTION('',(0.904818702201,0.,-0.42579703633));
#7376 = DIRECTION('',(-1.350481586402E-15,-1.,-2.869773371105E-15));
#7377 = PLANE('',#7378);
#7378 = AXIS2_PLACEMENT_3D('',#7379,#7380,#7381);
#7379 = CARTESIAN_POINT('',(6.152609210648,-1.25,-4.806955427372));
#7380 = DIRECTION('',(0.904818702201,0.,-0.42579703633));
#7381 = DIRECTION('',(-0.42579703633,0.,-0.904818702201));
#7382 = ADVANCED_FACE('',(#7383),#7418,.T.);
#7383 = FACE_BOUND('',#7384,.T.);
#7384 = EDGE_LOOP('',(#7385,#7396,#7404,#7412));
#7385 = ORIENTED_EDGE('',*,*,#7386,.T.);
#7386 = EDGE_CURVE('',#7387,#7389,#7391,.T.);
#7387 = VERTEX_POINT('',#7388);
#7388 = CARTESIAN_POINT('',(5.620318814532,1.25,-4.998657807717));
#7389 = VERTEX_POINT('',#7390);
#7390 = CARTESIAN_POINT('',(5.620318814532,-1.25,-4.998657807717));
#7391 = CIRCLE('',#7392,1.25);
#7392 = AXIS2_PLACEMENT_3D('',#7393,#7394,#7395);
#7393 = CARTESIAN_POINT('',(5.620318814532,6.7E-16,-4.998657807717));
#7394 = DIRECTION('',(-0.904818702201,0.,0.42579703633));
#7395 = DIRECTION('',(-9.504815864023E-16,1.,-2.019773371105E-15));
#7396 = ORIENTED_EDGE('',*,*,#7397,.T.);
#7397 = EDGE_CURVE('',#7389,#7398,#7400,.T.);
#7398 = VERTEX_POINT('',#7399);
#7399 = CARTESIAN_POINT('',(5.790681729768,-1.25,-4.63663661284));
#7400 = LINE('',#7401,#7402);
#7401 = CARTESIAN_POINT('',(5.620318814532,-1.25,-4.998657807717));
#7402 = VECTOR('',#7403,1.);
#7403 = DIRECTION('',(0.42579703633,0.,0.904818702201));
#7404 = ORIENTED_EDGE('',*,*,#7405,.T.);
#7405 = EDGE_CURVE('',#7398,#7406,#7408,.T.);
#7406 = VERTEX_POINT('',#7407);
#7407 = CARTESIAN_POINT('',(5.790681729768,1.25,-4.63663661284));
#7408 = LINE('',#7409,#7410);
#7409 = CARTESIAN_POINT('',(5.790681729768,-1.25,-4.63663661284));
#7410 = VECTOR('',#7411,1.);
#7411 = DIRECTION('',(0.,1.,0.));
#7412 = ORIENTED_EDGE('',*,*,#7413,.F.);
#7413 = EDGE_CURVE('',#7387,#7406,#7414,.T.);
#7414 = LINE('',#7415,#7416);
#7415 = CARTESIAN_POINT('',(5.620318814532,1.25,-4.998657807717));
#7416 = VECTOR('',#7417,1.);
#7417 = DIRECTION('',(0.42579703633,0.,0.904818702201));
#7418 = PLANE('',#7419);
#7419 = AXIS2_PLACEMENT_3D('',#7420,#7421,#7422);
#7420 = CARTESIAN_POINT('',(5.08807251912,-1.25,-6.129681185468));
#7421 = DIRECTION('',(-0.904818702201,0.,0.42579703633));
#7422 = DIRECTION('',(0.42579703633,0.,0.904818702201));
#7423 = ADVANCED_FACE('',(#7424),#7451,.F.);
#7424 = FACE_BOUND('',#7425,.F.);
#7425 = EDGE_LOOP('',(#7426,#7427,#7436,#7444));
#7426 = ORIENTED_EDGE('',*,*,#7405,.T.);
#7427 = ORIENTED_EDGE('',*,*,#7428,.T.);
#7428 = EDGE_CURVE('',#7406,#7429,#7431,.T.);
#7429 = VERTEX_POINT('',#7430);
#7430 = CARTESIAN_POINT('',(5.79158101441,1.25,-4.553443062602));
#7431 = CIRCLE('',#7432,0.1);
#7432 = AXIS2_PLACEMENT_3D('',#7433,#7434,#7435);
#7433 = CARTESIAN_POINT('',(5.700199859548,1.25,-4.594056909207));
#7434 = DIRECTION('',(0.,-1.,0.));
#7435 = DIRECTION('',(0.904818702201,0.,-0.42579703633));
#7436 = ORIENTED_EDGE('',*,*,#7437,.F.);
#7437 = EDGE_CURVE('',#7438,#7429,#7440,.T.);
#7438 = VERTEX_POINT('',#7439);
#7439 = CARTESIAN_POINT('',(5.79158101441,-1.25,-4.553443062602));
#7440 = LINE('',#7441,#7442);
#7441 = CARTESIAN_POINT('',(5.79158101441,-1.25,-4.553443062602));
#7442 = VECTOR('',#7443,1.);
#7443 = DIRECTION('',(0.,1.,0.));
#7444 = ORIENTED_EDGE('',*,*,#7445,.F.);
#7445 = EDGE_CURVE('',#7398,#7438,#7446,.T.);
#7446 = CIRCLE('',#7447,0.1);
#7447 = AXIS2_PLACEMENT_3D('',#7448,#7449,#7450);
#7448 = CARTESIAN_POINT('',(5.700199859548,-1.25,-4.594056909207));
#7449 = DIRECTION('',(0.,-1.,0.));
#7450 = DIRECTION('',(0.904818702201,0.,-0.42579703633));
#7451 = CYLINDRICAL_SURFACE('',#7452,0.1);
#7452 = AXIS2_PLACEMENT_3D('',#7453,#7454,#7455);
#7453 = CARTESIAN_POINT('',(5.700199859548,-1.25,-4.594056909207));
#7454 = DIRECTION('',(-0.,-1.,-0.));
#7455 = DIRECTION('',(0.904818702201,0.,-0.42579703633));
#7456 = ADVANCED_FACE('',(#7457),#7482,.T.);
#7457 = FACE_BOUND('',#7458,.T.);
#7458 = EDGE_LOOP('',(#7459,#7467,#7475,#7481));
#7459 = ORIENTED_EDGE('',*,*,#7460,.T.);
#7460 = EDGE_CURVE('',#7438,#7461,#7463,.T.);
#7461 = VERTEX_POINT('',#7462);
#7462 = CARTESIAN_POINT('',(5.49309422569,-1.25,-3.881847787982));
#7463 = LINE('',#7464,#7465);
#7464 = CARTESIAN_POINT('',(5.79158101441,-1.25,-4.553443062602));
#7465 = VECTOR('',#7466,1.);
#7466 = DIRECTION('',(-0.406138466053,0.,0.91381154862));
#7467 = ORIENTED_EDGE('',*,*,#7468,.T.);
#7468 = EDGE_CURVE('',#7461,#7469,#7471,.T.);
#7469 = VERTEX_POINT('',#7470);
#7470 = CARTESIAN_POINT('',(5.49309422569,1.25,-3.881847787982));
#7471 = LINE('',#7472,#7473);
#7472 = CARTESIAN_POINT('',(5.49309422569,-1.25,-3.881847787982));
#7473 = VECTOR('',#7474,1.);
#7474 = DIRECTION('',(0.,1.,0.));
#7475 = ORIENTED_EDGE('',*,*,#7476,.F.);
#7476 = EDGE_CURVE('',#7429,#7469,#7477,.T.);
#7477 = LINE('',#7478,#7479);
#7478 = CARTESIAN_POINT('',(5.79158101441,1.25,-4.553443062602));
#7479 = VECTOR('',#7480,1.);
#7480 = DIRECTION('',(-0.406138466053,0.,0.91381154862));
#7481 = ORIENTED_EDGE('',*,*,#7437,.F.);
#7482 = PLANE('',#7483);
#7483 = AXIS2_PLACEMENT_3D('',#7484,#7485,#7486);
#7484 = CARTESIAN_POINT('',(5.79158101441,-1.25,-4.553443062602));
#7485 = DIRECTION('',(-0.91381154862,0.,-0.406138466053));
#7486 = DIRECTION('',(-0.406138466053,0.,0.91381154862));
#7487 = ADVANCED_FACE('',(#7488),#7506,.T.);
#7488 = FACE_BOUND('',#7489,.T.);
#7489 = EDGE_LOOP('',(#7490,#7497,#7498,#7505));
#7490 = ORIENTED_EDGE('',*,*,#7491,.T.);
#7491 = EDGE_CURVE('',#7461,#6344,#7492,.T.);
#7492 = CIRCLE('',#7493,0.5);
#7493 = AXIS2_PLACEMENT_3D('',#7494,#7495,#7496);
#7494 = CARTESIAN_POINT('',(5.95,-1.25,-3.678778554955));
#7495 = DIRECTION('',(0.,1.,0.));
#7496 = DIRECTION('',(-0.91381154862,0.,-0.406138466053));
#7497 = ORIENTED_EDGE('',*,*,#6341,.F.);
#7498 = ORIENTED_EDGE('',*,*,#7499,.F.);
#7499 = EDGE_CURVE('',#7469,#6342,#7500,.T.);
#7500 = CIRCLE('',#7501,0.5);
#7501 = AXIS2_PLACEMENT_3D('',#7502,#7503,#7504);
#7502 = CARTESIAN_POINT('',(5.95,1.25,-3.678778554955));
#7503 = DIRECTION('',(0.,1.,0.));
#7504 = DIRECTION('',(-0.91381154862,0.,-0.406138466053));
#7505 = ORIENTED_EDGE('',*,*,#7468,.F.);
#7506 = CYLINDRICAL_SURFACE('',#7507,0.5);
#7507 = AXIS2_PLACEMENT_3D('',#7508,#7509,#7510);
#7508 = CARTESIAN_POINT('',(5.95,-1.25,-3.678778554955));
#7509 = DIRECTION('',(0.,1.,0.));
#7510 = DIRECTION('',(-0.91381154862,0.,-0.406138466053));
#7511 = ADVANCED_FACE('',(#7512),#7528,.T.);
#7512 = FACE_BOUND('',#7513,.T.);
#7513 = EDGE_LOOP('',(#7514,#7520,#7521,#7527));
#7514 = ORIENTED_EDGE('',*,*,#7515,.T.);
#7515 = EDGE_CURVE('',#7355,#7387,#7516,.T.);
#7516 = LINE('',#7517,#7518);
#7517 = CARTESIAN_POINT('',(5.982246295412,1.25,-5.168976622249));
#7518 = VECTOR('',#7519,1.);
#7519 = DIRECTION('',(-0.904818702201,0.,0.42579703633));
#7520 = ORIENTED_EDGE('',*,*,#7413,.T.);
#7521 = ORIENTED_EDGE('',*,*,#7522,.T.);
#7522 = EDGE_CURVE('',#7406,#7331,#7523,.T.);
#7523 = LINE('',#7524,#7525);
#7524 = CARTESIAN_POINT('',(5.790681729768,1.25,-4.63663661284));
#7525 = VECTOR('',#7526,1.);
#7526 = DIRECTION('',(0.904818702201,0.,-0.42579703633));
#7527 = ORIENTED_EDGE('',*,*,#7354,.T.);
#7528 = PLANE('',#7529);
#7529 = AXIS2_PLACEMENT_3D('',#7530,#7531,#7532);
#7530 = CARTESIAN_POINT('',(5.85,1.25,-3.7));
#7531 = DIRECTION('',(0.,1.,0.));
#7532 = DIRECTION('',(1.,0.,-8.3E-16));
#7533 = ADVANCED_FACE('',(#7534),#7550,.F.);
#7534 = FACE_BOUND('',#7535,.T.);
#7535 = EDGE_LOOP('',(#7536,#7542,#7543,#7549));
#7536 = ORIENTED_EDGE('',*,*,#7537,.T.);
#7537 = EDGE_CURVE('',#7398,#7322,#7538,.T.);
#7538 = LINE('',#7539,#7540);
#7539 = CARTESIAN_POINT('',(5.790681729768,-1.25,-4.63663661284));
#7540 = VECTOR('',#7541,1.);
#7541 = DIRECTION('',(0.904818702201,0.,-0.42579703633));
#7542 = ORIENTED_EDGE('',*,*,#7321,.F.);
#7543 = ORIENTED_EDGE('',*,*,#7544,.T.);
#7544 = EDGE_CURVE('',#7291,#7438,#7545,.T.);
#7545 = LINE('',#7546,#7547);
#7546 = CARTESIAN_POINT('',(6.157105633858,-1.25,-4.390987676181));
#7547 = VECTOR('',#7548,1.);
#7548 = DIRECTION('',(-0.91381154862,0.,-0.406138466053));
#7549 = ORIENTED_EDGE('',*,*,#7445,.F.);
#7550 = PLANE('',#7551);
#7551 = AXIS2_PLACEMENT_3D('',#7552,#7553,#7554);
#7552 = CARTESIAN_POINT('',(5.85,-1.25,-3.7));
#7553 = DIRECTION('',(0.,1.,0.));
#7554 = DIRECTION('',(1.,0.,-8.3E-16));
#7555 = ADVANCED_FACE('',(#7556),#7567,.F.);
#7556 = FACE_BOUND('',#7557,.T.);
#7557 = EDGE_LOOP('',(#7558,#7564,#7565,#7566));
#7558 = ORIENTED_EDGE('',*,*,#7559,.F.);
#7559 = EDGE_CURVE('',#7364,#7389,#7560,.T.);
#7560 = LINE('',#7561,#7562);
#7561 = CARTESIAN_POINT('',(5.982246295412,-1.25,-5.168976622249));
#7562 = VECTOR('',#7563,1.);
#7563 = DIRECTION('',(-0.904818702201,0.,0.42579703633));
#7564 = ORIENTED_EDGE('',*,*,#7363,.F.);
#7565 = ORIENTED_EDGE('',*,*,#7537,.F.);
#7566 = ORIENTED_EDGE('',*,*,#7397,.F.);
#7567 = PLANE('',#7568);
#7568 = AXIS2_PLACEMENT_3D('',#7569,#7570,#7571);
#7569 = CARTESIAN_POINT('',(5.85,-1.25,-3.7));
#7570 = DIRECTION('',(0.,1.,0.));
#7571 = DIRECTION('',(1.,0.,-8.3E-16));
#7572 = ADVANCED_FACE('',(#7573),#7584,.F.);
#7573 = FACE_BOUND('',#7574,.T.);
#7574 = EDGE_LOOP('',(#7575,#7576,#7577,#7583));
#7575 = ORIENTED_EDGE('',*,*,#7544,.F.);
#7576 = ORIENTED_EDGE('',*,*,#7290,.F.);
#7577 = ORIENTED_EDGE('',*,*,#7578,.F.);
#7578 = EDGE_CURVE('',#7461,#7268,#7579,.T.);
#7579 = LINE('',#7580,#7581);
#7580 = CARTESIAN_POINT('',(5.49309422569,-1.25,-3.881847787982));
#7581 = VECTOR('',#7582,1.);
#7582 = DIRECTION('',(0.91381154862,0.,0.406138466053));
#7583 = ORIENTED_EDGE('',*,*,#7460,.F.);
#7584 = PLANE('',#7585);
#7585 = AXIS2_PLACEMENT_3D('',#7586,#7587,#7588);
#7586 = CARTESIAN_POINT('',(5.85,-1.25,-3.7));
#7587 = DIRECTION('',(0.,1.,0.));
#7588 = DIRECTION('',(1.,0.,-8.3E-16));
#7589 = ADVANCED_FACE('',(#7590),#7596,.F.);
#7590 = FACE_BOUND('',#7591,.T.);
#7591 = EDGE_LOOP('',(#7592,#7593,#7594,#7595));
#7592 = ORIENTED_EDGE('',*,*,#7578,.T.);
#7593 = ORIENTED_EDGE('',*,*,#7275,.F.);
#7594 = ORIENTED_EDGE('',*,*,#6539,.F.);
#7595 = ORIENTED_EDGE('',*,*,#7491,.F.);
#7596 = PLANE('',#7597);
#7597 = AXIS2_PLACEMENT_3D('',#7598,#7599,#7600);
#7598 = CARTESIAN_POINT('',(5.85,-1.25,-3.7));
#7599 = DIRECTION('',(0.,1.,0.));
#7600 = DIRECTION('',(1.,0.,-8.3E-16));
#7601 = ADVANCED_FACE('',(#7602),#7613,.T.);
#7602 = FACE_BOUND('',#7603,.T.);
#7603 = EDGE_LOOP('',(#7604,#7605,#7606,#7612));
#7604 = ORIENTED_EDGE('',*,*,#7522,.F.);
#7605 = ORIENTED_EDGE('',*,*,#7428,.T.);
#7606 = ORIENTED_EDGE('',*,*,#7607,.F.);
#7607 = EDGE_CURVE('',#7299,#7429,#7608,.T.);
#7608 = LINE('',#7609,#7610);
#7609 = CARTESIAN_POINT('',(6.157105633858,1.25,-4.390987676181));
#7610 = VECTOR('',#7611,1.);
#7611 = DIRECTION('',(-0.91381154862,0.,-0.406138466053));
#7612 = ORIENTED_EDGE('',*,*,#7338,.T.);
#7613 = PLANE('',#7614);
#7614 = AXIS2_PLACEMENT_3D('',#7615,#7616,#7617);
#7615 = CARTESIAN_POINT('',(5.85,1.25,-3.7));
#7616 = DIRECTION('',(0.,1.,0.));
#7617 = DIRECTION('',(1.,0.,-8.3E-16));
#7618 = ADVANCED_FACE('',(#7619),#7630,.T.);
#7619 = FACE_BOUND('',#7620,.T.);
#7620 = EDGE_LOOP('',(#7621,#7622,#7623,#7629));
#7621 = ORIENTED_EDGE('',*,*,#7607,.T.);
#7622 = ORIENTED_EDGE('',*,*,#7476,.T.);
#7623 = ORIENTED_EDGE('',*,*,#7624,.T.);
#7624 = EDGE_CURVE('',#7469,#7259,#7625,.T.);
#7625 = LINE('',#7626,#7627);
#7626 = CARTESIAN_POINT('',(5.49309422569,1.25,-3.881847787982));
#7627 = VECTOR('',#7628,1.);
#7628 = DIRECTION('',(0.91381154862,0.,0.406138466053));
#7629 = ORIENTED_EDGE('',*,*,#7306,.T.);
#7630 = PLANE('',#7631);
#7631 = AXIS2_PLACEMENT_3D('',#7632,#7633,#7634);
#7632 = CARTESIAN_POINT('',(5.85,1.25,-3.7));
#7633 = DIRECTION('',(0.,1.,0.));
#7634 = DIRECTION('',(1.,0.,-8.3E-16));
#7635 = ADVANCED_FACE('',(#7636),#7642,.T.);
#7636 = FACE_BOUND('',#7637,.T.);
#7637 = EDGE_LOOP('',(#7638,#7639,#7640,#7641));
#7638 = ORIENTED_EDGE('',*,*,#7624,.F.);
#7639 = ORIENTED_EDGE('',*,*,#7499,.T.);
#7640 = ORIENTED_EDGE('',*,*,#6517,.F.);
#7641 = ORIENTED_EDGE('',*,*,#7258,.T.);
#7642 = PLANE('',#7643);
#7643 = AXIS2_PLACEMENT_3D('',#7644,#7645,#7646);
#7644 = CARTESIAN_POINT('',(5.85,1.25,-3.7));
#7645 = DIRECTION('',(0.,1.,0.));
#7646 = DIRECTION('',(1.,0.,-8.3E-16));
#7647 = ADVANCED_FACE('',(#7648),#7654,.T.);
#7648 = FACE_BOUND('',#7649,.T.);
#7649 = EDGE_LOOP('',(#7650,#7651,#7652,#7653));
#7650 = ORIENTED_EDGE('',*,*,#6029,.F.);
#7651 = ORIENTED_EDGE('',*,*,#5885,.F.);
#7652 = ORIENTED_EDGE('',*,*,#6073,.T.);
#7653 = ORIENTED_EDGE('',*,*,#5900,.F.);
#7654 = CYLINDRICAL_SURFACE('',#7655,1.25);
#7655 = AXIS2_PLACEMENT_3D('',#7656,#7657,#7658);
#7656 = CARTESIAN_POINT('',(-8.515738661575,6.7E-16,-6.361208323972));
#7657 = DIRECTION('',(0.904818702201,0.,0.42579703633));
#7658 = DIRECTION('',(1.078073654391E-15,-1.,-2.290906515581E-15));
#7659 = ADVANCED_FACE('',(#7660),#7666,.T.);
#7660 = FACE_BOUND('',#7661,.T.);
#7661 = EDGE_LOOP('',(#7662,#7663,#7664,#7665));
#7662 = ORIENTED_EDGE('',*,*,#7515,.F.);
#7663 = ORIENTED_EDGE('',*,*,#7371,.F.);
#7664 = ORIENTED_EDGE('',*,*,#7559,.T.);
#7665 = ORIENTED_EDGE('',*,*,#7386,.F.);
#7666 = CYLINDRICAL_SURFACE('',#7667,1.25);
#7667 = AXIS2_PLACEMENT_3D('',#7668,#7669,#7670);
#7668 = CARTESIAN_POINT('',(8.515738661575,6.7E-16,-6.361208323972));
#7669 = DIRECTION('',(-0.904818702201,0.,0.42579703633));
#7670 = DIRECTION('',(-5.314447592068E-16,1.,-1.129320113314E-15));
#7671 = ADVANCED_FACE('',(#7672),#7708,.T.);
#7672 = FACE_BOUND('',#7673,.T.);
#7673 = EDGE_LOOP('',(#7674,#7684,#7693,#7701));
#7674 = ORIENTED_EDGE('',*,*,#7675,.T.);
#7675 = EDGE_CURVE('',#7676,#7678,#7680,.T.);
#7676 = VERTEX_POINT('',#7677);
#7677 = CARTESIAN_POINT('',(-5.95,-1.25,4.090097423302E-02));
#7678 = VERTEX_POINT('',#7679);
#7679 = CARTESIAN_POINT('',(-5.95,1.25,4.090097423302E-02));
#7680 = LINE('',#7681,#7682);
#7681 = CARTESIAN_POINT('',(-5.95,-1.25,4.090097423302E-02));
#7682 = VECTOR('',#7683,1.);
#7683 = DIRECTION('',(0.,1.,3.6E-16));
#7684 = ORIENTED_EDGE('',*,*,#7685,.T.);
#7685 = EDGE_CURVE('',#7678,#7686,#7688,.T.);
#7686 = VERTEX_POINT('',#7687);
#7687 = CARTESIAN_POINT('',(-5.95,1.25,-0.840900974233));
#7688 = CIRCLE('',#7689,0.440900974233);
#7689 = AXIS2_PLACEMENT_3D('',#7690,#7691,#7692);
#7690 = CARTESIAN_POINT('',(-5.95,1.25,-0.4));
#7691 = DIRECTION('',(-1.,0.,-8.3E-16));
#7692 = DIRECTION('',(-8.3E-16,1.01E-15,1.));
#7693 = ORIENTED_EDGE('',*,*,#7694,.T.);
#7694 = EDGE_CURVE('',#7686,#7695,#7697,.T.);
#7695 = VERTEX_POINT('',#7696);
#7696 = CARTESIAN_POINT('',(-5.95,-1.25,-0.840900974233));
#7697 = LINE('',#7698,#7699);
#7698 = CARTESIAN_POINT('',(-5.95,1.25,-0.840900974233));
#7699 = VECTOR('',#7700,1.);
#7700 = DIRECTION('',(0.,-1.,-3.6E-16));
#7701 = ORIENTED_EDGE('',*,*,#7702,.T.);
#7702 = EDGE_CURVE('',#7695,#7676,#7703,.T.);
#7703 = CIRCLE('',#7704,0.440900974233);
#7704 = AXIS2_PLACEMENT_3D('',#7705,#7706,#7707);
#7705 = CARTESIAN_POINT('',(-5.95,-1.25,-0.4));
#7706 = DIRECTION('',(-1.,0.,-8.3E-16));
#7707 = DIRECTION('',(8.3E-16,-1.51E-15,-1.));
#7708 = PLANE('',#7709);
#7709 = AXIS2_PLACEMENT_3D('',#7710,#7711,#7712);
#7710 = CARTESIAN_POINT('',(-5.95,0.,-4.92E-15));
#7711 = DIRECTION('',(-1.,0.,-8.3E-16));
#7712 = DIRECTION('',(4.98E-32,-1.,-6.E-17));
#7713 = ADVANCED_FACE('',(#7714),#7732,.T.);
#7714 = FACE_BOUND('',#7715,.T.);
#7715 = EDGE_LOOP('',(#7716,#7717,#7724,#7725));
#7716 = ORIENTED_EDGE('',*,*,#7675,.F.);
#7717 = ORIENTED_EDGE('',*,*,#7718,.T.);
#7718 = EDGE_CURVE('',#7676,#4833,#7719,.T.);
#7719 = CIRCLE('',#7720,0.45);
#7720 = AXIS2_PLACEMENT_3D('',#7721,#7722,#7723);
#7721 = CARTESIAN_POINT('',(-5.5,-1.25,4.090097423302E-02));
#7722 = DIRECTION('',(0.,1.,2.5E-16));
#7723 = DIRECTION('',(-1.,5.25E-31,-2.1E-15));
#7724 = ORIENTED_EDGE('',*,*,#4832,.T.);
#7725 = ORIENTED_EDGE('',*,*,#7726,.F.);
#7726 = EDGE_CURVE('',#7678,#4824,#7727,.T.);
#7727 = CIRCLE('',#7728,0.45);
#7728 = AXIS2_PLACEMENT_3D('',#7729,#7730,#7731);
#7729 = CARTESIAN_POINT('',(-5.5,1.25,4.090097423302E-02));
#7730 = DIRECTION('',(0.,1.,3.2E-16));
#7731 = DIRECTION('',(-1.,-4.8E-31,1.5E-15));
#7732 = CYLINDRICAL_SURFACE('',#7733,0.45);
#7733 = AXIS2_PLACEMENT_3D('',#7734,#7735,#7736);
#7734 = CARTESIAN_POINT('',(-5.5,-3.05,4.090097423302E-02));
#7735 = DIRECTION('',(-0.,-1.,-3.2E-16));
#7736 = DIRECTION('',(-0.777777777778,-2.011325955375E-16,0.628539361055
    ));
#7737 = ADVANCED_FACE('',(#7738),#7750,.T.);
#7738 = FACE_BOUND('',#7739,.T.);
#7739 = EDGE_LOOP('',(#7740,#7741,#7742,#7743));
#7740 = ORIENTED_EDGE('',*,*,#7685,.F.);
#7741 = ORIENTED_EDGE('',*,*,#7726,.T.);
#7742 = ORIENTED_EDGE('',*,*,#4823,.T.);
#7743 = ORIENTED_EDGE('',*,*,#7744,.F.);
#7744 = EDGE_CURVE('',#7686,#4814,#7745,.T.);
#7745 = CIRCLE('',#7746,0.45);
#7746 = AXIS2_PLACEMENT_3D('',#7747,#7748,#7749);
#7747 = CARTESIAN_POINT('',(-5.5,1.25,-0.840900974233));
#7748 = DIRECTION('',(0.,-1.,-1.38E-15));
#7749 = DIRECTION('',(-1.,-1.6974E-30,1.23E-15));
#7750 = SURFACE_OF_REVOLUTION('',#7751,#7758);
#7751 = B_SPLINE_CURVE_WITH_KNOTS('',5,(#7752,#7753,#7754,#7755,#7756,
    #7757),.UNSPECIFIED.,.F.,.F.,(6,6),(0.891122507887,1.570796326795),
  .PIECEWISE_BEZIER_KNOTS.);
#7752 = CARTESIAN_POINT('',(-5.85,0.526256313292,-0.4));
#7753 = CARTESIAN_POINT('',(-5.888448157308,0.573833480616,-0.4));
#7754 = CARTESIAN_POINT('',(-5.918813368675,0.627943181637,-0.4));
#7755 = CARTESIAN_POINT('',(-5.939607309713,0.686757328498,-0.4));
#7756 = CARTESIAN_POINT('',(-5.95,0.747928382065,-0.4));
#7757 = CARTESIAN_POINT('',(-5.95,0.809099025767,-0.4));
#7758 = AXIS1_PLACEMENT('',#7759,#7760);
#7759 = CARTESIAN_POINT('',(-5.5,1.25,-0.4));
#7760 = DIRECTION('',(-1.,0.,-8.3E-16));
#7761 = ADVANCED_FACE('',(#7762),#7774,.T.);
#7762 = FACE_BOUND('',#7763,.T.);
#7763 = EDGE_LOOP('',(#7764,#7765,#7766,#7767));
#7764 = ORIENTED_EDGE('',*,*,#7694,.F.);
#7765 = ORIENTED_EDGE('',*,*,#7744,.T.);
#7766 = ORIENTED_EDGE('',*,*,#4813,.T.);
#7767 = ORIENTED_EDGE('',*,*,#7768,.F.);
#7768 = EDGE_CURVE('',#7695,#4816,#7769,.T.);
#7769 = CIRCLE('',#7770,0.45);
#7770 = AXIS2_PLACEMENT_3D('',#7771,#7772,#7773);
#7771 = CARTESIAN_POINT('',(-5.5,-1.25,-0.840900974233));
#7772 = DIRECTION('',(-0.,-1.,-4.7E-16));
#7773 = DIRECTION('',(-1.,0.,0.));
#7774 = CYLINDRICAL_SURFACE('',#7775,0.45);
#7775 = AXIS2_PLACEMENT_3D('',#7776,#7777,#7778);
#7776 = CARTESIAN_POINT('',(-5.5,3.05,-0.840900974233));
#7777 = DIRECTION('',(-0.,1.,4.7E-16));
#7778 = DIRECTION('',(-0.777777777778,2.954134996957E-16,-0.628539361055
    ));
#7779 = ADVANCED_FACE('',(#7780),#7786,.T.);
#7780 = FACE_BOUND('',#7781,.T.);
#7781 = EDGE_LOOP('',(#7782,#7783,#7784,#7785));
#7782 = ORIENTED_EDGE('',*,*,#7702,.F.);
#7783 = ORIENTED_EDGE('',*,*,#7768,.T.);
#7784 = ORIENTED_EDGE('',*,*,#4840,.T.);
#7785 = ORIENTED_EDGE('',*,*,#7718,.F.);
#7786 = SURFACE_OF_REVOLUTION('',#7787,#7794);
#7787 = B_SPLINE_CURVE_WITH_KNOTS('',5,(#7788,#7789,#7790,#7791,#7792,
    #7793),.UNSPECIFIED.,.F.,.F.,(6,6),(0.891122507887,1.570796326795),
  .PIECEWISE_BEZIER_KNOTS.);
#7788 = CARTESIAN_POINT('',(-5.85,-0.526256313292,-0.4));
#7789 = CARTESIAN_POINT('',(-5.888448157308,-0.573833480616,-0.4));
#7790 = CARTESIAN_POINT('',(-5.918813368675,-0.627943181637,-0.4));
#7791 = CARTESIAN_POINT('',(-5.939607309713,-0.686757328498,-0.4));
#7792 = CARTESIAN_POINT('',(-5.95,-0.747928382065,-0.4));
#7793 = CARTESIAN_POINT('',(-5.95,-0.809099025767,-0.4));
#7794 = AXIS1_PLACEMENT('',#7795,#7796);
#7795 = CARTESIAN_POINT('',(-5.5,-1.25,-0.4));
#7796 = DIRECTION('',(-1.,0.,-8.3E-16));
#7797 = ADVANCED_FACE('',(#7798),#7824,.F.);
#7798 = FACE_BOUND('',#7799,.F.);
#7799 = EDGE_LOOP('',(#7800,#7811,#7817,#7818));
#7800 = ORIENTED_EDGE('',*,*,#7801,.F.);
#7801 = EDGE_CURVE('',#7802,#7804,#7806,.T.);
#7802 = VERTEX_POINT('',#7803);
#7803 = CARTESIAN_POINT('',(-5.5,-1.25,-0.890900974233));
#7804 = VERTEX_POINT('',#7805);
#7805 = CARTESIAN_POINT('',(-5.5,-1.25,9.090097423302E-02));
#7806 = CIRCLE('',#7807,0.490900974233);
#7807 = AXIS2_PLACEMENT_3D('',#7808,#7809,#7810);
#7808 = CARTESIAN_POINT('',(-5.5,-1.25,-0.4));
#7809 = DIRECTION('',(-1.,0.,-8.3E-16));
#7810 = DIRECTION('',(8.3E-16,0.,-1.));
#7811 = ORIENTED_EDGE('',*,*,#7812,.F.);
#7812 = EDGE_CURVE('',#4990,#7802,#7813,.T.);
#7813 = LINE('',#7814,#7815);
#7814 = CARTESIAN_POINT('',(-5.45,-1.25,-0.890900974233));
#7815 = VECTOR('',#7816,1.);
#7816 = DIRECTION('',(-1.,0.,-2.22E-15));
#7817 = ORIENTED_EDGE('',*,*,#4989,.T.);
#7818 = ORIENTED_EDGE('',*,*,#7819,.T.);
#7819 = EDGE_CURVE('',#4992,#7804,#7820,.T.);
#7820 = LINE('',#7821,#7822);
#7821 = CARTESIAN_POINT('',(-5.45,-1.25,9.090097423302E-02));
#7822 = VECTOR('',#7823,1.);
#7823 = DIRECTION('',(-1.,0.,-8.3E-16));
#7824 = CYLINDRICAL_SURFACE('',#7825,0.490900974233);
#7825 = AXIS2_PLACEMENT_3D('',#7826,#7827,#7828);
#7826 = CARTESIAN_POINT('',(-5.45,-1.25,-0.4));
#7827 = DIRECTION('',(-1.,0.,-8.3E-16));
#7828 = DIRECTION('',(8.3E-16,6.E-17,-1.));
#7829 = ADVANCED_FACE('',(#7830),#7848,.F.);
#7830 = FACE_BOUND('',#7831,.T.);
#7831 = EDGE_LOOP('',(#7832,#7840,#7841,#7842));
#7832 = ORIENTED_EDGE('',*,*,#7833,.F.);
#7833 = EDGE_CURVE('',#5001,#7834,#7836,.T.);
#7834 = VERTEX_POINT('',#7835);
#7835 = CARTESIAN_POINT('',(-5.5,1.25,9.090097423302E-02));
#7836 = LINE('',#7837,#7838);
#7837 = CARTESIAN_POINT('',(-5.45,1.25,9.090097423302E-02));
#7838 = VECTOR('',#7839,1.);
#7839 = DIRECTION('',(-1.,0.,-8.3E-16));
#7840 = ORIENTED_EDGE('',*,*,#5000,.F.);
#7841 = ORIENTED_EDGE('',*,*,#7819,.T.);
#7842 = ORIENTED_EDGE('',*,*,#7843,.T.);
#7843 = EDGE_CURVE('',#7804,#7834,#7844,.T.);
#7844 = LINE('',#7845,#7846);
#7845 = CARTESIAN_POINT('',(-5.5,-1.25,9.090097423302E-02));
#7846 = VECTOR('',#7847,1.);
#7847 = DIRECTION('',(0.,1.,8.E-17));
#7848 = PLANE('',#7849);
#7849 = AXIS2_PLACEMENT_3D('',#7850,#7851,#7852);
#7850 = CARTESIAN_POINT('',(-5.45,-1.25,9.090097423302E-02));
#7851 = DIRECTION('',(-8.3E-16,-8.E-17,1.));
#7852 = DIRECTION('',(0.,1.,8.E-17));
#7853 = ADVANCED_FACE('',(#7854),#7873,.F.);
#7854 = FACE_BOUND('',#7855,.F.);
#7855 = EDGE_LOOP('',(#7856,#7865,#7866,#7867));
#7856 = ORIENTED_EDGE('',*,*,#7857,.F.);
#7857 = EDGE_CURVE('',#7834,#7858,#7860,.T.);
#7858 = VERTEX_POINT('',#7859);
#7859 = CARTESIAN_POINT('',(-5.5,1.25,-0.890900974233));
#7860 = CIRCLE('',#7861,0.490900974233);
#7861 = AXIS2_PLACEMENT_3D('',#7862,#7863,#7864);
#7862 = CARTESIAN_POINT('',(-5.5,1.25,-0.4));
#7863 = DIRECTION('',(-1.,0.,-8.3E-16));
#7864 = DIRECTION('',(-8.3E-16,-4.5E-16,1.));
#7865 = ORIENTED_EDGE('',*,*,#7833,.F.);
#7866 = ORIENTED_EDGE('',*,*,#5008,.T.);
#7867 = ORIENTED_EDGE('',*,*,#7868,.T.);
#7868 = EDGE_CURVE('',#5009,#7858,#7869,.T.);
#7869 = LINE('',#7870,#7871);
#7870 = CARTESIAN_POINT('',(-5.45,1.25,-0.890900974233));
#7871 = VECTOR('',#7872,1.);
#7872 = DIRECTION('',(-1.,0.,-2.22E-15));
#7873 = CYLINDRICAL_SURFACE('',#7874,0.490900974233);
#7874 = AXIS2_PLACEMENT_3D('',#7875,#7876,#7877);
#7875 = CARTESIAN_POINT('',(-5.45,1.25,-0.4));
#7876 = DIRECTION('',(-1.,0.,-8.3E-16));
#7877 = DIRECTION('',(-8.3E-16,-5.1E-16,1.));
#7878 = ADVANCED_FACE('',(#7879),#7890,.F.);
#7879 = FACE_BOUND('',#7880,.T.);
#7880 = EDGE_LOOP('',(#7881,#7882,#7883,#7884));
#7881 = ORIENTED_EDGE('',*,*,#7812,.F.);
#7882 = ORIENTED_EDGE('',*,*,#5017,.F.);
#7883 = ORIENTED_EDGE('',*,*,#7868,.T.);
#7884 = ORIENTED_EDGE('',*,*,#7885,.T.);
#7885 = EDGE_CURVE('',#7858,#7802,#7886,.T.);
#7886 = LINE('',#7887,#7888);
#7887 = CARTESIAN_POINT('',(-5.5,1.25,-0.890900974233));
#7888 = VECTOR('',#7889,1.);
#7889 = DIRECTION('',(0.,-1.,4.E-17));
#7890 = PLANE('',#7891);
#7891 = AXIS2_PLACEMENT_3D('',#7892,#7893,#7894);
#7892 = CARTESIAN_POINT('',(-5.45,1.25,-0.890900974233));
#7893 = DIRECTION('',(1.11E-15,-4.E-17,-1.));
#7894 = DIRECTION('',(0.,-1.,4.E-17));
#7895 = ADVANCED_FACE('',(#7896),#7932,.F.);
#7896 = FACE_BOUND('',#7897,.T.);
#7897 = EDGE_LOOP('',(#7898,#7909,#7917,#7926));
#7898 = ORIENTED_EDGE('',*,*,#7899,.F.);
#7899 = EDGE_CURVE('',#7900,#7902,#7904,.T.);
#7900 = VERTEX_POINT('',#7901);
#7901 = CARTESIAN_POINT('',(-5.55,-1.25,-0.840900974233));
#7902 = VERTEX_POINT('',#7903);
#7903 = CARTESIAN_POINT('',(-5.55,-1.25,4.090097423302E-02));
#7904 = CIRCLE('',#7905,0.440900974233);
#7905 = AXIS2_PLACEMENT_3D('',#7906,#7907,#7908);
#7906 = CARTESIAN_POINT('',(-5.55,-1.25,-0.4));
#7907 = DIRECTION('',(-1.,0.,-8.3E-16));
#7908 = DIRECTION('',(8.3E-16,0.,-1.));
#7909 = ORIENTED_EDGE('',*,*,#7910,.F.);
#7910 = EDGE_CURVE('',#7911,#7900,#7913,.T.);
#7911 = VERTEX_POINT('',#7912);
#7912 = CARTESIAN_POINT('',(-5.55,1.25,-0.840900974233));
#7913 = LINE('',#7914,#7915);
#7914 = CARTESIAN_POINT('',(-5.55,1.25,-0.840900974233));
#7915 = VECTOR('',#7916,1.);
#7916 = DIRECTION('',(0.,-1.,4.E-17));
#7917 = ORIENTED_EDGE('',*,*,#7918,.F.);
#7918 = EDGE_CURVE('',#7919,#7911,#7921,.T.);
#7919 = VERTEX_POINT('',#7920);
#7920 = CARTESIAN_POINT('',(-5.55,1.25,4.090097423302E-02));
#7921 = CIRCLE('',#7922,0.440900974233);
#7922 = AXIS2_PLACEMENT_3D('',#7923,#7924,#7925);
#7923 = CARTESIAN_POINT('',(-5.55,1.25,-0.4));
#7924 = DIRECTION('',(-1.,0.,-8.3E-16));
#7925 = DIRECTION('',(-8.3E-16,-5.E-16,1.));
#7926 = ORIENTED_EDGE('',*,*,#7927,.F.);
#7927 = EDGE_CURVE('',#7902,#7919,#7928,.T.);
#7928 = LINE('',#7929,#7930);
#7929 = CARTESIAN_POINT('',(-5.55,-1.25,4.090097423302E-02));
#7930 = VECTOR('',#7931,1.);
#7931 = DIRECTION('',(0.,1.,8.E-17));
#7932 = PLANE('',#7933);
#7933 = AXIS2_PLACEMENT_3D('',#7934,#7935,#7936);
#7934 = CARTESIAN_POINT('',(-5.55,0.,-4.59E-15));
#7935 = DIRECTION('',(-1.,0.,-8.3E-16));
#7936 = DIRECTION('',(4.98E-32,-1.,-6.E-17));
#7937 = ADVANCED_FACE('',(#7938),#7956,.F.);
#7938 = FACE_BOUND('',#7939,.F.);
#7939 = EDGE_LOOP('',(#7940,#7941,#7948,#7949));
#7940 = ORIENTED_EDGE('',*,*,#7843,.T.);
#7941 = ORIENTED_EDGE('',*,*,#7942,.T.);
#7942 = EDGE_CURVE('',#7834,#7919,#7943,.T.);
#7943 = CIRCLE('',#7944,5.E-02);
#7944 = AXIS2_PLACEMENT_3D('',#7945,#7946,#7947);
#7945 = CARTESIAN_POINT('',(-5.5,1.25,4.090097423302E-02));
#7946 = DIRECTION('',(0.,-1.,-8.E-17));
#7947 = DIRECTION('',(-8.9E-16,-8.E-17,1.));
#7948 = ORIENTED_EDGE('',*,*,#7927,.F.);
#7949 = ORIENTED_EDGE('',*,*,#7950,.F.);
#7950 = EDGE_CURVE('',#7804,#7902,#7951,.T.);
#7951 = CIRCLE('',#7952,5.E-02);
#7952 = AXIS2_PLACEMENT_3D('',#7953,#7954,#7955);
#7953 = CARTESIAN_POINT('',(-5.5,-1.25,4.090097423302E-02));
#7954 = DIRECTION('',(0.,-1.,-7.8E-16));
#7955 = DIRECTION('',(0.,-7.8E-16,1.));
#7956 = CYLINDRICAL_SURFACE('',#7957,5.E-02);
#7957 = AXIS2_PLACEMENT_3D('',#7958,#7959,#7960);
#7958 = CARTESIAN_POINT('',(-5.5,-1.45,4.090097423302E-02));
#7959 = DIRECTION('',(0.,1.,8.E-17));
#7960 = DIRECTION('',(-1.,6.64E-32,-8.3E-16));
#7961 = ADVANCED_FACE('',(#7962),#7974,.F.);
#7962 = FACE_BOUND('',#7963,.F.);
#7963 = EDGE_LOOP('',(#7964,#7965,#7972,#7973));
#7964 = ORIENTED_EDGE('',*,*,#7857,.T.);
#7965 = ORIENTED_EDGE('',*,*,#7966,.T.);
#7966 = EDGE_CURVE('',#7858,#7911,#7967,.T.);
#7967 = CIRCLE('',#7968,5.E-02);
#7968 = AXIS2_PLACEMENT_3D('',#7969,#7970,#7971);
#7969 = CARTESIAN_POINT('',(-5.5,1.25,-0.840900974233));
#7970 = DIRECTION('',(0.,1.,6.9E-16));
#7971 = DIRECTION('',(-1.776E-14,6.9E-16,-1.));
#7972 = ORIENTED_EDGE('',*,*,#7918,.F.);
#7973 = ORIENTED_EDGE('',*,*,#7942,.F.);
#7974 = TOROIDAL_SURFACE('',#7975,0.440900974233,5.E-02);
#7975 = AXIS2_PLACEMENT_3D('',#7976,#7977,#7978);
#7976 = CARTESIAN_POINT('',(-5.5,1.25,-0.4));
#7977 = DIRECTION('',(-1.,0.,-8.3E-16));
#7978 = DIRECTION('',(-8.087429285254E-16,-0.224868715622,0.974389070513
    ));
#7979 = ADVANCED_FACE('',(#7980),#7992,.F.);
#7980 = FACE_BOUND('',#7981,.F.);
#7981 = EDGE_LOOP('',(#7982,#7983,#7990,#7991));
#7982 = ORIENTED_EDGE('',*,*,#7885,.T.);
#7983 = ORIENTED_EDGE('',*,*,#7984,.T.);
#7984 = EDGE_CURVE('',#7802,#7900,#7985,.T.);
#7985 = CIRCLE('',#7986,5.E-02);
#7986 = AXIS2_PLACEMENT_3D('',#7987,#7988,#7989);
#7987 = CARTESIAN_POINT('',(-5.5,-1.25,-0.840900974233));
#7988 = DIRECTION('',(0.,1.,-4.E-17));
#7989 = DIRECTION('',(2.6E-15,-4.E-17,-1.));
#7990 = ORIENTED_EDGE('',*,*,#7910,.F.);
#7991 = ORIENTED_EDGE('',*,*,#7966,.F.);
#7992 = CYLINDRICAL_SURFACE('',#7993,5.E-02);
#7993 = AXIS2_PLACEMENT_3D('',#7994,#7995,#7996);
#7994 = CARTESIAN_POINT('',(-5.5,1.45,-0.840900974233));
#7995 = DIRECTION('',(0.,-1.,4.E-17));
#7996 = DIRECTION('',(-1.,-8.88E-32,-2.22E-15));
#7997 = ADVANCED_FACE('',(#7998),#8004,.F.);
#7998 = FACE_BOUND('',#7999,.F.);
#7999 = EDGE_LOOP('',(#8000,#8001,#8002,#8003));
#8000 = ORIENTED_EDGE('',*,*,#7801,.T.);
#8001 = ORIENTED_EDGE('',*,*,#7950,.T.);
#8002 = ORIENTED_EDGE('',*,*,#7899,.F.);
#8003 = ORIENTED_EDGE('',*,*,#7984,.F.);
#8004 = TOROIDAL_SURFACE('',#8005,0.440900974233,5.E-02);
#8005 = AXIS2_PLACEMENT_3D('',#8006,#8007,#8008);
#8006 = CARTESIAN_POINT('',(-5.5,-1.25,-0.4));
#8007 = DIRECTION('',(-1.,0.,-8.3E-16));
#8008 = DIRECTION('',(8.087429285254E-16,0.224868715622,-0.974389070513)
  );
#8009 = ADVANCED_FACE('',(#8010),#8046,.T.);
#8010 = FACE_BOUND('',#8011,.T.);
#8011 = EDGE_LOOP('',(#8012,#8022,#8031,#8039));
#8012 = ORIENTED_EDGE('',*,*,#8013,.T.);
#8013 = EDGE_CURVE('',#8014,#8016,#8018,.T.);
#8014 = VERTEX_POINT('',#8015);
#8015 = CARTESIAN_POINT('',(5.95,1.25,4.090097423302E-02));
#8016 = VERTEX_POINT('',#8017);
#8017 = CARTESIAN_POINT('',(5.95,-1.25,4.090097423302E-02));
#8018 = LINE('',#8019,#8020);
#8019 = CARTESIAN_POINT('',(5.95,1.25,4.090097423302E-02));
#8020 = VECTOR('',#8021,1.);
#8021 = DIRECTION('',(0.,-1.,-3.6E-16));
#8022 = ORIENTED_EDGE('',*,*,#8023,.T.);
#8023 = EDGE_CURVE('',#8016,#8024,#8026,.T.);
#8024 = VERTEX_POINT('',#8025);
#8025 = CARTESIAN_POINT('',(5.95,-1.25,-0.840900974233));
#8026 = CIRCLE('',#8027,0.440900974233);
#8027 = AXIS2_PLACEMENT_3D('',#8028,#8029,#8030);
#8028 = CARTESIAN_POINT('',(5.95,-1.25,-0.4));
#8029 = DIRECTION('',(1.,0.,-8.3E-16));
#8030 = DIRECTION('',(8.3E-16,0.,1.));
#8031 = ORIENTED_EDGE('',*,*,#8032,.T.);
#8032 = EDGE_CURVE('',#8024,#8033,#8035,.T.);
#8033 = VERTEX_POINT('',#8034);
#8034 = CARTESIAN_POINT('',(5.95,1.25,-0.840900974233));
#8035 = LINE('',#8036,#8037);
#8036 = CARTESIAN_POINT('',(5.95,-1.25,-0.840900974233));
#8037 = VECTOR('',#8038,1.);
#8038 = DIRECTION('',(0.,1.,3.1E-16));
#8039 = ORIENTED_EDGE('',*,*,#8040,.T.);
#8040 = EDGE_CURVE('',#8033,#8014,#8041,.T.);
#8041 = CIRCLE('',#8042,0.440900974233);
#8042 = AXIS2_PLACEMENT_3D('',#8043,#8044,#8045);
#8043 = CARTESIAN_POINT('',(5.95,1.25,-0.4));
#8044 = DIRECTION('',(1.,0.,-8.3E-16));
#8045 = DIRECTION('',(-8.3E-16,-0.,-1.));
#8046 = PLANE('',#8047);
#8047 = AXIS2_PLACEMENT_3D('',#8048,#8049,#8050);
#8048 = CARTESIAN_POINT('',(5.95,0.,-4.92E-15));
#8049 = DIRECTION('',(1.,0.,-8.3E-16));
#8050 = DIRECTION('',(4.98E-32,1.,6.E-17));
#8051 = ADVANCED_FACE('',(#8052),#8070,.T.);
#8052 = FACE_BOUND('',#8053,.T.);
#8053 = EDGE_LOOP('',(#8054,#8055,#8062,#8063));
#8054 = ORIENTED_EDGE('',*,*,#8013,.F.);
#8055 = ORIENTED_EDGE('',*,*,#8056,.T.);
#8056 = EDGE_CURVE('',#8014,#6319,#8057,.T.);
#8057 = CIRCLE('',#8058,0.45);
#8058 = AXIS2_PLACEMENT_3D('',#8059,#8060,#8061);
#8059 = CARTESIAN_POINT('',(5.5,1.25,4.090097423302E-02));
#8060 = DIRECTION('',(0.,-1.,-6.4E-16));
#8061 = DIRECTION('',(1.,1.7792E-30,-2.78E-15));
#8062 = ORIENTED_EDGE('',*,*,#6318,.T.);
#8063 = ORIENTED_EDGE('',*,*,#8064,.F.);
#8064 = EDGE_CURVE('',#8016,#6310,#8065,.T.);
#8065 = CIRCLE('',#8066,0.45);
#8066 = AXIS2_PLACEMENT_3D('',#8067,#8068,#8069);
#8067 = CARTESIAN_POINT('',(5.5,-1.25,4.090097423302E-02));
#8068 = DIRECTION('',(0.,-1.,-4.E-16));
#8069 = DIRECTION('',(1.,2.44E-31,-6.1E-16));
#8070 = CYLINDRICAL_SURFACE('',#8071,0.45);
#8071 = AXIS2_PLACEMENT_3D('',#8072,#8073,#8074);
#8072 = CARTESIAN_POINT('',(5.5,3.05,4.090097423302E-02));
#8073 = DIRECTION('',(-0.,1.,4.E-16));
#8074 = DIRECTION('',(0.777777777778,-2.514157444219E-16,0.628539361055)
  );
#8075 = ADVANCED_FACE('',(#8076),#8088,.T.);
#8076 = FACE_BOUND('',#8077,.T.);
#8077 = EDGE_LOOP('',(#8078,#8079,#8080,#8081));
#8078 = ORIENTED_EDGE('',*,*,#8023,.F.);
#8079 = ORIENTED_EDGE('',*,*,#8064,.T.);
#8080 = ORIENTED_EDGE('',*,*,#6309,.T.);
#8081 = ORIENTED_EDGE('',*,*,#8082,.F.);
#8082 = EDGE_CURVE('',#8024,#6300,#8083,.T.);
#8083 = CIRCLE('',#8084,0.45);
#8084 = AXIS2_PLACEMENT_3D('',#8085,#8086,#8087);
#8085 = CARTESIAN_POINT('',(5.5,-1.25,-0.840900974233));
#8086 = DIRECTION('',(0.,1.,-1.47E-15));
#8087 = DIRECTION('',(1.,3.675E-31,2.5E-16));
#8088 = SURFACE_OF_REVOLUTION('',#8089,#8096);
#8089 = B_SPLINE_CURVE_WITH_KNOTS('',5,(#8090,#8091,#8092,#8093,#8094,
    #8095),.UNSPECIFIED.,.F.,.F.,(6,6),(0.891122507887,1.570796326795),
  .PIECEWISE_BEZIER_KNOTS.);
#8090 = CARTESIAN_POINT('',(5.85,-0.526256313292,-0.4));
#8091 = CARTESIAN_POINT('',(5.888448157308,-0.573833480616,-0.4));
#8092 = CARTESIAN_POINT('',(5.918813368675,-0.627943181637,-0.4));
#8093 = CARTESIAN_POINT('',(5.939607309713,-0.686757328498,-0.4));
#8094 = CARTESIAN_POINT('',(5.95,-0.747928382065,-0.4));
#8095 = CARTESIAN_POINT('',(5.95,-0.809099025767,-0.4));
#8096 = AXIS1_PLACEMENT('',#8097,#8098);
#8097 = CARTESIAN_POINT('',(5.5,-1.25,-0.4));
#8098 = DIRECTION('',(1.,0.,-8.3E-16));
#8099 = ADVANCED_FACE('',(#8100),#8112,.T.);
#8100 = FACE_BOUND('',#8101,.T.);
#8101 = EDGE_LOOP('',(#8102,#8103,#8104,#8105));
#8102 = ORIENTED_EDGE('',*,*,#8032,.F.);
#8103 = ORIENTED_EDGE('',*,*,#8082,.T.);
#8104 = ORIENTED_EDGE('',*,*,#6299,.T.);
#8105 = ORIENTED_EDGE('',*,*,#8106,.F.);
#8106 = EDGE_CURVE('',#8033,#6302,#8107,.T.);
#8107 = CIRCLE('',#8108,0.45);
#8108 = AXIS2_PLACEMENT_3D('',#8109,#8110,#8111);
#8109 = CARTESIAN_POINT('',(5.5,1.25,-0.840900974233));
#8110 = DIRECTION('',(1.5E-16,1.,4.4E-16));
#8111 = DIRECTION('',(1.,-1.5E-16,-3.16E-15));
#8112 = CYLINDRICAL_SURFACE('',#8113,0.45);
#8113 = AXIS2_PLACEMENT_3D('',#8114,#8115,#8116);
#8114 = CARTESIAN_POINT('',(5.5,-3.05,-0.840900974233));
#8115 = DIRECTION('',(-1.5E-16,-1.,-4.4E-16));
#8116 = DIRECTION('',(0.777777777778,1.598906521974E-16,-0.628539361055)
  );
#8117 = ADVANCED_FACE('',(#8118),#8124,.T.);
#8118 = FACE_BOUND('',#8119,.T.);
#8119 = EDGE_LOOP('',(#8120,#8121,#8122,#8123));
#8120 = ORIENTED_EDGE('',*,*,#8040,.F.);
#8121 = ORIENTED_EDGE('',*,*,#8106,.T.);
#8122 = ORIENTED_EDGE('',*,*,#6326,.T.);
#8123 = ORIENTED_EDGE('',*,*,#8056,.F.);
#8124 = SURFACE_OF_REVOLUTION('',#8125,#8132);
#8125 = B_SPLINE_CURVE_WITH_KNOTS('',5,(#8126,#8127,#8128,#8129,#8130,
    #8131),.UNSPECIFIED.,.F.,.F.,(6,6),(0.891122507887,1.570796326795),
  .PIECEWISE_BEZIER_KNOTS.);
#8126 = CARTESIAN_POINT('',(5.85,0.526256313292,-0.4));
#8127 = CARTESIAN_POINT('',(5.888448157308,0.573833480616,-0.4));
#8128 = CARTESIAN_POINT('',(5.918813368675,0.627943181637,-0.4));
#8129 = CARTESIAN_POINT('',(5.939607309713,0.686757328498,-0.4));
#8130 = CARTESIAN_POINT('',(5.95,0.747928382065,-0.4));
#8131 = CARTESIAN_POINT('',(5.95,0.809099025767,-0.4));
#8132 = AXIS1_PLACEMENT('',#8133,#8134);
#8133 = CARTESIAN_POINT('',(5.5,1.25,-0.4));
#8134 = DIRECTION('',(1.,0.,-8.3E-16));
#8135 = ADVANCED_FACE('',(#8136),#8162,.F.);
#8136 = FACE_BOUND('',#8137,.F.);
#8137 = EDGE_LOOP('',(#8138,#8149,#8155,#8156));
#8138 = ORIENTED_EDGE('',*,*,#8139,.F.);
#8139 = EDGE_CURVE('',#8140,#8142,#8144,.T.);
#8140 = VERTEX_POINT('',#8141);
#8141 = CARTESIAN_POINT('',(5.5,1.25,-0.890900974233));
#8142 = VERTEX_POINT('',#8143);
#8143 = CARTESIAN_POINT('',(5.5,1.25,9.090097423302E-02));
#8144 = CIRCLE('',#8145,0.490900974233);
#8145 = AXIS2_PLACEMENT_3D('',#8146,#8147,#8148);
#8146 = CARTESIAN_POINT('',(5.5,1.25,-0.4));
#8147 = DIRECTION('',(1.,0.,-8.3E-16));
#8148 = DIRECTION('',(-8.3E-16,-0.,-1.));
#8149 = ORIENTED_EDGE('',*,*,#8150,.F.);
#8150 = EDGE_CURVE('',#6476,#8140,#8151,.T.);
#8151 = LINE('',#8152,#8153);
#8152 = CARTESIAN_POINT('',(5.45,1.25,-0.890900974233));
#8153 = VECTOR('',#8154,1.);
#8154 = DIRECTION('',(1.,0.,-2.22E-15));
#8155 = ORIENTED_EDGE('',*,*,#6475,.T.);
#8156 = ORIENTED_EDGE('',*,*,#8157,.T.);
#8157 = EDGE_CURVE('',#6478,#8142,#8158,.T.);
#8158 = LINE('',#8159,#8160);
#8159 = CARTESIAN_POINT('',(5.45,1.25,9.090097423302E-02));
#8160 = VECTOR('',#8161,1.);
#8161 = DIRECTION('',(1.,0.,-8.3E-16));
#8162 = CYLINDRICAL_SURFACE('',#8163,0.490900974233);
#8163 = AXIS2_PLACEMENT_3D('',#8164,#8165,#8166);
#8164 = CARTESIAN_POINT('',(5.45,1.25,-0.4));
#8165 = DIRECTION('',(1.,0.,-8.3E-16));
#8166 = DIRECTION('',(-8.3E-16,6.E-17,-1.));
#8167 = ADVANCED_FACE('',(#8168),#8186,.F.);
#8168 = FACE_BOUND('',#8169,.T.);
#8169 = EDGE_LOOP('',(#8170,#8178,#8179,#8180));
#8170 = ORIENTED_EDGE('',*,*,#8171,.F.);
#8171 = EDGE_CURVE('',#6487,#8172,#8174,.T.);
#8172 = VERTEX_POINT('',#8173);
#8173 = CARTESIAN_POINT('',(5.5,-1.25,9.090097423302E-02));
#8174 = LINE('',#8175,#8176);
#8175 = CARTESIAN_POINT('',(5.45,-1.25,9.090097423302E-02));
#8176 = VECTOR('',#8177,1.);
#8177 = DIRECTION('',(1.,0.,-8.3E-16));
#8178 = ORIENTED_EDGE('',*,*,#6486,.F.);
#8179 = ORIENTED_EDGE('',*,*,#8157,.T.);
#8180 = ORIENTED_EDGE('',*,*,#8181,.T.);
#8181 = EDGE_CURVE('',#8142,#8172,#8182,.T.);
#8182 = LINE('',#8183,#8184);
#8183 = CARTESIAN_POINT('',(5.5,1.25,9.090097423302E-02));
#8184 = VECTOR('',#8185,1.);
#8185 = DIRECTION('',(0.,-1.,-4.E-17));
#8186 = PLANE('',#8187);
#8187 = AXIS2_PLACEMENT_3D('',#8188,#8189,#8190);
#8188 = CARTESIAN_POINT('',(5.45,1.25,9.090097423302E-02));
#8189 = DIRECTION('',(8.3E-16,-4.E-17,1.));
#8190 = DIRECTION('',(0.,-1.,-4.E-17));
#8191 = ADVANCED_FACE('',(#8192),#8211,.F.);
#8192 = FACE_BOUND('',#8193,.F.);
#8193 = EDGE_LOOP('',(#8194,#8203,#8204,#8205));
#8194 = ORIENTED_EDGE('',*,*,#8195,.F.);
#8195 = EDGE_CURVE('',#8172,#8196,#8198,.T.);
#8196 = VERTEX_POINT('',#8197);
#8197 = CARTESIAN_POINT('',(5.5,-1.25,-0.890900974233));
#8198 = CIRCLE('',#8199,0.490900974233);
#8199 = AXIS2_PLACEMENT_3D('',#8200,#8201,#8202);
#8200 = CARTESIAN_POINT('',(5.5,-1.25,-0.4));
#8201 = DIRECTION('',(1.,0.,-8.3E-16));
#8202 = DIRECTION('',(8.3E-16,4.5E-16,1.));
#8203 = ORIENTED_EDGE('',*,*,#8171,.F.);
#8204 = ORIENTED_EDGE('',*,*,#6494,.T.);
#8205 = ORIENTED_EDGE('',*,*,#8206,.T.);
#8206 = EDGE_CURVE('',#6495,#8196,#8207,.T.);
#8207 = LINE('',#8208,#8209);
#8208 = CARTESIAN_POINT('',(5.45,-1.25,-0.890900974233));
#8209 = VECTOR('',#8210,1.);
#8210 = DIRECTION('',(1.,0.,-2.22E-15));
#8211 = CYLINDRICAL_SURFACE('',#8212,0.490900974233);
#8212 = AXIS2_PLACEMENT_3D('',#8213,#8214,#8215);
#8213 = CARTESIAN_POINT('',(5.45,-1.25,-0.4));
#8214 = DIRECTION('',(1.,0.,-8.3E-16));
#8215 = DIRECTION('',(8.3E-16,3.9E-16,1.));
#8216 = ADVANCED_FACE('',(#8217),#8228,.F.);
#8217 = FACE_BOUND('',#8218,.T.);
#8218 = EDGE_LOOP('',(#8219,#8220,#8221,#8222));
#8219 = ORIENTED_EDGE('',*,*,#8150,.F.);
#8220 = ORIENTED_EDGE('',*,*,#6503,.F.);
#8221 = ORIENTED_EDGE('',*,*,#8206,.T.);
#8222 = ORIENTED_EDGE('',*,*,#8223,.T.);
#8223 = EDGE_CURVE('',#8196,#8140,#8224,.T.);
#8224 = LINE('',#8225,#8226);
#8225 = CARTESIAN_POINT('',(5.5,-1.25,-0.890900974233));
#8226 = VECTOR('',#8227,1.);
#8227 = DIRECTION('',(0.,1.,1.3E-16));
#8228 = PLANE('',#8229);
#8229 = AXIS2_PLACEMENT_3D('',#8230,#8231,#8232);
#8230 = CARTESIAN_POINT('',(5.45,-1.25,-0.890900974233));
#8231 = DIRECTION('',(-1.11E-15,1.3E-16,-1.));
#8232 = DIRECTION('',(0.,1.,1.3E-16));
#8233 = ADVANCED_FACE('',(#8234),#8270,.F.);
#8234 = FACE_BOUND('',#8235,.T.);
#8235 = EDGE_LOOP('',(#8236,#8247,#8255,#8264));
#8236 = ORIENTED_EDGE('',*,*,#8237,.F.);
#8237 = EDGE_CURVE('',#8238,#8240,#8242,.T.);
#8238 = VERTEX_POINT('',#8239);
#8239 = CARTESIAN_POINT('',(5.55,1.25,-0.840900974233));
#8240 = VERTEX_POINT('',#8241);
#8241 = CARTESIAN_POINT('',(5.55,1.25,4.090097423302E-02));
#8242 = CIRCLE('',#8243,0.440900974233);
#8243 = AXIS2_PLACEMENT_3D('',#8244,#8245,#8246);
#8244 = CARTESIAN_POINT('',(5.55,1.25,-0.4));
#8245 = DIRECTION('',(1.,0.,-8.3E-16));
#8246 = DIRECTION('',(-8.3E-16,-0.,-1.));
#8247 = ORIENTED_EDGE('',*,*,#8248,.F.);
#8248 = EDGE_CURVE('',#8249,#8238,#8251,.T.);
#8249 = VERTEX_POINT('',#8250);
#8250 = CARTESIAN_POINT('',(5.55,-1.25,-0.840900974233));
#8251 = LINE('',#8252,#8253);
#8252 = CARTESIAN_POINT('',(5.55,-1.25,-0.840900974233));
#8253 = VECTOR('',#8254,1.);
#8254 = DIRECTION('',(0.,1.,1.3E-16));
#8255 = ORIENTED_EDGE('',*,*,#8256,.F.);
#8256 = EDGE_CURVE('',#8257,#8249,#8259,.T.);
#8257 = VERTEX_POINT('',#8258);
#8258 = CARTESIAN_POINT('',(5.55,-1.25,4.090097423302E-02));
#8259 = CIRCLE('',#8260,0.440900974233);
#8260 = AXIS2_PLACEMENT_3D('',#8261,#8262,#8263);
#8261 = CARTESIAN_POINT('',(5.55,-1.25,-0.4));
#8262 = DIRECTION('',(1.,0.,-8.3E-16));
#8263 = DIRECTION('',(8.3E-16,5.E-16,1.));
#8264 = ORIENTED_EDGE('',*,*,#8265,.F.);
#8265 = EDGE_CURVE('',#8240,#8257,#8266,.T.);
#8266 = LINE('',#8267,#8268);
#8267 = CARTESIAN_POINT('',(5.55,1.25,4.090097423302E-02));
#8268 = VECTOR('',#8269,1.);
#8269 = DIRECTION('',(0.,-1.,-4.E-17));
#8270 = PLANE('',#8271);
#8271 = AXIS2_PLACEMENT_3D('',#8272,#8273,#8274);
#8272 = CARTESIAN_POINT('',(5.55,0.,-4.59E-15));
#8273 = DIRECTION('',(1.,0.,-8.3E-16));
#8274 = DIRECTION('',(4.98E-32,1.,6.E-17));
#8275 = ADVANCED_FACE('',(#8276),#8294,.F.);
#8276 = FACE_BOUND('',#8277,.F.);
#8277 = EDGE_LOOP('',(#8278,#8279,#8286,#8287));
#8278 = ORIENTED_EDGE('',*,*,#8181,.T.);
#8279 = ORIENTED_EDGE('',*,*,#8280,.T.);
#8280 = EDGE_CURVE('',#8172,#8257,#8281,.T.);
#8281 = CIRCLE('',#8282,5.E-02);
#8282 = AXIS2_PLACEMENT_3D('',#8283,#8284,#8285);
#8283 = CARTESIAN_POINT('',(5.5,-1.25,4.090097423302E-02));
#8284 = DIRECTION('',(0.,1.,4.E-17));
#8285 = DIRECTION('',(1.03E-15,-4.E-17,1.));
#8286 = ORIENTED_EDGE('',*,*,#8265,.F.);
#8287 = ORIENTED_EDGE('',*,*,#8288,.F.);
#8288 = EDGE_CURVE('',#8142,#8240,#8289,.T.);
#8289 = CIRCLE('',#8290,5.E-02);
#8290 = AXIS2_PLACEMENT_3D('',#8291,#8292,#8293);
#8291 = CARTESIAN_POINT('',(5.5,1.25,4.090097423302E-02));
#8292 = DIRECTION('',(-0.,1.,-3.3E-16));
#8293 = DIRECTION('',(0.,3.3E-16,1.));
#8294 = CYLINDRICAL_SURFACE('',#8295,5.E-02);
#8295 = AXIS2_PLACEMENT_3D('',#8296,#8297,#8298);
#8296 = CARTESIAN_POINT('',(5.5,1.45,4.090097423302E-02));
#8297 = DIRECTION('',(0.,-1.,-4.E-17));
#8298 = DIRECTION('',(1.,3.88E-32,-9.7E-16));
#8299 = ADVANCED_FACE('',(#8300),#8312,.F.);
#8300 = FACE_BOUND('',#8301,.F.);
#8301 = EDGE_LOOP('',(#8302,#8303,#8310,#8311));
#8302 = ORIENTED_EDGE('',*,*,#8195,.T.);
#8303 = ORIENTED_EDGE('',*,*,#8304,.T.);
#8304 = EDGE_CURVE('',#8196,#8249,#8305,.T.);
#8305 = CIRCLE('',#8306,5.E-02);
#8306 = AXIS2_PLACEMENT_3D('',#8307,#8308,#8309);
#8307 = CARTESIAN_POINT('',(5.5,-1.25,-0.840900974233));
#8308 = DIRECTION('',(0.,-1.,2.2E-16));
#8309 = DIRECTION('',(1.776E-14,-2.2E-16,-1.));
#8310 = ORIENTED_EDGE('',*,*,#8256,.F.);
#8311 = ORIENTED_EDGE('',*,*,#8280,.F.);
#8312 = TOROIDAL_SURFACE('',#8313,0.440900974233,5.E-02);
#8313 = AXIS2_PLACEMENT_3D('',#8314,#8315,#8316);
#8314 = CARTESIAN_POINT('',(5.5,-1.25,-0.4));
#8315 = DIRECTION('',(1.,0.,-8.3E-16));
#8316 = DIRECTION('',(8.087429285254E-16,0.224868715622,0.974389070513)
  );
#8317 = ADVANCED_FACE('',(#8318),#8330,.F.);
#8318 = FACE_BOUND('',#8319,.F.);
#8319 = EDGE_LOOP('',(#8320,#8321,#8328,#8329));
#8320 = ORIENTED_EDGE('',*,*,#8223,.T.);
#8321 = ORIENTED_EDGE('',*,*,#8322,.T.);
#8322 = EDGE_CURVE('',#8140,#8238,#8323,.T.);
#8323 = CIRCLE('',#8324,5.E-02);
#8324 = AXIS2_PLACEMENT_3D('',#8325,#8326,#8327);
#8325 = CARTESIAN_POINT('',(5.5,1.25,-0.840900974233));
#8326 = DIRECTION('',(0.,-1.,-1.5E-16));
#8327 = DIRECTION('',(-3.8E-16,1.5E-16,-1.));
#8328 = ORIENTED_EDGE('',*,*,#8248,.F.);
#8329 = ORIENTED_EDGE('',*,*,#8304,.F.);
#8330 = CYLINDRICAL_SURFACE('',#8331,5.E-02);
#8331 = AXIS2_PLACEMENT_3D('',#8332,#8333,#8334);
#8332 = CARTESIAN_POINT('',(5.5,-1.45,-0.840900974233));
#8333 = DIRECTION('',(0.,1.,1.5E-16));
#8334 = DIRECTION('',(1.,-0.,0.));
#8335 = ADVANCED_FACE('',(#8336),#8342,.F.);
#8336 = FACE_BOUND('',#8337,.F.);
#8337 = EDGE_LOOP('',(#8338,#8339,#8340,#8341));
#8338 = ORIENTED_EDGE('',*,*,#8139,.T.);
#8339 = ORIENTED_EDGE('',*,*,#8288,.T.);
#8340 = ORIENTED_EDGE('',*,*,#8237,.F.);
#8341 = ORIENTED_EDGE('',*,*,#8322,.F.);
#8342 = TOROIDAL_SURFACE('',#8343,0.440900974233,5.E-02);
#8343 = AXIS2_PLACEMENT_3D('',#8344,#8345,#8346);
#8344 = CARTESIAN_POINT('',(5.5,1.25,-0.4));
#8345 = DIRECTION('',(1.,0.,-8.3E-16));
#8346 = DIRECTION('',(-8.087429285254E-16,-0.224868715622,
    -0.974389070513));
#8347 = ( GEOMETRIC_REPRESENTATION_CONTEXT(3) 
GLOBAL_UNCERTAINTY_ASSIGNED_CONTEXT((#8351)) 
GLOBAL_UNIT_ASSIGNED_CONTEXT((#8348,#8349,#8350)) REPRESENTATION_CONTEXT
('Context #1','3D Context with UNIT and UNCERTAINTY') );
#8348 = ( LENGTH_UNIT() NAMED_UNIT(*) SI_UNIT(.MILLI.,.METRE.) );
#8349 = ( NAMED_UNIT(*) PLANE_ANGLE_UNIT() SI_UNIT($,.RADIAN.) );
#8350 = ( NAMED_UNIT(*) SI_UNIT($,.STERADIAN.) SOLID_ANGLE_UNIT() );
#8351 = UNCERTAINTY_MEASURE_WITH_UNIT(LENGTH_MEASURE(5.E-07),#8348,
  'distance_accuracy_value','confusion accuracy');
#8352 = CONTEXT_DEPENDENT_SHAPE_REPRESENTATION(#8353,#8355);
#8353 = ( REPRESENTATION_RELATIONSHIP('','',#2804,#1250) 
REPRESENTATION_RELATIONSHIP_WITH_TRANSFORMATION(#8354) 
SHAPE_REPRESENTATION_RELATIONSHIP() );
#8354 = ITEM_DEFINED_TRANSFORMATION('','',#11,#1255);
#8355 = PRODUCT_DEFINITION_SHAPE('Placement','Placement of an item',
  #8356);
#8356 = NEXT_ASSEMBLY_USAGE_OCCURRENCE('4','EC11-Housing-THT001','',
  #1245,#2799,$);
#8357 = PRODUCT_RELATED_PRODUCT_CATEGORY('part',$,(#2801));
#8358 = SHAPE_DEFINITION_REPRESENTATION(#8359,#8365);
#8359 = PRODUCT_DEFINITION_SHAPE('','',#8360);
#8360 = PRODUCT_DEFINITION('design','',#8361,#8364);
#8361 = PRODUCT_DEFINITION_FORMATION('','',#8362);
#8362 = PRODUCT('EC11-Housing-THT002','EC11-Housing-THT002','',(#8363));
#8363 = PRODUCT_CONTEXT('',#2,'mechanical');
#8364 = PRODUCT_DEFINITION_CONTEXT('part definition',#2,'design');
#8365 = ADVANCED_BREP_SHAPE_REPRESENTATION('',(#11,#8366),#9215);
#8366 = MANIFOLD_SOLID_BREP('',#8367);
#8367 = CLOSED_SHELL('',(#8368,#8489,#8522,#8587,#8652,#8755,#8788,#8799
    ,#8824,#8841,#8858,#8875,#8892,#8909,#8926,#8938,#8963,#8981,#9005,
    #9054,#9078,#9096,#9121,#9138,#9155,#9166,#9191,#9203));
#8368 = ADVANCED_FACE('',(#8369),#8484,.F.);
#8369 = FACE_BOUND('',#8370,.T.);
#8370 = EDGE_LOOP('',(#8371,#8381,#8390,#8398,#8406,#8414,#8422,#8430,
    #8438,#8446,#8454,#8462,#8470,#8478));
#8371 = ORIENTED_EDGE('',*,*,#8372,.F.);
#8372 = EDGE_CURVE('',#8373,#8375,#8377,.T.);
#8373 = VERTEX_POINT('',#8374);
#8374 = CARTESIAN_POINT('',(-1.E-01,-7.4,-5.728423233502));
#8375 = VERTEX_POINT('',#8376);
#8376 = CARTESIAN_POINT('',(-0.1,-7.4,-1.9));
#8377 = LINE('',#8378,#8379);
#8378 = CARTESIAN_POINT('',(-1.E-01,-7.4,-5.728423233502));
#8379 = VECTOR('',#8380,1.);
#8380 = DIRECTION('',(-1.2E-16,0.,1.));
#8381 = ORIENTED_EDGE('',*,*,#8382,.T.);
#8382 = EDGE_CURVE('',#8373,#8383,#8385,.T.);
#8383 = VERTEX_POINT('',#8384);
#8384 = CARTESIAN_POINT('',(0.1,-7.4,-5.728423233502));
#8385 = CIRCLE('',#8386,0.1);
#8386 = AXIS2_PLACEMENT_3D('',#8387,#8388,#8389);
#8387 = CARTESIAN_POINT('',(8.9E-16,-7.4,-5.728423233502));
#8388 = DIRECTION('',(1.2E-16,-1.,-6.E-17));
#8389 = DIRECTION('',(-1.,-1.2E-16,0.));
#8390 = ORIENTED_EDGE('',*,*,#8391,.T.);
#8391 = EDGE_CURVE('',#8383,#8392,#8394,.T.);
#8392 = VERTEX_POINT('',#8393);
#8393 = CARTESIAN_POINT('',(0.1,-7.4,-1.9));
#8394 = LINE('',#8395,#8396);
#8395 = CARTESIAN_POINT('',(0.1,-7.4,-5.728423233502));
#8396 = VECTOR('',#8397,1.);
#8397 = DIRECTION('',(-1.E-17,0.,1.));
#8398 = ORIENTED_EDGE('',*,*,#8399,.F.);
#8399 = EDGE_CURVE('',#8400,#8392,#8402,.T.);
#8400 = VERTEX_POINT('',#8401);
#8401 = CARTESIAN_POINT('',(0.75,-7.4,-1.9));
#8402 = LINE('',#8403,#8404);
#8403 = CARTESIAN_POINT('',(0.75,-7.4,-1.9));
#8404 = VECTOR('',#8405,1.);
#8405 = DIRECTION('',(-1.,0.,3.4E-16));
#8406 = ORIENTED_EDGE('',*,*,#8407,.F.);
#8407 = EDGE_CURVE('',#8408,#8400,#8410,.T.);
#8408 = VERTEX_POINT('',#8409);
#8409 = CARTESIAN_POINT('',(0.75,-7.4,-2.519615242271));
#8410 = LINE('',#8411,#8412);
#8411 = CARTESIAN_POINT('',(0.75,-7.4,-2.519615242271));
#8412 = VECTOR('',#8413,1.);
#8413 = DIRECTION('',(-2.69E-15,0.,1.));
#8414 = ORIENTED_EDGE('',*,*,#8415,.F.);
#8415 = EDGE_CURVE('',#8416,#8408,#8418,.T.);
#8416 = VERTEX_POINT('',#8417);
#8417 = CARTESIAN_POINT('',(0.45,-7.4,-2.6));
#8418 = LINE('',#8419,#8420);
#8419 = CARTESIAN_POINT('',(0.45,-7.4,-2.6));
#8420 = VECTOR('',#8421,1.);
#8421 = DIRECTION('',(0.965925826289,0.,0.258819045103));
#8422 = ORIENTED_EDGE('',*,*,#8423,.F.);
#8423 = EDGE_CURVE('',#8424,#8416,#8426,.T.);
#8424 = VERTEX_POINT('',#8425);
#8425 = CARTESIAN_POINT('',(0.45,-7.4,-5.728423233502));
#8426 = LINE('',#8427,#8428);
#8427 = CARTESIAN_POINT('',(0.45,-7.4,-5.728423233502));
#8428 = VECTOR('',#8429,1.);
#8429 = DIRECTION('',(0.,0.,1.));
#8430 = ORIENTED_EDGE('',*,*,#8431,.F.);
#8431 = EDGE_CURVE('',#8432,#8424,#8434,.T.);
#8432 = VERTEX_POINT('',#8433);
#8433 = CARTESIAN_POINT('',(0.12,-7.4,-6.3));
#8434 = LINE('',#8435,#8436);
#8435 = CARTESIAN_POINT('',(0.12,-7.4,-6.3));
#8436 = VECTOR('',#8437,1.);
#8437 = DIRECTION('',(0.5,0.,0.866025403784));
#8438 = ORIENTED_EDGE('',*,*,#8439,.F.);
#8439 = EDGE_CURVE('',#8440,#8432,#8442,.T.);
#8440 = VERTEX_POINT('',#8441);
#8441 = CARTESIAN_POINT('',(-0.12,-7.4,-6.3));
#8442 = LINE('',#8443,#8444);
#8443 = CARTESIAN_POINT('',(-0.12,-7.4,-6.3));
#8444 = VECTOR('',#8445,1.);
#8445 = DIRECTION('',(1.,0.,0.));
#8446 = ORIENTED_EDGE('',*,*,#8447,.F.);
#8447 = EDGE_CURVE('',#8448,#8440,#8450,.T.);
#8448 = VERTEX_POINT('',#8449);
#8449 = CARTESIAN_POINT('',(-0.45,-7.4,-5.728423233502));
#8450 = LINE('',#8451,#8452);
#8451 = CARTESIAN_POINT('',(-0.45,-7.4,-5.728423233502));
#8452 = VECTOR('',#8453,1.);
#8453 = DIRECTION('',(0.5,0.,-0.866025403784));
#8454 = ORIENTED_EDGE('',*,*,#8455,.F.);
#8455 = EDGE_CURVE('',#8456,#8448,#8458,.T.);
#8456 = VERTEX_POINT('',#8457);
#8457 = CARTESIAN_POINT('',(-0.45,-7.4,-2.6));
#8458 = LINE('',#8459,#8460);
#8459 = CARTESIAN_POINT('',(-0.45,-7.4,-2.6));
#8460 = VECTOR('',#8461,1.);
#8461 = DIRECTION('',(1.4E-16,0.,-1.));
#8462 = ORIENTED_EDGE('',*,*,#8463,.F.);
#8463 = EDGE_CURVE('',#8464,#8456,#8466,.T.);
#8464 = VERTEX_POINT('',#8465);
#8465 = CARTESIAN_POINT('',(-0.75,-7.4,-2.519615242271));
#8466 = LINE('',#8467,#8468);
#8467 = CARTESIAN_POINT('',(-0.75,-7.4,-2.519615242271));
#8468 = VECTOR('',#8469,1.);
#8469 = DIRECTION('',(0.965925826289,0.,-0.258819045103));
#8470 = ORIENTED_EDGE('',*,*,#8471,.F.);
#8471 = EDGE_CURVE('',#8472,#8464,#8474,.T.);
#8472 = VERTEX_POINT('',#8473);
#8473 = CARTESIAN_POINT('',(-0.75,-7.4,-1.9));
#8474 = LINE('',#8475,#8476);
#8475 = CARTESIAN_POINT('',(-0.75,-7.4,-1.9));
#8476 = VECTOR('',#8477,1.);
#8477 = DIRECTION('',(-1.08E-15,0.,-1.));
#8478 = ORIENTED_EDGE('',*,*,#8479,.F.);
#8479 = EDGE_CURVE('',#8375,#8472,#8480,.T.);
#8480 = LINE('',#8481,#8482);
#8481 = CARTESIAN_POINT('',(-1.E-01,-7.4,-1.9));
#8482 = VECTOR('',#8483,1.);
#8483 = DIRECTION('',(-1.,0.,0.));
#8484 = PLANE('',#8485);
#8485 = AXIS2_PLACEMENT_3D('',#8486,#8487,#8488);
#8486 = CARTESIAN_POINT('',(2.5,-7.4,-4.5E-16));
#8487 = DIRECTION('',(1.2E-16,-1.,-6.E-17));
#8488 = DIRECTION('',(1.,1.2E-16,1.2E-16));
#8489 = ADVANCED_FACE('',(#8490),#8517,.F.);
#8490 = FACE_BOUND('',#8491,.F.);
#8491 = EDGE_LOOP('',(#8492,#8499,#8500,#8509,#8516));
#8492 = ORIENTED_EDGE('',*,*,#8493,.T.);
#8493 = EDGE_CURVE('',#8392,#8375,#8494,.T.);
#8494 = CIRCLE('',#8495,0.1);
#8495 = AXIS2_PLACEMENT_3D('',#8496,#8497,#8498);
#8496 = CARTESIAN_POINT('',(8.9E-16,-7.4,-1.9));
#8497 = DIRECTION('',(0.,-0.,-1.));
#8498 = DIRECTION('',(1.,-1.2E-16,0.));
#8499 = ORIENTED_EDGE('',*,*,#8372,.F.);
#8500 = ORIENTED_EDGE('',*,*,#8501,.T.);
#8501 = EDGE_CURVE('',#8373,#8502,#8504,.T.);
#8502 = VERTEX_POINT('',#8503);
#8503 = CARTESIAN_POINT('',(1.E-15,-7.5,-5.728423233502));
#8504 = CIRCLE('',#8505,0.1);
#8505 = AXIS2_PLACEMENT_3D('',#8506,#8507,#8508);
#8506 = CARTESIAN_POINT('',(8.9E-16,-7.4,-5.728423233502));
#8507 = DIRECTION('',(0.,0.,1.));
#8508 = DIRECTION('',(-1.,0.,0.));
#8509 = ORIENTED_EDGE('',*,*,#8510,.T.);
#8510 = EDGE_CURVE('',#8502,#8383,#8511,.T.);
#8511 = CIRCLE('',#8512,0.1);
#8512 = AXIS2_PLACEMENT_3D('',#8513,#8514,#8515);
#8513 = CARTESIAN_POINT('',(8.9E-16,-7.4,-5.728423233502));
#8514 = DIRECTION('',(0.,0.,1.));
#8515 = DIRECTION('',(-3.8E-16,-1.,0.));
#8516 = ORIENTED_EDGE('',*,*,#8391,.T.);
#8517 = CYLINDRICAL_SURFACE('',#8518,0.1);
#8518 = AXIS2_PLACEMENT_3D('',#8519,#8520,#8521);
#8519 = CARTESIAN_POINT('',(8.9E-16,-7.4,-5.728423233502));
#8520 = DIRECTION('',(0.,0.,1.));
#8521 = DIRECTION('',(-1.,-1.2E-16,0.));
#8522 = ADVANCED_FACE('',(#8523),#8582,.T.);
#8523 = FACE_BOUND('',#8524,.T.);
#8524 = EDGE_LOOP('',(#8525,#8526,#8535,#8543,#8551,#8559,#8568,#8576));
#8525 = ORIENTED_EDGE('',*,*,#8407,.T.);
#8526 = ORIENTED_EDGE('',*,*,#8527,.T.);
#8527 = EDGE_CURVE('',#8400,#8528,#8530,.T.);
#8528 = VERTEX_POINT('',#8529);
#8529 = CARTESIAN_POINT('',(0.75,-7.3,-1.8));
#8530 = CIRCLE('',#8531,0.1);
#8531 = AXIS2_PLACEMENT_3D('',#8532,#8533,#8534);
#8532 = CARTESIAN_POINT('',(0.75,-7.3,-1.9));
#8533 = DIRECTION('',(-1.,0.,-2.65E-15));
#8534 = DIRECTION('',(1.1766E-29,-1.,-4.44E-15));
#8535 = ORIENTED_EDGE('',*,*,#8536,.T.);
#8536 = EDGE_CURVE('',#8528,#8537,#8539,.T.);
#8537 = VERTEX_POINT('',#8538);
#8538 = CARTESIAN_POINT('',(0.75,-6.,-1.8));
#8539 = LINE('',#8540,#8541);
#8540 = CARTESIAN_POINT('',(0.75,-7.3,-1.8));
#8541 = VECTOR('',#8542,1.);
#8542 = DIRECTION('',(0.,1.,0.));
#8543 = ORIENTED_EDGE('',*,*,#8544,.F.);
#8544 = EDGE_CURVE('',#8545,#8537,#8547,.T.);
#8545 = VERTEX_POINT('',#8546);
#8546 = CARTESIAN_POINT('',(0.75,-6.,-1.6));
#8547 = LINE('',#8548,#8549);
#8548 = CARTESIAN_POINT('',(0.75,-6.,-1.6));
#8549 = VECTOR('',#8550,1.);
#8550 = DIRECTION('',(2.78E-15,0.,-1.));
#8551 = ORIENTED_EDGE('',*,*,#8552,.F.);
#8552 = EDGE_CURVE('',#8553,#8545,#8555,.T.);
#8553 = VERTEX_POINT('',#8554);
#8554 = CARTESIAN_POINT('',(0.75,-7.3,-1.6));
#8555 = LINE('',#8556,#8557);
#8556 = CARTESIAN_POINT('',(0.75,-7.3,-1.6));
#8557 = VECTOR('',#8558,1.);
#8558 = DIRECTION('',(1.71E-15,1.,0.));
#8559 = ORIENTED_EDGE('',*,*,#8560,.F.);
#8560 = EDGE_CURVE('',#8561,#8553,#8563,.T.);
#8561 = VERTEX_POINT('',#8562);
#8562 = CARTESIAN_POINT('',(0.75,-7.6,-1.9));
#8563 = CIRCLE('',#8564,0.3);
#8564 = AXIS2_PLACEMENT_3D('',#8565,#8566,#8567);
#8565 = CARTESIAN_POINT('',(0.75,-7.3,-1.9));
#8566 = DIRECTION('',(-1.,0.,-2.65E-15));
#8567 = DIRECTION('',(1.3727E-29,-1.,-5.18E-15));
#8568 = ORIENTED_EDGE('',*,*,#8569,.F.);
#8569 = EDGE_CURVE('',#8570,#8561,#8572,.T.);
#8570 = VERTEX_POINT('',#8571);
#8571 = CARTESIAN_POINT('',(0.75,-7.6,-2.519615242271));
#8572 = LINE('',#8573,#8574);
#8573 = CARTESIAN_POINT('',(0.75,-7.6,-2.519615242271));
#8574 = VECTOR('',#8575,1.);
#8575 = DIRECTION('',(-2.69E-15,0.,1.));
#8576 = ORIENTED_EDGE('',*,*,#8577,.F.);
#8577 = EDGE_CURVE('',#8408,#8570,#8578,.T.);
#8578 = LINE('',#8579,#8580);
#8579 = CARTESIAN_POINT('',(0.75,-7.4,-2.519615242271));
#8580 = VECTOR('',#8581,1.);
#8581 = DIRECTION('',(0.,-1.,0.));
#8582 = PLANE('',#8583);
#8583 = AXIS2_PLACEMENT_3D('',#8584,#8585,#8586);
#8584 = CARTESIAN_POINT('',(0.75,-7.4,-2.519615242271));
#8585 = DIRECTION('',(1.,0.,2.65E-15));
#8586 = DIRECTION('',(-2.65E-15,0.,1.));
#8587 = ADVANCED_FACE('',(#8588),#8647,.T.);
#8588 = FACE_BOUND('',#8589,.T.);
#8589 = EDGE_LOOP('',(#8590,#8591,#8599,#8607,#8616,#8624,#8632,#8640));
#8590 = ORIENTED_EDGE('',*,*,#8471,.T.);
#8591 = ORIENTED_EDGE('',*,*,#8592,.T.);
#8592 = EDGE_CURVE('',#8464,#8593,#8595,.T.);
#8593 = VERTEX_POINT('',#8594);
#8594 = CARTESIAN_POINT('',(-0.75,-7.6,-2.519615242271));
#8595 = LINE('',#8596,#8597);
#8596 = CARTESIAN_POINT('',(-0.75,-7.4,-2.519615242271));
#8597 = VECTOR('',#8598,1.);
#8598 = DIRECTION('',(0.,-1.,0.));
#8599 = ORIENTED_EDGE('',*,*,#8600,.F.);
#8600 = EDGE_CURVE('',#8601,#8593,#8603,.T.);
#8601 = VERTEX_POINT('',#8602);
#8602 = CARTESIAN_POINT('',(-0.75,-7.6,-1.9));
#8603 = LINE('',#8604,#8605);
#8604 = CARTESIAN_POINT('',(-0.75,-7.6,-1.9));
#8605 = VECTOR('',#8606,1.);
#8606 = DIRECTION('',(-1.08E-15,0.,-1.));
#8607 = ORIENTED_EDGE('',*,*,#8608,.T.);
#8608 = EDGE_CURVE('',#8601,#8609,#8611,.T.);
#8609 = VERTEX_POINT('',#8610);
#8610 = CARTESIAN_POINT('',(-0.75,-7.3,-1.6));
#8611 = CIRCLE('',#8612,0.3);
#8612 = AXIS2_PLACEMENT_3D('',#8613,#8614,#8615);
#8613 = CARTESIAN_POINT('',(-0.75,-7.3,-1.9));
#8614 = DIRECTION('',(-1.,0.,1.06E-15));
#8615 = DIRECTION('',(-3.922E-30,-1.,-3.7E-15));
#8616 = ORIENTED_EDGE('',*,*,#8617,.T.);
#8617 = EDGE_CURVE('',#8609,#8618,#8620,.T.);
#8618 = VERTEX_POINT('',#8619);
#8619 = CARTESIAN_POINT('',(-0.75,-6.,-1.6));
#8620 = LINE('',#8621,#8622);
#8621 = CARTESIAN_POINT('',(-0.75,-7.3,-1.6));
#8622 = VECTOR('',#8623,1.);
#8623 = DIRECTION('',(0.,1.,0.));
#8624 = ORIENTED_EDGE('',*,*,#8625,.F.);
#8625 = EDGE_CURVE('',#8626,#8618,#8628,.T.);
#8626 = VERTEX_POINT('',#8627);
#8627 = CARTESIAN_POINT('',(-0.75,-6.,-1.8));
#8628 = LINE('',#8629,#8630);
#8629 = CARTESIAN_POINT('',(-0.75,-6.,-1.8));
#8630 = VECTOR('',#8631,1.);
#8631 = DIRECTION('',(1.11E-15,0.,1.));
#8632 = ORIENTED_EDGE('',*,*,#8633,.F.);
#8633 = EDGE_CURVE('',#8634,#8626,#8636,.T.);
#8634 = VERTEX_POINT('',#8635);
#8635 = CARTESIAN_POINT('',(-0.75,-7.3,-1.8));
#8636 = LINE('',#8637,#8638);
#8637 = CARTESIAN_POINT('',(-0.75,-7.3,-1.8));
#8638 = VECTOR('',#8639,1.);
#8639 = DIRECTION('',(0.,1.,0.));
#8640 = ORIENTED_EDGE('',*,*,#8641,.F.);
#8641 = EDGE_CURVE('',#8472,#8634,#8642,.T.);
#8642 = CIRCLE('',#8643,0.1);
#8643 = AXIS2_PLACEMENT_3D('',#8644,#8645,#8646);
#8644 = CARTESIAN_POINT('',(-0.75,-7.3,-1.9));
#8645 = DIRECTION('',(-1.,0.,1.06E-15));
#8646 = DIRECTION('',(-4.7064E-30,-1.,-4.44E-15));
#8647 = PLANE('',#8648);
#8648 = AXIS2_PLACEMENT_3D('',#8649,#8650,#8651);
#8649 = CARTESIAN_POINT('',(-0.75,-7.4,-2.1));
#8650 = DIRECTION('',(-1.,0.,1.06E-15));
#8651 = DIRECTION('',(-1.06E-15,0.,-1.));
#8652 = ADVANCED_FACE('',(#8653),#8750,.T.);
#8653 = FACE_BOUND('',#8654,.T.);
#8654 = EDGE_LOOP('',(#8655,#8665,#8671,#8672,#8680,#8688,#8696,#8704,
    #8712,#8720,#8726,#8727,#8735,#8743));
#8655 = ORIENTED_EDGE('',*,*,#8656,.T.);
#8656 = EDGE_CURVE('',#8657,#8659,#8661,.T.);
#8657 = VERTEX_POINT('',#8658);
#8658 = CARTESIAN_POINT('',(-0.22360679775,-7.6,-5.728423233502));
#8659 = VERTEX_POINT('',#8660);
#8660 = CARTESIAN_POINT('',(-0.22360679775,-7.6,-1.9));
#8661 = LINE('',#8662,#8663);
#8662 = CARTESIAN_POINT('',(-0.22360679775,-7.6,-5.728423233502));
#8663 = VECTOR('',#8664,1.);
#8664 = DIRECTION('',(-2.4E-16,0.,1.));
#8665 = ORIENTED_EDGE('',*,*,#8666,.F.);
#8666 = EDGE_CURVE('',#8601,#8659,#8667,.T.);
#8667 = LINE('',#8668,#8669);
#8668 = CARTESIAN_POINT('',(-0.75,-7.6,-1.9));
#8669 = VECTOR('',#8670,1.);
#8670 = DIRECTION('',(1.,0.,0.));
#8671 = ORIENTED_EDGE('',*,*,#8600,.T.);
#8672 = ORIENTED_EDGE('',*,*,#8673,.T.);
#8673 = EDGE_CURVE('',#8593,#8674,#8676,.T.);
#8674 = VERTEX_POINT('',#8675);
#8675 = CARTESIAN_POINT('',(-0.45,-7.6,-2.6));
#8676 = LINE('',#8677,#8678);
#8677 = CARTESIAN_POINT('',(-0.75,-7.6,-2.519615242271));
#8678 = VECTOR('',#8679,1.);
#8679 = DIRECTION('',(0.965925826289,0.,-0.258819045103));
#8680 = ORIENTED_EDGE('',*,*,#8681,.T.);
#8681 = EDGE_CURVE('',#8674,#8682,#8684,.T.);
#8682 = VERTEX_POINT('',#8683);
#8683 = CARTESIAN_POINT('',(-0.45,-7.6,-5.728423233502));
#8684 = LINE('',#8685,#8686);
#8685 = CARTESIAN_POINT('',(-0.45,-7.6,-2.6));
#8686 = VECTOR('',#8687,1.);
#8687 = DIRECTION('',(1.4E-16,0.,-1.));
#8688 = ORIENTED_EDGE('',*,*,#8689,.T.);
#8689 = EDGE_CURVE('',#8682,#8690,#8692,.T.);
#8690 = VERTEX_POINT('',#8691);
#8691 = CARTESIAN_POINT('',(-0.12,-7.6,-6.3));
#8692 = LINE('',#8693,#8694);
#8693 = CARTESIAN_POINT('',(-0.45,-7.6,-5.728423233502));
#8694 = VECTOR('',#8695,1.);
#8695 = DIRECTION('',(0.5,0.,-0.866025403784));
#8696 = ORIENTED_EDGE('',*,*,#8697,.T.);
#8697 = EDGE_CURVE('',#8690,#8698,#8700,.T.);
#8698 = VERTEX_POINT('',#8699);
#8699 = CARTESIAN_POINT('',(0.12,-7.6,-6.3));
#8700 = LINE('',#8701,#8702);
#8701 = CARTESIAN_POINT('',(-0.12,-7.6,-6.3));
#8702 = VECTOR('',#8703,1.);
#8703 = DIRECTION('',(1.,0.,0.));
#8704 = ORIENTED_EDGE('',*,*,#8705,.T.);
#8705 = EDGE_CURVE('',#8698,#8706,#8708,.T.);
#8706 = VERTEX_POINT('',#8707);
#8707 = CARTESIAN_POINT('',(0.45,-7.6,-5.728423233502));
#8708 = LINE('',#8709,#8710);
#8709 = CARTESIAN_POINT('',(0.12,-7.6,-6.3));
#8710 = VECTOR('',#8711,1.);
#8711 = DIRECTION('',(0.5,0.,0.866025403784));
#8712 = ORIENTED_EDGE('',*,*,#8713,.T.);
#8713 = EDGE_CURVE('',#8706,#8714,#8716,.T.);
#8714 = VERTEX_POINT('',#8715);
#8715 = CARTESIAN_POINT('',(0.45,-7.6,-2.6));
#8716 = LINE('',#8717,#8718);
#8717 = CARTESIAN_POINT('',(0.45,-7.6,-5.728423233502));
#8718 = VECTOR('',#8719,1.);
#8719 = DIRECTION('',(0.,0.,1.));
#8720 = ORIENTED_EDGE('',*,*,#8721,.T.);
#8721 = EDGE_CURVE('',#8714,#8570,#8722,.T.);
#8722 = LINE('',#8723,#8724);
#8723 = CARTESIAN_POINT('',(0.45,-7.6,-2.6));
#8724 = VECTOR('',#8725,1.);
#8725 = DIRECTION('',(0.965925826289,0.,0.258819045103));
#8726 = ORIENTED_EDGE('',*,*,#8569,.T.);
#8727 = ORIENTED_EDGE('',*,*,#8728,.F.);
#8728 = EDGE_CURVE('',#8729,#8561,#8731,.T.);
#8729 = VERTEX_POINT('',#8730);
#8730 = CARTESIAN_POINT('',(0.22360679775,-7.6,-1.9));
#8731 = LINE('',#8732,#8733);
#8732 = CARTESIAN_POINT('',(0.22360679775,-7.6,-1.9));
#8733 = VECTOR('',#8734,1.);
#8734 = DIRECTION('',(1.,0.,-4.2E-16));
#8735 = ORIENTED_EDGE('',*,*,#8736,.F.);
#8736 = EDGE_CURVE('',#8737,#8729,#8739,.T.);
#8737 = VERTEX_POINT('',#8738);
#8738 = CARTESIAN_POINT('',(0.22360679775,-7.6,-5.728423233502));
#8739 = LINE('',#8740,#8741);
#8740 = CARTESIAN_POINT('',(0.22360679775,-7.6,-5.728423233502));
#8741 = VECTOR('',#8742,1.);
#8742 = DIRECTION('',(-1.E-17,0.,1.));
#8743 = ORIENTED_EDGE('',*,*,#8744,.F.);
#8744 = EDGE_CURVE('',#8657,#8737,#8745,.T.);
#8745 = CIRCLE('',#8746,0.22360679775);
#8746 = AXIS2_PLACEMENT_3D('',#8747,#8748,#8749);
#8747 = CARTESIAN_POINT('',(8.9E-16,-7.6,-5.728423233502));
#8748 = DIRECTION('',(1.2E-16,-1.,-6.E-17));
#8749 = DIRECTION('',(-1.,-1.2E-16,0.));
#8750 = PLANE('',#8751);
#8751 = AXIS2_PLACEMENT_3D('',#8752,#8753,#8754);
#8752 = CARTESIAN_POINT('',(2.5,-7.6,-4.7E-16));
#8753 = DIRECTION('',(1.2E-16,-1.,-6.E-17));
#8754 = DIRECTION('',(1.,1.2E-16,1.2E-16));
#8755 = ADVANCED_FACE('',(#8756),#8783,.T.);
#8756 = FACE_BOUND('',#8757,.T.);
#8757 = EDGE_LOOP('',(#8758,#8759,#8768,#8775,#8776));
#8758 = ORIENTED_EDGE('',*,*,#8656,.F.);
#8759 = ORIENTED_EDGE('',*,*,#8760,.T.);
#8760 = EDGE_CURVE('',#8657,#8761,#8763,.T.);
#8761 = VERTEX_POINT('',#8762);
#8762 = CARTESIAN_POINT('',(0.,-7.7,-5.728423233502));
#8763 = CIRCLE('',#8764,0.3);
#8764 = AXIS2_PLACEMENT_3D('',#8765,#8766,#8767);
#8765 = CARTESIAN_POINT('',(8.9E-16,-7.4,-5.728423233502));
#8766 = DIRECTION('',(0.,0.,1.));
#8767 = DIRECTION('',(-0.7453559925,-0.666666666667,0.));
#8768 = ORIENTED_EDGE('',*,*,#8769,.T.);
#8769 = EDGE_CURVE('',#8761,#8737,#8770,.T.);
#8770 = CIRCLE('',#8771,0.3);
#8771 = AXIS2_PLACEMENT_3D('',#8772,#8773,#8774);
#8772 = CARTESIAN_POINT('',(8.9E-16,-7.4,-5.728423233502));
#8773 = DIRECTION('',(0.,0.,1.));
#8774 = DIRECTION('',(-1.67E-15,-1.,0.));
#8775 = ORIENTED_EDGE('',*,*,#8736,.T.);
#8776 = ORIENTED_EDGE('',*,*,#8777,.F.);
#8777 = EDGE_CURVE('',#8659,#8729,#8778,.T.);
#8778 = CIRCLE('',#8779,0.3);
#8779 = AXIS2_PLACEMENT_3D('',#8780,#8781,#8782);
#8780 = CARTESIAN_POINT('',(8.9E-16,-7.4,-1.9));
#8781 = DIRECTION('',(0.,0.,1.));
#8782 = DIRECTION('',(-0.7453559925,-0.666666666667,0.));
#8783 = CYLINDRICAL_SURFACE('',#8784,0.3);
#8784 = AXIS2_PLACEMENT_3D('',#8785,#8786,#8787);
#8785 = CARTESIAN_POINT('',(8.9E-16,-7.4,-5.728423233502));
#8786 = DIRECTION('',(0.,0.,1.));
#8787 = DIRECTION('',(-0.7453559925,-0.666666666667,0.));
#8788 = ADVANCED_FACE('',(#8789),#8794,.F.);
#8789 = FACE_BOUND('',#8790,.F.);
#8790 = EDGE_LOOP('',(#8791,#8792,#8793));
#8791 = ORIENTED_EDGE('',*,*,#8510,.F.);
#8792 = ORIENTED_EDGE('',*,*,#8501,.F.);
#8793 = ORIENTED_EDGE('',*,*,#8382,.T.);
#8794 = SPHERICAL_SURFACE('',#8795,0.1);
#8795 = AXIS2_PLACEMENT_3D('',#8796,#8797,#8798);
#8796 = CARTESIAN_POINT('',(8.9E-16,-7.4,-5.728423233502));
#8797 = DIRECTION('',(1.2E-16,-1.,-6.E-17));
#8798 = DIRECTION('',(-1.,-1.2E-16,1.2E-16));
#8799 = ADVANCED_FACE('',(#8800),#8819,.F.);
#8800 = FACE_BOUND('',#8801,.F.);
#8801 = EDGE_LOOP('',(#8802,#8803,#8811,#8818));
#8802 = ORIENTED_EDGE('',*,*,#8527,.T.);
#8803 = ORIENTED_EDGE('',*,*,#8804,.T.);
#8804 = EDGE_CURVE('',#8528,#8805,#8807,.T.);
#8805 = VERTEX_POINT('',#8806);
#8806 = CARTESIAN_POINT('',(0.1,-7.3,-1.8));
#8807 = LINE('',#8808,#8809);
#8808 = CARTESIAN_POINT('',(0.75,-7.3,-1.8));
#8809 = VECTOR('',#8810,1.);
#8810 = DIRECTION('',(-1.,1.37E-15,0.));
#8811 = ORIENTED_EDGE('',*,*,#8812,.F.);
#8812 = EDGE_CURVE('',#8392,#8805,#8813,.T.);
#8813 = CIRCLE('',#8814,0.1);
#8814 = AXIS2_PLACEMENT_3D('',#8815,#8816,#8817);
#8815 = CARTESIAN_POINT('',(0.1,-7.3,-1.9));
#8816 = DIRECTION('',(-1.,0.,6.E-17));
#8817 = DIRECTION('',(-7.992E-31,-1.,-1.332E-14));
#8818 = ORIENTED_EDGE('',*,*,#8399,.F.);
#8819 = CYLINDRICAL_SURFACE('',#8820,0.1);
#8820 = AXIS2_PLACEMENT_3D('',#8821,#8822,#8823);
#8821 = CARTESIAN_POINT('',(0.1,-7.3,-1.9));
#8822 = DIRECTION('',(-1.,0.,6.E-17));
#8823 = DIRECTION('',(-7.992E-31,-1.,-1.332E-14));
#8824 = ADVANCED_FACE('',(#8825),#8836,.T.);
#8825 = FACE_BOUND('',#8826,.T.);
#8826 = EDGE_LOOP('',(#8827,#8828,#8829,#8830));
#8827 = ORIENTED_EDGE('',*,*,#8415,.T.);
#8828 = ORIENTED_EDGE('',*,*,#8577,.T.);
#8829 = ORIENTED_EDGE('',*,*,#8721,.F.);
#8830 = ORIENTED_EDGE('',*,*,#8831,.F.);
#8831 = EDGE_CURVE('',#8416,#8714,#8832,.T.);
#8832 = LINE('',#8833,#8834);
#8833 = CARTESIAN_POINT('',(0.45,-7.4,-2.6));
#8834 = VECTOR('',#8835,1.);
#8835 = DIRECTION('',(0.,-1.,0.));
#8836 = PLANE('',#8837);
#8837 = AXIS2_PLACEMENT_3D('',#8838,#8839,#8840);
#8838 = CARTESIAN_POINT('',(0.45,-7.4,-2.6));
#8839 = DIRECTION('',(0.258819045103,0.,-0.965925826289));
#8840 = DIRECTION('',(0.965925826289,0.,0.258819045103));
#8841 = ADVANCED_FACE('',(#8842),#8853,.T.);
#8842 = FACE_BOUND('',#8843,.T.);
#8843 = EDGE_LOOP('',(#8844,#8845,#8846,#8847));
#8844 = ORIENTED_EDGE('',*,*,#8423,.T.);
#8845 = ORIENTED_EDGE('',*,*,#8831,.T.);
#8846 = ORIENTED_EDGE('',*,*,#8713,.F.);
#8847 = ORIENTED_EDGE('',*,*,#8848,.F.);
#8848 = EDGE_CURVE('',#8424,#8706,#8849,.T.);
#8849 = LINE('',#8850,#8851);
#8850 = CARTESIAN_POINT('',(0.45,-7.4,-5.728423233502));
#8851 = VECTOR('',#8852,1.);
#8852 = DIRECTION('',(0.,-1.,0.));
#8853 = PLANE('',#8854);
#8854 = AXIS2_PLACEMENT_3D('',#8855,#8856,#8857);
#8855 = CARTESIAN_POINT('',(0.45,-7.4,-5.728423233502));
#8856 = DIRECTION('',(1.,0.,-0.));
#8857 = DIRECTION('',(0.,0.,1.));
#8858 = ADVANCED_FACE('',(#8859),#8870,.T.);
#8859 = FACE_BOUND('',#8860,.T.);
#8860 = EDGE_LOOP('',(#8861,#8862,#8863,#8864));
#8861 = ORIENTED_EDGE('',*,*,#8431,.T.);
#8862 = ORIENTED_EDGE('',*,*,#8848,.T.);
#8863 = ORIENTED_EDGE('',*,*,#8705,.F.);
#8864 = ORIENTED_EDGE('',*,*,#8865,.F.);
#8865 = EDGE_CURVE('',#8432,#8698,#8866,.T.);
#8866 = LINE('',#8867,#8868);
#8867 = CARTESIAN_POINT('',(0.12,-7.4,-6.3));
#8868 = VECTOR('',#8869,1.);
#8869 = DIRECTION('',(0.,-1.,0.));
#8870 = PLANE('',#8871);
#8871 = AXIS2_PLACEMENT_3D('',#8872,#8873,#8874);
#8872 = CARTESIAN_POINT('',(0.12,-7.4,-6.3));
#8873 = DIRECTION('',(0.866025403784,0.,-0.5));
#8874 = DIRECTION('',(0.5,0.,0.866025403784));
#8875 = ADVANCED_FACE('',(#8876),#8887,.T.);
#8876 = FACE_BOUND('',#8877,.T.);
#8877 = EDGE_LOOP('',(#8878,#8879,#8880,#8881));
#8878 = ORIENTED_EDGE('',*,*,#8439,.T.);
#8879 = ORIENTED_EDGE('',*,*,#8865,.T.);
#8880 = ORIENTED_EDGE('',*,*,#8697,.F.);
#8881 = ORIENTED_EDGE('',*,*,#8882,.F.);
#8882 = EDGE_CURVE('',#8440,#8690,#8883,.T.);
#8883 = LINE('',#8884,#8885);
#8884 = CARTESIAN_POINT('',(-0.12,-7.4,-6.3));
#8885 = VECTOR('',#8886,1.);
#8886 = DIRECTION('',(0.,-1.,0.));
#8887 = PLANE('',#8888);
#8888 = AXIS2_PLACEMENT_3D('',#8889,#8890,#8891);
#8889 = CARTESIAN_POINT('',(-0.12,-7.4,-6.3));
#8890 = DIRECTION('',(0.,0.,-1.));
#8891 = DIRECTION('',(1.,0.,0.));
#8892 = ADVANCED_FACE('',(#8893),#8904,.T.);
#8893 = FACE_BOUND('',#8894,.T.);
#8894 = EDGE_LOOP('',(#8895,#8896,#8897,#8898));
#8895 = ORIENTED_EDGE('',*,*,#8447,.T.);
#8896 = ORIENTED_EDGE('',*,*,#8882,.T.);
#8897 = ORIENTED_EDGE('',*,*,#8689,.F.);
#8898 = ORIENTED_EDGE('',*,*,#8899,.F.);
#8899 = EDGE_CURVE('',#8448,#8682,#8900,.T.);
#8900 = LINE('',#8901,#8902);
#8901 = CARTESIAN_POINT('',(-0.45,-7.4,-5.728423233502));
#8902 = VECTOR('',#8903,1.);
#8903 = DIRECTION('',(0.,-1.,0.));
#8904 = PLANE('',#8905);
#8905 = AXIS2_PLACEMENT_3D('',#8906,#8907,#8908);
#8906 = CARTESIAN_POINT('',(-0.45,-7.4,-5.728423233502));
#8907 = DIRECTION('',(-0.866025403784,-0.,-0.5));
#8908 = DIRECTION('',(0.5,0.,-0.866025403784));
#8909 = ADVANCED_FACE('',(#8910),#8921,.T.);
#8910 = FACE_BOUND('',#8911,.T.);
#8911 = EDGE_LOOP('',(#8912,#8913,#8914,#8915));
#8912 = ORIENTED_EDGE('',*,*,#8455,.T.);
#8913 = ORIENTED_EDGE('',*,*,#8899,.T.);
#8914 = ORIENTED_EDGE('',*,*,#8681,.F.);
#8915 = ORIENTED_EDGE('',*,*,#8916,.F.);
#8916 = EDGE_CURVE('',#8456,#8674,#8917,.T.);
#8917 = LINE('',#8918,#8919);
#8918 = CARTESIAN_POINT('',(-0.45,-7.4,-2.6));
#8919 = VECTOR('',#8920,1.);
#8920 = DIRECTION('',(0.,-1.,0.));
#8921 = PLANE('',#8922);
#8922 = AXIS2_PLACEMENT_3D('',#8923,#8924,#8925);
#8923 = CARTESIAN_POINT('',(-0.45,-7.4,-2.6));
#8924 = DIRECTION('',(-1.,-0.,-1.4E-16));
#8925 = DIRECTION('',(1.4E-16,0.,-1.));
#8926 = ADVANCED_FACE('',(#8927),#8933,.T.);
#8927 = FACE_BOUND('',#8928,.T.);
#8928 = EDGE_LOOP('',(#8929,#8930,#8931,#8932));
#8929 = ORIENTED_EDGE('',*,*,#8463,.T.);
#8930 = ORIENTED_EDGE('',*,*,#8916,.T.);
#8931 = ORIENTED_EDGE('',*,*,#8673,.F.);
#8932 = ORIENTED_EDGE('',*,*,#8592,.F.);
#8933 = PLANE('',#8934);
#8934 = AXIS2_PLACEMENT_3D('',#8935,#8936,#8937);
#8935 = CARTESIAN_POINT('',(-0.75,-7.4,-2.519615242271));
#8936 = DIRECTION('',(-0.258819045103,-0.,-0.965925826289));
#8937 = DIRECTION('',(0.965925826289,0.,-0.258819045103));
#8938 = ADVANCED_FACE('',(#8939),#8958,.F.);
#8939 = FACE_BOUND('',#8940,.F.);
#8940 = EDGE_LOOP('',(#8941,#8950,#8956,#8957));
#8941 = ORIENTED_EDGE('',*,*,#8942,.T.);
#8942 = EDGE_CURVE('',#8375,#8943,#8945,.T.);
#8943 = VERTEX_POINT('',#8944);
#8944 = CARTESIAN_POINT('',(-0.1,-7.3,-1.8));
#8945 = CIRCLE('',#8946,0.1);
#8946 = AXIS2_PLACEMENT_3D('',#8947,#8948,#8949);
#8947 = CARTESIAN_POINT('',(-1.E-01,-7.3,-1.9));
#8948 = DIRECTION('',(-1.,0.,6.E-17));
#8949 = DIRECTION('',(-7.992E-31,-1.,-1.332E-14));
#8950 = ORIENTED_EDGE('',*,*,#8951,.T.);
#8951 = EDGE_CURVE('',#8943,#8634,#8952,.T.);
#8952 = LINE('',#8953,#8954);
#8953 = CARTESIAN_POINT('',(-1.E-01,-7.3,-1.8));
#8954 = VECTOR('',#8955,1.);
#8955 = DIRECTION('',(-1.,0.,0.));
#8956 = ORIENTED_EDGE('',*,*,#8641,.F.);
#8957 = ORIENTED_EDGE('',*,*,#8479,.F.);
#8958 = CYLINDRICAL_SURFACE('',#8959,0.1);
#8959 = AXIS2_PLACEMENT_3D('',#8960,#8961,#8962);
#8960 = CARTESIAN_POINT('',(-0.75,-7.3,-1.9));
#8961 = DIRECTION('',(-1.,0.,6.E-17));
#8962 = DIRECTION('',(-6.66E-31,-1.,-1.11E-14));
#8963 = ADVANCED_FACE('',(#8964),#8976,.F.);
#8964 = FACE_BOUND('',#8965,.F.);
#8965 = EDGE_LOOP('',(#8966,#8967,#8974,#8975));
#8966 = ORIENTED_EDGE('',*,*,#8812,.T.);
#8967 = ORIENTED_EDGE('',*,*,#8968,.T.);
#8968 = EDGE_CURVE('',#8805,#8943,#8969,.T.);
#8969 = CIRCLE('',#8970,0.1);
#8970 = AXIS2_PLACEMENT_3D('',#8971,#8972,#8973);
#8971 = CARTESIAN_POINT('',(8.9E-16,-7.3,-1.8));
#8972 = DIRECTION('',(0.,-1.,-1.338E-14));
#8973 = DIRECTION('',(1.,-1.6056E-30,1.2E-16));
#8974 = ORIENTED_EDGE('',*,*,#8942,.F.);
#8975 = ORIENTED_EDGE('',*,*,#8493,.F.);
#8976 = TOROIDAL_SURFACE('',#8977,0.1,0.1);
#8977 = AXIS2_PLACEMENT_3D('',#8978,#8979,#8980);
#8978 = CARTESIAN_POINT('',(8.9E-16,-7.3,-1.9));
#8979 = DIRECTION('',(-1.,0.,6.E-17));
#8980 = DIRECTION('',(-7.992E-31,-1.,-1.332E-14));
#8981 = ADVANCED_FACE('',(#8982),#9000,.T.);
#8982 = FACE_BOUND('',#8983,.T.);
#8983 = EDGE_LOOP('',(#8984,#8985,#8993,#8999));
#8984 = ORIENTED_EDGE('',*,*,#8804,.T.);
#8985 = ORIENTED_EDGE('',*,*,#8986,.T.);
#8986 = EDGE_CURVE('',#8805,#8987,#8989,.T.);
#8987 = VERTEX_POINT('',#8988);
#8988 = CARTESIAN_POINT('',(0.1,-6.,-1.8));
#8989 = LINE('',#8990,#8991);
#8990 = CARTESIAN_POINT('',(0.1,-7.3,-1.8));
#8991 = VECTOR('',#8992,1.);
#8992 = DIRECTION('',(0.,1.,0.));
#8993 = ORIENTED_EDGE('',*,*,#8994,.F.);
#8994 = EDGE_CURVE('',#8537,#8987,#8995,.T.);
#8995 = LINE('',#8996,#8997);
#8996 = CARTESIAN_POINT('',(0.75,-6.,-1.8));
#8997 = VECTOR('',#8998,1.);
#8998 = DIRECTION('',(-1.,1.37E-15,0.));
#8999 = ORIENTED_EDGE('',*,*,#8536,.F.);
#9000 = PLANE('',#9001);
#9001 = AXIS2_PLACEMENT_3D('',#9002,#9003,#9004);
#9002 = CARTESIAN_POINT('',(0.75,-7.3,-1.8));
#9003 = DIRECTION('',(0.,0.,-1.));
#9004 = DIRECTION('',(-1.,1.37E-15,0.));
#9005 = ADVANCED_FACE('',(#9006),#9049,.T.);
#9006 = FACE_BOUND('',#9007,.T.);
#9007 = EDGE_LOOP('',(#9008,#9009,#9010,#9019,#9025,#9026,#9034,#9043));
#9008 = ORIENTED_EDGE('',*,*,#8544,.T.);
#9009 = ORIENTED_EDGE('',*,*,#8994,.T.);
#9010 = ORIENTED_EDGE('',*,*,#9011,.T.);
#9011 = EDGE_CURVE('',#8987,#9012,#9014,.T.);
#9012 = VERTEX_POINT('',#9013);
#9013 = CARTESIAN_POINT('',(-0.1,-6.,-1.8));
#9014 = CIRCLE('',#9015,0.1);
#9015 = AXIS2_PLACEMENT_3D('',#9016,#9017,#9018);
#9016 = CARTESIAN_POINT('',(8.9E-16,-6.,-1.8));
#9017 = DIRECTION('',(-2.3E-16,-1.,-6.E-17));
#9018 = DIRECTION('',(1.,-2.3E-16,0.));
#9019 = ORIENTED_EDGE('',*,*,#9020,.T.);
#9020 = EDGE_CURVE('',#9012,#8626,#9021,.T.);
#9021 = LINE('',#9022,#9023);
#9022 = CARTESIAN_POINT('',(-1.E-01,-6.,-1.8));
#9023 = VECTOR('',#9024,1.);
#9024 = DIRECTION('',(-1.,0.,0.));
#9025 = ORIENTED_EDGE('',*,*,#8625,.T.);
#9026 = ORIENTED_EDGE('',*,*,#9027,.T.);
#9027 = EDGE_CURVE('',#8618,#9028,#9030,.T.);
#9028 = VERTEX_POINT('',#9029);
#9029 = CARTESIAN_POINT('',(-0.22360679775,-6.,-1.6));
#9030 = LINE('',#9031,#9032);
#9031 = CARTESIAN_POINT('',(-0.75,-6.,-1.6));
#9032 = VECTOR('',#9033,1.);
#9033 = DIRECTION('',(1.,0.,0.));
#9034 = ORIENTED_EDGE('',*,*,#9035,.T.);
#9035 = EDGE_CURVE('',#9028,#9036,#9038,.T.);
#9036 = VERTEX_POINT('',#9037);
#9037 = CARTESIAN_POINT('',(0.22360679775,-6.,-1.6));
#9038 = CIRCLE('',#9039,0.3);
#9039 = AXIS2_PLACEMENT_3D('',#9040,#9041,#9042);
#9040 = CARTESIAN_POINT('',(8.9E-16,-6.,-1.8));
#9041 = DIRECTION('',(2.3E-16,1.,6.E-17));
#9042 = DIRECTION('',(-0.7453559925,1.31431878275E-16,0.666666666667));
#9043 = ORIENTED_EDGE('',*,*,#9044,.T.);
#9044 = EDGE_CURVE('',#9036,#8545,#9045,.T.);
#9045 = LINE('',#9046,#9047);
#9046 = CARTESIAN_POINT('',(0.22360679775,-6.,-1.6));
#9047 = VECTOR('',#9048,1.);
#9048 = DIRECTION('',(1.,-3.37E-15,0.));
#9049 = PLANE('',#9050);
#9050 = AXIS2_PLACEMENT_3D('',#9051,#9052,#9053);
#9051 = CARTESIAN_POINT('',(2.5,-6.,-9.2));
#9052 = DIRECTION('',(2.3E-16,1.,6.E-17));
#9053 = DIRECTION('',(1.,-2.3E-16,0.));
#9054 = ADVANCED_FACE('',(#9055),#9073,.T.);
#9055 = FACE_BOUND('',#9056,.T.);
#9056 = EDGE_LOOP('',(#9057,#9065,#9066,#9067));
#9057 = ORIENTED_EDGE('',*,*,#9058,.T.);
#9058 = EDGE_CURVE('',#9059,#8553,#9061,.T.);
#9059 = VERTEX_POINT('',#9060);
#9060 = CARTESIAN_POINT('',(0.22360679775,-7.3,-1.6));
#9061 = LINE('',#9062,#9063);
#9062 = CARTESIAN_POINT('',(0.22360679775,-7.3,-1.6));
#9063 = VECTOR('',#9064,1.);
#9064 = DIRECTION('',(1.,-3.37E-15,0.));
#9065 = ORIENTED_EDGE('',*,*,#8552,.T.);
#9066 = ORIENTED_EDGE('',*,*,#9044,.F.);
#9067 = ORIENTED_EDGE('',*,*,#9068,.F.);
#9068 = EDGE_CURVE('',#9059,#9036,#9069,.T.);
#9069 = LINE('',#9070,#9071);
#9070 = CARTESIAN_POINT('',(0.22360679775,-7.3,-1.6));
#9071 = VECTOR('',#9072,1.);
#9072 = DIRECTION('',(1.69E-15,1.,0.));
#9073 = PLANE('',#9074);
#9074 = AXIS2_PLACEMENT_3D('',#9075,#9076,#9077);
#9075 = CARTESIAN_POINT('',(0.22360679775,-7.3,-1.6));
#9076 = DIRECTION('',(-0.,0.,1.));
#9077 = DIRECTION('',(1.,-1.69E-15,0.));
#9078 = ADVANCED_FACE('',(#9079),#9091,.T.);
#9079 = FACE_BOUND('',#9080,.T.);
#9080 = EDGE_LOOP('',(#9081,#9082,#9083,#9084));
#9081 = ORIENTED_EDGE('',*,*,#8728,.T.);
#9082 = ORIENTED_EDGE('',*,*,#8560,.T.);
#9083 = ORIENTED_EDGE('',*,*,#9058,.F.);
#9084 = ORIENTED_EDGE('',*,*,#9085,.F.);
#9085 = EDGE_CURVE('',#8729,#9059,#9086,.T.);
#9086 = CIRCLE('',#9087,0.3);
#9087 = AXIS2_PLACEMENT_3D('',#9088,#9089,#9090);
#9088 = CARTESIAN_POINT('',(0.22360679775,-7.3,-1.9));
#9089 = DIRECTION('',(-1.,0.,6.E-17));
#9090 = DIRECTION('',(-7.992E-31,-1.,-1.332E-14));
#9091 = CYLINDRICAL_SURFACE('',#9092,0.3);
#9092 = AXIS2_PLACEMENT_3D('',#9093,#9094,#9095);
#9093 = CARTESIAN_POINT('',(0.75,-7.3,-1.9));
#9094 = DIRECTION('',(-1.,0.,6.E-17));
#9095 = DIRECTION('',(-3.108E-31,-1.,-5.18E-15));
#9096 = ADVANCED_FACE('',(#9097),#9116,.T.);
#9097 = FACE_BOUND('',#9098,.T.);
#9098 = EDGE_LOOP('',(#9099,#9100,#9109,#9115));
#9099 = ORIENTED_EDGE('',*,*,#8666,.T.);
#9100 = ORIENTED_EDGE('',*,*,#9101,.T.);
#9101 = EDGE_CURVE('',#8659,#9102,#9104,.T.);
#9102 = VERTEX_POINT('',#9103);
#9103 = CARTESIAN_POINT('',(-0.22360679775,-7.3,-1.6));
#9104 = CIRCLE('',#9105,0.3);
#9105 = AXIS2_PLACEMENT_3D('',#9106,#9107,#9108);
#9106 = CARTESIAN_POINT('',(-0.22360679775,-7.3,-1.9));
#9107 = DIRECTION('',(-1.,0.,6.E-17));
#9108 = DIRECTION('',(-2.22E-31,-1.,-3.7E-15));
#9109 = ORIENTED_EDGE('',*,*,#9110,.F.);
#9110 = EDGE_CURVE('',#8609,#9102,#9111,.T.);
#9111 = LINE('',#9112,#9113);
#9112 = CARTESIAN_POINT('',(-0.75,-7.3,-1.6));
#9113 = VECTOR('',#9114,1.);
#9114 = DIRECTION('',(1.,0.,0.));
#9115 = ORIENTED_EDGE('',*,*,#8608,.F.);
#9116 = CYLINDRICAL_SURFACE('',#9117,0.3);
#9117 = AXIS2_PLACEMENT_3D('',#9118,#9119,#9120);
#9118 = CARTESIAN_POINT('',(-0.22360679775,-7.3,-1.9));
#9119 = DIRECTION('',(-1.,0.,6.E-17));
#9120 = DIRECTION('',(-2.22E-31,-1.,-3.7E-15));
#9121 = ADVANCED_FACE('',(#9122),#9133,.T.);
#9122 = FACE_BOUND('',#9123,.T.);
#9123 = EDGE_LOOP('',(#9124,#9125,#9131,#9132));
#9124 = ORIENTED_EDGE('',*,*,#9110,.T.);
#9125 = ORIENTED_EDGE('',*,*,#9126,.T.);
#9126 = EDGE_CURVE('',#9102,#9028,#9127,.T.);
#9127 = LINE('',#9128,#9129);
#9128 = CARTESIAN_POINT('',(-0.22360679775,-7.3,-1.6));
#9129 = VECTOR('',#9130,1.);
#9130 = DIRECTION('',(0.,1.,0.));
#9131 = ORIENTED_EDGE('',*,*,#9027,.F.);
#9132 = ORIENTED_EDGE('',*,*,#8617,.F.);
#9133 = PLANE('',#9134);
#9134 = AXIS2_PLACEMENT_3D('',#9135,#9136,#9137);
#9135 = CARTESIAN_POINT('',(-0.75,-7.3,-1.6));
#9136 = DIRECTION('',(0.,0.,1.));
#9137 = DIRECTION('',(1.,0.,-0.));
#9138 = ADVANCED_FACE('',(#9139),#9150,.T.);
#9139 = FACE_BOUND('',#9140,.T.);
#9140 = EDGE_LOOP('',(#9141,#9142,#9143,#9144));
#9141 = ORIENTED_EDGE('',*,*,#8951,.T.);
#9142 = ORIENTED_EDGE('',*,*,#8633,.T.);
#9143 = ORIENTED_EDGE('',*,*,#9020,.F.);
#9144 = ORIENTED_EDGE('',*,*,#9145,.F.);
#9145 = EDGE_CURVE('',#8943,#9012,#9146,.T.);
#9146 = LINE('',#9147,#9148);
#9147 = CARTESIAN_POINT('',(-1.E-01,-7.3,-1.8));
#9148 = VECTOR('',#9149,1.);
#9149 = DIRECTION('',(0.,1.,0.));
#9150 = PLANE('',#9151);
#9151 = AXIS2_PLACEMENT_3D('',#9152,#9153,#9154);
#9152 = CARTESIAN_POINT('',(-1.E-01,-7.3,-1.8));
#9153 = DIRECTION('',(0.,0.,-1.));
#9154 = DIRECTION('',(-1.,0.,0.));
#9155 = ADVANCED_FACE('',(#9156),#9161,.T.);
#9156 = FACE_BOUND('',#9157,.T.);
#9157 = EDGE_LOOP('',(#9158,#9159,#9160));
#9158 = ORIENTED_EDGE('',*,*,#8769,.F.);
#9159 = ORIENTED_EDGE('',*,*,#8760,.F.);
#9160 = ORIENTED_EDGE('',*,*,#8744,.T.);
#9161 = SPHERICAL_SURFACE('',#9162,0.3);
#9162 = AXIS2_PLACEMENT_3D('',#9163,#9164,#9165);
#9163 = CARTESIAN_POINT('',(8.9E-16,-7.4,-5.728423233502));
#9164 = DIRECTION('',(1.2E-16,-1.,-6.E-17));
#9165 = DIRECTION('',(-1.,-1.2E-16,2.4E-16));
#9166 = ADVANCED_FACE('',(#9167),#9179,.T.);
#9167 = FACE_BOUND('',#9168,.T.);
#9168 = EDGE_LOOP('',(#9169,#9170,#9171,#9178));
#9169 = ORIENTED_EDGE('',*,*,#8777,.T.);
#9170 = ORIENTED_EDGE('',*,*,#9085,.T.);
#9171 = ORIENTED_EDGE('',*,*,#9172,.F.);
#9172 = EDGE_CURVE('',#9102,#9059,#9173,.T.);
#9173 = CIRCLE('',#9174,0.3);
#9174 = AXIS2_PLACEMENT_3D('',#9175,#9176,#9177);
#9175 = CARTESIAN_POINT('',(8.9E-16,-7.3,-1.8));
#9176 = DIRECTION('',(0.,1.,1.338E-14));
#9177 = DIRECTION('',(-0.7453559925,-8.92E-15,0.666666666667));
#9178 = ORIENTED_EDGE('',*,*,#9101,.F.);
#9179 = SURFACE_OF_REVOLUTION('',#9180,#9188);
#9180 = B_SPLINE_CURVE_WITH_KNOTS('',6,(#9181,#9182,#9183,#9184,#9185,
    #9186,#9187),.UNSPECIFIED.,.F.,.F.,(7,7),(5.442116636612,
    7.124253977748),.PIECEWISE_BEZIER_KNOTS.);
#9181 = CARTESIAN_POINT('',(0.22360679775,-7.6,-1.9));
#9182 = CARTESIAN_POINT('',(0.167535553045,-7.662689557371,-1.9));
#9183 = CARTESIAN_POINT('',(9.038790923911E-02,-7.706514016705,-1.9));
#9184 = CARTESIAN_POINT('',(4.996003610813E-16,-7.722615150643,-1.9));
#9185 = CARTESIAN_POINT('',(-9.038790923911E-02,-7.706514016705,-1.9));
#9186 = CARTESIAN_POINT('',(-0.167535553045,-7.662689557371,-1.9));
#9187 = CARTESIAN_POINT('',(-0.22360679775,-7.6,-1.9));
#9188 = AXIS1_PLACEMENT('',#9189,#9190);
#9189 = CARTESIAN_POINT('',(8.9E-16,-7.3,-1.9));
#9190 = DIRECTION('',(-1.,0.,6.E-17));
#9191 = ADVANCED_FACE('',(#9192),#9198,.F.);
#9192 = FACE_BOUND('',#9193,.F.);
#9193 = EDGE_LOOP('',(#9194,#9195,#9196,#9197));
#9194 = ORIENTED_EDGE('',*,*,#8986,.T.);
#9195 = ORIENTED_EDGE('',*,*,#9011,.T.);
#9196 = ORIENTED_EDGE('',*,*,#9145,.F.);
#9197 = ORIENTED_EDGE('',*,*,#8968,.F.);
#9198 = CYLINDRICAL_SURFACE('',#9199,0.1);
#9199 = AXIS2_PLACEMENT_3D('',#9200,#9201,#9202);
#9200 = CARTESIAN_POINT('',(8.9E-16,-7.3,-1.8));
#9201 = DIRECTION('',(-0.,-1.,-0.));
#9202 = DIRECTION('',(1.,0.,-0.));
#9203 = ADVANCED_FACE('',(#9204),#9210,.T.);
#9204 = FACE_BOUND('',#9205,.T.);
#9205 = EDGE_LOOP('',(#9206,#9207,#9208,#9209));
#9206 = ORIENTED_EDGE('',*,*,#9172,.T.);
#9207 = ORIENTED_EDGE('',*,*,#9068,.T.);
#9208 = ORIENTED_EDGE('',*,*,#9035,.F.);
#9209 = ORIENTED_EDGE('',*,*,#9126,.F.);
#9210 = CYLINDRICAL_SURFACE('',#9211,0.3);
#9211 = AXIS2_PLACEMENT_3D('',#9212,#9213,#9214);
#9212 = CARTESIAN_POINT('',(8.9E-16,-7.3,-1.8));
#9213 = DIRECTION('',(0.,1.,0.));
#9214 = DIRECTION('',(-0.7453559925,0.,0.666666666667));
#9215 = ( GEOMETRIC_REPRESENTATION_CONTEXT(3) 
GLOBAL_UNCERTAINTY_ASSIGNED_CONTEXT((#9219)) 
GLOBAL_UNIT_ASSIGNED_CONTEXT((#9216,#9217,#9218)) REPRESENTATION_CONTEXT
('Context #1','3D Context with UNIT and UNCERTAINTY') );
#9216 = ( LENGTH_UNIT() NAMED_UNIT(*) SI_UNIT(.MILLI.,.METRE.) );
#9217 = ( NAMED_UNIT(*) PLANE_ANGLE_UNIT() SI_UNIT($,.RADIAN.) );
#9218 = ( NAMED_UNIT(*) SI_UNIT($,.STERADIAN.) SOLID_ANGLE_UNIT() );
#9219 = UNCERTAINTY_MEASURE_WITH_UNIT(LENGTH_MEASURE(1.E-07),#9216,
  'distance_accuracy_value','confusion accuracy');
#9220 = CONTEXT_DEPENDENT_SHAPE_REPRESENTATION(#9221,#9223);
#9221 = ( REPRESENTATION_RELATIONSHIP('','',#8365,#1250) 
REPRESENTATION_RELATIONSHIP_WITH_TRANSFORMATION(#9222) 
SHAPE_REPRESENTATION_RELATIONSHIP() );
#9222 = ITEM_DEFINED_TRANSFORMATION('','',#11,#1259);
#9223 = PRODUCT_DEFINITION_SHAPE('Placement','Placement of an item',
  #9224);
#9224 = NEXT_ASSEMBLY_USAGE_OCCURRENCE('5','EC11-Housing-THT002','',
  #1245,#8360,$);
#9225 = PRODUCT_RELATED_PRODUCT_CATEGORY('part',$,(#8362));
#9226 = SHAPE_DEFINITION_REPRESENTATION(#9227,#9233);
#9227 = PRODUCT_DEFINITION_SHAPE('','',#9228);
#9228 = PRODUCT_DEFINITION('design','',#9229,#9232);
#9229 = PRODUCT_DEFINITION_FORMATION('','',#9230);
#9230 = PRODUCT('EC11-Housing-THT003','EC11-Housing-THT003','',(#9231));
#9231 = PRODUCT_CONTEXT('',#2,'mechanical');
#9232 = PRODUCT_DEFINITION_CONTEXT('part definition',#2,'design');
#9233 = ADVANCED_BREP_SHAPE_REPRESENTATION('',(#11,#9234),#10250);
#9234 = MANIFOLD_SOLID_BREP('',#9235);
#9235 = CLOSED_SHELL('',(#9236,#9317,#9382,#9407,#9431,#9455,#9479,#9503
    ,#9561,#9586,#9611,#9716,#9740,#9845,#9870,#9892,#9916,#9941,#9965,
    #9998,#10029,#10054,#10067,#10079,#10096,#10113,#10130,#10147,#10164
    ,#10176,#10194,#10227,#10238));
#9236 = ADVANCED_FACE('',(#9237),#9312,.F.);
#9237 = FACE_BOUND('',#9238,.F.);
#9238 = EDGE_LOOP('',(#9239,#9249,#9257,#9265,#9273,#9281,#9289,#9297,
    #9306));
#9239 = ORIENTED_EDGE('',*,*,#9240,.T.);
#9240 = EDGE_CURVE('',#9241,#9243,#9245,.T.);
#9241 = VERTEX_POINT('',#9242);
#9242 = CARTESIAN_POINT('',(-3.25,6.8,-1.6));
#9243 = VERTEX_POINT('',#9244);
#9244 = CARTESIAN_POINT('',(-2.72360679775,6.8,-1.6));
#9245 = LINE('',#9246,#9247);
#9246 = CARTESIAN_POINT('',(-3.25,6.8,-1.6));
#9247 = VECTOR('',#9248,1.);
#9248 = DIRECTION('',(1.,0.,0.));
#9249 = ORIENTED_EDGE('',*,*,#9250,.T.);
#9250 = EDGE_CURVE('',#9243,#9251,#9253,.T.);
#9251 = VERTEX_POINT('',#9252);
#9252 = CARTESIAN_POINT('',(-2.72360679775,5.5,-1.6));
#9253 = LINE('',#9254,#9255);
#9254 = CARTESIAN_POINT('',(-2.72360679775,6.8,-1.6));
#9255 = VECTOR('',#9256,1.);
#9256 = DIRECTION('',(0.,-1.,-1.7E-16));
#9257 = ORIENTED_EDGE('',*,*,#9258,.F.);
#9258 = EDGE_CURVE('',#9259,#9251,#9261,.T.);
#9259 = VERTEX_POINT('',#9260);
#9260 = CARTESIAN_POINT('',(-3.25,5.5,-1.6));
#9261 = LINE('',#9262,#9263);
#9262 = CARTESIAN_POINT('',(-3.25,5.5,-1.6));
#9263 = VECTOR('',#9264,1.);
#9264 = DIRECTION('',(1.,0.,0.));
#9265 = ORIENTED_EDGE('',*,*,#9266,.F.);
#9266 = EDGE_CURVE('',#9267,#9259,#9269,.T.);
#9267 = VERTEX_POINT('',#9268);
#9268 = CARTESIAN_POINT('',(-3.25,6.,-1.6));
#9269 = LINE('',#9270,#9271);
#9270 = CARTESIAN_POINT('',(-3.25,6.,-1.6));
#9271 = VECTOR('',#9272,1.);
#9272 = DIRECTION('',(0.,-1.,-4.4E-16));
#9273 = ORIENTED_EDGE('',*,*,#9274,.F.);
#9274 = EDGE_CURVE('',#9275,#9267,#9277,.T.);
#9275 = VERTEX_POINT('',#9276);
#9276 = CARTESIAN_POINT('',(-4.35,6.,-1.6));
#9277 = LINE('',#9278,#9279);
#9278 = CARTESIAN_POINT('',(-4.35,6.,-1.6));
#9279 = VECTOR('',#9280,1.);
#9280 = DIRECTION('',(1.,0.,0.));
#9281 = ORIENTED_EDGE('',*,*,#9282,.F.);
#9282 = EDGE_CURVE('',#9283,#9275,#9285,.T.);
#9283 = VERTEX_POINT('',#9284);
#9284 = CARTESIAN_POINT('',(-4.35,6.2,-1.6));
#9285 = LINE('',#9286,#9287);
#9286 = CARTESIAN_POINT('',(-4.35,6.2,-1.6));
#9287 = VECTOR('',#9288,1.);
#9288 = DIRECTION('',(0.,-1.,0.));
#9289 = ORIENTED_EDGE('',*,*,#9290,.F.);
#9290 = EDGE_CURVE('',#9291,#9283,#9293,.T.);
#9291 = VERTEX_POINT('',#9292);
#9292 = CARTESIAN_POINT('',(-3.45,6.2,-1.6));
#9293 = LINE('',#9294,#9295);
#9294 = CARTESIAN_POINT('',(-3.45,6.2,-1.6));
#9295 = VECTOR('',#9296,1.);
#9296 = DIRECTION('',(-1.,0.,0.));
#9297 = ORIENTED_EDGE('',*,*,#9298,.F.);
#9298 = EDGE_CURVE('',#9299,#9291,#9301,.T.);
#9299 = VERTEX_POINT('',#9300);
#9300 = CARTESIAN_POINT('',(-3.25,6.2,-1.6));
#9301 = CIRCLE('',#9302,0.1);
#9302 = AXIS2_PLACEMENT_3D('',#9303,#9304,#9305);
#9303 = CARTESIAN_POINT('',(-3.35,6.2,-1.6));
#9304 = DIRECTION('',(0.,1.2E-16,-1.));
#9305 = DIRECTION('',(1.,0.,0.));
#9306 = ORIENTED_EDGE('',*,*,#9307,.F.);
#9307 = EDGE_CURVE('',#9241,#9299,#9308,.T.);
#9308 = LINE('',#9309,#9310);
#9309 = CARTESIAN_POINT('',(-3.25,6.8,-1.6));
#9310 = VECTOR('',#9311,1.);
#9311 = DIRECTION('',(0.,-1.,0.));
#9312 = PLANE('',#9313);
#9313 = AXIS2_PLACEMENT_3D('',#9314,#9315,#9316);
#9314 = CARTESIAN_POINT('',(-3.25,6.8,-1.6));
#9315 = DIRECTION('',(-0.,1.2E-16,-1.));
#9316 = DIRECTION('',(1.,0.,0.));
#9317 = ADVANCED_FACE('',(#9318),#9377,.F.);
#9318 = FACE_BOUND('',#9319,.F.);
#9319 = EDGE_LOOP('',(#9320,#9330,#9339,#9347,#9355,#9363,#9370,#9371));
#9320 = ORIENTED_EDGE('',*,*,#9321,.F.);
#9321 = EDGE_CURVE('',#9322,#9324,#9326,.T.);
#9322 = VERTEX_POINT('',#9323);
#9323 = CARTESIAN_POINT('',(-3.25,6.8,-1.8));
#9324 = VERTEX_POINT('',#9325);
#9325 = CARTESIAN_POINT('',(-3.25,6.2,-1.8));
#9326 = LINE('',#9327,#9328);
#9327 = CARTESIAN_POINT('',(-3.25,6.8,-1.8));
#9328 = VECTOR('',#9329,1.);
#9329 = DIRECTION('',(0.,-1.,0.));
#9330 = ORIENTED_EDGE('',*,*,#9331,.F.);
#9331 = EDGE_CURVE('',#9332,#9322,#9334,.T.);
#9332 = VERTEX_POINT('',#9333);
#9333 = CARTESIAN_POINT('',(-3.25,6.9,-1.9));
#9334 = CIRCLE('',#9335,0.1);
#9335 = AXIS2_PLACEMENT_3D('',#9336,#9337,#9338);
#9336 = CARTESIAN_POINT('',(-3.25,6.8,-1.9));
#9337 = DIRECTION('',(1.,0.,-1.06E-15));
#9338 = DIRECTION('',(-4.7064E-30,1.,-4.44E-15));
#9339 = ORIENTED_EDGE('',*,*,#9340,.T.);
#9340 = EDGE_CURVE('',#9332,#9341,#9343,.T.);
#9341 = VERTEX_POINT('',#9342);
#9342 = CARTESIAN_POINT('',(-3.25,6.9,-2.519615242271));
#9343 = LINE('',#9344,#9345);
#9344 = CARTESIAN_POINT('',(-3.25,6.9,-1.9));
#9345 = VECTOR('',#9346,1.);
#9346 = DIRECTION('',(-7.2E-16,0.,-1.));
#9347 = ORIENTED_EDGE('',*,*,#9348,.T.);
#9348 = EDGE_CURVE('',#9341,#9349,#9351,.T.);
#9349 = VERTEX_POINT('',#9350);
#9350 = CARTESIAN_POINT('',(-3.25,7.1,-2.519615242271));
#9351 = LINE('',#9352,#9353);
#9352 = CARTESIAN_POINT('',(-3.25,6.9,-2.519615242271));
#9353 = VECTOR('',#9354,1.);
#9354 = DIRECTION('',(0.,1.,0.));
#9355 = ORIENTED_EDGE('',*,*,#9356,.F.);
#9356 = EDGE_CURVE('',#9357,#9349,#9359,.T.);
#9357 = VERTEX_POINT('',#9358);
#9358 = CARTESIAN_POINT('',(-3.25,7.1,-1.9));
#9359 = LINE('',#9360,#9361);
#9360 = CARTESIAN_POINT('',(-3.25,7.1,-1.9));
#9361 = VECTOR('',#9362,1.);
#9362 = DIRECTION('',(-7.2E-16,0.,-1.));
#9363 = ORIENTED_EDGE('',*,*,#9364,.T.);
#9364 = EDGE_CURVE('',#9357,#9241,#9365,.T.);
#9365 = CIRCLE('',#9366,0.3);
#9366 = AXIS2_PLACEMENT_3D('',#9367,#9368,#9369);
#9367 = CARTESIAN_POINT('',(-3.25,6.8,-1.9));
#9368 = DIRECTION('',(1.,0.,-1.06E-15));
#9369 = DIRECTION('',(-3.922E-30,1.,-3.7E-15));
#9370 = ORIENTED_EDGE('',*,*,#9307,.T.);
#9371 = ORIENTED_EDGE('',*,*,#9372,.F.);
#9372 = EDGE_CURVE('',#9324,#9299,#9373,.T.);
#9373 = LINE('',#9374,#9375);
#9374 = CARTESIAN_POINT('',(-3.25,6.2,-1.8));
#9375 = VECTOR('',#9376,1.);
#9376 = DIRECTION('',(0.,0.,1.));
#9377 = PLANE('',#9378);
#9378 = AXIS2_PLACEMENT_3D('',#9379,#9380,#9381);
#9379 = CARTESIAN_POINT('',(-3.25,6.9,-2.1));
#9380 = DIRECTION('',(1.,0.,-1.06E-15));
#9381 = DIRECTION('',(-1.06E-15,1.2E-16,-1.));
#9382 = ADVANCED_FACE('',(#9383),#9402,.F.);
#9383 = FACE_BOUND('',#9384,.F.);
#9384 = EDGE_LOOP('',(#9385,#9386,#9394,#9401));
#9385 = ORIENTED_EDGE('',*,*,#9298,.T.);
#9386 = ORIENTED_EDGE('',*,*,#9387,.F.);
#9387 = EDGE_CURVE('',#9388,#9291,#9390,.T.);
#9388 = VERTEX_POINT('',#9389);
#9389 = CARTESIAN_POINT('',(-3.45,6.2,-1.8));
#9390 = LINE('',#9391,#9392);
#9391 = CARTESIAN_POINT('',(-3.45,6.2,-1.8));
#9392 = VECTOR('',#9393,1.);
#9393 = DIRECTION('',(0.,0.,1.));
#9394 = ORIENTED_EDGE('',*,*,#9395,.F.);
#9395 = EDGE_CURVE('',#9324,#9388,#9396,.T.);
#9396 = CIRCLE('',#9397,0.1);
#9397 = AXIS2_PLACEMENT_3D('',#9398,#9399,#9400);
#9398 = CARTESIAN_POINT('',(-3.35,6.2,-1.8));
#9399 = DIRECTION('',(0.,1.2E-16,-1.));
#9400 = DIRECTION('',(1.,0.,0.));
#9401 = ORIENTED_EDGE('',*,*,#9372,.T.);
#9402 = CYLINDRICAL_SURFACE('',#9403,0.1);
#9403 = AXIS2_PLACEMENT_3D('',#9404,#9405,#9406);
#9404 = CARTESIAN_POINT('',(-3.35,6.2,-1.8));
#9405 = DIRECTION('',(-0.,-0.,-1.));
#9406 = DIRECTION('',(1.,0.,0.));
#9407 = ADVANCED_FACE('',(#9408),#9426,.T.);
#9408 = FACE_BOUND('',#9409,.T.);
#9409 = EDGE_LOOP('',(#9410,#9418,#9424,#9425));
#9410 = ORIENTED_EDGE('',*,*,#9411,.T.);
#9411 = EDGE_CURVE('',#9388,#9412,#9414,.T.);
#9412 = VERTEX_POINT('',#9413);
#9413 = CARTESIAN_POINT('',(-4.35,6.2,-1.8));
#9414 = LINE('',#9415,#9416);
#9415 = CARTESIAN_POINT('',(-3.45,6.2,-1.8));
#9416 = VECTOR('',#9417,1.);
#9417 = DIRECTION('',(-1.,0.,0.));
#9418 = ORIENTED_EDGE('',*,*,#9419,.T.);
#9419 = EDGE_CURVE('',#9412,#9283,#9420,.T.);
#9420 = LINE('',#9421,#9422);
#9421 = CARTESIAN_POINT('',(-4.35,6.2,-1.8));
#9422 = VECTOR('',#9423,1.);
#9423 = DIRECTION('',(0.,0.,1.));
#9424 = ORIENTED_EDGE('',*,*,#9290,.F.);
#9425 = ORIENTED_EDGE('',*,*,#9387,.F.);
#9426 = PLANE('',#9427);
#9427 = AXIS2_PLACEMENT_3D('',#9428,#9429,#9430);
#9428 = CARTESIAN_POINT('',(-3.45,6.2,-1.8));
#9429 = DIRECTION('',(0.,1.,-0.));
#9430 = DIRECTION('',(-1.,0.,0.));
#9431 = ADVANCED_FACE('',(#9432),#9450,.T.);
#9432 = FACE_BOUND('',#9433,.T.);
#9433 = EDGE_LOOP('',(#9434,#9442,#9448,#9449));
#9434 = ORIENTED_EDGE('',*,*,#9435,.T.);
#9435 = EDGE_CURVE('',#9412,#9436,#9438,.T.);
#9436 = VERTEX_POINT('',#9437);
#9437 = CARTESIAN_POINT('',(-4.35,6.,-1.8));
#9438 = LINE('',#9439,#9440);
#9439 = CARTESIAN_POINT('',(-4.35,6.2,-1.8));
#9440 = VECTOR('',#9441,1.);
#9441 = DIRECTION('',(0.,-1.,0.));
#9442 = ORIENTED_EDGE('',*,*,#9443,.T.);
#9443 = EDGE_CURVE('',#9436,#9275,#9444,.T.);
#9444 = LINE('',#9445,#9446);
#9445 = CARTESIAN_POINT('',(-4.35,6.,-1.8));
#9446 = VECTOR('',#9447,1.);
#9447 = DIRECTION('',(0.,0.,1.));
#9448 = ORIENTED_EDGE('',*,*,#9282,.F.);
#9449 = ORIENTED_EDGE('',*,*,#9419,.F.);
#9450 = PLANE('',#9451);
#9451 = AXIS2_PLACEMENT_3D('',#9452,#9453,#9454);
#9452 = CARTESIAN_POINT('',(-4.35,6.2,-1.8));
#9453 = DIRECTION('',(-1.,0.,0.));
#9454 = DIRECTION('',(0.,-1.,0.));
#9455 = ADVANCED_FACE('',(#9456),#9474,.T.);
#9456 = FACE_BOUND('',#9457,.T.);
#9457 = EDGE_LOOP('',(#9458,#9466,#9467,#9468));
#9458 = ORIENTED_EDGE('',*,*,#9459,.F.);
#9459 = EDGE_CURVE('',#9267,#9460,#9462,.T.);
#9460 = VERTEX_POINT('',#9461);
#9461 = CARTESIAN_POINT('',(-3.25,6.,-1.8));
#9462 = LINE('',#9463,#9464);
#9463 = CARTESIAN_POINT('',(-3.25,6.,-1.6));
#9464 = VECTOR('',#9465,1.);
#9465 = DIRECTION('',(0.,0.,-1.));
#9466 = ORIENTED_EDGE('',*,*,#9274,.F.);
#9467 = ORIENTED_EDGE('',*,*,#9443,.F.);
#9468 = ORIENTED_EDGE('',*,*,#9469,.T.);
#9469 = EDGE_CURVE('',#9436,#9460,#9470,.T.);
#9470 = LINE('',#9471,#9472);
#9471 = CARTESIAN_POINT('',(-4.35,6.,-1.8));
#9472 = VECTOR('',#9473,1.);
#9473 = DIRECTION('',(1.,0.,0.));
#9474 = PLANE('',#9475);
#9475 = AXIS2_PLACEMENT_3D('',#9476,#9477,#9478);
#9476 = CARTESIAN_POINT('',(-4.35,6.,-1.8));
#9477 = DIRECTION('',(0.,-1.,0.));
#9478 = DIRECTION('',(1.,0.,0.));
#9479 = ADVANCED_FACE('',(#9480),#9498,.F.);
#9480 = FACE_BOUND('',#9481,.F.);
#9481 = EDGE_LOOP('',(#9482,#9483,#9491,#9497));
#9482 = ORIENTED_EDGE('',*,*,#9266,.T.);
#9483 = ORIENTED_EDGE('',*,*,#9484,.F.);
#9484 = EDGE_CURVE('',#9485,#9259,#9487,.T.);
#9485 = VERTEX_POINT('',#9486);
#9486 = CARTESIAN_POINT('',(-3.25,5.5,-1.8));
#9487 = LINE('',#9488,#9489);
#9488 = CARTESIAN_POINT('',(-3.25,5.5,-1.8));
#9489 = VECTOR('',#9490,1.);
#9490 = DIRECTION('',(0.,0.,1.));
#9491 = ORIENTED_EDGE('',*,*,#9492,.F.);
#9492 = EDGE_CURVE('',#9460,#9485,#9493,.T.);
#9493 = LINE('',#9494,#9495);
#9494 = CARTESIAN_POINT('',(-3.25,6.,-1.8));
#9495 = VECTOR('',#9496,1.);
#9496 = DIRECTION('',(0.,-1.,-4.4E-16));
#9497 = ORIENTED_EDGE('',*,*,#9459,.F.);
#9498 = PLANE('',#9499);
#9499 = AXIS2_PLACEMENT_3D('',#9500,#9501,#9502);
#9500 = CARTESIAN_POINT('',(-3.25,6.9,-2.1));
#9501 = DIRECTION('',(1.,0.,-1.06E-15));
#9502 = DIRECTION('',(-1.06E-15,1.2E-16,-1.));
#9503 = ADVANCED_FACE('',(#9504),#9556,.F.);
#9504 = FACE_BOUND('',#9505,.F.);
#9505 = EDGE_LOOP('',(#9506,#9516,#9524,#9533,#9539,#9540,#9541,#9550));
#9506 = ORIENTED_EDGE('',*,*,#9507,.T.);
#9507 = EDGE_CURVE('',#9508,#9510,#9512,.T.);
#9508 = VERTEX_POINT('',#9509);
#9509 = CARTESIAN_POINT('',(-1.75,5.5,-1.6));
#9510 = VERTEX_POINT('',#9511);
#9511 = CARTESIAN_POINT('',(-1.75,5.5,-1.8));
#9512 = LINE('',#9513,#9514);
#9513 = CARTESIAN_POINT('',(-1.75,5.5,-1.6));
#9514 = VECTOR('',#9515,1.);
#9515 = DIRECTION('',(2.22E-15,0.,-1.));
#9516 = ORIENTED_EDGE('',*,*,#9517,.T.);
#9517 = EDGE_CURVE('',#9510,#9518,#9520,.T.);
#9518 = VERTEX_POINT('',#9519);
#9519 = CARTESIAN_POINT('',(-2.4,5.5,-1.8));
#9520 = LINE('',#9521,#9522);
#9521 = CARTESIAN_POINT('',(-1.75,5.5,-1.8));
#9522 = VECTOR('',#9523,1.);
#9523 = DIRECTION('',(-1.,-1.37E-15,0.));
#9524 = ORIENTED_EDGE('',*,*,#9525,.T.);
#9525 = EDGE_CURVE('',#9518,#9526,#9528,.T.);
#9526 = VERTEX_POINT('',#9527);
#9527 = CARTESIAN_POINT('',(-2.6,5.5,-1.8));
#9528 = CIRCLE('',#9529,0.1);
#9529 = AXIS2_PLACEMENT_3D('',#9530,#9531,#9532);
#9530 = CARTESIAN_POINT('',(-2.5,5.5,-1.8));
#9531 = DIRECTION('',(2.3E-16,-1.,-6.E-17));
#9532 = DIRECTION('',(1.,2.3E-16,0.));
#9533 = ORIENTED_EDGE('',*,*,#9534,.T.);
#9534 = EDGE_CURVE('',#9526,#9485,#9535,.T.);
#9535 = LINE('',#9536,#9537);
#9536 = CARTESIAN_POINT('',(-2.6,5.5,-1.8));
#9537 = VECTOR('',#9538,1.);
#9538 = DIRECTION('',(-1.,0.,0.));
#9539 = ORIENTED_EDGE('',*,*,#9484,.T.);
#9540 = ORIENTED_EDGE('',*,*,#9258,.T.);
#9541 = ORIENTED_EDGE('',*,*,#9542,.T.);
#9542 = EDGE_CURVE('',#9251,#9543,#9545,.T.);
#9543 = VERTEX_POINT('',#9544);
#9544 = CARTESIAN_POINT('',(-2.27639320225,5.5,-1.6));
#9545 = CIRCLE('',#9546,0.3);
#9546 = AXIS2_PLACEMENT_3D('',#9547,#9548,#9549);
#9547 = CARTESIAN_POINT('',(-2.5,5.5,-1.8));
#9548 = DIRECTION('',(-2.3E-16,1.,6.E-17));
#9549 = DIRECTION('',(-0.7453559925,-2.11431878275E-16,0.666666666667));
#9550 = ORIENTED_EDGE('',*,*,#9551,.T.);
#9551 = EDGE_CURVE('',#9543,#9508,#9552,.T.);
#9552 = LINE('',#9553,#9554);
#9553 = CARTESIAN_POINT('',(-2.27639320225,5.5,-1.6));
#9554 = VECTOR('',#9555,1.);
#9555 = DIRECTION('',(1.,3.37E-15,0.));
#9556 = PLANE('',#9557);
#9557 = AXIS2_PLACEMENT_3D('',#9558,#9559,#9560);
#9558 = CARTESIAN_POINT('',(1.2E-16,5.5,-9.2));
#9559 = DIRECTION('',(-2.3E-16,1.,6.E-17));
#9560 = DIRECTION('',(1.,2.3E-16,0.));
#9561 = ADVANCED_FACE('',(#9562),#9581,.T.);
#9562 = FACE_BOUND('',#9563,.T.);
#9563 = EDGE_LOOP('',(#9564,#9565,#9566,#9574));
#9564 = ORIENTED_EDGE('',*,*,#9250,.T.);
#9565 = ORIENTED_EDGE('',*,*,#9542,.T.);
#9566 = ORIENTED_EDGE('',*,*,#9567,.F.);
#9567 = EDGE_CURVE('',#9568,#9543,#9570,.T.);
#9568 = VERTEX_POINT('',#9569);
#9569 = CARTESIAN_POINT('',(-2.27639320225,6.8,-1.6));
#9570 = LINE('',#9571,#9572);
#9571 = CARTESIAN_POINT('',(-2.27639320225,6.8,-1.6));
#9572 = VECTOR('',#9573,1.);
#9573 = DIRECTION('',(1.71E-15,-1.,-1.7E-16));
#9574 = ORIENTED_EDGE('',*,*,#9575,.F.);
#9575 = EDGE_CURVE('',#9243,#9568,#9576,.T.);
#9576 = CIRCLE('',#9577,0.3);
#9577 = AXIS2_PLACEMENT_3D('',#9578,#9579,#9580);
#9578 = CARTESIAN_POINT('',(-2.5,6.8,-1.8));
#9579 = DIRECTION('',(7.88860905221E-31,1.,-1.326E-14));
#9580 = DIRECTION('',(-0.7453559925,8.84E-15,0.666666666667));
#9581 = CYLINDRICAL_SURFACE('',#9582,0.3);
#9582 = AXIS2_PLACEMENT_3D('',#9583,#9584,#9585);
#9583 = CARTESIAN_POINT('',(-2.5,6.8,-1.8));
#9584 = DIRECTION('',(-0.,1.,1.2E-16));
#9585 = DIRECTION('',(-0.7453559925,-8.E-17,0.666666666667));
#9586 = ADVANCED_FACE('',(#9587),#9606,.T.);
#9587 = FACE_BOUND('',#9588,.T.);
#9588 = EDGE_LOOP('',(#9589,#9590,#9591,#9600));
#9589 = ORIENTED_EDGE('',*,*,#9364,.T.);
#9590 = ORIENTED_EDGE('',*,*,#9240,.T.);
#9591 = ORIENTED_EDGE('',*,*,#9592,.F.);
#9592 = EDGE_CURVE('',#9593,#9243,#9595,.T.);
#9593 = VERTEX_POINT('',#9594);
#9594 = CARTESIAN_POINT('',(-2.72360679775,7.1,-1.9));
#9595 = CIRCLE('',#9596,0.3);
#9596 = AXIS2_PLACEMENT_3D('',#9597,#9598,#9599);
#9597 = CARTESIAN_POINT('',(-2.72360679775,6.8,-1.9));
#9598 = DIRECTION('',(1.,0.,-6.E-17));
#9599 = DIRECTION('',(-2.22E-31,1.,-3.7E-15));
#9600 = ORIENTED_EDGE('',*,*,#9601,.F.);
#9601 = EDGE_CURVE('',#9357,#9593,#9602,.T.);
#9602 = LINE('',#9603,#9604);
#9603 = CARTESIAN_POINT('',(-3.25,7.1,-1.9));
#9604 = VECTOR('',#9605,1.);
#9605 = DIRECTION('',(1.,0.,4.2E-16));
#9606 = CYLINDRICAL_SURFACE('',#9607,0.3);
#9607 = AXIS2_PLACEMENT_3D('',#9608,#9609,#9610);
#9608 = CARTESIAN_POINT('',(-2.72360679775,6.8,-1.9));
#9609 = DIRECTION('',(1.,0.,-6.E-17));
#9610 = DIRECTION('',(-2.148E-31,1.,-3.58E-15));
#9611 = ADVANCED_FACE('',(#9612),#9711,.F.);
#9612 = FACE_BOUND('',#9613,.F.);
#9613 = EDGE_LOOP('',(#9614,#9622,#9623,#9624,#9632,#9640,#9648,#9656,
    #9664,#9672,#9680,#9688,#9696,#9704));
#9614 = ORIENTED_EDGE('',*,*,#9615,.T.);
#9615 = EDGE_CURVE('',#9616,#9593,#9618,.T.);
#9616 = VERTEX_POINT('',#9617);
#9617 = CARTESIAN_POINT('',(-2.72360679775,7.1,-5.728423233502));
#9618 = LINE('',#9619,#9620);
#9619 = CARTESIAN_POINT('',(-2.72360679775,7.1,-5.728423233502));
#9620 = VECTOR('',#9621,1.);
#9621 = DIRECTION('',(-2.3E-16,0.,1.));
#9622 = ORIENTED_EDGE('',*,*,#9601,.F.);
#9623 = ORIENTED_EDGE('',*,*,#9356,.T.);
#9624 = ORIENTED_EDGE('',*,*,#9625,.T.);
#9625 = EDGE_CURVE('',#9349,#9626,#9628,.T.);
#9626 = VERTEX_POINT('',#9627);
#9627 = CARTESIAN_POINT('',(-2.95,7.1,-2.6));
#9628 = LINE('',#9629,#9630);
#9629 = CARTESIAN_POINT('',(-3.25,7.1,-2.519615242271));
#9630 = VECTOR('',#9631,1.);
#9631 = DIRECTION('',(0.965925826289,0.,-0.258819045103));
#9632 = ORIENTED_EDGE('',*,*,#9633,.T.);
#9633 = EDGE_CURVE('',#9626,#9634,#9636,.T.);
#9634 = VERTEX_POINT('',#9635);
#9635 = CARTESIAN_POINT('',(-2.95,7.1,-5.728423233502));
#9636 = LINE('',#9637,#9638);
#9637 = CARTESIAN_POINT('',(-2.95,7.1,-2.6));
#9638 = VECTOR('',#9639,1.);
#9639 = DIRECTION('',(1.4E-16,0.,-1.));
#9640 = ORIENTED_EDGE('',*,*,#9641,.T.);
#9641 = EDGE_CURVE('',#9634,#9642,#9644,.T.);
#9642 = VERTEX_POINT('',#9643);
#9643 = CARTESIAN_POINT('',(-2.62,7.1,-6.3));
#9644 = LINE('',#9645,#9646);
#9645 = CARTESIAN_POINT('',(-2.95,7.1,-5.728423233502));
#9646 = VECTOR('',#9647,1.);
#9647 = DIRECTION('',(0.5,0.,-0.866025403784));
#9648 = ORIENTED_EDGE('',*,*,#9649,.T.);
#9649 = EDGE_CURVE('',#9642,#9650,#9652,.T.);
#9650 = VERTEX_POINT('',#9651);
#9651 = CARTESIAN_POINT('',(-2.38,7.1,-6.3));
#9652 = LINE('',#9653,#9654);
#9653 = CARTESIAN_POINT('',(-2.62,7.1,-6.3));
#9654 = VECTOR('',#9655,1.);
#9655 = DIRECTION('',(1.,0.,0.));
#9656 = ORIENTED_EDGE('',*,*,#9657,.T.);
#9657 = EDGE_CURVE('',#9650,#9658,#9660,.T.);
#9658 = VERTEX_POINT('',#9659);
#9659 = CARTESIAN_POINT('',(-2.05,7.1,-5.728423233502));
#9660 = LINE('',#9661,#9662);
#9661 = CARTESIAN_POINT('',(-2.38,7.1,-6.3));
#9662 = VECTOR('',#9663,1.);
#9663 = DIRECTION('',(0.5,0.,0.866025403784));
#9664 = ORIENTED_EDGE('',*,*,#9665,.T.);
#9665 = EDGE_CURVE('',#9658,#9666,#9668,.T.);
#9666 = VERTEX_POINT('',#9667);
#9667 = CARTESIAN_POINT('',(-2.05,7.1,-2.6));
#9668 = LINE('',#9669,#9670);
#9669 = CARTESIAN_POINT('',(-2.05,7.1,-5.728423233502));
#9670 = VECTOR('',#9671,1.);
#9671 = DIRECTION('',(0.,0.,1.));
#9672 = ORIENTED_EDGE('',*,*,#9673,.T.);
#9673 = EDGE_CURVE('',#9666,#9674,#9676,.T.);
#9674 = VERTEX_POINT('',#9675);
#9675 = CARTESIAN_POINT('',(-1.75,7.1,-2.519615242271));
#9676 = LINE('',#9677,#9678);
#9677 = CARTESIAN_POINT('',(-2.05,7.1,-2.6));
#9678 = VECTOR('',#9679,1.);
#9679 = DIRECTION('',(0.965925826289,0.,0.258819045103));
#9680 = ORIENTED_EDGE('',*,*,#9681,.T.);
#9681 = EDGE_CURVE('',#9674,#9682,#9684,.T.);
#9682 = VERTEX_POINT('',#9683);
#9683 = CARTESIAN_POINT('',(-1.75,7.1,-1.9));
#9684 = LINE('',#9685,#9686);
#9685 = CARTESIAN_POINT('',(-1.75,7.1,-2.519615242271));
#9686 = VECTOR('',#9687,1.);
#9687 = DIRECTION('',(-2.51E-15,0.,1.));
#9688 = ORIENTED_EDGE('',*,*,#9689,.F.);
#9689 = EDGE_CURVE('',#9690,#9682,#9692,.T.);
#9690 = VERTEX_POINT('',#9691);
#9691 = CARTESIAN_POINT('',(-2.27639320225,7.1,-1.9));
#9692 = LINE('',#9693,#9694);
#9693 = CARTESIAN_POINT('',(-2.27639320225,7.1,-1.9));
#9694 = VECTOR('',#9695,1.);
#9695 = DIRECTION('',(1.,0.,-4.2E-16));
#9696 = ORIENTED_EDGE('',*,*,#9697,.F.);
#9697 = EDGE_CURVE('',#9698,#9690,#9700,.T.);
#9698 = VERTEX_POINT('',#9699);
#9699 = CARTESIAN_POINT('',(-2.27639320225,7.1,-5.728423233502));
#9700 = LINE('',#9701,#9702);
#9701 = CARTESIAN_POINT('',(-2.27639320225,7.1,-5.728423233502));
#9702 = VECTOR('',#9703,1.);
#9703 = DIRECTION('',(0.,0.,1.));
#9704 = ORIENTED_EDGE('',*,*,#9705,.F.);
#9705 = EDGE_CURVE('',#9616,#9698,#9706,.T.);
#9706 = CIRCLE('',#9707,0.22360679775);
#9707 = AXIS2_PLACEMENT_3D('',#9708,#9709,#9710);
#9708 = CARTESIAN_POINT('',(-2.5,7.1,-5.728423233502));
#9709 = DIRECTION('',(-1.2E-16,-1.,-6.E-17));
#9710 = DIRECTION('',(-1.,1.2E-16,0.));
#9711 = PLANE('',#9712);
#9712 = AXIS2_PLACEMENT_3D('',#9713,#9714,#9715);
#9713 = CARTESIAN_POINT('',(2.E-17,7.1,4.7E-16));
#9714 = DIRECTION('',(-1.2E-16,-1.,-6.E-17));
#9715 = DIRECTION('',(1.,-1.2E-16,1.2E-16));
#9716 = ADVANCED_FACE('',(#9717),#9735,.F.);
#9717 = FACE_BOUND('',#9718,.F.);
#9718 = EDGE_LOOP('',(#9719,#9727,#9733,#9734));
#9719 = ORIENTED_EDGE('',*,*,#9720,.T.);
#9720 = EDGE_CURVE('',#9341,#9721,#9723,.T.);
#9721 = VERTEX_POINT('',#9722);
#9722 = CARTESIAN_POINT('',(-2.95,6.9,-2.6));
#9723 = LINE('',#9724,#9725);
#9724 = CARTESIAN_POINT('',(-3.25,6.9,-2.519615242271));
#9725 = VECTOR('',#9726,1.);
#9726 = DIRECTION('',(0.965925826289,0.,-0.258819045103));
#9727 = ORIENTED_EDGE('',*,*,#9728,.T.);
#9728 = EDGE_CURVE('',#9721,#9626,#9729,.T.);
#9729 = LINE('',#9730,#9731);
#9730 = CARTESIAN_POINT('',(-2.95,6.9,-2.6));
#9731 = VECTOR('',#9732,1.);
#9732 = DIRECTION('',(0.,1.,0.));
#9733 = ORIENTED_EDGE('',*,*,#9625,.F.);
#9734 = ORIENTED_EDGE('',*,*,#9348,.F.);
#9735 = PLANE('',#9736);
#9736 = AXIS2_PLACEMENT_3D('',#9737,#9738,#9739);
#9737 = CARTESIAN_POINT('',(-3.25,6.9,-2.519615242271));
#9738 = DIRECTION('',(0.258819045103,-1.2E-16,0.965925826289));
#9739 = DIRECTION('',(0.965925826289,3.E-17,-0.258819045103));
#9740 = ADVANCED_FACE('',(#9741),#9840,.T.);
#9741 = FACE_BOUND('',#9742,.T.);
#9742 = EDGE_LOOP('',(#9743,#9751,#9752,#9753,#9761,#9769,#9777,#9785,
    #9793,#9801,#9809,#9817,#9825,#9834));
#9743 = ORIENTED_EDGE('',*,*,#9744,.T.);
#9744 = EDGE_CURVE('',#9745,#9332,#9747,.T.);
#9745 = VERTEX_POINT('',#9746);
#9746 = CARTESIAN_POINT('',(-2.6,6.9,-1.9));
#9747 = LINE('',#9748,#9749);
#9748 = CARTESIAN_POINT('',(-2.6,6.9,-1.9));
#9749 = VECTOR('',#9750,1.);
#9750 = DIRECTION('',(-1.,0.,0.));
#9751 = ORIENTED_EDGE('',*,*,#9340,.T.);
#9752 = ORIENTED_EDGE('',*,*,#9720,.T.);
#9753 = ORIENTED_EDGE('',*,*,#9754,.T.);
#9754 = EDGE_CURVE('',#9721,#9755,#9757,.T.);
#9755 = VERTEX_POINT('',#9756);
#9756 = CARTESIAN_POINT('',(-2.95,6.9,-5.728423233502));
#9757 = LINE('',#9758,#9759);
#9758 = CARTESIAN_POINT('',(-2.95,6.9,-2.6));
#9759 = VECTOR('',#9760,1.);
#9760 = DIRECTION('',(1.4E-16,0.,-1.));
#9761 = ORIENTED_EDGE('',*,*,#9762,.T.);
#9762 = EDGE_CURVE('',#9755,#9763,#9765,.T.);
#9763 = VERTEX_POINT('',#9764);
#9764 = CARTESIAN_POINT('',(-2.62,6.9,-6.3));
#9765 = LINE('',#9766,#9767);
#9766 = CARTESIAN_POINT('',(-2.95,6.9,-5.728423233502));
#9767 = VECTOR('',#9768,1.);
#9768 = DIRECTION('',(0.5,0.,-0.866025403784));
#9769 = ORIENTED_EDGE('',*,*,#9770,.T.);
#9770 = EDGE_CURVE('',#9763,#9771,#9773,.T.);
#9771 = VERTEX_POINT('',#9772);
#9772 = CARTESIAN_POINT('',(-2.38,6.9,-6.3));
#9773 = LINE('',#9774,#9775);
#9774 = CARTESIAN_POINT('',(-2.62,6.9,-6.3));
#9775 = VECTOR('',#9776,1.);
#9776 = DIRECTION('',(1.,0.,0.));
#9777 = ORIENTED_EDGE('',*,*,#9778,.T.);
#9778 = EDGE_CURVE('',#9771,#9779,#9781,.T.);
#9779 = VERTEX_POINT('',#9780);
#9780 = CARTESIAN_POINT('',(-2.05,6.9,-5.728423233502));
#9781 = LINE('',#9782,#9783);
#9782 = CARTESIAN_POINT('',(-2.38,6.9,-6.3));
#9783 = VECTOR('',#9784,1.);
#9784 = DIRECTION('',(0.5,0.,0.866025403784));
#9785 = ORIENTED_EDGE('',*,*,#9786,.T.);
#9786 = EDGE_CURVE('',#9779,#9787,#9789,.T.);
#9787 = VERTEX_POINT('',#9788);
#9788 = CARTESIAN_POINT('',(-2.05,6.9,-2.6));
#9789 = LINE('',#9790,#9791);
#9790 = CARTESIAN_POINT('',(-2.05,6.9,-5.728423233502));
#9791 = VECTOR('',#9792,1.);
#9792 = DIRECTION('',(0.,0.,1.));
#9793 = ORIENTED_EDGE('',*,*,#9794,.T.);
#9794 = EDGE_CURVE('',#9787,#9795,#9797,.T.);
#9795 = VERTEX_POINT('',#9796);
#9796 = CARTESIAN_POINT('',(-1.75,6.9,-2.519615242271));
#9797 = LINE('',#9798,#9799);
#9798 = CARTESIAN_POINT('',(-2.05,6.9,-2.6));
#9799 = VECTOR('',#9800,1.);
#9800 = DIRECTION('',(0.965925826289,0.,0.258819045103));
#9801 = ORIENTED_EDGE('',*,*,#9802,.T.);
#9802 = EDGE_CURVE('',#9795,#9803,#9805,.T.);
#9803 = VERTEX_POINT('',#9804);
#9804 = CARTESIAN_POINT('',(-1.75,6.9,-1.9));
#9805 = LINE('',#9806,#9807);
#9806 = CARTESIAN_POINT('',(-1.75,6.9,-2.519615242271));
#9807 = VECTOR('',#9808,1.);
#9808 = DIRECTION('',(-2.51E-15,0.,1.));
#9809 = ORIENTED_EDGE('',*,*,#9810,.T.);
#9810 = EDGE_CURVE('',#9803,#9811,#9813,.T.);
#9811 = VERTEX_POINT('',#9812);
#9812 = CARTESIAN_POINT('',(-2.4,6.9,-1.9));
#9813 = LINE('',#9814,#9815);
#9814 = CARTESIAN_POINT('',(-1.75,6.9,-1.9));
#9815 = VECTOR('',#9816,1.);
#9816 = DIRECTION('',(-1.,0.,3.4E-16));
#9817 = ORIENTED_EDGE('',*,*,#9818,.F.);
#9818 = EDGE_CURVE('',#9819,#9811,#9821,.T.);
#9819 = VERTEX_POINT('',#9820);
#9820 = CARTESIAN_POINT('',(-2.4,6.9,-5.728423233502));
#9821 = LINE('',#9822,#9823);
#9822 = CARTESIAN_POINT('',(-2.4,6.9,-5.728423233502));
#9823 = VECTOR('',#9824,1.);
#9824 = DIRECTION('',(0.,0.,1.));
#9825 = ORIENTED_EDGE('',*,*,#9826,.F.);
#9826 = EDGE_CURVE('',#9827,#9819,#9829,.T.);
#9827 = VERTEX_POINT('',#9828);
#9828 = CARTESIAN_POINT('',(-2.6,6.9,-5.728423233502));
#9829 = CIRCLE('',#9830,0.1);
#9830 = AXIS2_PLACEMENT_3D('',#9831,#9832,#9833);
#9831 = CARTESIAN_POINT('',(-2.5,6.9,-5.728423233502));
#9832 = DIRECTION('',(-1.2E-16,-1.,-6.E-17));
#9833 = DIRECTION('',(-1.,1.2E-16,0.));
#9834 = ORIENTED_EDGE('',*,*,#9835,.T.);
#9835 = EDGE_CURVE('',#9827,#9745,#9836,.T.);
#9836 = LINE('',#9837,#9838);
#9837 = CARTESIAN_POINT('',(-2.6,6.9,-5.728423233502));
#9838 = VECTOR('',#9839,1.);
#9839 = DIRECTION('',(-1.2E-16,0.,1.));
#9840 = PLANE('',#9841);
#9841 = AXIS2_PLACEMENT_3D('',#9842,#9843,#9844);
#9842 = CARTESIAN_POINT('',(0.,6.9,4.5E-16));
#9843 = DIRECTION('',(-1.2E-16,-1.,-6.E-17));
#9844 = DIRECTION('',(1.,-1.2E-16,1.2E-16));
#9845 = ADVANCED_FACE('',(#9846),#9865,.F.);
#9846 = FACE_BOUND('',#9847,.F.);
#9847 = EDGE_LOOP('',(#9848,#9849,#9850,#9858));
#9848 = ORIENTED_EDGE('',*,*,#9744,.T.);
#9849 = ORIENTED_EDGE('',*,*,#9331,.T.);
#9850 = ORIENTED_EDGE('',*,*,#9851,.F.);
#9851 = EDGE_CURVE('',#9852,#9322,#9854,.T.);
#9852 = VERTEX_POINT('',#9853);
#9853 = CARTESIAN_POINT('',(-2.6,6.8,-1.8));
#9854 = LINE('',#9855,#9856);
#9855 = CARTESIAN_POINT('',(-2.6,6.8,-1.8));
#9856 = VECTOR('',#9857,1.);
#9857 = DIRECTION('',(-1.,0.,0.));
#9858 = ORIENTED_EDGE('',*,*,#9859,.F.);
#9859 = EDGE_CURVE('',#9745,#9852,#9860,.T.);
#9860 = CIRCLE('',#9861,0.1);
#9861 = AXIS2_PLACEMENT_3D('',#9862,#9863,#9864);
#9862 = CARTESIAN_POINT('',(-2.6,6.8,-1.9));
#9863 = DIRECTION('',(1.,0.,-6.E-17));
#9864 = DIRECTION('',(-7.992E-31,1.,-1.332E-14));
#9865 = CYLINDRICAL_SURFACE('',#9866,0.1);
#9866 = AXIS2_PLACEMENT_3D('',#9867,#9868,#9869);
#9867 = CARTESIAN_POINT('',(-3.25,6.8,-1.9));
#9868 = DIRECTION('',(1.,0.,-6.E-17));
#9869 = DIRECTION('',(-6.588E-31,1.,-1.098E-14));
#9870 = ADVANCED_FACE('',(#9871),#9887,.F.);
#9871 = FACE_BOUND('',#9872,.F.);
#9872 = EDGE_LOOP('',(#9873,#9874,#9875,#9876,#9877,#9878,#9879,#9880,
    #9881));
#9873 = ORIENTED_EDGE('',*,*,#9851,.T.);
#9874 = ORIENTED_EDGE('',*,*,#9321,.T.);
#9875 = ORIENTED_EDGE('',*,*,#9395,.T.);
#9876 = ORIENTED_EDGE('',*,*,#9411,.T.);
#9877 = ORIENTED_EDGE('',*,*,#9435,.T.);
#9878 = ORIENTED_EDGE('',*,*,#9469,.T.);
#9879 = ORIENTED_EDGE('',*,*,#9492,.T.);
#9880 = ORIENTED_EDGE('',*,*,#9534,.F.);
#9881 = ORIENTED_EDGE('',*,*,#9882,.F.);
#9882 = EDGE_CURVE('',#9852,#9526,#9883,.T.);
#9883 = LINE('',#9884,#9885);
#9884 = CARTESIAN_POINT('',(-2.6,6.8,-1.8));
#9885 = VECTOR('',#9886,1.);
#9886 = DIRECTION('',(0.,-1.,-1.7E-16));
#9887 = PLANE('',#9888);
#9888 = AXIS2_PLACEMENT_3D('',#9889,#9890,#9891);
#9889 = CARTESIAN_POINT('',(-2.6,6.8,-1.8));
#9890 = DIRECTION('',(-0.,-1.2E-16,1.));
#9891 = DIRECTION('',(-1.,0.,0.));
#9892 = ADVANCED_FACE('',(#9893),#9911,.F.);
#9893 = FACE_BOUND('',#9894,.F.);
#9894 = EDGE_LOOP('',(#9895,#9903,#9909,#9910));
#9895 = ORIENTED_EDGE('',*,*,#9896,.T.);
#9896 = EDGE_CURVE('',#9568,#9897,#9899,.T.);
#9897 = VERTEX_POINT('',#9898);
#9898 = CARTESIAN_POINT('',(-1.75,6.8,-1.6));
#9899 = LINE('',#9900,#9901);
#9900 = CARTESIAN_POINT('',(-2.27639320225,6.8,-1.6));
#9901 = VECTOR('',#9902,1.);
#9902 = DIRECTION('',(1.,3.37E-15,0.));
#9903 = ORIENTED_EDGE('',*,*,#9904,.T.);
#9904 = EDGE_CURVE('',#9897,#9508,#9905,.T.);
#9905 = LINE('',#9906,#9907);
#9906 = CARTESIAN_POINT('',(-1.75,6.8,-1.6));
#9907 = VECTOR('',#9908,1.);
#9908 = DIRECTION('',(1.71E-15,-1.,-1.7E-16));
#9909 = ORIENTED_EDGE('',*,*,#9551,.F.);
#9910 = ORIENTED_EDGE('',*,*,#9567,.F.);
#9911 = PLANE('',#9912);
#9912 = AXIS2_PLACEMENT_3D('',#9913,#9914,#9915);
#9913 = CARTESIAN_POINT('',(-2.27639320225,6.8,-1.6));
#9914 = DIRECTION('',(-0.,1.2E-16,-1.));
#9915 = DIRECTION('',(1.,1.69E-15,2.028E-31));
#9916 = ADVANCED_FACE('',(#9917),#9936,.F.);
#9917 = FACE_BOUND('',#9918,.F.);
#9918 = EDGE_LOOP('',(#9919,#9928,#9929,#9930));
#9919 = ORIENTED_EDGE('',*,*,#9920,.T.);
#9920 = EDGE_CURVE('',#9921,#9852,#9923,.T.);
#9921 = VERTEX_POINT('',#9922);
#9922 = CARTESIAN_POINT('',(-2.4,6.8,-1.8));
#9923 = CIRCLE('',#9924,0.1);
#9924 = AXIS2_PLACEMENT_3D('',#9925,#9926,#9927);
#9925 = CARTESIAN_POINT('',(-2.5,6.8,-1.8));
#9926 = DIRECTION('',(0.,-1.,1.326E-14));
#9927 = DIRECTION('',(1.,1.5912E-30,1.2E-16));
#9928 = ORIENTED_EDGE('',*,*,#9882,.T.);
#9929 = ORIENTED_EDGE('',*,*,#9525,.F.);
#9930 = ORIENTED_EDGE('',*,*,#9931,.F.);
#9931 = EDGE_CURVE('',#9921,#9518,#9932,.T.);
#9932 = LINE('',#9933,#9934);
#9933 = CARTESIAN_POINT('',(-2.4,6.8,-1.8));
#9934 = VECTOR('',#9935,1.);
#9935 = DIRECTION('',(0.,-1.,-1.7E-16));
#9936 = CYLINDRICAL_SURFACE('',#9937,0.1);
#9937 = AXIS2_PLACEMENT_3D('',#9938,#9939,#9940);
#9938 = CARTESIAN_POINT('',(-2.5,6.8,-1.8));
#9939 = DIRECTION('',(0.,-1.,-1.2E-16));
#9940 = DIRECTION('',(1.,0.,0.));
#9941 = ADVANCED_FACE('',(#9942),#9960,.F.);
#9942 = FACE_BOUND('',#9943,.F.);
#9943 = EDGE_LOOP('',(#9944,#9952,#9953,#9954));
#9944 = ORIENTED_EDGE('',*,*,#9945,.T.);
#9945 = EDGE_CURVE('',#9946,#9921,#9948,.T.);
#9946 = VERTEX_POINT('',#9947);
#9947 = CARTESIAN_POINT('',(-1.75,6.8,-1.8));
#9948 = LINE('',#9949,#9950);
#9949 = CARTESIAN_POINT('',(-1.75,6.8,-1.8));
#9950 = VECTOR('',#9951,1.);
#9951 = DIRECTION('',(-1.,-1.37E-15,0.));
#9952 = ORIENTED_EDGE('',*,*,#9931,.T.);
#9953 = ORIENTED_EDGE('',*,*,#9517,.F.);
#9954 = ORIENTED_EDGE('',*,*,#9955,.F.);
#9955 = EDGE_CURVE('',#9946,#9510,#9956,.T.);
#9956 = LINE('',#9957,#9958);
#9957 = CARTESIAN_POINT('',(-1.75,6.8,-1.8));
#9958 = VECTOR('',#9959,1.);
#9959 = DIRECTION('',(0.,-1.,-1.7E-16));
#9960 = PLANE('',#9961);
#9961 = AXIS2_PLACEMENT_3D('',#9962,#9963,#9964);
#9962 = CARTESIAN_POINT('',(-1.75,6.8,-1.8));
#9963 = DIRECTION('',(-0.,-1.2E-16,1.));
#9964 = DIRECTION('',(-1.,-1.37E-15,-1.644E-31));
#9965 = ADVANCED_FACE('',(#9966),#9993,.F.);
#9966 = FACE_BOUND('',#9967,.F.);
#9967 = EDGE_LOOP('',(#9968,#9969,#9976,#9977,#9978,#9979,#9986,#9987));
#9968 = ORIENTED_EDGE('',*,*,#9802,.T.);
#9969 = ORIENTED_EDGE('',*,*,#9970,.T.);
#9970 = EDGE_CURVE('',#9803,#9946,#9971,.T.);
#9971 = CIRCLE('',#9972,0.1);
#9972 = AXIS2_PLACEMENT_3D('',#9973,#9974,#9975);
#9973 = CARTESIAN_POINT('',(-1.75,6.8,-1.9));
#9974 = DIRECTION('',(1.,0.,2.65E-15));
#9975 = DIRECTION('',(1.1766E-29,1.,-4.44E-15));
#9976 = ORIENTED_EDGE('',*,*,#9955,.T.);
#9977 = ORIENTED_EDGE('',*,*,#9507,.F.);
#9978 = ORIENTED_EDGE('',*,*,#9904,.F.);
#9979 = ORIENTED_EDGE('',*,*,#9980,.F.);
#9980 = EDGE_CURVE('',#9682,#9897,#9981,.T.);
#9981 = CIRCLE('',#9982,0.3);
#9982 = AXIS2_PLACEMENT_3D('',#9983,#9984,#9985);
#9983 = CARTESIAN_POINT('',(-1.75,6.8,-1.9));
#9984 = DIRECTION('',(1.,0.,2.65E-15));
#9985 = DIRECTION('',(1.3727E-29,1.,-5.18E-15));
#9986 = ORIENTED_EDGE('',*,*,#9681,.F.);
#9987 = ORIENTED_EDGE('',*,*,#9988,.F.);
#9988 = EDGE_CURVE('',#9795,#9674,#9989,.T.);
#9989 = LINE('',#9990,#9991);
#9990 = CARTESIAN_POINT('',(-1.75,6.9,-2.519615242271));
#9991 = VECTOR('',#9992,1.);
#9992 = DIRECTION('',(0.,1.,0.));
#9993 = PLANE('',#9994);
#9994 = AXIS2_PLACEMENT_3D('',#9995,#9996,#9997);
#9995 = CARTESIAN_POINT('',(-1.75,6.9,-2.519615242271));
#9996 = DIRECTION('',(-1.,0.,-2.65E-15));
#9997 = DIRECTION('',(-2.65E-15,-1.2E-16,1.));
#9998 = ADVANCED_FACE('',(#9999),#10017,.T.);
#9999 = FACE_BOUND('',#10000,.T.);
#10000 = EDGE_LOOP('',(#10001,#10002,#10003,#10010));
#10001 = ORIENTED_EDGE('',*,*,#9592,.T.);
#10002 = ORIENTED_EDGE('',*,*,#9575,.T.);
#10003 = ORIENTED_EDGE('',*,*,#10004,.F.);
#10004 = EDGE_CURVE('',#9690,#9568,#10005,.T.);
#10005 = CIRCLE('',#10006,0.3);
#10006 = AXIS2_PLACEMENT_3D('',#10007,#10008,#10009);
#10007 = CARTESIAN_POINT('',(-2.27639320225,6.8,-1.9));
#10008 = DIRECTION('',(1.,0.,-6.E-17));
#10009 = DIRECTION('',(-7.992E-31,1.,-1.332E-14));
#10010 = ORIENTED_EDGE('',*,*,#10011,.F.);
#10011 = EDGE_CURVE('',#9593,#9690,#10012,.T.);
#10012 = CIRCLE('',#10013,0.3);
#10013 = AXIS2_PLACEMENT_3D('',#10014,#10015,#10016);
#10014 = CARTESIAN_POINT('',(-2.5,6.9,-1.9));
#10015 = DIRECTION('',(0.,1.2E-16,-1.));
#10016 = DIRECTION('',(-0.7453559925,0.666666666667,8.E-17));
#10017 = SURFACE_OF_REVOLUTION('',#10018,#10026);
#10018 = B_SPLINE_CURVE_WITH_KNOTS('',6,(#10019,#10020,#10021,#10022,
    #10023,#10024,#10025),.UNSPECIFIED.,.F.,.F.,(7,7),(5.442116636612,
    7.124253977748),.PIECEWISE_BEZIER_KNOTS.);
#10019 = CARTESIAN_POINT('',(-2.72360679775,7.1,-1.9));
#10020 = CARTESIAN_POINT('',(-2.667535553045,7.162689557371,-1.9));
#10021 = CARTESIAN_POINT('',(-2.590387909239,7.206514016705,-1.9));
#10022 = CARTESIAN_POINT('',(-2.5,7.222615150643,-1.9));
#10023 = CARTESIAN_POINT('',(-2.409612090761,7.206514016705,-1.9));
#10024 = CARTESIAN_POINT('',(-2.332464446955,7.162689557371,-1.9));
#10025 = CARTESIAN_POINT('',(-2.27639320225,7.1,-1.9));
#10026 = AXIS1_PLACEMENT('',#10027,#10028);
#10027 = CARTESIAN_POINT('',(-2.5,6.8,-1.9));
#10028 = DIRECTION('',(1.,0.,-6.E-17));
#10029 = ADVANCED_FACE('',(#10030),#10049,.T.);
#10030 = FACE_BOUND('',#10031,.T.);
#10031 = EDGE_LOOP('',(#10032,#10033,#10042));
#10032 = ORIENTED_EDGE('',*,*,#9705,.F.);
#10033 = ORIENTED_EDGE('',*,*,#10034,.T.);
#10034 = EDGE_CURVE('',#9616,#10035,#10037,.T.);
#10035 = VERTEX_POINT('',#10036);
#10036 = CARTESIAN_POINT('',(-2.5,7.2,-5.728423233502));
#10037 = CIRCLE('',#10038,0.3);
#10038 = AXIS2_PLACEMENT_3D('',#10039,#10040,#10041);
#10039 = CARTESIAN_POINT('',(-2.5,6.9,-5.728423233502));
#10040 = DIRECTION('',(0.,1.2E-16,-1.));
#10041 = DIRECTION('',(-0.7453559925,0.666666666667,8.E-17));
#10042 = ORIENTED_EDGE('',*,*,#10043,.T.);
#10043 = EDGE_CURVE('',#10035,#9698,#10044,.T.);
#10044 = CIRCLE('',#10045,0.3);
#10045 = AXIS2_PLACEMENT_3D('',#10046,#10047,#10048);
#10046 = CARTESIAN_POINT('',(-2.5,6.9,-5.728423233502));
#10047 = DIRECTION('',(0.,1.2E-16,-1.));
#10048 = DIRECTION('',(-1.48E-15,1.,1.2E-16));
#10049 = SPHERICAL_SURFACE('',#10050,0.3);
#10050 = AXIS2_PLACEMENT_3D('',#10051,#10052,#10053);
#10051 = CARTESIAN_POINT('',(-2.5,6.9,-5.728423233502));
#10052 = DIRECTION('',(-1.2E-16,-1.,-6.E-17));
#10053 = DIRECTION('',(-1.,1.2E-16,2.4E-16));
#10054 = ADVANCED_FACE('',(#10055),#10062,.T.);
#10055 = FACE_BOUND('',#10056,.T.);
#10056 = EDGE_LOOP('',(#10057,#10058,#10059,#10060,#10061));
#10057 = ORIENTED_EDGE('',*,*,#10011,.T.);
#10058 = ORIENTED_EDGE('',*,*,#9697,.F.);
#10059 = ORIENTED_EDGE('',*,*,#10043,.F.);
#10060 = ORIENTED_EDGE('',*,*,#10034,.F.);
#10061 = ORIENTED_EDGE('',*,*,#9615,.T.);
#10062 = CYLINDRICAL_SURFACE('',#10063,0.3);
#10063 = AXIS2_PLACEMENT_3D('',#10064,#10065,#10066);
#10064 = CARTESIAN_POINT('',(-2.5,6.9,-5.728423233502));
#10065 = DIRECTION('',(-0.,1.2E-16,-1.));
#10066 = DIRECTION('',(-0.7453559925,0.666666666667,8.E-17));
#10067 = ADVANCED_FACE('',(#10068),#10074,.T.);
#10068 = FACE_BOUND('',#10069,.T.);
#10069 = EDGE_LOOP('',(#10070,#10071,#10072,#10073));
#10070 = ORIENTED_EDGE('',*,*,#10004,.T.);
#10071 = ORIENTED_EDGE('',*,*,#9896,.T.);
#10072 = ORIENTED_EDGE('',*,*,#9980,.F.);
#10073 = ORIENTED_EDGE('',*,*,#9689,.F.);
#10074 = CYLINDRICAL_SURFACE('',#10075,0.3);
#10075 = AXIS2_PLACEMENT_3D('',#10076,#10077,#10078);
#10076 = CARTESIAN_POINT('',(-1.75,6.8,-1.9));
#10077 = DIRECTION('',(1.,0.,-6.E-17));
#10078 = DIRECTION('',(-3.036E-31,1.,-5.06E-15));
#10079 = ADVANCED_FACE('',(#10080),#10091,.F.);
#10080 = FACE_BOUND('',#10081,.F.);
#10081 = EDGE_LOOP('',(#10082,#10083,#10084,#10085));
#10082 = ORIENTED_EDGE('',*,*,#9794,.T.);
#10083 = ORIENTED_EDGE('',*,*,#9988,.T.);
#10084 = ORIENTED_EDGE('',*,*,#9673,.F.);
#10085 = ORIENTED_EDGE('',*,*,#10086,.F.);
#10086 = EDGE_CURVE('',#9787,#9666,#10087,.T.);
#10087 = LINE('',#10088,#10089);
#10088 = CARTESIAN_POINT('',(-2.05,6.9,-2.6));
#10089 = VECTOR('',#10090,1.);
#10090 = DIRECTION('',(0.,1.,0.));
#10091 = PLANE('',#10092);
#10092 = AXIS2_PLACEMENT_3D('',#10093,#10094,#10095);
#10093 = CARTESIAN_POINT('',(-2.05,6.9,-2.6));
#10094 = DIRECTION('',(-0.258819045103,-1.2E-16,0.965925826289));
#10095 = DIRECTION('',(0.965925826289,-3.E-17,0.258819045103));
#10096 = ADVANCED_FACE('',(#10097),#10108,.F.);
#10097 = FACE_BOUND('',#10098,.F.);
#10098 = EDGE_LOOP('',(#10099,#10100,#10101,#10102));
#10099 = ORIENTED_EDGE('',*,*,#9786,.T.);
#10100 = ORIENTED_EDGE('',*,*,#10086,.T.);
#10101 = ORIENTED_EDGE('',*,*,#9665,.F.);
#10102 = ORIENTED_EDGE('',*,*,#10103,.F.);
#10103 = EDGE_CURVE('',#9779,#9658,#10104,.T.);
#10104 = LINE('',#10105,#10106);
#10105 = CARTESIAN_POINT('',(-2.05,6.9,-5.728423233502));
#10106 = VECTOR('',#10107,1.);
#10107 = DIRECTION('',(0.,1.,0.));
#10108 = PLANE('',#10109);
#10109 = AXIS2_PLACEMENT_3D('',#10110,#10111,#10112);
#10110 = CARTESIAN_POINT('',(-2.05,6.9,-5.728423233502));
#10111 = DIRECTION('',(-1.,-0.,-0.));
#10112 = DIRECTION('',(0.,-1.2E-16,1.));
#10113 = ADVANCED_FACE('',(#10114),#10125,.F.);
#10114 = FACE_BOUND('',#10115,.F.);
#10115 = EDGE_LOOP('',(#10116,#10117,#10118,#10119));
#10116 = ORIENTED_EDGE('',*,*,#9778,.T.);
#10117 = ORIENTED_EDGE('',*,*,#10103,.T.);
#10118 = ORIENTED_EDGE('',*,*,#9657,.F.);
#10119 = ORIENTED_EDGE('',*,*,#10120,.F.);
#10120 = EDGE_CURVE('',#9771,#9650,#10121,.T.);
#10121 = LINE('',#10122,#10123);
#10122 = CARTESIAN_POINT('',(-2.38,6.9,-6.3));
#10123 = VECTOR('',#10124,1.);
#10124 = DIRECTION('',(0.,1.,0.));
#10125 = PLANE('',#10126);
#10126 = AXIS2_PLACEMENT_3D('',#10127,#10128,#10129);
#10127 = CARTESIAN_POINT('',(-2.38,6.9,-6.3));
#10128 = DIRECTION('',(-0.866025403784,-6.E-17,0.5));
#10129 = DIRECTION('',(0.5,-1.1E-16,0.866025403784));
#10130 = ADVANCED_FACE('',(#10131),#10142,.F.);
#10131 = FACE_BOUND('',#10132,.F.);
#10132 = EDGE_LOOP('',(#10133,#10134,#10135,#10136));
#10133 = ORIENTED_EDGE('',*,*,#9770,.T.);
#10134 = ORIENTED_EDGE('',*,*,#10120,.T.);
#10135 = ORIENTED_EDGE('',*,*,#9649,.F.);
#10136 = ORIENTED_EDGE('',*,*,#10137,.F.);
#10137 = EDGE_CURVE('',#9763,#9642,#10138,.T.);
#10138 = LINE('',#10139,#10140);
#10139 = CARTESIAN_POINT('',(-2.62,6.9,-6.3));
#10140 = VECTOR('',#10141,1.);
#10141 = DIRECTION('',(0.,1.,0.));
#10142 = PLANE('',#10143);
#10143 = AXIS2_PLACEMENT_3D('',#10144,#10145,#10146);
#10144 = CARTESIAN_POINT('',(-2.62,6.9,-6.3));
#10145 = DIRECTION('',(-0.,-1.2E-16,1.));
#10146 = DIRECTION('',(1.,0.,0.));
#10147 = ADVANCED_FACE('',(#10148),#10159,.F.);
#10148 = FACE_BOUND('',#10149,.F.);
#10149 = EDGE_LOOP('',(#10150,#10151,#10152,#10153));
#10150 = ORIENTED_EDGE('',*,*,#9762,.T.);
#10151 = ORIENTED_EDGE('',*,*,#10137,.T.);
#10152 = ORIENTED_EDGE('',*,*,#9641,.F.);
#10153 = ORIENTED_EDGE('',*,*,#10154,.F.);
#10154 = EDGE_CURVE('',#9755,#9634,#10155,.T.);
#10155 = LINE('',#10156,#10157);
#10156 = CARTESIAN_POINT('',(-2.95,6.9,-5.728423233502));
#10157 = VECTOR('',#10158,1.);
#10158 = DIRECTION('',(0.,1.,0.));
#10159 = PLANE('',#10160);
#10160 = AXIS2_PLACEMENT_3D('',#10161,#10162,#10163);
#10161 = CARTESIAN_POINT('',(-2.95,6.9,-5.728423233502));
#10162 = DIRECTION('',(0.866025403784,-6.E-17,0.5));
#10163 = DIRECTION('',(0.5,1.1E-16,-0.866025403784));
#10164 = ADVANCED_FACE('',(#10165),#10171,.F.);
#10165 = FACE_BOUND('',#10166,.F.);
#10166 = EDGE_LOOP('',(#10167,#10168,#10169,#10170));
#10167 = ORIENTED_EDGE('',*,*,#9754,.T.);
#10168 = ORIENTED_EDGE('',*,*,#10154,.T.);
#10169 = ORIENTED_EDGE('',*,*,#9633,.F.);
#10170 = ORIENTED_EDGE('',*,*,#9728,.F.);
#10171 = PLANE('',#10172);
#10172 = AXIS2_PLACEMENT_3D('',#10173,#10174,#10175);
#10173 = CARTESIAN_POINT('',(-2.95,6.9,-2.6));
#10174 = DIRECTION('',(1.,-0.,1.4E-16));
#10175 = DIRECTION('',(1.4E-16,1.2E-16,-1.));
#10176 = ADVANCED_FACE('',(#10177),#10189,.F.);
#10177 = FACE_BOUND('',#10178,.F.);
#10178 = EDGE_LOOP('',(#10179,#10180,#10187,#10188));
#10179 = ORIENTED_EDGE('',*,*,#9810,.T.);
#10180 = ORIENTED_EDGE('',*,*,#10181,.T.);
#10181 = EDGE_CURVE('',#9811,#9921,#10182,.T.);
#10182 = CIRCLE('',#10183,0.1);
#10183 = AXIS2_PLACEMENT_3D('',#10184,#10185,#10186);
#10184 = CARTESIAN_POINT('',(-2.4,6.8,-1.9));
#10185 = DIRECTION('',(1.,0.,-6.E-17));
#10186 = DIRECTION('',(-7.992E-31,1.,-1.332E-14));
#10187 = ORIENTED_EDGE('',*,*,#9945,.F.);
#10188 = ORIENTED_EDGE('',*,*,#9970,.F.);
#10189 = CYLINDRICAL_SURFACE('',#10190,0.1);
#10190 = AXIS2_PLACEMENT_3D('',#10191,#10192,#10193);
#10191 = CARTESIAN_POINT('',(-2.4,6.8,-1.9));
#10192 = DIRECTION('',(1.,0.,-6.E-17));
#10193 = DIRECTION('',(-7.92E-31,1.,-1.32E-14));
#10194 = ADVANCED_FACE('',(#10195),#10222,.F.);
#10195 = FACE_BOUND('',#10196,.F.);
#10196 = EDGE_LOOP('',(#10197,#10198,#10207,#10214,#10215));
#10197 = ORIENTED_EDGE('',*,*,#9818,.F.);
#10198 = ORIENTED_EDGE('',*,*,#10199,.F.);
#10199 = EDGE_CURVE('',#10200,#9819,#10202,.T.);
#10200 = VERTEX_POINT('',#10201);
#10201 = CARTESIAN_POINT('',(-2.5,7.,-5.728423233502));
#10202 = CIRCLE('',#10203,0.1);
#10203 = AXIS2_PLACEMENT_3D('',#10204,#10205,#10206);
#10204 = CARTESIAN_POINT('',(-2.5,6.9,-5.728423233502));
#10205 = DIRECTION('',(0.,1.2E-16,-1.));
#10206 = DIRECTION('',(0.,1.,1.2E-16));
#10207 = ORIENTED_EDGE('',*,*,#10208,.F.);
#10208 = EDGE_CURVE('',#9827,#10200,#10209,.T.);
#10209 = CIRCLE('',#10210,0.1);
#10210 = AXIS2_PLACEMENT_3D('',#10211,#10212,#10213);
#10211 = CARTESIAN_POINT('',(-2.5,6.9,-5.728423233502));
#10212 = DIRECTION('',(0.,1.2E-16,-1.));
#10213 = DIRECTION('',(-1.,0.,0.));
#10214 = ORIENTED_EDGE('',*,*,#9835,.T.);
#10215 = ORIENTED_EDGE('',*,*,#10216,.F.);
#10216 = EDGE_CURVE('',#9811,#9745,#10217,.T.);
#10217 = CIRCLE('',#10218,0.1);
#10218 = AXIS2_PLACEMENT_3D('',#10219,#10220,#10221);
#10219 = CARTESIAN_POINT('',(-2.5,6.9,-1.9));
#10220 = DIRECTION('',(0.,-1.2E-16,1.));
#10221 = DIRECTION('',(1.,1.2E-16,1.44E-32));
#10222 = CYLINDRICAL_SURFACE('',#10223,0.1);
#10223 = AXIS2_PLACEMENT_3D('',#10224,#10225,#10226);
#10224 = CARTESIAN_POINT('',(-2.5,6.9,-5.728423233502));
#10225 = DIRECTION('',(-0.,1.2E-16,-1.));
#10226 = DIRECTION('',(-1.,1.2E-16,1.44E-32));
#10227 = ADVANCED_FACE('',(#10228),#10233,.F.);
#10228 = FACE_BOUND('',#10229,.F.);
#10229 = EDGE_LOOP('',(#10230,#10231,#10232));
#10230 = ORIENTED_EDGE('',*,*,#9826,.F.);
#10231 = ORIENTED_EDGE('',*,*,#10208,.T.);
#10232 = ORIENTED_EDGE('',*,*,#10199,.T.);
#10233 = SPHERICAL_SURFACE('',#10234,0.1);
#10234 = AXIS2_PLACEMENT_3D('',#10235,#10236,#10237);
#10235 = CARTESIAN_POINT('',(-2.5,6.9,-5.728423233502));
#10236 = DIRECTION('',(-1.2E-16,-1.,-6.E-17));
#10237 = DIRECTION('',(-1.,1.2E-16,1.2E-16));
#10238 = ADVANCED_FACE('',(#10239),#10245,.F.);
#10239 = FACE_BOUND('',#10240,.F.);
#10240 = EDGE_LOOP('',(#10241,#10242,#10243,#10244));
#10241 = ORIENTED_EDGE('',*,*,#10216,.T.);
#10242 = ORIENTED_EDGE('',*,*,#9859,.T.);
#10243 = ORIENTED_EDGE('',*,*,#9920,.F.);
#10244 = ORIENTED_EDGE('',*,*,#10181,.F.);
#10245 = TOROIDAL_SURFACE('',#10246,0.1,0.1);
#10246 = AXIS2_PLACEMENT_3D('',#10247,#10248,#10249);
#10247 = CARTESIAN_POINT('',(-2.5,6.8,-1.9));
#10248 = DIRECTION('',(1.,0.,-6.E-17));
#10249 = DIRECTION('',(-7.92E-31,1.,-1.32E-14));
#10250 = ( GEOMETRIC_REPRESENTATION_CONTEXT(3) 
GLOBAL_UNCERTAINTY_ASSIGNED_CONTEXT((#10254)) 
GLOBAL_UNIT_ASSIGNED_CONTEXT((#10251,#10252,#10253)) 
REPRESENTATION_CONTEXT('Context #1',
  '3D Context with UNIT and UNCERTAINTY') );
#10251 = ( LENGTH_UNIT() NAMED_UNIT(*) SI_UNIT(.MILLI.,.METRE.) );
#10252 = ( NAMED_UNIT(*) PLANE_ANGLE_UNIT() SI_UNIT($,.RADIAN.) );
#10253 = ( NAMED_UNIT(*) SI_UNIT($,.STERADIAN.) SOLID_ANGLE_UNIT() );
#10254 = UNCERTAINTY_MEASURE_WITH_UNIT(LENGTH_MEASURE(1.E-07),#10251,
  'distance_accuracy_value','confusion accuracy');
#10255 = CONTEXT_DEPENDENT_SHAPE_REPRESENTATION(#10256,#10258);
#10256 = ( REPRESENTATION_RELATIONSHIP('','',#9233,#1250) 
REPRESENTATION_RELATIONSHIP_WITH_TRANSFORMATION(#10257) 
SHAPE_REPRESENTATION_RELATIONSHIP() );
#10257 = ITEM_DEFINED_TRANSFORMATION('','',#11,#1263);
#10258 = PRODUCT_DEFINITION_SHAPE('Placement','Placement of an item',
  #10259);
#10259 = NEXT_ASSEMBLY_USAGE_OCCURRENCE('6','EC11-Housing-THT003','',
  #1245,#9228,$);
#10260 = PRODUCT_RELATED_PRODUCT_CATEGORY('part',$,(#9230));
#10261 = SHAPE_DEFINITION_REPRESENTATION(#10262,#10268);
#10262 = PRODUCT_DEFINITION_SHAPE('','',#10263);
#10263 = PRODUCT_DEFINITION('design','',#10264,#10267);
#10264 = PRODUCT_DEFINITION_FORMATION('','',#10265);
#10265 = PRODUCT('EC11-Housing-THT004','EC11-Housing-THT004','',(#10266)
  );
#10266 = PRODUCT_CONTEXT('',#2,'mechanical');
#10267 = PRODUCT_DEFINITION_CONTEXT('part definition',#2,'design');
#10268 = ADVANCED_BREP_SHAPE_REPRESENTATION('',(#11,#10269),#11219);
#10269 = MANIFOLD_SOLID_BREP('',#10270);
#10270 = CLOSED_SHELL('',(#10271,#10345,#10401,#10457,#10513,#10530,
    #10595,#10619,#10637,#10654,#10679,#10696,#10721,#10733,#10758,
    #10854,#10878,#10967,#10985,#11003,#11020,#11038,#11063,#11090,
    #11101,#11118,#11135,#11152,#11169,#11181,#11208));
#10271 = ADVANCED_FACE('',(#10272),#10340,.T.);
#10272 = FACE_BOUND('',#10273,.T.);
#10273 = EDGE_LOOP('',(#10274,#10284,#10292,#10301,#10309,#10317,#10325,
    #10334));
#10274 = ORIENTED_EDGE('',*,*,#10275,.T.);
#10275 = EDGE_CURVE('',#10276,#10278,#10280,.T.);
#10276 = VERTEX_POINT('',#10277);
#10277 = CARTESIAN_POINT('',(-1.75,-6.,-1.6));
#10278 = VERTEX_POINT('',#10279);
#10279 = CARTESIAN_POINT('',(-1.75,-6.,-1.8));
#10280 = LINE('',#10281,#10282);
#10281 = CARTESIAN_POINT('',(-1.75,-6.,-1.6));
#10282 = VECTOR('',#10283,1.);
#10283 = DIRECTION('',(2.22E-15,0.,-1.));
#10284 = ORIENTED_EDGE('',*,*,#10285,.T.);
#10285 = EDGE_CURVE('',#10278,#10286,#10288,.T.);
#10286 = VERTEX_POINT('',#10287);
#10287 = CARTESIAN_POINT('',(-2.4,-6.,-1.8));
#10288 = LINE('',#10289,#10290);
#10289 = CARTESIAN_POINT('',(-1.75,-6.,-1.8));
#10290 = VECTOR('',#10291,1.);
#10291 = DIRECTION('',(-1.,1.37E-15,0.));
#10292 = ORIENTED_EDGE('',*,*,#10293,.T.);
#10293 = EDGE_CURVE('',#10286,#10294,#10296,.T.);
#10294 = VERTEX_POINT('',#10295);
#10295 = CARTESIAN_POINT('',(-2.6,-6.,-1.8));
#10296 = CIRCLE('',#10297,0.1);
#10297 = AXIS2_PLACEMENT_3D('',#10298,#10299,#10300);
#10298 = CARTESIAN_POINT('',(-2.5,-6.,-1.8));
#10299 = DIRECTION('',(-2.3E-16,-1.,-6.E-17));
#10300 = DIRECTION('',(1.,-2.3E-16,0.));
#10301 = ORIENTED_EDGE('',*,*,#10302,.T.);
#10302 = EDGE_CURVE('',#10294,#10303,#10305,.T.);
#10303 = VERTEX_POINT('',#10304);
#10304 = CARTESIAN_POINT('',(-4.35,-6.,-1.8));
#10305 = LINE('',#10306,#10307);
#10306 = CARTESIAN_POINT('',(-2.6,-6.,-1.8));
#10307 = VECTOR('',#10308,1.);
#10308 = DIRECTION('',(-1.,0.,0.));
#10309 = ORIENTED_EDGE('',*,*,#10310,.T.);
#10310 = EDGE_CURVE('',#10303,#10311,#10313,.T.);
#10311 = VERTEX_POINT('',#10312);
#10312 = CARTESIAN_POINT('',(-4.35,-6.,-1.6));
#10313 = LINE('',#10314,#10315);
#10314 = CARTESIAN_POINT('',(-4.35,-6.,-1.8));
#10315 = VECTOR('',#10316,1.);
#10316 = DIRECTION('',(0.,0.,1.));
#10317 = ORIENTED_EDGE('',*,*,#10318,.F.);
#10318 = EDGE_CURVE('',#10319,#10311,#10321,.T.);
#10319 = VERTEX_POINT('',#10320);
#10320 = CARTESIAN_POINT('',(-2.72360679775,-6.,-1.6));
#10321 = LINE('',#10322,#10323);
#10322 = CARTESIAN_POINT('',(-2.72360679775,-6.,-1.6));
#10323 = VECTOR('',#10324,1.);
#10324 = DIRECTION('',(-1.,0.,0.));
#10325 = ORIENTED_EDGE('',*,*,#10326,.T.);
#10326 = EDGE_CURVE('',#10319,#10327,#10329,.T.);
#10327 = VERTEX_POINT('',#10328);
#10328 = CARTESIAN_POINT('',(-2.27639320225,-6.,-1.6));
#10329 = CIRCLE('',#10330,0.3);
#10330 = AXIS2_PLACEMENT_3D('',#10331,#10332,#10333);
#10331 = CARTESIAN_POINT('',(-2.5,-6.,-1.8));
#10332 = DIRECTION('',(2.3E-16,1.,6.E-17));
#10333 = DIRECTION('',(-0.7453559925,1.31431878275E-16,0.666666666667));
#10334 = ORIENTED_EDGE('',*,*,#10335,.T.);
#10335 = EDGE_CURVE('',#10327,#10276,#10336,.T.);
#10336 = LINE('',#10337,#10338);
#10337 = CARTESIAN_POINT('',(-2.27639320225,-6.,-1.6));
#10338 = VECTOR('',#10339,1.);
#10339 = DIRECTION('',(1.,-3.37E-15,0.));
#10340 = PLANE('',#10341);
#10341 = AXIS2_PLACEMENT_3D('',#10342,#10343,#10344);
#10342 = CARTESIAN_POINT('',(1.2E-16,-6.,-9.2));
#10343 = DIRECTION('',(2.3E-16,1.,6.E-17));
#10344 = DIRECTION('',(1.,-2.3E-16,0.));
#10345 = ADVANCED_FACE('',(#10346),#10396,.T.);
#10346 = FACE_BOUND('',#10347,.T.);
#10347 = EDGE_LOOP('',(#10348,#10358,#10364,#10365,#10373,#10381,#10390)
  );
#10348 = ORIENTED_EDGE('',*,*,#10349,.T.);
#10349 = EDGE_CURVE('',#10350,#10352,#10354,.T.);
#10350 = VERTEX_POINT('',#10351);
#10351 = CARTESIAN_POINT('',(-3.25,-7.3,-1.6));
#10352 = VERTEX_POINT('',#10353);
#10353 = CARTESIAN_POINT('',(-2.72360679775,-7.3,-1.6));
#10354 = LINE('',#10355,#10356);
#10355 = CARTESIAN_POINT('',(-3.25,-7.3,-1.6));
#10356 = VECTOR('',#10357,1.);
#10357 = DIRECTION('',(1.,0.,0.));
#10358 = ORIENTED_EDGE('',*,*,#10359,.T.);
#10359 = EDGE_CURVE('',#10352,#10319,#10360,.T.);
#10360 = LINE('',#10361,#10362);
#10361 = CARTESIAN_POINT('',(-2.72360679775,-7.3,-1.6));
#10362 = VECTOR('',#10363,1.);
#10363 = DIRECTION('',(0.,1.,0.));
#10364 = ORIENTED_EDGE('',*,*,#10318,.T.);
#10365 = ORIENTED_EDGE('',*,*,#10366,.T.);
#10366 = EDGE_CURVE('',#10311,#10367,#10369,.T.);
#10367 = VERTEX_POINT('',#10368);
#10368 = CARTESIAN_POINT('',(-4.35,-6.2,-1.6));
#10369 = LINE('',#10370,#10371);
#10370 = CARTESIAN_POINT('',(-4.35,-6.,-1.6));
#10371 = VECTOR('',#10372,1.);
#10372 = DIRECTION('',(0.,-1.,0.));
#10373 = ORIENTED_EDGE('',*,*,#10374,.T.);
#10374 = EDGE_CURVE('',#10367,#10375,#10377,.T.);
#10375 = VERTEX_POINT('',#10376);
#10376 = CARTESIAN_POINT('',(-3.45,-6.2,-1.6));
#10377 = LINE('',#10378,#10379);
#10378 = CARTESIAN_POINT('',(-4.35,-6.2,-1.6));
#10379 = VECTOR('',#10380,1.);
#10380 = DIRECTION('',(1.,0.,0.));
#10381 = ORIENTED_EDGE('',*,*,#10382,.T.);
#10382 = EDGE_CURVE('',#10375,#10383,#10385,.T.);
#10383 = VERTEX_POINT('',#10384);
#10384 = CARTESIAN_POINT('',(-3.25,-6.2,-1.6));
#10385 = CIRCLE('',#10386,0.1);
#10386 = AXIS2_PLACEMENT_3D('',#10387,#10388,#10389);
#10387 = CARTESIAN_POINT('',(-3.35,-6.2,-1.6));
#10388 = DIRECTION('',(0.,0.,-1.));
#10389 = DIRECTION('',(-1.,8.88E-15,0.));
#10390 = ORIENTED_EDGE('',*,*,#10391,.F.);
#10391 = EDGE_CURVE('',#10350,#10383,#10392,.T.);
#10392 = LINE('',#10393,#10394);
#10393 = CARTESIAN_POINT('',(-3.25,-7.3,-1.6));
#10394 = VECTOR('',#10395,1.);
#10395 = DIRECTION('',(0.,1.,0.));
#10396 = PLANE('',#10397);
#10397 = AXIS2_PLACEMENT_3D('',#10398,#10399,#10400);
#10398 = CARTESIAN_POINT('',(-3.25,-7.3,-1.6));
#10399 = DIRECTION('',(0.,0.,1.));
#10400 = DIRECTION('',(1.,0.,-0.));
#10401 = ADVANCED_FACE('',(#10402),#10452,.T.);
#10402 = FACE_BOUND('',#10403,.T.);
#10403 = EDGE_LOOP('',(#10404,#10414,#10422,#10431,#10439,#10445,#10446)
  );
#10404 = ORIENTED_EDGE('',*,*,#10405,.T.);
#10405 = EDGE_CURVE('',#10406,#10408,#10410,.T.);
#10406 = VERTEX_POINT('',#10407);
#10407 = CARTESIAN_POINT('',(-2.6,-7.3,-1.8));
#10408 = VERTEX_POINT('',#10409);
#10409 = CARTESIAN_POINT('',(-3.25,-7.3,-1.8));
#10410 = LINE('',#10411,#10412);
#10411 = CARTESIAN_POINT('',(-2.6,-7.3,-1.8));
#10412 = VECTOR('',#10413,1.);
#10413 = DIRECTION('',(-1.,0.,0.));
#10414 = ORIENTED_EDGE('',*,*,#10415,.T.);
#10415 = EDGE_CURVE('',#10408,#10416,#10418,.T.);
#10416 = VERTEX_POINT('',#10417);
#10417 = CARTESIAN_POINT('',(-3.25,-6.2,-1.8));
#10418 = LINE('',#10419,#10420);
#10419 = CARTESIAN_POINT('',(-3.25,-7.3,-1.8));
#10420 = VECTOR('',#10421,1.);
#10421 = DIRECTION('',(0.,1.,0.));
#10422 = ORIENTED_EDGE('',*,*,#10423,.F.);
#10423 = EDGE_CURVE('',#10424,#10416,#10426,.T.);
#10424 = VERTEX_POINT('',#10425);
#10425 = CARTESIAN_POINT('',(-3.45,-6.2,-1.8));
#10426 = CIRCLE('',#10427,0.1);
#10427 = AXIS2_PLACEMENT_3D('',#10428,#10429,#10430);
#10428 = CARTESIAN_POINT('',(-3.35,-6.2,-1.8));
#10429 = DIRECTION('',(0.,0.,-1.));
#10430 = DIRECTION('',(-1.,8.88E-15,0.));
#10431 = ORIENTED_EDGE('',*,*,#10432,.F.);
#10432 = EDGE_CURVE('',#10433,#10424,#10435,.T.);
#10433 = VERTEX_POINT('',#10434);
#10434 = CARTESIAN_POINT('',(-4.35,-6.2,-1.8));
#10435 = LINE('',#10436,#10437);
#10436 = CARTESIAN_POINT('',(-4.35,-6.2,-1.8));
#10437 = VECTOR('',#10438,1.);
#10438 = DIRECTION('',(1.,0.,0.));
#10439 = ORIENTED_EDGE('',*,*,#10440,.F.);
#10440 = EDGE_CURVE('',#10303,#10433,#10441,.T.);
#10441 = LINE('',#10442,#10443);
#10442 = CARTESIAN_POINT('',(-4.35,-6.,-1.8));
#10443 = VECTOR('',#10444,1.);
#10444 = DIRECTION('',(0.,-1.,0.));
#10445 = ORIENTED_EDGE('',*,*,#10302,.F.);
#10446 = ORIENTED_EDGE('',*,*,#10447,.F.);
#10447 = EDGE_CURVE('',#10406,#10294,#10448,.T.);
#10448 = LINE('',#10449,#10450);
#10449 = CARTESIAN_POINT('',(-2.6,-7.3,-1.8));
#10450 = VECTOR('',#10451,1.);
#10451 = DIRECTION('',(0.,1.,0.));
#10452 = PLANE('',#10453);
#10453 = AXIS2_PLACEMENT_3D('',#10454,#10455,#10456);
#10454 = CARTESIAN_POINT('',(-2.6,-7.3,-1.8));
#10455 = DIRECTION('',(0.,0.,-1.));
#10456 = DIRECTION('',(-1.,0.,0.));
#10457 = ADVANCED_FACE('',(#10458),#10508,.T.);
#10458 = FACE_BOUND('',#10459,.T.);
#10459 = EDGE_LOOP('',(#10460,#10466,#10467,#10476,#10484,#10492,#10500,
    #10507));
#10460 = ORIENTED_EDGE('',*,*,#10461,.F.);
#10461 = EDGE_CURVE('',#10416,#10383,#10462,.T.);
#10462 = LINE('',#10463,#10464);
#10463 = CARTESIAN_POINT('',(-3.25,-6.2,-1.8));
#10464 = VECTOR('',#10465,1.);
#10465 = DIRECTION('',(0.,0.,1.));
#10466 = ORIENTED_EDGE('',*,*,#10415,.F.);
#10467 = ORIENTED_EDGE('',*,*,#10468,.F.);
#10468 = EDGE_CURVE('',#10469,#10408,#10471,.T.);
#10469 = VERTEX_POINT('',#10470);
#10470 = CARTESIAN_POINT('',(-3.25,-7.4,-1.9));
#10471 = CIRCLE('',#10472,0.1);
#10472 = AXIS2_PLACEMENT_3D('',#10473,#10474,#10475);
#10473 = CARTESIAN_POINT('',(-3.25,-7.3,-1.9));
#10474 = DIRECTION('',(-1.,0.,1.06E-15));
#10475 = DIRECTION('',(-4.7064E-30,-1.,-4.44E-15));
#10476 = ORIENTED_EDGE('',*,*,#10477,.T.);
#10477 = EDGE_CURVE('',#10469,#10478,#10480,.T.);
#10478 = VERTEX_POINT('',#10479);
#10479 = CARTESIAN_POINT('',(-3.25,-7.4,-2.519615242271));
#10480 = LINE('',#10481,#10482);
#10481 = CARTESIAN_POINT('',(-3.25,-7.4,-1.9));
#10482 = VECTOR('',#10483,1.);
#10483 = DIRECTION('',(-7.2E-16,0.,-1.));
#10484 = ORIENTED_EDGE('',*,*,#10485,.T.);
#10485 = EDGE_CURVE('',#10478,#10486,#10488,.T.);
#10486 = VERTEX_POINT('',#10487);
#10487 = CARTESIAN_POINT('',(-3.25,-7.6,-2.519615242271));
#10488 = LINE('',#10489,#10490);
#10489 = CARTESIAN_POINT('',(-3.25,-7.4,-2.519615242271));
#10490 = VECTOR('',#10491,1.);
#10491 = DIRECTION('',(0.,-1.,0.));
#10492 = ORIENTED_EDGE('',*,*,#10493,.F.);
#10493 = EDGE_CURVE('',#10494,#10486,#10496,.T.);
#10494 = VERTEX_POINT('',#10495);
#10495 = CARTESIAN_POINT('',(-3.25,-7.6,-1.9));
#10496 = LINE('',#10497,#10498);
#10497 = CARTESIAN_POINT('',(-3.25,-7.6,-1.9));
#10498 = VECTOR('',#10499,1.);
#10499 = DIRECTION('',(-7.2E-16,0.,-1.));
#10500 = ORIENTED_EDGE('',*,*,#10501,.T.);
#10501 = EDGE_CURVE('',#10494,#10350,#10502,.T.);
#10502 = CIRCLE('',#10503,0.3);
#10503 = AXIS2_PLACEMENT_3D('',#10504,#10505,#10506);
#10504 = CARTESIAN_POINT('',(-3.25,-7.3,-1.9));
#10505 = DIRECTION('',(-1.,0.,1.06E-15));
#10506 = DIRECTION('',(-3.922E-30,-1.,-3.7E-15));
#10507 = ORIENTED_EDGE('',*,*,#10391,.T.);
#10508 = PLANE('',#10509);
#10509 = AXIS2_PLACEMENT_3D('',#10510,#10511,#10512);
#10510 = CARTESIAN_POINT('',(-3.25,-7.4,-2.1));
#10511 = DIRECTION('',(-1.,0.,1.06E-15));
#10512 = DIRECTION('',(-1.06E-15,0.,-1.));
#10513 = ADVANCED_FACE('',(#10514),#10525,.F.);
#10514 = FACE_BOUND('',#10515,.F.);
#10515 = EDGE_LOOP('',(#10516,#10517,#10523,#10524));
#10516 = ORIENTED_EDGE('',*,*,#10423,.F.);
#10517 = ORIENTED_EDGE('',*,*,#10518,.T.);
#10518 = EDGE_CURVE('',#10424,#10375,#10519,.T.);
#10519 = LINE('',#10520,#10521);
#10520 = CARTESIAN_POINT('',(-3.45,-6.2,-1.8));
#10521 = VECTOR('',#10522,1.);
#10522 = DIRECTION('',(0.,0.,1.));
#10523 = ORIENTED_EDGE('',*,*,#10382,.T.);
#10524 = ORIENTED_EDGE('',*,*,#10461,.F.);
#10525 = CYLINDRICAL_SURFACE('',#10526,0.1);
#10526 = AXIS2_PLACEMENT_3D('',#10527,#10528,#10529);
#10527 = CARTESIAN_POINT('',(-3.35,-6.2,-1.8));
#10528 = DIRECTION('',(-0.,-0.,-1.));
#10529 = DIRECTION('',(-1.,8.88E-15,0.));
#10530 = ADVANCED_FACE('',(#10531),#10590,.T.);
#10531 = FACE_BOUND('',#10532,.T.);
#10532 = EDGE_LOOP('',(#10533,#10543,#10552,#10558,#10559,#10567,#10576,
    #10584));
#10533 = ORIENTED_EDGE('',*,*,#10534,.T.);
#10534 = EDGE_CURVE('',#10535,#10537,#10539,.T.);
#10535 = VERTEX_POINT('',#10536);
#10536 = CARTESIAN_POINT('',(-1.75,-7.4,-2.519615242271));
#10537 = VERTEX_POINT('',#10538);
#10538 = CARTESIAN_POINT('',(-1.75,-7.4,-1.9));
#10539 = LINE('',#10540,#10541);
#10540 = CARTESIAN_POINT('',(-1.75,-7.4,-2.519615242271));
#10541 = VECTOR('',#10542,1.);
#10542 = DIRECTION('',(-2.51E-15,0.,1.));
#10543 = ORIENTED_EDGE('',*,*,#10544,.T.);
#10544 = EDGE_CURVE('',#10537,#10545,#10547,.T.);
#10545 = VERTEX_POINT('',#10546);
#10546 = CARTESIAN_POINT('',(-1.75,-7.3,-1.8));
#10547 = CIRCLE('',#10548,0.1);
#10548 = AXIS2_PLACEMENT_3D('',#10549,#10550,#10551);
#10549 = CARTESIAN_POINT('',(-1.75,-7.3,-1.9));
#10550 = DIRECTION('',(-1.,0.,-2.65E-15));
#10551 = DIRECTION('',(1.1766E-29,-1.,-4.44E-15));
#10552 = ORIENTED_EDGE('',*,*,#10553,.T.);
#10553 = EDGE_CURVE('',#10545,#10278,#10554,.T.);
#10554 = LINE('',#10555,#10556);
#10555 = CARTESIAN_POINT('',(-1.75,-7.3,-1.8));
#10556 = VECTOR('',#10557,1.);
#10557 = DIRECTION('',(0.,1.,0.));
#10558 = ORIENTED_EDGE('',*,*,#10275,.F.);
#10559 = ORIENTED_EDGE('',*,*,#10560,.F.);
#10560 = EDGE_CURVE('',#10561,#10276,#10563,.T.);
#10561 = VERTEX_POINT('',#10562);
#10562 = CARTESIAN_POINT('',(-1.75,-7.3,-1.6));
#10563 = LINE('',#10564,#10565);
#10564 = CARTESIAN_POINT('',(-1.75,-7.3,-1.6));
#10565 = VECTOR('',#10566,1.);
#10566 = DIRECTION('',(1.71E-15,1.,0.));
#10567 = ORIENTED_EDGE('',*,*,#10568,.F.);
#10568 = EDGE_CURVE('',#10569,#10561,#10571,.T.);
#10569 = VERTEX_POINT('',#10570);
#10570 = CARTESIAN_POINT('',(-1.75,-7.6,-1.9));
#10571 = CIRCLE('',#10572,0.3);
#10572 = AXIS2_PLACEMENT_3D('',#10573,#10574,#10575);
#10573 = CARTESIAN_POINT('',(-1.75,-7.3,-1.9));
#10574 = DIRECTION('',(-1.,0.,-2.65E-15));
#10575 = DIRECTION('',(1.3727E-29,-1.,-5.18E-15));
#10576 = ORIENTED_EDGE('',*,*,#10577,.F.);
#10577 = EDGE_CURVE('',#10578,#10569,#10580,.T.);
#10578 = VERTEX_POINT('',#10579);
#10579 = CARTESIAN_POINT('',(-1.75,-7.6,-2.519615242271));
#10580 = LINE('',#10581,#10582);
#10581 = CARTESIAN_POINT('',(-1.75,-7.6,-2.519615242271));
#10582 = VECTOR('',#10583,1.);
#10583 = DIRECTION('',(-2.51E-15,0.,1.));
#10584 = ORIENTED_EDGE('',*,*,#10585,.F.);
#10585 = EDGE_CURVE('',#10535,#10578,#10586,.T.);
#10586 = LINE('',#10587,#10588);
#10587 = CARTESIAN_POINT('',(-1.75,-7.4,-2.519615242271));
#10588 = VECTOR('',#10589,1.);
#10589 = DIRECTION('',(0.,-1.,0.));
#10590 = PLANE('',#10591);
#10591 = AXIS2_PLACEMENT_3D('',#10592,#10593,#10594);
#10592 = CARTESIAN_POINT('',(-1.75,-7.4,-2.519615242271));
#10593 = DIRECTION('',(1.,0.,2.65E-15));
#10594 = DIRECTION('',(-2.65E-15,0.,1.));
#10595 = ADVANCED_FACE('',(#10596),#10614,.T.);
#10596 = FACE_BOUND('',#10597,.T.);
#10597 = EDGE_LOOP('',(#10598,#10606,#10612,#10613));
#10598 = ORIENTED_EDGE('',*,*,#10599,.T.);
#10599 = EDGE_CURVE('',#10545,#10600,#10602,.T.);
#10600 = VERTEX_POINT('',#10601);
#10601 = CARTESIAN_POINT('',(-2.4,-7.3,-1.8));
#10602 = LINE('',#10603,#10604);
#10603 = CARTESIAN_POINT('',(-1.75,-7.3,-1.8));
#10604 = VECTOR('',#10605,1.);
#10605 = DIRECTION('',(-1.,1.37E-15,0.));
#10606 = ORIENTED_EDGE('',*,*,#10607,.T.);
#10607 = EDGE_CURVE('',#10600,#10286,#10608,.T.);
#10608 = LINE('',#10609,#10610);
#10609 = CARTESIAN_POINT('',(-2.4,-7.3,-1.8));
#10610 = VECTOR('',#10611,1.);
#10611 = DIRECTION('',(0.,1.,0.));
#10612 = ORIENTED_EDGE('',*,*,#10285,.F.);
#10613 = ORIENTED_EDGE('',*,*,#10553,.F.);
#10614 = PLANE('',#10615);
#10615 = AXIS2_PLACEMENT_3D('',#10616,#10617,#10618);
#10616 = CARTESIAN_POINT('',(-1.75,-7.3,-1.8));
#10617 = DIRECTION('',(0.,0.,-1.));
#10618 = DIRECTION('',(-1.,1.37E-15,0.));
#10619 = ADVANCED_FACE('',(#10620),#10632,.F.);
#10620 = FACE_BOUND('',#10621,.F.);
#10621 = EDGE_LOOP('',(#10622,#10623,#10624,#10625));
#10622 = ORIENTED_EDGE('',*,*,#10607,.T.);
#10623 = ORIENTED_EDGE('',*,*,#10293,.T.);
#10624 = ORIENTED_EDGE('',*,*,#10447,.F.);
#10625 = ORIENTED_EDGE('',*,*,#10626,.F.);
#10626 = EDGE_CURVE('',#10600,#10406,#10627,.T.);
#10627 = CIRCLE('',#10628,0.1);
#10628 = AXIS2_PLACEMENT_3D('',#10629,#10630,#10631);
#10629 = CARTESIAN_POINT('',(-2.5,-7.3,-1.8));
#10630 = DIRECTION('',(0.,-1.,-1.338E-14));
#10631 = DIRECTION('',(1.,-1.6056E-30,1.2E-16));
#10632 = CYLINDRICAL_SURFACE('',#10633,0.1);
#10633 = AXIS2_PLACEMENT_3D('',#10634,#10635,#10636);
#10634 = CARTESIAN_POINT('',(-2.5,-7.3,-1.8));
#10635 = DIRECTION('',(-0.,-1.,-0.));
#10636 = DIRECTION('',(1.,0.,-0.));
#10637 = ADVANCED_FACE('',(#10638),#10649,.T.);
#10638 = FACE_BOUND('',#10639,.T.);
#10639 = EDGE_LOOP('',(#10640,#10641,#10647,#10648));
#10640 = ORIENTED_EDGE('',*,*,#10440,.T.);
#10641 = ORIENTED_EDGE('',*,*,#10642,.T.);
#10642 = EDGE_CURVE('',#10433,#10367,#10643,.T.);
#10643 = LINE('',#10644,#10645);
#10644 = CARTESIAN_POINT('',(-4.35,-6.2,-1.8));
#10645 = VECTOR('',#10646,1.);
#10646 = DIRECTION('',(0.,0.,1.));
#10647 = ORIENTED_EDGE('',*,*,#10366,.F.);
#10648 = ORIENTED_EDGE('',*,*,#10310,.F.);
#10649 = PLANE('',#10650);
#10650 = AXIS2_PLACEMENT_3D('',#10651,#10652,#10653);
#10651 = CARTESIAN_POINT('',(-4.35,-6.,-1.8));
#10652 = DIRECTION('',(-1.,0.,0.));
#10653 = DIRECTION('',(0.,-1.,0.));
#10654 = ADVANCED_FACE('',(#10655),#10674,.T.);
#10655 = FACE_BOUND('',#10656,.T.);
#10656 = EDGE_LOOP('',(#10657,#10666,#10672,#10673));
#10657 = ORIENTED_EDGE('',*,*,#10658,.T.);
#10658 = EDGE_CURVE('',#10352,#10659,#10661,.T.);
#10659 = VERTEX_POINT('',#10660);
#10660 = CARTESIAN_POINT('',(-2.27639320225,-7.3,-1.6));
#10661 = CIRCLE('',#10662,0.3);
#10662 = AXIS2_PLACEMENT_3D('',#10663,#10664,#10665);
#10663 = CARTESIAN_POINT('',(-2.5,-7.3,-1.8));
#10664 = DIRECTION('',(0.,1.,1.338E-14));
#10665 = DIRECTION('',(-0.7453559925,-8.92E-15,0.666666666667));
#10666 = ORIENTED_EDGE('',*,*,#10667,.T.);
#10667 = EDGE_CURVE('',#10659,#10327,#10668,.T.);
#10668 = LINE('',#10669,#10670);
#10669 = CARTESIAN_POINT('',(-2.27639320225,-7.3,-1.6));
#10670 = VECTOR('',#10671,1.);
#10671 = DIRECTION('',(1.71E-15,1.,0.));
#10672 = ORIENTED_EDGE('',*,*,#10326,.F.);
#10673 = ORIENTED_EDGE('',*,*,#10359,.F.);
#10674 = CYLINDRICAL_SURFACE('',#10675,0.3);
#10675 = AXIS2_PLACEMENT_3D('',#10676,#10677,#10678);
#10676 = CARTESIAN_POINT('',(-2.5,-7.3,-1.8));
#10677 = DIRECTION('',(0.,1.,0.));
#10678 = DIRECTION('',(-0.7453559925,0.,0.666666666667));
#10679 = ADVANCED_FACE('',(#10680),#10691,.T.);
#10680 = FACE_BOUND('',#10681,.T.);
#10681 = EDGE_LOOP('',(#10682,#10688,#10689,#10690));
#10682 = ORIENTED_EDGE('',*,*,#10683,.T.);
#10683 = EDGE_CURVE('',#10659,#10561,#10684,.T.);
#10684 = LINE('',#10685,#10686);
#10685 = CARTESIAN_POINT('',(-2.27639320225,-7.3,-1.6));
#10686 = VECTOR('',#10687,1.);
#10687 = DIRECTION('',(1.,-3.37E-15,0.));
#10688 = ORIENTED_EDGE('',*,*,#10560,.T.);
#10689 = ORIENTED_EDGE('',*,*,#10335,.F.);
#10690 = ORIENTED_EDGE('',*,*,#10667,.F.);
#10691 = PLANE('',#10692);
#10692 = AXIS2_PLACEMENT_3D('',#10693,#10694,#10695);
#10693 = CARTESIAN_POINT('',(-2.27639320225,-7.3,-1.6));
#10694 = DIRECTION('',(-0.,0.,1.));
#10695 = DIRECTION('',(1.,-1.69E-15,0.));
#10696 = ADVANCED_FACE('',(#10697),#10716,.T.);
#10697 = FACE_BOUND('',#10698,.T.);
#10698 = EDGE_LOOP('',(#10699,#10707,#10714,#10715));
#10699 = ORIENTED_EDGE('',*,*,#10700,.T.);
#10700 = EDGE_CURVE('',#10494,#10701,#10703,.T.);
#10701 = VERTEX_POINT('',#10702);
#10702 = CARTESIAN_POINT('',(-2.72360679775,-7.6,-1.9));
#10703 = LINE('',#10704,#10705);
#10704 = CARTESIAN_POINT('',(-3.25,-7.6,-1.9));
#10705 = VECTOR('',#10706,1.);
#10706 = DIRECTION('',(1.,0.,0.));
#10707 = ORIENTED_EDGE('',*,*,#10708,.T.);
#10708 = EDGE_CURVE('',#10701,#10352,#10709,.T.);
#10709 = CIRCLE('',#10710,0.3);
#10710 = AXIS2_PLACEMENT_3D('',#10711,#10712,#10713);
#10711 = CARTESIAN_POINT('',(-2.72360679775,-7.3,-1.9));
#10712 = DIRECTION('',(-1.,0.,6.E-17));
#10713 = DIRECTION('',(-2.22E-31,-1.,-3.7E-15));
#10714 = ORIENTED_EDGE('',*,*,#10349,.F.);
#10715 = ORIENTED_EDGE('',*,*,#10501,.F.);
#10716 = CYLINDRICAL_SURFACE('',#10717,0.3);
#10717 = AXIS2_PLACEMENT_3D('',#10718,#10719,#10720);
#10718 = CARTESIAN_POINT('',(-2.72360679775,-7.3,-1.9));
#10719 = DIRECTION('',(-1.,0.,6.E-17));
#10720 = DIRECTION('',(-2.22E-31,-1.,-3.7E-15));
#10721 = ADVANCED_FACE('',(#10722),#10728,.T.);
#10722 = FACE_BOUND('',#10723,.T.);
#10723 = EDGE_LOOP('',(#10724,#10725,#10726,#10727));
#10724 = ORIENTED_EDGE('',*,*,#10432,.T.);
#10725 = ORIENTED_EDGE('',*,*,#10518,.T.);
#10726 = ORIENTED_EDGE('',*,*,#10374,.F.);
#10727 = ORIENTED_EDGE('',*,*,#10642,.F.);
#10728 = PLANE('',#10729);
#10729 = AXIS2_PLACEMENT_3D('',#10730,#10731,#10732);
#10730 = CARTESIAN_POINT('',(-4.35,-6.2,-1.8));
#10731 = DIRECTION('',(0.,-1.,0.));
#10732 = DIRECTION('',(1.,0.,0.));
#10733 = ADVANCED_FACE('',(#10734),#10753,.F.);
#10734 = FACE_BOUND('',#10735,.F.);
#10735 = EDGE_LOOP('',(#10736,#10745,#10746,#10747));
#10736 = ORIENTED_EDGE('',*,*,#10737,.T.);
#10737 = EDGE_CURVE('',#10738,#10406,#10740,.T.);
#10738 = VERTEX_POINT('',#10739);
#10739 = CARTESIAN_POINT('',(-2.6,-7.4,-1.9));
#10740 = CIRCLE('',#10741,0.1);
#10741 = AXIS2_PLACEMENT_3D('',#10742,#10743,#10744);
#10742 = CARTESIAN_POINT('',(-2.6,-7.3,-1.9));
#10743 = DIRECTION('',(-1.,0.,6.E-17));
#10744 = DIRECTION('',(-7.992E-31,-1.,-1.332E-14));
#10745 = ORIENTED_EDGE('',*,*,#10405,.T.);
#10746 = ORIENTED_EDGE('',*,*,#10468,.F.);
#10747 = ORIENTED_EDGE('',*,*,#10748,.F.);
#10748 = EDGE_CURVE('',#10738,#10469,#10749,.T.);
#10749 = LINE('',#10750,#10751);
#10750 = CARTESIAN_POINT('',(-2.6,-7.4,-1.9));
#10751 = VECTOR('',#10752,1.);
#10752 = DIRECTION('',(-1.,0.,0.));
#10753 = CYLINDRICAL_SURFACE('',#10754,0.1);
#10754 = AXIS2_PLACEMENT_3D('',#10755,#10756,#10757);
#10755 = CARTESIAN_POINT('',(-3.25,-7.3,-1.9));
#10756 = DIRECTION('',(-1.,0.,6.E-17));
#10757 = DIRECTION('',(-6.66E-31,-1.,-1.11E-14));
#10758 = ADVANCED_FACE('',(#10759),#10849,.F.);
#10759 = FACE_BOUND('',#10760,.T.);
#10760 = EDGE_LOOP('',(#10761,#10769,#10778,#10786,#10792,#10793,#10801,
    #10809,#10817,#10825,#10833,#10841,#10847,#10848));
#10761 = ORIENTED_EDGE('',*,*,#10762,.F.);
#10762 = EDGE_CURVE('',#10763,#10738,#10765,.T.);
#10763 = VERTEX_POINT('',#10764);
#10764 = CARTESIAN_POINT('',(-2.6,-7.4,-5.728423233502));
#10765 = LINE('',#10766,#10767);
#10766 = CARTESIAN_POINT('',(-2.6,-7.4,-5.728423233502));
#10767 = VECTOR('',#10768,1.);
#10768 = DIRECTION('',(-1.2E-16,0.,1.));
#10769 = ORIENTED_EDGE('',*,*,#10770,.T.);
#10770 = EDGE_CURVE('',#10763,#10771,#10773,.T.);
#10771 = VERTEX_POINT('',#10772);
#10772 = CARTESIAN_POINT('',(-2.4,-7.4,-5.728423233502));
#10773 = CIRCLE('',#10774,0.1);
#10774 = AXIS2_PLACEMENT_3D('',#10775,#10776,#10777);
#10775 = CARTESIAN_POINT('',(-2.5,-7.4,-5.728423233502));
#10776 = DIRECTION('',(1.2E-16,-1.,-6.E-17));
#10777 = DIRECTION('',(-1.,-1.2E-16,0.));
#10778 = ORIENTED_EDGE('',*,*,#10779,.T.);
#10779 = EDGE_CURVE('',#10771,#10780,#10782,.T.);
#10780 = VERTEX_POINT('',#10781);
#10781 = CARTESIAN_POINT('',(-2.4,-7.4,-1.9));
#10782 = LINE('',#10783,#10784);
#10783 = CARTESIAN_POINT('',(-2.4,-7.4,-5.728423233502));
#10784 = VECTOR('',#10785,1.);
#10785 = DIRECTION('',(0.,0.,1.));
#10786 = ORIENTED_EDGE('',*,*,#10787,.F.);
#10787 = EDGE_CURVE('',#10537,#10780,#10788,.T.);
#10788 = LINE('',#10789,#10790);
#10789 = CARTESIAN_POINT('',(-1.75,-7.4,-1.9));
#10790 = VECTOR('',#10791,1.);
#10791 = DIRECTION('',(-1.,0.,3.4E-16));
#10792 = ORIENTED_EDGE('',*,*,#10534,.F.);
#10793 = ORIENTED_EDGE('',*,*,#10794,.F.);
#10794 = EDGE_CURVE('',#10795,#10535,#10797,.T.);
#10795 = VERTEX_POINT('',#10796);
#10796 = CARTESIAN_POINT('',(-2.05,-7.4,-2.6));
#10797 = LINE('',#10798,#10799);
#10798 = CARTESIAN_POINT('',(-2.05,-7.4,-2.6));
#10799 = VECTOR('',#10800,1.);
#10800 = DIRECTION('',(0.965925826289,0.,0.258819045103));
#10801 = ORIENTED_EDGE('',*,*,#10802,.F.);
#10802 = EDGE_CURVE('',#10803,#10795,#10805,.T.);
#10803 = VERTEX_POINT('',#10804);
#10804 = CARTESIAN_POINT('',(-2.05,-7.4,-5.728423233502));
#10805 = LINE('',#10806,#10807);
#10806 = CARTESIAN_POINT('',(-2.05,-7.4,-5.728423233502));
#10807 = VECTOR('',#10808,1.);
#10808 = DIRECTION('',(0.,0.,1.));
#10809 = ORIENTED_EDGE('',*,*,#10810,.F.);
#10810 = EDGE_CURVE('',#10811,#10803,#10813,.T.);
#10811 = VERTEX_POINT('',#10812);
#10812 = CARTESIAN_POINT('',(-2.38,-7.4,-6.3));
#10813 = LINE('',#10814,#10815);
#10814 = CARTESIAN_POINT('',(-2.38,-7.4,-6.3));
#10815 = VECTOR('',#10816,1.);
#10816 = DIRECTION('',(0.5,0.,0.866025403784));
#10817 = ORIENTED_EDGE('',*,*,#10818,.F.);
#10818 = EDGE_CURVE('',#10819,#10811,#10821,.T.);
#10819 = VERTEX_POINT('',#10820);
#10820 = CARTESIAN_POINT('',(-2.62,-7.4,-6.3));
#10821 = LINE('',#10822,#10823);
#10822 = CARTESIAN_POINT('',(-2.62,-7.4,-6.3));
#10823 = VECTOR('',#10824,1.);
#10824 = DIRECTION('',(1.,0.,0.));
#10825 = ORIENTED_EDGE('',*,*,#10826,.F.);
#10826 = EDGE_CURVE('',#10827,#10819,#10829,.T.);
#10827 = VERTEX_POINT('',#10828);
#10828 = CARTESIAN_POINT('',(-2.95,-7.4,-5.728423233502));
#10829 = LINE('',#10830,#10831);
#10830 = CARTESIAN_POINT('',(-2.95,-7.4,-5.728423233502));
#10831 = VECTOR('',#10832,1.);
#10832 = DIRECTION('',(0.5,0.,-0.866025403784));
#10833 = ORIENTED_EDGE('',*,*,#10834,.F.);
#10834 = EDGE_CURVE('',#10835,#10827,#10837,.T.);
#10835 = VERTEX_POINT('',#10836);
#10836 = CARTESIAN_POINT('',(-2.95,-7.4,-2.6));
#10837 = LINE('',#10838,#10839);
#10838 = CARTESIAN_POINT('',(-2.95,-7.4,-2.6));
#10839 = VECTOR('',#10840,1.);
#10840 = DIRECTION('',(1.4E-16,0.,-1.));
#10841 = ORIENTED_EDGE('',*,*,#10842,.F.);
#10842 = EDGE_CURVE('',#10478,#10835,#10843,.T.);
#10843 = LINE('',#10844,#10845);
#10844 = CARTESIAN_POINT('',(-3.25,-7.4,-2.519615242271));
#10845 = VECTOR('',#10846,1.);
#10846 = DIRECTION('',(0.965925826289,0.,-0.258819045103));
#10847 = ORIENTED_EDGE('',*,*,#10477,.F.);
#10848 = ORIENTED_EDGE('',*,*,#10748,.F.);
#10849 = PLANE('',#10850);
#10850 = AXIS2_PLACEMENT_3D('',#10851,#10852,#10853);
#10851 = CARTESIAN_POINT('',(0.,-7.4,-4.5E-16));
#10852 = DIRECTION('',(1.2E-16,-1.,-6.E-17));
#10853 = DIRECTION('',(1.,1.2E-16,1.2E-16));
#10854 = ADVANCED_FACE('',(#10855),#10873,.T.);
#10855 = FACE_BOUND('',#10856,.T.);
#10856 = EDGE_LOOP('',(#10857,#10858,#10866,#10872));
#10857 = ORIENTED_EDGE('',*,*,#10842,.T.);
#10858 = ORIENTED_EDGE('',*,*,#10859,.T.);
#10859 = EDGE_CURVE('',#10835,#10860,#10862,.T.);
#10860 = VERTEX_POINT('',#10861);
#10861 = CARTESIAN_POINT('',(-2.95,-7.6,-2.6));
#10862 = LINE('',#10863,#10864);
#10863 = CARTESIAN_POINT('',(-2.95,-7.4,-2.6));
#10864 = VECTOR('',#10865,1.);
#10865 = DIRECTION('',(0.,-1.,0.));
#10866 = ORIENTED_EDGE('',*,*,#10867,.F.);
#10867 = EDGE_CURVE('',#10486,#10860,#10868,.T.);
#10868 = LINE('',#10869,#10870);
#10869 = CARTESIAN_POINT('',(-3.25,-7.6,-2.519615242271));
#10870 = VECTOR('',#10871,1.);
#10871 = DIRECTION('',(0.965925826289,0.,-0.258819045103));
#10872 = ORIENTED_EDGE('',*,*,#10485,.F.);
#10873 = PLANE('',#10874);
#10874 = AXIS2_PLACEMENT_3D('',#10875,#10876,#10877);
#10875 = CARTESIAN_POINT('',(-3.25,-7.4,-2.519615242271));
#10876 = DIRECTION('',(-0.258819045103,-0.,-0.965925826289));
#10877 = DIRECTION('',(0.965925826289,0.,-0.258819045103));
#10878 = ADVANCED_FACE('',(#10879),#10962,.T.);
#10879 = FACE_BOUND('',#10880,.T.);
#10880 = EDGE_LOOP('',(#10881,#10889,#10890,#10891,#10892,#10900,#10908,
    #10916,#10924,#10932,#10938,#10939,#10947,#10955));
#10881 = ORIENTED_EDGE('',*,*,#10882,.T.);
#10882 = EDGE_CURVE('',#10883,#10701,#10885,.T.);
#10883 = VERTEX_POINT('',#10884);
#10884 = CARTESIAN_POINT('',(-2.72360679775,-7.6,-5.728423233502));
#10885 = LINE('',#10886,#10887);
#10886 = CARTESIAN_POINT('',(-2.72360679775,-7.6,-5.728423233502));
#10887 = VECTOR('',#10888,1.);
#10888 = DIRECTION('',(-2.3E-16,0.,1.));
#10889 = ORIENTED_EDGE('',*,*,#10700,.F.);
#10890 = ORIENTED_EDGE('',*,*,#10493,.T.);
#10891 = ORIENTED_EDGE('',*,*,#10867,.T.);
#10892 = ORIENTED_EDGE('',*,*,#10893,.T.);
#10893 = EDGE_CURVE('',#10860,#10894,#10896,.T.);
#10894 = VERTEX_POINT('',#10895);
#10895 = CARTESIAN_POINT('',(-2.95,-7.6,-5.728423233502));
#10896 = LINE('',#10897,#10898);
#10897 = CARTESIAN_POINT('',(-2.95,-7.6,-2.6));
#10898 = VECTOR('',#10899,1.);
#10899 = DIRECTION('',(1.4E-16,0.,-1.));
#10900 = ORIENTED_EDGE('',*,*,#10901,.T.);
#10901 = EDGE_CURVE('',#10894,#10902,#10904,.T.);
#10902 = VERTEX_POINT('',#10903);
#10903 = CARTESIAN_POINT('',(-2.62,-7.6,-6.3));
#10904 = LINE('',#10905,#10906);
#10905 = CARTESIAN_POINT('',(-2.95,-7.6,-5.728423233502));
#10906 = VECTOR('',#10907,1.);
#10907 = DIRECTION('',(0.5,0.,-0.866025403784));
#10908 = ORIENTED_EDGE('',*,*,#10909,.T.);
#10909 = EDGE_CURVE('',#10902,#10910,#10912,.T.);
#10910 = VERTEX_POINT('',#10911);
#10911 = CARTESIAN_POINT('',(-2.38,-7.6,-6.3));
#10912 = LINE('',#10913,#10914);
#10913 = CARTESIAN_POINT('',(-2.62,-7.6,-6.3));
#10914 = VECTOR('',#10915,1.);
#10915 = DIRECTION('',(1.,0.,0.));
#10916 = ORIENTED_EDGE('',*,*,#10917,.T.);
#10917 = EDGE_CURVE('',#10910,#10918,#10920,.T.);
#10918 = VERTEX_POINT('',#10919);
#10919 = CARTESIAN_POINT('',(-2.05,-7.6,-5.728423233502));
#10920 = LINE('',#10921,#10922);
#10921 = CARTESIAN_POINT('',(-2.38,-7.6,-6.3));
#10922 = VECTOR('',#10923,1.);
#10923 = DIRECTION('',(0.5,0.,0.866025403784));
#10924 = ORIENTED_EDGE('',*,*,#10925,.T.);
#10925 = EDGE_CURVE('',#10918,#10926,#10928,.T.);
#10926 = VERTEX_POINT('',#10927);
#10927 = CARTESIAN_POINT('',(-2.05,-7.6,-2.6));
#10928 = LINE('',#10929,#10930);
#10929 = CARTESIAN_POINT('',(-2.05,-7.6,-5.728423233502));
#10930 = VECTOR('',#10931,1.);
#10931 = DIRECTION('',(0.,0.,1.));
#10932 = ORIENTED_EDGE('',*,*,#10933,.T.);
#10933 = EDGE_CURVE('',#10926,#10578,#10934,.T.);
#10934 = LINE('',#10935,#10936);
#10935 = CARTESIAN_POINT('',(-2.05,-7.6,-2.6));
#10936 = VECTOR('',#10937,1.);
#10937 = DIRECTION('',(0.965925826289,0.,0.258819045103));
#10938 = ORIENTED_EDGE('',*,*,#10577,.T.);
#10939 = ORIENTED_EDGE('',*,*,#10940,.F.);
#10940 = EDGE_CURVE('',#10941,#10569,#10943,.T.);
#10941 = VERTEX_POINT('',#10942);
#10942 = CARTESIAN_POINT('',(-2.27639320225,-7.6,-1.9));
#10943 = LINE('',#10944,#10945);
#10944 = CARTESIAN_POINT('',(-2.27639320225,-7.6,-1.9));
#10945 = VECTOR('',#10946,1.);
#10946 = DIRECTION('',(1.,0.,-4.2E-16));
#10947 = ORIENTED_EDGE('',*,*,#10948,.F.);
#10948 = EDGE_CURVE('',#10949,#10941,#10951,.T.);
#10949 = VERTEX_POINT('',#10950);
#10950 = CARTESIAN_POINT('',(-2.27639320225,-7.6,-5.728423233502));
#10951 = LINE('',#10952,#10953);
#10952 = CARTESIAN_POINT('',(-2.27639320225,-7.6,-5.728423233502));
#10953 = VECTOR('',#10954,1.);
#10954 = DIRECTION('',(0.,0.,1.));
#10955 = ORIENTED_EDGE('',*,*,#10956,.F.);
#10956 = EDGE_CURVE('',#10883,#10949,#10957,.T.);
#10957 = CIRCLE('',#10958,0.22360679775);
#10958 = AXIS2_PLACEMENT_3D('',#10959,#10960,#10961);
#10959 = CARTESIAN_POINT('',(-2.5,-7.6,-5.728423233502));
#10960 = DIRECTION('',(1.2E-16,-1.,-6.E-17));
#10961 = DIRECTION('',(-1.,-1.2E-16,0.));
#10962 = PLANE('',#10963);
#10963 = AXIS2_PLACEMENT_3D('',#10964,#10965,#10966);
#10964 = CARTESIAN_POINT('',(2.E-17,-7.6,-4.7E-16));
#10965 = DIRECTION('',(1.2E-16,-1.,-6.E-17));
#10966 = DIRECTION('',(1.,1.2E-16,1.2E-16));
#10967 = ADVANCED_FACE('',(#10968),#10980,.F.);
#10968 = FACE_BOUND('',#10969,.F.);
#10969 = EDGE_LOOP('',(#10970,#10971,#10972,#10979));
#10970 = ORIENTED_EDGE('',*,*,#10544,.T.);
#10971 = ORIENTED_EDGE('',*,*,#10599,.T.);
#10972 = ORIENTED_EDGE('',*,*,#10973,.F.);
#10973 = EDGE_CURVE('',#10780,#10600,#10974,.T.);
#10974 = CIRCLE('',#10975,0.1);
#10975 = AXIS2_PLACEMENT_3D('',#10976,#10977,#10978);
#10976 = CARTESIAN_POINT('',(-2.4,-7.3,-1.9));
#10977 = DIRECTION('',(-1.,0.,6.E-17));
#10978 = DIRECTION('',(-7.992E-31,-1.,-1.332E-14));
#10979 = ORIENTED_EDGE('',*,*,#10787,.F.);
#10980 = CYLINDRICAL_SURFACE('',#10981,0.1);
#10981 = AXIS2_PLACEMENT_3D('',#10982,#10983,#10984);
#10982 = CARTESIAN_POINT('',(-2.4,-7.3,-1.9));
#10983 = DIRECTION('',(-1.,0.,6.E-17));
#10984 = DIRECTION('',(-7.992E-31,-1.,-1.332E-14));
#10985 = ADVANCED_FACE('',(#10986),#10998,.T.);
#10986 = FACE_BOUND('',#10987,.T.);
#10987 = EDGE_LOOP('',(#10988,#10989,#10990,#10991));
#10988 = ORIENTED_EDGE('',*,*,#10940,.T.);
#10989 = ORIENTED_EDGE('',*,*,#10568,.T.);
#10990 = ORIENTED_EDGE('',*,*,#10683,.F.);
#10991 = ORIENTED_EDGE('',*,*,#10992,.F.);
#10992 = EDGE_CURVE('',#10941,#10659,#10993,.T.);
#10993 = CIRCLE('',#10994,0.3);
#10994 = AXIS2_PLACEMENT_3D('',#10995,#10996,#10997);
#10995 = CARTESIAN_POINT('',(-2.27639320225,-7.3,-1.9));
#10996 = DIRECTION('',(-1.,0.,6.E-17));
#10997 = DIRECTION('',(-7.992E-31,-1.,-1.332E-14));
#10998 = CYLINDRICAL_SURFACE('',#10999,0.3);
#10999 = AXIS2_PLACEMENT_3D('',#11000,#11001,#11002);
#11000 = CARTESIAN_POINT('',(-1.75,-7.3,-1.9));
#11001 = DIRECTION('',(-1.,0.,6.E-17));
#11002 = DIRECTION('',(-3.108E-31,-1.,-5.18E-15));
#11003 = ADVANCED_FACE('',(#11004),#11015,.T.);
#11004 = FACE_BOUND('',#11005,.T.);
#11005 = EDGE_LOOP('',(#11006,#11007,#11008,#11009));
#11006 = ORIENTED_EDGE('',*,*,#10794,.T.);
#11007 = ORIENTED_EDGE('',*,*,#10585,.T.);
#11008 = ORIENTED_EDGE('',*,*,#10933,.F.);
#11009 = ORIENTED_EDGE('',*,*,#11010,.F.);
#11010 = EDGE_CURVE('',#10795,#10926,#11011,.T.);
#11011 = LINE('',#11012,#11013);
#11012 = CARTESIAN_POINT('',(-2.05,-7.4,-2.6));
#11013 = VECTOR('',#11014,1.);
#11014 = DIRECTION('',(0.,-1.,0.));
#11015 = PLANE('',#11016);
#11016 = AXIS2_PLACEMENT_3D('',#11017,#11018,#11019);
#11017 = CARTESIAN_POINT('',(-2.05,-7.4,-2.6));
#11018 = DIRECTION('',(0.258819045103,0.,-0.965925826289));
#11019 = DIRECTION('',(0.965925826289,0.,0.258819045103));
#11020 = ADVANCED_FACE('',(#11021),#11033,.F.);
#11021 = FACE_BOUND('',#11022,.F.);
#11022 = EDGE_LOOP('',(#11023,#11024,#11025,#11026));
#11023 = ORIENTED_EDGE('',*,*,#10973,.T.);
#11024 = ORIENTED_EDGE('',*,*,#10626,.T.);
#11025 = ORIENTED_EDGE('',*,*,#10737,.F.);
#11026 = ORIENTED_EDGE('',*,*,#11027,.F.);
#11027 = EDGE_CURVE('',#10780,#10738,#11028,.T.);
#11028 = CIRCLE('',#11029,0.1);
#11029 = AXIS2_PLACEMENT_3D('',#11030,#11031,#11032);
#11030 = CARTESIAN_POINT('',(-2.5,-7.4,-1.9));
#11031 = DIRECTION('',(0.,-0.,-1.));
#11032 = DIRECTION('',(1.,-1.2E-16,0.));
#11033 = TOROIDAL_SURFACE('',#11034,0.1,0.1);
#11034 = AXIS2_PLACEMENT_3D('',#11035,#11036,#11037);
#11035 = CARTESIAN_POINT('',(-2.5,-7.3,-1.9));
#11036 = DIRECTION('',(-1.,0.,6.E-17));
#11037 = DIRECTION('',(-7.992E-31,-1.,-1.332E-14));
#11038 = ADVANCED_FACE('',(#11039),#11051,.T.);
#11039 = FACE_BOUND('',#11040,.T.);
#11040 = EDGE_LOOP('',(#11041,#11048,#11049,#11050));
#11041 = ORIENTED_EDGE('',*,*,#11042,.T.);
#11042 = EDGE_CURVE('',#10701,#10941,#11043,.T.);
#11043 = CIRCLE('',#11044,0.3);
#11044 = AXIS2_PLACEMENT_3D('',#11045,#11046,#11047);
#11045 = CARTESIAN_POINT('',(-2.5,-7.4,-1.9));
#11046 = DIRECTION('',(0.,0.,1.));
#11047 = DIRECTION('',(-0.7453559925,-0.666666666667,0.));
#11048 = ORIENTED_EDGE('',*,*,#10992,.T.);
#11049 = ORIENTED_EDGE('',*,*,#10658,.F.);
#11050 = ORIENTED_EDGE('',*,*,#10708,.F.);
#11051 = SURFACE_OF_REVOLUTION('',#11052,#11060);
#11052 = B_SPLINE_CURVE_WITH_KNOTS('',6,(#11053,#11054,#11055,#11056,
    #11057,#11058,#11059),.UNSPECIFIED.,.F.,.F.,(7,7),(5.442116636612,
    7.124253977748),.PIECEWISE_BEZIER_KNOTS.);
#11053 = CARTESIAN_POINT('',(-2.27639320225,-7.6,-1.9));
#11054 = CARTESIAN_POINT('',(-2.332464446955,-7.662689557371,-1.9));
#11055 = CARTESIAN_POINT('',(-2.409612090761,-7.706514016705,-1.9));
#11056 = CARTESIAN_POINT('',(-2.5,-7.722615150643,-1.9));
#11057 = CARTESIAN_POINT('',(-2.590387909239,-7.706514016705,-1.9));
#11058 = CARTESIAN_POINT('',(-2.667535553045,-7.662689557371,-1.9));
#11059 = CARTESIAN_POINT('',(-2.72360679775,-7.6,-1.9));
#11060 = AXIS1_PLACEMENT('',#11061,#11062);
#11061 = CARTESIAN_POINT('',(-2.5,-7.3,-1.9));
#11062 = DIRECTION('',(-1.,0.,6.E-17));
#11063 = ADVANCED_FACE('',(#11064),#11085,.F.);
#11064 = FACE_BOUND('',#11065,.F.);
#11065 = EDGE_LOOP('',(#11066,#11067,#11068,#11077,#11084));
#11066 = ORIENTED_EDGE('',*,*,#11027,.T.);
#11067 = ORIENTED_EDGE('',*,*,#10762,.F.);
#11068 = ORIENTED_EDGE('',*,*,#11069,.T.);
#11069 = EDGE_CURVE('',#10763,#11070,#11072,.T.);
#11070 = VERTEX_POINT('',#11071);
#11071 = CARTESIAN_POINT('',(-2.5,-7.5,-5.728423233502));
#11072 = CIRCLE('',#11073,0.1);
#11073 = AXIS2_PLACEMENT_3D('',#11074,#11075,#11076);
#11074 = CARTESIAN_POINT('',(-2.5,-7.4,-5.728423233502));
#11075 = DIRECTION('',(0.,0.,1.));
#11076 = DIRECTION('',(-1.,0.,0.));
#11077 = ORIENTED_EDGE('',*,*,#11078,.T.);
#11078 = EDGE_CURVE('',#11070,#10771,#11079,.T.);
#11079 = CIRCLE('',#11080,0.1);
#11080 = AXIS2_PLACEMENT_3D('',#11081,#11082,#11083);
#11081 = CARTESIAN_POINT('',(-2.5,-7.4,-5.728423233502));
#11082 = DIRECTION('',(0.,0.,1.));
#11083 = DIRECTION('',(0.,-1.,0.));
#11084 = ORIENTED_EDGE('',*,*,#10779,.T.);
#11085 = CYLINDRICAL_SURFACE('',#11086,0.1);
#11086 = AXIS2_PLACEMENT_3D('',#11087,#11088,#11089);
#11087 = CARTESIAN_POINT('',(-2.5,-7.4,-5.728423233502));
#11088 = DIRECTION('',(0.,0.,1.));
#11089 = DIRECTION('',(-1.,-1.2E-16,0.));
#11090 = ADVANCED_FACE('',(#11091),#11096,.F.);
#11091 = FACE_BOUND('',#11092,.F.);
#11092 = EDGE_LOOP('',(#11093,#11094,#11095));
#11093 = ORIENTED_EDGE('',*,*,#11078,.F.);
#11094 = ORIENTED_EDGE('',*,*,#11069,.F.);
#11095 = ORIENTED_EDGE('',*,*,#10770,.T.);
#11096 = SPHERICAL_SURFACE('',#11097,0.1);
#11097 = AXIS2_PLACEMENT_3D('',#11098,#11099,#11100);
#11098 = CARTESIAN_POINT('',(-2.5,-7.4,-5.728423233502));
#11099 = DIRECTION('',(1.2E-16,-1.,-6.E-17));
#11100 = DIRECTION('',(-1.,-1.2E-16,1.2E-16));
#11101 = ADVANCED_FACE('',(#11102),#11113,.T.);
#11102 = FACE_BOUND('',#11103,.T.);
#11103 = EDGE_LOOP('',(#11104,#11105,#11106,#11107));
#11104 = ORIENTED_EDGE('',*,*,#10802,.T.);
#11105 = ORIENTED_EDGE('',*,*,#11010,.T.);
#11106 = ORIENTED_EDGE('',*,*,#10925,.F.);
#11107 = ORIENTED_EDGE('',*,*,#11108,.F.);
#11108 = EDGE_CURVE('',#10803,#10918,#11109,.T.);
#11109 = LINE('',#11110,#11111);
#11110 = CARTESIAN_POINT('',(-2.05,-7.4,-5.728423233502));
#11111 = VECTOR('',#11112,1.);
#11112 = DIRECTION('',(0.,-1.,0.));
#11113 = PLANE('',#11114);
#11114 = AXIS2_PLACEMENT_3D('',#11115,#11116,#11117);
#11115 = CARTESIAN_POINT('',(-2.05,-7.4,-5.728423233502));
#11116 = DIRECTION('',(1.,0.,-0.));
#11117 = DIRECTION('',(0.,0.,1.));
#11118 = ADVANCED_FACE('',(#11119),#11130,.T.);
#11119 = FACE_BOUND('',#11120,.T.);
#11120 = EDGE_LOOP('',(#11121,#11122,#11123,#11124));
#11121 = ORIENTED_EDGE('',*,*,#10810,.T.);
#11122 = ORIENTED_EDGE('',*,*,#11108,.T.);
#11123 = ORIENTED_EDGE('',*,*,#10917,.F.);
#11124 = ORIENTED_EDGE('',*,*,#11125,.F.);
#11125 = EDGE_CURVE('',#10811,#10910,#11126,.T.);
#11126 = LINE('',#11127,#11128);
#11127 = CARTESIAN_POINT('',(-2.38,-7.4,-6.3));
#11128 = VECTOR('',#11129,1.);
#11129 = DIRECTION('',(0.,-1.,0.));
#11130 = PLANE('',#11131);
#11131 = AXIS2_PLACEMENT_3D('',#11132,#11133,#11134);
#11132 = CARTESIAN_POINT('',(-2.38,-7.4,-6.3));
#11133 = DIRECTION('',(0.866025403784,0.,-0.5));
#11134 = DIRECTION('',(0.5,0.,0.866025403784));
#11135 = ADVANCED_FACE('',(#11136),#11147,.T.);
#11136 = FACE_BOUND('',#11137,.T.);
#11137 = EDGE_LOOP('',(#11138,#11139,#11140,#11141));
#11138 = ORIENTED_EDGE('',*,*,#10818,.T.);
#11139 = ORIENTED_EDGE('',*,*,#11125,.T.);
#11140 = ORIENTED_EDGE('',*,*,#10909,.F.);
#11141 = ORIENTED_EDGE('',*,*,#11142,.F.);
#11142 = EDGE_CURVE('',#10819,#10902,#11143,.T.);
#11143 = LINE('',#11144,#11145);
#11144 = CARTESIAN_POINT('',(-2.62,-7.4,-6.3));
#11145 = VECTOR('',#11146,1.);
#11146 = DIRECTION('',(0.,-1.,0.));
#11147 = PLANE('',#11148);
#11148 = AXIS2_PLACEMENT_3D('',#11149,#11150,#11151);
#11149 = CARTESIAN_POINT('',(-2.62,-7.4,-6.3));
#11150 = DIRECTION('',(0.,0.,-1.));
#11151 = DIRECTION('',(1.,0.,0.));
#11152 = ADVANCED_FACE('',(#11153),#11164,.T.);
#11153 = FACE_BOUND('',#11154,.T.);
#11154 = EDGE_LOOP('',(#11155,#11156,#11157,#11158));
#11155 = ORIENTED_EDGE('',*,*,#10826,.T.);
#11156 = ORIENTED_EDGE('',*,*,#11142,.T.);
#11157 = ORIENTED_EDGE('',*,*,#10901,.F.);
#11158 = ORIENTED_EDGE('',*,*,#11159,.F.);
#11159 = EDGE_CURVE('',#10827,#10894,#11160,.T.);
#11160 = LINE('',#11161,#11162);
#11161 = CARTESIAN_POINT('',(-2.95,-7.4,-5.728423233502));
#11162 = VECTOR('',#11163,1.);
#11163 = DIRECTION('',(0.,-1.,0.));
#11164 = PLANE('',#11165);
#11165 = AXIS2_PLACEMENT_3D('',#11166,#11167,#11168);
#11166 = CARTESIAN_POINT('',(-2.95,-7.4,-5.728423233502));
#11167 = DIRECTION('',(-0.866025403784,-0.,-0.5));
#11168 = DIRECTION('',(0.5,0.,-0.866025403784));
#11169 = ADVANCED_FACE('',(#11170),#11176,.T.);
#11170 = FACE_BOUND('',#11171,.T.);
#11171 = EDGE_LOOP('',(#11172,#11173,#11174,#11175));
#11172 = ORIENTED_EDGE('',*,*,#10834,.T.);
#11173 = ORIENTED_EDGE('',*,*,#11159,.T.);
#11174 = ORIENTED_EDGE('',*,*,#10893,.F.);
#11175 = ORIENTED_EDGE('',*,*,#10859,.F.);
#11176 = PLANE('',#11177);
#11177 = AXIS2_PLACEMENT_3D('',#11178,#11179,#11180);
#11178 = CARTESIAN_POINT('',(-2.95,-7.4,-2.6));
#11179 = DIRECTION('',(-1.,-0.,-1.4E-16));
#11180 = DIRECTION('',(1.4E-16,0.,-1.));
#11181 = ADVANCED_FACE('',(#11182),#11203,.T.);
#11182 = FACE_BOUND('',#11183,.T.);
#11183 = EDGE_LOOP('',(#11184,#11185,#11194,#11201,#11202));
#11184 = ORIENTED_EDGE('',*,*,#10882,.F.);
#11185 = ORIENTED_EDGE('',*,*,#11186,.T.);
#11186 = EDGE_CURVE('',#10883,#11187,#11189,.T.);
#11187 = VERTEX_POINT('',#11188);
#11188 = CARTESIAN_POINT('',(-2.5,-7.7,-5.728423233502));
#11189 = CIRCLE('',#11190,0.3);
#11190 = AXIS2_PLACEMENT_3D('',#11191,#11192,#11193);
#11191 = CARTESIAN_POINT('',(-2.5,-7.4,-5.728423233502));
#11192 = DIRECTION('',(0.,0.,1.));
#11193 = DIRECTION('',(-0.7453559925,-0.666666666667,0.));
#11194 = ORIENTED_EDGE('',*,*,#11195,.T.);
#11195 = EDGE_CURVE('',#11187,#10949,#11196,.T.);
#11196 = CIRCLE('',#11197,0.3);
#11197 = AXIS2_PLACEMENT_3D('',#11198,#11199,#11200);
#11198 = CARTESIAN_POINT('',(-2.5,-7.4,-5.728423233502));
#11199 = DIRECTION('',(0.,0.,1.));
#11200 = DIRECTION('',(-1.48E-15,-1.,0.));
#11201 = ORIENTED_EDGE('',*,*,#10948,.T.);
#11202 = ORIENTED_EDGE('',*,*,#11042,.F.);
#11203 = CYLINDRICAL_SURFACE('',#11204,0.3);
#11204 = AXIS2_PLACEMENT_3D('',#11205,#11206,#11207);
#11205 = CARTESIAN_POINT('',(-2.5,-7.4,-5.728423233502));
#11206 = DIRECTION('',(0.,0.,1.));
#11207 = DIRECTION('',(-0.7453559925,-0.666666666667,0.));
#11208 = ADVANCED_FACE('',(#11209),#11214,.T.);
#11209 = FACE_BOUND('',#11210,.T.);
#11210 = EDGE_LOOP('',(#11211,#11212,#11213));
#11211 = ORIENTED_EDGE('',*,*,#11195,.F.);
#11212 = ORIENTED_EDGE('',*,*,#11186,.F.);
#11213 = ORIENTED_EDGE('',*,*,#10956,.T.);
#11214 = SPHERICAL_SURFACE('',#11215,0.3);
#11215 = AXIS2_PLACEMENT_3D('',#11216,#11217,#11218);
#11216 = CARTESIAN_POINT('',(-2.5,-7.4,-5.728423233502));
#11217 = DIRECTION('',(1.2E-16,-1.,-6.E-17));
#11218 = DIRECTION('',(-1.,-1.2E-16,2.4E-16));
#11219 = ( GEOMETRIC_REPRESENTATION_CONTEXT(3) 
GLOBAL_UNCERTAINTY_ASSIGNED_CONTEXT((#11223)) 
GLOBAL_UNIT_ASSIGNED_CONTEXT((#11220,#11221,#11222)) 
REPRESENTATION_CONTEXT('Context #1',
  '3D Context with UNIT and UNCERTAINTY') );
#11220 = ( LENGTH_UNIT() NAMED_UNIT(*) SI_UNIT(.MILLI.,.METRE.) );
#11221 = ( NAMED_UNIT(*) PLANE_ANGLE_UNIT() SI_UNIT($,.RADIAN.) );
#11222 = ( NAMED_UNIT(*) SI_UNIT($,.STERADIAN.) SOLID_ANGLE_UNIT() );
#11223 = UNCERTAINTY_MEASURE_WITH_UNIT(LENGTH_MEASURE(1.E-07),#11220,
  'distance_accuracy_value','confusion accuracy');
#11224 = CONTEXT_DEPENDENT_SHAPE_REPRESENTATION(#11225,#11227);
#11225 = ( REPRESENTATION_RELATIONSHIP('','',#10268,#1250) 
REPRESENTATION_RELATIONSHIP_WITH_TRANSFORMATION(#11226) 
SHAPE_REPRESENTATION_RELATIONSHIP() );
#11226 = ITEM_DEFINED_TRANSFORMATION('','',#11,#1267);
#11227 = PRODUCT_DEFINITION_SHAPE('Placement','Placement of an item',
  #11228);
#11228 = NEXT_ASSEMBLY_USAGE_OCCURRENCE('7','EC11-Housing-THT004','',
  #1245,#10263,$);
#11229 = PRODUCT_RELATED_PRODUCT_CATEGORY('part',$,(#10265));
#11230 = SHAPE_DEFINITION_REPRESENTATION(#11231,#11237);
#11231 = PRODUCT_DEFINITION_SHAPE('','',#11232);
#11232 = PRODUCT_DEFINITION('design','',#11233,#11236);
#11233 = PRODUCT_DEFINITION_FORMATION('','',#11234);
#11234 = PRODUCT('EC11-Housing-THT005','EC11-Housing-THT005','',(#11235)
  );
#11235 = PRODUCT_CONTEXT('',#2,'mechanical');
#11236 = PRODUCT_DEFINITION_CONTEXT('part definition',#2,'design');
#11237 = ADVANCED_BREP_SHAPE_REPRESENTATION('',(#11,#11238),#12188);
#11238 = MANIFOLD_SOLID_BREP('',#11239);
#11239 = CLOSED_SHELL('',(#11240,#11305,#11338,#11371,#11428,#11452,
    #11476,#11501,#11551,#11656,#11680,#11704,#11753,#11777,#11802,
    #11822,#11847,#11943,#11960,#11987,#11998,#12015,#12032,#12049,
    #12066,#12083,#12095,#12107,#12125,#12150,#12177));
#11240 = ADVANCED_FACE('',(#11241),#11300,.T.);
#11241 = FACE_BOUND('',#11242,.T.);
#11242 = EDGE_LOOP('',(#11243,#11253,#11261,#11269,#11277,#11285,#11294)
  );
#11243 = ORIENTED_EDGE('',*,*,#11244,.T.);
#11244 = EDGE_CURVE('',#11245,#11247,#11249,.T.);
#11245 = VERTEX_POINT('',#11246);
#11246 = CARTESIAN_POINT('',(3.25,-7.3,-1.8));
#11247 = VERTEX_POINT('',#11248);
#11248 = CARTESIAN_POINT('',(2.6,-7.3,-1.8));
#11249 = LINE('',#11250,#11251);
#11250 = CARTESIAN_POINT('',(3.25,-7.3,-1.8));
#11251 = VECTOR('',#11252,1.);
#11252 = DIRECTION('',(-1.,1.37E-15,0.));
#11253 = ORIENTED_EDGE('',*,*,#11254,.T.);
#11254 = EDGE_CURVE('',#11247,#11255,#11257,.T.);
#11255 = VERTEX_POINT('',#11256);
#11256 = CARTESIAN_POINT('',(2.6,-6.,-1.8));
#11257 = LINE('',#11258,#11259);
#11258 = CARTESIAN_POINT('',(2.6,-7.3,-1.8));
#11259 = VECTOR('',#11260,1.);
#11260 = DIRECTION('',(0.,1.,0.));
#11261 = ORIENTED_EDGE('',*,*,#11262,.F.);
#11262 = EDGE_CURVE('',#11263,#11255,#11265,.T.);
#11263 = VERTEX_POINT('',#11264);
#11264 = CARTESIAN_POINT('',(4.35,-6.,-1.8));
#11265 = LINE('',#11266,#11267);
#11266 = CARTESIAN_POINT('',(4.35,-6.,-1.8));
#11267 = VECTOR('',#11268,1.);
#11268 = DIRECTION('',(-1.,5.1E-16,0.));
#11269 = ORIENTED_EDGE('',*,*,#11270,.F.);
#11270 = EDGE_CURVE('',#11271,#11263,#11273,.T.);
#11271 = VERTEX_POINT('',#11272);
#11272 = CARTESIAN_POINT('',(4.35,-6.2,-1.8));
#11273 = LINE('',#11274,#11275);
#11274 = CARTESIAN_POINT('',(4.35,-6.2,-1.8));
#11275 = VECTOR('',#11276,1.);
#11276 = DIRECTION('',(0.,1.,0.));
#11277 = ORIENTED_EDGE('',*,*,#11278,.F.);
#11278 = EDGE_CURVE('',#11279,#11271,#11281,.T.);
#11279 = VERTEX_POINT('',#11280);
#11280 = CARTESIAN_POINT('',(3.45,-6.2,-1.8));
#11281 = LINE('',#11282,#11283);
#11282 = CARTESIAN_POINT('',(3.45,-6.2,-1.8));
#11283 = VECTOR('',#11284,1.);
#11284 = DIRECTION('',(1.,9.9E-16,0.));
#11285 = ORIENTED_EDGE('',*,*,#11286,.F.);
#11286 = EDGE_CURVE('',#11287,#11279,#11289,.T.);
#11287 = VERTEX_POINT('',#11288);
#11288 = CARTESIAN_POINT('',(3.25,-6.2,-1.8));
#11289 = CIRCLE('',#11290,0.1);
#11290 = AXIS2_PLACEMENT_3D('',#11291,#11292,#11293);
#11291 = CARTESIAN_POINT('',(3.35,-6.2,-1.8));
#11292 = DIRECTION('',(0.,0.,-1.));
#11293 = DIRECTION('',(-1.,8.88E-15,0.));
#11294 = ORIENTED_EDGE('',*,*,#11295,.F.);
#11295 = EDGE_CURVE('',#11245,#11287,#11296,.T.);
#11296 = LINE('',#11297,#11298);
#11297 = CARTESIAN_POINT('',(3.25,-7.3,-1.8));
#11298 = VECTOR('',#11299,1.);
#11299 = DIRECTION('',(0.,1.,0.));
#11300 = PLANE('',#11301);
#11301 = AXIS2_PLACEMENT_3D('',#11302,#11303,#11304);
#11302 = CARTESIAN_POINT('',(3.25,-7.3,-1.8));
#11303 = DIRECTION('',(0.,0.,-1.));
#11304 = DIRECTION('',(-1.,1.37E-15,0.));
#11305 = ADVANCED_FACE('',(#11306),#11333,.F.);
#11306 = FACE_BOUND('',#11307,.F.);
#11307 = EDGE_LOOP('',(#11308,#11317,#11318,#11327));
#11308 = ORIENTED_EDGE('',*,*,#11309,.T.);
#11309 = EDGE_CURVE('',#11310,#11245,#11312,.T.);
#11310 = VERTEX_POINT('',#11311);
#11311 = CARTESIAN_POINT('',(3.25,-7.4,-1.9));
#11312 = CIRCLE('',#11313,0.1);
#11313 = AXIS2_PLACEMENT_3D('',#11314,#11315,#11316);
#11314 = CARTESIAN_POINT('',(3.25,-7.3,-1.9));
#11315 = DIRECTION('',(-1.,0.,-2.65E-15));
#11316 = DIRECTION('',(1.1766E-29,-1.,-4.44E-15));
#11317 = ORIENTED_EDGE('',*,*,#11244,.T.);
#11318 = ORIENTED_EDGE('',*,*,#11319,.F.);
#11319 = EDGE_CURVE('',#11320,#11247,#11322,.T.);
#11320 = VERTEX_POINT('',#11321);
#11321 = CARTESIAN_POINT('',(2.6,-7.4,-1.9));
#11322 = CIRCLE('',#11323,0.1);
#11323 = AXIS2_PLACEMENT_3D('',#11324,#11325,#11326);
#11324 = CARTESIAN_POINT('',(2.6,-7.3,-1.9));
#11325 = DIRECTION('',(-1.,0.,6.E-17));
#11326 = DIRECTION('',(-7.992E-31,-1.,-1.332E-14));
#11327 = ORIENTED_EDGE('',*,*,#11328,.F.);
#11328 = EDGE_CURVE('',#11310,#11320,#11329,.T.);
#11329 = LINE('',#11330,#11331);
#11330 = CARTESIAN_POINT('',(3.25,-7.4,-1.9));
#11331 = VECTOR('',#11332,1.);
#11332 = DIRECTION('',(-1.,0.,3.4E-16));
#11333 = CYLINDRICAL_SURFACE('',#11334,0.1);
#11334 = AXIS2_PLACEMENT_3D('',#11335,#11336,#11337);
#11335 = CARTESIAN_POINT('',(2.6,-7.3,-1.9));
#11336 = DIRECTION('',(-1.,0.,6.E-17));
#11337 = DIRECTION('',(-7.992E-31,-1.,-1.332E-14));
#11338 = ADVANCED_FACE('',(#11339),#11366,.F.);
#11339 = FACE_BOUND('',#11340,.F.);
#11340 = EDGE_LOOP('',(#11341,#11342,#11351,#11359));
#11341 = ORIENTED_EDGE('',*,*,#11254,.T.);
#11342 = ORIENTED_EDGE('',*,*,#11343,.T.);
#11343 = EDGE_CURVE('',#11255,#11344,#11346,.T.);
#11344 = VERTEX_POINT('',#11345);
#11345 = CARTESIAN_POINT('',(2.4,-6.,-1.8));
#11346 = CIRCLE('',#11347,0.1);
#11347 = AXIS2_PLACEMENT_3D('',#11348,#11349,#11350);
#11348 = CARTESIAN_POINT('',(2.5,-6.,-1.8));
#11349 = DIRECTION('',(-2.3E-16,-1.,-6.E-17));
#11350 = DIRECTION('',(1.,-2.3E-16,0.));
#11351 = ORIENTED_EDGE('',*,*,#11352,.F.);
#11352 = EDGE_CURVE('',#11353,#11344,#11355,.T.);
#11353 = VERTEX_POINT('',#11354);
#11354 = CARTESIAN_POINT('',(2.4,-7.3,-1.8));
#11355 = LINE('',#11356,#11357);
#11356 = CARTESIAN_POINT('',(2.4,-7.3,-1.8));
#11357 = VECTOR('',#11358,1.);
#11358 = DIRECTION('',(0.,1.,0.));
#11359 = ORIENTED_EDGE('',*,*,#11360,.F.);
#11360 = EDGE_CURVE('',#11247,#11353,#11361,.T.);
#11361 = CIRCLE('',#11362,0.1);
#11362 = AXIS2_PLACEMENT_3D('',#11363,#11364,#11365);
#11363 = CARTESIAN_POINT('',(2.5,-7.3,-1.8));
#11364 = DIRECTION('',(0.,-1.,-1.338E-14));
#11365 = DIRECTION('',(1.,-1.6056E-30,1.2E-16));
#11366 = CYLINDRICAL_SURFACE('',#11367,0.1);
#11367 = AXIS2_PLACEMENT_3D('',#11368,#11369,#11370);
#11368 = CARTESIAN_POINT('',(2.5,-7.3,-1.8));
#11369 = DIRECTION('',(-0.,-1.,-0.));
#11370 = DIRECTION('',(1.,0.,-0.));
#11371 = ADVANCED_FACE('',(#11372),#11423,.T.);
#11372 = FACE_BOUND('',#11373,.T.);
#11373 = EDGE_LOOP('',(#11374,#11375,#11383,#11391,#11399,#11408,#11416,
    #11422));
#11374 = ORIENTED_EDGE('',*,*,#11343,.T.);
#11375 = ORIENTED_EDGE('',*,*,#11376,.T.);
#11376 = EDGE_CURVE('',#11344,#11377,#11379,.T.);
#11377 = VERTEX_POINT('',#11378);
#11378 = CARTESIAN_POINT('',(1.75,-6.,-1.8));
#11379 = LINE('',#11380,#11381);
#11380 = CARTESIAN_POINT('',(2.4,-6.,-1.8));
#11381 = VECTOR('',#11382,1.);
#11382 = DIRECTION('',(-1.,0.,0.));
#11383 = ORIENTED_EDGE('',*,*,#11384,.T.);
#11384 = EDGE_CURVE('',#11377,#11385,#11387,.T.);
#11385 = VERTEX_POINT('',#11386);
#11386 = CARTESIAN_POINT('',(1.75,-6.,-1.6));
#11387 = LINE('',#11388,#11389);
#11388 = CARTESIAN_POINT('',(1.75,-6.,-1.8));
#11389 = VECTOR('',#11390,1.);
#11390 = DIRECTION('',(1.11E-15,0.,1.));
#11391 = ORIENTED_EDGE('',*,*,#11392,.T.);
#11392 = EDGE_CURVE('',#11385,#11393,#11395,.T.);
#11393 = VERTEX_POINT('',#11394);
#11394 = CARTESIAN_POINT('',(2.27639320225,-6.,-1.6));
#11395 = LINE('',#11396,#11397);
#11396 = CARTESIAN_POINT('',(1.75,-6.,-1.6));
#11397 = VECTOR('',#11398,1.);
#11398 = DIRECTION('',(1.,0.,0.));
#11399 = ORIENTED_EDGE('',*,*,#11400,.T.);
#11400 = EDGE_CURVE('',#11393,#11401,#11403,.T.);
#11401 = VERTEX_POINT('',#11402);
#11402 = CARTESIAN_POINT('',(2.72360679775,-6.,-1.6));
#11403 = CIRCLE('',#11404,0.3);
#11404 = AXIS2_PLACEMENT_3D('',#11405,#11406,#11407);
#11405 = CARTESIAN_POINT('',(2.5,-6.,-1.8));
#11406 = DIRECTION('',(2.3E-16,1.,6.E-17));
#11407 = DIRECTION('',(-0.7453559925,1.31431878275E-16,0.666666666667));
#11408 = ORIENTED_EDGE('',*,*,#11409,.F.);
#11409 = EDGE_CURVE('',#11410,#11401,#11412,.T.);
#11410 = VERTEX_POINT('',#11411);
#11411 = CARTESIAN_POINT('',(4.35,-6.,-1.6));
#11412 = LINE('',#11413,#11414);
#11413 = CARTESIAN_POINT('',(4.35,-6.,-1.6));
#11414 = VECTOR('',#11415,1.);
#11415 = DIRECTION('',(-1.,5.5E-16,0.));
#11416 = ORIENTED_EDGE('',*,*,#11417,.F.);
#11417 = EDGE_CURVE('',#11263,#11410,#11418,.T.);
#11418 = LINE('',#11419,#11420);
#11419 = CARTESIAN_POINT('',(4.35,-6.,-1.8));
#11420 = VECTOR('',#11421,1.);
#11421 = DIRECTION('',(0.,0.,1.));
#11422 = ORIENTED_EDGE('',*,*,#11262,.T.);
#11423 = PLANE('',#11424);
#11424 = AXIS2_PLACEMENT_3D('',#11425,#11426,#11427);
#11425 = CARTESIAN_POINT('',(5.,-6.,-9.2));
#11426 = DIRECTION('',(2.3E-16,1.,6.E-17));
#11427 = DIRECTION('',(1.,-2.3E-16,0.));
#11428 = ADVANCED_FACE('',(#11429),#11447,.T.);
#11429 = FACE_BOUND('',#11430,.T.);
#11430 = EDGE_LOOP('',(#11431,#11432,#11433,#11441));
#11431 = ORIENTED_EDGE('',*,*,#11270,.T.);
#11432 = ORIENTED_EDGE('',*,*,#11417,.T.);
#11433 = ORIENTED_EDGE('',*,*,#11434,.F.);
#11434 = EDGE_CURVE('',#11435,#11410,#11437,.T.);
#11435 = VERTEX_POINT('',#11436);
#11436 = CARTESIAN_POINT('',(4.35,-6.2,-1.6));
#11437 = LINE('',#11438,#11439);
#11438 = CARTESIAN_POINT('',(4.35,-6.2,-1.6));
#11439 = VECTOR('',#11440,1.);
#11440 = DIRECTION('',(0.,1.,0.));
#11441 = ORIENTED_EDGE('',*,*,#11442,.F.);
#11442 = EDGE_CURVE('',#11271,#11435,#11443,.T.);
#11443 = LINE('',#11444,#11445);
#11444 = CARTESIAN_POINT('',(4.35,-6.2,-1.8));
#11445 = VECTOR('',#11446,1.);
#11446 = DIRECTION('',(0.,0.,1.));
#11447 = PLANE('',#11448);
#11448 = AXIS2_PLACEMENT_3D('',#11449,#11450,#11451);
#11449 = CARTESIAN_POINT('',(4.35,-6.2,-1.8));
#11450 = DIRECTION('',(1.,0.,0.));
#11451 = DIRECTION('',(-0.,1.,0.));
#11452 = ADVANCED_FACE('',(#11453),#11471,.T.);
#11453 = FACE_BOUND('',#11454,.T.);
#11454 = EDGE_LOOP('',(#11455,#11456,#11457,#11465));
#11455 = ORIENTED_EDGE('',*,*,#11278,.T.);
#11456 = ORIENTED_EDGE('',*,*,#11442,.T.);
#11457 = ORIENTED_EDGE('',*,*,#11458,.F.);
#11458 = EDGE_CURVE('',#11459,#11435,#11461,.T.);
#11459 = VERTEX_POINT('',#11460);
#11460 = CARTESIAN_POINT('',(3.45,-6.2,-1.6));
#11461 = LINE('',#11462,#11463);
#11462 = CARTESIAN_POINT('',(3.45,-6.2,-1.6));
#11463 = VECTOR('',#11464,1.);
#11464 = DIRECTION('',(1.,9.9E-16,0.));
#11465 = ORIENTED_EDGE('',*,*,#11466,.F.);
#11466 = EDGE_CURVE('',#11279,#11459,#11467,.T.);
#11467 = LINE('',#11468,#11469);
#11468 = CARTESIAN_POINT('',(3.45,-6.2,-1.8));
#11469 = VECTOR('',#11470,1.);
#11470 = DIRECTION('',(0.,0.,1.));
#11471 = PLANE('',#11472);
#11472 = AXIS2_PLACEMENT_3D('',#11473,#11474,#11475);
#11473 = CARTESIAN_POINT('',(3.45,-6.2,-1.8));
#11474 = DIRECTION('',(9.9E-16,-1.,0.));
#11475 = DIRECTION('',(1.,9.9E-16,0.));
#11476 = ADVANCED_FACE('',(#11477),#11496,.F.);
#11477 = FACE_BOUND('',#11478,.F.);
#11478 = EDGE_LOOP('',(#11479,#11488,#11489,#11490));
#11479 = ORIENTED_EDGE('',*,*,#11480,.T.);
#11480 = EDGE_CURVE('',#11481,#11459,#11483,.T.);
#11481 = VERTEX_POINT('',#11482);
#11482 = CARTESIAN_POINT('',(3.25,-6.2,-1.6));
#11483 = CIRCLE('',#11484,0.1);
#11484 = AXIS2_PLACEMENT_3D('',#11485,#11486,#11487);
#11485 = CARTESIAN_POINT('',(3.35,-6.2,-1.6));
#11486 = DIRECTION('',(0.,0.,-1.));
#11487 = DIRECTION('',(-1.,8.88E-15,0.));
#11488 = ORIENTED_EDGE('',*,*,#11466,.F.);
#11489 = ORIENTED_EDGE('',*,*,#11286,.F.);
#11490 = ORIENTED_EDGE('',*,*,#11491,.T.);
#11491 = EDGE_CURVE('',#11287,#11481,#11492,.T.);
#11492 = LINE('',#11493,#11494);
#11493 = CARTESIAN_POINT('',(3.25,-6.2,-1.8));
#11494 = VECTOR('',#11495,1.);
#11495 = DIRECTION('',(-2.22E-15,0.,1.));
#11496 = CYLINDRICAL_SURFACE('',#11497,0.1);
#11497 = AXIS2_PLACEMENT_3D('',#11498,#11499,#11500);
#11498 = CARTESIAN_POINT('',(3.35,-6.2,-1.8));
#11499 = DIRECTION('',(-0.,-0.,-1.));
#11500 = DIRECTION('',(-1.,8.88E-15,0.));
#11501 = ADVANCED_FACE('',(#11502),#11546,.T.);
#11502 = FACE_BOUND('',#11503,.T.);
#11503 = EDGE_LOOP('',(#11504,#11505,#11513,#11522,#11530,#11538,#11544,
    #11545));
#11504 = ORIENTED_EDGE('',*,*,#11491,.T.);
#11505 = ORIENTED_EDGE('',*,*,#11506,.F.);
#11506 = EDGE_CURVE('',#11507,#11481,#11509,.T.);
#11507 = VERTEX_POINT('',#11508);
#11508 = CARTESIAN_POINT('',(3.25,-7.3,-1.6));
#11509 = LINE('',#11510,#11511);
#11510 = CARTESIAN_POINT('',(3.25,-7.3,-1.6));
#11511 = VECTOR('',#11512,1.);
#11512 = DIRECTION('',(1.61E-15,1.,0.));
#11513 = ORIENTED_EDGE('',*,*,#11514,.F.);
#11514 = EDGE_CURVE('',#11515,#11507,#11517,.T.);
#11515 = VERTEX_POINT('',#11516);
#11516 = CARTESIAN_POINT('',(3.25,-7.6,-1.9));
#11517 = CIRCLE('',#11518,0.3);
#11518 = AXIS2_PLACEMENT_3D('',#11519,#11520,#11521);
#11519 = CARTESIAN_POINT('',(3.25,-7.3,-1.9));
#11520 = DIRECTION('',(-1.,0.,-2.65E-15));
#11521 = DIRECTION('',(1.3727E-29,-1.,-5.18E-15));
#11522 = ORIENTED_EDGE('',*,*,#11523,.F.);
#11523 = EDGE_CURVE('',#11524,#11515,#11526,.T.);
#11524 = VERTEX_POINT('',#11525);
#11525 = CARTESIAN_POINT('',(3.25,-7.6,-2.519615242271));
#11526 = LINE('',#11527,#11528);
#11527 = CARTESIAN_POINT('',(3.25,-7.6,-2.519615242271));
#11528 = VECTOR('',#11529,1.);
#11529 = DIRECTION('',(-2.87E-15,0.,1.));
#11530 = ORIENTED_EDGE('',*,*,#11531,.F.);
#11531 = EDGE_CURVE('',#11532,#11524,#11534,.T.);
#11532 = VERTEX_POINT('',#11533);
#11533 = CARTESIAN_POINT('',(3.25,-7.4,-2.519615242271));
#11534 = LINE('',#11535,#11536);
#11535 = CARTESIAN_POINT('',(3.25,-7.4,-2.519615242271));
#11536 = VECTOR('',#11537,1.);
#11537 = DIRECTION('',(0.,-1.,0.));
#11538 = ORIENTED_EDGE('',*,*,#11539,.T.);
#11539 = EDGE_CURVE('',#11532,#11310,#11540,.T.);
#11540 = LINE('',#11541,#11542);
#11541 = CARTESIAN_POINT('',(3.25,-7.4,-2.519615242271));
#11542 = VECTOR('',#11543,1.);
#11543 = DIRECTION('',(-2.87E-15,0.,1.));
#11544 = ORIENTED_EDGE('',*,*,#11309,.T.);
#11545 = ORIENTED_EDGE('',*,*,#11295,.T.);
#11546 = PLANE('',#11547);
#11547 = AXIS2_PLACEMENT_3D('',#11548,#11549,#11550);
#11548 = CARTESIAN_POINT('',(3.25,-7.4,-2.519615242271));
#11549 = DIRECTION('',(1.,0.,2.65E-15));
#11550 = DIRECTION('',(-2.65E-15,0.,1.));
#11551 = ADVANCED_FACE('',(#11552),#11651,.F.);
#11552 = FACE_BOUND('',#11553,.T.);
#11553 = EDGE_LOOP('',(#11554,#11564,#11573,#11579,#11580,#11581,#11589,
    #11597,#11605,#11613,#11621,#11629,#11637,#11645));
#11554 = ORIENTED_EDGE('',*,*,#11555,.F.);
#11555 = EDGE_CURVE('',#11556,#11558,#11560,.T.);
#11556 = VERTEX_POINT('',#11557);
#11557 = CARTESIAN_POINT('',(2.4,-7.4,-5.728423233502));
#11558 = VERTEX_POINT('',#11559);
#11559 = CARTESIAN_POINT('',(2.4,-7.4,-1.9));
#11560 = LINE('',#11561,#11562);
#11561 = CARTESIAN_POINT('',(2.4,-7.4,-5.728423233502));
#11562 = VECTOR('',#11563,1.);
#11563 = DIRECTION('',(-1.2E-16,0.,1.));
#11564 = ORIENTED_EDGE('',*,*,#11565,.T.);
#11565 = EDGE_CURVE('',#11556,#11566,#11568,.T.);
#11566 = VERTEX_POINT('',#11567);
#11567 = CARTESIAN_POINT('',(2.6,-7.4,-5.728423233502));
#11568 = CIRCLE('',#11569,0.1);
#11569 = AXIS2_PLACEMENT_3D('',#11570,#11571,#11572);
#11570 = CARTESIAN_POINT('',(2.5,-7.4,-5.728423233502));
#11571 = DIRECTION('',(1.2E-16,-1.,-6.E-17));
#11572 = DIRECTION('',(-1.,-1.2E-16,0.));
#11573 = ORIENTED_EDGE('',*,*,#11574,.T.);
#11574 = EDGE_CURVE('',#11566,#11320,#11575,.T.);
#11575 = LINE('',#11576,#11577);
#11576 = CARTESIAN_POINT('',(2.6,-7.4,-5.728423233502));
#11577 = VECTOR('',#11578,1.);
#11578 = DIRECTION('',(0.,0.,1.));
#11579 = ORIENTED_EDGE('',*,*,#11328,.F.);
#11580 = ORIENTED_EDGE('',*,*,#11539,.F.);
#11581 = ORIENTED_EDGE('',*,*,#11582,.F.);
#11582 = EDGE_CURVE('',#11583,#11532,#11585,.T.);
#11583 = VERTEX_POINT('',#11584);
#11584 = CARTESIAN_POINT('',(2.95,-7.4,-2.6));
#11585 = LINE('',#11586,#11587);
#11586 = CARTESIAN_POINT('',(2.95,-7.4,-2.6));
#11587 = VECTOR('',#11588,1.);
#11588 = DIRECTION('',(0.965925826289,0.,0.258819045103));
#11589 = ORIENTED_EDGE('',*,*,#11590,.F.);
#11590 = EDGE_CURVE('',#11591,#11583,#11593,.T.);
#11591 = VERTEX_POINT('',#11592);
#11592 = CARTESIAN_POINT('',(2.95,-7.4,-5.728423233502));
#11593 = LINE('',#11594,#11595);
#11594 = CARTESIAN_POINT('',(2.95,-7.4,-5.728423233502));
#11595 = VECTOR('',#11596,1.);
#11596 = DIRECTION('',(0.,0.,1.));
#11597 = ORIENTED_EDGE('',*,*,#11598,.F.);
#11598 = EDGE_CURVE('',#11599,#11591,#11601,.T.);
#11599 = VERTEX_POINT('',#11600);
#11600 = CARTESIAN_POINT('',(2.62,-7.4,-6.3));
#11601 = LINE('',#11602,#11603);
#11602 = CARTESIAN_POINT('',(2.62,-7.4,-6.3));
#11603 = VECTOR('',#11604,1.);
#11604 = DIRECTION('',(0.5,0.,0.866025403784));
#11605 = ORIENTED_EDGE('',*,*,#11606,.F.);
#11606 = EDGE_CURVE('',#11607,#11599,#11609,.T.);
#11607 = VERTEX_POINT('',#11608);
#11608 = CARTESIAN_POINT('',(2.38,-7.4,-6.3));
#11609 = LINE('',#11610,#11611);
#11610 = CARTESIAN_POINT('',(2.38,-7.4,-6.3));
#11611 = VECTOR('',#11612,1.);
#11612 = DIRECTION('',(1.,0.,0.));
#11613 = ORIENTED_EDGE('',*,*,#11614,.F.);
#11614 = EDGE_CURVE('',#11615,#11607,#11617,.T.);
#11615 = VERTEX_POINT('',#11616);
#11616 = CARTESIAN_POINT('',(2.05,-7.4,-5.728423233502));
#11617 = LINE('',#11618,#11619);
#11618 = CARTESIAN_POINT('',(2.05,-7.4,-5.728423233502));
#11619 = VECTOR('',#11620,1.);
#11620 = DIRECTION('',(0.5,0.,-0.866025403784));
#11621 = ORIENTED_EDGE('',*,*,#11622,.F.);
#11622 = EDGE_CURVE('',#11623,#11615,#11625,.T.);
#11623 = VERTEX_POINT('',#11624);
#11624 = CARTESIAN_POINT('',(2.05,-7.4,-2.6));
#11625 = LINE('',#11626,#11627);
#11626 = CARTESIAN_POINT('',(2.05,-7.4,-2.6));
#11627 = VECTOR('',#11628,1.);
#11628 = DIRECTION('',(1.4E-16,0.,-1.));
#11629 = ORIENTED_EDGE('',*,*,#11630,.F.);
#11630 = EDGE_CURVE('',#11631,#11623,#11633,.T.);
#11631 = VERTEX_POINT('',#11632);
#11632 = CARTESIAN_POINT('',(1.75,-7.4,-2.519615242271));
#11633 = LINE('',#11634,#11635);
#11634 = CARTESIAN_POINT('',(1.75,-7.4,-2.519615242271));
#11635 = VECTOR('',#11636,1.);
#11636 = DIRECTION('',(0.965925826289,0.,-0.258819045103));
#11637 = ORIENTED_EDGE('',*,*,#11638,.F.);
#11638 = EDGE_CURVE('',#11639,#11631,#11641,.T.);
#11639 = VERTEX_POINT('',#11640);
#11640 = CARTESIAN_POINT('',(1.75,-7.4,-1.9));
#11641 = LINE('',#11642,#11643);
#11642 = CARTESIAN_POINT('',(1.75,-7.4,-1.9));
#11643 = VECTOR('',#11644,1.);
#11644 = DIRECTION('',(-1.08E-15,0.,-1.));
#11645 = ORIENTED_EDGE('',*,*,#11646,.F.);
#11646 = EDGE_CURVE('',#11558,#11639,#11647,.T.);
#11647 = LINE('',#11648,#11649);
#11648 = CARTESIAN_POINT('',(2.4,-7.4,-1.9));
#11649 = VECTOR('',#11650,1.);
#11650 = DIRECTION('',(-1.,0.,0.));
#11651 = PLANE('',#11652);
#11652 = AXIS2_PLACEMENT_3D('',#11653,#11654,#11655);
#11653 = CARTESIAN_POINT('',(5.,-7.4,-4.5E-16));
#11654 = DIRECTION('',(1.2E-16,-1.,-6.E-17));
#11655 = DIRECTION('',(1.,1.2E-16,1.2E-16));
#11656 = ADVANCED_FACE('',(#11657),#11675,.F.);
#11657 = FACE_BOUND('',#11658,.F.);
#11658 = EDGE_LOOP('',(#11659,#11660,#11661,#11668));
#11659 = ORIENTED_EDGE('',*,*,#11319,.T.);
#11660 = ORIENTED_EDGE('',*,*,#11360,.T.);
#11661 = ORIENTED_EDGE('',*,*,#11662,.F.);
#11662 = EDGE_CURVE('',#11558,#11353,#11663,.T.);
#11663 = CIRCLE('',#11664,0.1);
#11664 = AXIS2_PLACEMENT_3D('',#11665,#11666,#11667);
#11665 = CARTESIAN_POINT('',(2.4,-7.3,-1.9));
#11666 = DIRECTION('',(-1.,0.,6.E-17));
#11667 = DIRECTION('',(-7.992E-31,-1.,-1.332E-14));
#11668 = ORIENTED_EDGE('',*,*,#11669,.F.);
#11669 = EDGE_CURVE('',#11320,#11558,#11670,.T.);
#11670 = CIRCLE('',#11671,0.1);
#11671 = AXIS2_PLACEMENT_3D('',#11672,#11673,#11674);
#11672 = CARTESIAN_POINT('',(2.5,-7.4,-1.9));
#11673 = DIRECTION('',(0.,-0.,-1.));
#11674 = DIRECTION('',(1.,-1.2E-16,0.));
#11675 = TOROIDAL_SURFACE('',#11676,0.1,0.1);
#11676 = AXIS2_PLACEMENT_3D('',#11677,#11678,#11679);
#11677 = CARTESIAN_POINT('',(2.5,-7.3,-1.9));
#11678 = DIRECTION('',(-1.,0.,6.E-17));
#11679 = DIRECTION('',(-7.992E-31,-1.,-1.332E-14));
#11680 = ADVANCED_FACE('',(#11681),#11699,.T.);
#11681 = FACE_BOUND('',#11682,.T.);
#11682 = EDGE_LOOP('',(#11683,#11691,#11697,#11698));
#11683 = ORIENTED_EDGE('',*,*,#11684,.T.);
#11684 = EDGE_CURVE('',#11353,#11685,#11687,.T.);
#11685 = VERTEX_POINT('',#11686);
#11686 = CARTESIAN_POINT('',(1.75,-7.3,-1.8));
#11687 = LINE('',#11688,#11689);
#11688 = CARTESIAN_POINT('',(2.4,-7.3,-1.8));
#11689 = VECTOR('',#11690,1.);
#11690 = DIRECTION('',(-1.,0.,0.));
#11691 = ORIENTED_EDGE('',*,*,#11692,.T.);
#11692 = EDGE_CURVE('',#11685,#11377,#11693,.T.);
#11693 = LINE('',#11694,#11695);
#11694 = CARTESIAN_POINT('',(1.75,-7.3,-1.8));
#11695 = VECTOR('',#11696,1.);
#11696 = DIRECTION('',(0.,1.,0.));
#11697 = ORIENTED_EDGE('',*,*,#11376,.F.);
#11698 = ORIENTED_EDGE('',*,*,#11352,.F.);
#11699 = PLANE('',#11700);
#11700 = AXIS2_PLACEMENT_3D('',#11701,#11702,#11703);
#11701 = CARTESIAN_POINT('',(2.4,-7.3,-1.8));
#11702 = DIRECTION('',(0.,0.,-1.));
#11703 = DIRECTION('',(-1.,0.,0.));
#11704 = ADVANCED_FACE('',(#11705),#11748,.T.);
#11705 = FACE_BOUND('',#11706,.T.);
#11706 = EDGE_LOOP('',(#11707,#11708,#11716,#11724,#11733,#11739,#11740,
    #11741));
#11707 = ORIENTED_EDGE('',*,*,#11638,.T.);
#11708 = ORIENTED_EDGE('',*,*,#11709,.T.);
#11709 = EDGE_CURVE('',#11631,#11710,#11712,.T.);
#11710 = VERTEX_POINT('',#11711);
#11711 = CARTESIAN_POINT('',(1.75,-7.6,-2.519615242271));
#11712 = LINE('',#11713,#11714);
#11713 = CARTESIAN_POINT('',(1.75,-7.4,-2.519615242271));
#11714 = VECTOR('',#11715,1.);
#11715 = DIRECTION('',(0.,-1.,0.));
#11716 = ORIENTED_EDGE('',*,*,#11717,.F.);
#11717 = EDGE_CURVE('',#11718,#11710,#11720,.T.);
#11718 = VERTEX_POINT('',#11719);
#11719 = CARTESIAN_POINT('',(1.75,-7.6,-1.9));
#11720 = LINE('',#11721,#11722);
#11721 = CARTESIAN_POINT('',(1.75,-7.6,-1.9));
#11722 = VECTOR('',#11723,1.);
#11723 = DIRECTION('',(-1.08E-15,0.,-1.));
#11724 = ORIENTED_EDGE('',*,*,#11725,.T.);
#11725 = EDGE_CURVE('',#11718,#11726,#11728,.T.);
#11726 = VERTEX_POINT('',#11727);
#11727 = CARTESIAN_POINT('',(1.75,-7.3,-1.6));
#11728 = CIRCLE('',#11729,0.3);
#11729 = AXIS2_PLACEMENT_3D('',#11730,#11731,#11732);
#11730 = CARTESIAN_POINT('',(1.75,-7.3,-1.9));
#11731 = DIRECTION('',(-1.,0.,1.06E-15));
#11732 = DIRECTION('',(-3.922E-30,-1.,-3.7E-15));
#11733 = ORIENTED_EDGE('',*,*,#11734,.T.);
#11734 = EDGE_CURVE('',#11726,#11385,#11735,.T.);
#11735 = LINE('',#11736,#11737);
#11736 = CARTESIAN_POINT('',(1.75,-7.3,-1.6));
#11737 = VECTOR('',#11738,1.);
#11738 = DIRECTION('',(0.,1.,0.));
#11739 = ORIENTED_EDGE('',*,*,#11384,.F.);
#11740 = ORIENTED_EDGE('',*,*,#11692,.F.);
#11741 = ORIENTED_EDGE('',*,*,#11742,.F.);
#11742 = EDGE_CURVE('',#11639,#11685,#11743,.T.);
#11743 = CIRCLE('',#11744,0.1);
#11744 = AXIS2_PLACEMENT_3D('',#11745,#11746,#11747);
#11745 = CARTESIAN_POINT('',(1.75,-7.3,-1.9));
#11746 = DIRECTION('',(-1.,0.,1.06E-15));
#11747 = DIRECTION('',(-4.7064E-30,-1.,-4.44E-15));
#11748 = PLANE('',#11749);
#11749 = AXIS2_PLACEMENT_3D('',#11750,#11751,#11752);
#11750 = CARTESIAN_POINT('',(1.75,-7.4,-2.1));
#11751 = DIRECTION('',(-1.,0.,1.06E-15));
#11752 = DIRECTION('',(-1.06E-15,0.,-1.));
#11753 = ADVANCED_FACE('',(#11754),#11772,.T.);
#11754 = FACE_BOUND('',#11755,.T.);
#11755 = EDGE_LOOP('',(#11756,#11764,#11770,#11771));
#11756 = ORIENTED_EDGE('',*,*,#11757,.T.);
#11757 = EDGE_CURVE('',#11726,#11758,#11760,.T.);
#11758 = VERTEX_POINT('',#11759);
#11759 = CARTESIAN_POINT('',(2.27639320225,-7.3,-1.6));
#11760 = LINE('',#11761,#11762);
#11761 = CARTESIAN_POINT('',(1.75,-7.3,-1.6));
#11762 = VECTOR('',#11763,1.);
#11763 = DIRECTION('',(1.,0.,0.));
#11764 = ORIENTED_EDGE('',*,*,#11765,.T.);
#11765 = EDGE_CURVE('',#11758,#11393,#11766,.T.);
#11766 = LINE('',#11767,#11768);
#11767 = CARTESIAN_POINT('',(2.27639320225,-7.3,-1.6));
#11768 = VECTOR('',#11769,1.);
#11769 = DIRECTION('',(0.,1.,0.));
#11770 = ORIENTED_EDGE('',*,*,#11392,.F.);
#11771 = ORIENTED_EDGE('',*,*,#11734,.F.);
#11772 = PLANE('',#11773);
#11773 = AXIS2_PLACEMENT_3D('',#11774,#11775,#11776);
#11774 = CARTESIAN_POINT('',(1.75,-7.3,-1.6));
#11775 = DIRECTION('',(0.,0.,1.));
#11776 = DIRECTION('',(1.,0.,-0.));
#11777 = ADVANCED_FACE('',(#11778),#11797,.T.);
#11778 = FACE_BOUND('',#11779,.T.);
#11779 = EDGE_LOOP('',(#11780,#11789,#11795,#11796));
#11780 = ORIENTED_EDGE('',*,*,#11781,.T.);
#11781 = EDGE_CURVE('',#11758,#11782,#11784,.T.);
#11782 = VERTEX_POINT('',#11783);
#11783 = CARTESIAN_POINT('',(2.72360679775,-7.3,-1.6));
#11784 = CIRCLE('',#11785,0.3);
#11785 = AXIS2_PLACEMENT_3D('',#11786,#11787,#11788);
#11786 = CARTESIAN_POINT('',(2.5,-7.3,-1.8));
#11787 = DIRECTION('',(0.,1.,1.338E-14));
#11788 = DIRECTION('',(-0.7453559925,-8.92E-15,0.666666666667));
#11789 = ORIENTED_EDGE('',*,*,#11790,.T.);
#11790 = EDGE_CURVE('',#11782,#11401,#11791,.T.);
#11791 = LINE('',#11792,#11793);
#11792 = CARTESIAN_POINT('',(2.72360679775,-7.3,-1.6));
#11793 = VECTOR('',#11794,1.);
#11794 = DIRECTION('',(1.71E-15,1.,0.));
#11795 = ORIENTED_EDGE('',*,*,#11400,.F.);
#11796 = ORIENTED_EDGE('',*,*,#11765,.F.);
#11797 = CYLINDRICAL_SURFACE('',#11798,0.3);
#11798 = AXIS2_PLACEMENT_3D('',#11799,#11800,#11801);
#11799 = CARTESIAN_POINT('',(2.5,-7.3,-1.8));
#11800 = DIRECTION('',(0.,1.,0.));
#11801 = DIRECTION('',(-0.7453559925,0.,0.666666666667));
#11802 = ADVANCED_FACE('',(#11803),#11817,.T.);
#11803 = FACE_BOUND('',#11804,.T.);
#11804 = EDGE_LOOP('',(#11805,#11811,#11812,#11813,#11814,#11815,#11816)
  );
#11805 = ORIENTED_EDGE('',*,*,#11806,.T.);
#11806 = EDGE_CURVE('',#11782,#11507,#11807,.T.);
#11807 = LINE('',#11808,#11809);
#11808 = CARTESIAN_POINT('',(2.72360679775,-7.3,-1.6));
#11809 = VECTOR('',#11810,1.);
#11810 = DIRECTION('',(1.,-3.37E-15,0.));
#11811 = ORIENTED_EDGE('',*,*,#11506,.T.);
#11812 = ORIENTED_EDGE('',*,*,#11480,.T.);
#11813 = ORIENTED_EDGE('',*,*,#11458,.T.);
#11814 = ORIENTED_EDGE('',*,*,#11434,.T.);
#11815 = ORIENTED_EDGE('',*,*,#11409,.T.);
#11816 = ORIENTED_EDGE('',*,*,#11790,.F.);
#11817 = PLANE('',#11818);
#11818 = AXIS2_PLACEMENT_3D('',#11819,#11820,#11821);
#11819 = CARTESIAN_POINT('',(2.72360679775,-7.3,-1.6));
#11820 = DIRECTION('',(-0.,0.,1.));
#11821 = DIRECTION('',(1.,-1.69E-15,0.));
#11822 = ADVANCED_FACE('',(#11823),#11842,.T.);
#11823 = FACE_BOUND('',#11824,.T.);
#11824 = EDGE_LOOP('',(#11825,#11833,#11834,#11835));
#11825 = ORIENTED_EDGE('',*,*,#11826,.T.);
#11826 = EDGE_CURVE('',#11827,#11515,#11829,.T.);
#11827 = VERTEX_POINT('',#11828);
#11828 = CARTESIAN_POINT('',(2.72360679775,-7.6,-1.9));
#11829 = LINE('',#11830,#11831);
#11830 = CARTESIAN_POINT('',(2.72360679775,-7.6,-1.9));
#11831 = VECTOR('',#11832,1.);
#11832 = DIRECTION('',(1.,0.,-4.2E-16));
#11833 = ORIENTED_EDGE('',*,*,#11514,.T.);
#11834 = ORIENTED_EDGE('',*,*,#11806,.F.);
#11835 = ORIENTED_EDGE('',*,*,#11836,.F.);
#11836 = EDGE_CURVE('',#11827,#11782,#11837,.T.);
#11837 = CIRCLE('',#11838,0.3);
#11838 = AXIS2_PLACEMENT_3D('',#11839,#11840,#11841);
#11839 = CARTESIAN_POINT('',(2.72360679775,-7.3,-1.9));
#11840 = DIRECTION('',(-1.,0.,6.E-17));
#11841 = DIRECTION('',(-7.992E-31,-1.,-1.332E-14));
#11842 = CYLINDRICAL_SURFACE('',#11843,0.3);
#11843 = AXIS2_PLACEMENT_3D('',#11844,#11845,#11846);
#11844 = CARTESIAN_POINT('',(3.25,-7.3,-1.9));
#11845 = DIRECTION('',(-1.,0.,6.E-17));
#11846 = DIRECTION('',(-3.108E-31,-1.,-5.18E-15));
#11847 = ADVANCED_FACE('',(#11848),#11938,.T.);
#11848 = FACE_BOUND('',#11849,.T.);
#11849 = EDGE_LOOP('',(#11850,#11860,#11866,#11867,#11875,#11883,#11891,
    #11899,#11907,#11915,#11921,#11922,#11923,#11931));
#11850 = ORIENTED_EDGE('',*,*,#11851,.T.);
#11851 = EDGE_CURVE('',#11852,#11854,#11856,.T.);
#11852 = VERTEX_POINT('',#11853);
#11853 = CARTESIAN_POINT('',(2.27639320225,-7.6,-5.728423233502));
#11854 = VERTEX_POINT('',#11855);
#11855 = CARTESIAN_POINT('',(2.27639320225,-7.6,-1.9));
#11856 = LINE('',#11857,#11858);
#11857 = CARTESIAN_POINT('',(2.27639320225,-7.6,-5.728423233502));
#11858 = VECTOR('',#11859,1.);
#11859 = DIRECTION('',(-2.3E-16,0.,1.));
#11860 = ORIENTED_EDGE('',*,*,#11861,.F.);
#11861 = EDGE_CURVE('',#11718,#11854,#11862,.T.);
#11862 = LINE('',#11863,#11864);
#11863 = CARTESIAN_POINT('',(1.75,-7.6,-1.9));
#11864 = VECTOR('',#11865,1.);
#11865 = DIRECTION('',(1.,0.,0.));
#11866 = ORIENTED_EDGE('',*,*,#11717,.T.);
#11867 = ORIENTED_EDGE('',*,*,#11868,.T.);
#11868 = EDGE_CURVE('',#11710,#11869,#11871,.T.);
#11869 = VERTEX_POINT('',#11870);
#11870 = CARTESIAN_POINT('',(2.05,-7.6,-2.6));
#11871 = LINE('',#11872,#11873);
#11872 = CARTESIAN_POINT('',(1.75,-7.6,-2.519615242271));
#11873 = VECTOR('',#11874,1.);
#11874 = DIRECTION('',(0.965925826289,0.,-0.258819045103));
#11875 = ORIENTED_EDGE('',*,*,#11876,.T.);
#11876 = EDGE_CURVE('',#11869,#11877,#11879,.T.);
#11877 = VERTEX_POINT('',#11878);
#11878 = CARTESIAN_POINT('',(2.05,-7.6,-5.728423233502));
#11879 = LINE('',#11880,#11881);
#11880 = CARTESIAN_POINT('',(2.05,-7.6,-2.6));
#11881 = VECTOR('',#11882,1.);
#11882 = DIRECTION('',(1.4E-16,0.,-1.));
#11883 = ORIENTED_EDGE('',*,*,#11884,.T.);
#11884 = EDGE_CURVE('',#11877,#11885,#11887,.T.);
#11885 = VERTEX_POINT('',#11886);
#11886 = CARTESIAN_POINT('',(2.38,-7.6,-6.3));
#11887 = LINE('',#11888,#11889);
#11888 = CARTESIAN_POINT('',(2.05,-7.6,-5.728423233502));
#11889 = VECTOR('',#11890,1.);
#11890 = DIRECTION('',(0.5,0.,-0.866025403784));
#11891 = ORIENTED_EDGE('',*,*,#11892,.T.);
#11892 = EDGE_CURVE('',#11885,#11893,#11895,.T.);
#11893 = VERTEX_POINT('',#11894);
#11894 = CARTESIAN_POINT('',(2.62,-7.6,-6.3));
#11895 = LINE('',#11896,#11897);
#11896 = CARTESIAN_POINT('',(2.38,-7.6,-6.3));
#11897 = VECTOR('',#11898,1.);
#11898 = DIRECTION('',(1.,0.,0.));
#11899 = ORIENTED_EDGE('',*,*,#11900,.T.);
#11900 = EDGE_CURVE('',#11893,#11901,#11903,.T.);
#11901 = VERTEX_POINT('',#11902);
#11902 = CARTESIAN_POINT('',(2.95,-7.6,-5.728423233502));
#11903 = LINE('',#11904,#11905);
#11904 = CARTESIAN_POINT('',(2.62,-7.6,-6.3));
#11905 = VECTOR('',#11906,1.);
#11906 = DIRECTION('',(0.5,0.,0.866025403784));
#11907 = ORIENTED_EDGE('',*,*,#11908,.T.);
#11908 = EDGE_CURVE('',#11901,#11909,#11911,.T.);
#11909 = VERTEX_POINT('',#11910);
#11910 = CARTESIAN_POINT('',(2.95,-7.6,-2.6));
#11911 = LINE('',#11912,#11913);
#11912 = CARTESIAN_POINT('',(2.95,-7.6,-5.728423233502));
#11913 = VECTOR('',#11914,1.);
#11914 = DIRECTION('',(0.,0.,1.));
#11915 = ORIENTED_EDGE('',*,*,#11916,.T.);
#11916 = EDGE_CURVE('',#11909,#11524,#11917,.T.);
#11917 = LINE('',#11918,#11919);
#11918 = CARTESIAN_POINT('',(2.95,-7.6,-2.6));
#11919 = VECTOR('',#11920,1.);
#11920 = DIRECTION('',(0.965925826289,0.,0.258819045103));
#11921 = ORIENTED_EDGE('',*,*,#11523,.T.);
#11922 = ORIENTED_EDGE('',*,*,#11826,.F.);
#11923 = ORIENTED_EDGE('',*,*,#11924,.F.);
#11924 = EDGE_CURVE('',#11925,#11827,#11927,.T.);
#11925 = VERTEX_POINT('',#11926);
#11926 = CARTESIAN_POINT('',(2.72360679775,-7.6,-5.728423233502));
#11927 = LINE('',#11928,#11929);
#11928 = CARTESIAN_POINT('',(2.72360679775,-7.6,-5.728423233502));
#11929 = VECTOR('',#11930,1.);
#11930 = DIRECTION('',(0.,0.,1.));
#11931 = ORIENTED_EDGE('',*,*,#11932,.F.);
#11932 = EDGE_CURVE('',#11852,#11925,#11933,.T.);
#11933 = CIRCLE('',#11934,0.22360679775);
#11934 = AXIS2_PLACEMENT_3D('',#11935,#11936,#11937);
#11935 = CARTESIAN_POINT('',(2.5,-7.6,-5.728423233502));
#11936 = DIRECTION('',(1.2E-16,-1.,-6.E-17));
#11937 = DIRECTION('',(-1.,-1.2E-16,0.));
#11938 = PLANE('',#11939);
#11939 = AXIS2_PLACEMENT_3D('',#11940,#11941,#11942);
#11940 = CARTESIAN_POINT('',(5.,-7.6,-4.7E-16));
#11941 = DIRECTION('',(1.2E-16,-1.,-6.E-17));
#11942 = DIRECTION('',(1.,1.2E-16,1.2E-16));
#11943 = ADVANCED_FACE('',(#11944),#11955,.T.);
#11944 = FACE_BOUND('',#11945,.T.);
#11945 = EDGE_LOOP('',(#11946,#11947,#11948,#11949));
#11946 = ORIENTED_EDGE('',*,*,#11582,.T.);
#11947 = ORIENTED_EDGE('',*,*,#11531,.T.);
#11948 = ORIENTED_EDGE('',*,*,#11916,.F.);
#11949 = ORIENTED_EDGE('',*,*,#11950,.F.);
#11950 = EDGE_CURVE('',#11583,#11909,#11951,.T.);
#11951 = LINE('',#11952,#11953);
#11952 = CARTESIAN_POINT('',(2.95,-7.4,-2.6));
#11953 = VECTOR('',#11954,1.);
#11954 = DIRECTION('',(0.,-1.,0.));
#11955 = PLANE('',#11956);
#11956 = AXIS2_PLACEMENT_3D('',#11957,#11958,#11959);
#11957 = CARTESIAN_POINT('',(2.95,-7.4,-2.6));
#11958 = DIRECTION('',(0.258819045103,0.,-0.965925826289));
#11959 = DIRECTION('',(0.965925826289,0.,0.258819045103));
#11960 = ADVANCED_FACE('',(#11961),#11982,.F.);
#11961 = FACE_BOUND('',#11962,.F.);
#11962 = EDGE_LOOP('',(#11963,#11964,#11965,#11974,#11981));
#11963 = ORIENTED_EDGE('',*,*,#11669,.T.);
#11964 = ORIENTED_EDGE('',*,*,#11555,.F.);
#11965 = ORIENTED_EDGE('',*,*,#11966,.T.);
#11966 = EDGE_CURVE('',#11556,#11967,#11969,.T.);
#11967 = VERTEX_POINT('',#11968);
#11968 = CARTESIAN_POINT('',(2.5,-7.5,-5.728423233502));
#11969 = CIRCLE('',#11970,0.1);
#11970 = AXIS2_PLACEMENT_3D('',#11971,#11972,#11973);
#11971 = CARTESIAN_POINT('',(2.5,-7.4,-5.728423233502));
#11972 = DIRECTION('',(0.,0.,1.));
#11973 = DIRECTION('',(-1.,0.,0.));
#11974 = ORIENTED_EDGE('',*,*,#11975,.T.);
#11975 = EDGE_CURVE('',#11967,#11566,#11976,.T.);
#11976 = CIRCLE('',#11977,0.1);
#11977 = AXIS2_PLACEMENT_3D('',#11978,#11979,#11980);
#11978 = CARTESIAN_POINT('',(2.5,-7.4,-5.728423233502));
#11979 = DIRECTION('',(0.,0.,1.));
#11980 = DIRECTION('',(0.,-1.,0.));
#11981 = ORIENTED_EDGE('',*,*,#11574,.T.);
#11982 = CYLINDRICAL_SURFACE('',#11983,0.1);
#11983 = AXIS2_PLACEMENT_3D('',#11984,#11985,#11986);
#11984 = CARTESIAN_POINT('',(2.5,-7.4,-5.728423233502));
#11985 = DIRECTION('',(0.,0.,1.));
#11986 = DIRECTION('',(-1.,-1.2E-16,0.));
#11987 = ADVANCED_FACE('',(#11988),#11993,.F.);
#11988 = FACE_BOUND('',#11989,.F.);
#11989 = EDGE_LOOP('',(#11990,#11991,#11992));
#11990 = ORIENTED_EDGE('',*,*,#11975,.F.);
#11991 = ORIENTED_EDGE('',*,*,#11966,.F.);
#11992 = ORIENTED_EDGE('',*,*,#11565,.T.);
#11993 = SPHERICAL_SURFACE('',#11994,0.1);
#11994 = AXIS2_PLACEMENT_3D('',#11995,#11996,#11997);
#11995 = CARTESIAN_POINT('',(2.5,-7.4,-5.728423233502));
#11996 = DIRECTION('',(1.2E-16,-1.,-6.E-17));
#11997 = DIRECTION('',(-1.,-1.2E-16,1.2E-16));
#11998 = ADVANCED_FACE('',(#11999),#12010,.T.);
#11999 = FACE_BOUND('',#12000,.T.);
#12000 = EDGE_LOOP('',(#12001,#12002,#12003,#12004));
#12001 = ORIENTED_EDGE('',*,*,#11590,.T.);
#12002 = ORIENTED_EDGE('',*,*,#11950,.T.);
#12003 = ORIENTED_EDGE('',*,*,#11908,.F.);
#12004 = ORIENTED_EDGE('',*,*,#12005,.F.);
#12005 = EDGE_CURVE('',#11591,#11901,#12006,.T.);
#12006 = LINE('',#12007,#12008);
#12007 = CARTESIAN_POINT('',(2.95,-7.4,-5.728423233502));
#12008 = VECTOR('',#12009,1.);
#12009 = DIRECTION('',(0.,-1.,0.));
#12010 = PLANE('',#12011);
#12011 = AXIS2_PLACEMENT_3D('',#12012,#12013,#12014);
#12012 = CARTESIAN_POINT('',(2.95,-7.4,-5.728423233502));
#12013 = DIRECTION('',(1.,0.,-0.));
#12014 = DIRECTION('',(0.,0.,1.));
#12015 = ADVANCED_FACE('',(#12016),#12027,.T.);
#12016 = FACE_BOUND('',#12017,.T.);
#12017 = EDGE_LOOP('',(#12018,#12019,#12020,#12021));
#12018 = ORIENTED_EDGE('',*,*,#11598,.T.);
#12019 = ORIENTED_EDGE('',*,*,#12005,.T.);
#12020 = ORIENTED_EDGE('',*,*,#11900,.F.);
#12021 = ORIENTED_EDGE('',*,*,#12022,.F.);
#12022 = EDGE_CURVE('',#11599,#11893,#12023,.T.);
#12023 = LINE('',#12024,#12025);
#12024 = CARTESIAN_POINT('',(2.62,-7.4,-6.3));
#12025 = VECTOR('',#12026,1.);
#12026 = DIRECTION('',(0.,-1.,0.));
#12027 = PLANE('',#12028);
#12028 = AXIS2_PLACEMENT_3D('',#12029,#12030,#12031);
#12029 = CARTESIAN_POINT('',(2.62,-7.4,-6.3));
#12030 = DIRECTION('',(0.866025403784,0.,-0.5));
#12031 = DIRECTION('',(0.5,0.,0.866025403784));
#12032 = ADVANCED_FACE('',(#12033),#12044,.T.);
#12033 = FACE_BOUND('',#12034,.T.);
#12034 = EDGE_LOOP('',(#12035,#12036,#12037,#12038));
#12035 = ORIENTED_EDGE('',*,*,#11606,.T.);
#12036 = ORIENTED_EDGE('',*,*,#12022,.T.);
#12037 = ORIENTED_EDGE('',*,*,#11892,.F.);
#12038 = ORIENTED_EDGE('',*,*,#12039,.F.);
#12039 = EDGE_CURVE('',#11607,#11885,#12040,.T.);
#12040 = LINE('',#12041,#12042);
#12041 = CARTESIAN_POINT('',(2.38,-7.4,-6.3));
#12042 = VECTOR('',#12043,1.);
#12043 = DIRECTION('',(0.,-1.,0.));
#12044 = PLANE('',#12045);
#12045 = AXIS2_PLACEMENT_3D('',#12046,#12047,#12048);
#12046 = CARTESIAN_POINT('',(2.38,-7.4,-6.3));
#12047 = DIRECTION('',(0.,0.,-1.));
#12048 = DIRECTION('',(1.,0.,0.));
#12049 = ADVANCED_FACE('',(#12050),#12061,.T.);
#12050 = FACE_BOUND('',#12051,.T.);
#12051 = EDGE_LOOP('',(#12052,#12053,#12054,#12055));
#12052 = ORIENTED_EDGE('',*,*,#11614,.T.);
#12053 = ORIENTED_EDGE('',*,*,#12039,.T.);
#12054 = ORIENTED_EDGE('',*,*,#11884,.F.);
#12055 = ORIENTED_EDGE('',*,*,#12056,.F.);
#12056 = EDGE_CURVE('',#11615,#11877,#12057,.T.);
#12057 = LINE('',#12058,#12059);
#12058 = CARTESIAN_POINT('',(2.05,-7.4,-5.728423233502));
#12059 = VECTOR('',#12060,1.);
#12060 = DIRECTION('',(0.,-1.,0.));
#12061 = PLANE('',#12062);
#12062 = AXIS2_PLACEMENT_3D('',#12063,#12064,#12065);
#12063 = CARTESIAN_POINT('',(2.05,-7.4,-5.728423233502));
#12064 = DIRECTION('',(-0.866025403784,-0.,-0.5));
#12065 = DIRECTION('',(0.5,0.,-0.866025403784));
#12066 = ADVANCED_FACE('',(#12067),#12078,.T.);
#12067 = FACE_BOUND('',#12068,.T.);
#12068 = EDGE_LOOP('',(#12069,#12070,#12071,#12072));
#12069 = ORIENTED_EDGE('',*,*,#11622,.T.);
#12070 = ORIENTED_EDGE('',*,*,#12056,.T.);
#12071 = ORIENTED_EDGE('',*,*,#11876,.F.);
#12072 = ORIENTED_EDGE('',*,*,#12073,.F.);
#12073 = EDGE_CURVE('',#11623,#11869,#12074,.T.);
#12074 = LINE('',#12075,#12076);
#12075 = CARTESIAN_POINT('',(2.05,-7.4,-2.6));
#12076 = VECTOR('',#12077,1.);
#12077 = DIRECTION('',(0.,-1.,0.));
#12078 = PLANE('',#12079);
#12079 = AXIS2_PLACEMENT_3D('',#12080,#12081,#12082);
#12080 = CARTESIAN_POINT('',(2.05,-7.4,-2.6));
#12081 = DIRECTION('',(-1.,-0.,-1.4E-16));
#12082 = DIRECTION('',(1.4E-16,0.,-1.));
#12083 = ADVANCED_FACE('',(#12084),#12090,.T.);
#12084 = FACE_BOUND('',#12085,.T.);
#12085 = EDGE_LOOP('',(#12086,#12087,#12088,#12089));
#12086 = ORIENTED_EDGE('',*,*,#11630,.T.);
#12087 = ORIENTED_EDGE('',*,*,#12073,.T.);
#12088 = ORIENTED_EDGE('',*,*,#11868,.F.);
#12089 = ORIENTED_EDGE('',*,*,#11709,.F.);
#12090 = PLANE('',#12091);
#12091 = AXIS2_PLACEMENT_3D('',#12092,#12093,#12094);
#12092 = CARTESIAN_POINT('',(1.75,-7.4,-2.519615242271));
#12093 = DIRECTION('',(-0.258819045103,-0.,-0.965925826289));
#12094 = DIRECTION('',(0.965925826289,0.,-0.258819045103));
#12095 = ADVANCED_FACE('',(#12096),#12102,.F.);
#12096 = FACE_BOUND('',#12097,.F.);
#12097 = EDGE_LOOP('',(#12098,#12099,#12100,#12101));
#12098 = ORIENTED_EDGE('',*,*,#11662,.T.);
#12099 = ORIENTED_EDGE('',*,*,#11684,.T.);
#12100 = ORIENTED_EDGE('',*,*,#11742,.F.);
#12101 = ORIENTED_EDGE('',*,*,#11646,.F.);
#12102 = CYLINDRICAL_SURFACE('',#12103,0.1);
#12103 = AXIS2_PLACEMENT_3D('',#12104,#12105,#12106);
#12104 = CARTESIAN_POINT('',(1.75,-7.3,-1.9));
#12105 = DIRECTION('',(-1.,0.,6.E-17));
#12106 = DIRECTION('',(-6.66E-31,-1.,-1.11E-14));
#12107 = ADVANCED_FACE('',(#12108),#12120,.T.);
#12108 = FACE_BOUND('',#12109,.T.);
#12109 = EDGE_LOOP('',(#12110,#12111,#12118,#12119));
#12110 = ORIENTED_EDGE('',*,*,#11861,.T.);
#12111 = ORIENTED_EDGE('',*,*,#12112,.T.);
#12112 = EDGE_CURVE('',#11854,#11758,#12113,.T.);
#12113 = CIRCLE('',#12114,0.3);
#12114 = AXIS2_PLACEMENT_3D('',#12115,#12116,#12117);
#12115 = CARTESIAN_POINT('',(2.27639320225,-7.3,-1.9));
#12116 = DIRECTION('',(-1.,0.,6.E-17));
#12117 = DIRECTION('',(-2.22E-31,-1.,-3.7E-15));
#12118 = ORIENTED_EDGE('',*,*,#11757,.F.);
#12119 = ORIENTED_EDGE('',*,*,#11725,.F.);
#12120 = CYLINDRICAL_SURFACE('',#12121,0.3);
#12121 = AXIS2_PLACEMENT_3D('',#12122,#12123,#12124);
#12122 = CARTESIAN_POINT('',(2.27639320225,-7.3,-1.9));
#12123 = DIRECTION('',(-1.,0.,6.E-17));
#12124 = DIRECTION('',(-2.22E-31,-1.,-3.7E-15));
#12125 = ADVANCED_FACE('',(#12126),#12138,.T.);
#12126 = FACE_BOUND('',#12127,.T.);
#12127 = EDGE_LOOP('',(#12128,#12135,#12136,#12137));
#12128 = ORIENTED_EDGE('',*,*,#12129,.T.);
#12129 = EDGE_CURVE('',#11854,#11827,#12130,.T.);
#12130 = CIRCLE('',#12131,0.3);
#12131 = AXIS2_PLACEMENT_3D('',#12132,#12133,#12134);
#12132 = CARTESIAN_POINT('',(2.5,-7.4,-1.9));
#12133 = DIRECTION('',(0.,0.,1.));
#12134 = DIRECTION('',(-0.7453559925,-0.666666666667,0.));
#12135 = ORIENTED_EDGE('',*,*,#11836,.T.);
#12136 = ORIENTED_EDGE('',*,*,#11781,.F.);
#12137 = ORIENTED_EDGE('',*,*,#12112,.F.);
#12138 = SURFACE_OF_REVOLUTION('',#12139,#12147);
#12139 = B_SPLINE_CURVE_WITH_KNOTS('',6,(#12140,#12141,#12142,#12143,
    #12144,#12145,#12146),.UNSPECIFIED.,.F.,.F.,(7,7),(5.442116636612,
    7.124253977748),.PIECEWISE_BEZIER_KNOTS.);
#12140 = CARTESIAN_POINT('',(2.72360679775,-7.6,-1.9));
#12141 = CARTESIAN_POINT('',(2.667535553045,-7.662689557371,-1.9));
#12142 = CARTESIAN_POINT('',(2.590387909239,-7.706514016705,-1.9));
#12143 = CARTESIAN_POINT('',(2.5,-7.722615150643,-1.9));
#12144 = CARTESIAN_POINT('',(2.409612090761,-7.706514016705,-1.9));
#12145 = CARTESIAN_POINT('',(2.332464446955,-7.662689557371,-1.9));
#12146 = CARTESIAN_POINT('',(2.27639320225,-7.6,-1.9));
#12147 = AXIS1_PLACEMENT('',#12148,#12149);
#12148 = CARTESIAN_POINT('',(2.5,-7.3,-1.9));
#12149 = DIRECTION('',(-1.,0.,6.E-17));
#12150 = ADVANCED_FACE('',(#12151),#12172,.T.);
#12151 = FACE_BOUND('',#12152,.T.);
#12152 = EDGE_LOOP('',(#12153,#12154,#12163,#12170,#12171));
#12153 = ORIENTED_EDGE('',*,*,#11851,.F.);
#12154 = ORIENTED_EDGE('',*,*,#12155,.T.);
#12155 = EDGE_CURVE('',#11852,#12156,#12158,.T.);
#12156 = VERTEX_POINT('',#12157);
#12157 = CARTESIAN_POINT('',(2.5,-7.7,-5.728423233502));
#12158 = CIRCLE('',#12159,0.3);
#12159 = AXIS2_PLACEMENT_3D('',#12160,#12161,#12162);
#12160 = CARTESIAN_POINT('',(2.5,-7.4,-5.728423233502));
#12161 = DIRECTION('',(0.,0.,1.));
#12162 = DIRECTION('',(-0.7453559925,-0.666666666667,0.));
#12163 = ORIENTED_EDGE('',*,*,#12164,.T.);
#12164 = EDGE_CURVE('',#12156,#11925,#12165,.T.);
#12165 = CIRCLE('',#12166,0.3);
#12166 = AXIS2_PLACEMENT_3D('',#12167,#12168,#12169);
#12167 = CARTESIAN_POINT('',(2.5,-7.4,-5.728423233502));
#12168 = DIRECTION('',(0.,0.,1.));
#12169 = DIRECTION('',(-1.48E-15,-1.,0.));
#12170 = ORIENTED_EDGE('',*,*,#11924,.T.);
#12171 = ORIENTED_EDGE('',*,*,#12129,.F.);
#12172 = CYLINDRICAL_SURFACE('',#12173,0.3);
#12173 = AXIS2_PLACEMENT_3D('',#12174,#12175,#12176);
#12174 = CARTESIAN_POINT('',(2.5,-7.4,-5.728423233502));
#12175 = DIRECTION('',(0.,0.,1.));
#12176 = DIRECTION('',(-0.7453559925,-0.666666666667,0.));
#12177 = ADVANCED_FACE('',(#12178),#12183,.T.);
#12178 = FACE_BOUND('',#12179,.T.);
#12179 = EDGE_LOOP('',(#12180,#12181,#12182));
#12180 = ORIENTED_EDGE('',*,*,#12164,.F.);
#12181 = ORIENTED_EDGE('',*,*,#12155,.F.);
#12182 = ORIENTED_EDGE('',*,*,#11932,.T.);
#12183 = SPHERICAL_SURFACE('',#12184,0.3);
#12184 = AXIS2_PLACEMENT_3D('',#12185,#12186,#12187);
#12185 = CARTESIAN_POINT('',(2.5,-7.4,-5.728423233502));
#12186 = DIRECTION('',(1.2E-16,-1.,-6.E-17));
#12187 = DIRECTION('',(-1.,-1.2E-16,2.4E-16));
#12188 = ( GEOMETRIC_REPRESENTATION_CONTEXT(3) 
GLOBAL_UNCERTAINTY_ASSIGNED_CONTEXT((#12192)) 
GLOBAL_UNIT_ASSIGNED_CONTEXT((#12189,#12190,#12191)) 
REPRESENTATION_CONTEXT('Context #1',
  '3D Context with UNIT and UNCERTAINTY') );
#12189 = ( LENGTH_UNIT() NAMED_UNIT(*) SI_UNIT(.MILLI.,.METRE.) );
#12190 = ( NAMED_UNIT(*) PLANE_ANGLE_UNIT() SI_UNIT($,.RADIAN.) );
#12191 = ( NAMED_UNIT(*) SI_UNIT($,.STERADIAN.) SOLID_ANGLE_UNIT() );
#12192 = UNCERTAINTY_MEASURE_WITH_UNIT(LENGTH_MEASURE(1.E-07),#12189,
  'distance_accuracy_value','confusion accuracy');
#12193 = CONTEXT_DEPENDENT_SHAPE_REPRESENTATION(#12194,#12196);
#12194 = ( REPRESENTATION_RELATIONSHIP('','',#11237,#1250) 
REPRESENTATION_RELATIONSHIP_WITH_TRANSFORMATION(#12195) 
SHAPE_REPRESENTATION_RELATIONSHIP() );
#12195 = ITEM_DEFINED_TRANSFORMATION('','',#11,#1271);
#12196 = PRODUCT_DEFINITION_SHAPE('Placement','Placement of an item',
  #12197);
#12197 = NEXT_ASSEMBLY_USAGE_OCCURRENCE('8','EC11-Housing-THT005','',
  #1245,#11232,$);
#12198 = PRODUCT_RELATED_PRODUCT_CATEGORY('part',$,(#11234));
#12199 = SHAPE_DEFINITION_REPRESENTATION(#12200,#12206);
#12200 = PRODUCT_DEFINITION_SHAPE('','',#12201);
#12201 = PRODUCT_DEFINITION('design','',#12202,#12205);
#12202 = PRODUCT_DEFINITION_FORMATION('','',#12203);
#12203 = PRODUCT('EC11-Housing-THT006','EC11-Housing-THT006','',(#12204)
  );
#12204 = PRODUCT_CONTEXT('',#2,'mechanical');
#12205 = PRODUCT_DEFINITION_CONTEXT('part definition',#2,'design');
#12206 = ADVANCED_BREP_SHAPE_REPRESENTATION('',(#11,#12207),#13223);
#12207 = MANIFOLD_SOLID_BREP('',#12208);
#12208 = CLOSED_SHELL('',(#12209,#12290,#12323,#12356,#12413,#12437,
    #12461,#12485,#12509,#12534,#12584,#12689,#12720,#12744,#12793,
    #12817,#12842,#12864,#12889,#12985,#13002,#13029,#13046,#13063,
    #13080,#13097,#13114,#13126,#13138,#13149,#13167,#13185,#13212));
#12209 = ADVANCED_FACE('',(#12210),#12285,.T.);
#12210 = FACE_BOUND('',#12211,.T.);
#12211 = EDGE_LOOP('',(#12212,#12222,#12230,#12238,#12246,#12254,#12262,
    #12270,#12279));
#12212 = ORIENTED_EDGE('',*,*,#12213,.T.);
#12213 = EDGE_CURVE('',#12214,#12216,#12218,.T.);
#12214 = VERTEX_POINT('',#12215);
#12215 = CARTESIAN_POINT('',(3.25,6.8,-1.6));
#12216 = VERTEX_POINT('',#12217);
#12217 = CARTESIAN_POINT('',(2.72360679775,6.8,-1.6));
#12218 = LINE('',#12219,#12220);
#12219 = CARTESIAN_POINT('',(3.25,6.8,-1.6));
#12220 = VECTOR('',#12221,1.);
#12221 = DIRECTION('',(-1.,0.,0.));
#12222 = ORIENTED_EDGE('',*,*,#12223,.T.);
#12223 = EDGE_CURVE('',#12216,#12224,#12226,.T.);
#12224 = VERTEX_POINT('',#12225);
#12225 = CARTESIAN_POINT('',(2.72360679775,5.5,-1.6));
#12226 = LINE('',#12227,#12228);
#12227 = CARTESIAN_POINT('',(2.72360679775,6.8,-1.6));
#12228 = VECTOR('',#12229,1.);
#12229 = DIRECTION('',(0.,-1.,-1.7E-16));
#12230 = ORIENTED_EDGE('',*,*,#12231,.F.);
#12231 = EDGE_CURVE('',#12232,#12224,#12234,.T.);
#12232 = VERTEX_POINT('',#12233);
#12233 = CARTESIAN_POINT('',(3.25,5.5,-1.6));
#12234 = LINE('',#12235,#12236);
#12235 = CARTESIAN_POINT('',(3.25,5.5,-1.6));
#12236 = VECTOR('',#12237,1.);
#12237 = DIRECTION('',(-1.,0.,0.));
#12238 = ORIENTED_EDGE('',*,*,#12239,.F.);
#12239 = EDGE_CURVE('',#12240,#12232,#12242,.T.);
#12240 = VERTEX_POINT('',#12241);
#12241 = CARTESIAN_POINT('',(3.25,6.,-1.6));
#12242 = LINE('',#12243,#12244);
#12243 = CARTESIAN_POINT('',(3.25,6.,-1.6));
#12244 = VECTOR('',#12245,1.);
#12245 = DIRECTION('',(0.,-1.,-4.4E-16));
#12246 = ORIENTED_EDGE('',*,*,#12247,.T.);
#12247 = EDGE_CURVE('',#12240,#12248,#12250,.T.);
#12248 = VERTEX_POINT('',#12249);
#12249 = CARTESIAN_POINT('',(4.35,6.,-1.6));
#12250 = LINE('',#12251,#12252);
#12251 = CARTESIAN_POINT('',(3.25,6.,-1.6));
#12252 = VECTOR('',#12253,1.);
#12253 = DIRECTION('',(1.,0.,0.));
#12254 = ORIENTED_EDGE('',*,*,#12255,.T.);
#12255 = EDGE_CURVE('',#12248,#12256,#12258,.T.);
#12256 = VERTEX_POINT('',#12257);
#12257 = CARTESIAN_POINT('',(4.35,6.2,-1.6));
#12258 = LINE('',#12259,#12260);
#12259 = CARTESIAN_POINT('',(4.35,6.,-1.6));
#12260 = VECTOR('',#12261,1.);
#12261 = DIRECTION('',(0.,1.,0.));
#12262 = ORIENTED_EDGE('',*,*,#12263,.T.);
#12263 = EDGE_CURVE('',#12256,#12264,#12266,.T.);
#12264 = VERTEX_POINT('',#12265);
#12265 = CARTESIAN_POINT('',(3.45,6.2,-1.6));
#12266 = LINE('',#12267,#12268);
#12267 = CARTESIAN_POINT('',(4.35,6.2,-1.6));
#12268 = VECTOR('',#12269,1.);
#12269 = DIRECTION('',(-1.,9.9E-16,0.));
#12270 = ORIENTED_EDGE('',*,*,#12271,.T.);
#12271 = EDGE_CURVE('',#12264,#12272,#12274,.T.);
#12272 = VERTEX_POINT('',#12273);
#12273 = CARTESIAN_POINT('',(3.25,6.2,-1.6));
#12274 = CIRCLE('',#12275,0.1);
#12275 = AXIS2_PLACEMENT_3D('',#12276,#12277,#12278);
#12276 = CARTESIAN_POINT('',(3.35,6.2,-1.6));
#12277 = DIRECTION('',(-1.2E-16,1.2E-16,-1.));
#12278 = DIRECTION('',(1.,0.,-1.2E-16));
#12279 = ORIENTED_EDGE('',*,*,#12280,.F.);
#12280 = EDGE_CURVE('',#12214,#12272,#12281,.T.);
#12281 = LINE('',#12282,#12283);
#12282 = CARTESIAN_POINT('',(3.25,6.8,-1.6));
#12283 = VECTOR('',#12284,1.);
#12284 = DIRECTION('',(0.,-1.,0.));
#12285 = PLANE('',#12286);
#12286 = AXIS2_PLACEMENT_3D('',#12287,#12288,#12289);
#12287 = CARTESIAN_POINT('',(3.25,6.8,-1.6));
#12288 = DIRECTION('',(1.2E-16,-1.2E-16,1.));
#12289 = DIRECTION('',(-1.,0.,1.2E-16));
#12290 = ADVANCED_FACE('',(#12291),#12318,.T.);
#12291 = FACE_BOUND('',#12292,.T.);
#12292 = EDGE_LOOP('',(#12293,#12303,#12310,#12311));
#12293 = ORIENTED_EDGE('',*,*,#12294,.T.);
#12294 = EDGE_CURVE('',#12295,#12297,#12299,.T.);
#12295 = VERTEX_POINT('',#12296);
#12296 = CARTESIAN_POINT('',(3.25,7.1,-1.9));
#12297 = VERTEX_POINT('',#12298);
#12298 = CARTESIAN_POINT('',(2.72360679775,7.1,-1.9));
#12299 = LINE('',#12300,#12301);
#12300 = CARTESIAN_POINT('',(3.25,7.1,-1.9));
#12301 = VECTOR('',#12302,1.);
#12302 = DIRECTION('',(-1.,0.,0.));
#12303 = ORIENTED_EDGE('',*,*,#12304,.T.);
#12304 = EDGE_CURVE('',#12297,#12216,#12305,.T.);
#12305 = CIRCLE('',#12306,0.3);
#12306 = AXIS2_PLACEMENT_3D('',#12307,#12308,#12309);
#12307 = CARTESIAN_POINT('',(2.72360679775,6.8,-1.9));
#12308 = DIRECTION('',(1.,0.,-6.E-17));
#12309 = DIRECTION('',(-2.22E-31,1.,-3.7E-15));
#12310 = ORIENTED_EDGE('',*,*,#12213,.F.);
#12311 = ORIENTED_EDGE('',*,*,#12312,.F.);
#12312 = EDGE_CURVE('',#12295,#12214,#12313,.T.);
#12313 = CIRCLE('',#12314,0.3);
#12314 = AXIS2_PLACEMENT_3D('',#12315,#12316,#12317);
#12315 = CARTESIAN_POINT('',(3.25,6.8,-1.9));
#12316 = DIRECTION('',(1.,0.,9.4E-16));
#12317 = DIRECTION('',(3.478E-30,1.,-3.7E-15));
#12318 = CYLINDRICAL_SURFACE('',#12319,0.3);
#12319 = AXIS2_PLACEMENT_3D('',#12320,#12321,#12322);
#12320 = CARTESIAN_POINT('',(2.72360679775,6.8,-1.9));
#12321 = DIRECTION('',(1.,-0.,-6.E-17));
#12322 = DIRECTION('',(-2.148E-31,1.,-3.58E-15));
#12323 = ADVANCED_FACE('',(#12324),#12351,.T.);
#12324 = FACE_BOUND('',#12325,.T.);
#12325 = EDGE_LOOP('',(#12326,#12335,#12343,#12350));
#12326 = ORIENTED_EDGE('',*,*,#12327,.T.);
#12327 = EDGE_CURVE('',#12216,#12328,#12330,.T.);
#12328 = VERTEX_POINT('',#12329);
#12329 = CARTESIAN_POINT('',(2.27639320225,6.8,-1.6));
#12330 = CIRCLE('',#12331,0.3);
#12331 = AXIS2_PLACEMENT_3D('',#12332,#12333,#12334);
#12332 = CARTESIAN_POINT('',(2.5,6.8,-1.8));
#12333 = DIRECTION('',(7.88860905221E-31,-1.,1.326E-14));
#12334 = DIRECTION('',(0.7453559925,8.84E-15,0.666666666667));
#12335 = ORIENTED_EDGE('',*,*,#12336,.T.);
#12336 = EDGE_CURVE('',#12328,#12337,#12339,.T.);
#12337 = VERTEX_POINT('',#12338);
#12338 = CARTESIAN_POINT('',(2.27639320225,5.5,-1.6));
#12339 = LINE('',#12340,#12341);
#12340 = CARTESIAN_POINT('',(2.27639320225,6.8,-1.6));
#12341 = VECTOR('',#12342,1.);
#12342 = DIRECTION('',(-1.71E-15,-1.,-1.7E-16));
#12343 = ORIENTED_EDGE('',*,*,#12344,.F.);
#12344 = EDGE_CURVE('',#12224,#12337,#12345,.T.);
#12345 = CIRCLE('',#12346,0.3);
#12346 = AXIS2_PLACEMENT_3D('',#12347,#12348,#12349);
#12347 = CARTESIAN_POINT('',(2.5,5.5,-1.8));
#12348 = DIRECTION('',(-2.3E-16,-1.,-6.E-17));
#12349 = DIRECTION('',(0.7453559925,-2.11431878275E-16,0.666666666667));
#12350 = ORIENTED_EDGE('',*,*,#12223,.F.);
#12351 = CYLINDRICAL_SURFACE('',#12352,0.3);
#12352 = AXIS2_PLACEMENT_3D('',#12353,#12354,#12355);
#12353 = CARTESIAN_POINT('',(2.5,6.8,-1.8));
#12354 = DIRECTION('',(-0.,-1.,-1.2E-16));
#12355 = DIRECTION('',(0.7453559925,-8.E-17,0.666666666667));
#12356 = ADVANCED_FACE('',(#12357),#12408,.T.);
#12357 = FACE_BOUND('',#12358,.T.);
#12358 = EDGE_LOOP('',(#12359,#12369,#12377,#12386,#12394,#12400,#12401,
    #12402));
#12359 = ORIENTED_EDGE('',*,*,#12360,.T.);
#12360 = EDGE_CURVE('',#12361,#12363,#12365,.T.);
#12361 = VERTEX_POINT('',#12362);
#12362 = CARTESIAN_POINT('',(1.75,5.5,-1.6));
#12363 = VERTEX_POINT('',#12364);
#12364 = CARTESIAN_POINT('',(1.75,5.5,-1.8));
#12365 = LINE('',#12366,#12367);
#12366 = CARTESIAN_POINT('',(1.75,5.5,-1.6));
#12367 = VECTOR('',#12368,1.);
#12368 = DIRECTION('',(-2.22E-15,0.,-1.));
#12369 = ORIENTED_EDGE('',*,*,#12370,.T.);
#12370 = EDGE_CURVE('',#12363,#12371,#12373,.T.);
#12371 = VERTEX_POINT('',#12372);
#12372 = CARTESIAN_POINT('',(2.4,5.5,-1.8));
#12373 = LINE('',#12374,#12375);
#12374 = CARTESIAN_POINT('',(1.75,5.5,-1.8));
#12375 = VECTOR('',#12376,1.);
#12376 = DIRECTION('',(1.,-1.37E-15,0.));
#12377 = ORIENTED_EDGE('',*,*,#12378,.T.);
#12378 = EDGE_CURVE('',#12371,#12379,#12381,.T.);
#12379 = VERTEX_POINT('',#12380);
#12380 = CARTESIAN_POINT('',(2.6,5.5,-1.8));
#12381 = CIRCLE('',#12382,0.1);
#12382 = AXIS2_PLACEMENT_3D('',#12383,#12384,#12385);
#12383 = CARTESIAN_POINT('',(2.5,5.5,-1.8));
#12384 = DIRECTION('',(2.3E-16,1.,6.E-17));
#12385 = DIRECTION('',(-1.,2.3E-16,0.));
#12386 = ORIENTED_EDGE('',*,*,#12387,.T.);
#12387 = EDGE_CURVE('',#12379,#12388,#12390,.T.);
#12388 = VERTEX_POINT('',#12389);
#12389 = CARTESIAN_POINT('',(3.25,5.5,-1.8));
#12390 = LINE('',#12391,#12392);
#12391 = CARTESIAN_POINT('',(2.6,5.5,-1.8));
#12392 = VECTOR('',#12393,1.);
#12393 = DIRECTION('',(1.,0.,0.));
#12394 = ORIENTED_EDGE('',*,*,#12395,.T.);
#12395 = EDGE_CURVE('',#12388,#12232,#12396,.T.);
#12396 = LINE('',#12397,#12398);
#12397 = CARTESIAN_POINT('',(3.25,5.5,-1.8));
#12398 = VECTOR('',#12399,1.);
#12399 = DIRECTION('',(0.,0.,1.));
#12400 = ORIENTED_EDGE('',*,*,#12231,.T.);
#12401 = ORIENTED_EDGE('',*,*,#12344,.T.);
#12402 = ORIENTED_EDGE('',*,*,#12403,.T.);
#12403 = EDGE_CURVE('',#12337,#12361,#12404,.T.);
#12404 = LINE('',#12405,#12406);
#12405 = CARTESIAN_POINT('',(2.27639320225,5.5,-1.6));
#12406 = VECTOR('',#12407,1.);
#12407 = DIRECTION('',(-1.,3.37E-15,0.));
#12408 = PLANE('',#12409);
#12409 = AXIS2_PLACEMENT_3D('',#12410,#12411,#12412);
#12410 = CARTESIAN_POINT('',(-1.24E-15,5.5,-9.2));
#12411 = DIRECTION('',(-2.3E-16,-1.,-6.E-17));
#12412 = DIRECTION('',(-1.,2.3E-16,1.2E-16));
#12413 = ADVANCED_FACE('',(#12414),#12432,.T.);
#12414 = FACE_BOUND('',#12415,.T.);
#12415 = EDGE_LOOP('',(#12416,#12424,#12425,#12426));
#12416 = ORIENTED_EDGE('',*,*,#12417,.F.);
#12417 = EDGE_CURVE('',#12240,#12418,#12420,.T.);
#12418 = VERTEX_POINT('',#12419);
#12419 = CARTESIAN_POINT('',(3.25,6.,-1.8));
#12420 = LINE('',#12421,#12422);
#12421 = CARTESIAN_POINT('',(3.25,6.,-1.6));
#12422 = VECTOR('',#12423,1.);
#12423 = DIRECTION('',(0.,0.,-1.));
#12424 = ORIENTED_EDGE('',*,*,#12239,.T.);
#12425 = ORIENTED_EDGE('',*,*,#12395,.F.);
#12426 = ORIENTED_EDGE('',*,*,#12427,.F.);
#12427 = EDGE_CURVE('',#12418,#12388,#12428,.T.);
#12428 = LINE('',#12429,#12430);
#12429 = CARTESIAN_POINT('',(3.25,6.,-1.8));
#12430 = VECTOR('',#12431,1.);
#12431 = DIRECTION('',(0.,-1.,-4.4E-16));
#12432 = PLANE('',#12433);
#12433 = AXIS2_PLACEMENT_3D('',#12434,#12435,#12436);
#12434 = CARTESIAN_POINT('',(3.25,6.9,-2.1));
#12435 = DIRECTION('',(1.,-0.,9.4E-16));
#12436 = DIRECTION('',(9.4E-16,1.2E-16,-1.));
#12437 = ADVANCED_FACE('',(#12438),#12456,.T.);
#12438 = FACE_BOUND('',#12439,.T.);
#12439 = EDGE_LOOP('',(#12440,#12441,#12449,#12455));
#12440 = ORIENTED_EDGE('',*,*,#12417,.T.);
#12441 = ORIENTED_EDGE('',*,*,#12442,.T.);
#12442 = EDGE_CURVE('',#12418,#12443,#12445,.T.);
#12443 = VERTEX_POINT('',#12444);
#12444 = CARTESIAN_POINT('',(4.35,6.,-1.8));
#12445 = LINE('',#12446,#12447);
#12446 = CARTESIAN_POINT('',(3.25,6.,-1.8));
#12447 = VECTOR('',#12448,1.);
#12448 = DIRECTION('',(1.,0.,0.));
#12449 = ORIENTED_EDGE('',*,*,#12450,.T.);
#12450 = EDGE_CURVE('',#12443,#12248,#12451,.T.);
#12451 = LINE('',#12452,#12453);
#12452 = CARTESIAN_POINT('',(4.35,6.,-1.8));
#12453 = VECTOR('',#12454,1.);
#12454 = DIRECTION('',(0.,0.,1.));
#12455 = ORIENTED_EDGE('',*,*,#12247,.F.);
#12456 = PLANE('',#12457);
#12457 = AXIS2_PLACEMENT_3D('',#12458,#12459,#12460);
#12458 = CARTESIAN_POINT('',(3.25,6.,-1.8));
#12459 = DIRECTION('',(0.,-1.,0.));
#12460 = DIRECTION('',(1.,0.,0.));
#12461 = ADVANCED_FACE('',(#12462),#12480,.T.);
#12462 = FACE_BOUND('',#12463,.T.);
#12463 = EDGE_LOOP('',(#12464,#12472,#12478,#12479));
#12464 = ORIENTED_EDGE('',*,*,#12465,.T.);
#12465 = EDGE_CURVE('',#12443,#12466,#12468,.T.);
#12466 = VERTEX_POINT('',#12467);
#12467 = CARTESIAN_POINT('',(4.35,6.2,-1.8));
#12468 = LINE('',#12469,#12470);
#12469 = CARTESIAN_POINT('',(4.35,6.,-1.8));
#12470 = VECTOR('',#12471,1.);
#12471 = DIRECTION('',(0.,1.,0.));
#12472 = ORIENTED_EDGE('',*,*,#12473,.T.);
#12473 = EDGE_CURVE('',#12466,#12256,#12474,.T.);
#12474 = LINE('',#12475,#12476);
#12475 = CARTESIAN_POINT('',(4.35,6.2,-1.8));
#12476 = VECTOR('',#12477,1.);
#12477 = DIRECTION('',(0.,0.,1.));
#12478 = ORIENTED_EDGE('',*,*,#12255,.F.);
#12479 = ORIENTED_EDGE('',*,*,#12450,.F.);
#12480 = PLANE('',#12481);
#12481 = AXIS2_PLACEMENT_3D('',#12482,#12483,#12484);
#12482 = CARTESIAN_POINT('',(4.35,6.,-1.8));
#12483 = DIRECTION('',(1.,0.,0.));
#12484 = DIRECTION('',(-0.,1.,0.));
#12485 = ADVANCED_FACE('',(#12486),#12504,.T.);
#12486 = FACE_BOUND('',#12487,.T.);
#12487 = EDGE_LOOP('',(#12488,#12496,#12502,#12503));
#12488 = ORIENTED_EDGE('',*,*,#12489,.T.);
#12489 = EDGE_CURVE('',#12466,#12490,#12492,.T.);
#12490 = VERTEX_POINT('',#12491);
#12491 = CARTESIAN_POINT('',(3.45,6.2,-1.8));
#12492 = LINE('',#12493,#12494);
#12493 = CARTESIAN_POINT('',(4.35,6.2,-1.8));
#12494 = VECTOR('',#12495,1.);
#12495 = DIRECTION('',(-1.,9.9E-16,0.));
#12496 = ORIENTED_EDGE('',*,*,#12497,.T.);
#12497 = EDGE_CURVE('',#12490,#12264,#12498,.T.);
#12498 = LINE('',#12499,#12500);
#12499 = CARTESIAN_POINT('',(3.45,6.2,-1.8));
#12500 = VECTOR('',#12501,1.);
#12501 = DIRECTION('',(0.,0.,1.));
#12502 = ORIENTED_EDGE('',*,*,#12263,.F.);
#12503 = ORIENTED_EDGE('',*,*,#12473,.F.);
#12504 = PLANE('',#12505);
#12505 = AXIS2_PLACEMENT_3D('',#12506,#12507,#12508);
#12506 = CARTESIAN_POINT('',(4.35,6.2,-1.8));
#12507 = DIRECTION('',(9.9E-16,1.,-0.));
#12508 = DIRECTION('',(-1.,9.9E-16,0.));
#12509 = ADVANCED_FACE('',(#12510),#12529,.F.);
#12510 = FACE_BOUND('',#12511,.F.);
#12511 = EDGE_LOOP('',(#12512,#12521,#12522,#12523));
#12512 = ORIENTED_EDGE('',*,*,#12513,.F.);
#12513 = EDGE_CURVE('',#12490,#12514,#12516,.T.);
#12514 = VERTEX_POINT('',#12515);
#12515 = CARTESIAN_POINT('',(3.25,6.2,-1.8));
#12516 = CIRCLE('',#12517,0.1);
#12517 = AXIS2_PLACEMENT_3D('',#12518,#12519,#12520);
#12518 = CARTESIAN_POINT('',(3.35,6.2,-1.8));
#12519 = DIRECTION('',(-1.2E-16,1.2E-16,-1.));
#12520 = DIRECTION('',(1.,0.,-1.2E-16));
#12521 = ORIENTED_EDGE('',*,*,#12497,.T.);
#12522 = ORIENTED_EDGE('',*,*,#12271,.T.);
#12523 = ORIENTED_EDGE('',*,*,#12524,.F.);
#12524 = EDGE_CURVE('',#12514,#12272,#12525,.T.);
#12525 = LINE('',#12526,#12527);
#12526 = CARTESIAN_POINT('',(3.25,6.2,-1.8));
#12527 = VECTOR('',#12528,1.);
#12528 = DIRECTION('',(0.,0.,1.));
#12529 = CYLINDRICAL_SURFACE('',#12530,0.1);
#12530 = AXIS2_PLACEMENT_3D('',#12531,#12532,#12533);
#12531 = CARTESIAN_POINT('',(3.35,6.2,-1.8));
#12532 = DIRECTION('',(-0.,-0.,-1.));
#12533 = DIRECTION('',(1.,0.,0.));
#12534 = ADVANCED_FACE('',(#12535),#12579,.T.);
#12535 = FACE_BOUND('',#12536,.T.);
#12536 = EDGE_LOOP('',(#12537,#12538,#12546,#12555,#12563,#12571,#12577,
    #12578));
#12537 = ORIENTED_EDGE('',*,*,#12524,.F.);
#12538 = ORIENTED_EDGE('',*,*,#12539,.F.);
#12539 = EDGE_CURVE('',#12540,#12514,#12542,.T.);
#12540 = VERTEX_POINT('',#12541);
#12541 = CARTESIAN_POINT('',(3.25,6.8,-1.8));
#12542 = LINE('',#12543,#12544);
#12543 = CARTESIAN_POINT('',(3.25,6.8,-1.8));
#12544 = VECTOR('',#12545,1.);
#12545 = DIRECTION('',(0.,-1.,0.));
#12546 = ORIENTED_EDGE('',*,*,#12547,.F.);
#12547 = EDGE_CURVE('',#12548,#12540,#12550,.T.);
#12548 = VERTEX_POINT('',#12549);
#12549 = CARTESIAN_POINT('',(3.25,6.9,-1.9));
#12550 = CIRCLE('',#12551,0.1);
#12551 = AXIS2_PLACEMENT_3D('',#12552,#12553,#12554);
#12552 = CARTESIAN_POINT('',(3.25,6.8,-1.9));
#12553 = DIRECTION('',(1.,0.,9.4E-16));
#12554 = DIRECTION('',(4.1736E-30,1.,-4.44E-15));
#12555 = ORIENTED_EDGE('',*,*,#12556,.T.);
#12556 = EDGE_CURVE('',#12548,#12557,#12559,.T.);
#12557 = VERTEX_POINT('',#12558);
#12558 = CARTESIAN_POINT('',(3.25,6.9,-2.519615242271));
#12559 = LINE('',#12560,#12561);
#12560 = CARTESIAN_POINT('',(3.25,6.9,-1.9));
#12561 = VECTOR('',#12562,1.);
#12562 = DIRECTION('',(7.2E-16,0.,-1.));
#12563 = ORIENTED_EDGE('',*,*,#12564,.T.);
#12564 = EDGE_CURVE('',#12557,#12565,#12567,.T.);
#12565 = VERTEX_POINT('',#12566);
#12566 = CARTESIAN_POINT('',(3.25,7.1,-2.519615242271));
#12567 = LINE('',#12568,#12569);
#12568 = CARTESIAN_POINT('',(3.25,6.9,-2.519615242271));
#12569 = VECTOR('',#12570,1.);
#12570 = DIRECTION('',(0.,1.,0.));
#12571 = ORIENTED_EDGE('',*,*,#12572,.F.);
#12572 = EDGE_CURVE('',#12295,#12565,#12573,.T.);
#12573 = LINE('',#12574,#12575);
#12574 = CARTESIAN_POINT('',(3.25,7.1,-1.9));
#12575 = VECTOR('',#12576,1.);
#12576 = DIRECTION('',(7.2E-16,0.,-1.));
#12577 = ORIENTED_EDGE('',*,*,#12312,.T.);
#12578 = ORIENTED_EDGE('',*,*,#12280,.T.);
#12579 = PLANE('',#12580);
#12580 = AXIS2_PLACEMENT_3D('',#12581,#12582,#12583);
#12581 = CARTESIAN_POINT('',(3.25,6.9,-2.1));
#12582 = DIRECTION('',(1.,-0.,9.4E-16));
#12583 = DIRECTION('',(9.4E-16,1.2E-16,-1.));
#12584 = ADVANCED_FACE('',(#12585),#12684,.T.);
#12585 = FACE_BOUND('',#12586,.T.);
#12586 = EDGE_LOOP('',(#12587,#12595,#12596,#12597,#12605,#12613,#12621,
    #12629,#12637,#12645,#12653,#12661,#12669,#12677));
#12587 = ORIENTED_EDGE('',*,*,#12588,.T.);
#12588 = EDGE_CURVE('',#12589,#12297,#12591,.T.);
#12589 = VERTEX_POINT('',#12590);
#12590 = CARTESIAN_POINT('',(2.72360679775,7.1,-5.728423233502));
#12591 = LINE('',#12592,#12593);
#12592 = CARTESIAN_POINT('',(2.72360679775,7.1,-5.728423233502));
#12593 = VECTOR('',#12594,1.);
#12594 = DIRECTION('',(3.5E-16,0.,1.));
#12595 = ORIENTED_EDGE('',*,*,#12294,.F.);
#12596 = ORIENTED_EDGE('',*,*,#12572,.T.);
#12597 = ORIENTED_EDGE('',*,*,#12598,.T.);
#12598 = EDGE_CURVE('',#12565,#12599,#12601,.T.);
#12599 = VERTEX_POINT('',#12600);
#12600 = CARTESIAN_POINT('',(2.95,7.1,-2.6));
#12601 = LINE('',#12602,#12603);
#12602 = CARTESIAN_POINT('',(3.25,7.1,-2.519615242271));
#12603 = VECTOR('',#12604,1.);
#12604 = DIRECTION('',(-0.965925826289,0.,-0.258819045103));
#12605 = ORIENTED_EDGE('',*,*,#12606,.T.);
#12606 = EDGE_CURVE('',#12599,#12607,#12609,.T.);
#12607 = VERTEX_POINT('',#12608);
#12608 = CARTESIAN_POINT('',(2.95,7.1,-5.728423233502));
#12609 = LINE('',#12610,#12611);
#12610 = CARTESIAN_POINT('',(2.95,7.1,-2.6));
#12611 = VECTOR('',#12612,1.);
#12612 = DIRECTION('',(-2.8E-16,0.,-1.));
#12613 = ORIENTED_EDGE('',*,*,#12614,.T.);
#12614 = EDGE_CURVE('',#12607,#12615,#12617,.T.);
#12615 = VERTEX_POINT('',#12616);
#12616 = CARTESIAN_POINT('',(2.62,7.1,-6.3));
#12617 = LINE('',#12618,#12619);
#12618 = CARTESIAN_POINT('',(2.95,7.1,-5.728423233502));
#12619 = VECTOR('',#12620,1.);
#12620 = DIRECTION('',(-0.5,0.,-0.866025403784));
#12621 = ORIENTED_EDGE('',*,*,#12622,.T.);
#12622 = EDGE_CURVE('',#12615,#12623,#12625,.T.);
#12623 = VERTEX_POINT('',#12624);
#12624 = CARTESIAN_POINT('',(2.38,7.1,-6.3));
#12625 = LINE('',#12626,#12627);
#12626 = CARTESIAN_POINT('',(2.62,7.1,-6.3));
#12627 = VECTOR('',#12628,1.);
#12628 = DIRECTION('',(-1.,0.,0.));
#12629 = ORIENTED_EDGE('',*,*,#12630,.T.);
#12630 = EDGE_CURVE('',#12623,#12631,#12633,.T.);
#12631 = VERTEX_POINT('',#12632);
#12632 = CARTESIAN_POINT('',(2.05,7.1,-5.728423233502));
#12633 = LINE('',#12634,#12635);
#12634 = CARTESIAN_POINT('',(2.38,7.1,-6.3));
#12635 = VECTOR('',#12636,1.);
#12636 = DIRECTION('',(-0.5,0.,0.866025403784));
#12637 = ORIENTED_EDGE('',*,*,#12638,.T.);
#12638 = EDGE_CURVE('',#12631,#12639,#12641,.T.);
#12639 = VERTEX_POINT('',#12640);
#12640 = CARTESIAN_POINT('',(2.05,7.1,-2.6));
#12641 = LINE('',#12642,#12643);
#12642 = CARTESIAN_POINT('',(2.05,7.1,-5.728423233502));
#12643 = VECTOR('',#12644,1.);
#12644 = DIRECTION('',(1.4E-16,0.,1.));
#12645 = ORIENTED_EDGE('',*,*,#12646,.T.);
#12646 = EDGE_CURVE('',#12639,#12647,#12649,.T.);
#12647 = VERTEX_POINT('',#12648);
#12648 = CARTESIAN_POINT('',(1.75,7.1,-2.519615242271));
#12649 = LINE('',#12650,#12651);
#12650 = CARTESIAN_POINT('',(2.05,7.1,-2.6));
#12651 = VECTOR('',#12652,1.);
#12652 = DIRECTION('',(-0.965925826289,0.,0.258819045103));
#12653 = ORIENTED_EDGE('',*,*,#12654,.T.);
#12654 = EDGE_CURVE('',#12647,#12655,#12657,.T.);
#12655 = VERTEX_POINT('',#12656);
#12656 = CARTESIAN_POINT('',(1.75,7.1,-1.9));
#12657 = LINE('',#12658,#12659);
#12658 = CARTESIAN_POINT('',(1.75,7.1,-2.519615242271));
#12659 = VECTOR('',#12660,1.);
#12660 = DIRECTION('',(2.87E-15,0.,1.));
#12661 = ORIENTED_EDGE('',*,*,#12662,.F.);
#12662 = EDGE_CURVE('',#12663,#12655,#12665,.T.);
#12663 = VERTEX_POINT('',#12664);
#12664 = CARTESIAN_POINT('',(2.27639320225,7.1,-1.9));
#12665 = LINE('',#12666,#12667);
#12666 = CARTESIAN_POINT('',(2.27639320225,7.1,-1.9));
#12667 = VECTOR('',#12668,1.);
#12668 = DIRECTION('',(-1.,0.,-4.2E-16));
#12669 = ORIENTED_EDGE('',*,*,#12670,.F.);
#12670 = EDGE_CURVE('',#12671,#12663,#12673,.T.);
#12671 = VERTEX_POINT('',#12672);
#12672 = CARTESIAN_POINT('',(2.27639320225,7.1,-5.728423233502));
#12673 = LINE('',#12674,#12675);
#12674 = CARTESIAN_POINT('',(2.27639320225,7.1,-5.728423233502));
#12675 = VECTOR('',#12676,1.);
#12676 = DIRECTION('',(1.2E-16,0.,1.));
#12677 = ORIENTED_EDGE('',*,*,#12678,.F.);
#12678 = EDGE_CURVE('',#12589,#12671,#12679,.T.);
#12679 = CIRCLE('',#12680,0.22360679775);
#12680 = AXIS2_PLACEMENT_3D('',#12681,#12682,#12683);
#12681 = CARTESIAN_POINT('',(2.5,7.1,-5.728423233502));
#12682 = DIRECTION('',(-1.2E-16,1.,6.E-17));
#12683 = DIRECTION('',(1.,1.2E-16,0.));
#12684 = PLANE('',#12685);
#12685 = AXIS2_PLACEMENT_3D('',#12686,#12687,#12688);
#12686 = CARTESIAN_POINT('',(-2.E-17,7.1,4.7E-16));
#12687 = DIRECTION('',(-1.2E-16,1.,6.E-17));
#12688 = DIRECTION('',(-1.,-1.2E-16,2.4E-16));
#12689 = ADVANCED_FACE('',(#12690),#12708,.T.);
#12690 = FACE_BOUND('',#12691,.T.);
#12691 = EDGE_LOOP('',(#12692,#12699,#12706,#12707));
#12692 = ORIENTED_EDGE('',*,*,#12693,.T.);
#12693 = EDGE_CURVE('',#12297,#12663,#12694,.T.);
#12694 = CIRCLE('',#12695,0.3);
#12695 = AXIS2_PLACEMENT_3D('',#12696,#12697,#12698);
#12696 = CARTESIAN_POINT('',(2.5,6.9,-1.9));
#12697 = DIRECTION('',(1.2E-16,-1.2E-16,1.));
#12698 = DIRECTION('',(0.7453559925,0.666666666667,-9.442719099992E-18)
  );
#12699 = ORIENTED_EDGE('',*,*,#12700,.T.);
#12700 = EDGE_CURVE('',#12663,#12328,#12701,.T.);
#12701 = CIRCLE('',#12702,0.3);
#12702 = AXIS2_PLACEMENT_3D('',#12703,#12704,#12705);
#12703 = CARTESIAN_POINT('',(2.27639320225,6.8,-1.9));
#12704 = DIRECTION('',(1.,0.,-6.E-17));
#12705 = DIRECTION('',(-7.992E-31,1.,-1.332E-14));
#12706 = ORIENTED_EDGE('',*,*,#12327,.F.);
#12707 = ORIENTED_EDGE('',*,*,#12304,.F.);
#12708 = SURFACE_OF_REVOLUTION('',#12709,#12717);
#12709 = B_SPLINE_CURVE_WITH_KNOTS('',6,(#12710,#12711,#12712,#12713,
    #12714,#12715,#12716),.UNSPECIFIED.,.F.,.F.,(7,7),(5.442116636612,
    7.124253977748),.PIECEWISE_BEZIER_KNOTS.);
#12710 = CARTESIAN_POINT('',(2.27639320225,7.1,-1.9));
#12711 = CARTESIAN_POINT('',(2.332464446955,7.162689557371,-1.9));
#12712 = CARTESIAN_POINT('',(2.409612090761,7.206514016705,-1.9));
#12713 = CARTESIAN_POINT('',(2.5,7.222615150643,-1.9));
#12714 = CARTESIAN_POINT('',(2.590387909239,7.206514016705,-1.9));
#12715 = CARTESIAN_POINT('',(2.667535553045,7.162689557371,-1.9));
#12716 = CARTESIAN_POINT('',(2.72360679775,7.1,-1.9));
#12717 = AXIS1_PLACEMENT('',#12718,#12719);
#12718 = CARTESIAN_POINT('',(2.5,6.8,-1.9));
#12719 = DIRECTION('',(1.,-0.,-6.E-17));
#12720 = ADVANCED_FACE('',(#12721),#12739,.T.);
#12721 = FACE_BOUND('',#12722,.T.);
#12722 = EDGE_LOOP('',(#12723,#12731,#12737,#12738));
#12723 = ORIENTED_EDGE('',*,*,#12724,.T.);
#12724 = EDGE_CURVE('',#12328,#12725,#12727,.T.);
#12725 = VERTEX_POINT('',#12726);
#12726 = CARTESIAN_POINT('',(1.75,6.8,-1.6));
#12727 = LINE('',#12728,#12729);
#12728 = CARTESIAN_POINT('',(2.27639320225,6.8,-1.6));
#12729 = VECTOR('',#12730,1.);
#12730 = DIRECTION('',(-1.,3.37E-15,0.));
#12731 = ORIENTED_EDGE('',*,*,#12732,.T.);
#12732 = EDGE_CURVE('',#12725,#12361,#12733,.T.);
#12733 = LINE('',#12734,#12735);
#12734 = CARTESIAN_POINT('',(1.75,6.8,-1.6));
#12735 = VECTOR('',#12736,1.);
#12736 = DIRECTION('',(-1.71E-15,-1.,-1.7E-16));
#12737 = ORIENTED_EDGE('',*,*,#12403,.F.);
#12738 = ORIENTED_EDGE('',*,*,#12336,.F.);
#12739 = PLANE('',#12740);
#12740 = AXIS2_PLACEMENT_3D('',#12741,#12742,#12743);
#12741 = CARTESIAN_POINT('',(2.27639320225,6.8,-1.6));
#12742 = DIRECTION('',(1.2E-16,-1.2E-16,1.));
#12743 = DIRECTION('',(-1.,1.69E-15,1.2E-16));
#12744 = ADVANCED_FACE('',(#12745),#12788,.T.);
#12745 = FACE_BOUND('',#12746,.T.);
#12746 = EDGE_LOOP('',(#12747,#12757,#12766,#12772,#12773,#12774,#12781,
    #12782));
#12747 = ORIENTED_EDGE('',*,*,#12748,.T.);
#12748 = EDGE_CURVE('',#12749,#12751,#12753,.T.);
#12749 = VERTEX_POINT('',#12750);
#12750 = CARTESIAN_POINT('',(1.75,6.9,-2.519615242271));
#12751 = VERTEX_POINT('',#12752);
#12752 = CARTESIAN_POINT('',(1.75,6.9,-1.9));
#12753 = LINE('',#12754,#12755);
#12754 = CARTESIAN_POINT('',(1.75,6.9,-2.519615242271));
#12755 = VECTOR('',#12756,1.);
#12756 = DIRECTION('',(2.87E-15,0.,1.));
#12757 = ORIENTED_EDGE('',*,*,#12758,.T.);
#12758 = EDGE_CURVE('',#12751,#12759,#12761,.T.);
#12759 = VERTEX_POINT('',#12760);
#12760 = CARTESIAN_POINT('',(1.75,6.8,-1.8));
#12761 = CIRCLE('',#12762,0.1);
#12762 = AXIS2_PLACEMENT_3D('',#12763,#12764,#12765);
#12763 = CARTESIAN_POINT('',(1.75,6.8,-1.9));
#12764 = DIRECTION('',(1.,0.,-2.77E-15));
#12765 = DIRECTION('',(-1.22988E-29,1.,-4.44E-15));
#12766 = ORIENTED_EDGE('',*,*,#12767,.T.);
#12767 = EDGE_CURVE('',#12759,#12363,#12768,.T.);
#12768 = LINE('',#12769,#12770);
#12769 = CARTESIAN_POINT('',(1.75,6.8,-1.8));
#12770 = VECTOR('',#12771,1.);
#12771 = DIRECTION('',(0.,-1.,-1.7E-16));
#12772 = ORIENTED_EDGE('',*,*,#12360,.F.);
#12773 = ORIENTED_EDGE('',*,*,#12732,.F.);
#12774 = ORIENTED_EDGE('',*,*,#12775,.F.);
#12775 = EDGE_CURVE('',#12655,#12725,#12776,.T.);
#12776 = CIRCLE('',#12777,0.3);
#12777 = AXIS2_PLACEMENT_3D('',#12778,#12779,#12780);
#12778 = CARTESIAN_POINT('',(1.75,6.8,-1.9));
#12779 = DIRECTION('',(1.,0.,-2.77E-15));
#12780 = DIRECTION('',(-1.43486E-29,1.,-5.18E-15));
#12781 = ORIENTED_EDGE('',*,*,#12654,.F.);
#12782 = ORIENTED_EDGE('',*,*,#12783,.F.);
#12783 = EDGE_CURVE('',#12749,#12647,#12784,.T.);
#12784 = LINE('',#12785,#12786);
#12785 = CARTESIAN_POINT('',(1.75,6.9,-2.519615242271));
#12786 = VECTOR('',#12787,1.);
#12787 = DIRECTION('',(0.,1.,0.));
#12788 = PLANE('',#12789);
#12789 = AXIS2_PLACEMENT_3D('',#12790,#12791,#12792);
#12790 = CARTESIAN_POINT('',(1.75,6.9,-2.519615242271));
#12791 = DIRECTION('',(-1.,-0.,2.77E-15));
#12792 = DIRECTION('',(2.77E-15,-1.2E-16,1.));
#12793 = ADVANCED_FACE('',(#12794),#12812,.T.);
#12794 = FACE_BOUND('',#12795,.T.);
#12795 = EDGE_LOOP('',(#12796,#12804,#12810,#12811));
#12796 = ORIENTED_EDGE('',*,*,#12797,.T.);
#12797 = EDGE_CURVE('',#12759,#12798,#12800,.T.);
#12798 = VERTEX_POINT('',#12799);
#12799 = CARTESIAN_POINT('',(2.4,6.8,-1.8));
#12800 = LINE('',#12801,#12802);
#12801 = CARTESIAN_POINT('',(1.75,6.8,-1.8));
#12802 = VECTOR('',#12803,1.);
#12803 = DIRECTION('',(1.,-1.37E-15,0.));
#12804 = ORIENTED_EDGE('',*,*,#12805,.T.);
#12805 = EDGE_CURVE('',#12798,#12371,#12806,.T.);
#12806 = LINE('',#12807,#12808);
#12807 = CARTESIAN_POINT('',(2.4,6.8,-1.8));
#12808 = VECTOR('',#12809,1.);
#12809 = DIRECTION('',(0.,-1.,-1.7E-16));
#12810 = ORIENTED_EDGE('',*,*,#12370,.F.);
#12811 = ORIENTED_EDGE('',*,*,#12767,.F.);
#12812 = PLANE('',#12813);
#12813 = AXIS2_PLACEMENT_3D('',#12814,#12815,#12816);
#12814 = CARTESIAN_POINT('',(1.75,6.8,-1.8));
#12815 = DIRECTION('',(-1.2E-16,1.2E-16,-1.));
#12816 = DIRECTION('',(1.,-1.37E-15,-1.2E-16));
#12817 = ADVANCED_FACE('',(#12818),#12837,.F.);
#12818 = FACE_BOUND('',#12819,.F.);
#12819 = EDGE_LOOP('',(#12820,#12821,#12822,#12830));
#12820 = ORIENTED_EDGE('',*,*,#12805,.T.);
#12821 = ORIENTED_EDGE('',*,*,#12378,.T.);
#12822 = ORIENTED_EDGE('',*,*,#12823,.F.);
#12823 = EDGE_CURVE('',#12824,#12379,#12826,.T.);
#12824 = VERTEX_POINT('',#12825);
#12825 = CARTESIAN_POINT('',(2.6,6.8,-1.8));
#12826 = LINE('',#12827,#12828);
#12827 = CARTESIAN_POINT('',(2.6,6.8,-1.8));
#12828 = VECTOR('',#12829,1.);
#12829 = DIRECTION('',(0.,-1.,-1.7E-16));
#12830 = ORIENTED_EDGE('',*,*,#12831,.F.);
#12831 = EDGE_CURVE('',#12798,#12824,#12832,.T.);
#12832 = CIRCLE('',#12833,0.1);
#12833 = AXIS2_PLACEMENT_3D('',#12834,#12835,#12836);
#12834 = CARTESIAN_POINT('',(2.5,6.8,-1.8));
#12835 = DIRECTION('',(0.,1.,-1.326E-14));
#12836 = DIRECTION('',(-1.,1.5912E-30,1.2E-16));
#12837 = CYLINDRICAL_SURFACE('',#12838,0.1);
#12838 = AXIS2_PLACEMENT_3D('',#12839,#12840,#12841);
#12839 = CARTESIAN_POINT('',(2.5,6.8,-1.8));
#12840 = DIRECTION('',(0.,1.,1.2E-16));
#12841 = DIRECTION('',(-1.,-1.44E-32,1.2E-16));
#12842 = ADVANCED_FACE('',(#12843),#12859,.T.);
#12843 = FACE_BOUND('',#12844,.T.);
#12844 = EDGE_LOOP('',(#12845,#12851,#12852,#12853,#12854,#12855,#12856,
    #12857,#12858));
#12845 = ORIENTED_EDGE('',*,*,#12846,.T.);
#12846 = EDGE_CURVE('',#12824,#12540,#12847,.T.);
#12847 = LINE('',#12848,#12849);
#12848 = CARTESIAN_POINT('',(2.6,6.8,-1.8));
#12849 = VECTOR('',#12850,1.);
#12850 = DIRECTION('',(1.,0.,0.));
#12851 = ORIENTED_EDGE('',*,*,#12539,.T.);
#12852 = ORIENTED_EDGE('',*,*,#12513,.F.);
#12853 = ORIENTED_EDGE('',*,*,#12489,.F.);
#12854 = ORIENTED_EDGE('',*,*,#12465,.F.);
#12855 = ORIENTED_EDGE('',*,*,#12442,.F.);
#12856 = ORIENTED_EDGE('',*,*,#12427,.T.);
#12857 = ORIENTED_EDGE('',*,*,#12387,.F.);
#12858 = ORIENTED_EDGE('',*,*,#12823,.F.);
#12859 = PLANE('',#12860);
#12860 = AXIS2_PLACEMENT_3D('',#12861,#12862,#12863);
#12861 = CARTESIAN_POINT('',(2.6,6.8,-1.8));
#12862 = DIRECTION('',(-1.2E-16,1.2E-16,-1.));
#12863 = DIRECTION('',(1.,0.,-1.2E-16));
#12864 = ADVANCED_FACE('',(#12865),#12884,.F.);
#12865 = FACE_BOUND('',#12866,.F.);
#12866 = EDGE_LOOP('',(#12867,#12876,#12877,#12878));
#12867 = ORIENTED_EDGE('',*,*,#12868,.T.);
#12868 = EDGE_CURVE('',#12869,#12824,#12871,.T.);
#12869 = VERTEX_POINT('',#12870);
#12870 = CARTESIAN_POINT('',(2.6,6.9,-1.9));
#12871 = CIRCLE('',#12872,0.1);
#12872 = AXIS2_PLACEMENT_3D('',#12873,#12874,#12875);
#12873 = CARTESIAN_POINT('',(2.6,6.8,-1.9));
#12874 = DIRECTION('',(1.,0.,-6.E-17));
#12875 = DIRECTION('',(-7.992E-31,1.,-1.332E-14));
#12876 = ORIENTED_EDGE('',*,*,#12846,.T.);
#12877 = ORIENTED_EDGE('',*,*,#12547,.F.);
#12878 = ORIENTED_EDGE('',*,*,#12879,.F.);
#12879 = EDGE_CURVE('',#12869,#12548,#12880,.T.);
#12880 = LINE('',#12881,#12882);
#12881 = CARTESIAN_POINT('',(2.6,6.9,-1.9));
#12882 = VECTOR('',#12883,1.);
#12883 = DIRECTION('',(1.,0.,0.));
#12884 = CYLINDRICAL_SURFACE('',#12885,0.1);
#12885 = AXIS2_PLACEMENT_3D('',#12886,#12887,#12888);
#12886 = CARTESIAN_POINT('',(3.25,6.8,-1.9));
#12887 = DIRECTION('',(1.,-0.,-6.E-17));
#12888 = DIRECTION('',(-6.588E-31,1.,-1.098E-14));
#12889 = ADVANCED_FACE('',(#12890),#12980,.F.);
#12890 = FACE_BOUND('',#12891,.T.);
#12891 = EDGE_LOOP('',(#12892,#12900,#12909,#12917,#12923,#12924,#12932,
    #12940,#12948,#12956,#12964,#12972,#12978,#12979));
#12892 = ORIENTED_EDGE('',*,*,#12893,.F.);
#12893 = EDGE_CURVE('',#12894,#12869,#12896,.T.);
#12894 = VERTEX_POINT('',#12895);
#12895 = CARTESIAN_POINT('',(2.6,6.9,-5.728423233502));
#12896 = LINE('',#12897,#12898);
#12897 = CARTESIAN_POINT('',(2.6,6.9,-5.728423233502));
#12898 = VECTOR('',#12899,1.);
#12899 = DIRECTION('',(2.3E-16,0.,1.));
#12900 = ORIENTED_EDGE('',*,*,#12901,.T.);
#12901 = EDGE_CURVE('',#12894,#12902,#12904,.T.);
#12902 = VERTEX_POINT('',#12903);
#12903 = CARTESIAN_POINT('',(2.4,6.9,-5.728423233502));
#12904 = CIRCLE('',#12905,0.1);
#12905 = AXIS2_PLACEMENT_3D('',#12906,#12907,#12908);
#12906 = CARTESIAN_POINT('',(2.5,6.9,-5.728423233502));
#12907 = DIRECTION('',(-1.2E-16,1.,6.E-17));
#12908 = DIRECTION('',(1.,1.2E-16,0.));
#12909 = ORIENTED_EDGE('',*,*,#12910,.T.);
#12910 = EDGE_CURVE('',#12902,#12911,#12913,.T.);
#12911 = VERTEX_POINT('',#12912);
#12912 = CARTESIAN_POINT('',(2.4,6.9,-1.9));
#12913 = LINE('',#12914,#12915);
#12914 = CARTESIAN_POINT('',(2.4,6.9,-5.728423233502));
#12915 = VECTOR('',#12916,1.);
#12916 = DIRECTION('',(1.2E-16,0.,1.));
#12917 = ORIENTED_EDGE('',*,*,#12918,.F.);
#12918 = EDGE_CURVE('',#12751,#12911,#12919,.T.);
#12919 = LINE('',#12920,#12921);
#12920 = CARTESIAN_POINT('',(1.75,6.9,-1.9));
#12921 = VECTOR('',#12922,1.);
#12922 = DIRECTION('',(1.,0.,0.));
#12923 = ORIENTED_EDGE('',*,*,#12748,.F.);
#12924 = ORIENTED_EDGE('',*,*,#12925,.F.);
#12925 = EDGE_CURVE('',#12926,#12749,#12928,.T.);
#12926 = VERTEX_POINT('',#12927);
#12927 = CARTESIAN_POINT('',(2.05,6.9,-2.6));
#12928 = LINE('',#12929,#12930);
#12929 = CARTESIAN_POINT('',(2.05,6.9,-2.6));
#12930 = VECTOR('',#12931,1.);
#12931 = DIRECTION('',(-0.965925826289,0.,0.258819045103));
#12932 = ORIENTED_EDGE('',*,*,#12933,.F.);
#12933 = EDGE_CURVE('',#12934,#12926,#12936,.T.);
#12934 = VERTEX_POINT('',#12935);
#12935 = CARTESIAN_POINT('',(2.05,6.9,-5.728423233502));
#12936 = LINE('',#12937,#12938);
#12937 = CARTESIAN_POINT('',(2.05,6.9,-5.728423233502));
#12938 = VECTOR('',#12939,1.);
#12939 = DIRECTION('',(1.4E-16,0.,1.));
#12940 = ORIENTED_EDGE('',*,*,#12941,.F.);
#12941 = EDGE_CURVE('',#12942,#12934,#12944,.T.);
#12942 = VERTEX_POINT('',#12943);
#12943 = CARTESIAN_POINT('',(2.38,6.9,-6.3));
#12944 = LINE('',#12945,#12946);
#12945 = CARTESIAN_POINT('',(2.38,6.9,-6.3));
#12946 = VECTOR('',#12947,1.);
#12947 = DIRECTION('',(-0.5,0.,0.866025403784));
#12948 = ORIENTED_EDGE('',*,*,#12949,.F.);
#12949 = EDGE_CURVE('',#12950,#12942,#12952,.T.);
#12950 = VERTEX_POINT('',#12951);
#12951 = CARTESIAN_POINT('',(2.62,6.9,-6.3));
#12952 = LINE('',#12953,#12954);
#12953 = CARTESIAN_POINT('',(2.62,6.9,-6.3));
#12954 = VECTOR('',#12955,1.);
#12955 = DIRECTION('',(-1.,0.,0.));
#12956 = ORIENTED_EDGE('',*,*,#12957,.F.);
#12957 = EDGE_CURVE('',#12958,#12950,#12960,.T.);
#12958 = VERTEX_POINT('',#12959);
#12959 = CARTESIAN_POINT('',(2.95,6.9,-5.728423233502));
#12960 = LINE('',#12961,#12962);
#12961 = CARTESIAN_POINT('',(2.95,6.9,-5.728423233502));
#12962 = VECTOR('',#12963,1.);
#12963 = DIRECTION('',(-0.5,0.,-0.866025403784));
#12964 = ORIENTED_EDGE('',*,*,#12965,.F.);
#12965 = EDGE_CURVE('',#12966,#12958,#12968,.T.);
#12966 = VERTEX_POINT('',#12967);
#12967 = CARTESIAN_POINT('',(2.95,6.9,-2.6));
#12968 = LINE('',#12969,#12970);
#12969 = CARTESIAN_POINT('',(2.95,6.9,-2.6));
#12970 = VECTOR('',#12971,1.);
#12971 = DIRECTION('',(-2.8E-16,0.,-1.));
#12972 = ORIENTED_EDGE('',*,*,#12973,.F.);
#12973 = EDGE_CURVE('',#12557,#12966,#12974,.T.);
#12974 = LINE('',#12975,#12976);
#12975 = CARTESIAN_POINT('',(3.25,6.9,-2.519615242271));
#12976 = VECTOR('',#12977,1.);
#12977 = DIRECTION('',(-0.965925826289,0.,-0.258819045103));
#12978 = ORIENTED_EDGE('',*,*,#12556,.F.);
#12979 = ORIENTED_EDGE('',*,*,#12879,.F.);
#12980 = PLANE('',#12981);
#12981 = AXIS2_PLACEMENT_3D('',#12982,#12983,#12984);
#12982 = CARTESIAN_POINT('',(0.,6.9,4.5E-16));
#12983 = DIRECTION('',(-1.2E-16,1.,6.E-17));
#12984 = DIRECTION('',(-1.,-1.2E-16,2.4E-16));
#12985 = ADVANCED_FACE('',(#12986),#12997,.T.);
#12986 = FACE_BOUND('',#12987,.T.);
#12987 = EDGE_LOOP('',(#12988,#12989,#12995,#12996));
#12988 = ORIENTED_EDGE('',*,*,#12973,.T.);
#12989 = ORIENTED_EDGE('',*,*,#12990,.T.);
#12990 = EDGE_CURVE('',#12966,#12599,#12991,.T.);
#12991 = LINE('',#12992,#12993);
#12992 = CARTESIAN_POINT('',(2.95,6.9,-2.6));
#12993 = VECTOR('',#12994,1.);
#12994 = DIRECTION('',(0.,1.,0.));
#12995 = ORIENTED_EDGE('',*,*,#12598,.F.);
#12996 = ORIENTED_EDGE('',*,*,#12564,.F.);
#12997 = PLANE('',#12998);
#12998 = AXIS2_PLACEMENT_3D('',#12999,#13000,#13001);
#12999 = CARTESIAN_POINT('',(3.25,6.9,-2.519615242271));
#13000 = DIRECTION('',(0.258819045103,1.2E-16,-0.965925826289));
#13001 = DIRECTION('',(-0.965925826289,3.E-17,-0.258819045103));
#13002 = ADVANCED_FACE('',(#13003),#13024,.T.);
#13003 = FACE_BOUND('',#13004,.T.);
#13004 = EDGE_LOOP('',(#13005,#13006,#13015,#13022,#13023));
#13005 = ORIENTED_EDGE('',*,*,#12588,.F.);
#13006 = ORIENTED_EDGE('',*,*,#13007,.T.);
#13007 = EDGE_CURVE('',#12589,#13008,#13010,.T.);
#13008 = VERTEX_POINT('',#13009);
#13009 = CARTESIAN_POINT('',(2.5,7.2,-5.728423233502));
#13010 = CIRCLE('',#13011,0.3);
#13011 = AXIS2_PLACEMENT_3D('',#13012,#13013,#13014);
#13012 = CARTESIAN_POINT('',(2.5,6.9,-5.728423233502));
#13013 = DIRECTION('',(1.2E-16,-1.2E-16,1.));
#13014 = DIRECTION('',(0.7453559925,0.666666666667,-9.442719099992E-18)
  );
#13015 = ORIENTED_EDGE('',*,*,#13016,.T.);
#13016 = EDGE_CURVE('',#13008,#12671,#13017,.T.);
#13017 = CIRCLE('',#13018,0.3);
#13018 = AXIS2_PLACEMENT_3D('',#13019,#13020,#13021);
#13019 = CARTESIAN_POINT('',(2.5,6.9,-5.728423233502));
#13020 = DIRECTION('',(1.2E-16,-1.2E-16,1.));
#13021 = DIRECTION('',(1.48E-15,1.,1.2E-16));
#13022 = ORIENTED_EDGE('',*,*,#12670,.T.);
#13023 = ORIENTED_EDGE('',*,*,#12693,.F.);
#13024 = CYLINDRICAL_SURFACE('',#13025,0.3);
#13025 = AXIS2_PLACEMENT_3D('',#13026,#13027,#13028);
#13026 = CARTESIAN_POINT('',(2.5,6.9,-5.728423233502));
#13027 = DIRECTION('',(1.2E-16,-1.2E-16,1.));
#13028 = DIRECTION('',(0.7453559925,0.666666666667,-9.442719099992E-18)
  );
#13029 = ADVANCED_FACE('',(#13030),#13041,.T.);
#13030 = FACE_BOUND('',#13031,.T.);
#13031 = EDGE_LOOP('',(#13032,#13033,#13039,#13040));
#13032 = ORIENTED_EDGE('',*,*,#12965,.T.);
#13033 = ORIENTED_EDGE('',*,*,#13034,.T.);
#13034 = EDGE_CURVE('',#12958,#12607,#13035,.T.);
#13035 = LINE('',#13036,#13037);
#13036 = CARTESIAN_POINT('',(2.95,6.9,-5.728423233502));
#13037 = VECTOR('',#13038,1.);
#13038 = DIRECTION('',(0.,1.,0.));
#13039 = ORIENTED_EDGE('',*,*,#12606,.F.);
#13040 = ORIENTED_EDGE('',*,*,#12990,.F.);
#13041 = PLANE('',#13042);
#13042 = AXIS2_PLACEMENT_3D('',#13043,#13044,#13045);
#13043 = CARTESIAN_POINT('',(2.95,6.9,-2.6));
#13044 = DIRECTION('',(1.,0.,-2.6E-16));
#13045 = DIRECTION('',(-2.6E-16,1.2E-16,-1.));
#13046 = ADVANCED_FACE('',(#13047),#13058,.T.);
#13047 = FACE_BOUND('',#13048,.T.);
#13048 = EDGE_LOOP('',(#13049,#13050,#13056,#13057));
#13049 = ORIENTED_EDGE('',*,*,#12957,.T.);
#13050 = ORIENTED_EDGE('',*,*,#13051,.T.);
#13051 = EDGE_CURVE('',#12950,#12615,#13052,.T.);
#13052 = LINE('',#13053,#13054);
#13053 = CARTESIAN_POINT('',(2.62,6.9,-6.3));
#13054 = VECTOR('',#13055,1.);
#13055 = DIRECTION('',(0.,1.,0.));
#13056 = ORIENTED_EDGE('',*,*,#12614,.F.);
#13057 = ORIENTED_EDGE('',*,*,#13034,.F.);
#13058 = PLANE('',#13059);
#13059 = AXIS2_PLACEMENT_3D('',#13060,#13061,#13062);
#13060 = CARTESIAN_POINT('',(2.95,6.9,-5.728423233502));
#13061 = DIRECTION('',(0.866025403784,6.E-17,-0.5));
#13062 = DIRECTION('',(-0.5,1.1E-16,-0.866025403784));
#13063 = ADVANCED_FACE('',(#13064),#13075,.T.);
#13064 = FACE_BOUND('',#13065,.T.);
#13065 = EDGE_LOOP('',(#13066,#13067,#13073,#13074));
#13066 = ORIENTED_EDGE('',*,*,#12949,.T.);
#13067 = ORIENTED_EDGE('',*,*,#13068,.T.);
#13068 = EDGE_CURVE('',#12942,#12623,#13069,.T.);
#13069 = LINE('',#13070,#13071);
#13070 = CARTESIAN_POINT('',(2.38,6.9,-6.3));
#13071 = VECTOR('',#13072,1.);
#13072 = DIRECTION('',(0.,1.,0.));
#13073 = ORIENTED_EDGE('',*,*,#12622,.F.);
#13074 = ORIENTED_EDGE('',*,*,#13051,.F.);
#13075 = PLANE('',#13076);
#13076 = AXIS2_PLACEMENT_3D('',#13077,#13078,#13079);
#13077 = CARTESIAN_POINT('',(2.62,6.9,-6.3));
#13078 = DIRECTION('',(-1.2E-16,1.2E-16,-1.));
#13079 = DIRECTION('',(-1.,0.,1.2E-16));
#13080 = ADVANCED_FACE('',(#13081),#13092,.T.);
#13081 = FACE_BOUND('',#13082,.T.);
#13082 = EDGE_LOOP('',(#13083,#13084,#13090,#13091));
#13083 = ORIENTED_EDGE('',*,*,#12941,.T.);
#13084 = ORIENTED_EDGE('',*,*,#13085,.T.);
#13085 = EDGE_CURVE('',#12934,#12631,#13086,.T.);
#13086 = LINE('',#13087,#13088);
#13087 = CARTESIAN_POINT('',(2.05,6.9,-5.728423233502));
#13088 = VECTOR('',#13089,1.);
#13089 = DIRECTION('',(0.,1.,0.));
#13090 = ORIENTED_EDGE('',*,*,#12630,.F.);
#13091 = ORIENTED_EDGE('',*,*,#13068,.F.);
#13092 = PLANE('',#13093);
#13093 = AXIS2_PLACEMENT_3D('',#13094,#13095,#13096);
#13094 = CARTESIAN_POINT('',(2.38,6.9,-6.3));
#13095 = DIRECTION('',(-0.866025403784,6.E-17,-0.5));
#13096 = DIRECTION('',(-0.5,-1.1E-16,0.866025403784));
#13097 = ADVANCED_FACE('',(#13098),#13109,.T.);
#13098 = FACE_BOUND('',#13099,.T.);
#13099 = EDGE_LOOP('',(#13100,#13101,#13107,#13108));
#13100 = ORIENTED_EDGE('',*,*,#12933,.T.);
#13101 = ORIENTED_EDGE('',*,*,#13102,.T.);
#13102 = EDGE_CURVE('',#12926,#12639,#13103,.T.);
#13103 = LINE('',#13104,#13105);
#13104 = CARTESIAN_POINT('',(2.05,6.9,-2.6));
#13105 = VECTOR('',#13106,1.);
#13106 = DIRECTION('',(0.,1.,0.));
#13107 = ORIENTED_EDGE('',*,*,#12638,.F.);
#13108 = ORIENTED_EDGE('',*,*,#13085,.F.);
#13109 = PLANE('',#13110);
#13110 = AXIS2_PLACEMENT_3D('',#13111,#13112,#13113);
#13111 = CARTESIAN_POINT('',(2.05,6.9,-5.728423233502));
#13112 = DIRECTION('',(-1.,0.,1.2E-16));
#13113 = DIRECTION('',(1.2E-16,-1.2E-16,1.));
#13114 = ADVANCED_FACE('',(#13115),#13121,.T.);
#13115 = FACE_BOUND('',#13116,.T.);
#13116 = EDGE_LOOP('',(#13117,#13118,#13119,#13120));
#13117 = ORIENTED_EDGE('',*,*,#12925,.T.);
#13118 = ORIENTED_EDGE('',*,*,#12783,.T.);
#13119 = ORIENTED_EDGE('',*,*,#12646,.F.);
#13120 = ORIENTED_EDGE('',*,*,#13102,.F.);
#13121 = PLANE('',#13122);
#13122 = AXIS2_PLACEMENT_3D('',#13123,#13124,#13125);
#13123 = CARTESIAN_POINT('',(2.05,6.9,-2.6));
#13124 = DIRECTION('',(-0.258819045103,1.2E-16,-0.965925826289));
#13125 = DIRECTION('',(-0.965925826289,-3.E-17,0.258819045103));
#13126 = ADVANCED_FACE('',(#13127),#13133,.T.);
#13127 = FACE_BOUND('',#13128,.T.);
#13128 = EDGE_LOOP('',(#13129,#13130,#13131,#13132));
#13129 = ORIENTED_EDGE('',*,*,#12662,.T.);
#13130 = ORIENTED_EDGE('',*,*,#12775,.T.);
#13131 = ORIENTED_EDGE('',*,*,#12724,.F.);
#13132 = ORIENTED_EDGE('',*,*,#12700,.F.);
#13133 = CYLINDRICAL_SURFACE('',#13134,0.3);
#13134 = AXIS2_PLACEMENT_3D('',#13135,#13136,#13137);
#13135 = CARTESIAN_POINT('',(1.75,6.8,-1.9));
#13136 = DIRECTION('',(1.,-0.,-6.E-17));
#13137 = DIRECTION('',(-3.036E-31,1.,-5.06E-15));
#13138 = ADVANCED_FACE('',(#13139),#13144,.T.);
#13139 = FACE_BOUND('',#13140,.T.);
#13140 = EDGE_LOOP('',(#13141,#13142,#13143));
#13141 = ORIENTED_EDGE('',*,*,#12678,.T.);
#13142 = ORIENTED_EDGE('',*,*,#13016,.F.);
#13143 = ORIENTED_EDGE('',*,*,#13007,.F.);
#13144 = SPHERICAL_SURFACE('',#13145,0.3);
#13145 = AXIS2_PLACEMENT_3D('',#13146,#13147,#13148);
#13146 = CARTESIAN_POINT('',(2.5,6.9,-5.728423233502));
#13147 = DIRECTION('',(-1.2E-16,1.,6.E-17));
#13148 = DIRECTION('',(1.,1.2E-16,1.2E-16));
#13149 = ADVANCED_FACE('',(#13150),#13162,.F.);
#13150 = FACE_BOUND('',#13151,.F.);
#13151 = EDGE_LOOP('',(#13152,#13153,#13154,#13161));
#13152 = ORIENTED_EDGE('',*,*,#12758,.T.);
#13153 = ORIENTED_EDGE('',*,*,#12797,.T.);
#13154 = ORIENTED_EDGE('',*,*,#13155,.F.);
#13155 = EDGE_CURVE('',#12911,#12798,#13156,.T.);
#13156 = CIRCLE('',#13157,0.1);
#13157 = AXIS2_PLACEMENT_3D('',#13158,#13159,#13160);
#13158 = CARTESIAN_POINT('',(2.4,6.8,-1.9));
#13159 = DIRECTION('',(1.,0.,-6.E-17));
#13160 = DIRECTION('',(-7.992E-31,1.,-1.332E-14));
#13161 = ORIENTED_EDGE('',*,*,#12918,.F.);
#13162 = CYLINDRICAL_SURFACE('',#13163,0.1);
#13163 = AXIS2_PLACEMENT_3D('',#13164,#13165,#13166);
#13164 = CARTESIAN_POINT('',(2.4,6.8,-1.9));
#13165 = DIRECTION('',(1.,-0.,-6.E-17));
#13166 = DIRECTION('',(-7.92E-31,1.,-1.32E-14));
#13167 = ADVANCED_FACE('',(#13168),#13180,.F.);
#13168 = FACE_BOUND('',#13169,.F.);
#13169 = EDGE_LOOP('',(#13170,#13171,#13172,#13173));
#13170 = ORIENTED_EDGE('',*,*,#13155,.T.);
#13171 = ORIENTED_EDGE('',*,*,#12831,.T.);
#13172 = ORIENTED_EDGE('',*,*,#12868,.F.);
#13173 = ORIENTED_EDGE('',*,*,#13174,.F.);
#13174 = EDGE_CURVE('',#12911,#12869,#13175,.T.);
#13175 = CIRCLE('',#13176,0.1);
#13176 = AXIS2_PLACEMENT_3D('',#13177,#13178,#13179);
#13177 = CARTESIAN_POINT('',(2.5,6.9,-1.9));
#13178 = DIRECTION('',(-1.2E-16,1.2E-16,-1.));
#13179 = DIRECTION('',(-1.,1.2E-16,1.2E-16));
#13180 = TOROIDAL_SURFACE('',#13181,0.1,0.1);
#13181 = AXIS2_PLACEMENT_3D('',#13182,#13183,#13184);
#13182 = CARTESIAN_POINT('',(2.5,6.8,-1.9));
#13183 = DIRECTION('',(1.,-0.,-6.E-17));
#13184 = DIRECTION('',(-7.92E-31,1.,-1.32E-14));
#13185 = ADVANCED_FACE('',(#13186),#13207,.F.);
#13186 = FACE_BOUND('',#13187,.F.);
#13187 = EDGE_LOOP('',(#13188,#13189,#13190,#13199,#13206));
#13188 = ORIENTED_EDGE('',*,*,#13174,.T.);
#13189 = ORIENTED_EDGE('',*,*,#12893,.F.);
#13190 = ORIENTED_EDGE('',*,*,#13191,.T.);
#13191 = EDGE_CURVE('',#12894,#13192,#13194,.T.);
#13192 = VERTEX_POINT('',#13193);
#13193 = CARTESIAN_POINT('',(2.5,7.,-5.728423233502));
#13194 = CIRCLE('',#13195,0.1);
#13195 = AXIS2_PLACEMENT_3D('',#13196,#13197,#13198);
#13196 = CARTESIAN_POINT('',(2.5,6.9,-5.728423233502));
#13197 = DIRECTION('',(1.2E-16,-1.2E-16,1.));
#13198 = DIRECTION('',(1.,0.,-1.2E-16));
#13199 = ORIENTED_EDGE('',*,*,#13200,.T.);
#13200 = EDGE_CURVE('',#13192,#12902,#13201,.T.);
#13201 = CIRCLE('',#13202,0.1);
#13202 = AXIS2_PLACEMENT_3D('',#13203,#13204,#13205);
#13203 = CARTESIAN_POINT('',(2.5,6.9,-5.728423233502));
#13204 = DIRECTION('',(1.2E-16,-1.2E-16,1.));
#13205 = DIRECTION('',(0.,1.,1.2E-16));
#13206 = ORIENTED_EDGE('',*,*,#12910,.T.);
#13207 = CYLINDRICAL_SURFACE('',#13208,0.1);
#13208 = AXIS2_PLACEMENT_3D('',#13209,#13210,#13211);
#13209 = CARTESIAN_POINT('',(2.5,6.9,-5.728423233502));
#13210 = DIRECTION('',(1.2E-16,-1.2E-16,1.));
#13211 = DIRECTION('',(1.,1.2E-16,-1.2E-16));
#13212 = ADVANCED_FACE('',(#13213),#13218,.F.);
#13213 = FACE_BOUND('',#13214,.F.);
#13214 = EDGE_LOOP('',(#13215,#13216,#13217));
#13215 = ORIENTED_EDGE('',*,*,#12901,.T.);
#13216 = ORIENTED_EDGE('',*,*,#13200,.F.);
#13217 = ORIENTED_EDGE('',*,*,#13191,.F.);
#13218 = SPHERICAL_SURFACE('',#13219,0.1);
#13219 = AXIS2_PLACEMENT_3D('',#13220,#13221,#13222);
#13220 = CARTESIAN_POINT('',(2.5,6.9,-5.728423233502));
#13221 = DIRECTION('',(-1.2E-16,1.,6.E-17));
#13222 = DIRECTION('',(1.,1.2E-16,0.));
#13223 = ( GEOMETRIC_REPRESENTATION_CONTEXT(3) 
GLOBAL_UNCERTAINTY_ASSIGNED_CONTEXT((#13227)) 
GLOBAL_UNIT_ASSIGNED_CONTEXT((#13224,#13225,#13226)) 
REPRESENTATION_CONTEXT('Context #1',
  '3D Context with UNIT and UNCERTAINTY') );
#13224 = ( LENGTH_UNIT() NAMED_UNIT(*) SI_UNIT(.MILLI.,.METRE.) );
#13225 = ( NAMED_UNIT(*) PLANE_ANGLE_UNIT() SI_UNIT($,.RADIAN.) );
#13226 = ( NAMED_UNIT(*) SI_UNIT($,.STERADIAN.) SOLID_ANGLE_UNIT() );
#13227 = UNCERTAINTY_MEASURE_WITH_UNIT(LENGTH_MEASURE(1.E-07),#13224,
  'distance_accuracy_value','confusion accuracy');
#13228 = CONTEXT_DEPENDENT_SHAPE_REPRESENTATION(#13229,#13231);
#13229 = ( REPRESENTATION_RELATIONSHIP('','',#12206,#1250) 
REPRESENTATION_RELATIONSHIP_WITH_TRANSFORMATION(#13230) 
SHAPE_REPRESENTATION_RELATIONSHIP() );
#13230 = ITEM_DEFINED_TRANSFORMATION('','',#11,#1275);
#13231 = PRODUCT_DEFINITION_SHAPE('Placement','Placement of an item',
  #13232);
#13232 = NEXT_ASSEMBLY_USAGE_OCCURRENCE('9','EC11-Housing-THT006','',
  #1245,#12201,$);
#13233 = PRODUCT_RELATED_PRODUCT_CATEGORY('part',$,(#12203));
#13234 = MECHANICAL_DESIGN_GEOMETRIC_PRESENTATION_REPRESENTATION('',(
    #13235),#969);
#13235 = STYLED_ITEM('color',(#13236),#41);
#13236 = PRESENTATION_STYLE_ASSIGNMENT((#13237,#13243));
#13237 = SURFACE_STYLE_USAGE(.BOTH.,#13238);
#13238 = SURFACE_SIDE_STYLE('',(#13239));
#13239 = SURFACE_STYLE_FILL_AREA(#13240);
#13240 = FILL_AREA_STYLE('',(#13241));
#13241 = FILL_AREA_STYLE_COLOUR('',#13242);
#13242 = COLOUR_RGB('',0.752941202324,0.752941202324,0.752941202324);
#13243 = CURVE_STYLE('',#13244,POSITIVE_LENGTH_MEASURE(0.1),#13245);
#13244 = DRAUGHTING_PRE_DEFINED_CURVE_FONT('continuous');
#13245 = COLOUR_RGB('',9.803921802644E-02,9.803921802644E-02,
  9.803921802644E-02);
#13246 = MECHANICAL_DESIGN_GEOMETRIC_PRESENTATION_REPRESENTATION('',(
    #13247),#1232);
#13247 = STYLED_ITEM('color',(#13248),#988);
#13248 = PRESENTATION_STYLE_ASSIGNMENT((#13249,#13255));
#13249 = SURFACE_STYLE_USAGE(.BOTH.,#13250);
#13250 = SURFACE_SIDE_STYLE('',(#13251));
#13251 = SURFACE_STYLE_FILL_AREA(#13252);
#13252 = FILL_AREA_STYLE('',(#13253));
#13253 = FILL_AREA_STYLE_COLOUR('',#13254);
#13254 = COLOUR_RGB('',0.796078452645,0.823529417451,0.937254901616);
#13255 = CURVE_STYLE('',#13256,POSITIVE_LENGTH_MEASURE(0.1),#13245);
#13256 = DRAUGHTING_PRE_DEFINED_CURVE_FONT('continuous');
#13257 = MECHANICAL_DESIGN_GEOMETRIC_PRESENTATION_REPRESENTATION('',(
    #13258),#13223);
#13258 = STYLED_ITEM('color',(#13259),#12207);
#13259 = PRESENTATION_STYLE_ASSIGNMENT((#13260,#13265));
#13260 = SURFACE_STYLE_USAGE(.BOTH.,#13261);
#13261 = SURFACE_SIDE_STYLE('',(#13262));
#13262 = SURFACE_STYLE_FILL_AREA(#13263);
#13263 = FILL_AREA_STYLE('',(#13264));
#13264 = FILL_AREA_STYLE_COLOUR('',#13242);
#13265 = CURVE_STYLE('',#13266,POSITIVE_LENGTH_MEASURE(0.1),#13245);
#13266 = DRAUGHTING_PRE_DEFINED_CURVE_FONT('continuous');
#13267 = MECHANICAL_DESIGN_GEOMETRIC_PRESENTATION_REPRESENTATION('',(
    #13268),#8347);
#13268 = STYLED_ITEM('color',(#13269),#2805);
#13269 = PRESENTATION_STYLE_ASSIGNMENT((#13270,#13275));
#13270 = SURFACE_STYLE_USAGE(.BOTH.,#13271);
#13271 = SURFACE_SIDE_STYLE('',(#13272));
#13272 = SURFACE_STYLE_FILL_AREA(#13273);
#13273 = FILL_AREA_STYLE('',(#13274));
#13274 = FILL_AREA_STYLE_COLOUR('',#13254);
#13275 = CURVE_STYLE('',#13276,POSITIVE_LENGTH_MEASURE(0.1),#13245);
#13276 = DRAUGHTING_PRE_DEFINED_CURVE_FONT('continuous');
#13277 = MECHANICAL_DESIGN_GEOMETRIC_PRESENTATION_REPRESENTATION('',(
    #13278),#10250);
#13278 = STYLED_ITEM('color',(#13279),#9234);
#13279 = PRESENTATION_STYLE_ASSIGNMENT((#13280,#13285));
#13280 = SURFACE_STYLE_USAGE(.BOTH.,#13281);
#13281 = SURFACE_SIDE_STYLE('',(#13282));
#13282 = SURFACE_STYLE_FILL_AREA(#13283);
#13283 = FILL_AREA_STYLE('',(#13284));
#13284 = FILL_AREA_STYLE_COLOUR('',#13242);
#13285 = CURVE_STYLE('',#13286,POSITIVE_LENGTH_MEASURE(0.1),#13245);
#13286 = DRAUGHTING_PRE_DEFINED_CURVE_FONT('continuous');
#13287 = MECHANICAL_DESIGN_GEOMETRIC_PRESENTATION_REPRESENTATION('',(
    #13288),#9215);
#13288 = STYLED_ITEM('color',(#13289),#8366);
#13289 = PRESENTATION_STYLE_ASSIGNMENT((#13290,#13295));
#13290 = SURFACE_STYLE_USAGE(.BOTH.,#13291);
#13291 = SURFACE_SIDE_STYLE('',(#13292));
#13292 = SURFACE_STYLE_FILL_AREA(#13293);
#13293 = FILL_AREA_STYLE('',(#13294));
#13294 = FILL_AREA_STYLE_COLOUR('',#13242);
#13295 = CURVE_STYLE('',#13296,POSITIVE_LENGTH_MEASURE(0.1),#13245);
#13296 = DRAUGHTING_PRE_DEFINED_CURVE_FONT('continuous');
#13297 = MECHANICAL_DESIGN_GEOMETRIC_PRESENTATION_REPRESENTATION('',(
    #13298),#12188);
#13298 = STYLED_ITEM('color',(#13299),#11238);
#13299 = PRESENTATION_STYLE_ASSIGNMENT((#13300,#13305));
#13300 = SURFACE_STYLE_USAGE(.BOTH.,#13301);
#13301 = SURFACE_SIDE_STYLE('',(#13302));
#13302 = SURFACE_STYLE_FILL_AREA(#13303);
#13303 = FILL_AREA_STYLE('',(#13304));
#13304 = FILL_AREA_STYLE_COLOUR('',#13242);
#13305 = CURVE_STYLE('',#13306,POSITIVE_LENGTH_MEASURE(0.1),#13245);
#13306 = DRAUGHTING_PRE_DEFINED_CURVE_FONT('continuous');
#13307 = MECHANICAL_DESIGN_GEOMETRIC_PRESENTATION_REPRESENTATION('',(
    #13308),#2786);
#13308 = STYLED_ITEM('color',(#13309),#1298);
#13309 = PRESENTATION_STYLE_ASSIGNMENT((#13310,#13316));
#13310 = SURFACE_STYLE_USAGE(.BOTH.,#13311);
#13311 = SURFACE_SIDE_STYLE('',(#13312));
#13312 = SURFACE_STYLE_FILL_AREA(#13313);
#13313 = FILL_AREA_STYLE('',(#13314));
#13314 = FILL_AREA_STYLE_COLOUR('',#13315);
#13315 = COLOUR_RGB('',0.192156865571,0.627451011593,0.458823538102);
#13316 = CURVE_STYLE('',#13317,POSITIVE_LENGTH_MEASURE(0.1),#13245);
#13317 = DRAUGHTING_PRE_DEFINED_CURVE_FONT('continuous');
#13318 = MECHANICAL_DESIGN_GEOMETRIC_PRESENTATION_REPRESENTATION('',(
    #13319),#11219);
#13319 = STYLED_ITEM('color',(#13320),#10269);
#13320 = PRESENTATION_STYLE_ASSIGNMENT((#13321,#13326));
#13321 = SURFACE_STYLE_USAGE(.BOTH.,#13322);
#13322 = SURFACE_SIDE_STYLE('',(#13323));
#13323 = SURFACE_STYLE_FILL_AREA(#13324);
#13324 = FILL_AREA_STYLE('',(#13325));
#13325 = FILL_AREA_STYLE_COLOUR('',#13242);
#13326 = CURVE_STYLE('',#13327,POSITIVE_LENGTH_MEASURE(0.1),#13245);
#13327 = DRAUGHTING_PRE_DEFINED_CURVE_FONT('continuous');
ENDSEC;
END-ISO-10303-21;
