ISO-10303-21;
HEADER;
FILE_DESCRIPTION(('FreeCAD Model'),'2;1');
FILE_NAME('Open CASCADE Shape Model','2025-07-19T16:25:52',(''),(''),
  'Open CASCADE STEP processor 7.8','FreeCAD','Unknown');
FILE_SCHEMA(('AUTOMOTIVE_DESIGN { 1 0 10303 214 1 1 1 1 }'));
ENDSEC;
DATA;
#1 = APPLICATION_PROTOCOL_DEFINITION('international standard',
  'automotive_design',2000,#2);
#2 = APPLICATION_CONTEXT(
  'core data for automotive mechanical design processes');
#3 = SHAPE_DEFINITION_REPRESENTATION(#4,#10);
#4 = PRODUCT_DEFINITION_SHAPE('','',#5);
#5 = PRODUCT_DEFINITION('design','',#6,#9);
#6 = PRODUCT_DEFINITION_FORMATION('','',#7);
#7 = PRODUCT('LidBody','LidBody','',(#8));
#8 = PRODUCT_CONTEXT('',#2,'mechanical');
#9 = PRODUCT_DEFINITION_CONTEXT('part definition',#2,'design');
#10 = ADVANCED_BREP_SHAPE_REPRESENTATION('',(#11,#15),#6428);
#11 = AXIS2_PLACEMENT_3D('',#12,#13,#14);
#12 = CARTESIAN_POINT('',(0.,0.,0.));
#13 = DIRECTION('',(0.,0.,1.));
#14 = DIRECTION('',(1.,0.,-0.));
#15 = MANIFOLD_SOLID_BREP('',#16);
#16 = CLOSED_SHELL('',(#17,#93,#722,#853,#923,#1018,#3048,#3076,#3252,
    #3272,#3495,#3515,#3532,#3552,#3594,#3801,#3835,#3859,#3893,#3917,
    #3951,#3975,#4002,#4022,#4039,#4059,#4071,#4096,#4113,#4133,#4150,
    #4165,#4193,#4217,#4245,#4273,#4297,#4321,#4349,#4377,#4401,#4425,
    #4446,#4474,#4498,#4519,#4550,#4574,#4598,#4615,#4640,#4664,#4688,
    #4712,#4736,#4760,#4784,#4808,#4832,#4856,#4880,#4904,#4928,#4952,
    #4976,#5000,#5024,#5048,#5072,#5096,#5120,#5144,#5168,#5192,#5216,
    #5240,#5264,#5288,#5312,#5336,#5360,#5385,#5412,#5434,#5451,#5468,
    #5480,#5502,#5519,#5536,#5553,#5570,#5587,#5604,#5616,#5638,#5655,
    #5672,#5689,#5706,#5723,#5740,#5752,#5779,#5811,#5857,#5957,#6002,
    #6027,#6072,#6097,#6135,#6168,#6325,#6344,#6369,#6394,#6411));
#17 = ADVANCED_FACE('',(#18),#88,.T.);
#18 = FACE_BOUND('',#19,.T.);
#19 = EDGE_LOOP('',(#20,#30,#38,#46,#56,#64,#74,#82));
#20 = ORIENTED_EDGE('',*,*,#21,.F.);
#21 = EDGE_CURVE('',#22,#24,#26,.T.);
#22 = VERTEX_POINT('',#23);
#23 = CARTESIAN_POINT('',(220.,-55.91858428704,-11.5));
#24 = VERTEX_POINT('',#25);
#25 = CARTESIAN_POINT('',(55.,-55.91858428704,-11.5));
#26 = LINE('',#27,#28);
#27 = CARTESIAN_POINT('',(220.,-55.91858428704,-11.5));
#28 = VECTOR('',#29,1.);
#29 = DIRECTION('',(-1.,0.,0.));
#30 = ORIENTED_EDGE('',*,*,#31,.T.);
#31 = EDGE_CURVE('',#22,#32,#34,.T.);
#32 = VERTEX_POINT('',#33);
#33 = CARTESIAN_POINT('',(220.,-59.42871870789,1.6));
#34 = LINE('',#35,#36);
#35 = CARTESIAN_POINT('',(220.,-55.91858428704,-11.5));
#36 = VECTOR('',#37,1.);
#37 = DIRECTION('',(0.,-0.258819045103,0.965925826289));
#38 = ORIENTED_EDGE('',*,*,#39,.T.);
#39 = EDGE_CURVE('',#32,#40,#42,.T.);
#40 = VERTEX_POINT('',#41);
#41 = CARTESIAN_POINT('',(210.76263380478,-59.42871870789,1.6));
#42 = LINE('',#43,#44);
#43 = CARTESIAN_POINT('',(178.3444722681,-59.42871870789,1.6));
#44 = VECTOR('',#45,1.);
#45 = DIRECTION('',(-1.,0.,0.));
#46 = ORIENTED_EDGE('',*,*,#47,.F.);
#47 = EDGE_CURVE('',#48,#40,#50,.T.);
#48 = VERTEX_POINT('',#49);
#49 = CARTESIAN_POINT('',(210.76263380478,-62.08141571295,11.5));
#50 = B_SPLINE_CURVE_WITH_KNOTS('',4,(#51,#52,#53,#54,#55),
  .UNSPECIFIED.,.F.,.F.,(5,5),(0.,1.),.PIECEWISE_BEZIER_KNOTS.);
#51 = CARTESIAN_POINT('',(210.76263380478,-62.08141571295,11.5));
#52 = CARTESIAN_POINT('',(210.76263380478,-61.41821526556,9.024902234738
    ));
#53 = CARTESIAN_POINT('',(210.76263380478,-60.75501481817,6.549804469477
    ));
#54 = CARTESIAN_POINT('',(210.76263380478,-60.09181437078,4.074706704215
    ));
#55 = CARTESIAN_POINT('',(210.76263380478,-59.42861392339,1.599608938954
    ));
#56 = ORIENTED_EDGE('',*,*,#57,.T.);
#57 = EDGE_CURVE('',#48,#58,#60,.T.);
#58 = VERTEX_POINT('',#59);
#59 = CARTESIAN_POINT('',(64.237366195217,-62.08141571295,11.5));
#60 = LINE('',#61,#62);
#61 = CARTESIAN_POINT('',(220.,-62.08141571295,11.5));
#62 = VECTOR('',#63,1.);
#63 = DIRECTION('',(-1.,0.,0.));
#64 = ORIENTED_EDGE('',*,*,#65,.T.);
#65 = EDGE_CURVE('',#58,#66,#68,.T.);
#66 = VERTEX_POINT('',#67);
#67 = CARTESIAN_POINT('',(64.237366195217,-59.42871870789,1.6));
#68 = B_SPLINE_CURVE_WITH_KNOTS('',4,(#69,#70,#71,#72,#73),
  .UNSPECIFIED.,.F.,.F.,(5,5),(0.,1.),.PIECEWISE_BEZIER_KNOTS.);
#69 = CARTESIAN_POINT('',(64.237366195217,-62.08141571295,11.5));
#70 = CARTESIAN_POINT('',(64.237366195217,-61.41821526556,9.024902234738
    ));
#71 = CARTESIAN_POINT('',(64.237366195217,-60.75501481817,6.549804469477
    ));
#72 = CARTESIAN_POINT('',(64.237366195217,-60.09181437078,4.074706704215
    ));
#73 = CARTESIAN_POINT('',(64.237366195217,-59.42861392339,1.599608938954
    ));
#74 = ORIENTED_EDGE('',*,*,#75,.T.);
#75 = EDGE_CURVE('',#66,#76,#78,.T.);
#76 = VERTEX_POINT('',#77);
#77 = CARTESIAN_POINT('',(55.,-59.42871870789,1.6));
#78 = LINE('',#79,#80);
#79 = CARTESIAN_POINT('',(178.3444722681,-59.42871870789,1.6));
#80 = VECTOR('',#81,1.);
#81 = DIRECTION('',(-1.,0.,0.));
#82 = ORIENTED_EDGE('',*,*,#83,.F.);
#83 = EDGE_CURVE('',#24,#76,#84,.T.);
#84 = LINE('',#85,#86);
#85 = CARTESIAN_POINT('',(55.,-55.91858428704,-11.5));
#86 = VECTOR('',#87,1.);
#87 = DIRECTION('',(0.,-0.258819045103,0.965925826289));
#88 = PLANE('',#89);
#89 = AXIS2_PLACEMENT_3D('',#90,#91,#92);
#90 = CARTESIAN_POINT('',(220.,-55.91858428704,-11.5));
#91 = DIRECTION('',(-0.,-0.965925826289,-0.258819045103));
#92 = DIRECTION('',(-1.,0.,0.));
#93 = ADVANCED_FACE('',(#94,#155),#717,.F.);
#94 = FACE_BOUND('',#95,.F.);
#95 = EDGE_LOOP('',(#96,#97,#106,#114,#123,#131,#140,#148));
#96 = ORIENTED_EDGE('',*,*,#21,.F.);
#97 = ORIENTED_EDGE('',*,*,#98,.T.);
#98 = EDGE_CURVE('',#22,#99,#101,.T.);
#99 = VERTEX_POINT('',#100);
#100 = CARTESIAN_POINT('',(222.,-57.91858428704,-11.5));
#101 = CIRCLE('',#102,2.);
#102 = AXIS2_PLACEMENT_3D('',#103,#104,#105);
#103 = CARTESIAN_POINT('',(220.,-57.91858428704,-11.5));
#104 = DIRECTION('',(0.,0.,-1.));
#105 = DIRECTION('',(-1.,0.,0.));
#106 = ORIENTED_EDGE('',*,*,#107,.F.);
#107 = EDGE_CURVE('',#108,#99,#110,.T.);
#108 = VERTEX_POINT('',#109);
#109 = CARTESIAN_POINT('',(222.,-143.918584287,-11.5));
#110 = LINE('',#111,#112);
#111 = CARTESIAN_POINT('',(222.,-143.918584287,-11.5));
#112 = VECTOR('',#113,1.);
#113 = DIRECTION('',(0.,1.,0.));
#114 = ORIENTED_EDGE('',*,*,#115,.T.);
#115 = EDGE_CURVE('',#108,#116,#118,.T.);
#116 = VERTEX_POINT('',#117);
#117 = CARTESIAN_POINT('',(220.,-145.918584287,-11.5));
#118 = CIRCLE('',#119,2.);
#119 = AXIS2_PLACEMENT_3D('',#120,#121,#122);
#120 = CARTESIAN_POINT('',(220.,-143.918584287,-11.5));
#121 = DIRECTION('',(0.,0.,-1.));
#122 = DIRECTION('',(-1.1E-16,1.,0.));
#123 = ORIENTED_EDGE('',*,*,#124,.F.);
#124 = EDGE_CURVE('',#125,#116,#127,.T.);
#125 = VERTEX_POINT('',#126);
#126 = CARTESIAN_POINT('',(55.,-145.918584287,-11.5));
#127 = LINE('',#128,#129);
#128 = CARTESIAN_POINT('',(55.,-145.918584287,-11.5));
#129 = VECTOR('',#130,1.);
#130 = DIRECTION('',(1.,0.,0.));
#131 = ORIENTED_EDGE('',*,*,#132,.T.);
#132 = EDGE_CURVE('',#125,#133,#135,.T.);
#133 = VERTEX_POINT('',#134);
#134 = CARTESIAN_POINT('',(53.,-143.918584287,-11.5));
#135 = CIRCLE('',#136,2.);
#136 = AXIS2_PLACEMENT_3D('',#137,#138,#139);
#137 = CARTESIAN_POINT('',(55.,-143.918584287,-11.5));
#138 = DIRECTION('',(0.,-0.,-1.));
#139 = DIRECTION('',(1.,-1.2E-16,0.));
#140 = ORIENTED_EDGE('',*,*,#141,.F.);
#141 = EDGE_CURVE('',#142,#133,#144,.T.);
#142 = VERTEX_POINT('',#143);
#143 = CARTESIAN_POINT('',(53.,-57.91858428704,-11.5));
#144 = LINE('',#145,#146);
#145 = CARTESIAN_POINT('',(53.,-57.91858428704,-11.5));
#146 = VECTOR('',#147,1.);
#147 = DIRECTION('',(0.,-1.,0.));
#148 = ORIENTED_EDGE('',*,*,#149,.T.);
#149 = EDGE_CURVE('',#142,#24,#150,.T.);
#150 = CIRCLE('',#151,2.);
#151 = AXIS2_PLACEMENT_3D('',#152,#153,#154);
#152 = CARTESIAN_POINT('',(55.,-57.91858428704,-11.5));
#153 = DIRECTION('',(-0.,0.,-1.));
#154 = DIRECTION('',(-1.1E-16,-1.,0.));
#155 = FACE_BOUND('',#156,.F.);
#156 = EDGE_LOOP('',(#157,#167,#299,#307,#439,#447,#579,#587));
#157 = ORIENTED_EDGE('',*,*,#158,.T.);
#158 = EDGE_CURVE('',#159,#161,#163,.T.);
#159 = VERTEX_POINT('',#160);
#160 = CARTESIAN_POINT('',(224.,-143.918584287,-11.5));
#161 = VERTEX_POINT('',#162);
#162 = CARTESIAN_POINT('',(224.,-57.91858428704,-11.5));
#163 = LINE('',#164,#165);
#164 = CARTESIAN_POINT('',(224.,-143.918584287,-11.5));
#165 = VECTOR('',#166,1.);
#166 = DIRECTION('',(0.,1.,0.));
#167 = ORIENTED_EDGE('',*,*,#168,.T.);
#168 = EDGE_CURVE('',#161,#169,#171,.T.);
#169 = VERTEX_POINT('',#170);
#170 = CARTESIAN_POINT('',(220.,-53.84803192622,-11.5));
#171 = B_SPLINE_CURVE_WITH_KNOTS('',6,(#172,#173,#174,#175,#176,#177,
    #178,#179,#180,#181,#182,#183,#184,#185,#186,#187,#188,#189,#190,
    #191,#192,#193,#194,#195,#196,#197,#198,#199,#200,#201,#202,#203,
    #204,#205,#206,#207,#208,#209,#210,#211,#212,#213,#214,#215,#216,
    #217,#218,#219,#220,#221,#222,#223,#224,#225,#226,#227,#228,#229,
    #230,#231,#232,#233,#234,#235,#236,#237,#238,#239,#240,#241,#242,
    #243,#244,#245,#246,#247,#248,#249,#250,#251,#252,#253,#254,#255,
    #256,#257,#258,#259,#260,#261,#262,#263,#264,#265,#266,#267,#268,
    #269,#270,#271,#272,#273,#274,#275,#276,#277,#278,#279,#280,#281,
    #282,#283,#284,#285,#286,#287,#288,#289,#290,#291,#292,#293,#294,
    #295,#296,#297,#298),.UNSPECIFIED.,.T.,.F.,(7,5,5,5,5,5,5,5,5,5,5,5,
    5,5,5,5,5,5,5,5,5,5,5,5,5,7),(0.,8.299931647571E-02,0.124333619247,
    0.166055556108,0.191604154798,0.209195634029,0.250064915045,
    0.308251267728,0.33378252196,0.375468584632,0.416766286376,
    0.442222377372,0.459627166979,0.499728556261,0.557255698931,
    0.582732319573,0.624070443681,0.665796209458,0.692325878208,
    0.749808525795,0.790748008739,0.808330865689,0.833862555758,
    0.875549568052,0.916848239364,1.),.UNSPECIFIED.);
#172 = CARTESIAN_POINT('',(216.,-57.91858428704,-11.5));
#173 = CARTESIAN_POINT('',(216.,-58.26835983848,-11.5));
#174 = CARTESIAN_POINT('',(216.03543090176,-58.6181663269,-11.5));
#175 = CARTESIAN_POINT('',(216.10630471059,-58.96351346913,-11.5));
#176 = CARTESIAN_POINT('',(216.21195790081,-59.29999398838,-11.5));
#177 = CARTESIAN_POINT('',(216.35115064167,-59.62326713532,-11.5));
#178 = CARTESIAN_POINT('',(216.60686906667,-60.08145968646,-11.5));
#179 = CARTESIAN_POINT('',(216.69970041166,-60.22947292224,-11.5));
#180 = CARTESIAN_POINT('',(216.8001020314,-60.37265888042,-11.5));
#181 = CARTESIAN_POINT('',(216.90778419543,-60.51051910466,-11.5));
#182 = CARTESIAN_POINT('',(217.02241275684,-60.6425755423,-11.5));
#183 = CARTESIAN_POINT('',(217.26593608853,-60.89535118929,-11.5));
#184 = CARTESIAN_POINT('',(217.3949571512,-61.01595511244,-11.5));
#185 = CARTESIAN_POINT('',(217.53027538705,-61.12971667478,-11.5));
#186 = CARTESIAN_POINT('',(217.67145586371,-61.23620070424,-11.5));
#187 = CARTESIAN_POINT('',(217.81802049335,-61.33500942591,-11.5));
#188 = CARTESIAN_POINT('',(218.06217180774,-61.48137411414,-11.5));
#189 = CARTESIAN_POINT('',(218.15672124391,-61.53395069577,-11.5));
#190 = CARTESIAN_POINT('',(218.25297445193,-61.58343449516,-11.5));
#191 = CARTESIAN_POINT('',(218.3508068509,-61.62975097165,-11.5));
#192 = CARTESIAN_POINT('',(218.45008899872,-61.67283273263,-11.5));
#193 = CARTESIAN_POINT('',(218.61995303197,-61.74001472213,-11.5));
#194 = CARTESIAN_POINT('',(218.68984324954,-61.7658478608,-11.5));
#195 = CARTESIAN_POINT('',(218.7603134509,-61.79009935201,-11.5));
#196 = CARTESIAN_POINT('',(218.83131901969,-61.81275143206,-11.5));
#197 = CARTESIAN_POINT('',(218.90281451717,-61.83378817096,-11.5));
#198 = CARTESIAN_POINT('',(219.14188584371,-61.8982833499,-11.5));
#199 = CARTESIAN_POINT('',(219.31141576842,-61.93457712639,-11.5));
#200 = CARTESIAN_POINT('',(219.4827582566,-61.96189914318,-11.5));
#201 = CARTESIAN_POINT('',(219.65531703916,-61.98012982458,-11.5));
#202 = CARTESIAN_POINT('',(219.82848546462,-61.98920884616,-11.5));
#203 = CARTESIAN_POINT('',(220.24818073791,-61.98903302154,-11.5));
#204 = CARTESIAN_POINT('',(220.49472286409,-61.97038003619,-11.5));
#205 = CARTESIAN_POINT('',(220.73947567918,-61.93317376447,-11.5));
#206 = CARTESIAN_POINT('',(220.98070175189,-61.87767658969,-11.5));
#207 = CARTESIAN_POINT('',(221.21671906185,-61.80436501228,-11.5));
#208 = CARTESIAN_POINT('',(221.54647763823,-61.67429624673,-11.5));
#209 = CARTESIAN_POINT('',(221.64573306121,-61.63133751954,-11.5));
#210 = CARTESIAN_POINT('',(221.74354374496,-61.58514696396,-11.5));
#211 = CARTESIAN_POINT('',(221.83978042979,-61.53579170598,-11.5));
#212 = CARTESIAN_POINT('',(221.93431869661,-61.48334600808,-11.5));
#213 = CARTESIAN_POINT('',(222.17842765152,-61.33734774561,-11.5));
#214 = CARTESIAN_POINT('',(222.32497200184,-61.23878090065,-11.5));
#215 = CARTESIAN_POINT('',(222.46614950706,-61.132545679,-11.5));
#216 = CARTESIAN_POINT('',(222.601482788,-61.01903832815,-11.5));
#217 = CARTESIAN_POINT('',(222.73053744273,-60.89869243761,-11.5));
#218 = CARTESIAN_POINT('',(222.97416218707,-60.64643806002,-11.5));
#219 = CARTESIAN_POINT('',(223.08885855176,-60.51464514967,-11.5));
#220 = CARTESIAN_POINT('',(223.19662779673,-60.37704933759,-11.5));
#221 = CARTESIAN_POINT('',(223.29713598605,-60.23412706387,-11.5));
#222 = CARTESIAN_POINT('',(223.3900934451,-60.08637517146,-11.5));
#223 = CARTESIAN_POINT('',(223.52774374548,-59.84057303889,-11.5));
#224 = CARTESIAN_POINT('',(223.57727272512,-59.74519786818,-11.5));
#225 = CARTESIAN_POINT('',(223.62378101137,-59.64830250394,-11.5));
#226 = CARTESIAN_POINT('',(223.66721706977,-59.55000855681,-11.5));
#227 = CARTESIAN_POINT('',(223.70753552714,-59.45043919142,-11.5));
#228 = CARTESIAN_POINT('',(223.77010525973,-59.28085499707,-11.5));
#229 = CARTESIAN_POINT('',(223.79403762497,-59.21145287389,-11.5));
#230 = CARTESIAN_POINT('',(223.81648172507,-59.1415525531,-11.5));
#231 = CARTESIAN_POINT('',(223.83742631354,-59.0711940303,-11.5));
#232 = CARTESIAN_POINT('',(223.85686143961,-59.00041750046,-11.5));
#233 = CARTESIAN_POINT('',(223.91606001247,-58.76532113071,-11.5));
#234 = CARTESIAN_POINT('',(223.9492825177,-58.59937375734,-11.5));
#235 = CARTESIAN_POINT('',(223.97433989184,-58.43191602669,-11.5));
#236 = CARTESIAN_POINT('',(223.99116199601,-58.26344515361,-11.5));
#237 = CARTESIAN_POINT('',(223.99971375555,-58.09446038769,-11.5));
#238 = CARTESIAN_POINT('',(224.00039673099,-57.68302816369,-11.5));
#239 = CARTESIAN_POINT('',(223.98377736054,-57.4405621389,-11.5));
#240 = CARTESIAN_POINT('',(223.95013543424,-57.19954691367,-11.5));
#241 = CARTESIAN_POINT('',(223.8996134643,-56.96145565973,-11.5));
#242 = CARTESIAN_POINT('',(223.83250408188,-56.72774859159,-11.5));
#243 = CARTESIAN_POINT('',(223.71238983326,-56.39894994269,-11.5));
#244 = CARTESIAN_POINT('',(223.67235763161,-56.29917300165,-11.5));
#245 = CARTESIAN_POINT('',(223.62919922778,-56.20066346989,-11.5));
#246 = CARTESIAN_POINT('',(223.58295973199,-56.10354489518,-11.5));
#247 = CARTESIAN_POINT('',(223.5336904303,-56.00793928365,-11.5));
#248 = CARTESIAN_POINT('',(223.39668198352,-55.76148872149,-11.5));
#249 = CARTESIAN_POINT('',(223.30408875818,-55.61330918473,-11.5));
#250 = CARTESIAN_POINT('',(223.20391663806,-55.46994480215,-11.5));
#251 = CARTESIAN_POINT('',(223.09645457234,-55.33189451041,-11.5));
#252 = CARTESIAN_POINT('',(222.98203594008,-55.19963692408,-11.5));
#253 = CARTESIAN_POINT('',(222.73891257533,-54.94643622043,-11.5));
#254 = CARTESIAN_POINT('',(222.6100813626,-54.82560818446,-11.5));
#255 = CARTESIAN_POINT('',(222.47494109427,-54.71161254459,-11.5));
#256 = CARTESIAN_POINT('',(222.33392597753,-54.60488523918,-11.5));
#257 = CARTESIAN_POINT('',(222.18751343458,-54.50582490467,-11.5));
#258 = CARTESIAN_POINT('',(221.94003636346,-54.35690727416,-11.5));
#259 = CARTESIAN_POINT('',(221.84187494582,-54.30226883127,-11.5));
#260 = CARTESIAN_POINT('',(221.74187592917,-54.2509652961,-11.5));
#261 = CARTESIAN_POINT('',(221.64017884967,-54.20308006892,-11.5));
#262 = CARTESIAN_POINT('',(221.53692888009,-54.15868822383,-11.5));
#263 = CARTESIAN_POINT('',(221.20552402023,-54.02938517847,-11.5));
#264 = CARTESIAN_POINT('',(220.97217229621,-53.95762077464,-11.5));
#265 = CARTESIAN_POINT('',(220.73378231289,-53.9032548733,-11.5));
#266 = CARTESIAN_POINT('',(220.49197704808,-53.86674328795,-11.5));
#267 = CARTESIAN_POINT('',(220.24843196344,-53.84833721707,-11.5));
#268 = CARTESIAN_POINT('',(219.83142025955,-53.84781968077,-11.5));
#269 = CARTESIAN_POINT('',(219.65794644041,-53.85678746799,-11.5));
#270 = CARTESIAN_POINT('',(219.48507780811,-53.87493899373,-11.5));
#271 = CARTESIAN_POINT('',(219.3134242233,-53.90221407605,-11.5));
#272 = CARTESIAN_POINT('',(219.14358511519,-53.93849286094,-11.5));
#273 = CARTESIAN_POINT('',(218.90423756097,-54.0029685251,-11.5));
#274 = CARTESIAN_POINT('',(218.83276896309,-54.02396806945,-11.5));
#275 = CARTESIAN_POINT('',(218.76178920375,-54.04658158618,-11.5));
#276 = CARTESIAN_POINT('',(218.69134366321,-54.07079318753,-11.5));
#277 = CARTESIAN_POINT('',(218.62147690176,-54.09658515498,-11.5));
#278 = CARTESIAN_POINT('',(218.45168457872,-54.16365633168,-11.5));
#279 = CARTESIAN_POINT('',(218.3524488388,-54.20666595164,-11.5));
#280 = CARTESIAN_POINT('',(218.2546595099,-54.25290673393,-11.5));
#281 = CARTESIAN_POINT('',(218.15844581711,-54.30231148035,-11.5));
#282 = CARTESIAN_POINT('',(218.06393214069,-54.35480585967,-11.5));
#283 = CARTESIAN_POINT('',(217.81989115651,-54.50093050877,-11.5));
#284 = CARTESIAN_POINT('',(217.67339283468,-54.599573698,-11.5));
#285 = CARTESIAN_POINT('',(217.53226538107,-54.70588274092,-11.5));
#286 = CARTESIAN_POINT('',(217.39698597343,-54.81946112908,-11.5));
#287 = CARTESIAN_POINT('',(217.26798879413,-54.93987504078,-11.5));
#288 = CARTESIAN_POINT('',(217.02448508475,-55.19225850581,-11.5));
#289 = CARTESIAN_POINT('',(216.90985222887,-55.32411255076,-11.5));
#290 = CARTESIAN_POINT('',(216.80214958291,-55.46176614862,-11.5));
#291 = CARTESIAN_POINT('',(216.70171085076,-55.60474268837,-11.5));
#292 = CARTESIAN_POINT('',(216.60882547083,-55.75254518079,-11.5));
#293 = CARTESIAN_POINT('',(216.35243167007,-56.21092931749,-11.5));
#294 = CARTESIAN_POINT('',(216.21273586682,-56.53469945512,-11.5));
#295 = CARTESIAN_POINT('',(216.10669612843,-56.87174967513,-11.5));
#296 = CARTESIAN_POINT('',(216.03556132307,-57.21771555735,-11.5));
#297 = CARTESIAN_POINT('',(216.,-57.56816556188,-11.5));
#298 = CARTESIAN_POINT('',(216.,-57.91858428704,-11.5));
#299 = ORIENTED_EDGE('',*,*,#300,.T.);
#300 = EDGE_CURVE('',#169,#301,#303,.T.);
#301 = VERTEX_POINT('',#302);
#302 = CARTESIAN_POINT('',(55.,-53.84803192622,-11.5));
#303 = LINE('',#304,#305);
#304 = CARTESIAN_POINT('',(178.75,-53.84803192622,-11.5));
#305 = VECTOR('',#306,1.);
#306 = DIRECTION('',(-1.,0.,0.));
#307 = ORIENTED_EDGE('',*,*,#308,.T.);
#308 = EDGE_CURVE('',#301,#309,#311,.T.);
#309 = VERTEX_POINT('',#310);
#310 = CARTESIAN_POINT('',(51.,-57.91858428704,-11.5));
#311 = B_SPLINE_CURVE_WITH_KNOTS('',6,(#312,#313,#314,#315,#316,#317,
    #318,#319,#320,#321,#322,#323,#324,#325,#326,#327,#328,#329,#330,
    #331,#332,#333,#334,#335,#336,#337,#338,#339,#340,#341,#342,#343,
    #344,#345,#346,#347,#348,#349,#350,#351,#352,#353,#354,#355,#356,
    #357,#358,#359,#360,#361,#362,#363,#364,#365,#366,#367,#368,#369,
    #370,#371,#372,#373,#374,#375,#376,#377,#378,#379,#380,#381,#382,
    #383,#384,#385,#386,#387,#388,#389,#390,#391,#392,#393,#394,#395,
    #396,#397,#398,#399,#400,#401,#402,#403,#404,#405,#406,#407,#408,
    #409,#410,#411,#412,#413,#414,#415,#416,#417,#418,#419,#420,#421,
    #422,#423,#424,#425,#426,#427,#428,#429,#430,#431,#432,#433,#434,
    #435,#436,#437,#438),.UNSPECIFIED.,.T.,.F.,(7,5,5,5,5,5,5,5,5,5,5,5,
    5,5,5,5,5,5,5,5,5,5,5,5,5,7),(0.,8.360984938809E-02,0.125293757828,
    0.166589262609,0.192044261411,0.249549363859,0.290688364418,
    0.308100857659,0.333571743277,0.374898313475,0.416612528811,
    0.442157381737,0.459746977103,0.499642814849,0.557811013043,
    0.584325060933,0.626019449812,0.667325585272,0.692786014074,
    0.750296987294,0.790407539982,0.807821151794,0.833294186278,
    0.874624996083,0.916343445506,1.),.UNSPECIFIED.);
#312 = CARTESIAN_POINT('',(55.,-61.98913664786,-11.5));
#313 = CARTESIAN_POINT('',(55.354256451906,-61.98913664786,-11.5));
#314 = CARTESIAN_POINT('',(55.708605639301,-61.95083439291,-11.5));
#315 = CARTESIAN_POINT('',(56.057603780788,-61.87419558701,-11.5));
#316 = CARTESIAN_POINT('',(56.396180834324,-61.76038551693,-11.5));
#317 = CARTESIAN_POINT('',(56.719567060036,-61.61134484706,-11.5));
#318 = CARTESIAN_POINT('',(57.174877121293,-61.33968729869,-11.5));
#319 = CARTESIAN_POINT('',(57.321518506435,-61.24128167624,-11.5));
#320 = CARTESIAN_POINT('',(57.462801542806,-61.13520235807,-11.5));
#321 = CARTESIAN_POINT('',(57.598248426366,-61.0218450403,-11.5));
#322 = CARTESIAN_POINT('',(57.727424292102,-60.9016428219,-11.5));
#323 = CARTESIAN_POINT('',(57.971304305771,-60.64966112328,-11.5));
#324 = CARTESIAN_POINT('',(58.086134622284,-60.51799736455,-11.5));
#325 = CARTESIAN_POINT('',(58.194044347785,-60.3805236405,-11.5));
#326 = CARTESIAN_POINT('',(58.294699056746,-60.23771602989,-11.5));
#327 = CARTESIAN_POINT('',(58.387808576046,-60.0900710665,-11.5));
#328 = CARTESIAN_POINT('',(58.525713347892,-59.84442788618,-11.5));
#329 = CARTESIAN_POINT('',(58.575341556682,-59.74910966193,-11.5));
#330 = CARTESIAN_POINT('',(58.621950806336,-59.65226811422,-11.5));
#331 = CARTESIAN_POINT('',(58.665489443903,-59.55402480166,-11.5));
#332 = CARTESIAN_POINT('',(58.705911978314,-59.45450284236,-11.5));
#333 = CARTESIAN_POINT('',(58.827368772892,-59.12639105271,-11.5));
#334 = CARTESIAN_POINT('',(58.895455160766,-58.89306262805,-11.5));
#335 = CARTESIAN_POINT('',(58.946983427999,-58.65528239998,-11.5));
#336 = CARTESIAN_POINT('',(58.981655779012,-58.41450825123,-11.5));
#337 = CARTESIAN_POINT('',(58.999324433993,-58.17221136452,-11.5));
#338 = CARTESIAN_POINT('',(59.000456922637,-57.75650373534,-11.5));
#339 = CARTESIAN_POINT('',(58.992224589327,-57.58311101533,-11.5));
#340 = CARTESIAN_POINT('',(58.975286572696,-57.41023507432,-11.5));
#341 = CARTESIAN_POINT('',(58.949679677733,-57.23841496145,-11.5));
#342 = CARTESIAN_POINT('',(58.915479541262,-57.06818749166,-11.5));
#343 = CARTESIAN_POINT('',(58.854737744935,-56.82893649743,-11.5));
#344 = CARTESIAN_POINT('',(58.835155084826,-56.75816709822,-11.5));
#345 = CARTESIAN_POINT('',(58.814062363344,-56.68781903798,-11.5));
#346 = CARTESIAN_POINT('',(58.79146961574,-56.61793255391,-11.5));
#347 = CARTESIAN_POINT('',(58.76738817602,-56.54854768175,-11.5));
#348 = CARTESIAN_POINT('',(58.704445328014,-56.37900052517,-11.5));
#349 = CARTESIAN_POINT('',(58.663901571461,-56.27945519909,-11.5));
#350 = CARTESIAN_POINT('',(58.620238919123,-56.18119316834,-11.5));
#351 = CARTESIAN_POINT('',(58.573503061739,-56.08433775479,-11.5));
#352 = CARTESIAN_POINT('',(58.523745868952,-55.98901071138,-11.5));
#353 = CARTESIAN_POINT('',(58.385486290453,-55.74333865895,-11.5));
#354 = CARTESIAN_POINT('',(58.292145447896,-55.59568328305,-11.5));
#355 = CARTESIAN_POINT('',(58.19125287853,-55.45288112656,-11.5));
#356 = CARTESIAN_POINT('',(58.083099986508,-55.31542961096,-11.5));
#357 = CARTESIAN_POINT('',(57.96802256278,-55.18380557876,-11.5));
#358 = CARTESIAN_POINT('',(57.723644216734,-54.93194334603,-11.5));
#359 = CARTESIAN_POINT('',(57.594217398688,-54.81182087686,-11.5));
#360 = CARTESIAN_POINT('',(57.458518934512,-54.69856206679,-11.5));
#361 = CARTESIAN_POINT('',(57.316985307833,-54.59260043985,-11.5));
#362 = CARTESIAN_POINT('',(57.170096029063,-54.49433191901,-11.5));
#363 = CARTESIAN_POINT('',(56.925465695412,-54.3488614844,-11.5));
#364 = CARTESIAN_POINT('',(56.83074313614,-54.29662934938,-11.5));
#365 = CARTESIAN_POINT('',(56.734328127807,-54.24749567037,-11.5));
#366 = CARTESIAN_POINT('',(56.636345524344,-54.20153450022,-11.5));
#367 = CARTESIAN_POINT('',(56.536925010561,-54.15881271927,-11.5));
#368 = CARTESIAN_POINT('',(56.366844946619,-54.09224448618,-11.5));
#369 = CARTESIAN_POINT('',(56.296870677127,-54.06666307255,-11.5));
#370 = CARTESIAN_POINT('',(56.226322161492,-54.04266521913,-11.5));
#371 = CARTESIAN_POINT('',(56.155244081663,-54.02026851267,-11.5));
#372 = CARTESIAN_POINT('',(56.083681933729,-53.99948870197,-11.5));
#373 = CARTESIAN_POINT('',(55.848375453742,-53.93690688742,-11.5));
#374 = CARTESIAN_POINT('',(55.682814078163,-53.90186312974,-11.5));
#375 = CARTESIAN_POINT('',(55.515542759482,-53.875371504,-11.5));
#376 = CARTESIAN_POINT('',(55.347116352483,-53.8575423131,-11.5));
#377 = CARTESIAN_POINT('',(55.178099113329,-53.84843205168,-11.5));
#378 = CARTESIAN_POINT('',(54.762610778689,-53.84747422324,-11.5));
#379 = CARTESIAN_POINT('',(54.516097968774,-53.86544370186,-11.5));
#380 = CARTESIAN_POINT('',(54.27132170765,-53.90195987673,-11.5));
#381 = CARTESIAN_POINT('',(54.030018723992,-53.95676603507,-11.5));
#382 = CARTESIAN_POINT('',(53.793871122734,-54.02939136783,-11.5));
#383 = CARTESIAN_POINT('',(53.459943104041,-54.1600157895,-11.5));
#384 = CARTESIAN_POINT('',(53.356793577544,-54.20446883551,-11.5));
#385 = CARTESIAN_POINT('',(53.255197992858,-54.25240959756,-11.5));
#386 = CARTESIAN_POINT('',(53.155301180796,-54.30376301028,-11.5));
#387 = CARTESIAN_POINT('',(53.057242341819,-54.35844570993,-11.5));
#388 = CARTESIAN_POINT('',(52.810053973378,-54.50744803536,-11.5));
#389 = CARTESIAN_POINT('',(52.663826039064,-54.60653799926,-11.5));
#390 = CARTESIAN_POINT('',(52.522992514719,-54.71327899725,-11.5));
#391 = CARTESIAN_POINT('',(52.388029395567,-54.82727299483,-11.5));
#392 = CARTESIAN_POINT('',(52.259369576238,-54.94808481317,-11.5));
#393 = CARTESIAN_POINT('',(52.016576196969,-55.20122325646,-11.5));
#394 = CARTESIAN_POINT('',(51.902316011061,-55.33343476994,-11.5));
#395 = CARTESIAN_POINT('',(51.795004101437,-55.47142618742,-11.5));
#396 = CARTESIAN_POINT('',(51.694972811734,-55.61471989948,-11.5));
#397 = CARTESIAN_POINT('',(51.602510195972,-55.76281806299,-11.5));
#398 = CARTESIAN_POINT('',(51.465687876652,-56.00913468686,-11.5));
#399 = CARTESIAN_POINT('',(51.416481729711,-56.10469409489,-11.5));
#400 = CARTESIAN_POINT('',(51.370301885785,-56.20176351466,-11.5));
#401 = CARTESIAN_POINT('',(51.327199494271,-56.30022116739,-11.5));
#402 = CARTESIAN_POINT('',(51.287219545228,-56.39994373828,-11.5));
#403 = CARTESIAN_POINT('',(51.16723346096,-56.72863869358,-11.5));
#404 = CARTESIAN_POINT('',(51.100195593284,-56.96229132428,-11.5));
#405 = CARTESIAN_POINT('',(51.049736156929,-57.20032199287,-11.5));
#406 = CARTESIAN_POINT('',(51.016147261314,-57.44127174413,-11.5));
#407 = CARTESIAN_POINT('',(50.99957107949,-57.68366869704,-11.5));
#408 = CARTESIAN_POINT('',(51.000310507903,-58.09506593935,-11.5));
#409 = CARTESIAN_POINT('',(51.008889110311,-58.26408595269,-11.5));
#410 = CARTESIAN_POINT('',(51.025741561528,-58.43259062106,-11.5));
#411 = CARTESIAN_POINT('',(51.050832698575,-58.6000803743,-11.5));
#412 = CARTESIAN_POINT('',(51.084092263084,-58.76605768163,-11.5));
#413 = CARTESIAN_POINT('',(51.143353479248,-59.00121334342,-11.5));
#414 = CARTESIAN_POINT('',(51.162812483311,-59.0720209682,-11.5));
#415 = CARTESIAN_POINT('',(51.183782367777,-59.14240986457,-11.5));
#416 = CARTESIAN_POINT('',(51.20625315957,-59.21233977904,-11.5));
#417 = CARTESIAN_POINT('',(51.230213587219,-59.28177065809,-11.5));
#418 = CARTESIAN_POINT('',(51.29286163544,-59.45143944599,-11.5));
#419 = CARTESIAN_POINT('',(51.333232878605,-59.55106326419,-11.5));
#420 = CARTESIAN_POINT('',(51.376725493414,-59.64940914455,-11.5));
#421 = CARTESIAN_POINT('',(51.423293985039,-59.74635368858,-11.5));
#422 = CARTESIAN_POINT('',(51.47288668077,-59.84177505752,-11.5));
#423 = CARTESIAN_POINT('',(51.610724461492,-60.08771062593,-11.5));
#424 = CARTESIAN_POINT('',(51.703813289538,-60.23554335799,-11.5));
#425 = CARTESIAN_POINT('',(51.804463036577,-60.37853570262,-11.5));
#426 = CARTESIAN_POINT('',(51.912383126645,-60.51618972524,-11.5));
#427 = CARTESIAN_POINT('',(52.027238582189,-60.64802798341,-11.5));
#428 = CARTESIAN_POINT('',(52.271194143267,-60.90034269293,-11.5));
#429 = CARTESIAN_POINT('',(52.400420339824,-61.02070363428,-11.5));
#430 = CARTESIAN_POINT('',(52.535930826564,-61.13421144747,-11.5));
#431 = CARTESIAN_POINT('',(52.677289887096,-61.24043179185,-11.5));
#432 = CARTESIAN_POINT('',(52.824018714372,-61.33896782695,-11.5));
#433 = CARTESIAN_POINT('',(53.279540397706,-61.6109333938,-11.5));
#434 = CARTESIAN_POINT('',(53.603071499755,-61.76013409105,-11.5));
#435 = CARTESIAN_POINT('',(53.941818124262,-61.87406859419,-11.5));
#436 = CARTESIAN_POINT('',(54.291003036952,-61.95079209877,-11.5));
#437 = CARTESIAN_POINT('',(54.645548025958,-61.98913664786,-11.5));
#438 = CARTESIAN_POINT('',(55.,-61.98913664786,-11.5));
#439 = ORIENTED_EDGE('',*,*,#440,.T.);
#440 = EDGE_CURVE('',#309,#441,#443,.T.);
#441 = VERTEX_POINT('',#442);
#442 = CARTESIAN_POINT('',(51.,-143.918584287,-11.5));
#443 = LINE('',#444,#445);
#444 = CARTESIAN_POINT('',(51.,-57.91858428704,-11.5));
#445 = VECTOR('',#446,1.);
#446 = DIRECTION('',(0.,-1.,0.));
#447 = ORIENTED_EDGE('',*,*,#448,.T.);
#448 = EDGE_CURVE('',#441,#449,#451,.T.);
#449 = VERTEX_POINT('',#450);
#450 = CARTESIAN_POINT('',(55.,-147.9891366478,-11.50000000001));
#451 = B_SPLINE_CURVE_WITH_KNOTS('',6,(#452,#453,#454,#455,#456,#457,
    #458,#459,#460,#461,#462,#463,#464,#465,#466,#467,#468,#469,#470,
    #471,#472,#473,#474,#475,#476,#477,#478,#479,#480,#481,#482,#483,
    #484,#485,#486,#487,#488,#489,#490,#491,#492,#493,#494,#495,#496,
    #497,#498,#499,#500,#501,#502,#503,#504,#505,#506,#507,#508,#509,
    #510,#511,#512,#513,#514,#515,#516,#517,#518,#519,#520,#521,#522,
    #523,#524,#525,#526,#527,#528,#529,#530,#531,#532,#533,#534,#535,
    #536,#537,#538,#539,#540,#541,#542,#543,#544,#545,#546,#547,#548,
    #549,#550,#551,#552,#553,#554,#555,#556,#557,#558,#559,#560,#561,
    #562,#563,#564,#565,#566,#567,#568,#569,#570,#571,#572,#573,#574,
    #575,#576,#577,#578),.UNSPECIFIED.,.T.,.F.,(7,5,5,5,5,5,5,5,5,5,5,5,
    5,5,5,5,5,5,5,5,5,5,5,5,5,7),(0.,8.299931647585E-02,0.124333619248,
    0.166055556108,0.191604154799,0.20919563403,0.250064915046,
    0.308251267728,0.333782521961,0.375468584632,0.416766286376,
    0.442222377372,0.45962716698,0.499728556262,0.557255698932,
    0.582732319573,0.624070443682,0.665796209458,0.692325878209,
    0.749808525796,0.790748008738,0.808330865689,0.833862555757,
    0.875549568051,0.916848239363,1.),.UNSPECIFIED.);
#452 = CARTESIAN_POINT('',(59.,-143.918584287,-11.5));
#453 = CARTESIAN_POINT('',(59.,-143.5688087356,-11.5));
#454 = CARTESIAN_POINT('',(58.964569098239,-143.2190022471,-11.5));
#455 = CARTESIAN_POINT('',(58.89369528941,-142.8736551049,-11.5));
#456 = CARTESIAN_POINT('',(58.788042099185,-142.5371745857,-11.5));
#457 = CARTESIAN_POINT('',(58.648849358324,-142.2139014387,-11.5));
#458 = CARTESIAN_POINT('',(58.393130933321,-141.7557088876,-11.5));
#459 = CARTESIAN_POINT('',(58.300299588335,-141.6076956518,-11.5));
#460 = CARTESIAN_POINT('',(58.199897968592,-141.4645096936,-11.5));
#461 = CARTESIAN_POINT('',(58.092215804566,-141.3266494694,-11.5));
#462 = CARTESIAN_POINT('',(57.977587243158,-141.1945930317,-11.5));
#463 = CARTESIAN_POINT('',(57.734063911464,-140.9418173847,-11.5));
#464 = CARTESIAN_POINT('',(57.605042848794,-140.8212134616,-11.5));
#465 = CARTESIAN_POINT('',(57.469724612944,-140.7074518992,-11.5));
#466 = CARTESIAN_POINT('',(57.328544136284,-140.6009678698,-11.5));
#467 = CARTESIAN_POINT('',(57.181979506649,-140.5021591481,-11.5));
#468 = CARTESIAN_POINT('',(56.937828192251,-140.3557944599,-11.5));
#469 = CARTESIAN_POINT('',(56.843278756089,-140.3032178783,-11.5));
#470 = CARTESIAN_POINT('',(56.747025548068,-140.2537340789,-11.5));
#471 = CARTESIAN_POINT('',(56.649193149098,-140.2074176024,-11.5));
#472 = CARTESIAN_POINT('',(56.549911001277,-140.1643358414,-11.5));
#473 = CARTESIAN_POINT('',(56.380046968021,-140.0971538519,-11.5));
#474 = CARTESIAN_POINT('',(56.310156750454,-140.0713207132,-11.5));
#475 = CARTESIAN_POINT('',(56.2396865491,-140.047069222,-11.5));
#476 = CARTESIAN_POINT('',(56.168680980301,-140.024417142,-11.5));
#477 = CARTESIAN_POINT('',(56.097185482823,-140.0033804031,-11.5));
#478 = CARTESIAN_POINT('',(55.858114156287,-139.9388852241,-11.5));
#479 = CARTESIAN_POINT('',(55.688584231576,-139.9025914476,-11.5));
#480 = CARTESIAN_POINT('',(55.517241743393,-139.8752694308,-11.5));
#481 = CARTESIAN_POINT('',(55.344682960838,-139.8570387494,-11.5));
#482 = CARTESIAN_POINT('',(55.171514535379,-139.8479597279,-11.5));
#483 = CARTESIAN_POINT('',(54.751819262086,-139.8481355525,-11.5));
#484 = CARTESIAN_POINT('',(54.505277135904,-139.8667885378,-11.5));
#485 = CARTESIAN_POINT('',(54.260524320818,-139.9039948096,-11.5));
#486 = CARTESIAN_POINT('',(54.019298248105,-139.9594919843,-11.5));
#487 = CARTESIAN_POINT('',(53.783280938147,-140.0328035617,-11.5));
#488 = CARTESIAN_POINT('',(53.453522361774,-140.1628723273,-11.5));
#489 = CARTESIAN_POINT('',(53.354266938786,-140.2058310545,-11.5));
#490 = CARTESIAN_POINT('',(53.256456255042,-140.2520216101,-11.5));
#491 = CARTESIAN_POINT('',(53.160219570207,-140.301376868,-11.5));
#492 = CARTESIAN_POINT('',(53.065681303389,-140.353822566,-11.5));
#493 = CARTESIAN_POINT('',(52.821572348476,-140.4998208284,-11.5));
#494 = CARTESIAN_POINT('',(52.675027998161,-140.5983876734,-11.5));
#495 = CARTESIAN_POINT('',(52.533850492943,-140.704622895,-11.5));
#496 = CARTESIAN_POINT('',(52.398517212003,-140.8181302459,-11.5));
#497 = CARTESIAN_POINT('',(52.269462557271,-140.9384761364,-11.5));
#498 = CARTESIAN_POINT('',(52.025837812928,-141.190730514,-11.5));
#499 = CARTESIAN_POINT('',(51.911141448238,-141.3225234244,-11.5));
#500 = CARTESIAN_POINT('',(51.803372203267,-141.4601192364,-11.5));
#501 = CARTESIAN_POINT('',(51.702864013948,-141.6030415102,-11.5));
#502 = CARTESIAN_POINT('',(51.609906554902,-141.7507934026,-11.5));
#503 = CARTESIAN_POINT('',(51.472256254517,-141.9965955351,-11.5));
#504 = CARTESIAN_POINT('',(51.422727274875,-142.0919707058,-11.5));
#505 = CARTESIAN_POINT('',(51.376218988626,-142.1888660701,-11.5));
#506 = CARTESIAN_POINT('',(51.332782930231,-142.2871600172,-11.5));
#507 = CARTESIAN_POINT('',(51.292464472861,-142.3867293826,-11.5));
#508 = CARTESIAN_POINT('',(51.229894740268,-142.556313577,-11.5));
#509 = CARTESIAN_POINT('',(51.205962375026,-142.6257157001,-11.5));
#510 = CARTESIAN_POINT('',(51.183518274922,-142.6956160209,-11.5));
#511 = CARTESIAN_POINT('',(51.162573686456,-142.7659745437,-11.5));
#512 = CARTESIAN_POINT('',(51.143138560385,-142.8367510736,-11.5));
#513 = CARTESIAN_POINT('',(51.083939987524,-143.0718474433,-11.5));
#514 = CARTESIAN_POINT('',(51.0507174823,-143.2377948167,-11.5));
#515 = CARTESIAN_POINT('',(51.025660108156,-143.4052525473,-11.5));
#516 = CARTESIAN_POINT('',(51.008838003983,-143.5737234204,-11.5));
#517 = CARTESIAN_POINT('',(51.000286244448,-143.7427081863,-11.5));
#518 = CARTESIAN_POINT('',(50.999603269001,-144.1541404103,-11.5));
#519 = CARTESIAN_POINT('',(51.016222639451,-144.3966064351,-11.5));
#520 = CARTESIAN_POINT('',(51.049864565757,-144.6376216604,-11.5));
#521 = CARTESIAN_POINT('',(51.100386535696,-144.8757129143,-11.5));
#522 = CARTESIAN_POINT('',(51.167495918117,-145.1094199824,-11.5));
#523 = CARTESIAN_POINT('',(51.287610166729,-145.4382186313,-11.5));
#524 = CARTESIAN_POINT('',(51.327642368384,-145.5379955724,-11.5));
#525 = CARTESIAN_POINT('',(51.370800772214,-145.6365051041,-11.5));
#526 = CARTESIAN_POINT('',(51.417040268001,-145.7336236788,-11.5));
#527 = CARTESIAN_POINT('',(51.466309569693,-145.8292292904,-11.5));
#528 = CARTESIAN_POINT('',(51.603318016477,-146.0756798525,-11.5));
#529 = CARTESIAN_POINT('',(51.695911241816,-146.2238593893,-11.5));
#530 = CARTESIAN_POINT('',(51.796083361932,-146.3672237719,-11.5));
#531 = CARTESIAN_POINT('',(51.903545427655,-146.5052740636,-11.5));
#532 = CARTESIAN_POINT('',(52.017964059915,-146.6375316499,-11.5));
#533 = CARTESIAN_POINT('',(52.26108742466,-146.8907323536,-11.5));
#534 = CARTESIAN_POINT('',(52.389918637396,-147.0115603896,-11.5));
#535 = CARTESIAN_POINT('',(52.525058905721,-147.1255560294,-11.5));
#536 = CARTESIAN_POINT('',(52.666074022458,-147.2322833348,-11.5));
#537 = CARTESIAN_POINT('',(52.812486565412,-147.3313436694,-11.5));
#538 = CARTESIAN_POINT('',(53.059963636529,-147.4802612999,-11.5));
#539 = CARTESIAN_POINT('',(53.158125054167,-147.5348997428,-11.5));
#540 = CARTESIAN_POINT('',(53.258124070825,-147.5862032779,-11.5));
#541 = CARTESIAN_POINT('',(53.359821150324,-147.6340885051,-11.5));
#542 = CARTESIAN_POINT('',(53.463071119897,-147.6784803502,-11.5));
#543 = CARTESIAN_POINT('',(53.794475979761,-147.8077833956,-11.5));
#544 = CARTESIAN_POINT('',(54.02782770378,-147.8795477994,-11.5));
#545 = CARTESIAN_POINT('',(54.266217687103,-147.9339137007,-11.5));
#546 = CARTESIAN_POINT('',(54.508022951911,-147.9704252861,-11.5));
#547 = CARTESIAN_POINT('',(54.751568036555,-147.988831357,-11.5));
#548 = CARTESIAN_POINT('',(55.168579740433,-147.9893488933,-11.5));
#549 = CARTESIAN_POINT('',(55.342053559571,-147.980381106,-11.5));
#550 = CARTESIAN_POINT('',(55.514922191867,-147.9622295803,-11.5));
#551 = CARTESIAN_POINT('',(55.686575776672,-147.934954498,-11.5));
#552 = CARTESIAN_POINT('',(55.856414884775,-147.8986757131,-11.5));
#553 = CARTESIAN_POINT('',(56.095762438994,-147.8342000489,-11.5));
#554 = CARTESIAN_POINT('',(56.167231036873,-147.8132005046,-11.5));
#555 = CARTESIAN_POINT('',(56.238210796214,-147.7905869879,-11.5));
#556 = CARTESIAN_POINT('',(56.308656336759,-147.7663753865,-11.5));
#557 = CARTESIAN_POINT('',(56.378523098204,-147.7405834191,-11.5));
#558 = CARTESIAN_POINT('',(56.548315421249,-147.6735122424,-11.5));
#559 = CARTESIAN_POINT('',(56.64755116117,-147.6305026224,-11.5));
#560 = CARTESIAN_POINT('',(56.745340490067,-147.5842618401,-11.5));
#561 = CARTESIAN_POINT('',(56.841554182859,-147.5348570937,-11.5));
#562 = CARTESIAN_POINT('',(56.936067859279,-147.4823627144,-11.5));
#563 = CARTESIAN_POINT('',(57.180108843456,-147.3362380653,-11.5));
#564 = CARTESIAN_POINT('',(57.326607165293,-147.237594876,-11.5));
#565 = CARTESIAN_POINT('',(57.467734618897,-147.1312858331,-11.5));
#566 = CARTESIAN_POINT('',(57.603014026547,-147.017707445,-11.5));
#567 = CARTESIAN_POINT('',(57.732011205839,-146.8972935333,-11.5));
#568 = CARTESIAN_POINT('',(57.975514915228,-146.6449100682,-11.5));
#569 = CARTESIAN_POINT('',(58.090147771102,-146.5130560233,-11.5));
#570 = CARTESIAN_POINT('',(58.197850417067,-146.3754024254,-11.5));
#571 = CARTESIAN_POINT('',(58.29828914922,-146.2324258857,-11.5));
#572 = CARTESIAN_POINT('',(58.39117452915,-146.0846233933,-11.5));
#573 = CARTESIAN_POINT('',(58.647568329914,-145.6262392566,-11.5));
#574 = CARTESIAN_POINT('',(58.787264133174,-145.3024691189,-11.5));
#575 = CARTESIAN_POINT('',(58.893303871561,-144.9654188989,-11.5));
#576 = CARTESIAN_POINT('',(58.964438676922,-144.6194530167,-11.5));
#577 = CARTESIAN_POINT('',(59.,-144.2690030122,-11.5));
#578 = CARTESIAN_POINT('',(59.,-143.918584287,-11.5));
#579 = ORIENTED_EDGE('',*,*,#580,.T.);
#580 = EDGE_CURVE('',#449,#581,#583,.T.);
#581 = VERTEX_POINT('',#582);
#582 = CARTESIAN_POINT('',(220.,-147.9891366478,-11.5));
#583 = LINE('',#584,#585);
#584 = CARTESIAN_POINT('',(96.25,-147.9891366478,-11.5));
#585 = VECTOR('',#586,1.);
#586 = DIRECTION('',(1.,0.,0.));
#587 = ORIENTED_EDGE('',*,*,#588,.T.);
#588 = EDGE_CURVE('',#581,#159,#589,.T.);
#589 = B_SPLINE_CURVE_WITH_KNOTS('',6,(#590,#591,#592,#593,#594,#595,
    #596,#597,#598,#599,#600,#601,#602,#603,#604,#605,#606,#607,#608,
    #609,#610,#611,#612,#613,#614,#615,#616,#617,#618,#619,#620,#621,
    #622,#623,#624,#625,#626,#627,#628,#629,#630,#631,#632,#633,#634,
    #635,#636,#637,#638,#639,#640,#641,#642,#643,#644,#645,#646,#647,
    #648,#649,#650,#651,#652,#653,#654,#655,#656,#657,#658,#659,#660,
    #661,#662,#663,#664,#665,#666,#667,#668,#669,#670,#671,#672,#673,
    #674,#675,#676,#677,#678,#679,#680,#681,#682,#683,#684,#685,#686,
    #687,#688,#689,#690,#691,#692,#693,#694,#695,#696,#697,#698,#699,
    #700,#701,#702,#703,#704,#705,#706,#707,#708,#709,#710,#711,#712,
    #713,#714,#715,#716),.UNSPECIFIED.,.T.,.F.,(7,5,5,5,5,5,5,5,5,5,5,5,
    5,5,5,5,5,5,5,5,5,5,5,5,5,7),(0.,8.360984938819E-02,0.125293757828,
    0.166589262609,0.192044261411,0.249549363859,0.290688364418,
    0.308100857659,0.333571743277,0.374898313475,0.416612528811,
    0.442157381737,0.459746977103,0.499642814849,0.557811013044,
    0.584325060935,0.626019449813,0.667325585273,0.692786014076,
    0.750296987295,0.790407539983,0.807821151795,0.833294186279,
    0.874624996084,0.916343445507,1.),.UNSPECIFIED.);
#590 = CARTESIAN_POINT('',(220.,-139.8480319262,-11.5));
#591 = CARTESIAN_POINT('',(219.64574354809,-139.8480319262,-11.5));
#592 = CARTESIAN_POINT('',(219.29139436069,-139.8863341811,-11.5));
#593 = CARTESIAN_POINT('',(218.94239621921,-139.962972987,-11.5));
#594 = CARTESIAN_POINT('',(218.60381916567,-140.0767830571,-11.5));
#595 = CARTESIAN_POINT('',(218.28043293996,-140.225823727,-11.5));
#596 = CARTESIAN_POINT('',(217.8251228787,-140.4974812753,-11.5));
#597 = CARTESIAN_POINT('',(217.67848149356,-140.5958868978,-11.5));
#598 = CARTESIAN_POINT('',(217.53719845719,-140.701966216,-11.5));
#599 = CARTESIAN_POINT('',(217.40175157363,-140.8153235337,-11.5));
#600 = CARTESIAN_POINT('',(217.27257570789,-140.9355257521,-11.5));
#601 = CARTESIAN_POINT('',(217.02869569422,-141.1875074508,-11.5));
#602 = CARTESIAN_POINT('',(216.91386537771,-141.3191712095,-11.5));
#603 = CARTESIAN_POINT('',(216.80595565221,-141.4566449335,-11.5));
#604 = CARTESIAN_POINT('',(216.70530094325,-141.5994525441,-11.5));
#605 = CARTESIAN_POINT('',(216.61219142395,-141.7470975075,-11.5));
#606 = CARTESIAN_POINT('',(216.4742866521,-141.9927406879,-11.5));
#607 = CARTESIAN_POINT('',(216.42465844331,-142.0880589121,-11.5));
#608 = CARTESIAN_POINT('',(216.37804919366,-142.1849004598,-11.5));
#609 = CARTESIAN_POINT('',(216.33451055609,-142.2831437724,-11.5));
#610 = CARTESIAN_POINT('',(216.29408802168,-142.3826657317,-11.5));
#611 = CARTESIAN_POINT('',(216.1726312271,-142.7107775213,-11.5));
#612 = CARTESIAN_POINT('',(216.10454483923,-142.944105946,-11.5));
#613 = CARTESIAN_POINT('',(216.053016572,-143.1818861741,-11.5));
#614 = CARTESIAN_POINT('',(216.01834422098,-143.4226603228,-11.5));
#615 = CARTESIAN_POINT('',(216.000675566,-143.6649572095,-11.5));
#616 = CARTESIAN_POINT('',(215.99954307736,-144.0806648387,-11.5));
#617 = CARTESIAN_POINT('',(216.00777541067,-144.2540575587,-11.5));
#618 = CARTESIAN_POINT('',(216.0247134273,-144.4269334997,-11.5));
#619 = CARTESIAN_POINT('',(216.05032032226,-144.5987536126,-11.5));
#620 = CARTESIAN_POINT('',(216.08452045873,-144.7689810824,-11.5));
#621 = CARTESIAN_POINT('',(216.14526225506,-145.0082320766,-11.5));
#622 = CARTESIAN_POINT('',(216.16484491517,-145.0790014758,-11.5));
#623 = CARTESIAN_POINT('',(216.18593763665,-145.149349536,-11.5));
#624 = CARTESIAN_POINT('',(216.20853038426,-145.2192360201,-11.5));
#625 = CARTESIAN_POINT('',(216.23261182398,-145.2886208923,-11.5));
#626 = CARTESIAN_POINT('',(216.29555467198,-145.4581680489,-11.5));
#627 = CARTESIAN_POINT('',(216.33609842853,-145.5577133749,-11.5));
#628 = CARTESIAN_POINT('',(216.37976108087,-145.6559754057,-11.5));
#629 = CARTESIAN_POINT('',(216.42649693826,-145.7528308192,-11.5));
#630 = CARTESIAN_POINT('',(216.47625413104,-145.8481578627,-11.5));
#631 = CARTESIAN_POINT('',(216.61451370954,-146.0938299151,-11.5));
#632 = CARTESIAN_POINT('',(216.7078545521,-146.241485291,-11.5));
#633 = CARTESIAN_POINT('',(216.80874712147,-146.3842874475,-11.5));
#634 = CARTESIAN_POINT('',(216.91690001349,-146.5217389631,-11.5));
#635 = CARTESIAN_POINT('',(217.03197743722,-146.6533629953,-11.5));
#636 = CARTESIAN_POINT('',(217.27635578326,-146.905225228,-11.5));
#637 = CARTESIAN_POINT('',(217.40578260131,-147.0253476972,-11.5));
#638 = CARTESIAN_POINT('',(217.54148106548,-147.1386065072,-11.5));
#639 = CARTESIAN_POINT('',(217.68301469216,-147.2445681342,-11.5));
#640 = CARTESIAN_POINT('',(217.82990397093,-147.342836655,-11.5));
#641 = CARTESIAN_POINT('',(218.07453430458,-147.4883070896,-11.5));
#642 = CARTESIAN_POINT('',(218.16925686385,-147.5405392247,-11.5));
#643 = CARTESIAN_POINT('',(218.26567187219,-147.5896729037,-11.5));
#644 = CARTESIAN_POINT('',(218.36365447565,-147.6356340738,-11.5));
#645 = CARTESIAN_POINT('',(218.46307498943,-147.6783558548,-11.5));
#646 = CARTESIAN_POINT('',(218.63315505338,-147.7449240879,-11.5));
#647 = CARTESIAN_POINT('',(218.70312932287,-147.7705055015,-11.5));
#648 = CARTESIAN_POINT('',(218.7736778385,-147.7945033549,-11.5));
#649 = CARTESIAN_POINT('',(218.84475591833,-147.8169000614,-11.5));
#650 = CARTESIAN_POINT('',(218.91631806627,-147.8376798721,-11.5));
#651 = CARTESIAN_POINT('',(219.15162454625,-147.9002616866,-11.5));
#652 = CARTESIAN_POINT('',(219.31718592183,-147.9353054443,-11.5));
#653 = CARTESIAN_POINT('',(219.48445724051,-147.96179707,-11.5));
#654 = CARTESIAN_POINT('',(219.65288364751,-147.9796262609,-11.5));
#655 = CARTESIAN_POINT('',(219.82190088667,-147.9887365223,-11.5));
#656 = CARTESIAN_POINT('',(220.23738922131,-147.9896943508,-11.5));
#657 = CARTESIAN_POINT('',(220.48390203123,-147.9717248722,-11.5));
#658 = CARTESIAN_POINT('',(220.72867829236,-147.9352086973,-11.5));
#659 = CARTESIAN_POINT('',(220.96998127602,-147.880402539,-11.5));
#660 = CARTESIAN_POINT('',(221.20612887728,-147.8077772062,-11.5));
#661 = CARTESIAN_POINT('',(221.54005689597,-147.6771527845,-11.5));
#662 = CARTESIAN_POINT('',(221.64320642247,-147.6326997385,-11.5));
#663 = CARTESIAN_POINT('',(221.74480200716,-147.5847589765,-11.5));
#664 = CARTESIAN_POINT('',(221.84469881922,-147.5334055637,-11.5));
#665 = CARTESIAN_POINT('',(221.9427576582,-147.4787228641,-11.5));
#666 = CARTESIAN_POINT('',(222.18994602664,-147.3297205387,-11.5));
#667 = CARTESIAN_POINT('',(222.33617396095,-147.2306305748,-11.5));
#668 = CARTESIAN_POINT('',(222.47700748529,-147.1238895768,-11.5));
#669 = CARTESIAN_POINT('',(222.61197060445,-147.0098955792,-11.5));
#670 = CARTESIAN_POINT('',(222.74063042377,-146.8890837608,-11.5));
#671 = CARTESIAN_POINT('',(222.98342380304,-146.6359453176,-11.5));
#672 = CARTESIAN_POINT('',(223.09768398895,-146.5037338041,-11.5));
#673 = CARTESIAN_POINT('',(223.20499589857,-146.3657423866,-11.5));
#674 = CARTESIAN_POINT('',(223.30502718827,-146.2224486745,-11.5));
#675 = CARTESIAN_POINT('',(223.39748980404,-146.074350511,-11.5));
#676 = CARTESIAN_POINT('',(223.53431212335,-145.8280338872,-11.5));
#677 = CARTESIAN_POINT('',(223.58351827029,-145.7324744791,-11.5));
#678 = CARTESIAN_POINT('',(223.62969811422,-145.6354050593,-11.5));
#679 = CARTESIAN_POINT('',(223.67280050573,-145.5369474066,-11.5));
#680 = CARTESIAN_POINT('',(223.71278045478,-145.4372248357,-11.5));
#681 = CARTESIAN_POINT('',(223.83276653904,-145.1085298804,-11.5));
#682 = CARTESIAN_POINT('',(223.89980440672,-144.8748772497,-11.5));
#683 = CARTESIAN_POINT('',(223.95026384307,-144.6368465811,-11.5));
#684 = CARTESIAN_POINT('',(223.98385273868,-144.3958968299,-11.5));
#685 = CARTESIAN_POINT('',(224.00042892051,-144.153499877,-11.5));
#686 = CARTESIAN_POINT('',(223.99968949209,-143.7421026347,-11.5));
#687 = CARTESIAN_POINT('',(223.99111088968,-143.5730826213,-11.5));
#688 = CARTESIAN_POINT('',(223.97425843846,-143.404577953,-11.5));
#689 = CARTESIAN_POINT('',(223.94916730142,-143.2370881997,-11.5));
#690 = CARTESIAN_POINT('',(223.91590773691,-143.0711108924,-11.5));
#691 = CARTESIAN_POINT('',(223.85664652074,-142.8359552306,-11.5));
#692 = CARTESIAN_POINT('',(223.83718751668,-142.7651476058,-11.5));
#693 = CARTESIAN_POINT('',(223.81621763221,-142.6947587094,-11.5));
#694 = CARTESIAN_POINT('',(223.79374684042,-142.624828795,-11.5));
#695 = CARTESIAN_POINT('',(223.76978641277,-142.5553979159,-11.5));
#696 = CARTESIAN_POINT('',(223.70713836455,-142.385729128,-11.5));
#697 = CARTESIAN_POINT('',(223.66676712138,-142.2861053098,-11.5));
#698 = CARTESIAN_POINT('',(223.62327450657,-142.1877594295,-11.5));
#699 = CARTESIAN_POINT('',(223.57670601495,-142.0908148854,-11.5));
#700 = CARTESIAN_POINT('',(223.52711331922,-141.9953935165,-11.5));
#701 = CARTESIAN_POINT('',(223.38927553849,-141.7494579481,-11.5));
#702 = CARTESIAN_POINT('',(223.29618671044,-141.601625216,-11.5));
#703 = CARTESIAN_POINT('',(223.19553696341,-141.4586328714,-11.5));
#704 = CARTESIAN_POINT('',(223.08761687334,-141.3209788488,-11.5));
#705 = CARTESIAN_POINT('',(222.97276141779,-141.1891405906,-11.5));
#706 = CARTESIAN_POINT('',(222.72880585671,-140.9368258811,-11.5));
#707 = CARTESIAN_POINT('',(222.59957966016,-140.8164649397,-11.5));
#708 = CARTESIAN_POINT('',(222.46406917341,-140.7029571265,-11.5));
#709 = CARTESIAN_POINT('',(222.32271011288,-140.5967367822,-11.5));
#710 = CARTESIAN_POINT('',(222.17598128561,-140.4982007471,-11.5));
#711 = CARTESIAN_POINT('',(221.72045960227,-140.2262351802,-11.5));
#712 = CARTESIAN_POINT('',(221.39692850023,-140.077034483,-11.5));
#713 = CARTESIAN_POINT('',(221.05818187572,-139.9630999798,-11.5));
#714 = CARTESIAN_POINT('',(220.70899696304,-139.8863764753,-11.5));
#715 = CARTESIAN_POINT('',(220.35445197403,-139.8480319262,-11.5));
#716 = CARTESIAN_POINT('',(220.,-139.8480319262,-11.5));
#717 = PLANE('',#718);
#718 = AXIS2_PLACEMENT_3D('',#719,#720,#721);
#719 = CARTESIAN_POINT('',(137.5,-100.918584287,-11.5));
#720 = DIRECTION('',(0.,0.,1.));
#721 = DIRECTION('',(1.,0.,0.));
#722 = ADVANCED_FACE('',(#723),#845,.F.);
#723 = FACE_BOUND('',#724,.F.);
#724 = EDGE_LOOP('',(#725,#726,#734,#844));
#725 = ORIENTED_EDGE('',*,*,#149,.F.);
#726 = ORIENTED_EDGE('',*,*,#727,.T.);
#727 = EDGE_CURVE('',#142,#728,#730,.T.);
#728 = VERTEX_POINT('',#729);
#729 = CARTESIAN_POINT('',(53.,-61.42871870789,1.6));
#730 = LINE('',#731,#732);
#731 = CARTESIAN_POINT('',(53.,-57.91858428704,-11.5));
#732 = VECTOR('',#733,1.);
#733 = DIRECTION('',(0.,-0.258819045103,0.965925826289));
#734 = ORIENTED_EDGE('',*,*,#735,.F.);
#735 = EDGE_CURVE('',#76,#728,#736,.T.);
#736 = B_SPLINE_CURVE_WITH_KNOTS('',4,(#737,#738,#739,#740,#741,#742,
    #743,#744,#745,#746,#747,#748,#749,#750,#751,#752,#753,#754,#755,
    #756,#757,#758,#759,#760,#761,#762,#763,#764,#765,#766,#767,#768,
    #769,#770,#771,#772,#773,#774,#775,#776,#777,#778,#779,#780,#781,
    #782,#783,#784,#785,#786,#787,#788,#789,#790,#791,#792,#793,#794,
    #795,#796,#797,#798,#799,#800,#801,#802,#803,#804,#805,#806,#807,
    #808,#809,#810,#811,#812,#813,#814,#815,#816,#817,#818,#819,#820,
    #821,#822,#823,#824,#825,#826,#827,#828,#829,#830,#831,#832,#833,
    #834,#835,#836,#837,#838,#839,#840,#841,#842,#843),.UNSPECIFIED.,.F.
  ,.F.,(5,3,3,3,3,3,3,3,3,3,3,3,3,3,3,3,3,3,3,3,3,3,3,3,3,3,3,3,3,3,3,3,
    3,3,3,5),(0.,2.200000019345E-02,9.599999339734E-02,0.121999993606,
    0.150999993815,0.175999994022,0.202999994232,0.228999994441,
    0.25799999465,0.286999994858,0.313999995068,0.353999995105,
    0.375999995299,0.407999995492,0.423999995642,0.450999995852,
    0.478999996062,0.507999996271,0.536999996479,0.559999996678,
    0.588999996887,0.616999997097,0.643999997307,0.670999997517,
    0.699999997726,0.728999997934,0.756999998144,0.778999998338,
    0.807999998546,0.835999998756,0.864999998965,0.887999999164,
    0.913999999373,0.941999999583,0.970999999791,1.),.UNSPECIFIED.);
#737 = CARTESIAN_POINT('',(55.,-59.42871870789,1.6));
#738 = CARTESIAN_POINT('',(54.982721240419,-59.42871870789,1.6));
#739 = CARTESIAN_POINT('',(54.965442480742,-59.42891774491,1.6));
#740 = CARTESIAN_POINT('',(54.94816716052,-59.42931581895,1.6));
#741 = CARTESIAN_POINT('',(54.872813959373,-59.43192087573,1.6));
#742 = CARTESIAN_POINT('',(54.814806965393,-59.43617951281,1.6));
#743 = CARTESIAN_POINT('',(54.757008725508,-59.44268418856,1.6));
#744 = CARTESIAN_POINT('',(54.679360204911,-59.45448287785,1.6));
#745 = CARTESIAN_POINT('',(54.659213349637,-59.45782537644,1.6));
#746 = CARTESIAN_POINT('',(54.639113869244,-59.46144186122,1.6));
#747 = CARTESIAN_POINT('',(54.5967077445,-59.46966941608,1.6));
#748 = CARTESIAN_POINT('',(54.574414023372,-59.47434709765,1.6));
#749 = CARTESIAN_POINT('',(54.552193908867,-59.47936279481,1.6));
#750 = CARTESIAN_POINT('',(54.510969844227,-59.48932832991,1.6));
#751 = CARTESIAN_POINT('',(54.491945021776,-59.4941918285,1.6));
#752 = CARTESIAN_POINT('',(54.4729854981,-59.499303966,1.6));
#753 = CARTESIAN_POINT('',(54.433695610309,-59.51045151532,1.6));
#754 = CARTESIAN_POINT('',(54.413376919449,-59.51652807154,1.6));
#755 = CARTESIAN_POINT('',(54.393146173409,-59.52289129781,1.6));
#756 = CARTESIAN_POINT('',(54.353618452909,-59.53594088512,1.6));
#757 = CARTESIAN_POINT('',(54.334314645237,-59.54260654965,1.6));
#758 = CARTESIAN_POINT('',(54.315103378645,-59.54953441441,1.6));
#759 = CARTESIAN_POINT('',(54.274671162763,-59.56473993951,1.6));
#760 = CARTESIAN_POINT('',(54.253474097694,-59.57308111084,1.6));
#761 = CARTESIAN_POINT('',(54.232406146961,-59.58174322135,1.6));
#762 = CARTESIAN_POINT('',(54.190542955667,-59.59970310805,1.6));
#763 = CARTESIAN_POINT('',(54.169747714404,-59.60900088452,1.6));
#764 = CARTESIAN_POINT('',(54.149096068257,-59.61861338774,1.6));
#765 = CARTESIAN_POINT('',(54.109508009004,-59.63777658213,1.6));
#766 = CARTESIAN_POINT('',(54.090551527665,-59.64728581706,1.6));
#767 = CARTESIAN_POINT('',(54.071731388188,-59.65706211922,1.6));
#768 = CARTESIAN_POINT('',(54.025381788384,-59.6819770836,1.6));
#769 = CARTESIAN_POINT('',(53.99802191694,-59.69743123859,1.6));
#770 = CARTESIAN_POINT('',(53.970991791498,-59.71345515168,1.6));
#771 = CARTESIAN_POINT('',(53.929633427531,-59.73915842306,1.6));
#772 = CARTESIAN_POINT('',(53.91506293967,-59.74844798899,1.6));
#773 = CARTESIAN_POINT('',(53.900600433875,-59.7579047896,1.6));
#774 = CARTESIAN_POINT('',(53.865373615298,-59.78152272021,1.6));
#775 = CARTESIAN_POINT('',(53.844732965117,-59.7958682978,1.6));
#776 = CARTESIAN_POINT('',(53.824335609422,-59.81055774698,1.6));
#777 = CARTESIAN_POINT('',(53.794117246083,-59.83309823375,1.6));
#778 = CARTESIAN_POINT('',(53.784107403179,-59.84069611496,1.6));
#779 = CARTESIAN_POINT('',(53.774161565665,-59.84837759073,1.6));
#780 = CARTESIAN_POINT('',(53.747606937606,-59.86924402033,1.6));
#781 = CARTESIAN_POINT('',(53.731118328844,-59.88258191803,1.6));
#782 = CARTESIAN_POINT('',(53.714819947121,-59.89615160804,1.6));
#783 = CARTESIAN_POINT('',(53.682016875348,-59.92425731132,1.6));
#784 = CARTESIAN_POINT('',(53.665526900964,-59.93881050063,1.6));
#785 = CARTESIAN_POINT('',(53.649252083041,-59.95360390712,1.6));
#786 = CARTESIAN_POINT('',(53.616569739999,-59.98419820378,1.6));
#787 = CARTESIAN_POINT('',(53.600178233505,-60.00001620686,1.6));
#788 = CARTESIAN_POINT('',(53.584028831215,-60.01608130917,1.6));
#789 = CARTESIAN_POINT('',(53.552225236698,-60.04869443063,1.6));
#790 = CARTESIAN_POINT('',(53.536571043937,-60.06524245032,1.6));
#791 = CARTESIAN_POINT('',(53.521169956473,-60.08202628812,1.6));
#792 = CARTESIAN_POINT('',(53.494017450125,-60.11253373864,1.6));
#793 = CARTESIAN_POINT('',(53.482170188923,-60.12617204961,1.6));
#794 = CARTESIAN_POINT('',(53.470488041947,-60.13995205563,1.6));
#795 = CARTESIAN_POINT('',(53.444455197188,-60.17142035923,1.6));
#796 = CARTESIAN_POINT('',(53.43020335968,-60.18919044179,1.6));
#797 = CARTESIAN_POINT('',(53.416223024141,-60.20717490522,1.6));
#798 = CARTESIAN_POINT('',(53.389287393108,-60.24293267802,1.6));
#799 = CARTESIAN_POINT('',(53.376313374465,-60.26069188449,1.6));
#800 = CARTESIAN_POINT('',(53.363601142042,-60.27863941136,1.6));
#801 = CARTESIAN_POINT('',(53.339152792398,-60.31425191302,1.6));
#802 = CARTESIAN_POINT('',(53.327398028182,-60.33190408717,1.6));
#803 = CARTESIAN_POINT('',(53.315894015575,-60.34972069256,1.6));
#804 = CARTESIAN_POINT('',(53.293394240085,-60.38567198598,1.6));
#805 = CARTESIAN_POINT('',(53.282398476919,-60.40380667446,1.6));
#806 = CARTESIAN_POINT('',(53.271660211564,-60.42209501476,1.6));
#807 = CARTESIAN_POINT('',(53.249928839435,-60.46033360678,1.6));
#808 = CARTESIAN_POINT('',(53.238975775701,-60.48030661611,1.6));
#809 = CARTESIAN_POINT('',(53.228327287435,-60.50044365671,1.6));
#810 = CARTESIAN_POINT('',(53.207646615812,-60.5410317601,1.6));
#811 = CARTESIAN_POINT('',(53.197614432109,-60.56148282356,1.6));
#812 = CARTESIAN_POINT('',(53.187893977466,-60.58208387859,1.6));
#813 = CARTESIAN_POINT('',(53.169407360112,-60.6228563143,1.6));
#814 = CARTESIAN_POINT('',(53.160619848711,-60.64301801605,1.6));
#815 = CARTESIAN_POINT('',(53.152128899695,-60.66330639594,1.6));
#816 = CARTESIAN_POINT('',(53.137500783622,-60.69975010463,1.6));
#817 = CARTESIAN_POINT('',(53.131249125121,-60.71585947823,1.6));
#818 = CARTESIAN_POINT('',(53.125183460432,-60.73203980158,1.6));
#819 = CARTESIAN_POINT('',(53.111556027035,-60.76970570949,1.6));
#820 = CARTESIAN_POINT('',(53.104132310931,-60.79124124166,1.6));
#821 = CARTESIAN_POINT('',(53.097036491957,-60.81288702785,1.6));
#822 = CARTESIAN_POINT('',(53.083738624967,-60.85563411276,1.6));
#823 = CARTESIAN_POINT('',(53.077514194421,-60.8767284494,1.6));
#824 = CARTESIAN_POINT('',(53.071599725345,-60.89791178317,1.6));
#825 = CARTESIAN_POINT('',(53.060194227148,-60.94120221105,1.6));
#826 = CARTESIAN_POINT('',(53.054725864665,-60.96331527774,1.6));
#827 = CARTESIAN_POINT('',(53.049593944334,-60.98550883762,1.6));
#828 = CARTESIAN_POINT('',(53.040998129401,-61.02543470773,1.6));
#829 = CARTESIAN_POINT('',(53.037408803871,-61.04314001389,1.6));
#830 = CARTESIAN_POINT('',(53.034032975087,-61.06088726449,1.6));
#831 = CARTESIAN_POINT('',(53.027297298431,-61.09877774043,1.6));
#832 = CARTESIAN_POINT('',(53.023996968721,-61.11893154647,1.6));
#833 = CARTESIAN_POINT('',(53.020971335537,-61.13912841796,1.6));
#834 = CARTESIAN_POINT('',(53.015259439885,-61.18115352526,1.6));
#835 = CARTESIAN_POINT('',(53.012617185934,-61.20298774309,1.6));
#836 = CARTESIAN_POINT('',(53.010295356767,-61.22485835541,1.6));
#837 = CARTESIAN_POINT('',(53.006222382728,-61.26944038562,1.6));
#838 = CARTESIAN_POINT('',(53.00449458089,-61.2921539368,1.6));
#839 = CARTESIAN_POINT('',(53.003111908885,-61.31489110736,1.6));
#840 = CARTESIAN_POINT('',(53.001037542153,-61.36039694564,1.6));
#841 = CARTESIAN_POINT('',(53.000345847391,-61.38316561414,1.6));
#842 = CARTESIAN_POINT('',(53.,-61.4059421612,1.6));
#843 = CARTESIAN_POINT('',(53.,-61.42871870789,1.6));
#844 = ORIENTED_EDGE('',*,*,#83,.F.);
#845 = SURFACE_OF_LINEAR_EXTRUSION('',#846,#851);
#846 = CIRCLE('',#847,2.);
#847 = AXIS2_PLACEMENT_3D('',#848,#849,#850);
#848 = CARTESIAN_POINT('',(55.,-57.91858428704,-11.5));
#849 = DIRECTION('',(-0.,0.,-1.));
#850 = DIRECTION('',(-1.1E-16,-1.,0.));
#851 = VECTOR('',#852,1.);
#852 = DIRECTION('',(0.,0.258819045103,-0.965925826289));
#853 = ADVANCED_FACE('',(#854,#907),#918,.F.);
#854 = FACE_BOUND('',#855,.F.);
#855 = EDGE_LOOP('',(#856,#867,#875,#884,#892,#899,#900,#901));
#856 = ORIENTED_EDGE('',*,*,#857,.T.);
#857 = EDGE_CURVE('',#858,#860,#862,.T.);
#858 = VERTEX_POINT('',#859);
#859 = CARTESIAN_POINT('',(53.,-69.,1.6));
#860 = VERTEX_POINT('',#861);
#861 = CARTESIAN_POINT('',(55.,-71.,1.6));
#862 = CIRCLE('',#863,2.);
#863 = AXIS2_PLACEMENT_3D('',#864,#865,#866);
#864 = CARTESIAN_POINT('',(55.,-69.,1.6));
#865 = DIRECTION('',(0.,0.,1.));
#866 = DIRECTION('',(1.,0.,0.));
#867 = ORIENTED_EDGE('',*,*,#868,.T.);
#868 = EDGE_CURVE('',#860,#869,#871,.T.);
#869 = VERTEX_POINT('',#870);
#870 = CARTESIAN_POINT('',(63.,-71.,1.6));
#871 = LINE('',#872,#873);
#872 = CARTESIAN_POINT('',(55.,-71.,1.6));
#873 = VECTOR('',#874,1.);
#874 = DIRECTION('',(1.,0.,0.));
#875 = ORIENTED_EDGE('',*,*,#876,.T.);
#876 = EDGE_CURVE('',#869,#877,#879,.T.);
#877 = VERTEX_POINT('',#878);
#878 = CARTESIAN_POINT('',(65.,-69.,1.6));
#879 = CIRCLE('',#880,2.);
#880 = AXIS2_PLACEMENT_3D('',#881,#882,#883);
#881 = CARTESIAN_POINT('',(63.,-69.,1.6));
#882 = DIRECTION('',(0.,0.,1.));
#883 = DIRECTION('',(1.,0.,0.));
#884 = ORIENTED_EDGE('',*,*,#885,.T.);
#885 = EDGE_CURVE('',#877,#886,#888,.T.);
#886 = VERTEX_POINT('',#887);
#887 = CARTESIAN_POINT('',(65.,-61.,1.6));
#888 = LINE('',#889,#890);
#889 = CARTESIAN_POINT('',(65.,-69.,1.6));
#890 = VECTOR('',#891,1.);
#891 = DIRECTION('',(0.,1.,0.));
#892 = ORIENTED_EDGE('',*,*,#893,.T.);
#893 = EDGE_CURVE('',#886,#66,#894,.T.);
#894 = CIRCLE('',#895,2.);
#895 = AXIS2_PLACEMENT_3D('',#896,#897,#898);
#896 = CARTESIAN_POINT('',(63.,-61.,1.6));
#897 = DIRECTION('',(0.,0.,1.));
#898 = DIRECTION('',(1.,0.,0.));
#899 = ORIENTED_EDGE('',*,*,#75,.T.);
#900 = ORIENTED_EDGE('',*,*,#735,.T.);
#901 = ORIENTED_EDGE('',*,*,#902,.T.);
#902 = EDGE_CURVE('',#728,#858,#903,.T.);
#903 = LINE('',#904,#905);
#904 = CARTESIAN_POINT('',(53.,-61.,1.6));
#905 = VECTOR('',#906,1.);
#906 = DIRECTION('',(0.,-1.,0.));
#907 = FACE_BOUND('',#908,.F.);
#908 = EDGE_LOOP('',(#909));
#909 = ORIENTED_EDGE('',*,*,#910,.T.);
#910 = EDGE_CURVE('',#911,#911,#913,.T.);
#911 = VERTEX_POINT('',#912);
#912 = CARTESIAN_POINT('',(60.7,-65.,1.6));
#913 = CIRCLE('',#914,1.7);
#914 = AXIS2_PLACEMENT_3D('',#915,#916,#917);
#915 = CARTESIAN_POINT('',(59.,-65.,1.6));
#916 = DIRECTION('',(0.,0.,-1.));
#917 = DIRECTION('',(1.,0.,0.));
#918 = PLANE('',#919);
#919 = AXIS2_PLACEMENT_3D('',#920,#921,#922);
#920 = CARTESIAN_POINT('',(136.6889445362,-103.0711984509,1.6));
#921 = DIRECTION('',(0.,0.,1.));
#922 = DIRECTION('',(1.,0.,0.));
#923 = ADVANCED_FACE('',(#924),#1010,.F.);
#924 = FACE_BOUND('',#925,.F.);
#925 = EDGE_LOOP('',(#926,#927,#935,#1009));
#926 = ORIENTED_EDGE('',*,*,#893,.F.);
#927 = ORIENTED_EDGE('',*,*,#928,.T.);
#928 = EDGE_CURVE('',#886,#929,#931,.T.);
#929 = VERTEX_POINT('',#930);
#930 = CARTESIAN_POINT('',(65.,-63.65269700506,11.5));
#931 = LINE('',#932,#933);
#932 = CARTESIAN_POINT('',(65.,-61.,1.6));
#933 = VECTOR('',#934,1.);
#934 = DIRECTION('',(0.,-0.258819045103,0.965925826289));
#935 = ORIENTED_EDGE('',*,*,#936,.F.);
#936 = EDGE_CURVE('',#58,#929,#937,.T.);
#937 = B_SPLINE_CURVE_WITH_KNOTS('',4,(#938,#939,#940,#941,#942,#943,
    #944,#945,#946,#947,#948,#949,#950,#951,#952,#953,#954,#955,#956,
    #957,#958,#959,#960,#961,#962,#963,#964,#965,#966,#967,#968,#969,
    #970,#971,#972,#973,#974,#975,#976,#977,#978,#979,#980,#981,#982,
    #983,#984,#985,#986,#987,#988,#989,#990,#991,#992,#993,#994,#995,
    #996,#997,#998,#999,#1000,#1001,#1002,#1003,#1004,#1005,#1006,#1007,
    #1008),.UNSPECIFIED.,.F.,.F.,(5,3,3,3,3,3,3,3,3,3,3,3,3,3,3,3,3,3,3,
    3,3,3,3,5),(0.,1.100759699211E-02,4.750819538945E-02,
    9.443753613254E-02,0.141366876876,0.191772465051,0.238701805794,
    0.271726156732,0.301274260208,0.351679848383,0.402085436559,
    0.438586034956,0.494205994258,0.544611582434,0.595017170609,
    0.645422758785,0.685399604637,0.734067069098,0.784472657273,
    0.829663874297,0.880069462472,0.92178443205,0.968713772793,1.),
  .UNSPECIFIED.);
#938 = CARTESIAN_POINT('',(64.237366195217,-62.08141571295,11.5));
#939 = CARTESIAN_POINT('',(64.241273935864,-62.08449301219,11.5));
#940 = CARTESIAN_POINT('',(64.245171224976,-62.08758307961,11.5));
#941 = CARTESIAN_POINT('',(64.249058628744,-62.0906863514,11.5));
#942 = CARTESIAN_POINT('',(64.265791269665,-62.10413493249,11.5));
#943 = CARTESIAN_POINT('',(64.27853336359,-62.11460884795,11.5));
#944 = CARTESIAN_POINT('',(64.291159513445,-62.12522224527,11.5));
#945 = CARTESIAN_POINT('',(64.31974908407,-62.14979579775,11.5));
#946 = CARTESIAN_POINT('',(64.335635305007,-62.16384576993,11.5));
#947 = CARTESIAN_POINT('',(64.351321291394,-62.17811894634,11.5));
#948 = CARTESIAN_POINT('',(64.382283511131,-62.20710301687,11.5));
#949 = CARTESIAN_POINT('',(64.397559744871,-62.22181391135,11.5));
#950 = CARTESIAN_POINT('',(64.41262646053,-62.23673931966,11.5));
#951 = CARTESIAN_POINT('',(64.443432151827,-62.26813122687,11.5));
#952 = CARTESIAN_POINT('',(64.459138254389,-62.28462998588,11.5));
#953 = CARTESIAN_POINT('',(64.474591993746,-62.301365357,11.5));
#954 = CARTESIAN_POINT('',(64.503936224392,-62.33412750867,11.5));
#955 = CARTESIAN_POINT('',(64.517861024558,-62.3501235605,11.5));
#956 = CARTESIAN_POINT('',(64.531558271427,-62.36631489034,11.5));
#957 = CARTESIAN_POINT('',(64.554499759318,-62.39422444627,11.5));
#958 = CARTESIAN_POINT('',(64.563860907815,-62.40584657552,11.5));
#959 = CARTESIAN_POINT('',(64.573105965975,-62.41756126242,11.5));
#960 = CARTESIAN_POINT('',(64.59040038995,-62.43992956265,11.5));
#961 = CARTESIAN_POINT('',(64.598473179837,-62.45056506537,11.5));
#962 = CARTESIAN_POINT('',(64.606450977619,-62.46127200691,11.5));
#963 = CARTESIAN_POINT('',(64.627778387484,-62.49043357007,11.5));
#964 = CARTESIAN_POINT('',(64.640944772299,-62.5090221961,11.5));
#965 = CARTESIAN_POINT('',(64.653827349819,-62.52780862479,11.5));
#966 = CARTESIAN_POINT('',(64.679016176819,-62.56576395788,11.5));
#967 = CARTESIAN_POINT('',(64.69132242672,-62.58493286291,11.5));
#968 = CARTESIAN_POINT('',(64.70333615633,-62.60428644158,11.5));
#969 = CARTESIAN_POINT('',(64.723538149547,-62.63796143457,11.5));
#970 = CARTESIAN_POINT('',(64.731867470873,-62.65219822736,11.5));
#971 = CARTESIAN_POINT('',(64.740039737429,-62.6665257506,11.5));
#972 = CARTESIAN_POINT('',(64.760264936884,-62.70290807764,11.5));
#973 = CARTESIAN_POINT('',(64.772108322958,-62.72507937085,11.5));
#974 = CARTESIAN_POINT('',(64.783578510307,-62.74744601653,11.5));
#975 = CARTESIAN_POINT('',(64.804723238313,-62.79043671712,11.5));
#976 = CARTESIAN_POINT('',(64.814465309052,-62.81102755888,11.5));
#977 = CARTESIAN_POINT('',(64.823893561495,-62.83176397039,11.5));
#978 = CARTESIAN_POINT('',(64.842116126133,-62.87351349079,11.5));
#979 = CARTESIAN_POINT('',(64.850910438634,-62.89452660037,11.5));
#980 = CARTESIAN_POINT('',(64.859384629523,-62.91567083825,11.5));
#981 = CARTESIAN_POINT('',(64.875687128617,-62.95820685638,11.5));
#982 = CARTESIAN_POINT('',(64.883515437096,-62.97959863735,11.5));
#983 = CARTESIAN_POINT('',(64.891017984811,-63.0011068331,11.5));
#984 = CARTESIAN_POINT('',(64.903882256158,-63.03986858823,11.5));
#985 = CARTESIAN_POINT('',(64.909365753595,-63.05708173378,11.5));
#986 = CARTESIAN_POINT('',(64.914641544315,-63.07435967221,11.5));
#987 = CARTESIAN_POINT('',(64.92587702516,-63.11280692868,11.5));
#988 = CARTESIAN_POINT('',(64.931736060724,-63.13400566158,11.5));
#989 = CARTESIAN_POINT('',(64.937283643405,-63.15528802283,11.5));
#990 = CARTESIAN_POINT('',(64.947939471381,-63.19876905162,11.5));
#991 = CARTESIAN_POINT('',(64.953024950228,-63.22097329922,11.5));
#992 = CARTESIAN_POINT('',(64.957772646392,-63.24325221499,11.5));
#993 = CARTESIAN_POINT('',(64.966133383196,-63.28563228288,11.5));
#994 = CARTESIAN_POINT('',(64.969812994408,-63.30572030259,11.5));
#995 = CARTESIAN_POINT('',(64.973218769611,-63.32585655769,11.5));
#996 = CARTESIAN_POINT('',(64.979842183974,-63.36854264977,11.5));
#997 = CARTESIAN_POINT('',(64.98299277207,-63.39110289137,11.5));
#998 = CARTESIAN_POINT('',(64.985800394439,-63.41370837662,11.5));
#999 = CARTESIAN_POINT('',(64.990303209261,-63.45509022137,11.5));
#1000 = CARTESIAN_POINT('',(64.992106739191,-63.47385479306,11.5));
#1001 = CARTESIAN_POINT('',(64.993674305513,-63.49264054848,11.5));
#1002 = CARTESIAN_POINT('',(64.996503291066,-63.5325958285,11.5));
#1003 = CARTESIAN_POINT('',(64.997701948717,-63.55376979727,11.5));
#1004 = CARTESIAN_POINT('',(64.998601116719,-63.57495859693,11.5));
#1005 = CARTESIAN_POINT('',(64.999600281022,-63.61028738794,11.5));
#1006 = CARTESIAN_POINT('',(64.99986676034,-63.62442267116,11.5));
#1007 = CARTESIAN_POINT('',(65.,-63.63855983813,11.5));
#1008 = CARTESIAN_POINT('',(65.,-63.65269700506,11.5));
#1009 = ORIENTED_EDGE('',*,*,#65,.T.);
#1010 = SURFACE_OF_LINEAR_EXTRUSION('',#1011,#1016);
#1011 = CIRCLE('',#1012,2.);
#1012 = AXIS2_PLACEMENT_3D('',#1013,#1014,#1015);
#1013 = CARTESIAN_POINT('',(63.,-61.,1.6));
#1014 = DIRECTION('',(0.,0.,1.));
#1015 = DIRECTION('',(1.,0.,0.));
#1016 = VECTOR('',#1017,1.);
#1017 = DIRECTION('',(0.,0.258819045103,-0.965925826289));
#1018 = ADVANCED_FACE('',(#1019,#2668,#2702,#2713,#2724,#2735,#2746,
    #2757,#2768,#2779,#2790,#2801,#2812,#2823,#2834,#2845,#2856,#2867,
    #2878,#2889,#2900,#2911,#2922,#2933,#2944,#2955,#2966,#2977,#2988,
    #2999,#3010,#3021,#3032),#3043,.F.);
#1019 = FACE_BOUND('',#1020,.F.);
#1020 = EDGE_LOOP('',(#1021,#1138,#1139,#1140,#1148,#1269,#1277,#1398,
    #1406,#1518,#1526,#1641,#1649,#1767,#1775,#1887,#1895,#1904,#1912,
    #1921,#1929,#2044,#2052,#2167,#2175,#2290,#2298,#2413,#2421,#2536,
    #2544,#2662));
#1021 = ORIENTED_EDGE('',*,*,#1022,.T.);
#1022 = EDGE_CURVE('',#1023,#48,#1025,.T.);
#1023 = VERTEX_POINT('',#1024);
#1024 = CARTESIAN_POINT('',(210.,-63.65269700506,11.5));
#1025 = B_SPLINE_CURVE_WITH_KNOTS('',6,(#1026,#1027,#1028,#1029,#1030,
    #1031,#1032,#1033,#1034,#1035,#1036,#1037,#1038,#1039,#1040,#1041,
    #1042,#1043,#1044,#1045,#1046,#1047,#1048,#1049,#1050,#1051,#1052,
    #1053,#1054,#1055,#1056,#1057,#1058,#1059,#1060,#1061,#1062,#1063,
    #1064,#1065,#1066,#1067,#1068,#1069,#1070,#1071,#1072,#1073,#1074,
    #1075,#1076,#1077,#1078,#1079,#1080,#1081,#1082,#1083,#1084,#1085,
    #1086,#1087,#1088,#1089,#1090,#1091,#1092,#1093,#1094,#1095,#1096,
    #1097,#1098,#1099,#1100,#1101,#1102,#1103,#1104,#1105,#1106,#1107,
    #1108,#1109,#1110,#1111,#1112,#1113,#1114,#1115,#1116,#1117,#1118,
    #1119,#1120,#1121,#1122,#1123,#1124,#1125,#1126,#1127,#1128,#1129,
    #1130,#1131,#1132,#1133,#1134,#1135,#1136,#1137),.UNSPECIFIED.,.F.,
  .F.,(7,5,5,5,5,5,5,5,5,5,5,5,5,5,5,5,5,5,5,5,5,5,7),(0.,
    4.849945735792E-02,9.699891471583E-02,0.142034125144,0.190533582502,
    0.235568792929,0.285800373749,0.336031954568,0.379335041527,
    0.429566622346,0.478066079704,0.526565537062,0.573332870956,
    0.623564451775,0.673796032595,0.718831243022,0.769062823842,
    0.815830157736,0.866061738555,0.916293319374,0.964792776732,
    0.980381888058,1.),.UNSPECIFIED.);
#1026 = CARTESIAN_POINT('',(210.,-63.65269700506,11.5));
#1027 = CARTESIAN_POINT('',(210.,-63.63803623938,11.5));
#1028 = CARTESIAN_POINT('',(210.00012896283,-63.62337547356,11.5));
#1029 = CARTESIAN_POINT('',(210.00038688849,-63.60871612593,11.5));
#1030 = CARTESIAN_POINT('',(210.00077375619,-63.59405961435,11.5));
#1031 = CARTESIAN_POINT('',(210.00128952436,-63.5794073562,11.5));
#1032 = CARTESIAN_POINT('',(210.00257873692,-63.55011418066,11.5));
#1033 = CARTESIAN_POINT('',(210.00335218132,-63.53547326302,11.5));
#1034 = CARTESIAN_POINT('',(210.00425440148,-63.52083943244,11.5));
#1035 = CARTESIAN_POINT('',(210.00528531429,-63.5062141045,11.5));
#1036 = CARTESIAN_POINT('',(210.0064448159,-63.4915986934,11.5));
#1037 = CARTESIAN_POINT('',(210.00892874996,-63.46343367919,11.5));
#1038 = CARTESIAN_POINT('',(210.01023548583,-63.44988251517,11.5));
#1039 = CARTESIAN_POINT('',(210.01165288955,-63.43634225106,11.5));
#1040 = CARTESIAN_POINT('',(210.01318084601,-63.42281401634,11.5));
#1041 = CARTESIAN_POINT('',(210.0148192247,-63.40929893883,11.5));
#1042 = CARTESIAN_POINT('',(210.01845104677,-63.38125882788,11.5));
#1043 = CARTESIAN_POINT('',(210.0204621083,-63.36673607617,11.5));
#1044 = CARTESIAN_POINT('',(210.02260088217,-63.3522312961,11.5));
#1045 = CARTESIAN_POINT('',(210.02486716564,-63.33774589111,11.5));
#1046 = CARTESIAN_POINT('',(210.02726073543,-63.32328126151,11.5));
#1047 = CARTESIAN_POINT('',(210.03212191621,-63.29542795156,11.5));
#1048 = CARTESIAN_POINT('',(210.03457202648,-63.28203621663,11.5));
#1049 = CARTESIAN_POINT('',(210.03713148328,-63.26866471834,11.5));
#1050 = CARTESIAN_POINT('',(210.03980007618,-63.25531457237,11.5));
#1051 = CARTESIAN_POINT('',(210.04257757962,-63.24198689142,11.5));
#1052 = CARTESIAN_POINT('',(210.04868294608,-63.21384358986,11.5));
#1053 = CARTESIAN_POINT('',(210.05203733359,-63.19903372319,11.5));
#1054 = CARTESIAN_POINT('',(210.0555265813,-63.18425472519,11.5));
#1055 = CARTESIAN_POINT('',(210.05915033188,-63.16950813021,11.5));
#1056 = CARTESIAN_POINT('',(210.06290820471,-63.15479546703,11.5));
#1057 = CARTESIAN_POINT('',(210.07069138721,-63.12544105057,11.5));
#1058 = CARTESIAN_POINT('',(210.07471669695,-63.11079929699,11.5));
#1059 = CARTESIAN_POINT('',(210.07887532131,-63.09619452123,11.5));
#1060 = CARTESIAN_POINT('',(210.08316683346,-63.08162823979,11.5));
#1061 = CARTESIAN_POINT('',(210.08759078357,-63.06710196251,11.5));
#1062 = CARTESIAN_POINT('',(210.09607421204,-63.04013032194,11.5));
#1063 = CARTESIAN_POINT('',(210.1000997969,-63.02767429785,11.5));
#1064 = CARTESIAN_POINT('',(210.10422315055,-63.01525008328,11.5));
#1065 = CARTESIAN_POINT('',(210.10844395757,-63.00285863699,11.5));
#1066 = CARTESIAN_POINT('',(210.11276189004,-62.99050091354,11.5));
#1067 = CARTESIAN_POINT('',(210.12229767973,-62.96388312497,11.5));
#1068 = CARTESIAN_POINT('',(210.12754898594,-62.94963504267,11.5));
#1069 = CARTESIAN_POINT('',(210.13292999465,-62.93543509982,11.5));
#1070 = CARTESIAN_POINT('',(210.13844015209,-62.92128477132,11.5));
#1071 = CARTESIAN_POINT('',(210.14407888213,-62.90718552348,11.5));
#1072 = CARTESIAN_POINT('',(210.15541343866,-62.87957647385,11.5));
#1073 = CARTESIAN_POINT('',(210.16110059162,-62.86606311095,11.5));
#1074 = CARTESIAN_POINT('',(210.16690650655,-62.85260003736,11.5));
#1075 = CARTESIAN_POINT('',(210.17283062576,-62.83918855683,11.5));
#1076 = CARTESIAN_POINT('',(210.17887237248,-62.82582996475,11.5));
#1077 = CARTESIAN_POINT('',(210.19118992935,-62.79922113173,11.5));
#1078 = CARTESIAN_POINT('',(210.19746573959,-62.78597089054,11.5));
#1079 = CARTESIAN_POINT('',(210.20385798584,-62.77277611179,11.5));
#1080 = CARTESIAN_POINT('',(210.2103660536,-62.7596380734,11.5));
#1081 = CARTESIAN_POINT('',(210.21698930972,-62.74655804419,11.5));
#1082 = CARTESIAN_POINT('',(210.23022425957,-62.7209815506,11.5));
#1083 = CARTESIAN_POINT('',(210.23682791832,-62.70848092812,11.5));
#1084 = CARTESIAN_POINT('',(210.24353749417,-62.69603654583,11.5));
#1085 = CARTESIAN_POINT('',(210.25035238688,-62.68364952455,11.5));
#1086 = CARTESIAN_POINT('',(210.25727198045,-62.67132097654,11.5));
#1087 = CARTESIAN_POINT('',(210.27183957696,-62.64587422166,11.5));
#1088 = CARTESIAN_POINT('',(210.27950356871,-62.63276516766,11.5));
#1089 = CARTESIAN_POINT('',(210.2872868354,-62.61972621099,11.5));
#1090 = CARTESIAN_POINT('',(210.29518857367,-62.60675870684,11.5));
#1091 = CARTESIAN_POINT('',(210.30320795965,-62.59386399805,11.5));
#1092 = CARTESIAN_POINT('',(210.31948033833,-62.56822283216,11.5));
#1093 = CARTESIAN_POINT('',(210.3277333312,-62.55547637481,11.5));
#1094 = CARTESIAN_POINT('',(210.33610228324,-62.54280537354,11.5));
#1095 = CARTESIAN_POINT('',(210.34458633019,-62.53021114554,11.5));
#1096 = CARTESIAN_POINT('',(210.3531845879,-62.51769499475,11.5));
#1097 = CARTESIAN_POINT('',(210.36970652042,-62.49410799265,11.5));
#1098 = CARTESIAN_POINT('',(210.37760796513,-62.48302156959,11.5));
#1099 = CARTESIAN_POINT('',(210.38559983497,-62.47199987271,11.5));
#1100 = CARTESIAN_POINT('',(210.39368146597,-62.46104382297,11.5));
#1101 = CARTESIAN_POINT('',(210.40185218169,-62.45015433219,11.5));
#1102 = CARTESIAN_POINT('',(210.41932337915,-62.42726157828,11.5));
#1103 = CARTESIAN_POINT('',(210.42864543694,-62.41527478117,11.5));
#1104 = CARTESIAN_POINT('',(210.43807651059,-62.40337316442,11.5));
#1105 = CARTESIAN_POINT('',(210.4476156254,-62.39155796573,11.5));
#1106 = CARTESIAN_POINT('',(210.45726178802,-62.37983040788,11.5));
#1107 = CARTESIAN_POINT('',(210.47609361934,-62.35735565913,11.5));
#1108 = CARTESIAN_POINT('',(210.48526516691,-62.34659663565,11.5));
#1109 = CARTESIAN_POINT('',(210.49452781233,-62.335915603,11.5));
#1110 = CARTESIAN_POINT('',(210.50388072534,-62.32531352409,11.5));
#1111 = CARTESIAN_POINT('',(210.51332306211,-62.31479135,11.5));
#1112 = CARTESIAN_POINT('',(210.53309086132,-62.2931352581,11.5));
#1113 = CARTESIAN_POINT('',(210.54342993086,-62.28201376058,11.5));
#1114 = CARTESIAN_POINT('',(210.55387011157,-62.27098669123,11.5));
#1115 = CARTESIAN_POINT('',(210.56441032378,-62.26005519736,11.5));
#1116 = CARTESIAN_POINT('',(210.57504947055,-62.24922040977,11.5));
#1117 = CARTESIAN_POINT('',(210.5965234047,-62.22774647562,11.5));
#1118 = CARTESIAN_POINT('',(210.60735819229,-62.21710732885,11.5));
#1119 = CARTESIAN_POINT('',(210.61828968616,-62.20656711663,11.5));
#1120 = CARTESIAN_POINT('',(210.62931675551,-62.19612693593,11.5));
#1121 = CARTESIAN_POINT('',(210.64043825304,-62.18578786639,11.5));
#1122 = CARTESIAN_POINT('',(210.66248106086,-62.16566707077,11.5));
#1123 = CARTESIAN_POINT('',(210.67339605022,-62.15587841954,11.5));
#1124 = CARTESIAN_POINT('',(210.68439693548,-62.14618597288,11.5));
#1125 = CARTESIAN_POINT('',(210.69548265542,-62.13659067132,11.5));
#1126 = CARTESIAN_POINT('',(210.70665213516,-62.12709343973,11.5));
#1127 = CARTESIAN_POINT('',(210.72152104897,-62.11467432045,11.5));
#1128 = CARTESIAN_POINT('',(210.7251463531,-62.11166367975,11.5));
#1129 = CARTESIAN_POINT('',(210.72878016238,-62.10866329539,11.5));
#1130 = CARTESIAN_POINT('',(210.73242244054,-62.10567319739,11.5));
#1131 = CARTESIAN_POINT('',(210.73607315114,-62.1026934156,11.5));
#1132 = CARTESIAN_POINT('',(210.74433705896,-62.09598709406,11.5));
#1133 = CARTESIAN_POINT('',(210.74744331953,-62.09349448396,11.5));
#1134 = CARTESIAN_POINT('',(210.75127269328,-62.09040552066,11.5));
#1135 = CARTESIAN_POINT('',(210.7564421764,-62.08628929362,11.5));
#1136 = CARTESIAN_POINT('',(210.76151442868,-62.0822972083,11.5));
#1137 = CARTESIAN_POINT('',(210.76263380478,-62.08141571295,11.5));
#1138 = ORIENTED_EDGE('',*,*,#57,.T.);
#1139 = ORIENTED_EDGE('',*,*,#936,.T.);
#1140 = ORIENTED_EDGE('',*,*,#1141,.T.);
#1141 = EDGE_CURVE('',#929,#1142,#1144,.T.);
#1142 = VERTEX_POINT('',#1143);
#1143 = CARTESIAN_POINT('',(65.,-71.65269700506,11.5));
#1144 = LINE('',#1145,#1146);
#1145 = CARTESIAN_POINT('',(65.,-88.04070785647,11.5));
#1146 = VECTOR('',#1147,1.);
#1147 = DIRECTION('',(0.,-1.,0.));
#1148 = ORIENTED_EDGE('',*,*,#1149,.T.);
#1149 = EDGE_CURVE('',#1142,#1150,#1152,.T.);
#1150 = VERTEX_POINT('',#1151);
#1151 = CARTESIAN_POINT('',(63.,-73.65269700506,11.5));
#1152 = B_SPLINE_CURVE_WITH_KNOTS('',4,(#1153,#1154,#1155,#1156,#1157,
    #1158,#1159,#1160,#1161,#1162,#1163,#1164,#1165,#1166,#1167,#1168,
    #1169,#1170,#1171,#1172,#1173,#1174,#1175,#1176,#1177,#1178,#1179,
    #1180,#1181,#1182,#1183,#1184,#1185,#1186,#1187,#1188,#1189,#1190,
    #1191,#1192,#1193,#1194,#1195,#1196,#1197,#1198,#1199,#1200,#1201,
    #1202,#1203,#1204,#1205,#1206,#1207,#1208,#1209,#1210,#1211,#1212,
    #1213,#1214,#1215,#1216,#1217,#1218,#1219,#1220,#1221,#1222,#1223,
    #1224,#1225,#1226,#1227,#1228,#1229,#1230,#1231,#1232,#1233,#1234,
    #1235,#1236,#1237,#1238,#1239,#1240,#1241,#1242,#1243,#1244,#1245,
    #1246,#1247,#1248,#1249,#1250,#1251,#1252,#1253,#1254,#1255,#1256,
    #1257,#1258,#1259,#1260,#1261,#1262,#1263,#1264,#1265,#1266,#1267,
    #1268),.UNSPECIFIED.,.F.,.F.,(5,3,3,3,3,3,3,3,3,3,3,3,3,3,3,3,3,3,3,
    3,3,3,3,3,3,3,3,3,3,3,3,3,3,3,3,3,3,3,5),(0.,2.899999999306E-02,
    5.500000000884E-02,7.600000004023E-02,0.105000000033,0.130000000054,
    0.159000000047,0.18800000004,0.213000000061,0.239000000077,
    0.267000000079,0.295000000081,0.324000000074,0.353000000067,
    0.377000000092,0.406000000085,0.433000000095,0.460000000104,
    0.489000000097,0.50800000013,0.536000000132,0.563000000142,
    0.579000000173,0.601000000203,0.62400000023,0.653000000223,
    0.672000000256,0.700000000258,0.727000000268,0.754000000277,
    0.781000000287,0.81000000028,0.83200000031,0.858000000326,
    0.873000000356,0.902000000349,0.931000000342,0.958000000352,1.),
  .UNSPECIFIED.);
#1153 = CARTESIAN_POINT('',(65.,-71.65269700506,11.5));
#1154 = CARTESIAN_POINT('',(65.,-71.67547355175,11.5));
#1155 = CARTESIAN_POINT('',(64.999654152609,-71.69825009881,11.5));
#1156 = CARTESIAN_POINT('',(64.998962457847,-71.72101876731,11.5));
#1157 = CARTESIAN_POINT('',(64.996995385945,-71.76417085535,11.5));
#1158 = CARTESIAN_POINT('',(64.995787791921,-71.78455736538,11.5));
#1159 = CARTESIAN_POINT('',(64.994302750967,-71.80492554467,11.5));
#1160 = CARTESIAN_POINT('',(64.991117600769,-71.84170158405,11.5));
#1161 = CARTESIAN_POINT('',(64.989513770947,-71.85811778314,11.5));
#1162 = CARTESIAN_POINT('',(64.987729521645,-71.87451535361,11.5));
#1163 = CARTESIAN_POINT('',(64.983052587113,-71.91350576225,11.5));
#1164 = CARTESIAN_POINT('',(64.979996579182,-71.93607901018,11.5));
#1165 = CARTESIAN_POINT('',(64.976598123729,-71.95860324617,11.5));
#1166 = CARTESIAN_POINT('',(64.969634713164,-72.00043919135,11.5));
#1167 = CARTESIAN_POINT('',(64.96615737896,-72.01976548522,11.5));
#1168 = CARTESIAN_POINT('',(64.962427340472,-72.03904460088,11.5));
#1169 = CARTESIAN_POINT('',(64.953826826944,-72.08057490984,11.5));
#1170 = CARTESIAN_POINT('',(64.948869370913,-72.10280809081,11.5));
#1171 = CARTESIAN_POINT('',(64.943574850921,-72.12496342346,11.5));
#1172 = CARTESIAN_POINT('',(64.932315577831,-72.16910312311,11.5));
#1173 = CARTESIAN_POINT('',(64.926350824543,-72.19108749085,11.5));
#1174 = CARTESIAN_POINT('',(64.920052901958,-72.21297874201,11.5));
#1175 = CARTESIAN_POINT('',(64.907709621353,-72.2535543359,11.5));
#1176 = CARTESIAN_POINT('',(64.901749244495,-72.27226453086,11.5));
#1177 = CARTESIAN_POINT('',(64.895544441535,-72.29089509468,11.5));
#1178 = CARTESIAN_POINT('',(64.882391395401,-72.32872927153,11.5));
#1179 = CARTESIAN_POINT('',(64.875423342165,-72.34792599803,11.5));
#1180 = CARTESIAN_POINT('',(64.868194574614,-72.36702607641,11.5));
#1181 = CARTESIAN_POINT('',(64.85264382066,-72.40648376827,11.5));
#1182 = CARTESIAN_POINT('',(64.84428051406,-72.42682509755,11.5));
#1183 = CARTESIAN_POINT('',(64.835619854992,-72.44704161452,11.5));
#1184 = CARTESIAN_POINT('',(64.817709607477,-72.48721206994,11.5));
#1185 = CARTESIAN_POINT('',(64.808460018768,-72.50716600897,11.5));
#1186 = CARTESIAN_POINT('',(64.798918852913,-72.52698218236,11.5));
#1187 = CARTESIAN_POINT('',(64.778908650256,-72.56702888416,11.5));
#1188 = CARTESIAN_POINT('',(64.768418644735,-72.58724893586,11.5));
#1189 = CARTESIAN_POINT('',(64.757622784855,-72.60730735344,11.5));
#1190 = CARTESIAN_POINT('',(64.735427034385,-72.64708715958,11.5));
#1191 = CARTESIAN_POINT('',(64.724027143422,-72.6668085488,11.5));
#1192 = CARTESIAN_POINT('',(64.71232907577,-72.68635454378,11.5));
#1193 = CARTESIAN_POINT('',(64.690412486506,-72.72174374456,11.5));
#1194 = CARTESIAN_POINT('',(64.680286613329,-72.7376443283,11.5));
#1195 = CARTESIAN_POINT('',(64.669961711414,-72.75341640081,11.5));
#1196 = CARTESIAN_POINT('',(64.646726869045,-72.78795441633,11.5));
#1197 = CARTESIAN_POINT('',(64.63372650798,-72.80665953111,11.5));
#1198 = CARTESIAN_POINT('',(64.620443588044,-72.82516506392,11.5));
#1199 = CARTESIAN_POINT('',(64.594257239143,-72.86050226225,11.5));
#1200 = CARTESIAN_POINT('',(64.58139081482,-72.87736135057,11.5));
#1201 = CARTESIAN_POINT('',(64.568287312997,-72.89403684078,11.5));
#1202 = CARTESIAN_POINT('',(64.541614152197,-72.92701073786,11.5));
#1203 = CARTESIAN_POINT('',(64.528044492884,-72.94330914514,11.5));
#1204 = CARTESIAN_POINT('',(64.514245753596,-72.95941406762,11.5));
#1205 = CARTESIAN_POINT('',(64.485159738688,-72.99240567551,11.5));
#1206 = CARTESIAN_POINT('',(64.469837913906,-73.00926190261,11.5));
#1207 = CARTESIAN_POINT('',(64.454261875376,-73.02588350693,11.5));
#1208 = CARTESIAN_POINT('',(64.42806913915,-73.05299740739,11.5));
#1209 = CARTESIAN_POINT('',(64.417594409211,-73.06362684868,11.5));
#1210 = CARTESIAN_POINT('',(64.407014446761,-73.07415155219,11.5));
#1211 = CARTESIAN_POINT('',(64.380586572451,-73.09992343053,11.5));
#1212 = CARTESIAN_POINT('',(64.364617213213,-73.11504606719,11.5));
#1213 = CARTESIAN_POINT('',(64.348427837392,-73.12993293001,11.5));
#1214 = CARTESIAN_POINT('',(64.316205493145,-73.15870257732,11.5));
#1215 = CARTESIAN_POINT('',(64.300187588034,-73.17260223378,11.5));
#1216 = CARTESIAN_POINT('',(64.283974762592,-73.18627403048,11.5));
#1217 = CARTESIAN_POINT('',(64.257851741088,-73.20767832685,11.5));
#1218 = CARTESIAN_POINT('',(64.248064824703,-73.21556128451,11.5));
#1219 = CARTESIAN_POINT('',(64.238212209361,-73.22336197197,11.5));
#1220 = CARTESIAN_POINT('',(64.214658692689,-73.24169128316,11.5));
#1221 = CARTESIAN_POINT('',(64.200900208039,-73.2521459114,11.5));
#1222 = CARTESIAN_POINT('',(64.187022199695,-73.26244134904,11.5));
#1223 = CARTESIAN_POINT('',(64.158396582445,-73.28317045519,11.5));
#1224 = CARTESIAN_POINT('',(64.143638119629,-73.2935891355,11.5));
#1225 = CARTESIAN_POINT('',(64.128755248319,-73.30382931448,11.5));
#1226 = CARTESIAN_POINT('',(64.094833126703,-73.32657250693,11.5));
#1227 = CARTESIAN_POINT('',(64.075722426134,-73.3389689512,11.5));
#1228 = CARTESIAN_POINT('',(64.056425675505,-73.35107374867,11.5));
#1229 = CARTESIAN_POINT('',(64.02418943251,-73.37061978834,11.5));
#1230 = CARTESIAN_POINT('',(64.011352282604,-73.37822981933,11.5));
#1231 = CARTESIAN_POINT('',(63.998440056823,-73.38571175857,11.5));
#1232 = CARTESIAN_POINT('',(63.9663183429,-73.40390015456,11.5));
#1233 = CARTESIAN_POINT('',(63.947023143641,-73.41445524146,11.5));
#1234 = CARTESIAN_POINT('',(63.927575256293,-73.42472628093,11.5));
#1235 = CARTESIAN_POINT('',(63.889086537546,-73.44433726265,11.5));
#1236 = CARTESIAN_POINT('',(63.87005597391,-73.45369735782,11.5));
#1237 = CARTESIAN_POINT('',(63.85089497402,-73.46278745226,11.5));
#1238 = CARTESIAN_POINT('',(63.812323667203,-73.48042235192,11.5));
#1239 = CARTESIAN_POINT('',(63.792913359791,-73.48896715736,11.5));
#1240 = CARTESIAN_POINT('',(63.77338418112,-73.49723667453,11.5));
#1241 = CARTESIAN_POINT('',(63.734099860529,-73.51322033967,11.5));
#1242 = CARTESIAN_POINT('',(63.714344718114,-73.52093448784,11.5));
#1243 = CARTESIAN_POINT('',(63.694482483222,-73.52836855529,11.5));
#1244 = CARTESIAN_POINT('',(63.653077034344,-73.54320200593,11.5));
#1245 = CARTESIAN_POINT('',(63.631518286194,-73.55055802964,11.5));
#1246 = CARTESIAN_POINT('',(63.609850314687,-73.55758581147,11.5));
#1247 = CARTESIAN_POINT('',(63.571565732753,-73.56936368675,11.5));
#1248 = CARTESIAN_POINT('',(63.554992290038,-73.57425410067,11.5));
#1249 = CARTESIAN_POINT('',(63.538363609821,-73.57895326505,11.5));
#1250 = CARTESIAN_POINT('',(63.501969579491,-73.58878675816,11.5));
#1251 = CARTESIAN_POINT('',(63.482183633853,-73.59384486348,11.5));
#1252 = CARTESIAN_POINT('',(63.462330656855,-73.59863311771,11.5));
#1253 = CARTESIAN_POINT('',(63.430927067522,-73.60575631133,11.5));
#1254 = CARTESIAN_POINT('',(63.419417481609,-73.60827212246,11.5));
#1255 = CARTESIAN_POINT('',(63.407888490964,-73.61069745712,11.5));
#1256 = CARTESIAN_POINT('',(63.374016332201,-73.6175457408,11.5));
#1257 = CARTESIAN_POINT('',(63.351622963154,-73.621720394,11.5));
#1258 = CARTESIAN_POINT('',(63.329168779651,-73.62555449753,11.5));
#1259 = CARTESIAN_POINT('',(63.284154355297,-73.63253918904,11.5));
#1260 = CARTESIAN_POINT('',(63.261594113692,-73.63568977713,11.5));
#1261 = CARTESIAN_POINT('',(63.238988628444,-73.6384973995,11.5));
#1262 = CARTESIAN_POINT('',(63.195264415134,-73.64325509063,11.5));
#1263 = CARTESIAN_POINT('',(63.17415066867,-73.64525094736,11.5));
#1264 = CARTESIAN_POINT('',(63.153010814046,-73.64694808621,11.5));
#1265 = CARTESIAN_POINT('',(63.098936234635,-73.65052075738,11.5));
#1266 = CARTESIAN_POINT('',(63.065973447461,-73.65197158911,11.5));
#1267 = CARTESIAN_POINT('',(63.032986722516,-73.65269700506,11.5));
#1268 = CARTESIAN_POINT('',(63.,-73.65269700506,11.5));
#1269 = ORIENTED_EDGE('',*,*,#1270,.T.);
#1270 = EDGE_CURVE('',#1150,#1271,#1273,.T.);
#1271 = VERTEX_POINT('',#1272);
#1272 = CARTESIAN_POINT('',(55.,-73.65269700506,11.5));
#1273 = LINE('',#1274,#1275);
#1274 = CARTESIAN_POINT('',(96.25,-73.65269700506,11.5));
#1275 = VECTOR('',#1276,1.);
#1276 = DIRECTION('',(-1.,0.,0.));
#1277 = ORIENTED_EDGE('',*,*,#1278,.T.);
#1278 = EDGE_CURVE('',#1271,#1279,#1281,.T.);
#1279 = VERTEX_POINT('',#1280);
#1280 = CARTESIAN_POINT('',(53.,-71.65269700506,11.5));
#1281 = B_SPLINE_CURVE_WITH_KNOTS('',4,(#1282,#1283,#1284,#1285,#1286,
    #1287,#1288,#1289,#1290,#1291,#1292,#1293,#1294,#1295,#1296,#1297,
    #1298,#1299,#1300,#1301,#1302,#1303,#1304,#1305,#1306,#1307,#1308,
    #1309,#1310,#1311,#1312,#1313,#1314,#1315,#1316,#1317,#1318,#1319,
    #1320,#1321,#1322,#1323,#1324,#1325,#1326,#1327,#1328,#1329,#1330,
    #1331,#1332,#1333,#1334,#1335,#1336,#1337,#1338,#1339,#1340,#1341,
    #1342,#1343,#1344,#1345,#1346,#1347,#1348,#1349,#1350,#1351,#1352,
    #1353,#1354,#1355,#1356,#1357,#1358,#1359,#1360,#1361,#1362,#1363,
    #1364,#1365,#1366,#1367,#1368,#1369,#1370,#1371,#1372,#1373,#1374,
    #1375,#1376,#1377,#1378,#1379,#1380,#1381,#1382,#1383,#1384,#1385,
    #1386,#1387,#1388,#1389,#1390,#1391,#1392,#1393,#1394,#1395,#1396,
    #1397),.UNSPECIFIED.,.F.,.F.,(5,3,3,3,3,3,3,3,3,3,3,3,3,3,3,3,3,3,3,
    3,3,3,3,3,3,3,3,3,3,3,3,3,3,3,3,3,3,3,5),(0.,2.899999998269E-02,
    5.499999998918E-02,8.299999998124E-02,0.109999999981,0.128000000007,
    0.150000000029,0.176000000036,0.198000000058,0.217000000083,
    0.245000000076,0.270000000087,0.292000000109,0.321000000092,
    0.350000000075,0.379000000058,0.402000000077,0.43100000006,
    0.460000000043,0.487000000043,0.516000000025,0.544000000017,
    0.572000000009,0.600000000002,0.628999999984,0.653999999996,
    0.677000000016,0.700000000035,0.727000000035,0.754000000035,
    0.780000000042,0.807000000042,0.836000000024,0.864000000016,
    0.892999999999,0.919999999999,0.945000000011,0.973999999993,1.),
  .UNSPECIFIED.);
#1282 = CARTESIAN_POINT('',(55.,-73.65269700506,11.5));
#1283 = CARTESIAN_POINT('',(54.977223453316,-73.65269700506,11.5));
#1284 = CARTESIAN_POINT('',(54.954446906251,-73.65235115767,11.5));
#1285 = CARTESIAN_POINT('',(54.931678237756,-73.65165946291,11.5));
#1286 = CARTESIAN_POINT('',(54.88852614971,-73.64969239101,11.5));
#1287 = CARTESIAN_POINT('',(54.868139639686,-73.64848479698,11.5));
#1288 = CARTESIAN_POINT('',(54.847771460395,-73.64699975603,11.5));
#1289 = CARTESIAN_POINT('',(54.805518138579,-73.64334022176,11.5));
#1290 = CARTESIAN_POINT('',(54.783636827771,-73.64112148083,11.5));
#1291 = CARTESIAN_POINT('',(54.761790401093,-73.63858214716,11.5));
#1292 = CARTESIAN_POINT('',(54.718960111298,-73.63296624555,11.5));
#1293 = CARTESIAN_POINT('',(54.69797330712,-73.62991210341,11.5));
#1294 = CARTESIAN_POINT('',(54.677031781902,-73.62656154296,11.5));
#1295 = CARTESIAN_POINT('',(54.642215144447,-73.62048506698,11.5));
#1296 = CARTESIAN_POINT('',(54.628311397193,-73.61792322095,11.5));
#1297 = CARTESIAN_POINT('',(54.61443241342,-73.61523044317,11.5));
#1298 = CARTESIAN_POINT('',(54.583649359097,-73.60895636909,11.5));
#1299 = CARTESIAN_POINT('',(54.566758428808,-73.6053106009,11.5));
#1300 = CARTESIAN_POINT('',(54.549910618367,-73.60147049218,11.5));
#1301 = CARTESIAN_POINT('',(54.513253136029,-73.59266980931,11.5));
#1302 = CARTESIAN_POINT('',(54.493461895932,-73.58763245983,11.5));
#1303 = CARTESIAN_POINT('',(54.473741072861,-73.5823261229,11.5));
#1304 = CARTESIAN_POINT('',(54.437473484118,-73.57203607736,11.5));
#1305 = CARTESIAN_POINT('',(54.420905166718,-73.56712832734,11.5));
#1306 = CARTESIAN_POINT('',(54.40439448571,-73.56203003701,11.5));
#1307 = CARTESIAN_POINT('',(54.373738095998,-73.55217554154,11.5));
#1308 = CARTESIAN_POINT('',(54.359576907754,-73.54746749131,11.5));
#1309 = CARTESIAN_POINT('',(54.345463260139,-73.54261878628,11.5));
#1310 = CARTESIAN_POINT('',(54.310673318664,-73.53027851781,11.5));
#1311 = CARTESIAN_POINT('',(54.290055176604,-73.52262301051,11.5));
#1312 = CARTESIAN_POINT('',(54.26955149861,-73.51466601593,11.5));
#1313 = CARTESIAN_POINT('',(54.230970070875,-73.49903892885,11.5));
#1314 = CARTESIAN_POINT('',(54.212867773698,-73.49142943973,11.5));
#1315 = CARTESIAN_POINT('',(54.194866644256,-73.48358362386,11.5));
#1316 = CARTESIAN_POINT('',(54.161223364691,-73.46839310067,11.5));
#1317 = CARTESIAN_POINT('',(54.145557353098,-73.46110123997,11.5));
#1318 = CARTESIAN_POINT('',(54.129976382827,-73.45362939166,11.5));
#1319 = CARTESIAN_POINT('',(54.094061151489,-73.43589457512,11.5));
#1320 = CARTESIAN_POINT('',(54.073791891493,-73.42549997046,11.5));
#1321 = CARTESIAN_POINT('',(54.053682822517,-73.41479875317,11.5));
#1322 = CARTESIAN_POINT('',(54.013798863442,-73.39279070637,11.5));
#1323 = CARTESIAN_POINT('',(53.994023972675,-73.3814838765,11.5));
#1324 = CARTESIAN_POINT('',(53.974423069076,-73.36987804672,11.5));
#1325 = CARTESIAN_POINT('',(53.93558267206,-73.34607662082,11.5));
#1326 = CARTESIAN_POINT('',(53.916343177992,-73.33388102429,11.5));
#1327 = CARTESIAN_POINT('',(53.897291106265,-73.32139466095,11.5));
#1328 = CARTESIAN_POINT('',(53.863476535669,-73.29849186738,11.5));
#1329 = CARTESIAN_POINT('',(53.848642085136,-73.28818166848,11.5));
#1330 = CARTESIAN_POINT('',(53.83393288288,-73.2776935565,11.5));
#1331 = CARTESIAN_POINT('',(53.800967637567,-73.25358431057,11.5));
#1332 = CARTESIAN_POINT('',(53.782787335535,-73.23985961295,11.5));
#1333 = CARTESIAN_POINT('',(53.764817554809,-73.22586040985,11.5));
#1334 = CARTESIAN_POINT('',(53.729311318445,-73.1973228645,11.5));
#1335 = CARTESIAN_POINT('',(53.711774862213,-73.18278452177,11.5));
#1336 = CARTESIAN_POINT('',(53.694461209148,-73.1679815449,11.5));
#1337 = CARTESIAN_POINT('',(53.661469601258,-73.13889552999,11.5));
#1338 = CARTESIAN_POINT('',(53.645761187141,-73.12464704025,11.5));
#1339 = CARTESIAN_POINT('',(53.630255796558,-73.11017788006,11.5));
#1340 = CARTESIAN_POINT('',(53.59852706757,-73.07971921608,11.5));
#1341 = CARTESIAN_POINT('',(53.582335624938,-73.0636964856,11.5));
#1342 = CARTESIAN_POINT('',(53.566389372453,-73.04742971769,11.5));
#1343 = CARTESIAN_POINT('',(53.535539335512,-73.01498866722,11.5));
#1344 = CARTESIAN_POINT('',(53.520618564477,-72.9988305372,11.5));
#1345 = CARTESIAN_POINT('',(53.505936313405,-72.98245537071,11.5));
#1346 = CARTESIAN_POINT('',(53.477058163651,-72.94928166243,11.5));
#1347 = CARTESIAN_POINT('',(53.462862264549,-72.93248312015,11.5));
#1348 = CARTESIAN_POINT('',(53.44891419743,-72.91547823856,11.5));
#1349 = CARTESIAN_POINT('',(53.421522560264,-72.88106689352,11.5));
#1350 = CARTESIAN_POINT('',(53.408078989818,-72.86366042955,11.5));
#1351 = CARTESIAN_POINT('',(53.394892084037,-72.84605872253,11.5));
#1352 = CARTESIAN_POINT('',(53.368578293011,-72.80984089631,11.5));
#1353 = CARTESIAN_POINT('',(53.355470370964,-72.79121099866,11.5));
#1354 = CARTESIAN_POINT('',(53.342646876227,-72.77238419093,11.5));
#1355 = CARTESIAN_POINT('',(53.319306341979,-72.73697296593,11.5));
#1356 = CARTESIAN_POINT('',(53.308715137061,-72.72043743249,11.5));
#1357 = CARTESIAN_POINT('',(53.298341307892,-72.70376466558,11.5));
#1358 = CARTESIAN_POINT('',(53.278845928879,-72.67149775951,11.5));
#1359 = CARTESIAN_POINT('',(53.269690589055,-72.65592403559,11.5));
#1360 = CARTESIAN_POINT('',(53.260723477644,-72.64024117753,11.5));
#1361 = CARTESIAN_POINT('',(53.243169530921,-72.60866406345,11.5));
#1362 = CARTESIAN_POINT('',(53.234582695493,-72.59276980721,11.5));
#1363 = CARTESIAN_POINT('',(53.226187907624,-72.57677328694,11.5));
#1364 = CARTESIAN_POINT('',(53.208359742414,-72.54178354261,11.5));
#1365 = CARTESIAN_POINT('',(53.198999647248,-72.52275297897,11.5));
#1366 = CARTESIAN_POINT('',(53.189909552802,-72.50359197908,11.5));
#1367 = CARTESIAN_POINT('',(53.172274653141,-72.46502067227,11.5));
#1368 = CARTESIAN_POINT('',(53.163729847704,-72.44561036485,11.5));
#1369 = CARTESIAN_POINT('',(53.155460330532,-72.42608118618,11.5));
#1370 = CARTESIAN_POINT('',(53.139772659189,-72.38752435301,11.5));
#1371 = CARTESIAN_POINT('',(53.132334316523,-72.36850491209,11.5));
#1372 = CARTESIAN_POINT('',(53.125155609732,-72.34938596225,11.5));
#1373 = CARTESIAN_POINT('',(53.111055270313,-72.31022076284,11.5));
#1374 = CARTESIAN_POINT('',(53.10415414437,-72.29016712989,11.5));
#1375 = CARTESIAN_POINT('',(53.097537238109,-72.27001792927,11.5));
#1376 = CARTESIAN_POINT('',(53.084406714227,-72.2280413668,11.5));
#1377 = CARTESIAN_POINT('',(53.077937054168,-72.20620025407,11.5));
#1378 = CARTESIAN_POINT('',(53.071799821802,-72.18426341096,11.5));
#1379 = CARTESIAN_POINT('',(53.060394323606,-72.14097298309,11.5));
#1380 = CARTESIAN_POINT('',(53.05510339078,-72.11962536954,11.5));
#1381 = CARTESIAN_POINT('',(53.050126032707,-72.09820247337,11.5));
#1382 = CARTESIAN_POINT('',(53.040634963027,-72.05445243187,11.5));
#1383 = CARTESIAN_POINT('',(53.03614415874,-72.03212031635,11.5));
#1384 = CARTESIAN_POINT('',(53.031993010378,-72.00972257821,11.5));
#1385 = CARTESIAN_POINT('',(53.024635432248,-71.96636005408,11.5));
#1386 = CARTESIAN_POINT('',(53.021383593242,-71.9454029723,11.5));
#1387 = CARTESIAN_POINT('',(53.018428382636,-71.92440200889,11.5));
#1388 = CARTESIAN_POINT('',(53.013309685088,-71.88388334561,11.5));
#1389 = CARTESIAN_POINT('',(53.011103767044,-71.86437100558,11.5));
#1390 = CARTESIAN_POINT('',(53.009153475842,-71.84483145973,11.5));
#1391 = CARTESIAN_POINT('',(53.005493941575,-71.80257813792,11.5));
#1392 = CARTESIAN_POINT('',(53.003873193614,-71.77985669689,11.5));
#1393 = CARTESIAN_POINT('',(53.002597682956,-71.75711326312,11.5));
#1394 = CARTESIAN_POINT('',(53.000833981567,-71.71395238463,11.5));
#1395 = CARTESIAN_POINT('',(53.000277993859,-71.69353770972,11.5));
#1396 = CARTESIAN_POINT('',(53.,-71.67311735728,11.5));
#1397 = CARTESIAN_POINT('',(53.,-71.65269700506,11.5));
#1398 = ORIENTED_EDGE('',*,*,#1399,.T.);
#1399 = EDGE_CURVE('',#1279,#1400,#1402,.T.);
#1400 = VERTEX_POINT('',#1401);
#1401 = CARTESIAN_POINT('',(53.000000000021,-139.652697005,11.5));
#1402 = LINE('',#1403,#1404);
#1403 = CARTESIAN_POINT('',(53.,-64.08141571295,11.5));
#1404 = VECTOR('',#1405,1.);
#1405 = DIRECTION('',(0.,-1.,0.));
#1406 = ORIENTED_EDGE('',*,*,#1407,.T.);
#1407 = EDGE_CURVE('',#1400,#1408,#1410,.T.);
#1408 = VERTEX_POINT('',#1409);
#1409 = CARTESIAN_POINT('',(55.000000000034,-137.652697005,11.5));
#1410 = B_SPLINE_CURVE_WITH_KNOTS('',4,(#1411,#1412,#1413,#1414,#1415,
    #1416,#1417,#1418,#1419,#1420,#1421,#1422,#1423,#1424,#1425,#1426,
    #1427,#1428,#1429,#1430,#1431,#1432,#1433,#1434,#1435,#1436,#1437,
    #1438,#1439,#1440,#1441,#1442,#1443,#1444,#1445,#1446,#1447,#1448,
    #1449,#1450,#1451,#1452,#1453,#1454,#1455,#1456,#1457,#1458,#1459,
    #1460,#1461,#1462,#1463,#1464,#1465,#1466,#1467,#1468,#1469,#1470,
    #1471,#1472,#1473,#1474,#1475,#1476,#1477,#1478,#1479,#1480,#1481,
    #1482,#1483,#1484,#1485,#1486,#1487,#1488,#1489,#1490,#1491,#1492,
    #1493,#1494,#1495,#1496,#1497,#1498,#1499,#1500,#1501,#1502,#1503,
    #1504,#1505,#1506,#1507,#1508,#1509,#1510,#1511,#1512,#1513,#1514,
    #1515,#1516,#1517),.UNSPECIFIED.,.F.,.F.,(5,3,3,3,3,3,3,3,3,3,3,3,3,
    3,3,3,3,3,3,3,3,3,3,3,3,3,3,3,3,3,3,3,3,3,3,5),(0.,2.80000000087E-02
    ,5.700000000863E-02,8.600000000856E-02,0.113000000025,0.137000000055
    ,0.165000000064,0.194000000064,0.223000000064,0.251000000072,
    0.280000000072,0.309000000072,0.338000000072,0.366000000081,
    0.395000000081,0.424000000081,0.453000000081,0.481000000089,
    0.510000000089,0.537000000105,0.566000000105,0.594000000114,
    0.623000000114,0.64800000014,0.675000000156,0.704000000156,
    0.733000000156,0.762000000156,0.791000000156,0.820000000156,
    0.849000000156,0.878000000156,0.907000000156,0.933000000177,
    0.962000000177,1.),.UNSPECIFIED.);
#1411 = CARTESIAN_POINT('',(53.000000000042,-139.652697005,11.5));
#1412 = CARTESIAN_POINT('',(53.000000000042,-139.6307058565,11.5));
#1413 = CARTESIAN_POINT('',(53.000322407122,-139.6087147076,11.5));
#1414 = CARTESIAN_POINT('',(53.000967221265,-139.58673065,11.5));
#1415 = CARTESIAN_POINT('',(53.002935572585,-139.5420062481,11.5));
#1416 = CARTESIAN_POINT('',(53.004282527435,-139.5192669337,11.5));
#1417 = CARTESIAN_POINT('',(53.005974648794,-139.4965506965,11.5));
#1418 = CARTESIAN_POINT('',(53.01004781556,-139.4511800714,11.5));
#1419 = CARTESIAN_POINT('',(53.012428861036,-139.4285256826,11.5));
#1420 = CARTESIAN_POINT('',(53.015153664082,-139.4059100651,11.5));
#1421 = CARTESIAN_POINT('',(53.021077111424,-139.3623284724,11.5));
#1422 = CARTESIAN_POINT('',(53.024230117267,-139.3413562935,11.5));
#1423 = CARTESIAN_POINT('',(53.027679324769,-139.3204307899,11.5));
#1424 = CARTESIAN_POINT('',(53.034751865862,-139.2810048248,11.5));
#1425 = CARTESIAN_POINT('',(53.038313269365,-139.2624932534,11.5));
#1426 = CARTESIAN_POINT('',(53.042107033246,-139.2440279013,11.5));
#1427 = CARTESIAN_POINT('',(53.050828236375,-139.2041292327,11.5));
#1428 = CARTESIAN_POINT('',(53.0558392393,-139.1827141814,11.5));
#1429 = CARTESIAN_POINT('',(53.061163698337,-139.1613749052,11.5));
#1430 = CARTESIAN_POINT('',(53.07263718288,-139.1181024464,11.5));
#1431 = CARTESIAN_POINT('',(53.078808865973,-139.0961752707,11.5));
#1432 = CARTESIAN_POINT('',(53.085312825976,-139.0743443474,11.5));
#1433 = CARTESIAN_POINT('',(53.098980571839,-139.0308900377,11.5));
#1434 = CARTESIAN_POINT('',(53.106144357928,-139.0092666504,11.5));
#1435 = CARTESIAN_POINT('',(53.113635693156,-138.9877545468,11.5));
#1436 = CARTESIAN_POINT('',(53.128998530852,-138.9457054118,11.5));
#1437 = CARTESIAN_POINT('',(53.136848016684,-138.9251603358,11.5));
#1438 = CARTESIAN_POINT('',(53.144997897621,-138.9047325603,11.5));
#1439 = CARTESIAN_POINT('',(53.162194699791,-138.8633995646,11.5));
#1440 = CARTESIAN_POINT('',(53.1712632632,-138.8425033481,11.5));
#1441 = CARTESIAN_POINT('',(53.180648113199,-138.8217472575,11.5));
#1442 = CARTESIAN_POINT('',(53.200043677022,-138.7805295863,11.5));
#1443 = CARTESIAN_POINT('',(53.21005439117,-138.760068005,11.5));
#1444 = CARTESIAN_POINT('',(53.220374682844,-138.7397608071,11.5));
#1445 = CARTESIAN_POINT('',(53.241627069568,-138.699469116,11.5));
#1446 = CARTESIAN_POINT('',(53.252559164973,-138.6794846221,11.5));
#1447 = CARTESIAN_POINT('',(53.26379348655,-138.6596684487,11.5));
#1448 = CARTESIAN_POINT('',(53.286460928881,-138.6210636098,11.5));
#1449 = CARTESIAN_POINT('',(53.297873836544,-138.6022630749,11.5));
#1450 = CARTESIAN_POINT('',(53.309561177196,-138.5836319009,11.5));
#1451 = CARTESIAN_POINT('',(53.333904080758,-138.5460610401,11.5));
#1452 = CARTESIAN_POINT('',(53.346579316107,-138.5271340986,11.5));
#1453 = CARTESIAN_POINT('',(53.359540516505,-138.5084018272,11.5));
#1454 = CARTESIAN_POINT('',(53.386025685575,-138.4713394456,11.5));
#1455 = CARTESIAN_POINT('',(53.399549654692,-138.4530093346,11.5));
#1456 = CARTESIAN_POINT('',(53.413350427447,-138.434886714,11.5));
#1457 = CARTESIAN_POINT('',(53.44149584409,-138.3990688437,11.5));
#1458 = CARTESIAN_POINT('',(53.45584048845,-138.3813735933,11.5));
#1459 = CARTESIAN_POINT('',(53.470452200746,-138.3638982229,11.5));
#1460 = CARTESIAN_POINT('',(53.499686586984,-138.3299939873,11.5));
#1461 = CARTESIAN_POINT('',(53.514291509166,-138.3135498144,11.5));
#1462 = CARTESIAN_POINT('',(53.529135971419,-138.2973215515,11.5));
#1463 = CARTESIAN_POINT('',(53.559832791541,-138.2647354844,11.5));
#1464 = CARTESIAN_POINT('',(53.575702211915,-138.2483937525,11.5));
#1465 = CARTESIAN_POINT('',(53.59181796971,-138.2322948998,11.5));
#1466 = CARTESIAN_POINT('',(53.623402813863,-138.2016870565,11.5));
#1467 = CARTESIAN_POINT('',(53.638839848227,-138.1871449898,11.5));
#1468 = CARTESIAN_POINT('',(53.654480943751,-138.1728226343,11.5));
#1469 = CARTESIAN_POINT('',(53.687335121218,-138.1435814737,11.5));
#1470 = CARTESIAN_POINT('',(53.704578824917,-138.1286970728,11.5));
#1471 = CARTESIAN_POINT('',(53.722046576364,-138.1140762532,11.5));
#1472 = CARTESIAN_POINT('',(53.756808087901,-138.0858666121,11.5));
#1473 = CARTESIAN_POINT('',(53.774087078003,-138.0722595891,11.5));
#1474 = CARTESIAN_POINT('',(53.791563721459,-138.0589073793,11.5));
#1475 = CARTESIAN_POINT('',(53.827531941181,-138.032253417,11.5));
#1476 = CARTESIAN_POINT('',(53.846037473992,-138.0189704971,11.5));
#1477 = CARTESIAN_POINT('',(53.864742588769,-138.005970136,11.5));
#1478 = CARTESIAN_POINT('',(53.899932264962,-137.9822969004,11.5));
#1479 = CARTESIAN_POINT('',(53.916367245736,-137.9715503244,11.5));
#1480 = CARTESIAN_POINT('',(53.932941502563,-137.9610198212,11.5));
#1481 = CARTESIAN_POINT('',(53.967696716667,-137.9395713193,11.5));
#1482 = CARTESIAN_POINT('',(53.985900135146,-137.9286897161,11.5));
#1483 = CARTESIAN_POINT('',(54.004255584518,-137.918066571,11.5));
#1484 = CARTESIAN_POINT('',(54.042629963082,-137.8965758864,11.5));
#1485 = CARTESIAN_POINT('',(54.062671397833,-137.8857485321,11.5));
#1486 = CARTESIAN_POINT('',(54.082874946934,-137.875226778,11.5));
#1487 = CARTESIAN_POINT('',(54.123592188784,-137.8548015355,11.5));
#1488 = CARTESIAN_POINT('',(54.144105882216,-137.8448980468,11.5));
#1489 = CARTESIAN_POINT('',(54.16476760561,-137.8353072234,11.5));
#1490 = CARTESIAN_POINT('',(54.206372720137,-137.8167573242,11.5));
#1491 = CARTESIAN_POINT('',(54.227316111966,-137.8077982481,11.5));
#1492 = CARTESIAN_POINT('',(54.24839314225,-137.7991582538,11.5));
#1493 = CARTESIAN_POINT('',(54.29079981026,-137.7825221838,11.5));
#1494 = CARTESIAN_POINT('',(54.312129448697,-137.7745261079,11.5));
#1495 = CARTESIAN_POINT('',(54.333578056818,-137.7668548683,11.5));
#1496 = CARTESIAN_POINT('',(54.376698296115,-137.7521671429,11.5));
#1497 = CARTESIAN_POINT('',(54.398369928015,-137.7451506568,11.5));
#1498 = CARTESIAN_POINT('',(54.420145613997,-137.7384640876,11.5));
#1499 = CARTESIAN_POINT('',(54.463889961921,-137.7257551797,11.5));
#1500 = CARTESIAN_POINT('',(54.485858624596,-137.7197328407,11.5));
#1501 = CARTESIAN_POINT('',(54.507916209868,-137.7140448148,11.5));
#1502 = CARTESIAN_POINT('',(54.552193908904,-137.703341092,11.5));
#1503 = CARTESIAN_POINT('',(54.574414023408,-137.6983253948,11.5));
#1504 = CARTESIAN_POINT('',(54.596707744537,-137.6936477132,11.5));
#1505 = CARTESIAN_POINT('',(54.641426930612,-137.6849713827,11.5));
#1506 = CARTESIAN_POINT('',(54.663852396307,-137.6809727335,11.5));
#1507 = CARTESIAN_POINT('',(54.686335999939,-137.6773151012,11.5));
#1508 = CARTESIAN_POINT('',(54.729072795116,-137.6710271434,11.5));
#1509 = CARTESIAN_POINT('',(54.749316110157,-137.6683296871,11.5));
#1510 = CARTESIAN_POINT('',(54.769594274331,-137.6659080901,11.5));
#1511 = CARTESIAN_POINT('',(54.812552166002,-137.6613702914,11.5));
#1512 = CARTESIAN_POINT('',(54.835239022056,-137.6593215676,11.5));
#1513 = CARTESIAN_POINT('',(54.857954374114,-137.6576176053,11.5));
#1514 = CARTESIAN_POINT('',(54.910482335025,-137.6544784686,11.5));
#1515 = CARTESIAN_POINT('',(54.940309738564,-137.6532908263,11.5));
#1516 = CARTESIAN_POINT('',(54.970154870036,-137.652697005,11.5));
#1517 = CARTESIAN_POINT('',(55.000000000034,-137.652697005,11.5));
#1518 = ORIENTED_EDGE('',*,*,#1519,.T.);
#1519 = EDGE_CURVE('',#1408,#1520,#1522,.T.);
#1520 = VERTEX_POINT('',#1521);
#1521 = CARTESIAN_POINT('',(60.600000000015,-137.652697005,11.5));
#1522 = LINE('',#1523,#1524);
#1523 = CARTESIAN_POINT('',(99.050000000008,-137.652697005,11.5));
#1524 = VECTOR('',#1525,1.);
#1525 = DIRECTION('',(1.,0.,0.));
#1526 = ORIENTED_EDGE('',*,*,#1527,.T.);
#1527 = EDGE_CURVE('',#1520,#1528,#1530,.T.);
#1528 = VERTEX_POINT('',#1529);
#1529 = CARTESIAN_POINT('',(62.6,-139.652697005,11.5));
#1530 = B_SPLINE_CURVE_WITH_KNOTS('',4,(#1531,#1532,#1533,#1534,#1535,
    #1536,#1537,#1538,#1539,#1540,#1541,#1542,#1543,#1544,#1545,#1546,
    #1547,#1548,#1549,#1550,#1551,#1552,#1553,#1554,#1555,#1556,#1557,
    #1558,#1559,#1560,#1561,#1562,#1563,#1564,#1565,#1566,#1567,#1568,
    #1569,#1570,#1571,#1572,#1573,#1574,#1575,#1576,#1577,#1578,#1579,
    #1580,#1581,#1582,#1583,#1584,#1585,#1586,#1587,#1588,#1589,#1590,
    #1591,#1592,#1593,#1594,#1595,#1596,#1597,#1598,#1599,#1600,#1601,
    #1602,#1603,#1604,#1605,#1606,#1607,#1608,#1609,#1610,#1611,#1612,
    #1613,#1614,#1615,#1616,#1617,#1618,#1619,#1620,#1621,#1622,#1623,
    #1624,#1625,#1626,#1627,#1628,#1629,#1630,#1631,#1632,#1633,#1634,
    #1635,#1636,#1637,#1638,#1639,#1640),.UNSPECIFIED.,.F.,.F.,(5,3,3,3,
    3,3,3,3,3,3,3,3,3,3,3,3,3,3,3,3,3,3,3,3,3,3,3,3,3,3,3,3,3,3,3,3,5),(
    0.,2.600000001564E-02,5.500000000852E-02,8.200000001796E-02,
    0.111000000011,0.140000000004,0.167000000013,0.193000000029,
    0.220000000038,0.249000000031,0.268000000064,0.297000000056,
    0.324000000066,0.349000000087,0.378000000079,0.407000000072,
    0.435000000074,0.464000000067,0.49300000006,0.522000000053,
    0.551000000046,0.580000000039,0.609000000032,0.635000000047,
    0.657000000077,0.68600000007,0.714000000072,0.742000000074,
    0.770000000076,0.796000000091,0.825000000084,0.854000000077,
    0.88300000007,0.912000000063,0.938000000079,0.966000000081,1.),
  .UNSPECIFIED.);
#1531 = CARTESIAN_POINT('',(60.600000000015,-137.652697005,11.5));
#1532 = CARTESIAN_POINT('',(60.620420352232,-137.652697005,11.5));
#1533 = CARTESIAN_POINT('',(60.640840704669,-137.6529749989,11.5));
#1534 = CARTESIAN_POINT('',(60.661255379585,-137.6535309866,11.5));
#1535 = CARTESIAN_POINT('',(60.704416258075,-137.655294688,11.5));
#1536 = CARTESIAN_POINT('',(60.727159691835,-137.6565701987,11.5));
#1537 = CARTESIAN_POINT('',(60.74988113287,-137.6581909466,11.5));
#1538 = CARTESIAN_POINT('',(60.793699392518,-137.6619860192,11.5));
#1539 = CARTESIAN_POINT('',(60.814800185969,-137.6641144575,11.5));
#1540 = CARTESIAN_POINT('',(60.835868777202,-137.6665410183,11.5));
#1541 = CARTESIAN_POINT('',(60.879486727554,-137.6721905193,11.5));
#1542 = CARTESIAN_POINT('',(60.902030171172,-137.6754591362,11.5));
#1543 = CARTESIAN_POINT('',(60.924521377587,-137.6790697235,11.5));
#1544 = CARTESIAN_POINT('',(60.969383797018,-137.6869721053,11.5));
#1545 = CARTESIAN_POINT('',(60.991755010786,-137.6912638999,11.5));
#1546 = CARTESIAN_POINT('',(61.014058469117,-137.6958949314,11.5));
#1547 = CARTESIAN_POINT('',(61.056981530044,-137.7054893723,11.5));
#1548 = CARTESIAN_POINT('',(61.077611180548,-137.7104078328,11.5));
#1549 = CARTESIAN_POINT('',(61.098169228976,-137.7156174757,11.5));
#1550 = CARTESIAN_POINT('',(61.138371309946,-137.726412155,11.5));
#1551 = CARTESIAN_POINT('',(61.158020995039,-137.7319761419,11.5));
#1552 = CARTESIAN_POINT('',(61.177593106148,-137.7378071402,11.5));
#1553 = CARTESIAN_POINT('',(61.217320924219,-137.7502342431,11.5));
#1554 = CARTESIAN_POINT('',(61.237470124832,-137.7568511494,11.5));
#1555 = CARTESIAN_POINT('',(61.257523757783,-137.7637522753,11.5));
#1556 = CARTESIAN_POINT('',(61.298905855259,-137.7786507472,11.5));
#1557 = CARTESIAN_POINT('',(61.32021871875,-137.7866914285,11.5));
#1558 = CARTESIAN_POINT('',(61.341407017825,-137.7950548422,11.5));
#1559 = CARTESIAN_POINT('',(61.37625907422,-137.80942694,11.5));
#1560 = CARTESIAN_POINT('',(61.389998084064,-137.8152531393,11.5));
#1561 = CARTESIAN_POINT('',(61.403678449855,-137.8212157378,11.5));
#1562 = CARTESIAN_POINT('',(61.43808611203,-137.836621445,11.5));
#1563 = CARTESIAN_POINT('',(61.458732744711,-137.8462447118,11.5));
#1564 = CARTESIAN_POINT('',(61.479230856477,-137.8561804111,11.5));
#1565 = CARTESIAN_POINT('',(61.518513029474,-137.8759630636,11.5));
#1566 = CARTESIAN_POINT('',(61.537317807628,-137.8857688809,11.5));
#1567 = CARTESIAN_POINT('',(61.555982065831,-137.8958395909,11.5));
#1568 = CARTESIAN_POINT('',(61.59164671964,-137.9157392292,11.5));
#1569 = CARTESIAN_POINT('',(61.60866795449,-137.9255308099,11.5));
#1570 = CARTESIAN_POINT('',(61.625559548287,-137.9355443781,11.5));
#1571 = CARTESIAN_POINT('',(61.661756061389,-137.9576474963,11.5));
#1572 = CARTESIAN_POINT('',(61.681014688511,-137.9698128564,11.5));
#1573 = CARTESIAN_POINT('',(61.700086350259,-137.9822692775,11.5));
#1574 = CARTESIAN_POINT('',(61.737842682164,-138.007755425,11.5));
#1575 = CARTESIAN_POINT('',(61.756527352953,-138.0207851519,11.5));
#1576 = CARTESIAN_POINT('',(61.775011998181,-138.0340971239,11.5));
#1577 = CARTESIAN_POINT('',(61.8109383056,-138.060807552,11.5));
#1578 = CARTESIAN_POINT('',(61.828393953902,-138.0741871976,11.5));
#1579 = CARTESIAN_POINT('',(61.845651548833,-138.0878213456,11.5));
#1580 = CARTESIAN_POINT('',(61.880368705902,-138.1160855551,11.5));
#1581 = CARTESIAN_POINT('',(61.897813469479,-138.1307337949,11.5));
#1582 = CARTESIAN_POINT('',(61.915033771552,-138.1456452638,11.5));
#1583 = CARTESIAN_POINT('',(61.949013698196,-138.1759841646,11.5));
#1584 = CARTESIAN_POINT('',(61.965773323336,-138.191411597,11.5));
#1585 = CARTESIAN_POINT('',(61.982296733072,-138.207091764,11.5));
#1586 = CARTESIAN_POINT('',(62.014859857345,-138.2389465479,11.5));
#1587 = CARTESIAN_POINT('',(62.030899572427,-138.2551211652,11.5));
#1588 = CARTESIAN_POINT('',(62.046691808286,-138.2715374983,11.5));
#1589 = CARTESIAN_POINT('',(62.077770570642,-138.3048420753,11.5));
#1590 = CARTESIAN_POINT('',(62.09305709766,-138.3217303197,11.5));
#1591 = CARTESIAN_POINT('',(62.108085395087,-138.3388487595,11.5));
#1592 = CARTESIAN_POINT('',(62.137615315626,-138.3735340317,11.5));
#1593 = CARTESIAN_POINT('',(62.152116939231,-138.3911008647,11.5));
#1594 = CARTESIAN_POINT('',(62.166350118635,-138.4088858952,11.5));
#1595 = CARTESIAN_POINT('',(62.194269930875,-138.4448799003,11.5));
#1596 = CARTESIAN_POINT('',(62.20795656418,-138.4630888754,11.5));
#1597 = CARTESIAN_POINT('',(62.221365095619,-138.4815035975,11.5));
#1598 = CARTESIAN_POINT('',(62.246259023039,-138.5168060684,11.5));
#1599 = CARTESIAN_POINT('',(62.257799872361,-138.5336547144,11.5));
#1600 = CARTESIAN_POINT('',(62.269110260565,-138.5506589254,11.5));
#1601 = CARTESIAN_POINT('',(62.289559824699,-138.5823297062,11.5));
#1602 = CARTESIAN_POINT('',(62.29876533193,-138.5969534468,11.5));
#1603 = CARTESIAN_POINT('',(62.307801763741,-138.6116822639,11.5));
#1604 = CARTESIAN_POINT('',(62.328353816936,-138.6460630822,11.5));
#1605 = CARTESIAN_POINT('',(62.339743426281,-138.6657904111,11.5));
#1606 = CARTESIAN_POINT('',(62.350832140749,-138.6856884291,11.5));
#1607 = CARTESIAN_POINT('',(62.372028453809,-138.7251201783,11.5));
#1608 = CARTESIAN_POINT('',(62.38215669915,-138.7446428118,11.5));
#1609 = CARTESIAN_POINT('',(62.391997608216,-138.7643118505,11.5));
#1610 = CARTESIAN_POINT('',(62.411098594209,-138.8039299624,11.5));
#1611 = CARTESIAN_POINT('',(62.420358671413,-138.8238790362,11.5));
#1612 = CARTESIAN_POINT('',(62.429325253058,-138.8439617398,11.5));
#1613 = CARTESIAN_POINT('',(62.446665833319,-138.8843813728,11.5));
#1614 = CARTESIAN_POINT('',(62.455039832188,-138.9047183027,11.5));
#1615 = CARTESIAN_POINT('',(62.46311474387,-138.9251758288,11.5));
#1616 = CARTESIAN_POINT('',(62.478106142471,-138.9648494141,11.5));
#1617 = CARTESIAN_POINT('',(62.485064175663,-138.9840497747,11.5));
#1618 = CARTESIAN_POINT('',(62.491760154307,-139.0033430881,11.5));
#1619 = CARTESIAN_POINT('',(62.505366595151,-139.0443410984,11.5));
#1620 = CARTESIAN_POINT('',(62.512212658016,-139.0660671687,11.5));
#1621 = CARTESIAN_POINT('',(62.51872799683,-139.0878946987,11.5));
#1622 = CARTESIAN_POINT('',(62.531092948986,-139.1317375119,11.5));
#1623 = CARTESIAN_POINT('',(62.536942562536,-139.1537527959,11.5));
#1624 = CARTESIAN_POINT('',(62.542457174909,-139.175854374,11.5));
#1625 = CARTESIAN_POINT('',(62.552812815001,-139.2202147734,11.5));
#1626 = CARTESIAN_POINT('',(62.557653842893,-139.2424735954,11.5));
#1627 = CARTESIAN_POINT('',(62.562156287518,-139.264803367,11.5));
#1628 = CARTESIAN_POINT('',(62.570481130434,-139.3095893169,11.5));
#1629 = CARTESIAN_POINT('',(62.574303528865,-139.3320454959,11.5));
#1630 = CARTESIAN_POINT('',(62.577784464405,-139.3545571328,11.5));
#1631 = CARTESIAN_POINT('',(62.583736577661,-139.3973419948,11.5));
#1632 = CARTESIAN_POINT('',(62.586274961766,-139.4176058711,11.5));
#1633 = CARTESIAN_POINT('',(62.588537221379,-139.4379024288,11.5));
#1634 = CARTESIAN_POINT('',(62.592661124602,-139.4801129585,11.5));
#1635 = CARTESIAN_POINT('',(62.5944785655,-139.5020312496,11.5));
#1636 = CARTESIAN_POINT('',(62.595974437571,-139.5239738324,11.5));
#1637 = CARTESIAN_POINT('',(62.59857384219,-139.5725990885,11.5));
#1638 = CARTESIAN_POINT('',(62.599524614047,-139.5992899293,11.5));
#1639 = CARTESIAN_POINT('',(62.6,-139.6259934676,11.5));
#1640 = CARTESIAN_POINT('',(62.6,-139.652697005,11.5));
#1641 = ORIENTED_EDGE('',*,*,#1642,.T.);
#1642 = EDGE_CURVE('',#1528,#1643,#1645,.T.);
#1643 = VERTEX_POINT('',#1644);
#1644 = CARTESIAN_POINT('',(62.6,-149.652697005,11.5));
#1645 = LINE('',#1646,#1647);
#1646 = CARTESIAN_POINT('',(62.6,-127.0407078564,11.5));
#1647 = VECTOR('',#1648,1.);
#1648 = DIRECTION('',(0.,-1.,0.));
#1649 = ORIENTED_EDGE('',*,*,#1650,.T.);
#1650 = EDGE_CURVE('',#1643,#1651,#1653,.T.);
#1651 = VERTEX_POINT('',#1652);
#1652 = CARTESIAN_POINT('',(60.600000000015,-151.652697005,11.5));
#1653 = B_SPLINE_CURVE_WITH_KNOTS('',4,(#1654,#1655,#1656,#1657,#1658,
    #1659,#1660,#1661,#1662,#1663,#1664,#1665,#1666,#1667,#1668,#1669,
    #1670,#1671,#1672,#1673,#1674,#1675,#1676,#1677,#1678,#1679,#1680,
    #1681,#1682,#1683,#1684,#1685,#1686,#1687,#1688,#1689,#1690,#1691,
    #1692,#1693,#1694,#1695,#1696,#1697,#1698,#1699,#1700,#1701,#1702,
    #1703,#1704,#1705,#1706,#1707,#1708,#1709,#1710,#1711,#1712,#1713,
    #1714,#1715,#1716,#1717,#1718,#1719,#1720,#1721,#1722,#1723,#1724,
    #1725,#1726,#1727,#1728,#1729,#1730,#1731,#1732,#1733,#1734,#1735,
    #1736,#1737,#1738,#1739,#1740,#1741,#1742,#1743,#1744,#1745,#1746,
    #1747,#1748,#1749,#1750,#1751,#1752,#1753,#1754,#1755,#1756,#1757,
    #1758,#1759,#1760,#1761,#1762,#1763,#1764,#1765,#1766),
  .UNSPECIFIED.,.F.,.F.,(5,3,3,3,3,3,3,3,3,3,3,3,3,3,3,3,3,3,3,3,3,3,3,3
    ,3,3,3,3,3,3,3,3,3,3,3,3,3,5),(0.,2.899999998671E-02,
    5.200000000942E-02,8.09999999961E-02,0.109999999983,0.138999999969,
    0.167999999956,0.196999999943,0.223999999946,0.249999999956,
    0.278999999943,0.306999999939,0.335999999926,0.360999999941,
    0.386999999951,0.409999999974,0.434999999989,0.462999999985,
    0.490999999981,0.519999999968,0.548999999954,0.570999999979,
    0.595999999995,0.62100000001,0.646000000025,0.673000000029,
    0.702000000015,0.728000000025,0.755000000029,0.784000000016,
    0.812000000012,0.839000000015,0.868000000002,0.896999999988,
    0.925999999975,0.951999999985,0.980999999972,1.),.UNSPECIFIED.);
#1654 = CARTESIAN_POINT('',(62.6,-149.652697005,11.5));
#1655 = CARTESIAN_POINT('',(62.6,-149.6754735517,11.5));
#1656 = CARTESIAN_POINT('',(62.599654152609,-149.6982500988,11.5));
#1657 = CARTESIAN_POINT('',(62.598962457847,-149.7210187673,11.5));
#1658 = CARTESIAN_POINT('',(62.597102680776,-149.7618171051,11.5));
#1659 = CARTESIAN_POINT('',(62.596062770204,-149.7798526175,11.5));
#1660 = CARTESIAN_POINT('',(62.594805721746,-149.7978742976,11.5));
#1661 = CARTESIAN_POINT('',(62.591473503695,-149.8385788362,11.5));
#1662 = CARTESIAN_POINT('',(62.58927045698,-149.8612512267,11.5));
#1663 = CARTESIAN_POINT('',(62.586723358791,-149.883887547,11.5));
#1664 = CARTESIAN_POINT('',(62.580943058971,-149.9290724167,11.5));
#1665 = CARTESIAN_POINT('',(62.577709857243,-149.9516209669,11.5));
#1666 = CARTESIAN_POINT('',(62.574134603489,-149.974117817,11.5));
#1667 = CARTESIAN_POINT('',(62.566302701131,-150.0189925941,11.5));
#1668 = CARTESIAN_POINT('',(62.562046052397,-150.0413705218,11.5));
#1669 = CARTESIAN_POINT('',(62.557450060747,-150.0636812271,11.5));
#1670 = CARTESIAN_POINT('',(62.547582804899,-150.1081528087,11.5));
#1671 = CARTESIAN_POINT('',(62.542311540536,-150.130313686,11.5));
#1672 = CARTESIAN_POINT('',(62.536704346412,-150.1523919576,11.5));
#1673 = CARTESIAN_POINT('',(62.524822208922,-150.1963680776,11.5));
#1674 = CARTESIAN_POINT('',(62.518547265357,-150.2182659266,11.5));
#1675 = CARTESIAN_POINT('',(62.511940502148,-150.2400659584,11.5));
#1676 = CARTESIAN_POINT('',(62.498546492666,-150.2819591913,11.5));
#1677 = CARTESIAN_POINT('',(62.491803116689,-150.3020664192,11.5));
#1678 = CARTESIAN_POINT('',(62.484776127106,-150.3220762955,11.5));
#1679 = CARTESIAN_POINT('',(62.470429985429,-150.3611521274,11.5));
#1680 = CARTESIAN_POINT('',(62.463131293225,-150.380225595,11.5));
#1681 = CARTESIAN_POINT('',(62.4555735955,-150.3991979243,11.5));
#1682 = CARTESIAN_POINT('',(62.439042857962,-150.4391066551,11.5));
#1683 = CARTESIAN_POINT('',(62.430007129428,-150.4600170906,11.5));
#1684 = CARTESIAN_POINT('',(62.420654894585,-150.4807878973,11.5));
#1685 = CARTESIAN_POINT('',(62.401657388802,-150.5213248102,11.5));
#1686 = CARTESIAN_POINT('',(62.392033342644,-150.5411008642,11.5));
#1687 = CARTESIAN_POINT('',(62.382120367805,-150.5607336812,11.5));
#1688 = CARTESIAN_POINT('',(62.361358902068,-150.6003961077,11.5));
#1689 = CARTESIAN_POINT('',(62.350489643647,-150.6204148471,11.5));
#1690 = CARTESIAN_POINT('',(62.339317631751,-150.6402662163,11.5));
#1691 = CARTESIAN_POINT('',(62.317958215961,-150.6769065049,11.5));
#1692 = CARTESIAN_POINT('',(62.307847551026,-150.69374016,11.5));
#1693 = CARTESIAN_POINT('',(62.297517381589,-150.7104400129,11.5));
#1694 = CARTESIAN_POINT('',(62.276001577667,-150.7442260713,11.5));
#1695 = CARTESIAN_POINT('',(62.264798252626,-150.7613010115,11.5));
#1696 = CARTESIAN_POINT('',(62.253363493579,-150.7782218377,11.5));
#1697 = CARTESIAN_POINT('',(62.231383318093,-150.8098118581,11.5));
#1698 = CARTESIAN_POINT('',(62.220887522947,-150.824515579,11.5));
#1699 = CARTESIAN_POINT('',(62.210215402639,-150.8390918259,11.5));
#1700 = CARTESIAN_POINT('',(62.187580093437,-150.8692392272,11.5));
#1701 = CARTESIAN_POINT('',(62.175585334078,-150.8847866783,11.5));
#1702 = CARTESIAN_POINT('',(62.163388069482,-150.9001757726,11.5));
#1703 = CARTESIAN_POINT('',(62.137107313249,-150.932456638,11.5));
#1704 = CARTESIAN_POINT('',(62.12297311463,-150.9493071277,11.5));
#1705 = CARTESIAN_POINT('',(62.108593367783,-150.9659485656,11.5));
#1706 = CARTESIAN_POINT('',(62.07935220711,-150.998802743,11.5));
#1707 = CARTESIAN_POINT('',(62.064490792859,-151.0150154831,11.5));
#1708 = CARTESIAN_POINT('',(62.049393259457,-151.0310085772,11.5));
#1709 = CARTESIAN_POINT('',(62.01818838663,-151.0631084596,11.5));
#1710 = CARTESIAN_POINT('',(62.002064239257,-151.0791989095,11.5));
#1711 = CARTESIAN_POINT('',(61.985697599836,-151.0950426407,11.5));
#1712 = CARTESIAN_POINT('',(61.952490823889,-151.126225879,11.5));
#1713 = CARTESIAN_POINT('',(61.935650686807,-151.1415653865,11.5));
#1714 = CARTESIAN_POINT('',(61.918579544139,-151.1566473888,11.5));
#1715 = CARTESIAN_POINT('',(61.888162150306,-151.1827090409,11.5));
#1716 = CARTESIAN_POINT('',(61.874911419724,-151.1938001766,11.5));
#1717 = CARTESIAN_POINT('',(61.861533799231,-151.2047379288,11.5));
#1718 = CARTESIAN_POINT('',(61.832688996191,-151.2277726763,11.5));
#1719 = CARTESIAN_POINT('',(61.81718563053,-151.2398243625,11.5));
#1720 = CARTESIAN_POINT('',(61.801525823668,-151.25167206,11.5));
#1721 = CARTESIAN_POINT('',(61.769901456989,-151.2749534929,11.5));
#1722 = CARTESIAN_POINT('',(61.753936896881,-151.2863872284,11.5));
#1723 = CARTESIAN_POINT('',(61.73782402474,-151.2976109907,11.5));
#1724 = CARTESIAN_POINT('',(61.705310014538,-151.3196329076,11.5));
#1725 = CARTESIAN_POINT('',(61.688908876176,-151.3304310624,11.5));
#1726 = CARTESIAN_POINT('',(61.672367783637,-151.3410135832,11.5));
#1727 = CARTESIAN_POINT('',(61.637680123387,-151.3625711657,11.5));
#1728 = CARTESIAN_POINT('',(61.619510980248,-151.3735099029,11.5));
#1729 = CARTESIAN_POINT('',(61.601188994996,-151.3841906608,11.5));
#1730 = CARTESIAN_POINT('',(61.562882320667,-151.4058017959,11.5));
#1731 = CARTESIAN_POINT('',(61.542874999898,-151.4166920586,11.5));
#1732 = CARTESIAN_POINT('',(61.522704605508,-151.427277232,11.5));
#1733 = CARTESIAN_POINT('',(61.484154467083,-151.4467672013,11.5));
#1734 = CARTESIAN_POINT('',(61.465805337281,-151.4557325518,11.5));
#1735 = CARTESIAN_POINT('',(61.447335846471,-151.4644472511,11.5));
#1736 = CARTESIAN_POINT('',(61.409451681968,-151.4816960915,11.5));
#1737 = CARTESIAN_POINT('',(61.390027976358,-151.4902103968,11.5));
#1738 = CARTESIAN_POINT('',(61.370485832059,-151.4984492274,11.5));
#1739 = CARTESIAN_POINT('',(61.32972054994,-151.5149608666,11.5));
#1740 = CARTESIAN_POINT('',(61.308480120571,-151.5231909861,11.5));
#1741 = CARTESIAN_POINT('',(61.287117157019,-151.5310975969,11.5));
#1742 = CARTESIAN_POINT('',(61.24490164412,-151.5459971608,11.5));
#1743 = CARTESIAN_POINT('',(61.224056895504,-151.5530122182,11.5));
#1744 = CARTESIAN_POINT('',(61.203111530493,-151.5597208886,11.5));
#1745 = CARTESIAN_POINT('',(61.161784536723,-151.5722927484,11.5));
#1746 = CARTESIAN_POINT('',(61.141409490013,-151.5781775768,11.5));
#1747 = CARTESIAN_POINT('',(61.120953276771,-151.5837737428,11.5));
#1748 = CARTESIAN_POINT('',(61.078369998298,-151.5947785985,11.5));
#1749 = CARTESIAN_POINT('',(61.056231408181,-151.6001426953,11.5));
#1750 = CARTESIAN_POINT('',(61.034013911203,-151.6051699744,11.5));
#1751 = CARTESIAN_POINT('',(60.9894365239,-151.614547653,11.5));
#1752 = CARTESIAN_POINT('',(60.96707663283,-151.6188980527,11.5));
#1753 = CARTESIAN_POINT('',(60.944653254536,-151.6229083909,11.5));
#1754 = CARTESIAN_POINT('',(60.899695075608,-151.6302464059,11.5));
#1755 = CARTESIAN_POINT('',(60.877160274221,-151.6335740827,11.5));
#1756 = CARTESIAN_POINT('',(60.854577536967,-151.6365591597,11.5));
#1757 = CARTESIAN_POINT('',(60.81167213683,-151.6415690213,11.5));
#1758 = CARTESIAN_POINT('',(60.791357342819,-151.6436612017,11.5));
#1759 = CARTESIAN_POINT('',(60.771015947029,-151.6454766056,11.5));
#1760 = CARTESIAN_POINT('',(60.727941774827,-151.64873049,11.5));
#1761 = CARTESIAN_POINT('',(60.705203886624,-151.6501013098,11.5));
#1762 = CARTESIAN_POINT('',(60.682447803031,-151.6511266712,11.5));
#1763 = CARTESIAN_POINT('',(60.644765479902,-151.6522516391,11.5));
#1764 = CARTESIAN_POINT('',(60.629845130257,-151.6525485497,11.5));
#1765 = CARTESIAN_POINT('',(60.614922565113,-151.652697005,11.5));
#1766 = CARTESIAN_POINT('',(60.600000000015,-151.652697005,11.5));
#1767 = ORIENTED_EDGE('',*,*,#1768,.T.);
#1768 = EDGE_CURVE('',#1651,#1769,#1771,.T.);
#1769 = VERTEX_POINT('',#1770);
#1770 = CARTESIAN_POINT('',(55.000000000001,-151.652697005,11.5));
#1771 = LINE('',#1772,#1773);
#1772 = CARTESIAN_POINT('',(96.25,-151.652697005,11.5));
#1773 = VECTOR('',#1774,1.);
#1774 = DIRECTION('',(-1.,0.,0.));
#1775 = ORIENTED_EDGE('',*,*,#1776,.T.);
#1776 = EDGE_CURVE('',#1769,#1777,#1779,.T.);
#1777 = VERTEX_POINT('',#1778);
#1778 = CARTESIAN_POINT('',(53.000000000004,-149.652697005,11.5));
#1779 = B_SPLINE_CURVE_WITH_KNOTS('',4,(#1780,#1781,#1782,#1783,#1784,
    #1785,#1786,#1787,#1788,#1789,#1790,#1791,#1792,#1793,#1794,#1795,
    #1796,#1797,#1798,#1799,#1800,#1801,#1802,#1803,#1804,#1805,#1806,
    #1807,#1808,#1809,#1810,#1811,#1812,#1813,#1814,#1815,#1816,#1817,
    #1818,#1819,#1820,#1821,#1822,#1823,#1824,#1825,#1826,#1827,#1828,
    #1829,#1830,#1831,#1832,#1833,#1834,#1835,#1836,#1837,#1838,#1839,
    #1840,#1841,#1842,#1843,#1844,#1845,#1846,#1847,#1848,#1849,#1850,
    #1851,#1852,#1853,#1854,#1855,#1856,#1857,#1858,#1859,#1860,#1861,
    #1862,#1863,#1864,#1865,#1866,#1867,#1868,#1869,#1870,#1871,#1872,
    #1873,#1874,#1875,#1876,#1877,#1878,#1879,#1880,#1881,#1882,#1883,
    #1884,#1885,#1886),.UNSPECIFIED.,.F.,.F.,(5,3,3,3,3,3,3,3,3,3,3,3,3,
    3,3,3,3,3,3,3,3,3,3,3,3,3,3,3,3,3,3,3,3,3,3,5),(0.,
    2.899999999854E-02,5.799999999707E-02,8.699999999559E-02,
    0.11400000001,0.143000000009,0.172000000007,0.199000000022,
    0.22800000002,0.257000000019,0.286000000018,0.315000000016,
    0.344000000015,0.372000000022,0.40100000002,0.430000000019,
    0.459000000017,0.483000000047,0.512000000045,0.540000000053,
    0.569000000051,0.596000000066,0.624000000073,0.653000000072,
    0.680000000086,0.709000000085,0.738000000083,0.766000000091,
    0.795000000089,0.824000000088,0.850000000108,0.878000000116,
    0.907000000114,0.935000000122,0.96400000012,1.),.UNSPECIFIED.);
#1780 = CARTESIAN_POINT('',(55.000000000002,-151.652697005,11.5));
#1781 = CARTESIAN_POINT('',(54.977223453317,-151.652697005,11.5));
#1782 = CARTESIAN_POINT('',(54.954446906251,-151.6523511576,11.5));
#1783 = CARTESIAN_POINT('',(54.931678237757,-151.6516594629,11.5));
#1784 = CARTESIAN_POINT('',(54.88617239947,-151.6495850961,11.5));
#1785 = CARTESIAN_POINT('',(54.863435228916,-151.6482024241,11.5));
#1786 = CARTESIAN_POINT('',(54.84072167773,-151.6464746223,11.5));
#1787 = CARTESIAN_POINT('',(54.79535750665,-151.6423301926,11.5));
#1788 = CARTESIAN_POINT('',(54.772706885996,-151.6399135646,11.5));
#1789 = CARTESIAN_POINT('',(54.750095576504,-151.6371532404,11.5));
#1790 = CARTESIAN_POINT('',(54.706523342051,-151.6311613426,11.5));
#1791 = CARTESIAN_POINT('',(54.685556141748,-151.6279753976,11.5));
#1792 = CARTESIAN_POINT('',(54.664636081952,-151.6244933247,11.5));
#1793 = CARTESIAN_POINT('',(54.621357078288,-151.6166594051,11.5));
#1794 = CARTESIAN_POINT('',(54.599006337444,-151.6122622366,11.5));
#1795 = CARTESIAN_POINT('',(54.576724949895,-151.6075261543,11.5));
#1796 = CARTESIAN_POINT('',(54.532316243431,-151.5973796719,11.5));
#1797 = CARTESIAN_POINT('',(54.510188923771,-151.5919692716,11.5));
#1798 = CARTESIAN_POINT('',(54.488146318697,-151.5862234672,11.5));
#1799 = CARTESIAN_POINT('',(54.445759537596,-151.5744845046,11.5));
#1800 = CARTESIAN_POINT('',(54.425403067931,-151.5685357336,11.5));
#1801 = CARTESIAN_POINT('',(54.405132740162,-151.5622997457,11.5));
#1802 = CARTESIAN_POINT('',(54.363281792428,-151.548774191,11.5));
#1803 = CARTESIAN_POINT('',(54.341715335775,-151.5414407979,11.5));
#1804 = CARTESIAN_POINT('',(54.32026273182,-151.5337807398,11.5));
#1805 = CARTESIAN_POINT('',(54.277599987384,-151.5178128172,11.5));
#1806 = CARTESIAN_POINT('',(54.256389846189,-151.5095049524,11.5));
#1807 = CARTESIAN_POINT('',(54.235308315042,-151.500875946,11.5));
#1808 = CARTESIAN_POINT('',(54.193416964081,-151.48298184,11.5));
#1809 = CARTESIAN_POINT('',(54.172607143565,-151.4737167401,11.5));
#1810 = CARTESIAN_POINT('',(54.151940423617,-151.4641366883,11.5));
#1811 = CARTESIAN_POINT('',(54.110907379185,-151.4443535242,11.5));
#1812 = CARTESIAN_POINT('',(54.090541054015,-151.4341504116,11.5));
#1813 = CARTESIAN_POINT('',(54.070332023037,-151.4236391903,11.5));
#1814 = CARTESIAN_POINT('',(54.030242417439,-151.4020080129,11.5));
#1815 = CARTESIAN_POINT('',(54.010361842148,-151.3908880563,11.5));
#1816 = CARTESIAN_POINT('',(53.990652428333,-151.3794674735,11.5));
#1817 = CARTESIAN_POINT('',(53.95226293635,-151.3564372012,11.5));
#1818 = CARTESIAN_POINT('',(53.933570798959,-151.3448476122,11.5));
#1819 = CARTESIAN_POINT('',(53.915050601439,-151.3329851985,11.5));
#1820 = CARTESIAN_POINT('',(53.877710832338,-151.3082892843,11.5));
#1821 = CARTESIAN_POINT('',(53.858904190923,-151.2954362323,11.5));
#1822 = CARTESIAN_POINT('',(53.840294906129,-151.2822990627,11.5));
#1823 = CARTESIAN_POINT('',(53.803483783653,-151.2554657703,11.5));
#1824 = CARTESIAN_POINT('',(53.785281945355,-151.2417696472,11.5));
#1825 = CARTESIAN_POINT('',(53.76729019691,-151.2277986882,11.5));
#1826 = CARTESIAN_POINT('',(53.731739177697,-151.1993169511,11.5));
#1827 = CARTESIAN_POINT('',(53.714179906334,-151.1848061725,11.5));
#1828 = CARTESIAN_POINT('',(53.696843022176,-151.1700304101,11.5));
#1829 = CARTESIAN_POINT('',(53.665575619758,-151.1425516554,11.5));
#1830 = CARTESIAN_POINT('',(53.651573161886,-151.1299305205,11.5));
#1831 = CARTESIAN_POINT('',(53.637730424201,-151.1171344085,11.5));
#1832 = CARTESIAN_POINT('',(53.607520917413,-151.088496704,11.5));
#1833 = CARTESIAN_POINT('',(53.591229121264,-151.072576023,11.5));
#1834 = CARTESIAN_POINT('',(53.5751809771,-151.0564097687,11.5));
#1835 = CARTESIAN_POINT('',(53.544127717321,-151.0241631939,11.5));
#1836 = CARTESIAN_POINT('',(53.529105716952,-151.0080991321,11.5));
#1837 = CARTESIAN_POINT('',(53.514320868167,-150.9918165396,11.5));
#1838 = CARTESIAN_POINT('',(53.484715460139,-150.9582357958,11.5));
#1839 = CARTESIAN_POINT('',(53.46991248327,-150.9409221428,11.5));
#1840 = CARTESIAN_POINT('',(53.455374140535,-150.9233856865,11.5));
#1841 = CARTESIAN_POINT('',(53.427820648464,-150.8891038031,11.5));
#1842 = CARTESIAN_POINT('',(53.414769598816,-150.8723872294,11.5));
#1843 = CARTESIAN_POINT('',(53.401956202287,-150.8554878033,11.5));
#1844 = CARTESIAN_POINT('',(53.376346626163,-150.820701,11.5));
#1845 = CARTESIAN_POINT('',(53.363568660548,-150.8028002132,11.5));
#1846 = CARTESIAN_POINT('',(53.351054535977,-150.7847139957,11.5));
#1847 = CARTESIAN_POINT('',(53.326124498107,-150.7475301317,11.5));
#1848 = CARTESIAN_POINT('',(53.313728053843,-150.7284194311,11.5));
#1849 = CARTESIAN_POINT('',(53.301623256372,-150.7091226805,11.5));
#1850 = CARTESIAN_POINT('',(53.278819543437,-150.6715137303,11.5));
#1851 = CARTESIAN_POINT('',(53.268081243636,-150.6532254103,11.5));
#1852 = CARTESIAN_POINT('',(53.257602588043,-150.6347870939,11.5));
#1853 = CARTESIAN_POINT('',(53.236413954841,-150.5962451132,11.5));
#1854 = CARTESIAN_POINT('',(53.225744337988,-150.5761192596,11.5));
#1855 = CARTESIAN_POINT('',(53.215381585027,-150.5558336968,11.5));
#1856 = CARTESIAN_POINT('',(53.195276761665,-150.5149572929,11.5));
#1857 = CARTESIAN_POINT('',(53.185534690927,-150.4943664512,11.5));
#1858 = CARTESIAN_POINT('',(53.176106438485,-150.4736300396,11.5));
#1859 = CARTESIAN_POINT('',(53.158198055993,-150.4326003386,11.5));
#1860 = CARTESIAN_POINT('',(53.149696442562,-150.4123164251,11.5));
#1861 = CARTESIAN_POINT('',(53.14149315269,-150.3919100387,11.5));
#1862 = CARTESIAN_POINT('',(53.125406087527,-150.3501326181,11.5));
#1863 = CARTESIAN_POINT('',(53.11754418659,-150.3287531602,11.5));
#1864 = CARTESIAN_POINT('',(53.11000786315,-150.3072567759,11.5));
#1865 = CARTESIAN_POINT('',(53.095591358316,-150.2640451027,11.5));
#1866 = CARTESIAN_POINT('',(53.088711176681,-150.242329813,11.5));
#1867 = CARTESIAN_POINT('',(53.082161559316,-150.2205125442,11.5));
#1868 = CARTESIAN_POINT('',(53.070370882154,-150.1789559321,11.5));
#1869 = CARTESIAN_POINT('',(53.065064545217,-150.159235109,11.5));
#1870 = CARTESIAN_POINT('',(53.060027195747,-150.1394438689,11.5));
#1871 = CARTESIAN_POINT('',(53.050126427525,-150.0982042013,11.5));
#1872 = CARTESIAN_POINT('',(53.045306194727,-150.0767454052,11.5));
#1873 = CARTESIAN_POINT('',(53.040801116279,-150.05521824,11.5));
#1874 = CARTESIAN_POINT('',(53.032274377615,-150.0112700744,11.5));
#1875 = CARTESIAN_POINT('',(53.028275728473,-149.9888446087,11.5));
#1876 = CARTESIAN_POINT('',(53.024618096129,-149.966361005,11.5));
#1877 = CARTESIAN_POINT('',(53.018101485378,-149.9220701446,11.5));
#1878 = CARTESIAN_POINT('',(53.015219316228,-149.9002662992,11.5));
#1879 = CARTESIAN_POINT('',(53.012657152321,-149.8784225383,11.5));
#1880 = CARTESIAN_POINT('',(53.008094229351,-149.8338879869,11.5));
#1881 = CARTESIAN_POINT('',(53.006116788454,-149.8111948065,11.5));
#1882 = CARTESIAN_POINT('',(53.004484196823,-149.7884742134,11.5));
#1883 = CARTESIAN_POINT('',(53.001598875881,-149.7375049353,11.5));
#1884 = CARTESIAN_POINT('',(53.000532958655,-149.7092456735,11.5));
#1885 = CARTESIAN_POINT('',(53.000000000007,-149.6809713387,11.5));
#1886 = CARTESIAN_POINT('',(53.000000000008,-149.6526970049,11.5));
#1887 = ORIENTED_EDGE('',*,*,#1888,.T.);
#1888 = EDGE_CURVE('',#1777,#1889,#1891,.T.);
#1889 = VERTEX_POINT('',#1890);
#1890 = CARTESIAN_POINT('',(53.,-150.0814157129,11.5));
#1891 = LINE('',#1892,#1893);
#1892 = CARTESIAN_POINT('',(53.,-64.08141571295,11.5));
#1893 = VECTOR('',#1894,1.);
#1894 = DIRECTION('',(0.,-1.,0.));
#1895 = ORIENTED_EDGE('',*,*,#1896,.F.);
#1896 = EDGE_CURVE('',#1897,#1889,#1899,.T.);
#1897 = VERTEX_POINT('',#1898);
#1898 = CARTESIAN_POINT('',(55.,-152.0814157129,11.5));
#1899 = CIRCLE('',#1900,2.);
#1900 = AXIS2_PLACEMENT_3D('',#1901,#1902,#1903);
#1901 = CARTESIAN_POINT('',(55.,-150.0814157129,11.5));
#1902 = DIRECTION('',(0.,-0.,-1.));
#1903 = DIRECTION('',(1.,-1.2E-16,0.));
#1904 = ORIENTED_EDGE('',*,*,#1905,.T.);
#1905 = EDGE_CURVE('',#1897,#1906,#1908,.T.);
#1906 = VERTEX_POINT('',#1907);
#1907 = CARTESIAN_POINT('',(220.,-152.0814157129,11.5));
#1908 = LINE('',#1909,#1910);
#1909 = CARTESIAN_POINT('',(55.,-152.0814157129,11.5));
#1910 = VECTOR('',#1911,1.);
#1911 = DIRECTION('',(1.,0.,0.));
#1912 = ORIENTED_EDGE('',*,*,#1913,.F.);
#1913 = EDGE_CURVE('',#1914,#1906,#1916,.T.);
#1914 = VERTEX_POINT('',#1915);
#1915 = CARTESIAN_POINT('',(222.,-150.0814157129,11.5));
#1916 = CIRCLE('',#1917,2.);
#1917 = AXIS2_PLACEMENT_3D('',#1918,#1919,#1920);
#1918 = CARTESIAN_POINT('',(220.,-150.0814157129,11.5));
#1919 = DIRECTION('',(0.,0.,-1.));
#1920 = DIRECTION('',(-1.1E-16,1.,0.));
#1921 = ORIENTED_EDGE('',*,*,#1922,.T.);
#1922 = EDGE_CURVE('',#1914,#1923,#1925,.T.);
#1923 = VERTEX_POINT('',#1924);
#1924 = CARTESIAN_POINT('',(222.,-149.652697005,11.5));
#1925 = LINE('',#1926,#1927);
#1926 = CARTESIAN_POINT('',(222.,-150.0814157129,11.5));
#1927 = VECTOR('',#1928,1.);
#1928 = DIRECTION('',(0.,1.,0.));
#1929 = ORIENTED_EDGE('',*,*,#1930,.T.);
#1930 = EDGE_CURVE('',#1923,#1931,#1933,.T.);
#1931 = VERTEX_POINT('',#1932);
#1932 = CARTESIAN_POINT('',(220.,-151.652697005,11.5));
#1933 = B_SPLINE_CURVE_WITH_KNOTS('',4,(#1934,#1935,#1936,#1937,#1938,
    #1939,#1940,#1941,#1942,#1943,#1944,#1945,#1946,#1947,#1948,#1949,
    #1950,#1951,#1952,#1953,#1954,#1955,#1956,#1957,#1958,#1959,#1960,
    #1961,#1962,#1963,#1964,#1965,#1966,#1967,#1968,#1969,#1970,#1971,
    #1972,#1973,#1974,#1975,#1976,#1977,#1978,#1979,#1980,#1981,#1982,
    #1983,#1984,#1985,#1986,#1987,#1988,#1989,#1990,#1991,#1992,#1993,
    #1994,#1995,#1996,#1997,#1998,#1999,#2000,#2001,#2002,#2003,#2004,
    #2005,#2006,#2007,#2008,#2009,#2010,#2011,#2012,#2013,#2014,#2015,
    #2016,#2017,#2018,#2019,#2020,#2021,#2022,#2023,#2024,#2025,#2026,
    #2027,#2028,#2029,#2030,#2031,#2032,#2033,#2034,#2035,#2036,#2037,
    #2038,#2039,#2040,#2041,#2042,#2043),.UNSPECIFIED.,.F.,.F.,(5,3,3,3,
    3,3,3,3,3,3,3,3,3,3,3,3,3,3,3,3,3,3,3,3,3,3,3,3,3,3,3,3,3,3,3,3,5),(
    0.,2.80000000002E-02,5.60000000004E-02,8.499999999152E-02,
    0.113999999983,0.141999999983,0.168999999991,0.197999999982,
    0.225999999982,0.254999999973,0.283999999964,0.312999999956,
    0.341999999947,0.367999999961,0.396999999952,0.42399999996,
    0.45199999996,0.47999999996,0.507999999961,0.536999999952,
    0.557999999982,0.582000000005,0.610999999996,0.639999999988,
    0.668999999979,0.69799999997,0.726999999961,0.75199999998,
    0.779999999981,0.806999999988,0.83599999998,0.864999999971,
    0.892999999971,0.918999999985,0.947999999976,0.975999999977,1.),
  .UNSPECIFIED.);
#1934 = CARTESIAN_POINT('',(222.,-149.652697005,11.5));
#1935 = CARTESIAN_POINT('',(222.,-149.6746881535,11.5));
#1936 = CARTESIAN_POINT('',(221.99967759292,-149.6966793024,11.5));
#1937 = CARTESIAN_POINT('',(221.99903277877,-149.71866336,11.5));
#1938 = CARTESIAN_POINT('',(221.99709895993,-149.7626031233,11.5));
#1939 = CARTESIAN_POINT('',(221.99580995521,-149.7845588296,11.5));
#1940 = CARTESIAN_POINT('',(221.99419916699,-149.806493276,11.5));
#1941 = CARTESIAN_POINT('',(221.9902662714,-149.8510878818,11.5));
#1942 = CARTESIAN_POINT('',(221.98792081428,-149.8737459827,11.5));
#1943 = CARTESIAN_POINT('',(221.98523153911,-149.8963658524,11.5));
#1944 = CARTESIAN_POINT('',(221.97916745035,-149.9415135117,11.5));
#1945 = CARTESIAN_POINT('',(221.97579263665,-149.9640413021,11.5));
#1946 = CARTESIAN_POINT('',(221.97207610252,-149.9865152444,11.5));
#1947 = CARTESIAN_POINT('',(221.96410229149,-150.0305670874,11.5));
#1948 = CARTESIAN_POINT('',(221.95986807996,-150.0521491639,11.5));
#1949 = CARTESIAN_POINT('',(221.95531787984,-150.0736668369,11.5));
#1950 = CARTESIAN_POINT('',(221.94576237622,-150.1157936031,11.5));
#1951 = CARTESIAN_POINT('',(221.94077913012,-150.1364077,11.5));
#1952 = CARTESIAN_POINT('',(221.93550492807,-150.1569492804,11.5));
#1953 = CARTESIAN_POINT('',(221.92396583809,-150.1993909092,11.5));
#1954 = CARTESIAN_POINT('',(221.91765650522,-150.2212788746,11.5));
#1955 = CARTESIAN_POINT('',(221.91101550677,-150.2430685016,11.5));
#1956 = CARTESIAN_POINT('',(221.89731535455,-150.2856883604,11.5));
#1957 = CARTESIAN_POINT('',(221.89027851629,-150.3065257662,11.5));
#1958 = CARTESIAN_POINT('',(221.88293690932,-150.3272577555,11.5));
#1959 = CARTESIAN_POINT('',(221.86737609105,-150.3692340282,11.5));
#1960 = CARTESIAN_POINT('',(221.85913490079,-150.3904701646,11.5));
#1961 = CARTESIAN_POINT('',(221.85057216646,-150.4115787005,11.5));
#1962 = CARTESIAN_POINT('',(221.83280975409,-150.4535260607,11.5));
#1963 = CARTESIAN_POINT('',(221.82361007575,-150.4743648856,11.5));
#1964 = CARTESIAN_POINT('',(221.8140949975,-150.4950616001,11.5));
#1965 = CARTESIAN_POINT('',(221.79444083997,-150.5361565926,11.5));
#1966 = CARTESIAN_POINT('',(221.78430176036,-150.5565548713,11.5));
#1967 = CARTESIAN_POINT('',(221.77385407935,-150.5767968244,11.5));
#1968 = CARTESIAN_POINT('',(221.75234895363,-150.6169541884,11.5));
#1969 = CARTESIAN_POINT('',(221.74129150857,-150.6368695999,11.5));
#1970 = CARTESIAN_POINT('',(221.72993290088,-150.6566147952,11.5));
#1971 = CARTESIAN_POINT('',(221.70782719024,-150.6937269177,11.5));
#1972 = CARTESIAN_POINT('',(221.69713838257,-150.7111285689,11.5));
#1973 = CARTESIAN_POINT('',(221.68621364509,-150.7283830809,11.5));
#1974 = CARTESIAN_POINT('',(221.66261110373,-150.764561695,11.5));
#1975 = CARTESIAN_POINT('',(221.64987647029,-150.7834487228,11.5));
#1976 = CARTESIAN_POINT('',(221.63685648479,-150.8021401829,11.5));
#1977 = CARTESIAN_POINT('',(221.61117230387,-150.8378440385,11.5));
#1978 = CARTESIAN_POINT('',(221.59854549707,-150.8548833309,11.5));
#1979 = CARTESIAN_POINT('',(221.58567904099,-150.871742395,11.5));
#1980 = CARTESIAN_POINT('',(221.55898942175,-150.9057076169,11.5));
#1981 = CARTESIAN_POINT('',(221.54514847407,-150.9227998005,11.5));
#1982 = CARTESIAN_POINT('',(221.53105840284,-150.9396872061,11.5));
#1983 = CARTESIAN_POINT('',(221.5023892583,-150.9730417051,11.5));
#1984 = CARTESIAN_POINT('',(221.48781018457,-150.9895087991,11.5));
#1985 = CARTESIAN_POINT('',(221.47299123192,-151.0057603595,11.5));
#1986 = CARTESIAN_POINT('',(221.44288327776,-151.0378220742,11.5));
#1987 = CARTESIAN_POINT('',(221.42759427581,-151.053632229,11.5));
#1988 = CARTESIAN_POINT('',(221.41207510352,-151.0692165116,11.5));
#1989 = CARTESIAN_POINT('',(221.38002427725,-151.1004717683,11.5));
#1990 = CARTESIAN_POINT('',(221.36347625756,-151.1161259611,11.5));
#1991 = CARTESIAN_POINT('',(221.34669241976,-151.1315270485,11.5));
#1992 = CARTESIAN_POINT('',(221.31735833272,-151.1576352277,11.5));
#1993 = CARTESIAN_POINT('',(221.30491744484,-151.1684651941,11.5));
#1994 = CARTESIAN_POINT('',(221.29235822024,-151.1791577027,11.5));
#1995 = CARTESIAN_POINT('',(221.2651969438,-151.2017715672,11.5));
#1996 = CARTESIAN_POINT('',(221.25055937002,-151.2136502584,11.5));
#1997 = CARTESIAN_POINT('',(221.23577366838,-151.2253440558,11.5));
#1998 = CARTESIAN_POINT('',(221.20280260598,-151.2507535316,11.5));
#1999 = CARTESIAN_POINT('',(221.18455072295,-151.2643828923,11.5));
#2000 = CARTESIAN_POINT('',(221.16609396761,-151.2777335061,11.5));
#2001 = CARTESIAN_POINT('',(221.12878361885,-151.3038681993,11.5));
#2002 = CARTESIAN_POINT('',(221.1099300248,-151.3166522792,11.5));
#2003 = CARTESIAN_POINT('',(221.09088446437,-151.329148572,11.5));
#2004 = CARTESIAN_POINT('',(221.05242271554,-151.35355714,11.5));
#2005 = CARTESIAN_POINT('',(221.03300652651,-151.3654694156,11.5));
#2006 = CARTESIAN_POINT('',(221.01341167529,-151.3770854611,11.5));
#2007 = CARTESIAN_POINT('',(220.97387832397,-151.3997172628,11.5));
#2008 = CARTESIAN_POINT('',(220.95393982322,-151.4107330195,11.5));
#2009 = CARTESIAN_POINT('',(220.93383633514,-151.4214447175,11.5));
#2010 = CARTESIAN_POINT('',(220.89331340219,-151.4422527981,11.5));
#2011 = CARTESIAN_POINT('',(220.87289395663,-151.4523491811,11.5));
#2012 = CARTESIAN_POINT('',(220.85232354092,-151.4621343078,11.5));
#2013 = CARTESIAN_POINT('',(220.81375223411,-151.4797692074,11.5));
#2014 = CARTESIAN_POINT('',(220.79578827694,-151.4876997642,11.5));
#2015 = CARTESIAN_POINT('',(220.7777220395,-151.4953944736,11.5));
#2016 = CARTESIAN_POINT('',(220.73921468078,-151.5112031972,11.5));
#2017 = CARTESIAN_POINT('',(220.71874872676,-151.5192567244,11.5));
#2018 = CARTESIAN_POINT('',(220.69816688922,-151.527009307,11.5));
#2019 = CARTESIAN_POINT('',(220.65752375777,-151.5416417347,11.5));
#2020 = CARTESIAN_POINT('',(220.63747012482,-151.5485428606,11.5));
#2021 = CARTESIAN_POINT('',(220.6173209242,-151.5551597669,11.5));
#2022 = CARTESIAN_POINT('',(220.57534436173,-151.5682902908,11.5));
#2023 = CARTESIAN_POINT('',(220.553503249,-151.5747599509,11.5));
#2024 = CARTESIAN_POINT('',(220.53156640589,-151.5808971832,11.5));
#2025 = CARTESIAN_POINT('',(220.48751649683,-151.5925027779,11.5));
#2026 = CARTESIAN_POINT('',(220.46540343014,-151.5979711404,11.5));
#2027 = CARTESIAN_POINT('',(220.44320987026,-151.6031030607,11.5));
#2028 = CARTESIAN_POINT('',(220.3994449742,-151.6125253963,11.5));
#2029 = CARTESIAN_POINT('',(220.37787857087,-151.6168387269,11.5));
#2030 = CARTESIAN_POINT('',(220.35625124236,-151.62083538,11.5));
#2031 = CARTESIAN_POINT('',(220.3144373798,-151.6279301874,11.5));
#2032 = CARTESIAN_POINT('',(220.29425827488,-151.6310721294,11.5));
#2033 = CARTESIAN_POINT('',(220.27403826328,-151.633939045,11.5));
#2034 = CARTESIAN_POINT('',(220.231190542,-151.6394203638,11.5));
#2035 = CARTESIAN_POINT('',(220.20855422169,-151.641967462,11.5));
#2036 = CARTESIAN_POINT('',(220.18588183117,-151.6441705087,11.5));
#2037 = CARTESIAN_POINT('',(220.14126339467,-151.6478231323,11.5));
#2038 = CARTESIAN_POINT('',(220.11931926051,-151.6492960715,11.5));
#2039 = CARTESIAN_POINT('',(220.09735588855,-151.6504470999,11.5));
#2040 = CARTESIAN_POINT('',(220.05654420256,-151.6519863935,11.5));
#2041 = CARTESIAN_POINT('',(220.03769911194,-151.6524601345,11.5));
#2042 = CARTESIAN_POINT('',(220.0188495559,-151.652697005,11.5));
#2043 = CARTESIAN_POINT('',(220.,-151.652697005,11.5));
#2044 = ORIENTED_EDGE('',*,*,#2045,.T.);
#2045 = EDGE_CURVE('',#1931,#2046,#2048,.T.);
#2046 = VERTEX_POINT('',#2047);
#2047 = CARTESIAN_POINT('',(214.9,-151.652697005,11.5));
#2048 = LINE('',#2049,#2050);
#2049 = CARTESIAN_POINT('',(176.2,-151.652697005,11.5));
#2050 = VECTOR('',#2051,1.);
#2051 = DIRECTION('',(-1.,0.,0.));
#2052 = ORIENTED_EDGE('',*,*,#2053,.T.);
#2053 = EDGE_CURVE('',#2046,#2054,#2056,.T.);
#2054 = VERTEX_POINT('',#2055);
#2055 = CARTESIAN_POINT('',(212.9,-149.652697005,11.5));
#2056 = B_SPLINE_CURVE_WITH_KNOTS('',4,(#2057,#2058,#2059,#2060,#2061,
    #2062,#2063,#2064,#2065,#2066,#2067,#2068,#2069,#2070,#2071,#2072,
    #2073,#2074,#2075,#2076,#2077,#2078,#2079,#2080,#2081,#2082,#2083,
    #2084,#2085,#2086,#2087,#2088,#2089,#2090,#2091,#2092,#2093,#2094,
    #2095,#2096,#2097,#2098,#2099,#2100,#2101,#2102,#2103,#2104,#2105,
    #2106,#2107,#2108,#2109,#2110,#2111,#2112,#2113,#2114,#2115,#2116,
    #2117,#2118,#2119,#2120,#2121,#2122,#2123,#2124,#2125,#2126,#2127,
    #2128,#2129,#2130,#2131,#2132,#2133,#2134,#2135,#2136,#2137,#2138,
    #2139,#2140,#2141,#2142,#2143,#2144,#2145,#2146,#2147,#2148,#2149,
    #2150,#2151,#2152,#2153,#2154,#2155,#2156,#2157,#2158,#2159,#2160,
    #2161,#2162,#2163,#2164,#2165,#2166),.UNSPECIFIED.,.F.,.F.,(5,3,3,3,
    3,3,3,3,3,3,3,3,3,3,3,3,3,3,3,3,3,3,3,3,3,3,3,3,3,3,3,3,3,3,3,3,5),(
    0.,2.800000000091E-02,5.699999999277E-02,8.599999998463E-02,
    0.106000000016,0.135000000008,0.164,0.192999999992,0.219000000006,
    0.247000000007,0.275000000008,0.300000000028,0.32900000002,
    0.358000000012,0.387000000004,0.415999999995,0.444999999987,
    0.473999999979,0.502999999971,0.531999999963,0.557999999978,
    0.58699999997,0.612999999984,0.641999999976,0.670999999968,
    0.698999999969,0.725999999977,0.754999999969,0.781999999978,
    0.809999999979,0.838999999971,0.867999999962,0.896999999954,
    0.925999999946,0.947999999975,0.975999999976,1.),.UNSPECIFIED.);
#2057 = CARTESIAN_POINT('',(214.9,-151.652697005,11.5));
#2058 = CARTESIAN_POINT('',(214.87800885147,-151.652697005,11.5));
#2059 = CARTESIAN_POINT('',(214.85601770262,-151.6523745979,11.5));
#2060 = CARTESIAN_POINT('',(214.83403364501,-151.6517297838,11.5));
#2061 = CARTESIAN_POINT('',(214.78930924308,-151.6497614325,11.5));
#2062 = CARTESIAN_POINT('',(214.76656992869,-151.6484144776,11.5));
#2063 = CARTESIAN_POINT('',(214.7438536915,-151.6467223563,11.5));
#2064 = CARTESIAN_POINT('',(214.69848306633,-151.6426491895,11.5));
#2065 = CARTESIAN_POINT('',(214.6758286776,-151.640268144,11.5));
#2066 = CARTESIAN_POINT('',(214.65321306009,-151.637543341,11.5));
#2067 = CARTESIAN_POINT('',(214.61507916643,-151.6323603246,11.5));
#2068 = CARTESIAN_POINT('',(214.59953646543,-151.6300818129,11.5));
#2069 = CARTESIAN_POINT('',(214.58401847861,-151.6276406544,11.5));
#2070 = CARTESIAN_POINT('',(214.54606620419,-151.6212623809,11.5));
#2071 = CARTESIAN_POINT('',(214.52366197308,-151.61714642,11.5));
#2072 = CARTESIAN_POINT('',(214.50132283097,-151.6126907004,11.5));
#2073 = CARTESIAN_POINT('',(214.45679012973,-151.6031030607,11.5));
#2074 = CARTESIAN_POINT('',(214.43459656985,-151.5979711404,11.5));
#2075 = CARTESIAN_POINT('',(214.41248350316,-151.5925027779,11.5));
#2076 = CARTESIAN_POINT('',(214.3684335941,-151.5808971832,11.5));
#2077 = CARTESIAN_POINT('',(214.34649675099,-151.5747599509,11.5));
#2078 = CARTESIAN_POINT('',(214.32465563826,-151.5682902908,11.5));
#2079 = CARTESIAN_POINT('',(214.28342865725,-151.5553942405,11.5));
#2080 = CARTESIAN_POINT('',(214.26402253134,-151.5490326094,11.5));
#2081 = CARTESIAN_POINT('',(214.24470481662,-151.5424073567,11.5));
#2082 = CARTESIAN_POINT('',(214.20477813376,-151.5281036722,11.5));
#2083 = CARTESIAN_POINT('',(214.1841841439,-151.520383429,11.5));
#2084 = CARTESIAN_POINT('',(214.16370556468,-151.5123620596,11.5));
#2085 = CARTESIAN_POINT('',(214.12299235648,-151.4957224342,11.5));
#2086 = CARTESIAN_POINT('',(214.10275772692,-151.487104178,11.5));
#2087 = CARTESIAN_POINT('',(214.08265163634,-151.4781901611,11.5));
#2088 = CARTESIAN_POINT('',(214.04484917542,-151.460762988,11.5));
#2089 = CARTESIAN_POINT('',(214.02712543008,-151.4523092113,11.5));
#2090 = CARTESIAN_POINT('',(214.00951387269,-151.443624136,11.5));
#2091 = CARTESIAN_POINT('',(213.97172494882,-151.4243697176,11.5));
#2092 = CARTESIAN_POINT('',(213.95158790822,-151.4137212293,11.5));
#2093 = CARTESIAN_POINT('',(213.93161489889,-151.4027681656,11.5));
#2094 = CARTESIAN_POINT('',(213.89201064288,-151.380260673,11.5));
#2095 = CARTESIAN_POINT('',(213.87237939553,-151.3687062438,11.5));
#2096 = CARTESIAN_POINT('',(213.85292587886,-151.3568550247,11.5));
#2097 = CARTESIAN_POINT('',(213.81438763818,-151.332567408,11.5));
#2098 = CARTESIAN_POINT('',(213.79530291354,-151.3201310102,11.5));
#2099 = CARTESIAN_POINT('',(213.77640925022,-151.3074062236,11.5));
#2100 = CARTESIAN_POINT('',(213.73901698116,-151.2813888731,11.5));
#2101 = CARTESIAN_POINT('',(213.72051837478,-151.2680963087,11.5));
#2102 = CARTESIAN_POINT('',(213.70222376399,-151.2545243551,11.5));
#2103 = CARTESIAN_POINT('',(213.66605504522,-151.2268312495,11.5));
#2104 = CARTESIAN_POINT('',(213.64818093665,-151.212710097,11.5));
#2105 = CARTESIAN_POINT('',(213.63052333468,-151.1983191345,11.5));
#2106 = CARTESIAN_POINT('',(213.59565320638,-151.1690077295,11.5));
#2107 = CARTESIAN_POINT('',(213.57844067947,-151.1540872863,11.5));
#2108 = CARTESIAN_POINT('',(213.561456721,-151.1389071723,11.5));
#2109 = CARTESIAN_POINT('',(213.52795752911,-151.1080382809,11.5));
#2110 = CARTESIAN_POINT('',(213.51144229514,-151.0923495029,11.5));
#2111 = CARTESIAN_POINT('',(213.49516721722,-151.0764117319,11.5));
#2112 = CARTESIAN_POINT('',(213.46310846337,-151.0440493986,11.5));
#2113 = CARTESIAN_POINT('',(213.44732478692,-151.0276248357,11.5));
#2114 = CARTESIAN_POINT('',(213.43179235586,-151.0109624742,11.5));
#2115 = CARTESIAN_POINT('',(213.40282081882,-150.9789215298,11.5));
#2116 = CARTESIAN_POINT('',(213.38933138263,-150.963588455,11.5));
#2117 = CARTESIAN_POINT('',(213.37605195392,-150.9480731449,11.5));
#2118 = CARTESIAN_POINT('',(213.34841278624,-150.9148760292,11.5));
#2119 = CARTESIAN_POINT('',(213.33410519279,-150.8971508078,11.5));
#2120 = CARTESIAN_POINT('',(213.32006842648,-150.8792103535,11.5));
#2121 = CARTESIAN_POINT('',(213.29396963901,-150.8447890612,11.5));
#2122 = CARTESIAN_POINT('',(213.28185354865,-150.8283492185,11.5));
#2123 = CARTESIAN_POINT('',(213.26996240693,-150.811745941,11.5));
#2124 = CARTESIAN_POINT('',(213.2452907814,-150.7762877548,11.5));
#2125 = CARTESIAN_POINT('',(213.23256599483,-150.7573940915,11.5));
#2126 = CARTESIAN_POINT('',(213.22012959697,-150.7383093668,11.5));
#2127 = CARTESIAN_POINT('',(213.19584198035,-150.6997711262,11.5));
#2128 = CARTESIAN_POINT('',(213.18399076119,-150.6803176095,11.5));
#2129 = CARTESIAN_POINT('',(213.17243633199,-150.6606863621,11.5));
#2130 = CARTESIAN_POINT('',(213.15031689964,-150.6217649381,11.5));
#2131 = CARTESIAN_POINT('',(213.13973151694,-150.6024863425,11.5));
#2132 = CARTESIAN_POINT('',(213.12942994149,-150.5830546129,11.5));
#2133 = CARTESIAN_POINT('',(213.10975852605,-150.5445967465,11.5));
#2134 = CARTESIAN_POINT('',(213.1003685493,-150.5255809091,11.5));
#2135 = CARTESIAN_POINT('',(213.09124836806,-150.5064342115,11.5));
#2136 = CARTESIAN_POINT('',(213.0728975149,-150.466463114,11.5));
#2137 = CARTESIAN_POINT('',(213.06370870036,-150.4456194964,11.5));
#2138 = CARTESIAN_POINT('',(213.054837479,-150.42463874,11.5));
#2139 = CARTESIAN_POINT('',(213.03832583983,-150.3838734579,11.5));
#2140 = CARTESIAN_POINT('',(213.03064273247,-150.3641062225,11.5));
#2141 = CARTESIAN_POINT('',(213.0232398737,-150.3442323347,11.5));
#2142 = CARTESIAN_POINT('',(213.00873520216,-150.3035434347,11.5));
#2143 = CARTESIAN_POINT('',(213.00165469386,-150.2827208274,11.5));
#2144 = CARTESIAN_POINT('',(212.99488025486,-150.2617966416,11.5));
#2145 = CARTESIAN_POINT('',(212.9817167472,-150.2190079913,11.5));
#2146 = CARTESIAN_POINT('',(212.97535008242,-150.1971366336,11.5));
#2147 = CARTESIAN_POINT('',(212.96931629275,-150.1751711131,11.5));
#2148 = CARTESIAN_POINT('',(212.95791840649,-150.1310670033,11.5));
#2149 = CARTESIAN_POINT('',(212.95255430971,-150.1089284132,11.5));
#2150 = CARTESIAN_POINT('',(212.94752703066,-150.0867109162,11.5));
#2151 = CARTESIAN_POINT('',(212.93814935203,-150.0421335289,11.5));
#2152 = CARTESIAN_POINT('',(212.93379895228,-150.0197736378,11.5));
#2153 = CARTESIAN_POINT('',(212.92978861407,-149.9973502595,11.5));
#2154 = CARTESIAN_POINT('',(212.92245059916,-149.9523920806,11.5));
#2155 = CARTESIAN_POINT('',(212.91912292234,-149.9298572792,11.5));
#2156 = CARTESIAN_POINT('',(212.91613784532,-149.907274542,11.5));
#2157 = CARTESIAN_POINT('',(212.91149233725,-149.8674895346,11.5));
#2158 = CARTESIAN_POINT('',(212.90968608648,-149.8503042906,11.5));
#2159 = CARTESIAN_POINT('',(212.90807792849,-149.8330993791,11.5));
#2160 = CARTESIAN_POINT('',(212.90487387267,-149.7939603997,11.5));
#2161 = CARTESIAN_POINT('',(212.90340093354,-149.7720162655,11.5));
#2162 = CARTESIAN_POINT('',(212.90224990512,-149.7500528936,11.5));
#2163 = CARTESIAN_POINT('',(212.90071061151,-149.7092412076,11.5));
#2164 = CARTESIAN_POINT('',(212.9002368705,-149.690396117,11.5));
#2165 = CARTESIAN_POINT('',(212.9,-149.6715465609,11.5));
#2166 = CARTESIAN_POINT('',(212.9,-149.652697005,11.5));
#2167 = ORIENTED_EDGE('',*,*,#2168,.T.);
#2168 = EDGE_CURVE('',#2054,#2169,#2171,.T.);
#2169 = VERTEX_POINT('',#2170);
#2170 = CARTESIAN_POINT('',(212.9,-139.652697005,11.5));
#2171 = LINE('',#2172,#2173);
#2172 = CARTESIAN_POINT('',(212.9,-122.0407078564,11.5));
#2173 = VECTOR('',#2174,1.);
#2174 = DIRECTION('',(0.,1.,0.));
#2175 = ORIENTED_EDGE('',*,*,#2176,.T.);
#2176 = EDGE_CURVE('',#2169,#2177,#2179,.T.);
#2177 = VERTEX_POINT('',#2178);
#2178 = CARTESIAN_POINT('',(214.9,-137.652697005,11.5));
#2179 = B_SPLINE_CURVE_WITH_KNOTS('',4,(#2180,#2181,#2182,#2183,#2184,
    #2185,#2186,#2187,#2188,#2189,#2190,#2191,#2192,#2193,#2194,#2195,
    #2196,#2197,#2198,#2199,#2200,#2201,#2202,#2203,#2204,#2205,#2206,
    #2207,#2208,#2209,#2210,#2211,#2212,#2213,#2214,#2215,#2216,#2217,
    #2218,#2219,#2220,#2221,#2222,#2223,#2224,#2225,#2226,#2227,#2228,
    #2229,#2230,#2231,#2232,#2233,#2234,#2235,#2236,#2237,#2238,#2239,
    #2240,#2241,#2242,#2243,#2244,#2245,#2246,#2247,#2248,#2249,#2250,
    #2251,#2252,#2253,#2254,#2255,#2256,#2257,#2258,#2259,#2260,#2261,
    #2262,#2263,#2264,#2265,#2266,#2267,#2268,#2269,#2270,#2271,#2272,
    #2273,#2274,#2275,#2276,#2277,#2278,#2279,#2280,#2281,#2282,#2283,
    #2284,#2285,#2286,#2287,#2288,#2289),.UNSPECIFIED.,.F.,.F.,(5,3,3,3,
    3,3,3,3,3,3,3,3,3,3,3,3,3,3,3,3,3,3,3,3,3,3,3,3,3,3,3,3,3,3,3,3,5),(
    0.,2.800000000055E-02,5.699999999205E-02,8.599999998355E-02,
    0.106000000015,0.134000000015,0.162000000016,0.189000000024,
    0.213000000047,0.237000000071,0.266000000062,0.295000000054,
    0.323000000054,0.351000000055,0.379000000055,0.408000000047,
    0.433000000066,0.462000000058,0.489000000066,0.517000000067,
    0.545000000067,0.572000000075,0.601000000067,0.630000000058,
    0.65900000005,0.688000000041,0.717000000033,0.746000000024,
    0.775000000016,0.802000000024,0.830000000025,0.859000000016,
    0.887000000017,0.916000000008,0.941000000028,0.970000000019,1.),
  .UNSPECIFIED.);
#2180 = CARTESIAN_POINT('',(212.9,-139.652697005,11.5));
#2181 = CARTESIAN_POINT('',(212.9,-139.6307058565,11.5));
#2182 = CARTESIAN_POINT('',(212.90032240708,-139.6087147076,11.5));
#2183 = CARTESIAN_POINT('',(212.90096722122,-139.58673065,11.5));
#2184 = CARTESIAN_POINT('',(212.90293557254,-139.5420062481,11.5));
#2185 = CARTESIAN_POINT('',(212.90428252739,-139.5192669337,11.5));
#2186 = CARTESIAN_POINT('',(212.90597464875,-139.4965506965,11.5));
#2187 = CARTESIAN_POINT('',(212.91004781551,-139.4511800714,11.5));
#2188 = CARTESIAN_POINT('',(212.91242886099,-139.4285256826,11.5));
#2189 = CARTESIAN_POINT('',(212.91515366404,-139.4059100651,11.5));
#2190 = CARTESIAN_POINT('',(212.92033668046,-139.3677761714,11.5));
#2191 = CARTESIAN_POINT('',(212.92261519216,-139.3522334705,11.5));
#2192 = CARTESIAN_POINT('',(212.92505635061,-139.3367154836,11.5));
#2193 = CARTESIAN_POINT('',(212.93130445523,-139.2995377454,11.5));
#2194 = CARTESIAN_POINT('',(212.93526713121,-139.2779041657,11.5));
#2195 = CARTESIAN_POINT('',(212.93954658014,-139.2563310136,11.5));
#2196 = CARTESIAN_POINT('',(212.94873606053,-139.2133194349,11.5));
#2197 = CARTESIAN_POINT('',(212.95364609214,-139.1918810076,11.5));
#2198 = CARTESIAN_POINT('',(212.95886993346,-139.1705168775,11.5));
#2199 = CARTESIAN_POINT('',(212.96974395572,-139.128711044,11.5));
#2200 = CARTESIAN_POINT('',(212.97537224732,-139.1082636464,11.5));
#2201 = CARTESIAN_POINT('',(212.9812890735,-139.0878978687,11.5));
#2202 = CARTESIAN_POINT('',(212.993006797,-139.0495948333,11.5));
#2203 = CARTESIAN_POINT('',(212.99874752817,-139.0316391691,11.5));
#2204 = CARTESIAN_POINT('',(213.00471346132,-139.0137570688,11.5));
#2205 = CARTESIAN_POINT('',(213.01709279887,-138.9781484318,11.5));
#2206 = CARTESIAN_POINT('',(213.02350620335,-138.9604218948,11.5));
#2207 = CARTESIAN_POINT('',(213.03014187717,-138.9427773573,11.5));
#2208 = CARTESIAN_POINT('',(213.04528291465,-138.9040026052,11.5));
#2209 = CARTESIAN_POINT('',(213.05388979055,-138.8829120292,11.5));
#2210 = CARTESIAN_POINT('',(213.06281595785,-138.8619545903,11.5));
#2211 = CARTESIAN_POINT('',(213.08130048104,-138.820320389,11.5));
#2212 = CARTESIAN_POINT('',(213.09085883724,-138.7996436259,11.5));
#2213 = CARTESIAN_POINT('',(213.1007300909,-138.7791144014,11.5));
#2214 = CARTESIAN_POINT('',(213.12074029356,-138.7390676996,11.5));
#2215 = CARTESIAN_POINT('',(213.13085827446,-138.7195397444,11.5));
#2216 = CARTESIAN_POINT('',(213.14126149324,-138.7001622416,11.5));
#2217 = CARTESIAN_POINT('',(213.16263151531,-138.6617205376,11.5));
#2218 = CARTESIAN_POINT('',(213.17359831892,-138.6426563357,11.5));
#2219 = CARTESIAN_POINT('',(213.18484346944,-138.6237549822,11.5));
#2220 = CARTESIAN_POINT('',(213.2078830347,-138.5862900534,11.5));
#2221 = CARTESIAN_POINT('',(213.21967744977,-138.5677264776,11.5));
#2222 = CARTESIAN_POINT('',(213.23174278244,-138.5493378311,11.5));
#2223 = CARTESIAN_POINT('',(213.25684776769,-138.5122718595,11.5));
#2224 = CARTESIAN_POINT('',(213.26990682836,-138.4936076788,11.5));
#2225 = CARTESIAN_POINT('',(213.28324781949,-138.4751439668,11.5));
#2226 = CARTESIAN_POINT('',(213.30860586713,-138.441148308,11.5));
#2227 = CARTESIAN_POINT('',(213.32055172362,-138.425563251,11.5));
#2228 = CARTESIAN_POINT('',(213.33270058184,-138.4101359139,11.5));
#2229 = CARTESIAN_POINT('',(213.35937374263,-138.3771620168,11.5));
#2230 = CARTESIAN_POINT('',(213.37396710594,-138.3596713206,11.5));
#2231 = CARTESIAN_POINT('',(213.38882440211,-138.3424042578,11.5));
#2232 = CARTESIAN_POINT('',(213.41801391951,-138.309504189,11.5));
#2233 = CARTESIAN_POINT('',(213.43231168829,-138.2938406152,11.5));
#2234 = CARTESIAN_POINT('',(213.44682948862,-138.2783807573,11.5));
#2235 = CARTESIAN_POINT('',(213.47684199887,-138.2473127464,11.5));
#2236 = CARTESIAN_POINT('',(213.49235297637,-138.2317203075,11.5));
#2237 = CARTESIAN_POINT('',(213.50809090812,-138.216356972,11.5));
#2238 = CARTESIAN_POINT('',(213.54001038699,-138.1860982654,11.5));
#2239 = CARTESIAN_POINT('',(213.55619193455,-138.1712028939,11.5));
#2240 = CARTESIAN_POINT('',(213.57259014366,-138.156546383,11.5));
#2241 = CARTESIAN_POINT('',(213.60521597574,-138.128235128,11.5));
#2242 = CARTESIAN_POINT('',(213.62142877544,-138.1145633008,11.5));
#2243 = CARTESIAN_POINT('',(213.6378332548,-138.1011220661,11.5));
#2244 = CARTESIAN_POINT('',(213.67224459984,-138.0737304289,11.5));
#2245 = CARTESIAN_POINT('',(213.69028015049,-138.0598160615,11.5));
#2246 = CARTESIAN_POINT('',(213.70852492654,-138.0461771886,11.5));
#2247 = CARTESIAN_POINT('',(213.74542016649,-138.0194596741,11.5));
#2248 = CARTESIAN_POINT('',(213.76407063102,-138.006381032,11.5));
#2249 = CARTESIAN_POINT('',(213.78291755861,-137.9935871261,11.5));
#2250 = CARTESIAN_POINT('',(213.82099116938,-137.9685774384,11.5));
#2251 = CARTESIAN_POINT('',(213.8402178532,-137.9563616562,11.5));
#2252 = CARTESIAN_POINT('',(213.85962783014,-137.9444392612,11.5));
#2253 = CARTESIAN_POINT('',(213.89880081943,-137.9211892886,11.5));
#2254 = CARTESIAN_POINT('',(213.91856383244,-137.9098617106,11.5));
#2255 = CARTESIAN_POINT('',(213.93849658836,-137.8988355622,11.5));
#2256 = CARTESIAN_POINT('',(213.97868768297,-137.8773935421,11.5));
#2257 = CARTESIAN_POINT('',(213.99894602234,-137.8669776699,11.5));
#2258 = CARTESIAN_POINT('',(214.01936020224,-137.8568706443,11.5));
#2259 = CARTESIAN_POINT('',(214.06048601669,-137.8372810629,11.5));
#2260 = CARTESIAN_POINT('',(214.08119765193,-137.8277985067,11.5));
#2261 = CARTESIAN_POINT('',(214.10205090198,-137.8186315732,11.5));
#2262 = CARTESIAN_POINT('',(214.14402611148,-137.8009350735,11.5));
#2263 = CARTESIAN_POINT('',(214.16514807164,-137.7924055069,11.5));
#2264 = CARTESIAN_POINT('',(214.18639712708,-137.7841976845,11.5));
#2265 = CARTESIAN_POINT('',(214.22766093711,-137.7689746613,11.5));
#2266 = CARTESIAN_POINT('',(214.2476597508,-137.7619162489,11.5));
#2267 = CARTESIAN_POINT('',(214.26775636144,-137.7551412969,11.5));
#2268 = CARTESIAN_POINT('',(214.30888078661,-137.7419218518,11.5));
#2269 = CARTESIAN_POINT('',(214.32991552339,-137.7354988912,11.5));
#2270 = CARTESIAN_POINT('',(214.35104217461,-137.7293850395,11.5));
#2271 = CARTESIAN_POINT('',(214.39422318714,-137.7175720513,11.5));
#2272 = CARTESIAN_POINT('',(214.41628373438,-137.711895524,11.5));
#2273 = CARTESIAN_POINT('',(214.43842794209,-137.7065546653,11.5));
#2274 = CARTESIAN_POINT('',(214.48210209231,-137.6967202799,11.5));
#2275 = CARTESIAN_POINT('',(214.50362688624,-137.6922038852,11.5));
#2276 = CARTESIAN_POINT('',(214.52521558721,-137.6880035799,11.5));
#2277 = CARTESIAN_POINT('',(214.5692799011,-137.6800989752,11.5));
#2278 = CARTESIAN_POINT('',(214.59175965355,-137.6764177476,11.5));
#2279 = CARTESIAN_POINT('',(214.61429271727,-137.6730783246,11.5));
#2280 = CARTESIAN_POINT('',(214.65633556161,-137.6674984827,11.5));
#2281 = CARTESIAN_POINT('',(214.67583365638,-137.6651700094,11.5));
#2282 = CARTESIAN_POINT('',(214.69536056257,-137.6630969869,11.5));
#2283 = CARTESIAN_POINT('',(214.73759005696,-137.6591720412,11.5));
#2284 = CARTESIAN_POINT('',(214.7603008661,-137.6574085631,11.5));
#2285 = CARTESIAN_POINT('',(214.78303583671,-137.6559901774,11.5));
#2286 = CARTESIAN_POINT('',(214.82932288671,-137.6538073355,11.5));
#2287 = CARTESIAN_POINT('',(214.85287610987,-137.6530671152,11.5));
#2288 = CARTESIAN_POINT('',(214.87643805516,-137.652697005,11.5));
#2289 = CARTESIAN_POINT('',(214.9,-137.652697005,11.5));
#2290 = ORIENTED_EDGE('',*,*,#2291,.T.);
#2291 = EDGE_CURVE('',#2177,#2292,#2294,.T.);
#2292 = VERTEX_POINT('',#2293);
#2293 = CARTESIAN_POINT('',(220.,-137.652697005,11.5));
#2294 = LINE('',#2295,#2296);
#2295 = CARTESIAN_POINT('',(178.75,-137.652697005,11.5));
#2296 = VECTOR('',#2297,1.);
#2297 = DIRECTION('',(1.,0.,0.));
#2298 = ORIENTED_EDGE('',*,*,#2299,.T.);
#2299 = EDGE_CURVE('',#2292,#2300,#2302,.T.);
#2300 = VERTEX_POINT('',#2301);
#2301 = CARTESIAN_POINT('',(222.,-139.652697005,11.5));
#2302 = B_SPLINE_CURVE_WITH_KNOTS('',4,(#2303,#2304,#2305,#2306,#2307,
    #2308,#2309,#2310,#2311,#2312,#2313,#2314,#2315,#2316,#2317,#2318,
    #2319,#2320,#2321,#2322,#2323,#2324,#2325,#2326,#2327,#2328,#2329,
    #2330,#2331,#2332,#2333,#2334,#2335,#2336,#2337,#2338,#2339,#2340,
    #2341,#2342,#2343,#2344,#2345,#2346,#2347,#2348,#2349,#2350,#2351,
    #2352,#2353,#2354,#2355,#2356,#2357,#2358,#2359,#2360,#2361,#2362,
    #2363,#2364,#2365,#2366,#2367,#2368,#2369,#2370,#2371,#2372,#2373,
    #2374,#2375,#2376,#2377,#2378,#2379,#2380,#2381,#2382,#2383,#2384,
    #2385,#2386,#2387,#2388,#2389,#2390,#2391,#2392,#2393,#2394,#2395,
    #2396,#2397,#2398,#2399,#2400,#2401,#2402,#2403,#2404,#2405,#2406,
    #2407,#2408,#2409,#2410,#2411,#2412),.UNSPECIFIED.,.F.,.F.,(5,3,3,3,
    3,3,3,3,3,3,3,3,3,3,3,3,3,3,3,3,3,3,3,3,3,3,3,3,3,3,3,3,3,3,3,3,5),(
    0.,2.799999999965E-02,5.599999999931E-02,8.499999998987E-02,
    0.11299999999,0.136000000015,0.165000000006,0.193999999996,
    0.221999999996,0.249999999996,0.277000000003,0.30400000001,
    0.331000000018,0.360000000008,0.388999999999,0.416999999998,
    0.445999999989,0.474999999979,0.501999999987,0.528999999994,
    0.556999999994,0.585999999984,0.612999999992,0.641999999982,
    0.670999999973,0.699999999963,0.726999999971,0.753999999978,
    0.779999999991,0.806999999999,0.834999999998,0.863999999989,
    0.892999999979,0.918999999993,0.947999999984,0.976999999974,1.),
  .UNSPECIFIED.);
#2303 = CARTESIAN_POINT('',(220.,-137.652697005,11.5));
#2304 = CARTESIAN_POINT('',(220.02199114852,-137.652697005,11.5));
#2305 = CARTESIAN_POINT('',(220.04398229737,-137.6530194121,11.5));
#2306 = CARTESIAN_POINT('',(220.06596635498,-137.6536642262,11.5));
#2307 = CARTESIAN_POINT('',(220.10990611828,-137.6555980451,11.5));
#2308 = CARTESIAN_POINT('',(220.13186182462,-137.6568870498,11.5));
#2309 = CARTESIAN_POINT('',(220.15379627094,-137.658497838,11.5));
#2310 = CARTESIAN_POINT('',(220.19839087675,-137.6624307336,11.5));
#2311 = CARTESIAN_POINT('',(220.22104897767,-137.6647761907,11.5));
#2312 = CARTESIAN_POINT('',(220.24366884738,-137.6674654659,11.5));
#2313 = CARTESIAN_POINT('',(220.2880380988,-137.6734250014,11.5));
#2314 = CARTESIAN_POINT('',(220.30979060161,-137.6766720302,11.5));
#2315 = CARTESIAN_POINT('',(220.33149315702,-137.6802376525,11.5));
#2316 = CARTESIAN_POINT('',(220.37091912211,-137.6873101936,11.5));
#2317 = CARTESIAN_POINT('',(220.38866104808,-137.6907138955,11.5));
#2318 = CARTESIAN_POINT('',(220.4063606943,-137.694331028,11.5));
#2319 = CARTESIAN_POINT('',(220.44627301288,-137.7029895477,11.5));
#2320 = CARTESIAN_POINT('',(220.46845848419,-137.7081563233,11.5));
#2321 = CARTESIAN_POINT('',(220.49056293391,-137.7136594141,11.5));
#2322 = CARTESIAN_POINT('',(220.53459455861,-137.7253341879,11.5));
#2323 = CARTESIAN_POINT('',(220.55652173432,-137.7315058709,11.5));
#2324 = CARTESIAN_POINT('',(220.57835265759,-137.738009831,11.5));
#2325 = CARTESIAN_POINT('',(220.62105775514,-137.751441926,11.5));
#2326 = CARTESIAN_POINT('',(220.64193896311,-137.758347701,11.5));
#2327 = CARTESIAN_POINT('',(220.66271667157,-137.765558901,11.5));
#2328 = CARTESIAN_POINT('',(220.70405175998,-137.7805873047,11.5));
#2329 = CARTESIAN_POINT('',(220.72460914054,-137.7884045088,11.5));
#2330 = CARTESIAN_POINT('',(220.7450496927,-137.7965222918,11.5));
#2331 = CARTESIAN_POINT('',(220.78495842347,-137.8130530293,11.5));
#2332 = CARTESIAN_POINT('',(220.80443525808,-137.8214450879,11.5));
#2333 = CARTESIAN_POINT('',(220.82379149411,-137.8301116824,11.5));
#2334 = CARTESIAN_POINT('',(220.86225123695,-137.8479885831,11.5));
#2335 = CARTESIAN_POINT('',(220.88135474424,-137.8571988894,11.5));
#2336 = CARTESIAN_POINT('',(220.90032612141,-137.8666783716,11.5));
#2337 = CARTESIAN_POINT('',(220.93799332107,-137.8861698432,11.5));
#2338 = CARTESIAN_POINT('',(220.95668914404,-137.8961818329,11.5));
#2339 = CARTESIAN_POINT('',(220.97524154297,-137.9064571542,11.5));
#2340 = CARTESIAN_POINT('',(221.01341167529,-137.9283085489,11.5));
#2341 = CARTESIAN_POINT('',(221.03300652651,-137.9399245944,11.5));
#2342 = CARTESIAN_POINT('',(221.05242271554,-137.95183687,11.5));
#2343 = CARTESIAN_POINT('',(221.09088446437,-137.976245438,11.5));
#2344 = CARTESIAN_POINT('',(221.1099300248,-137.9887417308,11.5));
#2345 = CARTESIAN_POINT('',(221.12878361885,-138.0015258107,11.5));
#2346 = CARTESIAN_POINT('',(221.16545068574,-138.0272099058,11.5));
#2347 = CARTESIAN_POINT('',(221.18327760732,-138.0400907226,11.5));
#2348 = CARTESIAN_POINT('',(221.20091374961,-138.0532315391,11.5));
#2349 = CARTESIAN_POINT('',(221.23641607572,-138.0805029779,11.5));
#2350 = CARTESIAN_POINT('',(221.2542679808,-138.0946521896,11.5));
#2351 = CARTESIAN_POINT('',(221.27190295573,-138.1090708708,11.5));
#2352 = CARTESIAN_POINT('',(221.30672699877,-138.1384370136,11.5));
#2353 = CARTESIAN_POINT('',(221.32391606748,-138.1533844757,11.5));
#2354 = CARTESIAN_POINT('',(221.34087616014,-138.1685912493,11.5));
#2355 = CARTESIAN_POINT('',(221.37317335089,-138.1984464653,11.5));
#2356 = CARTESIAN_POINT('',(221.38854171376,-138.2130610866,11.5));
#2357 = CARTESIAN_POINT('',(221.4037019105,-138.227891534,11.5));
#2358 = CARTESIAN_POINT('',(221.43359700778,-138.2579750603,11.5));
#2359 = CARTESIAN_POINT('',(221.44833190868,-138.2732281396,11.5));
#2360 = CARTESIAN_POINT('',(221.4628496799,-138.2886880249,11.5));
#2361 = CARTESIAN_POINT('',(221.4919718841,-138.3205920889,11.5));
#2362 = CARTESIAN_POINT('',(221.50655961255,-138.3370515163,11.5));
#2363 = CARTESIAN_POINT('',(221.52090443912,-138.3537230647,11.5));
#2364 = CARTESIAN_POINT('',(221.5496026742,-138.3880823115,11.5));
#2365 = CARTESIAN_POINT('',(221.56393809269,-138.4057850368,11.5));
#2366 = CARTESIAN_POINT('',(221.57800302248,-138.42370342,11.5));
#2367 = CARTESIAN_POINT('',(221.60463135246,-138.4587087695,11.5));
#2368 = CARTESIAN_POINT('',(221.61723141057,-138.4757678512,11.5));
#2369 = CARTESIAN_POINT('',(221.62958901806,-138.4930033748,11.5));
#2370 = CARTESIAN_POINT('',(221.65470921859,-138.5291062552,11.5));
#2371 = CARTESIAN_POINT('',(221.66743400516,-138.5479999186,11.5));
#2372 = CARTESIAN_POINT('',(221.67987040302,-138.5670846432,11.5));
#2373 = CARTESIAN_POINT('',(221.70415801964,-138.6056228839,11.5));
#2374 = CARTESIAN_POINT('',(221.71600923881,-138.6250764006,11.5));
#2375 = CARTESIAN_POINT('',(221.727563668,-138.6447076479,11.5));
#2376 = CARTESIAN_POINT('',(221.75007116056,-138.6843119039,11.5));
#2377 = CARTESIAN_POINT('',(221.76102422429,-138.7042849132,11.5));
#2378 = CARTESIAN_POINT('',(221.77167271256,-138.7244219538,11.5));
#2379 = CARTESIAN_POINT('',(221.79164025758,-138.7636104675,11.5));
#2380 = CARTESIAN_POINT('',(221.80100035275,-138.7826410311,11.5));
#2381 = CARTESIAN_POINT('',(221.81009044719,-138.801802031,11.5));
#2382 = CARTESIAN_POINT('',(221.82772534685,-138.8403733378,11.5));
#2383 = CARTESIAN_POINT('',(221.83627015229,-138.8597836452,11.5));
#2384 = CARTESIAN_POINT('',(221.84453966946,-138.8793128239,11.5));
#2385 = CARTESIAN_POINT('',(221.86022734081,-138.9178696571,11.5));
#2386 = CARTESIAN_POINT('',(221.86766568347,-138.936889098,11.5));
#2387 = CARTESIAN_POINT('',(221.87484439026,-138.9560080478,11.5));
#2388 = CARTESIAN_POINT('',(221.88894472968,-138.9951732472,11.5));
#2389 = CARTESIAN_POINT('',(221.89584585563,-139.0152268802,11.5));
#2390 = CARTESIAN_POINT('',(221.90246276189,-139.0353760808,11.5));
#2391 = CARTESIAN_POINT('',(221.91535881213,-139.0766030618,11.5));
#2392 = CARTESIAN_POINT('',(221.92161636989,-139.0976875951,11.5));
#2393 = CARTESIAN_POINT('',(221.92756410636,-139.1188616123,11.5));
#2394 = CARTESIAN_POINT('',(221.9390375909,-139.1621340711,11.5));
#2395 = CARTESIAN_POINT('',(221.94454068175,-139.1842385208,11.5));
#2396 = CARTESIAN_POINT('',(221.9497074573,-139.2064239921,11.5));
#2397 = CARTESIAN_POINT('',(221.95936503697,-139.2509415782,11.5));
#2398 = CARTESIAN_POINT('',(221.96385584126,-139.2732736937,11.5));
#2399 = CARTESIAN_POINT('',(221.96800698962,-139.2956714319,11.5));
#2400 = CARTESIAN_POINT('',(221.97523318242,-139.3382596252,11.5));
#2401 = CARTESIAN_POINT('',(221.97837512435,-139.3584387301,11.5));
#2402 = CARTESIAN_POINT('',(221.98124203999,-139.3786587417,11.5));
#2403 = CARTESIAN_POINT('',(221.98672335879,-139.421506463,11.5));
#2404 = CARTESIAN_POINT('',(221.98927045698,-139.4441427833,11.5));
#2405 = CARTESIAN_POINT('',(221.99147350369,-139.4668151738,11.5));
#2406 = CARTESIAN_POINT('',(221.99519020844,-139.5122163899,11.5));
#2407 = CARTESIAN_POINT('',(221.99670386653,-139.5349452162,11.5));
#2408 = CARTESIAN_POINT('',(221.99787218752,-139.5576944082,11.5));
#2409 = CARTESIAN_POINT('',(221.99934737241,-139.5985084617,11.5));
#2410 = CARTESIAN_POINT('',(221.99978245746,-139.6165686894,11.5));
#2411 = CARTESIAN_POINT('',(222.,-139.6346328473,11.5));
#2412 = CARTESIAN_POINT('',(222.,-139.652697005,11.5));
#2413 = ORIENTED_EDGE('',*,*,#2414,.T.);
#2414 = EDGE_CURVE('',#2300,#2415,#2417,.T.);
#2415 = VERTEX_POINT('',#2416);
#2416 = CARTESIAN_POINT('',(222.,-71.19269700506,11.5));
#2417 = LINE('',#2418,#2419);
#2418 = CARTESIAN_POINT('',(222.,-150.0814157129,11.5));
#2419 = VECTOR('',#2420,1.);
#2420 = DIRECTION('',(0.,1.,0.));
#2421 = ORIENTED_EDGE('',*,*,#2422,.T.);
#2422 = EDGE_CURVE('',#2415,#2423,#2425,.T.);
#2423 = VERTEX_POINT('',#2424);
#2424 = CARTESIAN_POINT('',(220.,-73.19269700506,11.5));
#2425 = B_SPLINE_CURVE_WITH_KNOTS('',4,(#2426,#2427,#2428,#2429,#2430,
    #2431,#2432,#2433,#2434,#2435,#2436,#2437,#2438,#2439,#2440,#2441,
    #2442,#2443,#2444,#2445,#2446,#2447,#2448,#2449,#2450,#2451,#2452,
    #2453,#2454,#2455,#2456,#2457,#2458,#2459,#2460,#2461,#2462,#2463,
    #2464,#2465,#2466,#2467,#2468,#2469,#2470,#2471,#2472,#2473,#2474,
    #2475,#2476,#2477,#2478,#2479,#2480,#2481,#2482,#2483,#2484,#2485,
    #2486,#2487,#2488,#2489,#2490,#2491,#2492,#2493,#2494,#2495,#2496,
    #2497,#2498,#2499,#2500,#2501,#2502,#2503,#2504,#2505,#2506,#2507,
    #2508,#2509,#2510,#2511,#2512,#2513,#2514,#2515,#2516,#2517,#2518,
    #2519,#2520,#2521,#2522,#2523,#2524,#2525,#2526,#2527,#2528,#2529,
    #2530,#2531,#2532,#2533,#2534,#2535),.UNSPECIFIED.,.F.,.F.,(5,3,3,3,
    3,3,3,3,3,3,3,3,3,3,3,3,3,3,3,3,3,3,3,3,3,3,3,3,3,3,3,3,3,3,3,3,5),(
    0.,2.800000000807E-02,5.600000001614E-02,8.20000000375E-02,
    0.110000000046,0.136000000067,0.165000000066,0.194000000065,
    0.223000000065,0.252000000064,0.279000000079,0.308000000079,
    0.331000000111,0.360000000111,0.38900000011,0.414000000136,
    0.441000000151,0.470000000151,0.49900000015,0.528000000149,
    0.557000000148,0.586000000148,0.614000000156,0.635000000192,
    0.6630000002,0.692000000199,0.721000000198,0.744000000231,
    0.770000000252,0.796000000274,0.825000000273,0.851000000294,
    0.873000000329,0.902000000328,0.931000000327,0.958000000343,1.),
  .UNSPECIFIED.);
#2426 = CARTESIAN_POINT('',(222.,-71.19269700506,11.5));
#2427 = CARTESIAN_POINT('',(222.,-71.21468815359,11.5));
#2428 = CARTESIAN_POINT('',(221.99967759292,-71.23667930244,11.5));
#2429 = CARTESIAN_POINT('',(221.99903277877,-71.25866336005,11.5));
#2430 = CARTESIAN_POINT('',(221.99709895993,-71.30260312335,11.5));
#2431 = CARTESIAN_POINT('',(221.99580995521,-71.32455882969,11.5));
#2432 = CARTESIAN_POINT('',(221.99419916699,-71.34649327601,11.5));
#2433 = CARTESIAN_POINT('',(221.99047326591,-71.38874079732,11.5));
#2434 = CARTESIAN_POINT('',(221.98840239448,-71.4090577746,11.5));
#2435 = CARTESIAN_POINT('',(221.98605510282,-71.42934467422,11.5));
#2436 = CARTESIAN_POINT('',(221.98060736972,-71.47140484064,11.5));
#2437 = CARTESIAN_POINT('',(221.9774628829,-71.49317240313,11.5));
#2438 = CARTESIAN_POINT('',(221.97399957069,-71.51489152011,11.5));
#2439 = CARTESIAN_POINT('',(221.96670779952,-71.55667148503,11.5));
#2440 = CARTESIAN_POINT('',(221.96292309236,-71.57673996943,11.5));
#2441 = CARTESIAN_POINT('',(221.95886550699,-71.59675506561,11.5));
#2442 = CARTESIAN_POINT('',(221.9497074573,-71.63897001795,11.5));
#2443 = CARTESIAN_POINT('',(221.94454068175,-71.66115548925,11.5));
#2444 = CARTESIAN_POINT('',(221.9390375909,-71.68325993898,11.5));
#2445 = CARTESIAN_POINT('',(221.92736281716,-71.72729156368,11.5));
#2446 = CARTESIAN_POINT('',(221.92119113406,-71.74921873938,11.5));
#2447 = CARTESIAN_POINT('',(221.91468717406,-71.77104966266,11.5));
#2448 = CARTESIAN_POINT('',(221.9010194282,-71.81450397244,11.5));
#2449 = CARTESIAN_POINT('',(221.89385564211,-71.83612735967,11.5));
#2450 = CARTESIAN_POINT('',(221.88636430688,-71.85763946331,11.5));
#2451 = CARTESIAN_POINT('',(221.87073194572,-71.90042630241,11.5));
#2452 = CARTESIAN_POINT('',(221.86259091952,-71.92170103858,11.5));
#2453 = CARTESIAN_POINT('',(221.85412775154,-71.94284969088,11.5));
#2454 = CARTESIAN_POINT('',(221.83716888185,-71.98343095742,11.5));
#2455 = CARTESIAN_POINT('',(221.8287156765,-72.00288133153,11.5));
#2456 = CARTESIAN_POINT('',(221.81998831543,-72.02221024517,11.5));
#2457 = CARTESIAN_POINT('',(221.80132409922,-72.06203598418,11.5));
#2458 = CARTESIAN_POINT('',(221.79134553839,-72.08251326502,11.5));
#2459 = CARTESIAN_POINT('',(221.78105715791,-72.10283664893,11.5));
#2460 = CARTESIAN_POINT('',(221.76206006021,-72.13899011926,11.5));
#2461 = CARTESIAN_POINT('',(221.75346492225,-72.15487988727,11.5));
#2462 = CARTESIAN_POINT('',(221.74467903694,-72.17066498605,11.5));
#2463 = CARTESIAN_POINT('',(221.72438845608,-72.20610868035,11.5));
#2464 = CARTESIAN_POINT('',(221.71277241061,-72.22570353158,11.5));
#2465 = CARTESIAN_POINT('',(221.70086013501,-72.24511972061,11.5));
#2466 = CARTESIAN_POINT('',(221.67645156699,-72.28358146943,11.5));
#2467 = CARTESIAN_POINT('',(221.66395527416,-72.30262702987,11.5));
#2468 = CARTESIAN_POINT('',(221.6511711943,-72.32148062392,11.5));
#2469 = CARTESIAN_POINT('',(221.62683889368,-72.35621784519,11.5));
#2470 = CARTESIAN_POINT('',(221.61536342608,-72.37215243433,11.5));
#2471 = CARTESIAN_POINT('',(221.60368034068,-72.38793543162,11.5));
#2472 = CARTESIAN_POINT('',(221.57895403426,-72.42044039908,11.5));
#2473 = CARTESIAN_POINT('',(221.56587677383,-72.43713647627,11.5));
#2474 = CARTESIAN_POINT('',(221.55256476173,-72.45364599073,11.5));
#2475 = CARTESIAN_POINT('',(221.52447619245,-72.48749085341,11.5));
#2476 = CARTESIAN_POINT('',(221.50966419259,-72.50479678785,11.5));
#2477 = CARTESIAN_POINT('',(221.49459109089,-72.52187578992,11.5));
#2478 = CARTESIAN_POINT('',(221.46393328902,-72.55556827425,11.5));
#2479 = CARTESIAN_POINT('',(221.44834858835,-72.57218175707,11.5));
#2480 = CARTESIAN_POINT('',(221.43251339058,-72.58855665305,11.5));
#2481 = CARTESIAN_POINT('',(221.40035312584,-72.62081811128,11.5));
#2482 = CARTESIAN_POINT('',(221.38402805832,-72.63670467407,11.5));
#2483 = CARTESIAN_POINT('',(221.36746361819,-72.65234149055,11.5));
#2484 = CARTESIAN_POINT('',(221.33386761429,-72.68310498901,11.5));
#2485 = CARTESIAN_POINT('',(221.31683604997,-72.69823167151,11.5));
#2486 = CARTESIAN_POINT('',(221.29957673413,-72.71309796638,11.5));
#2487 = CARTESIAN_POINT('',(221.26461469356,-72.74229967926,11.5));
#2488 = CARTESIAN_POINT('',(221.24691196826,-72.75663509776,11.5));
#2489 = CARTESIAN_POINT('',(221.22899358505,-72.77070002755,11.5));
#2490 = CARTESIAN_POINT('',(221.19336313998,-72.79780386342,11.5));
#2491 = CARTESIAN_POINT('',(221.1756652691,-72.81086142598,11.5));
#2492 = CARTESIAN_POINT('',(221.15777784627,-72.82365809267,11.5));
#2493 = CARTESIAN_POINT('',(221.12615333843,-72.84558861957,11.5));
#2494 = CARTESIAN_POINT('',(221.11249663268,-72.85483838988,11.5));
#2495 = CARTESIAN_POINT('',(221.09873903993,-72.86393742855,11.5));
#2496 = CARTESIAN_POINT('',(221.0664084512,-72.88481302526,11.5));
#2497 = CARTESIAN_POINT('',(221.04775894182,-72.89647108573,11.5));
#2498 = CARTESIAN_POINT('',(221.02894050276,-72.90785444751,11.5));
#2499 = CARTESIAN_POINT('',(220.99030010548,-72.93046122156,11.5));
#2500 = CARTESIAN_POINT('',(220.97046630978,-72.94166440212,11.5));
#2501 = CARTESIAN_POINT('',(220.95046466844,-72.95256509248,11.5));
#2502 = CARTESIAN_POINT('',(220.91013964386,-72.97375416297,11.5));
#2503 = CARTESIAN_POINT('',(220.88981625995,-72.98404254346,11.5));
#2504 = CARTESIAN_POINT('',(220.86933897912,-72.99402110429,11.5));
#2505 = CARTESIAN_POINT('',(220.83235793574,-73.01135216221,11.5));
#2506 = CARTESIAN_POINT('',(220.81590861986,-73.01882083888,11.5));
#2507 = CARTESIAN_POINT('',(220.79937054692,-73.02609086414,11.5));
#2508 = CARTESIAN_POINT('',(220.76395587523,-73.04115268792,11.5));
#2509 = CARTESIAN_POINT('',(220.7450556171,-73.04888885733,11.5));
#2510 = CARTESIAN_POINT('',(220.72605178414,-73.05636698591,11.5));
#2511 = CARTESIAN_POINT('',(220.68784759097,-73.07080314753,11.5));
#2512 = CARTESIAN_POINT('',(220.66864723033,-73.07776118072,11.5));
#2513 = CARTESIAN_POINT('',(220.64935391687,-73.08445715937,11.5));
#2514 = CARTESIAN_POINT('',(220.60835590665,-73.09806360021,11.5));
#2515 = CARTESIAN_POINT('',(220.58662983637,-73.10490966308,11.5));
#2516 = CARTESIAN_POINT('',(220.56480230635,-73.11142500189,11.5));
#2517 = CARTESIAN_POINT('',(220.5232272248,-73.12315038756,11.5));
#2518 = CARTESIAN_POINT('',(220.50349809089,-73.12842574057,11.5));
#2519 = CARTESIAN_POINT('',(220.48369896257,-73.13343199583,11.5));
#2520 = CARTESIAN_POINT('',(220.44702770138,-73.14217508643,11.5));
#2521 = CARTESIAN_POINT('',(220.43017387969,-73.14598872595,11.5));
#2522 = CARTESIAN_POINT('',(220.41327724349,-73.14960795744,11.5));
#2523 = CARTESIAN_POINT('',(220.3740163322,-73.1575457408,11.5));
#2524 = CARTESIAN_POINT('',(220.35162296315,-73.161720394,11.5));
#2525 = CARTESIAN_POINT('',(220.32916877965,-73.16555449753,11.5));
#2526 = CARTESIAN_POINT('',(220.28415435529,-73.17253918904,11.5));
#2527 = CARTESIAN_POINT('',(220.26159411369,-73.17568977713,11.5));
#2528 = CARTESIAN_POINT('',(220.23898862844,-73.1784973995,11.5));
#2529 = CARTESIAN_POINT('',(220.19526441513,-73.18325509063,11.5));
#2530 = CARTESIAN_POINT('',(220.17415066867,-73.18525094736,11.5));
#2531 = CARTESIAN_POINT('',(220.15301081404,-73.18694808621,11.5));
#2532 = CARTESIAN_POINT('',(220.09893623463,-73.19052075738,11.5));
#2533 = CARTESIAN_POINT('',(220.06597344746,-73.19197158911,11.5));
#2534 = CARTESIAN_POINT('',(220.03298672251,-73.19269700506,11.5));
#2535 = CARTESIAN_POINT('',(220.,-73.19269700506,11.5));
#2536 = ORIENTED_EDGE('',*,*,#2537,.T.);
#2537 = EDGE_CURVE('',#2423,#2538,#2540,.T.);
#2538 = VERTEX_POINT('',#2539);
#2539 = CARTESIAN_POINT('',(212.,-73.19269700506,11.5));
#2540 = LINE('',#2541,#2542);
#2541 = CARTESIAN_POINT('',(174.75,-73.19269700506,11.5));
#2542 = VECTOR('',#2543,1.);
#2543 = DIRECTION('',(-1.,0.,0.));
#2544 = ORIENTED_EDGE('',*,*,#2545,.T.);
#2545 = EDGE_CURVE('',#2538,#2546,#2548,.T.);
#2546 = VERTEX_POINT('',#2547);
#2547 = CARTESIAN_POINT('',(210.,-71.19269700506,11.5));
#2548 = B_SPLINE_CURVE_WITH_KNOTS('',4,(#2549,#2550,#2551,#2552,#2553,
    #2554,#2555,#2556,#2557,#2558,#2559,#2560,#2561,#2562,#2563,#2564,
    #2565,#2566,#2567,#2568,#2569,#2570,#2571,#2572,#2573,#2574,#2575,
    #2576,#2577,#2578,#2579,#2580,#2581,#2582,#2583,#2584,#2585,#2586,
    #2587,#2588,#2589,#2590,#2591,#2592,#2593,#2594,#2595,#2596,#2597,
    #2598,#2599,#2600,#2601,#2602,#2603,#2604,#2605,#2606,#2607,#2608,
    #2609,#2610,#2611,#2612,#2613,#2614,#2615,#2616,#2617,#2618,#2619,
    #2620,#2621,#2622,#2623,#2624,#2625,#2626,#2627,#2628,#2629,#2630,
    #2631,#2632,#2633,#2634,#2635,#2636,#2637,#2638,#2639,#2640,#2641,
    #2642,#2643,#2644,#2645,#2646,#2647,#2648,#2649,#2650,#2651,#2652,
    #2653,#2654,#2655,#2656,#2657,#2658,#2659,#2660,#2661),
  .UNSPECIFIED.,.F.,.F.,(5,3,3,3,3,3,3,3,3,3,3,3,3,3,3,3,3,3,3,3,3,3,3,3
    ,3,3,3,3,3,3,3,3,3,3,3,3,3,5),(0.,2.100000002711E-02,
    5.000000001425E-02,7.800000001061E-02,0.106999999998,0.132000000013,
    0.156000000033,0.18400000003,0.206000000055,0.233000000059,
    0.261000000056,0.28800000006,0.310000000085,0.339000000072,
    0.365000000083,0.39400000007,0.423000000057,0.451000000054,
    0.480000000041,0.509000000028,0.538000000015,0.567000000002,
    0.593000000013,0.622,0.650999999987,0.676999999997,0.704999999994,
    0.733999999981,0.762999999968,0.790999999964,0.817999999969,
    0.841999999988,0.869999999985,0.898999999972,0.923999999988,
    0.952999999975,0.980999999971,1.),.UNSPECIFIED.);
#2549 = CARTESIAN_POINT('',(212.,-73.19269700506,11.5));
#2550 = CARTESIAN_POINT('',(211.98350663858,-73.19269700506,11.5));
#2551 = CARTESIAN_POINT('',(211.96701327708,-73.19251565108,11.5));
#2552 = CARTESIAN_POINT('',(211.95052290699,-73.19215294312,11.5));
#2553 = CARTESIAN_POINT('',(211.91127436221,-73.19085779246,11.5));
#2554 = CARTESIAN_POINT('',(211.88852161218,-73.18976094581,11.5));
#2555 = CARTESIAN_POINT('',(211.86578814273,-73.18831869979,11.5));
#2556 = CARTESIAN_POINT('',(211.82115845138,-73.1848062669,11.5));
#2557 = CARTESIAN_POINT('',(211.79926038967,-73.18275944804,11.5));
#2558 = CARTESIAN_POINT('',(211.77739469312,-73.18039177237,11.5));
#2559 = CARTESIAN_POINT('',(211.73296259666,-73.17492045268,11.5));
#2560 = CARTESIAN_POINT('',(211.71039906084,-73.171793544,11.5));
#2561 = CARTESIAN_POINT('',(211.68788561254,-73.16832434346,11.5));
#2562 = CARTESIAN_POINT('',(211.64607174998,-73.16122953598,11.5));
#2563 = CARTESIAN_POINT('',(211.62675647584,-73.15769150369,11.5));
#2564 = CARTESIAN_POINT('',(211.60748917356,-73.15390091658,11.5));
#2565 = CARTESIAN_POINT('',(211.569828967,-73.14597839496,11.5));
#2566 = CARTESIAN_POINT('',(211.55143191417,-73.14186617923,11.5));
#2567 = CARTESIAN_POINT('',(211.53308799392,-73.13752308581,11.5));
#2568 = CARTESIAN_POINT('',(211.49346734033,-73.12761516233,11.5));
#2569 = CARTESIAN_POINT('',(211.47221135765,-73.12196735085,11.5));
#2570 = CARTESIAN_POINT('',(211.45104047009,-73.11600848403,11.5));
#2571 = CARTESIAN_POINT('',(211.41339940751,-73.10481580379,11.5));
#2572 = CARTESIAN_POINT('',(211.39689406926,-73.09970024312,11.5));
#2573 = CARTESIAN_POINT('',(211.38044875718,-73.09439488145,11.5));
#2574 = CARTESIAN_POINT('',(211.34396152003,-73.08215809137,11.5));
#2575 = CARTESIAN_POINT('',(211.32395163046,-73.07513113947,11.5));
#2576 = CARTESIAN_POINT('',(211.30404309208,-73.06782197854,11.5));
#2577 = CARTESIAN_POINT('',(211.2637072128,-73.05236271215,11.5));
#2578 = CARTESIAN_POINT('',(211.24328796579,-73.04419148667,11.5));
#2579 = CARTESIAN_POINT('',(211.22299072311,-73.03572174561,11.5));
#2580 = CARTESIAN_POINT('',(211.18337356612,-73.01850393662,11.5));
#2581 = CARTESIAN_POINT('',(211.16404463603,-73.00977661196,11.5));
#2582 = CARTESIAN_POINT('',(211.14484102994,-73.00077687603,11.5));
#2583 = CARTESIAN_POINT('',(211.11022785959,-72.98395468996,11.5));
#2584 = CARTESIAN_POINT('',(211.09477425461,-72.97622285673,11.5));
#2585 = CARTESIAN_POINT('',(211.07941074532,-72.968313512,11.5));
#2586 = CARTESIAN_POINT('',(211.04401124234,-72.94957043998,11.5));
#2587 = CARTESIAN_POINT('',(211.02404394518,-72.93860696651,11.5));
#2588 = CARTESIAN_POINT('',(211.00424544312,-72.92734153163,11.5));
#2589 = CARTESIAN_POINT('',(210.96702956243,-72.90541095255,11.5));
#2590 = CARTESIAN_POINT('',(210.9495777348,-72.8948042666,11.5));
#2591 = CARTESIAN_POINT('',(210.93227193293,-72.8839609601,11.5));
#2592 = CARTESIAN_POINT('',(210.89598249662,-72.86052916788,11.5));
#2593 = CARTESIAN_POINT('',(210.87703566824,-72.84788367852,11.5));
#2594 = CARTESIAN_POINT('',(210.85828306058,-72.83495191869,11.5));
#2595 = CARTESIAN_POINT('',(210.82117912185,-72.80852499972,11.5));
#2596 = CARTESIAN_POINT('',(210.80282779016,-72.79502984015,11.5));
#2597 = CARTESIAN_POINT('',(210.78468351371,-72.78125755135,11.5));
#2598 = CARTESIAN_POINT('',(210.74943978781,-72.75365272715,11.5));
#2599 = CARTESIAN_POINT('',(210.73232588396,-72.73983864487,11.5));
#2600 = CARTESIAN_POINT('',(210.7154163666,-72.72577511769,11.5));
#2601 = CARTESIAN_POINT('',(210.68142045586,-72.69664738884,11.5));
#2602 = CARTESIAN_POINT('',(210.66434931319,-72.6815653865,11.5));
#2603 = CARTESIAN_POINT('',(210.64750917611,-72.66622587902,11.5));
#2604 = CARTESIAN_POINT('',(210.61430240016,-72.63504264079,11.5));
#2605 = CARTESIAN_POINT('',(210.59793576074,-72.61919890952,11.5));
#2606 = CARTESIAN_POINT('',(210.58181161337,-72.60310845961,11.5));
#2607 = CARTESIAN_POINT('',(210.55005928664,-72.57044542144,11.5));
#2608 = CARTESIAN_POINT('',(210.53443110675,-72.55387283263,11.5));
#2609 = CARTESIAN_POINT('',(210.51905640227,-72.53706482356,11.5));
#2610 = CARTESIAN_POINT('',(210.48882440211,-72.50298975229,11.5));
#2611 = CARTESIAN_POINT('',(210.47396710594,-72.48572268951,11.5));
#2612 = CARTESIAN_POINT('',(210.45937374263,-72.4682319933,11.5));
#2613 = CARTESIAN_POINT('',(210.43220663442,-72.4346474685,11.5));
#2614 = CARTESIAN_POINT('',(210.41958013467,-72.41859631345,11.5));
#2615 = CARTESIAN_POINT('',(210.40717333897,-72.40237473848,11.5));
#2616 = CARTESIAN_POINT('',(210.38140011886,-72.36770900324,11.5));
#2617 = CARTESIAN_POINT('',(210.3680881469,-72.34922435801,11.5));
#2618 = CARTESIAN_POINT('',(210.35505841996,-72.33053968722,11.5));
#2619 = CARTESIAN_POINT('',(210.32957227242,-72.29278335532,11.5));
#2620 = CARTESIAN_POINT('',(210.31711585139,-72.27371169357,11.5));
#2621 = CARTESIAN_POINT('',(210.30495049122,-72.25445306645,11.5));
#2622 = CARTESIAN_POINT('',(210.28243805601,-72.21758624755,11.5));
#2623 = CARTESIAN_POINT('',(210.27203307039,-72.20001341771,11.5));
#2624 = CARTESIAN_POINT('',(210.26186830025,-72.18230055453,11.5));
#2625 = CARTESIAN_POINT('',(210.24126149324,-72.14523176846,11.5));
#2626 = CARTESIAN_POINT('',(210.23085827446,-72.1258542657,11.5));
#2627 = CARTESIAN_POINT('',(210.22074029356,-72.10632631045,11.5));
#2628 = CARTESIAN_POINT('',(210.2007300909,-72.06627960866,11.5));
#2629 = CARTESIAN_POINT('',(210.19085883724,-72.04575038417,11.5));
#2630 = CARTESIAN_POINT('',(210.18130048104,-72.02507362105,11.5));
#2631 = CARTESIAN_POINT('',(210.16281595785,-71.98343941975,11.5));
#2632 = CARTESIAN_POINT('',(210.15388979055,-71.96248198088,11.5));
#2633 = CARTESIAN_POINT('',(210.14528291465,-71.94139140493,11.5));
#2634 = CARTESIAN_POINT('',(210.12899915737,-71.89969025646,11.5));
#2635 = CARTESIAN_POINT('',(210.12130044108,-71.87908820944,11.5));
#2636 = CARTESIAN_POINT('',(210.11390462662,-71.85837549589,11.5));
#2637 = CARTESIAN_POINT('',(210.09997661112,-71.81748561378,11.5));
#2638 = CARTESIAN_POINT('',(210.093423,-71.79731573735,11.5));
#2639 = CARTESIAN_POINT('',(210.08715521734,-71.77705521825,11.5));
#2640 = CARTESIAN_POINT('',(210.07585935757,-71.73862565784,11.5));
#2641 = CARTESIAN_POINT('',(210.07077091533,-71.72047435964,11.5));
#2642 = CARTESIAN_POINT('',(210.06591098888,-71.70226054659,11.5));
#2643 = CARTESIAN_POINT('',(210.05587864255,-71.66267121513,11.5));
#2644 = CARTESIAN_POINT('',(210.05078913825,-71.64127468457,11.5));
#2645 = CARTESIAN_POINT('',(210.04601390428,-71.61980583005,11.5));
#2646 = CARTESIAN_POINT('',(210.03693558445,-71.57596828172,11.5));
#2647 = CARTESIAN_POINT('',(210.03265545173,-71.55359483383,11.5));
#2648 = CARTESIAN_POINT('',(210.02871557832,-71.53115896736,11.5));
#2649 = CARTESIAN_POINT('',(210.02201516647,-71.48928009588,11.5));
#2650 = CARTESIAN_POINT('',(210.01916691704,-71.46985112362,11.5));
#2651 = CARTESIAN_POINT('',(210.01657325812,-71.45038652958,11.5));
#2652 = CARTESIAN_POINT('',(210.01152216883,-71.40827688826,11.5));
#2653 = CARTESIAN_POINT('',(210.00915293261,-71.38562126144,11.5));
#2654 = CARTESIAN_POINT('',(210.00712802055,-71.36293226768,11.5));
#2655 = CARTESIAN_POINT('',(210.00382593836,-71.31828651998,11.5));
#2656 = CARTESIAN_POINT('',(210.00252539171,-71.29633149431,11.5));
#2657 = CARTESIAN_POINT('',(210.00154689694,-71.27435975969,11.5));
#2658 = CARTESIAN_POINT('',(210.00044536589,-71.23746248495,11.5));
#2659 = CARTESIAN_POINT('',(210.0001484553,-71.22254213531,11.5));
#2660 = CARTESIAN_POINT('',(210.,-71.20761957016,11.5));
#2661 = CARTESIAN_POINT('',(210.,-71.19269700506,11.5));
#2662 = ORIENTED_EDGE('',*,*,#2663,.T.);
#2663 = EDGE_CURVE('',#2546,#1023,#2664,.T.);
#2664 = LINE('',#2665,#2666);
#2665 = CARTESIAN_POINT('',(210.,-84.04070785647,11.5));
#2666 = VECTOR('',#2667,1.);
#2667 = DIRECTION('',(0.,1.,0.));
#2668 = FACE_BOUND('',#2669,.F.);
#2669 = EDGE_LOOP('',(#2670,#2680,#2688,#2696));
#2670 = ORIENTED_EDGE('',*,*,#2671,.T.);
#2671 = EDGE_CURVE('',#2672,#2674,#2676,.T.);
#2672 = VERTEX_POINT('',#2673);
#2673 = CARTESIAN_POINT('',(181.,-146.,11.5));
#2674 = VERTEX_POINT('',#2675);
#2675 = CARTESIAN_POINT('',(62.999999999999,-146.,11.5));
#2676 = LINE('',#2677,#2678);
#2677 = CARTESIAN_POINT('',(100.25,-146.,11.5));
#2678 = VECTOR('',#2679,1.);
#2679 = DIRECTION('',(-1.,0.,0.));
#2680 = ORIENTED_EDGE('',*,*,#2681,.T.);
#2681 = EDGE_CURVE('',#2674,#2682,#2684,.T.);
#2682 = VERTEX_POINT('',#2683);
#2683 = CARTESIAN_POINT('',(62.999999999999,-106.9999999999,11.5));
#2684 = LINE('',#2685,#2686);
#2685 = CARTESIAN_POINT('',(62.999999999999,-107.0407078564,11.5));
#2686 = VECTOR('',#2687,1.);
#2687 = DIRECTION('',(0.,1.,0.));
#2688 = ORIENTED_EDGE('',*,*,#2689,.T.);
#2689 = EDGE_CURVE('',#2682,#2690,#2692,.T.);
#2690 = VERTEX_POINT('',#2691);
#2691 = CARTESIAN_POINT('',(181.,-106.9999999999,11.5));
#2692 = LINE('',#2693,#2694);
#2693 = CARTESIAN_POINT('',(159.25,-106.9999999999,11.5));
#2694 = VECTOR('',#2695,1.);
#2695 = DIRECTION('',(1.,0.,0.));
#2696 = ORIENTED_EDGE('',*,*,#2697,.T.);
#2697 = EDGE_CURVE('',#2690,#2672,#2698,.T.);
#2698 = LINE('',#2699,#2700);
#2699 = CARTESIAN_POINT('',(181.,-126.5407078564,11.5));
#2700 = VECTOR('',#2701,1.);
#2701 = DIRECTION('',(0.,-1.,0.));
#2702 = FACE_BOUND('',#2703,.F.);
#2703 = EDGE_LOOP('',(#2704));
#2704 = ORIENTED_EDGE('',*,*,#2705,.F.);
#2705 = EDGE_CURVE('',#2706,#2706,#2708,.T.);
#2706 = VERTEX_POINT('',#2707);
#2707 = CARTESIAN_POINT('',(203.49999999999,-116.,11.5));
#2708 = CIRCLE('',#2709,8.499999999999);
#2709 = AXIS2_PLACEMENT_3D('',#2710,#2711,#2712);
#2710 = CARTESIAN_POINT('',(195.,-116.,11.5));
#2711 = DIRECTION('',(0.,0.,1.));
#2712 = DIRECTION('',(1.,0.,0.));
#2713 = FACE_BOUND('',#2714,.F.);
#2714 = EDGE_LOOP('',(#2715));
#2715 = ORIENTED_EDGE('',*,*,#2716,.T.);
#2716 = EDGE_CURVE('',#2717,#2717,#2719,.T.);
#2717 = VERTEX_POINT('',#2718);
#2718 = CARTESIAN_POINT('',(80.512853623887,-91.5615,11.5));
#2719 = CIRCLE('',#2720,1.639853623887);
#2720 = AXIS2_PLACEMENT_3D('',#2721,#2722,#2723);
#2721 = CARTESIAN_POINT('',(78.873,-91.5615,11.5));
#2722 = DIRECTION('',(0.,0.,-1.));
#2723 = DIRECTION('',(1.,0.,0.));
#2724 = FACE_BOUND('',#2725,.F.);
#2725 = EDGE_LOOP('',(#2726));
#2726 = ORIENTED_EDGE('',*,*,#2727,.T.);
#2727 = EDGE_CURVE('',#2728,#2728,#2730,.T.);
#2728 = VERTEX_POINT('',#2729);
#2729 = CARTESIAN_POINT('',(89.512853623887,-91.5615,11.5));
#2730 = CIRCLE('',#2731,1.639853623887);
#2731 = AXIS2_PLACEMENT_3D('',#2732,#2733,#2734);
#2732 = CARTESIAN_POINT('',(87.873,-91.5615,11.5));
#2733 = DIRECTION('',(0.,0.,-1.));
#2734 = DIRECTION('',(1.,0.,0.));
#2735 = FACE_BOUND('',#2736,.F.);
#2736 = EDGE_LOOP('',(#2737));
#2737 = ORIENTED_EDGE('',*,*,#2738,.T.);
#2738 = EDGE_CURVE('',#2739,#2739,#2741,.T.);
#2739 = VERTEX_POINT('',#2740);
#2740 = CARTESIAN_POINT('',(98.512853623887,-91.5615,11.5));
#2741 = CIRCLE('',#2742,1.639853623887);
#2742 = AXIS2_PLACEMENT_3D('',#2743,#2744,#2745);
#2743 = CARTESIAN_POINT('',(96.873,-91.5615,11.5));
#2744 = DIRECTION('',(0.,0.,-1.));
#2745 = DIRECTION('',(1.,0.,0.));
#2746 = FACE_BOUND('',#2747,.F.);
#2747 = EDGE_LOOP('',(#2748));
#2748 = ORIENTED_EDGE('',*,*,#2749,.T.);
#2749 = EDGE_CURVE('',#2750,#2750,#2752,.T.);
#2750 = VERTEX_POINT('',#2751);
#2751 = CARTESIAN_POINT('',(107.51285362388,-91.5615,11.5));
#2752 = CIRCLE('',#2753,1.639853623887);
#2753 = AXIS2_PLACEMENT_3D('',#2754,#2755,#2756);
#2754 = CARTESIAN_POINT('',(105.873,-91.5615,11.5));
#2755 = DIRECTION('',(0.,0.,-1.));
#2756 = DIRECTION('',(1.,0.,0.));
#2757 = FACE_BOUND('',#2758,.F.);
#2758 = EDGE_LOOP('',(#2759));
#2759 = ORIENTED_EDGE('',*,*,#2760,.T.);
#2760 = EDGE_CURVE('',#2761,#2761,#2763,.T.);
#2761 = VERTEX_POINT('',#2762);
#2762 = CARTESIAN_POINT('',(116.51285362388,-91.5615,11.5));
#2763 = CIRCLE('',#2764,1.639853623887);
#2764 = AXIS2_PLACEMENT_3D('',#2765,#2766,#2767);
#2765 = CARTESIAN_POINT('',(114.873,-91.5615,11.5));
#2766 = DIRECTION('',(0.,0.,-1.));
#2767 = DIRECTION('',(1.,0.,0.));
#2768 = FACE_BOUND('',#2769,.F.);
#2769 = EDGE_LOOP('',(#2770));
#2770 = ORIENTED_EDGE('',*,*,#2771,.T.);
#2771 = EDGE_CURVE('',#2772,#2772,#2774,.T.);
#2772 = VERTEX_POINT('',#2773);
#2773 = CARTESIAN_POINT('',(125.51285362388,-91.5615,11.5));
#2774 = CIRCLE('',#2775,1.639853623887);
#2775 = AXIS2_PLACEMENT_3D('',#2776,#2777,#2778);
#2776 = CARTESIAN_POINT('',(123.873,-91.5615,11.5));
#2777 = DIRECTION('',(0.,0.,-1.));
#2778 = DIRECTION('',(1.,0.,0.));
#2779 = FACE_BOUND('',#2780,.F.);
#2780 = EDGE_LOOP('',(#2781));
#2781 = ORIENTED_EDGE('',*,*,#2782,.T.);
#2782 = EDGE_CURVE('',#2783,#2783,#2785,.T.);
#2783 = VERTEX_POINT('',#2784);
#2784 = CARTESIAN_POINT('',(134.51285362388,-91.5615,11.5));
#2785 = CIRCLE('',#2786,1.639853623887);
#2786 = AXIS2_PLACEMENT_3D('',#2787,#2788,#2789);
#2787 = CARTESIAN_POINT('',(132.873,-91.5615,11.5));
#2788 = DIRECTION('',(0.,0.,-1.));
#2789 = DIRECTION('',(1.,0.,0.));
#2790 = FACE_BOUND('',#2791,.F.);
#2791 = EDGE_LOOP('',(#2792));
#2792 = ORIENTED_EDGE('',*,*,#2793,.T.);
#2793 = EDGE_CURVE('',#2794,#2794,#2796,.T.);
#2794 = VERTEX_POINT('',#2795);
#2795 = CARTESIAN_POINT('',(80.512853623887,-81.5615,11.5));
#2796 = CIRCLE('',#2797,1.639853623887);
#2797 = AXIS2_PLACEMENT_3D('',#2798,#2799,#2800);
#2798 = CARTESIAN_POINT('',(78.873,-81.5615,11.5));
#2799 = DIRECTION('',(0.,0.,-1.));
#2800 = DIRECTION('',(1.,0.,0.));
#2801 = FACE_BOUND('',#2802,.F.);
#2802 = EDGE_LOOP('',(#2803));
#2803 = ORIENTED_EDGE('',*,*,#2804,.T.);
#2804 = EDGE_CURVE('',#2805,#2805,#2807,.T.);
#2805 = VERTEX_POINT('',#2806);
#2806 = CARTESIAN_POINT('',(89.512853623887,-81.5615,11.5));
#2807 = CIRCLE('',#2808,1.639853623887);
#2808 = AXIS2_PLACEMENT_3D('',#2809,#2810,#2811);
#2809 = CARTESIAN_POINT('',(87.873,-81.5615,11.5));
#2810 = DIRECTION('',(0.,0.,-1.));
#2811 = DIRECTION('',(1.,0.,0.));
#2812 = FACE_BOUND('',#2813,.F.);
#2813 = EDGE_LOOP('',(#2814));
#2814 = ORIENTED_EDGE('',*,*,#2815,.T.);
#2815 = EDGE_CURVE('',#2816,#2816,#2818,.T.);
#2816 = VERTEX_POINT('',#2817);
#2817 = CARTESIAN_POINT('',(98.512853623887,-81.5615,11.5));
#2818 = CIRCLE('',#2819,1.639853623887);
#2819 = AXIS2_PLACEMENT_3D('',#2820,#2821,#2822);
#2820 = CARTESIAN_POINT('',(96.873,-81.5615,11.5));
#2821 = DIRECTION('',(0.,0.,-1.));
#2822 = DIRECTION('',(1.,0.,0.));
#2823 = FACE_BOUND('',#2824,.F.);
#2824 = EDGE_LOOP('',(#2825));
#2825 = ORIENTED_EDGE('',*,*,#2826,.T.);
#2826 = EDGE_CURVE('',#2827,#2827,#2829,.T.);
#2827 = VERTEX_POINT('',#2828);
#2828 = CARTESIAN_POINT('',(80.512853623887,-71.5615,11.5));
#2829 = CIRCLE('',#2830,1.639853623887);
#2830 = AXIS2_PLACEMENT_3D('',#2831,#2832,#2833);
#2831 = CARTESIAN_POINT('',(78.873,-71.5615,11.5));
#2832 = DIRECTION('',(0.,0.,-1.));
#2833 = DIRECTION('',(1.,0.,0.));
#2834 = FACE_BOUND('',#2835,.F.);
#2835 = EDGE_LOOP('',(#2836));
#2836 = ORIENTED_EDGE('',*,*,#2837,.T.);
#2837 = EDGE_CURVE('',#2838,#2838,#2840,.T.);
#2838 = VERTEX_POINT('',#2839);
#2839 = CARTESIAN_POINT('',(89.512853623887,-71.5615,11.5));
#2840 = CIRCLE('',#2841,1.639853623887);
#2841 = AXIS2_PLACEMENT_3D('',#2842,#2843,#2844);
#2842 = CARTESIAN_POINT('',(87.873,-71.5615,11.5));
#2843 = DIRECTION('',(0.,0.,-1.));
#2844 = DIRECTION('',(1.,0.,0.));
#2845 = FACE_BOUND('',#2846,.F.);
#2846 = EDGE_LOOP('',(#2847));
#2847 = ORIENTED_EDGE('',*,*,#2848,.T.);
#2848 = EDGE_CURVE('',#2849,#2849,#2851,.T.);
#2849 = VERTEX_POINT('',#2850);
#2850 = CARTESIAN_POINT('',(98.512853623887,-71.5615,11.5));
#2851 = CIRCLE('',#2852,1.639853623887);
#2852 = AXIS2_PLACEMENT_3D('',#2853,#2854,#2855);
#2853 = CARTESIAN_POINT('',(96.873,-71.5615,11.5));
#2854 = DIRECTION('',(0.,0.,-1.));
#2855 = DIRECTION('',(1.,0.,0.));
#2856 = FACE_BOUND('',#2857,.F.);
#2857 = EDGE_LOOP('',(#2858));
#2858 = ORIENTED_EDGE('',*,*,#2859,.T.);
#2859 = EDGE_CURVE('',#2860,#2860,#2862,.T.);
#2860 = VERTEX_POINT('',#2861);
#2861 = CARTESIAN_POINT('',(107.51285362388,-81.5615,11.5));
#2862 = CIRCLE('',#2863,1.639853623887);
#2863 = AXIS2_PLACEMENT_3D('',#2864,#2865,#2866);
#2864 = CARTESIAN_POINT('',(105.873,-81.5615,11.5));
#2865 = DIRECTION('',(0.,0.,-1.));
#2866 = DIRECTION('',(1.,0.,0.));
#2867 = FACE_BOUND('',#2868,.F.);
#2868 = EDGE_LOOP('',(#2869));
#2869 = ORIENTED_EDGE('',*,*,#2870,.T.);
#2870 = EDGE_CURVE('',#2871,#2871,#2873,.T.);
#2871 = VERTEX_POINT('',#2872);
#2872 = CARTESIAN_POINT('',(116.51285362388,-81.5615,11.5));
#2873 = CIRCLE('',#2874,1.639853623887);
#2874 = AXIS2_PLACEMENT_3D('',#2875,#2876,#2877);
#2875 = CARTESIAN_POINT('',(114.873,-81.5615,11.5));
#2876 = DIRECTION('',(0.,0.,-1.));
#2877 = DIRECTION('',(1.,0.,0.));
#2878 = FACE_BOUND('',#2879,.F.);
#2879 = EDGE_LOOP('',(#2880));
#2880 = ORIENTED_EDGE('',*,*,#2881,.T.);
#2881 = EDGE_CURVE('',#2882,#2882,#2884,.T.);
#2882 = VERTEX_POINT('',#2883);
#2883 = CARTESIAN_POINT('',(125.51285362388,-81.5615,11.5));
#2884 = CIRCLE('',#2885,1.639853623887);
#2885 = AXIS2_PLACEMENT_3D('',#2886,#2887,#2888);
#2886 = CARTESIAN_POINT('',(123.873,-81.5615,11.5));
#2887 = DIRECTION('',(0.,0.,-1.));
#2888 = DIRECTION('',(1.,0.,0.));
#2889 = FACE_BOUND('',#2890,.F.);
#2890 = EDGE_LOOP('',(#2891));
#2891 = ORIENTED_EDGE('',*,*,#2892,.T.);
#2892 = EDGE_CURVE('',#2893,#2893,#2895,.T.);
#2893 = VERTEX_POINT('',#2894);
#2894 = CARTESIAN_POINT('',(134.51285362388,-81.5615,11.5));
#2895 = CIRCLE('',#2896,1.639853623887);
#2896 = AXIS2_PLACEMENT_3D('',#2897,#2898,#2899);
#2897 = CARTESIAN_POINT('',(132.873,-81.5615,11.5));
#2898 = DIRECTION('',(0.,0.,-1.));
#2899 = DIRECTION('',(1.,0.,0.));
#2900 = FACE_BOUND('',#2901,.F.);
#2901 = EDGE_LOOP('',(#2902));
#2902 = ORIENTED_EDGE('',*,*,#2903,.T.);
#2903 = EDGE_CURVE('',#2904,#2904,#2906,.T.);
#2904 = VERTEX_POINT('',#2905);
#2905 = CARTESIAN_POINT('',(107.51285362388,-71.5615,11.5));
#2906 = CIRCLE('',#2907,1.639853623887);
#2907 = AXIS2_PLACEMENT_3D('',#2908,#2909,#2910);
#2908 = CARTESIAN_POINT('',(105.873,-71.5615,11.5));
#2909 = DIRECTION('',(0.,0.,-1.));
#2910 = DIRECTION('',(1.,0.,0.));
#2911 = FACE_BOUND('',#2912,.F.);
#2912 = EDGE_LOOP('',(#2913));
#2913 = ORIENTED_EDGE('',*,*,#2914,.T.);
#2914 = EDGE_CURVE('',#2915,#2915,#2917,.T.);
#2915 = VERTEX_POINT('',#2916);
#2916 = CARTESIAN_POINT('',(116.51285362388,-71.5615,11.5));
#2917 = CIRCLE('',#2918,1.639853623887);
#2918 = AXIS2_PLACEMENT_3D('',#2919,#2920,#2921);
#2919 = CARTESIAN_POINT('',(114.873,-71.5615,11.5));
#2920 = DIRECTION('',(0.,0.,-1.));
#2921 = DIRECTION('',(1.,0.,0.));
#2922 = FACE_BOUND('',#2923,.F.);
#2923 = EDGE_LOOP('',(#2924));
#2924 = ORIENTED_EDGE('',*,*,#2925,.T.);
#2925 = EDGE_CURVE('',#2926,#2926,#2928,.T.);
#2926 = VERTEX_POINT('',#2927);
#2927 = CARTESIAN_POINT('',(125.51285362388,-71.5615,11.5));
#2928 = CIRCLE('',#2929,1.639853623887);
#2929 = AXIS2_PLACEMENT_3D('',#2930,#2931,#2932);
#2930 = CARTESIAN_POINT('',(123.873,-71.5615,11.5));
#2931 = DIRECTION('',(0.,0.,-1.));
#2932 = DIRECTION('',(1.,0.,0.));
#2933 = FACE_BOUND('',#2934,.F.);
#2934 = EDGE_LOOP('',(#2935));
#2935 = ORIENTED_EDGE('',*,*,#2936,.T.);
#2936 = EDGE_CURVE('',#2937,#2937,#2939,.T.);
#2937 = VERTEX_POINT('',#2938);
#2938 = CARTESIAN_POINT('',(134.51285362388,-71.5615,11.5));
#2939 = CIRCLE('',#2940,1.639853623887);
#2940 = AXIS2_PLACEMENT_3D('',#2941,#2942,#2943);
#2941 = CARTESIAN_POINT('',(132.873,-71.5615,11.5));
#2942 = DIRECTION('',(0.,0.,-1.));
#2943 = DIRECTION('',(1.,0.,0.));
#2944 = FACE_BOUND('',#2945,.F.);
#2945 = EDGE_LOOP('',(#2946));
#2946 = ORIENTED_EDGE('',*,*,#2947,.T.);
#2947 = EDGE_CURVE('',#2948,#2948,#2950,.T.);
#2948 = VERTEX_POINT('',#2949);
#2949 = CARTESIAN_POINT('',(143.51285362388,-91.5615,11.5));
#2950 = CIRCLE('',#2951,1.639853623887);
#2951 = AXIS2_PLACEMENT_3D('',#2952,#2953,#2954);
#2952 = CARTESIAN_POINT('',(141.873,-91.5615,11.5));
#2953 = DIRECTION('',(0.,0.,-1.));
#2954 = DIRECTION('',(1.,0.,0.));
#2955 = FACE_BOUND('',#2956,.F.);
#2956 = EDGE_LOOP('',(#2957));
#2957 = ORIENTED_EDGE('',*,*,#2958,.T.);
#2958 = EDGE_CURVE('',#2959,#2959,#2961,.T.);
#2959 = VERTEX_POINT('',#2960);
#2960 = CARTESIAN_POINT('',(152.51285362388,-91.5615,11.5));
#2961 = CIRCLE('',#2962,1.639853623887);
#2962 = AXIS2_PLACEMENT_3D('',#2963,#2964,#2965);
#2963 = CARTESIAN_POINT('',(150.873,-91.5615,11.5));
#2964 = DIRECTION('',(0.,0.,-1.));
#2965 = DIRECTION('',(1.,0.,0.));
#2966 = FACE_BOUND('',#2967,.F.);
#2967 = EDGE_LOOP('',(#2968));
#2968 = ORIENTED_EDGE('',*,*,#2969,.T.);
#2969 = EDGE_CURVE('',#2970,#2970,#2972,.T.);
#2970 = VERTEX_POINT('',#2971);
#2971 = CARTESIAN_POINT('',(161.51285362388,-91.5615,11.5));
#2972 = CIRCLE('',#2973,1.639853623887);
#2973 = AXIS2_PLACEMENT_3D('',#2974,#2975,#2976);
#2974 = CARTESIAN_POINT('',(159.873,-91.5615,11.5));
#2975 = DIRECTION('',(0.,0.,-1.));
#2976 = DIRECTION('',(1.,0.,0.));
#2977 = FACE_BOUND('',#2978,.F.);
#2978 = EDGE_LOOP('',(#2979));
#2979 = ORIENTED_EDGE('',*,*,#2980,.T.);
#2980 = EDGE_CURVE('',#2981,#2981,#2983,.T.);
#2981 = VERTEX_POINT('',#2982);
#2982 = CARTESIAN_POINT('',(143.51285362388,-81.5615,11.5));
#2983 = CIRCLE('',#2984,1.639853623887);
#2984 = AXIS2_PLACEMENT_3D('',#2985,#2986,#2987);
#2985 = CARTESIAN_POINT('',(141.873,-81.5615,11.5));
#2986 = DIRECTION('',(0.,0.,-1.));
#2987 = DIRECTION('',(1.,0.,0.));
#2988 = FACE_BOUND('',#2989,.F.);
#2989 = EDGE_LOOP('',(#2990));
#2990 = ORIENTED_EDGE('',*,*,#2991,.T.);
#2991 = EDGE_CURVE('',#2992,#2992,#2994,.T.);
#2992 = VERTEX_POINT('',#2993);
#2993 = CARTESIAN_POINT('',(152.51285362388,-81.5615,11.5));
#2994 = CIRCLE('',#2995,1.639853623887);
#2995 = AXIS2_PLACEMENT_3D('',#2996,#2997,#2998);
#2996 = CARTESIAN_POINT('',(150.873,-81.5615,11.5));
#2997 = DIRECTION('',(0.,0.,-1.));
#2998 = DIRECTION('',(1.,0.,0.));
#2999 = FACE_BOUND('',#3000,.F.);
#3000 = EDGE_LOOP('',(#3001));
#3001 = ORIENTED_EDGE('',*,*,#3002,.T.);
#3002 = EDGE_CURVE('',#3003,#3003,#3005,.T.);
#3003 = VERTEX_POINT('',#3004);
#3004 = CARTESIAN_POINT('',(161.51285362388,-81.5615,11.5));
#3005 = CIRCLE('',#3006,1.639853623887);
#3006 = AXIS2_PLACEMENT_3D('',#3007,#3008,#3009);
#3007 = CARTESIAN_POINT('',(159.873,-81.5615,11.5));
#3008 = DIRECTION('',(0.,0.,-1.));
#3009 = DIRECTION('',(1.,0.,0.));
#3010 = FACE_BOUND('',#3011,.F.);
#3011 = EDGE_LOOP('',(#3012));
#3012 = ORIENTED_EDGE('',*,*,#3013,.T.);
#3013 = EDGE_CURVE('',#3014,#3014,#3016,.T.);
#3014 = VERTEX_POINT('',#3015);
#3015 = CARTESIAN_POINT('',(143.51285362388,-71.5615,11.5));
#3016 = CIRCLE('',#3017,1.639853623887);
#3017 = AXIS2_PLACEMENT_3D('',#3018,#3019,#3020);
#3018 = CARTESIAN_POINT('',(141.873,-71.5615,11.5));
#3019 = DIRECTION('',(0.,0.,-1.));
#3020 = DIRECTION('',(1.,0.,0.));
#3021 = FACE_BOUND('',#3022,.F.);
#3022 = EDGE_LOOP('',(#3023));
#3023 = ORIENTED_EDGE('',*,*,#3024,.T.);
#3024 = EDGE_CURVE('',#3025,#3025,#3027,.T.);
#3025 = VERTEX_POINT('',#3026);
#3026 = CARTESIAN_POINT('',(152.51285362388,-71.5615,11.5));
#3027 = CIRCLE('',#3028,1.639853623887);
#3028 = AXIS2_PLACEMENT_3D('',#3029,#3030,#3031);
#3029 = CARTESIAN_POINT('',(150.873,-71.5615,11.5));
#3030 = DIRECTION('',(0.,0.,-1.));
#3031 = DIRECTION('',(1.,0.,0.));
#3032 = FACE_BOUND('',#3033,.F.);
#3033 = EDGE_LOOP('',(#3034));
#3034 = ORIENTED_EDGE('',*,*,#3035,.T.);
#3035 = EDGE_CURVE('',#3036,#3036,#3038,.T.);
#3036 = VERTEX_POINT('',#3037);
#3037 = CARTESIAN_POINT('',(161.51285362388,-71.5615,11.5));
#3038 = CIRCLE('',#3039,1.639853623887);
#3039 = AXIS2_PLACEMENT_3D('',#3040,#3041,#3042);
#3040 = CARTESIAN_POINT('',(159.873,-71.5615,11.5));
#3041 = DIRECTION('',(0.,0.,-1.));
#3042 = DIRECTION('',(1.,0.,0.));
#3043 = PLANE('',#3044);
#3044 = AXIS2_PLACEMENT_3D('',#3045,#3046,#3047);
#3045 = CARTESIAN_POINT('',(137.5,-107.0814157129,11.5));
#3046 = DIRECTION('',(0.,0.,1.));
#3047 = DIRECTION('',(1.,0.,0.));
#3048 = ADVANCED_FACE('',(#3049),#3068,.F.);
#3049 = FACE_BOUND('',#3050,.F.);
#3050 = EDGE_LOOP('',(#3051,#3060,#3061,#3062));
#3051 = ORIENTED_EDGE('',*,*,#3052,.F.);
#3052 = EDGE_CURVE('',#40,#3053,#3055,.T.);
#3053 = VERTEX_POINT('',#3054);
#3054 = CARTESIAN_POINT('',(210.,-61.,1.6));
#3055 = CIRCLE('',#3056,2.);
#3056 = AXIS2_PLACEMENT_3D('',#3057,#3058,#3059);
#3057 = CARTESIAN_POINT('',(212.,-61.,1.6));
#3058 = DIRECTION('',(0.,0.,1.));
#3059 = DIRECTION('',(1.,0.,0.));
#3060 = ORIENTED_EDGE('',*,*,#47,.F.);
#3061 = ORIENTED_EDGE('',*,*,#1022,.F.);
#3062 = ORIENTED_EDGE('',*,*,#3063,.F.);
#3063 = EDGE_CURVE('',#3053,#1023,#3064,.T.);
#3064 = LINE('',#3065,#3066);
#3065 = CARTESIAN_POINT('',(210.,-61.,1.6));
#3066 = VECTOR('',#3067,1.);
#3067 = DIRECTION('',(0.,-0.258819045103,0.965925826289));
#3068 = SURFACE_OF_LINEAR_EXTRUSION('',#3069,#3074);
#3069 = CIRCLE('',#3070,2.);
#3070 = AXIS2_PLACEMENT_3D('',#3071,#3072,#3073);
#3071 = CARTESIAN_POINT('',(212.,-61.,1.6));
#3072 = DIRECTION('',(0.,0.,1.));
#3073 = DIRECTION('',(1.,0.,0.));
#3074 = VECTOR('',#3075,1.);
#3075 = DIRECTION('',(0.,0.258819045103,-0.965925826289));
#3076 = ADVANCED_FACE('',(#3077,#3236),#3247,.F.);
#3077 = FACE_BOUND('',#3078,.F.);
#3078 = EDGE_LOOP('',(#3079,#3090,#3098,#3107,#3115,#3228,#3229,#3230));
#3079 = ORIENTED_EDGE('',*,*,#3080,.T.);
#3080 = EDGE_CURVE('',#3081,#3083,#3085,.T.);
#3081 = VERTEX_POINT('',#3082);
#3082 = CARTESIAN_POINT('',(210.,-68.54,1.6));
#3083 = VERTEX_POINT('',#3084);
#3084 = CARTESIAN_POINT('',(212.,-70.54,1.6));
#3085 = CIRCLE('',#3086,2.);
#3086 = AXIS2_PLACEMENT_3D('',#3087,#3088,#3089);
#3087 = CARTESIAN_POINT('',(212.,-68.54,1.6));
#3088 = DIRECTION('',(0.,0.,1.));
#3089 = DIRECTION('',(1.,0.,0.));
#3090 = ORIENTED_EDGE('',*,*,#3091,.T.);
#3091 = EDGE_CURVE('',#3083,#3092,#3094,.T.);
#3092 = VERTEX_POINT('',#3093);
#3093 = CARTESIAN_POINT('',(220.,-70.54,1.6));
#3094 = LINE('',#3095,#3096);
#3095 = CARTESIAN_POINT('',(212.,-70.54,1.6));
#3096 = VECTOR('',#3097,1.);
#3097 = DIRECTION('',(1.,0.,0.));
#3098 = ORIENTED_EDGE('',*,*,#3099,.T.);
#3099 = EDGE_CURVE('',#3092,#3100,#3102,.T.);
#3100 = VERTEX_POINT('',#3101);
#3101 = CARTESIAN_POINT('',(222.,-68.54,1.6));
#3102 = CIRCLE('',#3103,2.);
#3103 = AXIS2_PLACEMENT_3D('',#3104,#3105,#3106);
#3104 = CARTESIAN_POINT('',(220.,-68.54,1.6));
#3105 = DIRECTION('',(0.,0.,1.));
#3106 = DIRECTION('',(1.,0.,0.));
#3107 = ORIENTED_EDGE('',*,*,#3108,.T.);
#3108 = EDGE_CURVE('',#3100,#3109,#3111,.T.);
#3109 = VERTEX_POINT('',#3110);
#3110 = CARTESIAN_POINT('',(222.,-61.42871870789,1.6));
#3111 = LINE('',#3112,#3113);
#3112 = CARTESIAN_POINT('',(222.,-68.54,1.6));
#3113 = VECTOR('',#3114,1.);
#3114 = DIRECTION('',(1.131E-14,1.,0.));
#3115 = ORIENTED_EDGE('',*,*,#3116,.T.);
#3116 = EDGE_CURVE('',#3109,#32,#3117,.T.);
#3117 = B_SPLINE_CURVE_WITH_KNOTS('',4,(#3118,#3119,#3120,#3121,#3122,
    #3123,#3124,#3125,#3126,#3127,#3128,#3129,#3130,#3131,#3132,#3133,
    #3134,#3135,#3136,#3137,#3138,#3139,#3140,#3141,#3142,#3143,#3144,
    #3145,#3146,#3147,#3148,#3149,#3150,#3151,#3152,#3153,#3154,#3155,
    #3156,#3157,#3158,#3159,#3160,#3161,#3162,#3163,#3164,#3165,#3166,
    #3167,#3168,#3169,#3170,#3171,#3172,#3173,#3174,#3175,#3176,#3177,
    #3178,#3179,#3180,#3181,#3182,#3183,#3184,#3185,#3186,#3187,#3188,
    #3189,#3190,#3191,#3192,#3193,#3194,#3195,#3196,#3197,#3198,#3199,
    #3200,#3201,#3202,#3203,#3204,#3205,#3206,#3207,#3208,#3209,#3210,
    #3211,#3212,#3213,#3214,#3215,#3216,#3217,#3218,#3219,#3220,#3221,
    #3222,#3223,#3224,#3225,#3226,#3227),.UNSPECIFIED.,.F.,.F.,(5,3,3,3,
    3,3,3,3,3,3,3,3,3,3,3,3,3,3,3,3,3,3,3,3,3,3,3,3,3,3,3,3,3,3,3,3,5),(
    0.,2.700000001738E-02,5.60000000188E-02,8.500000002023E-02,
    0.11300000003,0.142000000032,0.171000000033,0.200000000035,
    0.229000000036,0.258000000037,0.287000000039,0.314000000056,
    0.341000000074,0.370000000075,0.397000000093,0.423000000116,
    0.452000000117,0.480000000127,0.509000000129,0.535000000152,
    0.56200000017,0.589000000187,0.617000000197,0.645000000207,
    0.674000000209,0.70300000021,0.73700000014,0.762000000168,
    0.788000000191,0.817000000192,0.846000000194,0.865000000232,
    0.888000000266,0.923000000174,0.940000000211,0.960000000249,1.),
  .UNSPECIFIED.);
#3118 = CARTESIAN_POINT('',(222.,-61.42871870789,1.6));
#3119 = CARTESIAN_POINT('',(222.,-61.40751295751,1.6));
#3120 = CARTESIAN_POINT('',(221.99970021076,-61.38630720687,1.6));
#3121 = CARTESIAN_POINT('',(221.9991006323,-61.36510781444,1.6));
#3122 = CARTESIAN_POINT('',(221.99723583624,-61.32116506771,1.6));
#3123 = CARTESIAN_POINT('',(221.99592460186,-61.29842366558,1.6));
#3124 = CARTESIAN_POINT('',(221.99426816516,-61.27570479844,1.6));
#3125 = CARTESIAN_POINT('',(221.9902662714,-61.23032783113,1.6));
#3126 = CARTESIAN_POINT('',(221.98792081428,-61.20766973021,1.6));
#3127 = CARTESIAN_POINT('',(221.98523153911,-61.1850498605,1.6));
#3128 = CARTESIAN_POINT('',(221.9792720036,-61.14068060908,1.6));
#3129 = CARTESIAN_POINT('',(221.97602497485,-61.11892810627,1.6));
#3130 = CARTESIAN_POINT('',(221.97245935254,-61.09722555086,1.6));
#3131 = CARTESIAN_POINT('',(221.9645547478,-61.05316123697,1.6));
#3132 = CARTESIAN_POINT('',(221.96019269322,-61.03080361665,1.6));
#3133 = CARTESIAN_POINT('',(221.95549161627,-61.00851481717,1.6));
#3134 = CARTESIAN_POINT('',(221.94541490336,-60.96409022744,1.6));
#3135 = CARTESIAN_POINT('',(221.94003926724,-60.94195443645,1.6));
#3136 = CARTESIAN_POINT('',(221.93432809435,-60.91990283308,1.6));
#3137 = CARTESIAN_POINT('',(221.92223885698,-60.87598319448,1.6));
#3138 = CARTESIAN_POINT('',(221.91586079229,-60.8541151585,1.6));
#3139 = CARTESIAN_POINT('',(221.90915137258,-60.83234650228,1.6));
#3140 = CARTESIAN_POINT('',(221.89507469259,-60.78902293599,1.6));
#3141 = CARTESIAN_POINT('',(221.88770743206,-60.76746802521,1.6));
#3142 = CARTESIAN_POINT('',(221.88001368574,-60.74602748011,1.6));
#3143 = CARTESIAN_POINT('',(221.86397876837,-60.70338987065,1.6));
#3144 = CARTESIAN_POINT('',(221.85563759704,-60.68219280558,1.6));
#3145 = CARTESIAN_POINT('',(221.84697548653,-60.66112485485,1.6));
#3146 = CARTESIAN_POINT('',(221.82901559984,-60.61926166355,1.6));
#3147 = CARTESIAN_POINT('',(221.81971782336,-60.59846642229,1.6));
#3148 = CARTESIAN_POINT('',(221.81010532014,-60.57781477614,1.6));
#3149 = CARTESIAN_POINT('',(221.79094212576,-60.53822671689,1.6));
#3150 = CARTESIAN_POINT('',(221.78143289082,-60.51927023555,1.6));
#3151 = CARTESIAN_POINT('',(221.77165658866,-60.50045009607,1.6));
#3152 = CARTESIAN_POINT('',(221.75157587102,-60.46309370205,1.6));
#3153 = CARTESIAN_POINT('',(221.74127145528,-60.44455744703,1.6));
#3154 = CARTESIAN_POINT('',(221.7307059932,-60.4261687346,1.6));
#3155 = CARTESIAN_POINT('',(221.7082577438,-60.38834653803,1.6));
#3156 = CARTESIAN_POINT('',(221.69633534884,-60.36893656109,1.6));
#3157 = CARTESIAN_POINT('',(221.68411956658,-60.34970987727,1.6));
#3158 = CARTESIAN_POINT('',(221.6599722819,-60.31294914962,1.6));
#3159 = CARTESIAN_POINT('',(221.64807927488,-60.29538981827,1.6));
#3160 = CARTESIAN_POINT('',(221.63593919262,-60.27800039227,1.6));
#3161 = CARTESIAN_POINT('',(221.61163094995,-60.2442092432,1.6));
#3162 = CARTESIAN_POINT('',(221.59948048227,-60.22779479197,1.6));
#3163 = CARTESIAN_POINT('',(221.58710766081,-60.21154728867,1.6));
#3164 = CARTESIAN_POINT('',(221.56047142692,-60.17754018472,1.6));
#3165 = CARTESIAN_POINT('',(221.54615459588,-60.1598224237,1.6));
#3166 = CARTESIAN_POINT('',(221.53157035185,-60.14232412285,1.6));
#3167 = CARTESIAN_POINT('',(221.5023892583,-60.10837400777,1.6));
#3168 = CARTESIAN_POINT('',(221.48781018457,-60.09190691381,1.6));
#3169 = CARTESIAN_POINT('',(221.47299123192,-60.07565535339,1.6));
#3170 = CARTESIAN_POINT('',(221.44234563572,-60.04302110805,1.6));
#3171 = CARTESIAN_POINT('',(221.42650190445,-60.02665446863,1.6));
#3172 = CARTESIAN_POINT('',(221.41041145454,-60.01053032126,1.6));
#3173 = CARTESIAN_POINT('',(221.37943788385,-59.98042035624,1.6));
#3174 = CARTESIAN_POINT('',(221.36460205926,-59.96638588501,1.6));
#3175 = CARTESIAN_POINT('',(221.3495765328,-59.9525547018,1.6));
#3176 = CARTESIAN_POINT('',(221.31856949639,-59.92478248349,1.6));
#3177 = CARTESIAN_POINT('',(221.30257344456,-59.91085768333,1.6));
#3178 = CARTESIAN_POINT('',(221.28638211472,-59.89716043646,1.6));
#3179 = CARTESIAN_POINT('',(221.25361872299,-59.8702291246,1.6));
#3180 = CARTESIAN_POINT('',(221.23704666069,-59.85699505927,1.6));
#3181 = CARTESIAN_POINT('',(221.22028914397,-59.84399662217,1.6));
#3182 = CARTESIAN_POINT('',(221.18578602986,-59.81800610099,1.6));
#3183 = CARTESIAN_POINT('',(221.16802682339,-59.80503208235,1.6));
#3184 = CARTESIAN_POINT('',(221.15007929652,-59.79231984993,1.6));
#3185 = CARTESIAN_POINT('',(221.11381929483,-59.76742698484,1.6));
#3186 = CARTESIAN_POINT('',(221.09550681949,-59.75524635181,1.6));
#3187 = CARTESIAN_POINT('',(221.07701771611,-59.74333553193,1.6));
#3188 = CARTESIAN_POINT('',(221.03903186942,-59.7196454077,1.6));
#3189 = CARTESIAN_POINT('',(221.0195227214,-59.70788599232,1.6));
#3190 = CARTESIAN_POINT('',(220.99983724325,-59.69642420115,1.6));
#3191 = CARTESIAN_POINT('',(220.96012736331,-59.67410358847,1.6));
#3192 = CARTESIAN_POINT('',(220.94010296085,-59.66324476659,1.6));
#3193 = CARTESIAN_POINT('',(220.9199159642,-59.65269128977,1.6));
#3194 = CARTESIAN_POINT('',(220.87572351964,-59.63043580577,1.6));
#3195 = CARTESIAN_POINT('',(220.85165980591,-59.61884949358,1.6));
#3196 = CARTESIAN_POINT('',(220.82739361053,-59.60769347682,1.6));
#3197 = CARTESIAN_POINT('',(220.78495344068,-59.58909004226,1.6));
#3198 = CARTESIAN_POINT('',(220.76686713191,-59.58144262945,1.6));
#3199 = CARTESIAN_POINT('',(220.74868226001,-59.57403264147,1.6));
#3200 = CARTESIAN_POINT('',(220.7113936381,-59.55940437304,1.6));
#3201 = CARTESIAN_POINT('',(220.69228222837,-59.55220561673,1.6));
#3202 = CARTESIAN_POINT('',(220.67307458017,-59.54526772623,1.6));
#3203 = CARTESIAN_POINT('',(220.63225078605,-59.53114717706,1.6));
#3204 = CARTESIAN_POINT('',(220.61061245907,-59.52402864406,1.6));
#3205 = CARTESIAN_POINT('',(220.58886852447,-59.51723953406,1.6));
#3206 = CARTESIAN_POINT('',(220.54518455135,-59.50432462765,1.6));
#3207 = CARTESIAN_POINT('',(220.52324451209,-59.49819883102,1.6));
#3208 = CARTESIAN_POINT('',(220.50121397582,-59.49240692475,1.6));
#3209 = CARTESIAN_POINT('',(220.46461251305,-59.48337609136,1.6));
#3210 = CARTESIAN_POINT('',(220.45008887146,-59.47994551933,1.6));
#3211 = CARTESIAN_POINT('',(220.43553181835,-59.47665961089,1.6));
#3212 = CARTESIAN_POINT('',(220.40328400015,-59.46971683729,1.6));
#3213 = CARTESIAN_POINT('',(220.385578694,-59.46612751176,1.6));
#3214 = CARTESIAN_POINT('',(220.36783144339,-59.46275168297,1.6));
#3215 = CARTESIAN_POINT('',(220.32298149238,-59.45477884123,1.6));
#3216 = CARTESIAN_POINT('',(220.29582869605,-59.45046362865,1.6));
#3217 = CARTESIAN_POINT('',(220.26860136747,-59.44664682549,1.6));
#3218 = CARTESIAN_POINT('',(220.22805903295,-59.44171912378,1.6));
#3219 = CARTESIAN_POINT('',(220.21479046852,-59.4402261226,1.6));
#3220 = CARTESIAN_POINT('',(220.20150913978,-59.43885129112,1.6));
#3221 = CARTESIAN_POINT('',(220.17257837587,-59.43611652875,1.6));
#3222 = CARTESIAN_POINT('',(220.15692464485,-59.4348020422,1.6));
#3223 = CARTESIAN_POINT('',(220.14125800624,-59.4336515622,1.6));
#3224 = CARTESIAN_POINT('',(220.09422710494,-59.4306926287,1.6));
#3225 = CARTESIAN_POINT('',(220.06283185443,-59.42937668153,1.6));
#3226 = CARTESIAN_POINT('',(220.03141592626,-59.42871870789,1.6));
#3227 = CARTESIAN_POINT('',(220.,-59.42871870789,1.6));
#3228 = ORIENTED_EDGE('',*,*,#39,.T.);
#3229 = ORIENTED_EDGE('',*,*,#3052,.T.);
#3230 = ORIENTED_EDGE('',*,*,#3231,.T.);
#3231 = EDGE_CURVE('',#3053,#3081,#3232,.T.);
#3232 = LINE('',#3233,#3234);
#3233 = CARTESIAN_POINT('',(210.,-61.,1.6));
#3234 = VECTOR('',#3235,1.);
#3235 = DIRECTION('',(0.,-1.,0.));
#3236 = FACE_BOUND('',#3237,.F.);
#3237 = EDGE_LOOP('',(#3238));
#3238 = ORIENTED_EDGE('',*,*,#3239,.T.);
#3239 = EDGE_CURVE('',#3240,#3240,#3242,.T.);
#3240 = VERTEX_POINT('',#3241);
#3241 = CARTESIAN_POINT('',(217.7,-64.77,1.6));
#3242 = CIRCLE('',#3243,1.7);
#3243 = AXIS2_PLACEMENT_3D('',#3244,#3245,#3246);
#3244 = CARTESIAN_POINT('',(216.,-64.77,1.6));
#3245 = DIRECTION('',(0.,0.,-1.));
#3246 = DIRECTION('',(1.,0.,0.));
#3247 = PLANE('',#3248);
#3248 = AXIS2_PLACEMENT_3D('',#3249,#3250,#3251);
#3249 = CARTESIAN_POINT('',(136.6889445362,-103.0711984509,1.6));
#3250 = DIRECTION('',(0.,0.,1.));
#3251 = DIRECTION('',(1.,0.,0.));
#3252 = ADVANCED_FACE('',(#3253),#3264,.F.);
#3253 = FACE_BOUND('',#3254,.F.);
#3254 = EDGE_LOOP('',(#3255,#3256,#3257,#3258));
#3255 = ORIENTED_EDGE('',*,*,#98,.F.);
#3256 = ORIENTED_EDGE('',*,*,#31,.T.);
#3257 = ORIENTED_EDGE('',*,*,#3116,.F.);
#3258 = ORIENTED_EDGE('',*,*,#3259,.F.);
#3259 = EDGE_CURVE('',#99,#3109,#3260,.T.);
#3260 = LINE('',#3261,#3262);
#3261 = CARTESIAN_POINT('',(222.,-57.91858428704,-11.5));
#3262 = VECTOR('',#3263,1.);
#3263 = DIRECTION('',(0.,-0.258819045103,0.965925826289));
#3264 = SURFACE_OF_LINEAR_EXTRUSION('',#3265,#3270);
#3265 = CIRCLE('',#3266,2.);
#3266 = AXIS2_PLACEMENT_3D('',#3267,#3268,#3269);
#3267 = CARTESIAN_POINT('',(220.,-57.91858428704,-11.5));
#3268 = DIRECTION('',(0.,0.,-1.));
#3269 = DIRECTION('',(-1.,0.,0.));
#3270 = VECTOR('',#3271,1.);
#3271 = DIRECTION('',(0.,0.258819045103,-0.965925826289));
#3272 = ADVANCED_FACE('',(#3273,#3314,#3350,#3420),#3490,.T.);
#3273 = FACE_BOUND('',#3274,.T.);
#3274 = EDGE_LOOP('',(#3275,#3276,#3282,#3283,#3291,#3299,#3305,#3306,
    #3312,#3313));
#3275 = ORIENTED_EDGE('',*,*,#107,.F.);
#3276 = ORIENTED_EDGE('',*,*,#3277,.T.);
#3277 = EDGE_CURVE('',#108,#1914,#3278,.T.);
#3278 = LINE('',#3279,#3280);
#3279 = CARTESIAN_POINT('',(222.,-143.918584287,-11.5));
#3280 = VECTOR('',#3281,1.);
#3281 = DIRECTION('',(0.,-0.258819045103,0.965925826289));
#3282 = ORIENTED_EDGE('',*,*,#1922,.T.);
#3283 = ORIENTED_EDGE('',*,*,#3284,.F.);
#3284 = EDGE_CURVE('',#3285,#1923,#3287,.T.);
#3285 = VERTEX_POINT('',#3286);
#3286 = CARTESIAN_POINT('',(222.,-147.,1.6));
#3287 = LINE('',#3288,#3289);
#3288 = CARTESIAN_POINT('',(222.,-147.,1.6));
#3289 = VECTOR('',#3290,1.);
#3290 = DIRECTION('',(0.,-0.258819045103,0.965925826289));
#3291 = ORIENTED_EDGE('',*,*,#3292,.T.);
#3292 = EDGE_CURVE('',#3285,#3293,#3295,.T.);
#3293 = VERTEX_POINT('',#3294);
#3294 = CARTESIAN_POINT('',(222.,-137.,1.6));
#3295 = LINE('',#3296,#3297);
#3296 = CARTESIAN_POINT('',(222.,-147.,1.6));
#3297 = VECTOR('',#3298,1.);
#3298 = DIRECTION('',(0.,1.,0.));
#3299 = ORIENTED_EDGE('',*,*,#3300,.T.);
#3300 = EDGE_CURVE('',#3293,#2300,#3301,.T.);
#3301 = LINE('',#3302,#3303);
#3302 = CARTESIAN_POINT('',(222.,-137.,1.6));
#3303 = VECTOR('',#3304,1.);
#3304 = DIRECTION('',(0.,-0.258819045103,0.965925826289));
#3305 = ORIENTED_EDGE('',*,*,#2414,.T.);
#3306 = ORIENTED_EDGE('',*,*,#3307,.F.);
#3307 = EDGE_CURVE('',#3100,#2415,#3308,.T.);
#3308 = LINE('',#3309,#3310);
#3309 = CARTESIAN_POINT('',(222.,-68.54,1.6));
#3310 = VECTOR('',#3311,1.);
#3311 = DIRECTION('',(0.,-0.258819045103,0.965925826289));
#3312 = ORIENTED_EDGE('',*,*,#3108,.T.);
#3313 = ORIENTED_EDGE('',*,*,#3259,.F.);
#3314 = FACE_BOUND('',#3315,.T.);
#3315 = EDGE_LOOP('',(#3316,#3326,#3335,#3343));
#3316 = ORIENTED_EDGE('',*,*,#3317,.F.);
#3317 = EDGE_CURVE('',#3318,#3320,#3322,.T.);
#3318 = VERTEX_POINT('',#3319);
#3319 = CARTESIAN_POINT('',(222.,-121.86,1.67));
#3320 = VERTEX_POINT('',#3321);
#3321 = CARTESIAN_POINT('',(222.,-116.08,1.67));
#3322 = LINE('',#3323,#3324);
#3323 = CARTESIAN_POINT('',(222.,-132.8892921435,1.67));
#3324 = VECTOR('',#3325,1.);
#3325 = DIRECTION('',(0.,1.,2.2E-16));
#3326 = ORIENTED_EDGE('',*,*,#3327,.T.);
#3327 = EDGE_CURVE('',#3318,#3328,#3330,.T.);
#3328 = VERTEX_POINT('',#3329);
#3329 = CARTESIAN_POINT('',(222.,-121.86,-6.33));
#3330 = CIRCLE('',#3331,4.);
#3331 = AXIS2_PLACEMENT_3D('',#3332,#3333,#3334);
#3332 = CARTESIAN_POINT('',(222.,-121.86,-2.33));
#3333 = DIRECTION('',(1.,4.4E-16,-2.2E-16));
#3334 = DIRECTION('',(-4.4E-16,1.,2.2E-16));
#3335 = ORIENTED_EDGE('',*,*,#3336,.T.);
#3336 = EDGE_CURVE('',#3328,#3337,#3339,.T.);
#3337 = VERTEX_POINT('',#3338);
#3338 = CARTESIAN_POINT('',(222.,-116.08,-6.33));
#3339 = LINE('',#3340,#3341);
#3340 = CARTESIAN_POINT('',(222.,-132.8892921435,-6.33));
#3341 = VECTOR('',#3342,1.);
#3342 = DIRECTION('',(0.,1.,2.2E-16));
#3343 = ORIENTED_EDGE('',*,*,#3344,.T.);
#3344 = EDGE_CURVE('',#3337,#3320,#3345,.T.);
#3345 = CIRCLE('',#3346,4.);
#3346 = AXIS2_PLACEMENT_3D('',#3347,#3348,#3349);
#3347 = CARTESIAN_POINT('',(222.,-116.08,-2.33));
#3348 = DIRECTION('',(1.,4.4E-16,-2.2E-16));
#3349 = DIRECTION('',(-4.4E-16,1.,2.2E-16));
#3350 = FACE_BOUND('',#3351,.T.);
#3351 = EDGE_LOOP('',(#3352,#3363,#3371,#3380,#3388,#3397,#3405,#3414));
#3352 = ORIENTED_EDGE('',*,*,#3353,.T.);
#3353 = EDGE_CURVE('',#3354,#3356,#3358,.T.);
#3354 = VERTEX_POINT('',#3355);
#3355 = CARTESIAN_POINT('',(222.,-90.31,-5.000000000002E-02));
#3356 = VERTEX_POINT('',#3357);
#3357 = CARTESIAN_POINT('',(222.,-91.81,1.45));
#3358 = CIRCLE('',#3359,1.5);
#3359 = AXIS2_PLACEMENT_3D('',#3360,#3361,#3362);
#3360 = CARTESIAN_POINT('',(222.,-91.81,-5.000000000002E-02));
#3361 = DIRECTION('',(1.,4.4E-16,-2.2E-16));
#3362 = DIRECTION('',(4.4E-16,-1.,-2.2E-16));
#3363 = ORIENTED_EDGE('',*,*,#3364,.T.);
#3364 = EDGE_CURVE('',#3356,#3365,#3367,.T.);
#3365 = VERTEX_POINT('',#3366);
#3366 = CARTESIAN_POINT('',(222.,-106.31,1.45));
#3367 = LINE('',#3368,#3369);
#3368 = CARTESIAN_POINT('',(222.,-117.8642921435,1.45));
#3369 = VECTOR('',#3370,1.);
#3370 = DIRECTION('',(-0.,-1.,-2.2E-16));
#3371 = ORIENTED_EDGE('',*,*,#3372,.T.);
#3372 = EDGE_CURVE('',#3365,#3373,#3375,.T.);
#3373 = VERTEX_POINT('',#3374);
#3374 = CARTESIAN_POINT('',(222.,-107.81,-5.000000000002E-02));
#3375 = CIRCLE('',#3376,1.5);
#3376 = AXIS2_PLACEMENT_3D('',#3377,#3378,#3379);
#3377 = CARTESIAN_POINT('',(222.,-106.31,-5.000000000002E-02));
#3378 = DIRECTION('',(1.,4.4E-16,-2.2E-16));
#3379 = DIRECTION('',(-2.2E-16,1.1E-16,-1.));
#3380 = ORIENTED_EDGE('',*,*,#3381,.T.);
#3381 = EDGE_CURVE('',#3373,#3382,#3384,.T.);
#3382 = VERTEX_POINT('',#3383);
#3383 = CARTESIAN_POINT('',(222.,-107.81,-7.74));
#3384 = LINE('',#3385,#3386);
#3385 = CARTESIAN_POINT('',(222.,-107.81,-5.775));
#3386 = VECTOR('',#3387,1.);
#3387 = DIRECTION('',(0.,2.2E-16,-1.));
#3388 = ORIENTED_EDGE('',*,*,#3389,.T.);
#3389 = EDGE_CURVE('',#3382,#3390,#3392,.T.);
#3390 = VERTEX_POINT('',#3391);
#3391 = CARTESIAN_POINT('',(222.,-106.31,-9.24));
#3392 = CIRCLE('',#3393,1.5);
#3393 = AXIS2_PLACEMENT_3D('',#3394,#3395,#3396);
#3394 = CARTESIAN_POINT('',(222.,-106.31,-7.74));
#3395 = DIRECTION('',(1.,4.4E-16,-2.2E-16));
#3396 = DIRECTION('',(-4.4E-16,1.,1.E-16));
#3397 = ORIENTED_EDGE('',*,*,#3398,.T.);
#3398 = EDGE_CURVE('',#3390,#3399,#3401,.T.);
#3399 = VERTEX_POINT('',#3400);
#3400 = CARTESIAN_POINT('',(222.,-91.81,-9.24));
#3401 = LINE('',#3402,#3403);
#3402 = CARTESIAN_POINT('',(222.,-125.1142921435,-9.24));
#3403 = VECTOR('',#3404,1.);
#3404 = DIRECTION('',(0.,1.,2.2E-16));
#3405 = ORIENTED_EDGE('',*,*,#3406,.T.);
#3406 = EDGE_CURVE('',#3399,#3407,#3409,.T.);
#3407 = VERTEX_POINT('',#3408);
#3408 = CARTESIAN_POINT('',(222.,-90.31,-7.74));
#3409 = CIRCLE('',#3410,1.5);
#3410 = AXIS2_PLACEMENT_3D('',#3411,#3412,#3413);
#3411 = CARTESIAN_POINT('',(222.,-91.81,-7.74));
#3412 = DIRECTION('',(1.,4.4E-16,-2.2E-16));
#3413 = DIRECTION('',(2.2E-16,-3.3E-16,1.));
#3414 = ORIENTED_EDGE('',*,*,#3415,.T.);
#3415 = EDGE_CURVE('',#3407,#3354,#3416,.T.);
#3416 = LINE('',#3417,#3418);
#3417 = CARTESIAN_POINT('',(222.,-90.31,-9.62));
#3418 = VECTOR('',#3419,1.);
#3419 = DIRECTION('',(0.,-2.2E-16,1.));
#3420 = FACE_BOUND('',#3421,.T.);
#3421 = EDGE_LOOP('',(#3422,#3433,#3441,#3450,#3458,#3467,#3475,#3484));
#3422 = ORIENTED_EDGE('',*,*,#3423,.T.);
#3423 = EDGE_CURVE('',#3424,#3426,#3428,.T.);
#3424 = VERTEX_POINT('',#3425);
#3425 = CARTESIAN_POINT('',(222.,-71.514,-4.999999999935E-02));
#3426 = VERTEX_POINT('',#3427);
#3427 = CARTESIAN_POINT('',(222.,-73.014,1.449999999999));
#3428 = CIRCLE('',#3429,1.499999999999);
#3429 = AXIS2_PLACEMENT_3D('',#3430,#3431,#3432);
#3430 = CARTESIAN_POINT('',(222.,-73.014,-5.000000000002E-02));
#3431 = DIRECTION('',(1.,4.4E-16,-2.2E-16));
#3432 = DIRECTION('',(4.4E-16,-1.,-2.2E-16));
#3433 = ORIENTED_EDGE('',*,*,#3434,.T.);
#3434 = EDGE_CURVE('',#3426,#3435,#3437,.T.);
#3435 = VERTEX_POINT('',#3436);
#3436 = CARTESIAN_POINT('',(222.,-87.514,1.449999999999));
#3437 = LINE('',#3438,#3439);
#3438 = CARTESIAN_POINT('',(222.,-108.4662921435,1.449999999999));
#3439 = VECTOR('',#3440,1.);
#3440 = DIRECTION('',(-0.,-1.,-2.2E-16));
#3441 = ORIENTED_EDGE('',*,*,#3442,.T.);
#3442 = EDGE_CURVE('',#3435,#3443,#3445,.T.);
#3443 = VERTEX_POINT('',#3444);
#3444 = CARTESIAN_POINT('',(222.,-89.01399999999,-4.999999999934E-02));
#3445 = CIRCLE('',#3446,1.499999999999);
#3446 = AXIS2_PLACEMENT_3D('',#3447,#3448,#3449);
#3447 = CARTESIAN_POINT('',(222.,-87.514,-5.000000000002E-02));
#3448 = DIRECTION('',(1.,4.4E-16,-2.2E-16));
#3449 = DIRECTION('',(-2.2E-16,1.1E-16,-1.));
#3450 = ORIENTED_EDGE('',*,*,#3451,.T.);
#3451 = EDGE_CURVE('',#3443,#3452,#3454,.T.);
#3452 = VERTEX_POINT('',#3453);
#3453 = CARTESIAN_POINT('',(222.,-89.01399999999,-7.74000000005));
#3454 = LINE('',#3455,#3456);
#3455 = CARTESIAN_POINT('',(222.,-89.01399999999,-5.774999999998));
#3456 = VECTOR('',#3457,1.);
#3457 = DIRECTION('',(0.,7.044E-14,-1.));
#3458 = ORIENTED_EDGE('',*,*,#3459,.T.);
#3459 = EDGE_CURVE('',#3452,#3460,#3462,.T.);
#3460 = VERTEX_POINT('',#3461);
#3461 = CARTESIAN_POINT('',(222.,-87.514,-9.239999999999));
#3462 = CIRCLE('',#3463,1.499999999999);
#3463 = AXIS2_PLACEMENT_3D('',#3464,#3465,#3466);
#3464 = CARTESIAN_POINT('',(222.,-87.514,-7.74));
#3465 = DIRECTION('',(1.,4.4E-16,-2.2E-16));
#3466 = DIRECTION('',(-4.4E-16,1.,1.E-16));
#3467 = ORIENTED_EDGE('',*,*,#3468,.T.);
#3468 = EDGE_CURVE('',#3460,#3469,#3471,.T.);
#3469 = VERTEX_POINT('',#3470);
#3470 = CARTESIAN_POINT('',(222.,-73.014,-9.239999999999));
#3471 = LINE('',#3472,#3473);
#3472 = CARTESIAN_POINT('',(222.,-115.7162921435,-9.239999999999));
#3473 = VECTOR('',#3474,1.);
#3474 = DIRECTION('',(0.,1.,7.1E-16));
#3475 = ORIENTED_EDGE('',*,*,#3476,.T.);
#3476 = EDGE_CURVE('',#3469,#3477,#3479,.T.);
#3477 = VERTEX_POINT('',#3478);
#3478 = CARTESIAN_POINT('',(222.,-71.514,-7.740000000038));
#3479 = CIRCLE('',#3480,1.499999999999);
#3480 = AXIS2_PLACEMENT_3D('',#3481,#3482,#3483);
#3481 = CARTESIAN_POINT('',(222.,-73.014,-7.74));
#3482 = DIRECTION('',(1.,4.4E-16,-2.2E-16));
#3483 = DIRECTION('',(2.2E-16,-3.3E-16,1.));
#3484 = ORIENTED_EDGE('',*,*,#3485,.T.);
#3485 = EDGE_CURVE('',#3477,#3424,#3486,.T.);
#3486 = LINE('',#3487,#3488);
#3487 = CARTESIAN_POINT('',(222.,-71.514,-9.62000000002));
#3488 = VECTOR('',#3489,1.);
#3489 = DIRECTION('',(0.,2.75E-14,1.));
#3490 = PLANE('',#3491);
#3491 = AXIS2_PLACEMENT_3D('',#3492,#3493,#3494);
#3492 = CARTESIAN_POINT('',(222.,-143.918584287,-11.5));
#3493 = DIRECTION('',(-1.,0.,0.));
#3494 = DIRECTION('',(0.,1.,0.));
#3495 = ADVANCED_FACE('',(#3496),#3507,.F.);
#3496 = FACE_BOUND('',#3497,.F.);
#3497 = EDGE_LOOP('',(#3498,#3499,#3500,#3506));
#3498 = ORIENTED_EDGE('',*,*,#3277,.T.);
#3499 = ORIENTED_EDGE('',*,*,#1913,.T.);
#3500 = ORIENTED_EDGE('',*,*,#3501,.F.);
#3501 = EDGE_CURVE('',#116,#1906,#3502,.T.);
#3502 = LINE('',#3503,#3504);
#3503 = CARTESIAN_POINT('',(220.,-145.918584287,-11.5));
#3504 = VECTOR('',#3505,1.);
#3505 = DIRECTION('',(0.,-0.258819045103,0.965925826289));
#3506 = ORIENTED_EDGE('',*,*,#115,.F.);
#3507 = SURFACE_OF_LINEAR_EXTRUSION('',#3508,#3513);
#3508 = CIRCLE('',#3509,2.);
#3509 = AXIS2_PLACEMENT_3D('',#3510,#3511,#3512);
#3510 = CARTESIAN_POINT('',(220.,-143.918584287,-11.5));
#3511 = DIRECTION('',(0.,0.,-1.));
#3512 = DIRECTION('',(-1.1E-16,1.,0.));
#3513 = VECTOR('',#3514,1.);
#3514 = DIRECTION('',(0.,0.258819045103,-0.965925826289));
#3515 = ADVANCED_FACE('',(#3516),#3527,.T.);
#3516 = FACE_BOUND('',#3517,.T.);
#3517 = EDGE_LOOP('',(#3518,#3524,#3525,#3526));
#3518 = ORIENTED_EDGE('',*,*,#3519,.T.);
#3519 = EDGE_CURVE('',#125,#1897,#3520,.T.);
#3520 = LINE('',#3521,#3522);
#3521 = CARTESIAN_POINT('',(55.,-145.918584287,-11.5));
#3522 = VECTOR('',#3523,1.);
#3523 = DIRECTION('',(0.,-0.258819045103,0.965925826289));
#3524 = ORIENTED_EDGE('',*,*,#1905,.T.);
#3525 = ORIENTED_EDGE('',*,*,#3501,.F.);
#3526 = ORIENTED_EDGE('',*,*,#124,.F.);
#3527 = PLANE('',#3528);
#3528 = AXIS2_PLACEMENT_3D('',#3529,#3530,#3531);
#3529 = CARTESIAN_POINT('',(55.,-145.918584287,-11.5));
#3530 = DIRECTION('',(0.,0.965925826289,0.258819045103));
#3531 = DIRECTION('',(1.,0.,0.));
#3532 = ADVANCED_FACE('',(#3533),#3544,.F.);
#3533 = FACE_BOUND('',#3534,.F.);
#3534 = EDGE_LOOP('',(#3535,#3536,#3537,#3543));
#3535 = ORIENTED_EDGE('',*,*,#3519,.T.);
#3536 = ORIENTED_EDGE('',*,*,#1896,.T.);
#3537 = ORIENTED_EDGE('',*,*,#3538,.F.);
#3538 = EDGE_CURVE('',#133,#1889,#3539,.T.);
#3539 = LINE('',#3540,#3541);
#3540 = CARTESIAN_POINT('',(53.,-143.918584287,-11.5));
#3541 = VECTOR('',#3542,1.);
#3542 = DIRECTION('',(0.,-0.258819045103,0.965925826289));
#3543 = ORIENTED_EDGE('',*,*,#132,.F.);
#3544 = SURFACE_OF_LINEAR_EXTRUSION('',#3545,#3550);
#3545 = CIRCLE('',#3546,2.);
#3546 = AXIS2_PLACEMENT_3D('',#3547,#3548,#3549);
#3547 = CARTESIAN_POINT('',(55.,-143.918584287,-11.5));
#3548 = DIRECTION('',(0.,-0.,-1.));
#3549 = DIRECTION('',(1.,-1.2E-16,0.));
#3550 = VECTOR('',#3551,1.);
#3551 = DIRECTION('',(0.,0.258819045103,-0.965925826289));
#3552 = ADVANCED_FACE('',(#3553),#3589,.T.);
#3553 = FACE_BOUND('',#3554,.T.);
#3554 = EDGE_LOOP('',(#3555,#3556,#3557,#3558,#3564,#3565,#3573,#3581,
    #3587,#3588));
#3555 = ORIENTED_EDGE('',*,*,#141,.F.);
#3556 = ORIENTED_EDGE('',*,*,#727,.T.);
#3557 = ORIENTED_EDGE('',*,*,#902,.T.);
#3558 = ORIENTED_EDGE('',*,*,#3559,.T.);
#3559 = EDGE_CURVE('',#858,#1279,#3560,.T.);
#3560 = LINE('',#3561,#3562);
#3561 = CARTESIAN_POINT('',(53.,-69.,1.6));
#3562 = VECTOR('',#3563,1.);
#3563 = DIRECTION('',(0.,-0.258819045103,0.965925826289));
#3564 = ORIENTED_EDGE('',*,*,#1399,.T.);
#3565 = ORIENTED_EDGE('',*,*,#3566,.F.);
#3566 = EDGE_CURVE('',#3567,#1400,#3569,.T.);
#3567 = VERTEX_POINT('',#3568);
#3568 = CARTESIAN_POINT('',(53.000000000042,-137.,1.6));
#3569 = LINE('',#3570,#3571);
#3570 = CARTESIAN_POINT('',(53.000000000042,-137.,1.6));
#3571 = VECTOR('',#3572,1.);
#3572 = DIRECTION('',(0.,-0.258819045103,0.965925826289));
#3573 = ORIENTED_EDGE('',*,*,#3574,.T.);
#3574 = EDGE_CURVE('',#3567,#3575,#3577,.T.);
#3575 = VERTEX_POINT('',#3576);
#3576 = CARTESIAN_POINT('',(53.000000000008,-146.9999999999,1.6));
#3577 = LINE('',#3578,#3579);
#3578 = CARTESIAN_POINT('',(53.000000000042,-137.,1.6));
#3579 = VECTOR('',#3580,1.);
#3580 = DIRECTION('',(-3.36442E-12,-1.,0.));
#3581 = ORIENTED_EDGE('',*,*,#3582,.T.);
#3582 = EDGE_CURVE('',#3575,#1777,#3583,.T.);
#3583 = LINE('',#3584,#3585);
#3584 = CARTESIAN_POINT('',(53.000000000008,-146.9999999999,1.6));
#3585 = VECTOR('',#3586,1.);
#3586 = DIRECTION('',(0.,-0.258819045103,0.965925826289));
#3587 = ORIENTED_EDGE('',*,*,#1888,.T.);
#3588 = ORIENTED_EDGE('',*,*,#3538,.F.);
#3589 = PLANE('',#3590);
#3590 = AXIS2_PLACEMENT_3D('',#3591,#3592,#3593);
#3591 = CARTESIAN_POINT('',(53.,-57.91858428704,-11.5));
#3592 = DIRECTION('',(1.,0.,0.));
#3593 = DIRECTION('',(0.,-1.,0.));
#3594 = ADVANCED_FACE('',(#3595,#3620,#3656,#3726),#3796,.F.);
#3595 = FACE_BOUND('',#3596,.F.);
#3596 = EDGE_LOOP('',(#3597,#3605,#3606,#3614));
#3597 = ORIENTED_EDGE('',*,*,#3598,.F.);
#3598 = EDGE_CURVE('',#161,#3599,#3601,.T.);
#3599 = VERTEX_POINT('',#3600);
#3600 = CARTESIAN_POINT('',(224.,-64.08141571295,11.5));
#3601 = LINE('',#3602,#3603);
#3602 = CARTESIAN_POINT('',(224.,-57.91858428704,-11.5));
#3603 = VECTOR('',#3604,1.);
#3604 = DIRECTION('',(0.,-0.258819045103,0.965925826289));
#3605 = ORIENTED_EDGE('',*,*,#158,.F.);
#3606 = ORIENTED_EDGE('',*,*,#3607,.T.);
#3607 = EDGE_CURVE('',#159,#3608,#3610,.T.);
#3608 = VERTEX_POINT('',#3609);
#3609 = CARTESIAN_POINT('',(224.,-150.0814157129,11.5));
#3610 = LINE('',#3611,#3612);
#3611 = CARTESIAN_POINT('',(224.,-143.918584287,-11.5));
#3612 = VECTOR('',#3613,1.);
#3613 = DIRECTION('',(0.,-0.258819045103,0.965925826289));
#3614 = ORIENTED_EDGE('',*,*,#3615,.T.);
#3615 = EDGE_CURVE('',#3608,#3599,#3616,.T.);
#3616 = LINE('',#3617,#3618);
#3617 = CARTESIAN_POINT('',(224.,-150.0814157129,11.5));
#3618 = VECTOR('',#3619,1.);
#3619 = DIRECTION('',(0.,1.,0.));
#3620 = FACE_BOUND('',#3621,.F.);
#3621 = EDGE_LOOP('',(#3622,#3632,#3641,#3649));
#3622 = ORIENTED_EDGE('',*,*,#3623,.F.);
#3623 = EDGE_CURVE('',#3624,#3626,#3628,.T.);
#3624 = VERTEX_POINT('',#3625);
#3625 = CARTESIAN_POINT('',(224.,-121.86,1.67));
#3626 = VERTEX_POINT('',#3627);
#3627 = CARTESIAN_POINT('',(224.,-116.08,1.67));
#3628 = LINE('',#3629,#3630);
#3629 = CARTESIAN_POINT('',(224.,-121.86,1.67));
#3630 = VECTOR('',#3631,1.);
#3631 = DIRECTION('',(0.,1.,0.));
#3632 = ORIENTED_EDGE('',*,*,#3633,.T.);
#3633 = EDGE_CURVE('',#3624,#3634,#3636,.T.);
#3634 = VERTEX_POINT('',#3635);
#3635 = CARTESIAN_POINT('',(224.,-121.86,-6.33));
#3636 = CIRCLE('',#3637,4.);
#3637 = AXIS2_PLACEMENT_3D('',#3638,#3639,#3640);
#3638 = CARTESIAN_POINT('',(224.,-121.86,-2.33));
#3639 = DIRECTION('',(1.,0.,0.));
#3640 = DIRECTION('',(0.,1.,0.));
#3641 = ORIENTED_EDGE('',*,*,#3642,.T.);
#3642 = EDGE_CURVE('',#3634,#3643,#3645,.T.);
#3643 = VERTEX_POINT('',#3644);
#3644 = CARTESIAN_POINT('',(224.,-116.08,-6.33));
#3645 = LINE('',#3646,#3647);
#3646 = CARTESIAN_POINT('',(224.,-121.86,-6.33));
#3647 = VECTOR('',#3648,1.);
#3648 = DIRECTION('',(0.,1.,0.));
#3649 = ORIENTED_EDGE('',*,*,#3650,.T.);
#3650 = EDGE_CURVE('',#3643,#3626,#3651,.T.);
#3651 = CIRCLE('',#3652,4.);
#3652 = AXIS2_PLACEMENT_3D('',#3653,#3654,#3655);
#3653 = CARTESIAN_POINT('',(224.,-116.08,-2.33));
#3654 = DIRECTION('',(1.,0.,0.));
#3655 = DIRECTION('',(0.,1.,0.));
#3656 = FACE_BOUND('',#3657,.F.);
#3657 = EDGE_LOOP('',(#3658,#3669,#3677,#3686,#3694,#3703,#3711,#3720));
#3658 = ORIENTED_EDGE('',*,*,#3659,.F.);
#3659 = EDGE_CURVE('',#3660,#3662,#3664,.T.);
#3660 = VERTEX_POINT('',#3661);
#3661 = CARTESIAN_POINT('',(224.,-91.81,1.45));
#3662 = VERTEX_POINT('',#3663);
#3663 = CARTESIAN_POINT('',(224.,-90.31,-5.000000000002E-02));
#3664 = CIRCLE('',#3665,1.5);
#3665 = AXIS2_PLACEMENT_3D('',#3666,#3667,#3668);
#3666 = CARTESIAN_POINT('',(224.,-91.81,-5.E-02));
#3667 = DIRECTION('',(-1.,0.,0.));
#3668 = DIRECTION('',(0.,-1.,0.));
#3669 = ORIENTED_EDGE('',*,*,#3670,.T.);
#3670 = EDGE_CURVE('',#3660,#3671,#3673,.T.);
#3671 = VERTEX_POINT('',#3672);
#3672 = CARTESIAN_POINT('',(224.,-106.31,1.45));
#3673 = LINE('',#3674,#3675);
#3674 = CARTESIAN_POINT('',(224.,-91.81,1.45));
#3675 = VECTOR('',#3676,1.);
#3676 = DIRECTION('',(0.,-1.,0.));
#3677 = ORIENTED_EDGE('',*,*,#3678,.F.);
#3678 = EDGE_CURVE('',#3679,#3671,#3681,.T.);
#3679 = VERTEX_POINT('',#3680);
#3680 = CARTESIAN_POINT('',(224.,-107.81,-5.000000000002E-02));
#3681 = CIRCLE('',#3682,1.5);
#3682 = AXIS2_PLACEMENT_3D('',#3683,#3684,#3685);
#3683 = CARTESIAN_POINT('',(224.,-106.31,-5.E-02));
#3684 = DIRECTION('',(-1.,0.,0.));
#3685 = DIRECTION('',(-0.,-1.1E-16,-1.));
#3686 = ORIENTED_EDGE('',*,*,#3687,.T.);
#3687 = EDGE_CURVE('',#3679,#3688,#3690,.T.);
#3688 = VERTEX_POINT('',#3689);
#3689 = CARTESIAN_POINT('',(224.,-107.81,-7.74));
#3690 = LINE('',#3691,#3692);
#3691 = CARTESIAN_POINT('',(224.,-107.81,-5.E-02));
#3692 = VECTOR('',#3693,1.);
#3693 = DIRECTION('',(0.,0.,-1.));
#3694 = ORIENTED_EDGE('',*,*,#3695,.F.);
#3695 = EDGE_CURVE('',#3696,#3688,#3698,.T.);
#3696 = VERTEX_POINT('',#3697);
#3697 = CARTESIAN_POINT('',(224.,-106.31,-9.24));
#3698 = CIRCLE('',#3699,1.5);
#3699 = AXIS2_PLACEMENT_3D('',#3700,#3701,#3702);
#3700 = CARTESIAN_POINT('',(224.,-106.31,-7.74));
#3701 = DIRECTION('',(-1.,0.,0.));
#3702 = DIRECTION('',(0.,1.,-1.2E-16));
#3703 = ORIENTED_EDGE('',*,*,#3704,.T.);
#3704 = EDGE_CURVE('',#3696,#3705,#3707,.T.);
#3705 = VERTEX_POINT('',#3706);
#3706 = CARTESIAN_POINT('',(224.,-91.81,-9.24));
#3707 = LINE('',#3708,#3709);
#3708 = CARTESIAN_POINT('',(224.,-106.31,-9.24));
#3709 = VECTOR('',#3710,1.);
#3710 = DIRECTION('',(0.,1.,0.));
#3711 = ORIENTED_EDGE('',*,*,#3712,.F.);
#3712 = EDGE_CURVE('',#3713,#3705,#3715,.T.);
#3713 = VERTEX_POINT('',#3714);
#3714 = CARTESIAN_POINT('',(224.,-90.31,-7.74));
#3715 = CIRCLE('',#3716,1.5);
#3716 = AXIS2_PLACEMENT_3D('',#3717,#3718,#3719);
#3717 = CARTESIAN_POINT('',(224.,-91.81,-7.74));
#3718 = DIRECTION('',(-1.,0.,0.));
#3719 = DIRECTION('',(0.,-1.1E-16,1.));
#3720 = ORIENTED_EDGE('',*,*,#3721,.T.);
#3721 = EDGE_CURVE('',#3713,#3662,#3722,.T.);
#3722 = LINE('',#3723,#3724);
#3723 = CARTESIAN_POINT('',(224.,-90.31,-7.74));
#3724 = VECTOR('',#3725,1.);
#3725 = DIRECTION('',(0.,0.,1.));
#3726 = FACE_BOUND('',#3727,.F.);
#3727 = EDGE_LOOP('',(#3728,#3739,#3747,#3756,#3764,#3773,#3781,#3790));
#3728 = ORIENTED_EDGE('',*,*,#3729,.F.);
#3729 = EDGE_CURVE('',#3730,#3732,#3734,.T.);
#3730 = VERTEX_POINT('',#3731);
#3731 = CARTESIAN_POINT('',(224.,-73.014,1.449999999999));
#3732 = VERTEX_POINT('',#3733);
#3733 = CARTESIAN_POINT('',(224.,-71.514,-4.999999999935E-02));
#3734 = CIRCLE('',#3735,1.499999999999);
#3735 = AXIS2_PLACEMENT_3D('',#3736,#3737,#3738);
#3736 = CARTESIAN_POINT('',(224.,-73.014,-5.E-02));
#3737 = DIRECTION('',(-1.,0.,0.));
#3738 = DIRECTION('',(0.,-1.,0.));
#3739 = ORIENTED_EDGE('',*,*,#3740,.T.);
#3740 = EDGE_CURVE('',#3730,#3741,#3743,.T.);
#3741 = VERTEX_POINT('',#3742);
#3742 = CARTESIAN_POINT('',(224.,-87.514,1.449999999999));
#3743 = LINE('',#3744,#3745);
#3744 = CARTESIAN_POINT('',(224.,-73.014,1.449999999999));
#3745 = VECTOR('',#3746,1.);
#3746 = DIRECTION('',(0.,-1.,0.));
#3747 = ORIENTED_EDGE('',*,*,#3748,.F.);
#3748 = EDGE_CURVE('',#3749,#3741,#3751,.T.);
#3749 = VERTEX_POINT('',#3750);
#3750 = CARTESIAN_POINT('',(224.,-89.01399999999,-4.999999999934E-02));
#3751 = CIRCLE('',#3752,1.499999999999);
#3752 = AXIS2_PLACEMENT_3D('',#3753,#3754,#3755);
#3753 = CARTESIAN_POINT('',(224.,-87.514,-5.E-02));
#3754 = DIRECTION('',(-1.,0.,0.));
#3755 = DIRECTION('',(-0.,-1.1E-16,-1.));
#3756 = ORIENTED_EDGE('',*,*,#3757,.T.);
#3757 = EDGE_CURVE('',#3749,#3758,#3760,.T.);
#3758 = VERTEX_POINT('',#3759);
#3759 = CARTESIAN_POINT('',(224.,-89.01399999999,-7.74000000005));
#3760 = LINE('',#3761,#3762);
#3761 = CARTESIAN_POINT('',(224.,-89.01399999999,-4.999999999933E-02));
#3762 = VECTOR('',#3763,1.);
#3763 = DIRECTION('',(0.,7.022E-14,-1.));
#3764 = ORIENTED_EDGE('',*,*,#3765,.F.);
#3765 = EDGE_CURVE('',#3766,#3758,#3768,.T.);
#3766 = VERTEX_POINT('',#3767);
#3767 = CARTESIAN_POINT('',(224.,-87.514,-9.239999999999));
#3768 = CIRCLE('',#3769,1.499999999999);
#3769 = AXIS2_PLACEMENT_3D('',#3770,#3771,#3772);
#3770 = CARTESIAN_POINT('',(224.,-87.514,-7.74));
#3771 = DIRECTION('',(-1.,0.,0.));
#3772 = DIRECTION('',(0.,1.,-1.2E-16));
#3773 = ORIENTED_EDGE('',*,*,#3774,.T.);
#3774 = EDGE_CURVE('',#3766,#3775,#3777,.T.);
#3775 = VERTEX_POINT('',#3776);
#3776 = CARTESIAN_POINT('',(224.,-73.014,-9.239999999999));
#3777 = LINE('',#3778,#3779);
#3778 = CARTESIAN_POINT('',(224.,-87.514,-9.239999999999));
#3779 = VECTOR('',#3780,1.);
#3780 = DIRECTION('',(0.,1.,4.9E-16));
#3781 = ORIENTED_EDGE('',*,*,#3782,.F.);
#3782 = EDGE_CURVE('',#3783,#3775,#3785,.T.);
#3783 = VERTEX_POINT('',#3784);
#3784 = CARTESIAN_POINT('',(224.,-71.514,-7.740000000038));
#3785 = CIRCLE('',#3786,1.499999999999);
#3786 = AXIS2_PLACEMENT_3D('',#3787,#3788,#3789);
#3787 = CARTESIAN_POINT('',(224.,-73.014,-7.74));
#3788 = DIRECTION('',(-1.,0.,0.));
#3789 = DIRECTION('',(0.,-1.1E-16,1.));
#3790 = ORIENTED_EDGE('',*,*,#3791,.T.);
#3791 = EDGE_CURVE('',#3783,#3732,#3792,.T.);
#3792 = LINE('',#3793,#3794);
#3793 = CARTESIAN_POINT('',(224.,-71.514,-7.740000000038));
#3794 = VECTOR('',#3795,1.);
#3795 = DIRECTION('',(0.,2.772E-14,1.));
#3796 = PLANE('',#3797);
#3797 = AXIS2_PLACEMENT_3D('',#3798,#3799,#3800);
#3798 = CARTESIAN_POINT('',(224.,-143.918584287,-11.5));
#3799 = DIRECTION('',(-1.,0.,0.));
#3800 = DIRECTION('',(0.,1.,0.));
#3801 = ADVANCED_FACE('',(#3802),#3825,.T.);
#3802 = FACE_BOUND('',#3803,.T.);
#3803 = EDGE_LOOP('',(#3804,#3805,#3813,#3824));
#3804 = ORIENTED_EDGE('',*,*,#168,.T.);
#3805 = ORIENTED_EDGE('',*,*,#3806,.T.);
#3806 = EDGE_CURVE('',#169,#3807,#3809,.T.);
#3807 = VERTEX_POINT('',#3808);
#3808 = CARTESIAN_POINT('',(220.,-60.14956406038,12.017638090205));
#3809 = LINE('',#3810,#3811);
#3810 = CARTESIAN_POINT('',(220.,-53.98673263446,-10.98236190979));
#3811 = VECTOR('',#3812,1.);
#3812 = DIRECTION('',(0.,-0.258819045103,0.965925826289));
#3813 = ORIENTED_EDGE('',*,*,#3814,.T.);
#3814 = EDGE_CURVE('',#3807,#3599,#3815,.T.);
#3815 = ( BOUNDED_CURVE() B_SPLINE_CURVE(7,(#3816,#3817,#3818,#3819,
    #3820,#3821,#3822,#3823),.UNSPECIFIED.,.F.,.F.) 
B_SPLINE_CURVE_WITH_KNOTS((8,8),(1.570796326795,3.14159265359),
.PIECEWISE_BEZIER_KNOTS.) CURVE() GEOMETRIC_REPRESENTATION_ITEM() 
RATIONAL_B_SPLINE_CURVE((1.,1.,1.,1.,1.,1.,1.,1.)) REPRESENTATION_ITEM(
  '') );
#3816 = CARTESIAN_POINT('',(220.,-60.14956406038,12.017638090205));
#3817 = CARTESIAN_POINT('',(220.88230544762,-60.14956406038,
    12.017638090205));
#3818 = CARTESIAN_POINT('',(221.76476463411,-60.37295958006,
    11.989262874528));
#3819 = CARTESIAN_POINT('',(222.58086556494,-60.81972845388,
    11.932513354694));
#3820 = CARTESIAN_POINT('',(223.26906668825,-61.46991940911,
    11.848870497571));
#3821 = CARTESIAN_POINT('',(223.75673049434,-62.2863072439,
    11.740487813636));
#3822 = CARTESIAN_POINT('',(224.,-63.18381781193,11.620255316354));
#3823 = CARTESIAN_POINT('',(224.,-64.08141571295,11.5));
#3824 = ORIENTED_EDGE('',*,*,#3598,.F.);
#3825 = OFFSET_SURFACE('',#3826,2.,.F.);
#3826 = RECTANGULAR_TRIMMED_SURFACE('',#3827,0.,6.28318530718,
  -47.62270429886,23.811352149432,.T.,.T.);
#3827 = SURFACE_OF_LINEAR_EXTRUSION('',#3828,#3833);
#3828 = CIRCLE('',#3829,2.);
#3829 = AXIS2_PLACEMENT_3D('',#3830,#3831,#3832);
#3830 = CARTESIAN_POINT('',(220.,-57.91858428704,-11.5));
#3831 = DIRECTION('',(0.,0.,-1.));
#3832 = DIRECTION('',(-1.,0.,0.));
#3833 = VECTOR('',#3834,1.);
#3834 = DIRECTION('',(0.,0.258819045103,-0.965925826289));
#3835 = ADVANCED_FACE('',(#3836),#3854,.F.);
#3836 = FACE_BOUND('',#3837,.F.);
#3837 = EDGE_LOOP('',(#3838,#3839,#3847,#3853));
#3838 = ORIENTED_EDGE('',*,*,#3806,.T.);
#3839 = ORIENTED_EDGE('',*,*,#3840,.T.);
#3840 = EDGE_CURVE('',#3807,#3841,#3843,.T.);
#3841 = VERTEX_POINT('',#3842);
#3842 = CARTESIAN_POINT('',(55.,-60.14956406038,12.017638090205));
#3843 = LINE('',#3844,#3845);
#3844 = CARTESIAN_POINT('',(220.,-60.14956406038,12.017638090205));
#3845 = VECTOR('',#3846,1.);
#3846 = DIRECTION('',(-1.,0.,0.));
#3847 = ORIENTED_EDGE('',*,*,#3848,.F.);
#3848 = EDGE_CURVE('',#301,#3841,#3849,.T.);
#3849 = LINE('',#3850,#3851);
#3850 = CARTESIAN_POINT('',(55.,-53.98673263446,-10.98236190979));
#3851 = VECTOR('',#3852,1.);
#3852 = DIRECTION('',(0.,-0.258819045103,0.965925826289));
#3853 = ORIENTED_EDGE('',*,*,#300,.F.);
#3854 = PLANE('',#3855);
#3855 = AXIS2_PLACEMENT_3D('',#3856,#3857,#3858);
#3856 = CARTESIAN_POINT('',(220.,-53.98673263446,-10.98236190979));
#3857 = DIRECTION('',(-0.,-0.965925826289,-0.258819045103));
#3858 = DIRECTION('',(-1.,0.,0.));
#3859 = ADVANCED_FACE('',(#3860),#3883,.T.);
#3860 = FACE_BOUND('',#3861,.T.);
#3861 = EDGE_LOOP('',(#3862,#3870,#3881,#3882));
#3862 = ORIENTED_EDGE('',*,*,#3863,.T.);
#3863 = EDGE_CURVE('',#309,#3864,#3866,.T.);
#3864 = VERTEX_POINT('',#3865);
#3865 = CARTESIAN_POINT('',(51.,-64.08141571295,11.5));
#3866 = LINE('',#3867,#3868);
#3867 = CARTESIAN_POINT('',(51.,-57.91858428704,-11.5));
#3868 = VECTOR('',#3869,1.);
#3869 = DIRECTION('',(0.,-0.258819045103,0.965925826289));
#3870 = ORIENTED_EDGE('',*,*,#3871,.T.);
#3871 = EDGE_CURVE('',#3864,#3841,#3872,.T.);
#3872 = ( BOUNDED_CURVE() B_SPLINE_CURVE(7,(#3873,#3874,#3875,#3876,
    #3877,#3878,#3879,#3880),.UNSPECIFIED.,.F.,.F.) 
B_SPLINE_CURVE_WITH_KNOTS((8,8),(1.570796326795,3.14159265359),
.PIECEWISE_BEZIER_KNOTS.) CURVE() GEOMETRIC_REPRESENTATION_ITEM() 
RATIONAL_B_SPLINE_CURVE((1.,1.,1.,1.,1.,1.,1.,1.)) REPRESENTATION_ITEM(
  '') );
#3873 = CARTESIAN_POINT('',(51.,-64.08141571295,11.5));
#3874 = CARTESIAN_POINT('',(51.,-63.18381781193,11.620255316354));
#3875 = CARTESIAN_POINT('',(51.243269505658,-62.2863072439,
    11.740487813636));
#3876 = CARTESIAN_POINT('',(51.730933311744,-61.46991940911,
    11.848870497571));
#3877 = CARTESIAN_POINT('',(52.41913443506,-60.81972845388,
    11.932513354694));
#3878 = CARTESIAN_POINT('',(53.235235365886,-60.37295958006,
    11.989262874528));
#3879 = CARTESIAN_POINT('',(54.117694552375,-60.14956406038,
    12.017638090205));
#3880 = CARTESIAN_POINT('',(55.,-60.14956406038,12.017638090205));
#3881 = ORIENTED_EDGE('',*,*,#3848,.F.);
#3882 = ORIENTED_EDGE('',*,*,#308,.T.);
#3883 = OFFSET_SURFACE('',#3884,2.,.F.);
#3884 = RECTANGULAR_TRIMMED_SURFACE('',#3885,0.,6.28318530718,
  -47.62270429886,23.811352149432,.T.,.T.);
#3885 = SURFACE_OF_LINEAR_EXTRUSION('',#3886,#3891);
#3886 = CIRCLE('',#3887,2.);
#3887 = AXIS2_PLACEMENT_3D('',#3888,#3889,#3890);
#3888 = CARTESIAN_POINT('',(55.,-57.91858428704,-11.5));
#3889 = DIRECTION('',(-0.,0.,-1.));
#3890 = DIRECTION('',(-1.1E-16,-1.,0.));
#3891 = VECTOR('',#3892,1.);
#3892 = DIRECTION('',(0.,0.258819045103,-0.965925826289));
#3893 = ADVANCED_FACE('',(#3894),#3912,.F.);
#3894 = FACE_BOUND('',#3895,.F.);
#3895 = EDGE_LOOP('',(#3896,#3904,#3905,#3906));
#3896 = ORIENTED_EDGE('',*,*,#3897,.F.);
#3897 = EDGE_CURVE('',#441,#3898,#3900,.T.);
#3898 = VERTEX_POINT('',#3899);
#3899 = CARTESIAN_POINT('',(51.,-150.0814157129,11.5));
#3900 = LINE('',#3901,#3902);
#3901 = CARTESIAN_POINT('',(51.,-143.918584287,-11.5));
#3902 = VECTOR('',#3903,1.);
#3903 = DIRECTION('',(0.,-0.258819045103,0.965925826289));
#3904 = ORIENTED_EDGE('',*,*,#440,.F.);
#3905 = ORIENTED_EDGE('',*,*,#3863,.T.);
#3906 = ORIENTED_EDGE('',*,*,#3907,.T.);
#3907 = EDGE_CURVE('',#3864,#3898,#3908,.T.);
#3908 = LINE('',#3909,#3910);
#3909 = CARTESIAN_POINT('',(51.,-64.08141571295,11.5));
#3910 = VECTOR('',#3911,1.);
#3911 = DIRECTION('',(0.,-1.,0.));
#3912 = PLANE('',#3913);
#3913 = AXIS2_PLACEMENT_3D('',#3914,#3915,#3916);
#3914 = CARTESIAN_POINT('',(51.,-57.91858428704,-11.5));
#3915 = DIRECTION('',(1.,0.,0.));
#3916 = DIRECTION('',(0.,-1.,0.));
#3917 = ADVANCED_FACE('',(#3918),#3941,.T.);
#3918 = FACE_BOUND('',#3919,.T.);
#3919 = EDGE_LOOP('',(#3920,#3928,#3939,#3940));
#3920 = ORIENTED_EDGE('',*,*,#3921,.T.);
#3921 = EDGE_CURVE('',#449,#3922,#3924,.T.);
#3922 = VERTEX_POINT('',#3923);
#3923 = CARTESIAN_POINT('',(55.,-154.0132673655,10.982361909795));
#3924 = LINE('',#3925,#3926);
#3925 = CARTESIAN_POINT('',(55.,-147.8504359396,-12.0176380902));
#3926 = VECTOR('',#3927,1.);
#3927 = DIRECTION('',(0.,-0.258819045103,0.965925826289));
#3928 = ORIENTED_EDGE('',*,*,#3929,.T.);
#3929 = EDGE_CURVE('',#3922,#3898,#3930,.T.);
#3930 = ( BOUNDED_CURVE() B_SPLINE_CURVE(7,(#3931,#3932,#3933,#3934,
    #3935,#3936,#3937,#3938),.UNSPECIFIED.,.F.,.F.) 
B_SPLINE_CURVE_WITH_KNOTS((8,8),(1.570796326795,3.14159265359),
.PIECEWISE_BEZIER_KNOTS.) CURVE() GEOMETRIC_REPRESENTATION_ITEM() 
RATIONAL_B_SPLINE_CURVE((1.,1.,1.,1.,1.,1.,1.,1.)) REPRESENTATION_ITEM(
  '') );
#3931 = CARTESIAN_POINT('',(55.,-154.0132673655,10.982361909795));
#3932 = CARTESIAN_POINT('',(54.117694552375,-154.0132673655,
    10.982361909795));
#3933 = CARTESIAN_POINT('',(53.235235365886,-153.7898718458,
    11.010737125472));
#3934 = CARTESIAN_POINT('',(52.41913443506,-153.343102972,
    11.067486645306));
#3935 = CARTESIAN_POINT('',(51.730933311744,-152.6929120168,
    11.151129502429));
#3936 = CARTESIAN_POINT('',(51.243269505657,-151.876524182,
    11.259512186364));
#3937 = CARTESIAN_POINT('',(51.,-150.9790136139,11.379744683646));
#3938 = CARTESIAN_POINT('',(51.,-150.0814157129,11.5));
#3939 = ORIENTED_EDGE('',*,*,#3897,.F.);
#3940 = ORIENTED_EDGE('',*,*,#448,.T.);
#3941 = OFFSET_SURFACE('',#3942,2.,.F.);
#3942 = RECTANGULAR_TRIMMED_SURFACE('',#3943,0.,6.28318530718,
  -47.62270429886,23.811352149432,.T.,.T.);
#3943 = SURFACE_OF_LINEAR_EXTRUSION('',#3944,#3949);
#3944 = CIRCLE('',#3945,2.);
#3945 = AXIS2_PLACEMENT_3D('',#3946,#3947,#3948);
#3946 = CARTESIAN_POINT('',(55.,-143.918584287,-11.5));
#3947 = DIRECTION('',(0.,-0.,-1.));
#3948 = DIRECTION('',(1.,-1.2E-16,0.));
#3949 = VECTOR('',#3950,1.);
#3950 = DIRECTION('',(0.,0.258819045103,-0.965925826289));
#3951 = ADVANCED_FACE('',(#3952),#3970,.F.);
#3952 = FACE_BOUND('',#3953,.F.);
#3953 = EDGE_LOOP('',(#3954,#3962,#3963,#3964));
#3954 = ORIENTED_EDGE('',*,*,#3955,.F.);
#3955 = EDGE_CURVE('',#581,#3956,#3958,.T.);
#3956 = VERTEX_POINT('',#3957);
#3957 = CARTESIAN_POINT('',(220.,-154.0132673655,10.982361909795));
#3958 = LINE('',#3959,#3960);
#3959 = CARTESIAN_POINT('',(220.,-147.8504359396,-12.0176380902));
#3960 = VECTOR('',#3961,1.);
#3961 = DIRECTION('',(0.,-0.258819045103,0.965925826289));
#3962 = ORIENTED_EDGE('',*,*,#580,.F.);
#3963 = ORIENTED_EDGE('',*,*,#3921,.T.);
#3964 = ORIENTED_EDGE('',*,*,#3965,.T.);
#3965 = EDGE_CURVE('',#3922,#3956,#3966,.T.);
#3966 = LINE('',#3967,#3968);
#3967 = CARTESIAN_POINT('',(55.,-154.0132673655,10.982361909795));
#3968 = VECTOR('',#3969,1.);
#3969 = DIRECTION('',(1.,0.,0.));
#3970 = PLANE('',#3971);
#3971 = AXIS2_PLACEMENT_3D('',#3972,#3973,#3974);
#3972 = CARTESIAN_POINT('',(55.,-147.8504359396,-12.0176380902));
#3973 = DIRECTION('',(0.,0.965925826289,0.258819045103));
#3974 = DIRECTION('',(1.,0.,0.));
#3975 = ADVANCED_FACE('',(#3976),#3992,.T.);
#3976 = FACE_BOUND('',#3977,.T.);
#3977 = EDGE_LOOP('',(#3978,#3979,#3990,#3991));
#3978 = ORIENTED_EDGE('',*,*,#3607,.T.);
#3979 = ORIENTED_EDGE('',*,*,#3980,.T.);
#3980 = EDGE_CURVE('',#3608,#3956,#3981,.T.);
#3981 = ( BOUNDED_CURVE() B_SPLINE_CURVE(7,(#3982,#3983,#3984,#3985,
    #3986,#3987,#3988,#3989),.UNSPECIFIED.,.F.,.F.) 
B_SPLINE_CURVE_WITH_KNOTS((8,8),(1.570796326795,3.14159265359),
.PIECEWISE_BEZIER_KNOTS.) CURVE() GEOMETRIC_REPRESENTATION_ITEM() 
RATIONAL_B_SPLINE_CURVE((1.,1.,1.,1.,1.,1.,1.,1.)) REPRESENTATION_ITEM(
  '') );
#3982 = CARTESIAN_POINT('',(224.,-150.0814157129,11.5));
#3983 = CARTESIAN_POINT('',(224.,-150.9790136139,11.379744683646));
#3984 = CARTESIAN_POINT('',(223.75673049434,-151.876524182,
    11.259512186364));
#3985 = CARTESIAN_POINT('',(223.26906668825,-152.6929120168,
    11.151129502429));
#3986 = CARTESIAN_POINT('',(222.58086556494,-153.343102972,
    11.067486645306));
#3987 = CARTESIAN_POINT('',(221.76476463411,-153.7898718458,
    11.010737125472));
#3988 = CARTESIAN_POINT('',(220.88230544762,-154.0132673655,
    10.982361909795));
#3989 = CARTESIAN_POINT('',(220.,-154.0132673655,10.982361909795));
#3990 = ORIENTED_EDGE('',*,*,#3955,.F.);
#3991 = ORIENTED_EDGE('',*,*,#588,.T.);
#3992 = OFFSET_SURFACE('',#3993,2.,.F.);
#3993 = RECTANGULAR_TRIMMED_SURFACE('',#3994,0.,6.28318530718,
  -47.62270429886,23.811352149432,.T.,.T.);
#3994 = SURFACE_OF_LINEAR_EXTRUSION('',#3995,#4000);
#3995 = CIRCLE('',#3996,2.);
#3996 = AXIS2_PLACEMENT_3D('',#3997,#3998,#3999);
#3997 = CARTESIAN_POINT('',(220.,-143.918584287,-11.5));
#3998 = DIRECTION('',(0.,0.,-1.));
#3999 = DIRECTION('',(-1.1E-16,1.,0.));
#4000 = VECTOR('',#4001,1.);
#4001 = DIRECTION('',(0.,0.258819045103,-0.965925826289));
#4002 = ADVANCED_FACE('',(#4003),#4014,.F.);
#4003 = FACE_BOUND('',#4004,.F.);
#4004 = EDGE_LOOP('',(#4005,#4006,#4007,#4008));
#4005 = ORIENTED_EDGE('',*,*,#857,.F.);
#4006 = ORIENTED_EDGE('',*,*,#3559,.T.);
#4007 = ORIENTED_EDGE('',*,*,#1278,.F.);
#4008 = ORIENTED_EDGE('',*,*,#4009,.F.);
#4009 = EDGE_CURVE('',#860,#1271,#4010,.T.);
#4010 = LINE('',#4011,#4012);
#4011 = CARTESIAN_POINT('',(55.,-71.,1.6));
#4012 = VECTOR('',#4013,1.);
#4013 = DIRECTION('',(0.,-0.258819045103,0.965925826289));
#4014 = SURFACE_OF_LINEAR_EXTRUSION('',#4015,#4020);
#4015 = CIRCLE('',#4016,2.);
#4016 = AXIS2_PLACEMENT_3D('',#4017,#4018,#4019);
#4017 = CARTESIAN_POINT('',(55.,-69.,1.6));
#4018 = DIRECTION('',(0.,0.,1.));
#4019 = DIRECTION('',(1.,0.,0.));
#4020 = VECTOR('',#4021,1.);
#4021 = DIRECTION('',(0.,0.258819045103,-0.965925826289));
#4022 = ADVANCED_FACE('',(#4023),#4034,.F.);
#4023 = FACE_BOUND('',#4024,.F.);
#4024 = EDGE_LOOP('',(#4025,#4026,#4027,#4028));
#4025 = ORIENTED_EDGE('',*,*,#868,.F.);
#4026 = ORIENTED_EDGE('',*,*,#4009,.T.);
#4027 = ORIENTED_EDGE('',*,*,#1270,.F.);
#4028 = ORIENTED_EDGE('',*,*,#4029,.F.);
#4029 = EDGE_CURVE('',#869,#1150,#4030,.T.);
#4030 = LINE('',#4031,#4032);
#4031 = CARTESIAN_POINT('',(63.,-71.,1.6));
#4032 = VECTOR('',#4033,1.);
#4033 = DIRECTION('',(0.,-0.258819045103,0.965925826289));
#4034 = PLANE('',#4035);
#4035 = AXIS2_PLACEMENT_3D('',#4036,#4037,#4038);
#4036 = CARTESIAN_POINT('',(55.,-71.,1.6));
#4037 = DIRECTION('',(0.,0.965925826289,0.258819045103));
#4038 = DIRECTION('',(1.,0.,0.));
#4039 = ADVANCED_FACE('',(#4040),#4051,.F.);
#4040 = FACE_BOUND('',#4041,.F.);
#4041 = EDGE_LOOP('',(#4042,#4043,#4044,#4045));
#4042 = ORIENTED_EDGE('',*,*,#876,.F.);
#4043 = ORIENTED_EDGE('',*,*,#4029,.T.);
#4044 = ORIENTED_EDGE('',*,*,#1149,.F.);
#4045 = ORIENTED_EDGE('',*,*,#4046,.F.);
#4046 = EDGE_CURVE('',#877,#1142,#4047,.T.);
#4047 = LINE('',#4048,#4049);
#4048 = CARTESIAN_POINT('',(65.,-69.,1.6));
#4049 = VECTOR('',#4050,1.);
#4050 = DIRECTION('',(0.,-0.258819045103,0.965925826289));
#4051 = SURFACE_OF_LINEAR_EXTRUSION('',#4052,#4057);
#4052 = CIRCLE('',#4053,2.);
#4053 = AXIS2_PLACEMENT_3D('',#4054,#4055,#4056);
#4054 = CARTESIAN_POINT('',(63.,-69.,1.6));
#4055 = DIRECTION('',(0.,0.,1.));
#4056 = DIRECTION('',(1.,0.,0.));
#4057 = VECTOR('',#4058,1.);
#4058 = DIRECTION('',(0.,0.258819045103,-0.965925826289));
#4059 = ADVANCED_FACE('',(#4060),#4066,.F.);
#4060 = FACE_BOUND('',#4061,.F.);
#4061 = EDGE_LOOP('',(#4062,#4063,#4064,#4065));
#4062 = ORIENTED_EDGE('',*,*,#885,.F.);
#4063 = ORIENTED_EDGE('',*,*,#4046,.T.);
#4064 = ORIENTED_EDGE('',*,*,#1141,.F.);
#4065 = ORIENTED_EDGE('',*,*,#928,.F.);
#4066 = PLANE('',#4067);
#4067 = AXIS2_PLACEMENT_3D('',#4068,#4069,#4070);
#4068 = CARTESIAN_POINT('',(65.,-69.,1.6));
#4069 = DIRECTION('',(-1.,0.,0.));
#4070 = DIRECTION('',(0.,1.,0.));
#4071 = ADVANCED_FACE('',(#4072),#4091,.F.);
#4072 = FACE_BOUND('',#4073,.T.);
#4073 = EDGE_LOOP('',(#4074,#4082,#4089,#4090));
#4074 = ORIENTED_EDGE('',*,*,#4075,.F.);
#4075 = EDGE_CURVE('',#4076,#911,#4078,.T.);
#4076 = VERTEX_POINT('',#4077);
#4077 = CARTESIAN_POINT('',(60.7,-65.,12.026733523556));
#4078 = LINE('',#4079,#4080);
#4079 = CARTESIAN_POINT('',(60.7,-65.,12.026733523556));
#4080 = VECTOR('',#4081,1.);
#4081 = DIRECTION('',(-6.E-17,0.,-1.));
#4082 = ORIENTED_EDGE('',*,*,#4083,.T.);
#4083 = EDGE_CURVE('',#4076,#4076,#4084,.T.);
#4084 = CIRCLE('',#4085,1.7);
#4085 = AXIS2_PLACEMENT_3D('',#4086,#4087,#4088);
#4086 = CARTESIAN_POINT('',(59.,-65.,12.026733523556));
#4087 = DIRECTION('',(0.,0.,1.));
#4088 = DIRECTION('',(1.,0.,0.));
#4089 = ORIENTED_EDGE('',*,*,#4075,.T.);
#4090 = ORIENTED_EDGE('',*,*,#910,.T.);
#4091 = CYLINDRICAL_SURFACE('',#4092,1.7);
#4092 = AXIS2_PLACEMENT_3D('',#4093,#4094,#4095);
#4093 = CARTESIAN_POINT('',(59.,-65.,12.026733523556));
#4094 = DIRECTION('',(-0.,-0.,-1.));
#4095 = DIRECTION('',(1.,0.,0.));
#4096 = ADVANCED_FACE('',(#4097),#4108,.F.);
#4097 = FACE_BOUND('',#4098,.F.);
#4098 = EDGE_LOOP('',(#4099,#4100,#4101,#4102));
#4099 = ORIENTED_EDGE('',*,*,#3231,.F.);
#4100 = ORIENTED_EDGE('',*,*,#3063,.T.);
#4101 = ORIENTED_EDGE('',*,*,#2663,.F.);
#4102 = ORIENTED_EDGE('',*,*,#4103,.F.);
#4103 = EDGE_CURVE('',#3081,#2546,#4104,.T.);
#4104 = LINE('',#4105,#4106);
#4105 = CARTESIAN_POINT('',(210.,-68.54,1.6));
#4106 = VECTOR('',#4107,1.);
#4107 = DIRECTION('',(0.,-0.258819045103,0.965925826289));
#4108 = PLANE('',#4109);
#4109 = AXIS2_PLACEMENT_3D('',#4110,#4111,#4112);
#4110 = CARTESIAN_POINT('',(210.,-61.,1.6));
#4111 = DIRECTION('',(1.,0.,0.));
#4112 = DIRECTION('',(0.,-1.,0.));
#4113 = ADVANCED_FACE('',(#4114),#4125,.F.);
#4114 = FACE_BOUND('',#4115,.F.);
#4115 = EDGE_LOOP('',(#4116,#4117,#4118,#4119));
#4116 = ORIENTED_EDGE('',*,*,#3080,.F.);
#4117 = ORIENTED_EDGE('',*,*,#4103,.T.);
#4118 = ORIENTED_EDGE('',*,*,#2545,.F.);
#4119 = ORIENTED_EDGE('',*,*,#4120,.F.);
#4120 = EDGE_CURVE('',#3083,#2538,#4121,.T.);
#4121 = LINE('',#4122,#4123);
#4122 = CARTESIAN_POINT('',(212.,-70.54,1.6));
#4123 = VECTOR('',#4124,1.);
#4124 = DIRECTION('',(0.,-0.258819045103,0.965925826289));
#4125 = SURFACE_OF_LINEAR_EXTRUSION('',#4126,#4131);
#4126 = CIRCLE('',#4127,2.);
#4127 = AXIS2_PLACEMENT_3D('',#4128,#4129,#4130);
#4128 = CARTESIAN_POINT('',(212.,-68.54,1.6));
#4129 = DIRECTION('',(0.,0.,1.));
#4130 = DIRECTION('',(1.,0.,0.));
#4131 = VECTOR('',#4132,1.);
#4132 = DIRECTION('',(0.,0.258819045103,-0.965925826289));
#4133 = ADVANCED_FACE('',(#4134),#4145,.F.);
#4134 = FACE_BOUND('',#4135,.F.);
#4135 = EDGE_LOOP('',(#4136,#4137,#4138,#4139));
#4136 = ORIENTED_EDGE('',*,*,#3091,.F.);
#4137 = ORIENTED_EDGE('',*,*,#4120,.T.);
#4138 = ORIENTED_EDGE('',*,*,#2537,.F.);
#4139 = ORIENTED_EDGE('',*,*,#4140,.F.);
#4140 = EDGE_CURVE('',#3092,#2423,#4141,.T.);
#4141 = LINE('',#4142,#4143);
#4142 = CARTESIAN_POINT('',(220.,-70.54,1.6));
#4143 = VECTOR('',#4144,1.);
#4144 = DIRECTION('',(0.,-0.258819045103,0.965925826289));
#4145 = PLANE('',#4146);
#4146 = AXIS2_PLACEMENT_3D('',#4147,#4148,#4149);
#4147 = CARTESIAN_POINT('',(212.,-70.54,1.6));
#4148 = DIRECTION('',(0.,0.965925826289,0.258819045103));
#4149 = DIRECTION('',(1.,0.,0.));
#4150 = ADVANCED_FACE('',(#4151),#4157,.F.);
#4151 = FACE_BOUND('',#4152,.F.);
#4152 = EDGE_LOOP('',(#4153,#4154,#4155,#4156));
#4153 = ORIENTED_EDGE('',*,*,#3099,.F.);
#4154 = ORIENTED_EDGE('',*,*,#4140,.T.);
#4155 = ORIENTED_EDGE('',*,*,#2422,.F.);
#4156 = ORIENTED_EDGE('',*,*,#3307,.F.);
#4157 = SURFACE_OF_LINEAR_EXTRUSION('',#4158,#4163);
#4158 = CIRCLE('',#4159,2.);
#4159 = AXIS2_PLACEMENT_3D('',#4160,#4161,#4162);
#4160 = CARTESIAN_POINT('',(220.,-68.54,1.6));
#4161 = DIRECTION('',(0.,0.,1.));
#4162 = DIRECTION('',(1.,0.,0.));
#4163 = VECTOR('',#4164,1.);
#4164 = DIRECTION('',(0.,0.258819045103,-0.965925826289));
#4165 = ADVANCED_FACE('',(#4166),#4185,.F.);
#4166 = FACE_BOUND('',#4167,.F.);
#4167 = EDGE_LOOP('',(#4168,#4177,#4178,#4179));
#4168 = ORIENTED_EDGE('',*,*,#4169,.F.);
#4169 = EDGE_CURVE('',#3293,#4170,#4172,.T.);
#4170 = VERTEX_POINT('',#4171);
#4171 = CARTESIAN_POINT('',(220.,-135.,1.6));
#4172 = CIRCLE('',#4173,2.);
#4173 = AXIS2_PLACEMENT_3D('',#4174,#4175,#4176);
#4174 = CARTESIAN_POINT('',(220.,-137.,1.6));
#4175 = DIRECTION('',(0.,0.,1.));
#4176 = DIRECTION('',(1.,0.,0.));
#4177 = ORIENTED_EDGE('',*,*,#3300,.T.);
#4178 = ORIENTED_EDGE('',*,*,#2299,.F.);
#4179 = ORIENTED_EDGE('',*,*,#4180,.F.);
#4180 = EDGE_CURVE('',#4170,#2292,#4181,.T.);
#4181 = LINE('',#4182,#4183);
#4182 = CARTESIAN_POINT('',(220.,-135.,1.6));
#4183 = VECTOR('',#4184,1.);
#4184 = DIRECTION('',(0.,-0.258819045103,0.965925826289));
#4185 = SURFACE_OF_LINEAR_EXTRUSION('',#4186,#4191);
#4186 = CIRCLE('',#4187,2.);
#4187 = AXIS2_PLACEMENT_3D('',#4188,#4189,#4190);
#4188 = CARTESIAN_POINT('',(220.,-137.,1.6));
#4189 = DIRECTION('',(0.,0.,1.));
#4190 = DIRECTION('',(1.,0.,0.));
#4191 = VECTOR('',#4192,1.);
#4192 = DIRECTION('',(0.,0.258819045103,-0.965925826289));
#4193 = ADVANCED_FACE('',(#4194),#4212,.F.);
#4194 = FACE_BOUND('',#4195,.F.);
#4195 = EDGE_LOOP('',(#4196,#4204,#4205,#4206));
#4196 = ORIENTED_EDGE('',*,*,#4197,.F.);
#4197 = EDGE_CURVE('',#4170,#4198,#4200,.T.);
#4198 = VERTEX_POINT('',#4199);
#4199 = CARTESIAN_POINT('',(214.9,-135.,1.6));
#4200 = LINE('',#4201,#4202);
#4201 = CARTESIAN_POINT('',(220.,-135.,1.6));
#4202 = VECTOR('',#4203,1.);
#4203 = DIRECTION('',(-1.,0.,0.));
#4204 = ORIENTED_EDGE('',*,*,#4180,.T.);
#4205 = ORIENTED_EDGE('',*,*,#2291,.F.);
#4206 = ORIENTED_EDGE('',*,*,#4207,.F.);
#4207 = EDGE_CURVE('',#4198,#2177,#4208,.T.);
#4208 = LINE('',#4209,#4210);
#4209 = CARTESIAN_POINT('',(214.9,-135.,1.6));
#4210 = VECTOR('',#4211,1.);
#4211 = DIRECTION('',(0.,-0.258819045103,0.965925826289));
#4212 = PLANE('',#4213);
#4213 = AXIS2_PLACEMENT_3D('',#4214,#4215,#4216);
#4214 = CARTESIAN_POINT('',(220.,-135.,1.6));
#4215 = DIRECTION('',(-0.,-0.965925826289,-0.258819045103));
#4216 = DIRECTION('',(-1.,0.,0.));
#4217 = ADVANCED_FACE('',(#4218),#4237,.F.);
#4218 = FACE_BOUND('',#4219,.F.);
#4219 = EDGE_LOOP('',(#4220,#4229,#4230,#4231));
#4220 = ORIENTED_EDGE('',*,*,#4221,.F.);
#4221 = EDGE_CURVE('',#4198,#4222,#4224,.T.);
#4222 = VERTEX_POINT('',#4223);
#4223 = CARTESIAN_POINT('',(212.9,-137.,1.6));
#4224 = CIRCLE('',#4225,2.);
#4225 = AXIS2_PLACEMENT_3D('',#4226,#4227,#4228);
#4226 = CARTESIAN_POINT('',(214.9,-137.,1.6));
#4227 = DIRECTION('',(0.,0.,1.));
#4228 = DIRECTION('',(1.,0.,0.));
#4229 = ORIENTED_EDGE('',*,*,#4207,.T.);
#4230 = ORIENTED_EDGE('',*,*,#2176,.F.);
#4231 = ORIENTED_EDGE('',*,*,#4232,.F.);
#4232 = EDGE_CURVE('',#4222,#2169,#4233,.T.);
#4233 = LINE('',#4234,#4235);
#4234 = CARTESIAN_POINT('',(212.9,-137.,1.6));
#4235 = VECTOR('',#4236,1.);
#4236 = DIRECTION('',(0.,-0.258819045103,0.965925826289));
#4237 = SURFACE_OF_LINEAR_EXTRUSION('',#4238,#4243);
#4238 = CIRCLE('',#4239,2.);
#4239 = AXIS2_PLACEMENT_3D('',#4240,#4241,#4242);
#4240 = CARTESIAN_POINT('',(214.9,-137.,1.6));
#4241 = DIRECTION('',(0.,0.,1.));
#4242 = DIRECTION('',(1.,0.,0.));
#4243 = VECTOR('',#4244,1.);
#4244 = DIRECTION('',(0.,0.258819045103,-0.965925826289));
#4245 = ADVANCED_FACE('',(#4246),#4265,.F.);
#4246 = FACE_BOUND('',#4247,.F.);
#4247 = EDGE_LOOP('',(#4248,#4257,#4263,#4264));
#4248 = ORIENTED_EDGE('',*,*,#4249,.F.);
#4249 = EDGE_CURVE('',#4250,#3567,#4252,.T.);
#4250 = VERTEX_POINT('',#4251);
#4251 = CARTESIAN_POINT('',(55.000000000034,-135.,1.6));
#4252 = CIRCLE('',#4253,1.999999999985);
#4253 = AXIS2_PLACEMENT_3D('',#4254,#4255,#4256);
#4254 = CARTESIAN_POINT('',(55.000000000027,-137.,1.6));
#4255 = DIRECTION('',(0.,0.,1.));
#4256 = DIRECTION('',(1.,0.,0.));
#4257 = ORIENTED_EDGE('',*,*,#4258,.T.);
#4258 = EDGE_CURVE('',#4250,#1408,#4259,.T.);
#4259 = LINE('',#4260,#4261);
#4260 = CARTESIAN_POINT('',(55.000000000034,-135.,1.6));
#4261 = VECTOR('',#4262,1.);
#4262 = DIRECTION('',(0.,-0.258819045103,0.965925826289));
#4263 = ORIENTED_EDGE('',*,*,#1407,.F.);
#4264 = ORIENTED_EDGE('',*,*,#3566,.F.);
#4265 = SURFACE_OF_LINEAR_EXTRUSION('',#4266,#4271);
#4266 = CIRCLE('',#4267,1.999999999985);
#4267 = AXIS2_PLACEMENT_3D('',#4268,#4269,#4270);
#4268 = CARTESIAN_POINT('',(55.000000000027,-137.,1.6));
#4269 = DIRECTION('',(0.,0.,1.));
#4270 = DIRECTION('',(1.,0.,0.));
#4271 = VECTOR('',#4272,1.);
#4272 = DIRECTION('',(0.,0.258819045103,-0.965925826289));
#4273 = ADVANCED_FACE('',(#4274),#4292,.F.);
#4274 = FACE_BOUND('',#4275,.F.);
#4275 = EDGE_LOOP('',(#4276,#4284,#4285,#4286));
#4276 = ORIENTED_EDGE('',*,*,#4277,.F.);
#4277 = EDGE_CURVE('',#4222,#4278,#4280,.T.);
#4278 = VERTEX_POINT('',#4279);
#4279 = CARTESIAN_POINT('',(212.9,-147.,1.6));
#4280 = LINE('',#4281,#4282);
#4281 = CARTESIAN_POINT('',(212.9,-137.,1.6));
#4282 = VECTOR('',#4283,1.);
#4283 = DIRECTION('',(0.,-1.,0.));
#4284 = ORIENTED_EDGE('',*,*,#4232,.T.);
#4285 = ORIENTED_EDGE('',*,*,#2168,.F.);
#4286 = ORIENTED_EDGE('',*,*,#4287,.F.);
#4287 = EDGE_CURVE('',#4278,#2054,#4288,.T.);
#4288 = LINE('',#4289,#4290);
#4289 = CARTESIAN_POINT('',(212.9,-147.,1.6));
#4290 = VECTOR('',#4291,1.);
#4291 = DIRECTION('',(0.,-0.258819045103,0.965925826289));
#4292 = PLANE('',#4293);
#4293 = AXIS2_PLACEMENT_3D('',#4294,#4295,#4296);
#4294 = CARTESIAN_POINT('',(212.9,-137.,1.6));
#4295 = DIRECTION('',(1.,0.,0.));
#4296 = DIRECTION('',(0.,-1.,0.));
#4297 = ADVANCED_FACE('',(#4298),#4316,.F.);
#4298 = FACE_BOUND('',#4299,.F.);
#4299 = EDGE_LOOP('',(#4300,#4308,#4314,#4315));
#4300 = ORIENTED_EDGE('',*,*,#4301,.F.);
#4301 = EDGE_CURVE('',#4302,#4250,#4304,.T.);
#4302 = VERTEX_POINT('',#4303);
#4303 = CARTESIAN_POINT('',(60.600000000015,-135.,1.6));
#4304 = LINE('',#4305,#4306);
#4305 = CARTESIAN_POINT('',(60.600000000015,-135.,1.6));
#4306 = VECTOR('',#4307,1.);
#4307 = DIRECTION('',(-1.,0.,0.));
#4308 = ORIENTED_EDGE('',*,*,#4309,.T.);
#4309 = EDGE_CURVE('',#4302,#1520,#4310,.T.);
#4310 = LINE('',#4311,#4312);
#4311 = CARTESIAN_POINT('',(60.600000000015,-135.,1.6));
#4312 = VECTOR('',#4313,1.);
#4313 = DIRECTION('',(0.,-0.258819045103,0.965925826289));
#4314 = ORIENTED_EDGE('',*,*,#1519,.F.);
#4315 = ORIENTED_EDGE('',*,*,#4258,.F.);
#4316 = PLANE('',#4317);
#4317 = AXIS2_PLACEMENT_3D('',#4318,#4319,#4320);
#4318 = CARTESIAN_POINT('',(60.600000000015,-135.,1.6));
#4319 = DIRECTION('',(-0.,-0.965925826289,-0.258819045103));
#4320 = DIRECTION('',(-1.,0.,0.));
#4321 = ADVANCED_FACE('',(#4322),#4341,.F.);
#4322 = FACE_BOUND('',#4323,.F.);
#4323 = EDGE_LOOP('',(#4324,#4333,#4334,#4335));
#4324 = ORIENTED_EDGE('',*,*,#4325,.F.);
#4325 = EDGE_CURVE('',#4278,#4326,#4328,.T.);
#4326 = VERTEX_POINT('',#4327);
#4327 = CARTESIAN_POINT('',(214.9,-149.,1.6));
#4328 = CIRCLE('',#4329,2.);
#4329 = AXIS2_PLACEMENT_3D('',#4330,#4331,#4332);
#4330 = CARTESIAN_POINT('',(214.9,-147.,1.6));
#4331 = DIRECTION('',(0.,0.,1.));
#4332 = DIRECTION('',(1.,0.,0.));
#4333 = ORIENTED_EDGE('',*,*,#4287,.T.);
#4334 = ORIENTED_EDGE('',*,*,#2053,.F.);
#4335 = ORIENTED_EDGE('',*,*,#4336,.F.);
#4336 = EDGE_CURVE('',#4326,#2046,#4337,.T.);
#4337 = LINE('',#4338,#4339);
#4338 = CARTESIAN_POINT('',(214.9,-149.,1.6));
#4339 = VECTOR('',#4340,1.);
#4340 = DIRECTION('',(0.,-0.258819045103,0.965925826289));
#4341 = SURFACE_OF_LINEAR_EXTRUSION('',#4342,#4347);
#4342 = CIRCLE('',#4343,2.);
#4343 = AXIS2_PLACEMENT_3D('',#4344,#4345,#4346);
#4344 = CARTESIAN_POINT('',(214.9,-147.,1.6));
#4345 = DIRECTION('',(0.,0.,1.));
#4346 = DIRECTION('',(1.,0.,0.));
#4347 = VECTOR('',#4348,1.);
#4348 = DIRECTION('',(0.,0.258819045103,-0.965925826289));
#4349 = ADVANCED_FACE('',(#4350),#4369,.F.);
#4350 = FACE_BOUND('',#4351,.F.);
#4351 = EDGE_LOOP('',(#4352,#4361,#4367,#4368));
#4352 = ORIENTED_EDGE('',*,*,#4353,.F.);
#4353 = EDGE_CURVE('',#4354,#4302,#4356,.T.);
#4354 = VERTEX_POINT('',#4355);
#4355 = CARTESIAN_POINT('',(62.6,-137.,1.6));
#4356 = CIRCLE('',#4357,1.999999999985);
#4357 = AXIS2_PLACEMENT_3D('',#4358,#4359,#4360);
#4358 = CARTESIAN_POINT('',(60.600000000015,-137.,1.6));
#4359 = DIRECTION('',(0.,0.,1.));
#4360 = DIRECTION('',(1.,0.,0.));
#4361 = ORIENTED_EDGE('',*,*,#4362,.T.);
#4362 = EDGE_CURVE('',#4354,#1528,#4363,.T.);
#4363 = LINE('',#4364,#4365);
#4364 = CARTESIAN_POINT('',(62.6,-137.,1.6));
#4365 = VECTOR('',#4366,1.);
#4366 = DIRECTION('',(0.,-0.258819045103,0.965925826289));
#4367 = ORIENTED_EDGE('',*,*,#1527,.F.);
#4368 = ORIENTED_EDGE('',*,*,#4309,.F.);
#4369 = SURFACE_OF_LINEAR_EXTRUSION('',#4370,#4375);
#4370 = CIRCLE('',#4371,1.999999999985);
#4371 = AXIS2_PLACEMENT_3D('',#4372,#4373,#4374);
#4372 = CARTESIAN_POINT('',(60.600000000015,-137.,1.6));
#4373 = DIRECTION('',(0.,0.,1.));
#4374 = DIRECTION('',(1.,0.,0.));
#4375 = VECTOR('',#4376,1.);
#4376 = DIRECTION('',(0.,0.258819045103,-0.965925826289));
#4377 = ADVANCED_FACE('',(#4378),#4396,.F.);
#4378 = FACE_BOUND('',#4379,.F.);
#4379 = EDGE_LOOP('',(#4380,#4388,#4389,#4390));
#4380 = ORIENTED_EDGE('',*,*,#4381,.F.);
#4381 = EDGE_CURVE('',#4326,#4382,#4384,.T.);
#4382 = VERTEX_POINT('',#4383);
#4383 = CARTESIAN_POINT('',(220.,-149.,1.6));
#4384 = LINE('',#4385,#4386);
#4385 = CARTESIAN_POINT('',(214.9,-149.,1.6));
#4386 = VECTOR('',#4387,1.);
#4387 = DIRECTION('',(1.,0.,0.));
#4388 = ORIENTED_EDGE('',*,*,#4336,.T.);
#4389 = ORIENTED_EDGE('',*,*,#2045,.F.);
#4390 = ORIENTED_EDGE('',*,*,#4391,.F.);
#4391 = EDGE_CURVE('',#4382,#1931,#4392,.T.);
#4392 = LINE('',#4393,#4394);
#4393 = CARTESIAN_POINT('',(220.,-149.,1.6));
#4394 = VECTOR('',#4395,1.);
#4395 = DIRECTION('',(0.,-0.258819045103,0.965925826289));
#4396 = PLANE('',#4397);
#4397 = AXIS2_PLACEMENT_3D('',#4398,#4399,#4400);
#4398 = CARTESIAN_POINT('',(214.9,-149.,1.6));
#4399 = DIRECTION('',(0.,0.965925826289,0.258819045103));
#4400 = DIRECTION('',(1.,0.,0.));
#4401 = ADVANCED_FACE('',(#4402),#4420,.F.);
#4402 = FACE_BOUND('',#4403,.F.);
#4403 = EDGE_LOOP('',(#4404,#4412,#4418,#4419));
#4404 = ORIENTED_EDGE('',*,*,#4405,.F.);
#4405 = EDGE_CURVE('',#4406,#4354,#4408,.T.);
#4406 = VERTEX_POINT('',#4407);
#4407 = CARTESIAN_POINT('',(62.6,-147.,1.6));
#4408 = LINE('',#4409,#4410);
#4409 = CARTESIAN_POINT('',(62.6,-147.,1.6));
#4410 = VECTOR('',#4411,1.);
#4411 = DIRECTION('',(0.,1.,0.));
#4412 = ORIENTED_EDGE('',*,*,#4413,.T.);
#4413 = EDGE_CURVE('',#4406,#1643,#4414,.T.);
#4414 = LINE('',#4415,#4416);
#4415 = CARTESIAN_POINT('',(62.6,-147.,1.6));
#4416 = VECTOR('',#4417,1.);
#4417 = DIRECTION('',(0.,-0.258819045103,0.965925826289));
#4418 = ORIENTED_EDGE('',*,*,#1642,.F.);
#4419 = ORIENTED_EDGE('',*,*,#4362,.F.);
#4420 = PLANE('',#4421);
#4421 = AXIS2_PLACEMENT_3D('',#4422,#4423,#4424);
#4422 = CARTESIAN_POINT('',(62.6,-147.,1.6));
#4423 = DIRECTION('',(-1.,0.,0.));
#4424 = DIRECTION('',(0.,1.,0.));
#4425 = ADVANCED_FACE('',(#4426),#4438,.F.);
#4426 = FACE_BOUND('',#4427,.F.);
#4427 = EDGE_LOOP('',(#4428,#4435,#4436,#4437));
#4428 = ORIENTED_EDGE('',*,*,#4429,.F.);
#4429 = EDGE_CURVE('',#4382,#3285,#4430,.T.);
#4430 = CIRCLE('',#4431,2.);
#4431 = AXIS2_PLACEMENT_3D('',#4432,#4433,#4434);
#4432 = CARTESIAN_POINT('',(220.,-147.,1.6));
#4433 = DIRECTION('',(0.,0.,1.));
#4434 = DIRECTION('',(1.,0.,0.));
#4435 = ORIENTED_EDGE('',*,*,#4391,.T.);
#4436 = ORIENTED_EDGE('',*,*,#1930,.F.);
#4437 = ORIENTED_EDGE('',*,*,#3284,.F.);
#4438 = SURFACE_OF_LINEAR_EXTRUSION('',#4439,#4444);
#4439 = CIRCLE('',#4440,2.);
#4440 = AXIS2_PLACEMENT_3D('',#4441,#4442,#4443);
#4441 = CARTESIAN_POINT('',(220.,-147.,1.6));
#4442 = DIRECTION('',(0.,0.,1.));
#4443 = DIRECTION('',(1.,0.,0.));
#4444 = VECTOR('',#4445,1.);
#4445 = DIRECTION('',(0.,0.258819045103,-0.965925826289));
#4446 = ADVANCED_FACE('',(#4447),#4466,.F.);
#4447 = FACE_BOUND('',#4448,.F.);
#4448 = EDGE_LOOP('',(#4449,#4458,#4464,#4465));
#4449 = ORIENTED_EDGE('',*,*,#4450,.F.);
#4450 = EDGE_CURVE('',#4451,#4406,#4453,.T.);
#4451 = VERTEX_POINT('',#4452);
#4452 = CARTESIAN_POINT('',(60.600000000015,-149.,1.6));
#4453 = CIRCLE('',#4454,1.999999999985);
#4454 = AXIS2_PLACEMENT_3D('',#4455,#4456,#4457);
#4455 = CARTESIAN_POINT('',(60.600000000015,-147.,1.6));
#4456 = DIRECTION('',(0.,0.,1.));
#4457 = DIRECTION('',(1.,0.,0.));
#4458 = ORIENTED_EDGE('',*,*,#4459,.T.);
#4459 = EDGE_CURVE('',#4451,#1651,#4460,.T.);
#4460 = LINE('',#4461,#4462);
#4461 = CARTESIAN_POINT('',(60.600000000015,-149.,1.6));
#4462 = VECTOR('',#4463,1.);
#4463 = DIRECTION('',(0.,-0.258819045103,0.965925826289));
#4464 = ORIENTED_EDGE('',*,*,#1650,.F.);
#4465 = ORIENTED_EDGE('',*,*,#4413,.F.);
#4466 = SURFACE_OF_LINEAR_EXTRUSION('',#4467,#4472);
#4467 = CIRCLE('',#4468,1.999999999985);
#4468 = AXIS2_PLACEMENT_3D('',#4469,#4470,#4471);
#4469 = CARTESIAN_POINT('',(60.600000000015,-147.,1.6));
#4470 = DIRECTION('',(0.,0.,1.));
#4471 = DIRECTION('',(1.,0.,0.));
#4472 = VECTOR('',#4473,1.);
#4473 = DIRECTION('',(0.,0.258819045103,-0.965925826289));
#4474 = ADVANCED_FACE('',(#4475),#4493,.F.);
#4475 = FACE_BOUND('',#4476,.F.);
#4476 = EDGE_LOOP('',(#4477,#4485,#4491,#4492));
#4477 = ORIENTED_EDGE('',*,*,#4478,.F.);
#4478 = EDGE_CURVE('',#4479,#4451,#4481,.T.);
#4479 = VERTEX_POINT('',#4480);
#4480 = CARTESIAN_POINT('',(55.000000000001,-149.,1.6));
#4481 = LINE('',#4482,#4483);
#4482 = CARTESIAN_POINT('',(55.,-149.,1.6));
#4483 = VECTOR('',#4484,1.);
#4484 = DIRECTION('',(1.,0.,0.));
#4485 = ORIENTED_EDGE('',*,*,#4486,.T.);
#4486 = EDGE_CURVE('',#4479,#1769,#4487,.T.);
#4487 = LINE('',#4488,#4489);
#4488 = CARTESIAN_POINT('',(55.000000000001,-149.,1.6));
#4489 = VECTOR('',#4490,1.);
#4490 = DIRECTION('',(0.,-0.258819045103,0.965925826289));
#4491 = ORIENTED_EDGE('',*,*,#1768,.F.);
#4492 = ORIENTED_EDGE('',*,*,#4459,.F.);
#4493 = PLANE('',#4494);
#4494 = AXIS2_PLACEMENT_3D('',#4495,#4496,#4497);
#4495 = CARTESIAN_POINT('',(55.,-149.,1.6));
#4496 = DIRECTION('',(0.,0.965925826289,0.258819045103));
#4497 = DIRECTION('',(1.,0.,0.));
#4498 = ADVANCED_FACE('',(#4499),#4511,.F.);
#4499 = FACE_BOUND('',#4500,.F.);
#4500 = EDGE_LOOP('',(#4501,#4508,#4509,#4510));
#4501 = ORIENTED_EDGE('',*,*,#4502,.F.);
#4502 = EDGE_CURVE('',#3575,#4479,#4503,.T.);
#4503 = CIRCLE('',#4504,1.999999999985);
#4504 = AXIS2_PLACEMENT_3D('',#4505,#4506,#4507);
#4505 = CARTESIAN_POINT('',(54.999999999993,-147.,1.6));
#4506 = DIRECTION('',(0.,0.,1.));
#4507 = DIRECTION('',(1.,0.,0.));
#4508 = ORIENTED_EDGE('',*,*,#3582,.T.);
#4509 = ORIENTED_EDGE('',*,*,#1776,.F.);
#4510 = ORIENTED_EDGE('',*,*,#4486,.F.);
#4511 = SURFACE_OF_LINEAR_EXTRUSION('',#4512,#4517);
#4512 = CIRCLE('',#4513,1.999999999985);
#4513 = AXIS2_PLACEMENT_3D('',#4514,#4515,#4516);
#4514 = CARTESIAN_POINT('',(54.999999999993,-147.,1.6));
#4515 = DIRECTION('',(0.,0.,1.));
#4516 = DIRECTION('',(1.,0.,0.));
#4517 = VECTOR('',#4518,1.);
#4518 = DIRECTION('',(0.,0.258819045103,-0.965925826289));
#4519 = ADVANCED_FACE('',(#4520),#4545,.F.);
#4520 = FACE_BOUND('',#4521,.F.);
#4521 = EDGE_LOOP('',(#4522,#4532,#4538,#4539));
#4522 = ORIENTED_EDGE('',*,*,#4523,.F.);
#4523 = EDGE_CURVE('',#4524,#4526,#4528,.T.);
#4524 = VERTEX_POINT('',#4525);
#4525 = CARTESIAN_POINT('',(62.999999999999,-146.,13.5));
#4526 = VERTEX_POINT('',#4527);
#4527 = CARTESIAN_POINT('',(181.,-146.,13.5));
#4528 = LINE('',#4529,#4530);
#4529 = CARTESIAN_POINT('',(62.999999999999,-146.,13.5));
#4530 = VECTOR('',#4531,1.);
#4531 = DIRECTION('',(1.,0.,0.));
#4532 = ORIENTED_EDGE('',*,*,#4533,.T.);
#4533 = EDGE_CURVE('',#4524,#2674,#4534,.T.);
#4534 = LINE('',#4535,#4536);
#4535 = CARTESIAN_POINT('',(62.999999999999,-146.,13.5));
#4536 = VECTOR('',#4537,1.);
#4537 = DIRECTION('',(-0.,-0.,-1.));
#4538 = ORIENTED_EDGE('',*,*,#2671,.F.);
#4539 = ORIENTED_EDGE('',*,*,#4540,.F.);
#4540 = EDGE_CURVE('',#4526,#2672,#4541,.T.);
#4541 = LINE('',#4542,#4543);
#4542 = CARTESIAN_POINT('',(181.,-146.,13.5));
#4543 = VECTOR('',#4544,1.);
#4544 = DIRECTION('',(-0.,-0.,-1.));
#4545 = PLANE('',#4546);
#4546 = AXIS2_PLACEMENT_3D('',#4547,#4548,#4549);
#4547 = CARTESIAN_POINT('',(62.999999999999,-146.,13.5));
#4548 = DIRECTION('',(0.,-1.,0.));
#4549 = DIRECTION('',(1.,0.,0.));
#4550 = ADVANCED_FACE('',(#4551),#4569,.F.);
#4551 = FACE_BOUND('',#4552,.F.);
#4552 = EDGE_LOOP('',(#4553,#4561,#4562,#4563));
#4553 = ORIENTED_EDGE('',*,*,#4554,.F.);
#4554 = EDGE_CURVE('',#4526,#4555,#4557,.T.);
#4555 = VERTEX_POINT('',#4556);
#4556 = CARTESIAN_POINT('',(181.,-106.9999999999,13.5));
#4557 = LINE('',#4558,#4559);
#4558 = CARTESIAN_POINT('',(181.,-146.,13.5));
#4559 = VECTOR('',#4560,1.);
#4560 = DIRECTION('',(0.,1.,0.));
#4561 = ORIENTED_EDGE('',*,*,#4540,.T.);
#4562 = ORIENTED_EDGE('',*,*,#2697,.F.);
#4563 = ORIENTED_EDGE('',*,*,#4564,.F.);
#4564 = EDGE_CURVE('',#4555,#2690,#4565,.T.);
#4565 = LINE('',#4566,#4567);
#4566 = CARTESIAN_POINT('',(181.,-106.9999999999,13.5));
#4567 = VECTOR('',#4568,1.);
#4568 = DIRECTION('',(-0.,-0.,-1.));
#4569 = PLANE('',#4570);
#4570 = AXIS2_PLACEMENT_3D('',#4571,#4572,#4573);
#4571 = CARTESIAN_POINT('',(181.,-146.,13.5));
#4572 = DIRECTION('',(1.,0.,0.));
#4573 = DIRECTION('',(0.,1.,0.));
#4574 = ADVANCED_FACE('',(#4575),#4593,.F.);
#4575 = FACE_BOUND('',#4576,.F.);
#4576 = EDGE_LOOP('',(#4577,#4585,#4591,#4592));
#4577 = ORIENTED_EDGE('',*,*,#4578,.F.);
#4578 = EDGE_CURVE('',#4579,#4524,#4581,.T.);
#4579 = VERTEX_POINT('',#4580);
#4580 = CARTESIAN_POINT('',(62.999999999999,-106.9999999999,13.5));
#4581 = LINE('',#4582,#4583);
#4582 = CARTESIAN_POINT('',(62.999999999999,-106.9999999999,13.5));
#4583 = VECTOR('',#4584,1.);
#4584 = DIRECTION('',(0.,-1.,0.));
#4585 = ORIENTED_EDGE('',*,*,#4586,.T.);
#4586 = EDGE_CURVE('',#4579,#2682,#4587,.T.);
#4587 = LINE('',#4588,#4589);
#4588 = CARTESIAN_POINT('',(62.999999999999,-106.9999999999,13.5));
#4589 = VECTOR('',#4590,1.);
#4590 = DIRECTION('',(-0.,-0.,-1.));
#4591 = ORIENTED_EDGE('',*,*,#2681,.F.);
#4592 = ORIENTED_EDGE('',*,*,#4533,.F.);
#4593 = PLANE('',#4594);
#4594 = AXIS2_PLACEMENT_3D('',#4595,#4596,#4597);
#4595 = CARTESIAN_POINT('',(62.999999999999,-106.9999999999,13.5));
#4596 = DIRECTION('',(-1.,0.,0.));
#4597 = DIRECTION('',(0.,-1.,0.));
#4598 = ADVANCED_FACE('',(#4599),#4610,.F.);
#4599 = FACE_BOUND('',#4600,.F.);
#4600 = EDGE_LOOP('',(#4601,#4607,#4608,#4609));
#4601 = ORIENTED_EDGE('',*,*,#4602,.F.);
#4602 = EDGE_CURVE('',#4555,#4579,#4603,.T.);
#4603 = LINE('',#4604,#4605);
#4604 = CARTESIAN_POINT('',(181.,-106.9999999999,13.5));
#4605 = VECTOR('',#4606,1.);
#4606 = DIRECTION('',(-1.,0.,0.));
#4607 = ORIENTED_EDGE('',*,*,#4564,.T.);
#4608 = ORIENTED_EDGE('',*,*,#2689,.F.);
#4609 = ORIENTED_EDGE('',*,*,#4586,.F.);
#4610 = PLANE('',#4611);
#4611 = AXIS2_PLACEMENT_3D('',#4612,#4613,#4614);
#4612 = CARTESIAN_POINT('',(181.,-106.9999999999,13.5));
#4613 = DIRECTION('',(0.,1.,0.));
#4614 = DIRECTION('',(-1.,0.,0.));
#4615 = ADVANCED_FACE('',(#4616),#4635,.F.);
#4616 = FACE_BOUND('',#4617,.F.);
#4617 = EDGE_LOOP('',(#4618,#4626,#4633,#4634));
#4618 = ORIENTED_EDGE('',*,*,#4619,.F.);
#4619 = EDGE_CURVE('',#4620,#2706,#4622,.T.);
#4620 = VERTEX_POINT('',#4621);
#4621 = CARTESIAN_POINT('',(203.49999999999,-116.,13.5));
#4622 = LINE('',#4623,#4624);
#4623 = CARTESIAN_POINT('',(203.49999999999,-116.,13.5));
#4624 = VECTOR('',#4625,1.);
#4625 = DIRECTION('',(-0.,-0.,-1.));
#4626 = ORIENTED_EDGE('',*,*,#4627,.F.);
#4627 = EDGE_CURVE('',#4620,#4620,#4628,.T.);
#4628 = CIRCLE('',#4629,8.499999999999);
#4629 = AXIS2_PLACEMENT_3D('',#4630,#4631,#4632);
#4630 = CARTESIAN_POINT('',(195.,-116.,13.5));
#4631 = DIRECTION('',(0.,0.,1.));
#4632 = DIRECTION('',(1.,0.,0.));
#4633 = ORIENTED_EDGE('',*,*,#4619,.T.);
#4634 = ORIENTED_EDGE('',*,*,#2705,.T.);
#4635 = CYLINDRICAL_SURFACE('',#4636,8.499999999999);
#4636 = AXIS2_PLACEMENT_3D('',#4637,#4638,#4639);
#4637 = CARTESIAN_POINT('',(195.,-116.,13.5));
#4638 = DIRECTION('',(0.,0.,1.));
#4639 = DIRECTION('',(1.,0.,0.));
#4640 = ADVANCED_FACE('',(#4641),#4659,.F.);
#4641 = FACE_BOUND('',#4642,.T.);
#4642 = EDGE_LOOP('',(#4643,#4650,#4657,#4658));
#4643 = ORIENTED_EDGE('',*,*,#4644,.F.);
#4644 = EDGE_CURVE('',#4645,#2717,#4647,.T.);
#4645 = VERTEX_POINT('',#4646);
#4646 = CARTESIAN_POINT('',(80.373,-91.5615,13.5));
#4647 = B_SPLINE_CURVE_WITH_KNOTS('',1,(#4648,#4649),.UNSPECIFIED.,.F.,
  .F.,(2,2),(0.,1.),.PIECEWISE_BEZIER_KNOTS.);
#4648 = CARTESIAN_POINT('',(80.373,-91.5615,13.5));
#4649 = CARTESIAN_POINT('',(80.722634059718,-91.5615,8.5));
#4650 = ORIENTED_EDGE('',*,*,#4651,.T.);
#4651 = EDGE_CURVE('',#4645,#4645,#4652,.T.);
#4652 = CIRCLE('',#4653,1.5);
#4653 = AXIS2_PLACEMENT_3D('',#4654,#4655,#4656);
#4654 = CARTESIAN_POINT('',(78.873,-91.5615,13.5));
#4655 = DIRECTION('',(0.,0.,1.));
#4656 = DIRECTION('',(1.,0.,0.));
#4657 = ORIENTED_EDGE('',*,*,#4644,.T.);
#4658 = ORIENTED_EDGE('',*,*,#2716,.T.);
#4659 = CONICAL_SURFACE('',#4660,1.5,6.981317007977E-02);
#4660 = AXIS2_PLACEMENT_3D('',#4661,#4662,#4663);
#4661 = CARTESIAN_POINT('',(78.873,-91.5615,13.5));
#4662 = DIRECTION('',(-0.,-0.,-1.));
#4663 = DIRECTION('',(1.,0.,0.));
#4664 = ADVANCED_FACE('',(#4665),#4683,.F.);
#4665 = FACE_BOUND('',#4666,.T.);
#4666 = EDGE_LOOP('',(#4667,#4674,#4681,#4682));
#4667 = ORIENTED_EDGE('',*,*,#4668,.F.);
#4668 = EDGE_CURVE('',#4669,#2728,#4671,.T.);
#4669 = VERTEX_POINT('',#4670);
#4670 = CARTESIAN_POINT('',(89.373,-91.5615,13.5));
#4671 = B_SPLINE_CURVE_WITH_KNOTS('',1,(#4672,#4673),.UNSPECIFIED.,.F.,
  .F.,(2,2),(0.,1.),.PIECEWISE_BEZIER_KNOTS.);
#4672 = CARTESIAN_POINT('',(89.373,-91.5615,13.5));
#4673 = CARTESIAN_POINT('',(89.722634059718,-91.5615,8.5));
#4674 = ORIENTED_EDGE('',*,*,#4675,.T.);
#4675 = EDGE_CURVE('',#4669,#4669,#4676,.T.);
#4676 = CIRCLE('',#4677,1.5);
#4677 = AXIS2_PLACEMENT_3D('',#4678,#4679,#4680);
#4678 = CARTESIAN_POINT('',(87.873,-91.5615,13.5));
#4679 = DIRECTION('',(0.,0.,1.));
#4680 = DIRECTION('',(1.,0.,0.));
#4681 = ORIENTED_EDGE('',*,*,#4668,.T.);
#4682 = ORIENTED_EDGE('',*,*,#2727,.T.);
#4683 = CONICAL_SURFACE('',#4684,1.5,6.981317007977E-02);
#4684 = AXIS2_PLACEMENT_3D('',#4685,#4686,#4687);
#4685 = CARTESIAN_POINT('',(87.873,-91.5615,13.5));
#4686 = DIRECTION('',(-0.,-0.,-1.));
#4687 = DIRECTION('',(1.,0.,0.));
#4688 = ADVANCED_FACE('',(#4689),#4707,.F.);
#4689 = FACE_BOUND('',#4690,.T.);
#4690 = EDGE_LOOP('',(#4691,#4698,#4705,#4706));
#4691 = ORIENTED_EDGE('',*,*,#4692,.F.);
#4692 = EDGE_CURVE('',#4693,#2739,#4695,.T.);
#4693 = VERTEX_POINT('',#4694);
#4694 = CARTESIAN_POINT('',(98.373,-91.5615,13.5));
#4695 = B_SPLINE_CURVE_WITH_KNOTS('',1,(#4696,#4697),.UNSPECIFIED.,.F.,
  .F.,(2,2),(0.,1.),.PIECEWISE_BEZIER_KNOTS.);
#4696 = CARTESIAN_POINT('',(98.373,-91.5615,13.5));
#4697 = CARTESIAN_POINT('',(98.722634059718,-91.5615,8.5));
#4698 = ORIENTED_EDGE('',*,*,#4699,.T.);
#4699 = EDGE_CURVE('',#4693,#4693,#4700,.T.);
#4700 = CIRCLE('',#4701,1.5);
#4701 = AXIS2_PLACEMENT_3D('',#4702,#4703,#4704);
#4702 = CARTESIAN_POINT('',(96.873,-91.5615,13.5));
#4703 = DIRECTION('',(0.,0.,1.));
#4704 = DIRECTION('',(1.,0.,0.));
#4705 = ORIENTED_EDGE('',*,*,#4692,.T.);
#4706 = ORIENTED_EDGE('',*,*,#2738,.T.);
#4707 = CONICAL_SURFACE('',#4708,1.5,6.981317007977E-02);
#4708 = AXIS2_PLACEMENT_3D('',#4709,#4710,#4711);
#4709 = CARTESIAN_POINT('',(96.873,-91.5615,13.5));
#4710 = DIRECTION('',(-0.,-0.,-1.));
#4711 = DIRECTION('',(1.,0.,0.));
#4712 = ADVANCED_FACE('',(#4713),#4731,.F.);
#4713 = FACE_BOUND('',#4714,.T.);
#4714 = EDGE_LOOP('',(#4715,#4722,#4729,#4730));
#4715 = ORIENTED_EDGE('',*,*,#4716,.F.);
#4716 = EDGE_CURVE('',#4717,#2750,#4719,.T.);
#4717 = VERTEX_POINT('',#4718);
#4718 = CARTESIAN_POINT('',(107.373,-91.5615,13.5));
#4719 = B_SPLINE_CURVE_WITH_KNOTS('',1,(#4720,#4721),.UNSPECIFIED.,.F.,
  .F.,(2,2),(0.,1.),.PIECEWISE_BEZIER_KNOTS.);
#4720 = CARTESIAN_POINT('',(107.373,-91.5615,13.5));
#4721 = CARTESIAN_POINT('',(107.72263405971,-91.5615,8.5));
#4722 = ORIENTED_EDGE('',*,*,#4723,.T.);
#4723 = EDGE_CURVE('',#4717,#4717,#4724,.T.);
#4724 = CIRCLE('',#4725,1.5);
#4725 = AXIS2_PLACEMENT_3D('',#4726,#4727,#4728);
#4726 = CARTESIAN_POINT('',(105.873,-91.5615,13.5));
#4727 = DIRECTION('',(0.,0.,1.));
#4728 = DIRECTION('',(1.,0.,0.));
#4729 = ORIENTED_EDGE('',*,*,#4716,.T.);
#4730 = ORIENTED_EDGE('',*,*,#2749,.T.);
#4731 = CONICAL_SURFACE('',#4732,1.5,6.981317007977E-02);
#4732 = AXIS2_PLACEMENT_3D('',#4733,#4734,#4735);
#4733 = CARTESIAN_POINT('',(105.873,-91.5615,13.5));
#4734 = DIRECTION('',(-0.,-0.,-1.));
#4735 = DIRECTION('',(1.,0.,0.));
#4736 = ADVANCED_FACE('',(#4737),#4755,.F.);
#4737 = FACE_BOUND('',#4738,.T.);
#4738 = EDGE_LOOP('',(#4739,#4746,#4753,#4754));
#4739 = ORIENTED_EDGE('',*,*,#4740,.F.);
#4740 = EDGE_CURVE('',#4741,#2761,#4743,.T.);
#4741 = VERTEX_POINT('',#4742);
#4742 = CARTESIAN_POINT('',(116.373,-91.5615,13.5));
#4743 = B_SPLINE_CURVE_WITH_KNOTS('',1,(#4744,#4745),.UNSPECIFIED.,.F.,
  .F.,(2,2),(0.,1.),.PIECEWISE_BEZIER_KNOTS.);
#4744 = CARTESIAN_POINT('',(116.373,-91.5615,13.5));
#4745 = CARTESIAN_POINT('',(116.72263405971,-91.5615,8.5));
#4746 = ORIENTED_EDGE('',*,*,#4747,.T.);
#4747 = EDGE_CURVE('',#4741,#4741,#4748,.T.);
#4748 = CIRCLE('',#4749,1.5);
#4749 = AXIS2_PLACEMENT_3D('',#4750,#4751,#4752);
#4750 = CARTESIAN_POINT('',(114.873,-91.5615,13.5));
#4751 = DIRECTION('',(0.,0.,1.));
#4752 = DIRECTION('',(1.,0.,0.));
#4753 = ORIENTED_EDGE('',*,*,#4740,.T.);
#4754 = ORIENTED_EDGE('',*,*,#2760,.T.);
#4755 = CONICAL_SURFACE('',#4756,1.5,6.981317007977E-02);
#4756 = AXIS2_PLACEMENT_3D('',#4757,#4758,#4759);
#4757 = CARTESIAN_POINT('',(114.873,-91.5615,13.5));
#4758 = DIRECTION('',(-0.,-0.,-1.));
#4759 = DIRECTION('',(1.,0.,0.));
#4760 = ADVANCED_FACE('',(#4761),#4779,.F.);
#4761 = FACE_BOUND('',#4762,.T.);
#4762 = EDGE_LOOP('',(#4763,#4770,#4777,#4778));
#4763 = ORIENTED_EDGE('',*,*,#4764,.F.);
#4764 = EDGE_CURVE('',#4765,#2772,#4767,.T.);
#4765 = VERTEX_POINT('',#4766);
#4766 = CARTESIAN_POINT('',(125.373,-91.5615,13.5));
#4767 = B_SPLINE_CURVE_WITH_KNOTS('',1,(#4768,#4769),.UNSPECIFIED.,.F.,
  .F.,(2,2),(0.,1.),.PIECEWISE_BEZIER_KNOTS.);
#4768 = CARTESIAN_POINT('',(125.373,-91.5615,13.5));
#4769 = CARTESIAN_POINT('',(125.72263405971,-91.5615,8.5));
#4770 = ORIENTED_EDGE('',*,*,#4771,.T.);
#4771 = EDGE_CURVE('',#4765,#4765,#4772,.T.);
#4772 = CIRCLE('',#4773,1.5);
#4773 = AXIS2_PLACEMENT_3D('',#4774,#4775,#4776);
#4774 = CARTESIAN_POINT('',(123.873,-91.5615,13.5));
#4775 = DIRECTION('',(0.,0.,1.));
#4776 = DIRECTION('',(1.,0.,0.));
#4777 = ORIENTED_EDGE('',*,*,#4764,.T.);
#4778 = ORIENTED_EDGE('',*,*,#2771,.T.);
#4779 = CONICAL_SURFACE('',#4780,1.5,6.981317007977E-02);
#4780 = AXIS2_PLACEMENT_3D('',#4781,#4782,#4783);
#4781 = CARTESIAN_POINT('',(123.873,-91.5615,13.5));
#4782 = DIRECTION('',(-0.,-0.,-1.));
#4783 = DIRECTION('',(1.,0.,0.));
#4784 = ADVANCED_FACE('',(#4785),#4803,.F.);
#4785 = FACE_BOUND('',#4786,.T.);
#4786 = EDGE_LOOP('',(#4787,#4794,#4801,#4802));
#4787 = ORIENTED_EDGE('',*,*,#4788,.F.);
#4788 = EDGE_CURVE('',#4789,#2783,#4791,.T.);
#4789 = VERTEX_POINT('',#4790);
#4790 = CARTESIAN_POINT('',(134.373,-91.5615,13.5));
#4791 = B_SPLINE_CURVE_WITH_KNOTS('',1,(#4792,#4793),.UNSPECIFIED.,.F.,
  .F.,(2,2),(0.,1.),.PIECEWISE_BEZIER_KNOTS.);
#4792 = CARTESIAN_POINT('',(134.373,-91.5615,13.5));
#4793 = CARTESIAN_POINT('',(134.72263405971,-91.5615,8.5));
#4794 = ORIENTED_EDGE('',*,*,#4795,.T.);
#4795 = EDGE_CURVE('',#4789,#4789,#4796,.T.);
#4796 = CIRCLE('',#4797,1.5);
#4797 = AXIS2_PLACEMENT_3D('',#4798,#4799,#4800);
#4798 = CARTESIAN_POINT('',(132.873,-91.5615,13.5));
#4799 = DIRECTION('',(0.,0.,1.));
#4800 = DIRECTION('',(1.,0.,0.));
#4801 = ORIENTED_EDGE('',*,*,#4788,.T.);
#4802 = ORIENTED_EDGE('',*,*,#2782,.T.);
#4803 = CONICAL_SURFACE('',#4804,1.5,6.981317007977E-02);
#4804 = AXIS2_PLACEMENT_3D('',#4805,#4806,#4807);
#4805 = CARTESIAN_POINT('',(132.873,-91.5615,13.5));
#4806 = DIRECTION('',(-0.,-0.,-1.));
#4807 = DIRECTION('',(1.,0.,0.));
#4808 = ADVANCED_FACE('',(#4809),#4827,.F.);
#4809 = FACE_BOUND('',#4810,.T.);
#4810 = EDGE_LOOP('',(#4811,#4818,#4825,#4826));
#4811 = ORIENTED_EDGE('',*,*,#4812,.F.);
#4812 = EDGE_CURVE('',#4813,#2794,#4815,.T.);
#4813 = VERTEX_POINT('',#4814);
#4814 = CARTESIAN_POINT('',(80.373,-81.5615,13.5));
#4815 = B_SPLINE_CURVE_WITH_KNOTS('',1,(#4816,#4817),.UNSPECIFIED.,.F.,
  .F.,(2,2),(0.,1.),.PIECEWISE_BEZIER_KNOTS.);
#4816 = CARTESIAN_POINT('',(80.373,-81.5615,13.5));
#4817 = CARTESIAN_POINT('',(80.722634059718,-81.5615,8.5));
#4818 = ORIENTED_EDGE('',*,*,#4819,.T.);
#4819 = EDGE_CURVE('',#4813,#4813,#4820,.T.);
#4820 = CIRCLE('',#4821,1.5);
#4821 = AXIS2_PLACEMENT_3D('',#4822,#4823,#4824);
#4822 = CARTESIAN_POINT('',(78.873,-81.5615,13.5));
#4823 = DIRECTION('',(0.,0.,1.));
#4824 = DIRECTION('',(1.,0.,0.));
#4825 = ORIENTED_EDGE('',*,*,#4812,.T.);
#4826 = ORIENTED_EDGE('',*,*,#2793,.T.);
#4827 = CONICAL_SURFACE('',#4828,1.5,6.981317007977E-02);
#4828 = AXIS2_PLACEMENT_3D('',#4829,#4830,#4831);
#4829 = CARTESIAN_POINT('',(78.873,-81.5615,13.5));
#4830 = DIRECTION('',(-0.,-0.,-1.));
#4831 = DIRECTION('',(1.,0.,0.));
#4832 = ADVANCED_FACE('',(#4833),#4851,.F.);
#4833 = FACE_BOUND('',#4834,.T.);
#4834 = EDGE_LOOP('',(#4835,#4842,#4849,#4850));
#4835 = ORIENTED_EDGE('',*,*,#4836,.F.);
#4836 = EDGE_CURVE('',#4837,#2805,#4839,.T.);
#4837 = VERTEX_POINT('',#4838);
#4838 = CARTESIAN_POINT('',(89.373,-81.5615,13.5));
#4839 = B_SPLINE_CURVE_WITH_KNOTS('',1,(#4840,#4841),.UNSPECIFIED.,.F.,
  .F.,(2,2),(0.,1.),.PIECEWISE_BEZIER_KNOTS.);
#4840 = CARTESIAN_POINT('',(89.373,-81.5615,13.5));
#4841 = CARTESIAN_POINT('',(89.722634059718,-81.5615,8.5));
#4842 = ORIENTED_EDGE('',*,*,#4843,.T.);
#4843 = EDGE_CURVE('',#4837,#4837,#4844,.T.);
#4844 = CIRCLE('',#4845,1.5);
#4845 = AXIS2_PLACEMENT_3D('',#4846,#4847,#4848);
#4846 = CARTESIAN_POINT('',(87.873,-81.5615,13.5));
#4847 = DIRECTION('',(0.,0.,1.));
#4848 = DIRECTION('',(1.,0.,0.));
#4849 = ORIENTED_EDGE('',*,*,#4836,.T.);
#4850 = ORIENTED_EDGE('',*,*,#2804,.T.);
#4851 = CONICAL_SURFACE('',#4852,1.5,6.981317007977E-02);
#4852 = AXIS2_PLACEMENT_3D('',#4853,#4854,#4855);
#4853 = CARTESIAN_POINT('',(87.873,-81.5615,13.5));
#4854 = DIRECTION('',(-0.,-0.,-1.));
#4855 = DIRECTION('',(1.,0.,0.));
#4856 = ADVANCED_FACE('',(#4857),#4875,.F.);
#4857 = FACE_BOUND('',#4858,.T.);
#4858 = EDGE_LOOP('',(#4859,#4866,#4873,#4874));
#4859 = ORIENTED_EDGE('',*,*,#4860,.F.);
#4860 = EDGE_CURVE('',#4861,#2816,#4863,.T.);
#4861 = VERTEX_POINT('',#4862);
#4862 = CARTESIAN_POINT('',(98.373,-81.5615,13.5));
#4863 = B_SPLINE_CURVE_WITH_KNOTS('',1,(#4864,#4865),.UNSPECIFIED.,.F.,
  .F.,(2,2),(0.,1.),.PIECEWISE_BEZIER_KNOTS.);
#4864 = CARTESIAN_POINT('',(98.373,-81.5615,13.5));
#4865 = CARTESIAN_POINT('',(98.722634059718,-81.5615,8.5));
#4866 = ORIENTED_EDGE('',*,*,#4867,.T.);
#4867 = EDGE_CURVE('',#4861,#4861,#4868,.T.);
#4868 = CIRCLE('',#4869,1.5);
#4869 = AXIS2_PLACEMENT_3D('',#4870,#4871,#4872);
#4870 = CARTESIAN_POINT('',(96.873,-81.5615,13.5));
#4871 = DIRECTION('',(0.,0.,1.));
#4872 = DIRECTION('',(1.,0.,0.));
#4873 = ORIENTED_EDGE('',*,*,#4860,.T.);
#4874 = ORIENTED_EDGE('',*,*,#2815,.T.);
#4875 = CONICAL_SURFACE('',#4876,1.5,6.981317007977E-02);
#4876 = AXIS2_PLACEMENT_3D('',#4877,#4878,#4879);
#4877 = CARTESIAN_POINT('',(96.873,-81.5615,13.5));
#4878 = DIRECTION('',(-0.,-0.,-1.));
#4879 = DIRECTION('',(1.,0.,0.));
#4880 = ADVANCED_FACE('',(#4881),#4899,.F.);
#4881 = FACE_BOUND('',#4882,.T.);
#4882 = EDGE_LOOP('',(#4883,#4890,#4897,#4898));
#4883 = ORIENTED_EDGE('',*,*,#4884,.F.);
#4884 = EDGE_CURVE('',#4885,#2827,#4887,.T.);
#4885 = VERTEX_POINT('',#4886);
#4886 = CARTESIAN_POINT('',(80.373,-71.5615,13.5));
#4887 = B_SPLINE_CURVE_WITH_KNOTS('',1,(#4888,#4889),.UNSPECIFIED.,.F.,
  .F.,(2,2),(0.,1.),.PIECEWISE_BEZIER_KNOTS.);
#4888 = CARTESIAN_POINT('',(80.373,-71.5615,13.5));
#4889 = CARTESIAN_POINT('',(80.722634059718,-71.5615,8.5));
#4890 = ORIENTED_EDGE('',*,*,#4891,.T.);
#4891 = EDGE_CURVE('',#4885,#4885,#4892,.T.);
#4892 = CIRCLE('',#4893,1.5);
#4893 = AXIS2_PLACEMENT_3D('',#4894,#4895,#4896);
#4894 = CARTESIAN_POINT('',(78.873,-71.5615,13.5));
#4895 = DIRECTION('',(0.,0.,1.));
#4896 = DIRECTION('',(1.,0.,0.));
#4897 = ORIENTED_EDGE('',*,*,#4884,.T.);
#4898 = ORIENTED_EDGE('',*,*,#2826,.T.);
#4899 = CONICAL_SURFACE('',#4900,1.5,6.981317007977E-02);
#4900 = AXIS2_PLACEMENT_3D('',#4901,#4902,#4903);
#4901 = CARTESIAN_POINT('',(78.873,-71.5615,13.5));
#4902 = DIRECTION('',(-0.,-0.,-1.));
#4903 = DIRECTION('',(1.,0.,0.));
#4904 = ADVANCED_FACE('',(#4905),#4923,.F.);
#4905 = FACE_BOUND('',#4906,.T.);
#4906 = EDGE_LOOP('',(#4907,#4914,#4921,#4922));
#4907 = ORIENTED_EDGE('',*,*,#4908,.F.);
#4908 = EDGE_CURVE('',#4909,#2838,#4911,.T.);
#4909 = VERTEX_POINT('',#4910);
#4910 = CARTESIAN_POINT('',(89.373,-71.5615,13.5));
#4911 = B_SPLINE_CURVE_WITH_KNOTS('',1,(#4912,#4913),.UNSPECIFIED.,.F.,
  .F.,(2,2),(0.,1.),.PIECEWISE_BEZIER_KNOTS.);
#4912 = CARTESIAN_POINT('',(89.373,-71.5615,13.5));
#4913 = CARTESIAN_POINT('',(89.722634059718,-71.5615,8.5));
#4914 = ORIENTED_EDGE('',*,*,#4915,.T.);
#4915 = EDGE_CURVE('',#4909,#4909,#4916,.T.);
#4916 = CIRCLE('',#4917,1.5);
#4917 = AXIS2_PLACEMENT_3D('',#4918,#4919,#4920);
#4918 = CARTESIAN_POINT('',(87.873,-71.5615,13.5));
#4919 = DIRECTION('',(0.,0.,1.));
#4920 = DIRECTION('',(1.,0.,0.));
#4921 = ORIENTED_EDGE('',*,*,#4908,.T.);
#4922 = ORIENTED_EDGE('',*,*,#2837,.T.);
#4923 = CONICAL_SURFACE('',#4924,1.5,6.981317007977E-02);
#4924 = AXIS2_PLACEMENT_3D('',#4925,#4926,#4927);
#4925 = CARTESIAN_POINT('',(87.873,-71.5615,13.5));
#4926 = DIRECTION('',(-0.,-0.,-1.));
#4927 = DIRECTION('',(1.,0.,0.));
#4928 = ADVANCED_FACE('',(#4929),#4947,.F.);
#4929 = FACE_BOUND('',#4930,.T.);
#4930 = EDGE_LOOP('',(#4931,#4938,#4945,#4946));
#4931 = ORIENTED_EDGE('',*,*,#4932,.F.);
#4932 = EDGE_CURVE('',#4933,#2849,#4935,.T.);
#4933 = VERTEX_POINT('',#4934);
#4934 = CARTESIAN_POINT('',(98.373,-71.5615,13.5));
#4935 = B_SPLINE_CURVE_WITH_KNOTS('',1,(#4936,#4937),.UNSPECIFIED.,.F.,
  .F.,(2,2),(0.,1.),.PIECEWISE_BEZIER_KNOTS.);
#4936 = CARTESIAN_POINT('',(98.373,-71.5615,13.5));
#4937 = CARTESIAN_POINT('',(98.722634059718,-71.5615,8.5));
#4938 = ORIENTED_EDGE('',*,*,#4939,.T.);
#4939 = EDGE_CURVE('',#4933,#4933,#4940,.T.);
#4940 = CIRCLE('',#4941,1.5);
#4941 = AXIS2_PLACEMENT_3D('',#4942,#4943,#4944);
#4942 = CARTESIAN_POINT('',(96.873,-71.5615,13.5));
#4943 = DIRECTION('',(0.,0.,1.));
#4944 = DIRECTION('',(1.,0.,0.));
#4945 = ORIENTED_EDGE('',*,*,#4932,.T.);
#4946 = ORIENTED_EDGE('',*,*,#2848,.T.);
#4947 = CONICAL_SURFACE('',#4948,1.5,6.981317007977E-02);
#4948 = AXIS2_PLACEMENT_3D('',#4949,#4950,#4951);
#4949 = CARTESIAN_POINT('',(96.873,-71.5615,13.5));
#4950 = DIRECTION('',(-0.,-0.,-1.));
#4951 = DIRECTION('',(1.,0.,0.));
#4952 = ADVANCED_FACE('',(#4953),#4971,.F.);
#4953 = FACE_BOUND('',#4954,.T.);
#4954 = EDGE_LOOP('',(#4955,#4962,#4969,#4970));
#4955 = ORIENTED_EDGE('',*,*,#4956,.F.);
#4956 = EDGE_CURVE('',#4957,#2860,#4959,.T.);
#4957 = VERTEX_POINT('',#4958);
#4958 = CARTESIAN_POINT('',(107.373,-81.5615,13.5));
#4959 = B_SPLINE_CURVE_WITH_KNOTS('',1,(#4960,#4961),.UNSPECIFIED.,.F.,
  .F.,(2,2),(0.,1.),.PIECEWISE_BEZIER_KNOTS.);
#4960 = CARTESIAN_POINT('',(107.373,-81.5615,13.5));
#4961 = CARTESIAN_POINT('',(107.72263405971,-81.5615,8.5));
#4962 = ORIENTED_EDGE('',*,*,#4963,.T.);
#4963 = EDGE_CURVE('',#4957,#4957,#4964,.T.);
#4964 = CIRCLE('',#4965,1.5);
#4965 = AXIS2_PLACEMENT_3D('',#4966,#4967,#4968);
#4966 = CARTESIAN_POINT('',(105.873,-81.5615,13.5));
#4967 = DIRECTION('',(0.,0.,1.));
#4968 = DIRECTION('',(1.,0.,0.));
#4969 = ORIENTED_EDGE('',*,*,#4956,.T.);
#4970 = ORIENTED_EDGE('',*,*,#2859,.T.);
#4971 = CONICAL_SURFACE('',#4972,1.5,6.981317007977E-02);
#4972 = AXIS2_PLACEMENT_3D('',#4973,#4974,#4975);
#4973 = CARTESIAN_POINT('',(105.873,-81.5615,13.5));
#4974 = DIRECTION('',(-0.,-0.,-1.));
#4975 = DIRECTION('',(1.,0.,0.));
#4976 = ADVANCED_FACE('',(#4977),#4995,.F.);
#4977 = FACE_BOUND('',#4978,.T.);
#4978 = EDGE_LOOP('',(#4979,#4986,#4993,#4994));
#4979 = ORIENTED_EDGE('',*,*,#4980,.F.);
#4980 = EDGE_CURVE('',#4981,#2871,#4983,.T.);
#4981 = VERTEX_POINT('',#4982);
#4982 = CARTESIAN_POINT('',(116.373,-81.5615,13.5));
#4983 = B_SPLINE_CURVE_WITH_KNOTS('',1,(#4984,#4985),.UNSPECIFIED.,.F.,
  .F.,(2,2),(0.,1.),.PIECEWISE_BEZIER_KNOTS.);
#4984 = CARTESIAN_POINT('',(116.373,-81.5615,13.5));
#4985 = CARTESIAN_POINT('',(116.72263405971,-81.5615,8.5));
#4986 = ORIENTED_EDGE('',*,*,#4987,.T.);
#4987 = EDGE_CURVE('',#4981,#4981,#4988,.T.);
#4988 = CIRCLE('',#4989,1.5);
#4989 = AXIS2_PLACEMENT_3D('',#4990,#4991,#4992);
#4990 = CARTESIAN_POINT('',(114.873,-81.5615,13.5));
#4991 = DIRECTION('',(0.,0.,1.));
#4992 = DIRECTION('',(1.,0.,0.));
#4993 = ORIENTED_EDGE('',*,*,#4980,.T.);
#4994 = ORIENTED_EDGE('',*,*,#2870,.T.);
#4995 = CONICAL_SURFACE('',#4996,1.5,6.981317007977E-02);
#4996 = AXIS2_PLACEMENT_3D('',#4997,#4998,#4999);
#4997 = CARTESIAN_POINT('',(114.873,-81.5615,13.5));
#4998 = DIRECTION('',(-0.,-0.,-1.));
#4999 = DIRECTION('',(1.,0.,0.));
#5000 = ADVANCED_FACE('',(#5001),#5019,.F.);
#5001 = FACE_BOUND('',#5002,.T.);
#5002 = EDGE_LOOP('',(#5003,#5010,#5017,#5018));
#5003 = ORIENTED_EDGE('',*,*,#5004,.F.);
#5004 = EDGE_CURVE('',#5005,#2882,#5007,.T.);
#5005 = VERTEX_POINT('',#5006);
#5006 = CARTESIAN_POINT('',(125.373,-81.5615,13.5));
#5007 = B_SPLINE_CURVE_WITH_KNOTS('',1,(#5008,#5009),.UNSPECIFIED.,.F.,
  .F.,(2,2),(0.,1.),.PIECEWISE_BEZIER_KNOTS.);
#5008 = CARTESIAN_POINT('',(125.373,-81.5615,13.5));
#5009 = CARTESIAN_POINT('',(125.72263405971,-81.5615,8.5));
#5010 = ORIENTED_EDGE('',*,*,#5011,.T.);
#5011 = EDGE_CURVE('',#5005,#5005,#5012,.T.);
#5012 = CIRCLE('',#5013,1.5);
#5013 = AXIS2_PLACEMENT_3D('',#5014,#5015,#5016);
#5014 = CARTESIAN_POINT('',(123.873,-81.5615,13.5));
#5015 = DIRECTION('',(0.,0.,1.));
#5016 = DIRECTION('',(1.,0.,0.));
#5017 = ORIENTED_EDGE('',*,*,#5004,.T.);
#5018 = ORIENTED_EDGE('',*,*,#2881,.T.);
#5019 = CONICAL_SURFACE('',#5020,1.5,6.981317007977E-02);
#5020 = AXIS2_PLACEMENT_3D('',#5021,#5022,#5023);
#5021 = CARTESIAN_POINT('',(123.873,-81.5615,13.5));
#5022 = DIRECTION('',(-0.,-0.,-1.));
#5023 = DIRECTION('',(1.,0.,0.));
#5024 = ADVANCED_FACE('',(#5025),#5043,.F.);
#5025 = FACE_BOUND('',#5026,.T.);
#5026 = EDGE_LOOP('',(#5027,#5034,#5041,#5042));
#5027 = ORIENTED_EDGE('',*,*,#5028,.F.);
#5028 = EDGE_CURVE('',#5029,#2893,#5031,.T.);
#5029 = VERTEX_POINT('',#5030);
#5030 = CARTESIAN_POINT('',(134.373,-81.5615,13.5));
#5031 = B_SPLINE_CURVE_WITH_KNOTS('',1,(#5032,#5033),.UNSPECIFIED.,.F.,
  .F.,(2,2),(0.,1.),.PIECEWISE_BEZIER_KNOTS.);
#5032 = CARTESIAN_POINT('',(134.373,-81.5615,13.5));
#5033 = CARTESIAN_POINT('',(134.72263405971,-81.5615,8.5));
#5034 = ORIENTED_EDGE('',*,*,#5035,.T.);
#5035 = EDGE_CURVE('',#5029,#5029,#5036,.T.);
#5036 = CIRCLE('',#5037,1.5);
#5037 = AXIS2_PLACEMENT_3D('',#5038,#5039,#5040);
#5038 = CARTESIAN_POINT('',(132.873,-81.5615,13.5));
#5039 = DIRECTION('',(0.,0.,1.));
#5040 = DIRECTION('',(1.,0.,0.));
#5041 = ORIENTED_EDGE('',*,*,#5028,.T.);
#5042 = ORIENTED_EDGE('',*,*,#2892,.T.);
#5043 = CONICAL_SURFACE('',#5044,1.5,6.981317007977E-02);
#5044 = AXIS2_PLACEMENT_3D('',#5045,#5046,#5047);
#5045 = CARTESIAN_POINT('',(132.873,-81.5615,13.5));
#5046 = DIRECTION('',(-0.,-0.,-1.));
#5047 = DIRECTION('',(1.,0.,0.));
#5048 = ADVANCED_FACE('',(#5049),#5067,.F.);
#5049 = FACE_BOUND('',#5050,.T.);
#5050 = EDGE_LOOP('',(#5051,#5058,#5065,#5066));
#5051 = ORIENTED_EDGE('',*,*,#5052,.F.);
#5052 = EDGE_CURVE('',#5053,#2904,#5055,.T.);
#5053 = VERTEX_POINT('',#5054);
#5054 = CARTESIAN_POINT('',(107.373,-71.5615,13.5));
#5055 = B_SPLINE_CURVE_WITH_KNOTS('',1,(#5056,#5057),.UNSPECIFIED.,.F.,
  .F.,(2,2),(0.,1.),.PIECEWISE_BEZIER_KNOTS.);
#5056 = CARTESIAN_POINT('',(107.373,-71.5615,13.5));
#5057 = CARTESIAN_POINT('',(107.72263405971,-71.5615,8.5));
#5058 = ORIENTED_EDGE('',*,*,#5059,.T.);
#5059 = EDGE_CURVE('',#5053,#5053,#5060,.T.);
#5060 = CIRCLE('',#5061,1.5);
#5061 = AXIS2_PLACEMENT_3D('',#5062,#5063,#5064);
#5062 = CARTESIAN_POINT('',(105.873,-71.5615,13.5));
#5063 = DIRECTION('',(0.,0.,1.));
#5064 = DIRECTION('',(1.,0.,0.));
#5065 = ORIENTED_EDGE('',*,*,#5052,.T.);
#5066 = ORIENTED_EDGE('',*,*,#2903,.T.);
#5067 = CONICAL_SURFACE('',#5068,1.5,6.981317007977E-02);
#5068 = AXIS2_PLACEMENT_3D('',#5069,#5070,#5071);
#5069 = CARTESIAN_POINT('',(105.873,-71.5615,13.5));
#5070 = DIRECTION('',(-0.,-0.,-1.));
#5071 = DIRECTION('',(1.,0.,0.));
#5072 = ADVANCED_FACE('',(#5073),#5091,.F.);
#5073 = FACE_BOUND('',#5074,.T.);
#5074 = EDGE_LOOP('',(#5075,#5082,#5089,#5090));
#5075 = ORIENTED_EDGE('',*,*,#5076,.F.);
#5076 = EDGE_CURVE('',#5077,#2915,#5079,.T.);
#5077 = VERTEX_POINT('',#5078);
#5078 = CARTESIAN_POINT('',(116.373,-71.5615,13.5));
#5079 = B_SPLINE_CURVE_WITH_KNOTS('',1,(#5080,#5081),.UNSPECIFIED.,.F.,
  .F.,(2,2),(0.,1.),.PIECEWISE_BEZIER_KNOTS.);
#5080 = CARTESIAN_POINT('',(116.373,-71.5615,13.5));
#5081 = CARTESIAN_POINT('',(116.72263405971,-71.5615,8.5));
#5082 = ORIENTED_EDGE('',*,*,#5083,.T.);
#5083 = EDGE_CURVE('',#5077,#5077,#5084,.T.);
#5084 = CIRCLE('',#5085,1.5);
#5085 = AXIS2_PLACEMENT_3D('',#5086,#5087,#5088);
#5086 = CARTESIAN_POINT('',(114.873,-71.5615,13.5));
#5087 = DIRECTION('',(0.,0.,1.));
#5088 = DIRECTION('',(1.,0.,0.));
#5089 = ORIENTED_EDGE('',*,*,#5076,.T.);
#5090 = ORIENTED_EDGE('',*,*,#2914,.T.);
#5091 = CONICAL_SURFACE('',#5092,1.5,6.981317007977E-02);
#5092 = AXIS2_PLACEMENT_3D('',#5093,#5094,#5095);
#5093 = CARTESIAN_POINT('',(114.873,-71.5615,13.5));
#5094 = DIRECTION('',(-0.,-0.,-1.));
#5095 = DIRECTION('',(1.,0.,0.));
#5096 = ADVANCED_FACE('',(#5097),#5115,.F.);
#5097 = FACE_BOUND('',#5098,.T.);
#5098 = EDGE_LOOP('',(#5099,#5106,#5113,#5114));
#5099 = ORIENTED_EDGE('',*,*,#5100,.F.);
#5100 = EDGE_CURVE('',#5101,#2926,#5103,.T.);
#5101 = VERTEX_POINT('',#5102);
#5102 = CARTESIAN_POINT('',(125.373,-71.5615,13.5));
#5103 = B_SPLINE_CURVE_WITH_KNOTS('',1,(#5104,#5105),.UNSPECIFIED.,.F.,
  .F.,(2,2),(0.,1.),.PIECEWISE_BEZIER_KNOTS.);
#5104 = CARTESIAN_POINT('',(125.373,-71.5615,13.5));
#5105 = CARTESIAN_POINT('',(125.72263405971,-71.5615,8.5));
#5106 = ORIENTED_EDGE('',*,*,#5107,.T.);
#5107 = EDGE_CURVE('',#5101,#5101,#5108,.T.);
#5108 = CIRCLE('',#5109,1.5);
#5109 = AXIS2_PLACEMENT_3D('',#5110,#5111,#5112);
#5110 = CARTESIAN_POINT('',(123.873,-71.5615,13.5));
#5111 = DIRECTION('',(0.,0.,1.));
#5112 = DIRECTION('',(1.,0.,0.));
#5113 = ORIENTED_EDGE('',*,*,#5100,.T.);
#5114 = ORIENTED_EDGE('',*,*,#2925,.T.);
#5115 = CONICAL_SURFACE('',#5116,1.5,6.981317007977E-02);
#5116 = AXIS2_PLACEMENT_3D('',#5117,#5118,#5119);
#5117 = CARTESIAN_POINT('',(123.873,-71.5615,13.5));
#5118 = DIRECTION('',(-0.,-0.,-1.));
#5119 = DIRECTION('',(1.,0.,0.));
#5120 = ADVANCED_FACE('',(#5121),#5139,.F.);
#5121 = FACE_BOUND('',#5122,.T.);
#5122 = EDGE_LOOP('',(#5123,#5130,#5137,#5138));
#5123 = ORIENTED_EDGE('',*,*,#5124,.F.);
#5124 = EDGE_CURVE('',#5125,#2937,#5127,.T.);
#5125 = VERTEX_POINT('',#5126);
#5126 = CARTESIAN_POINT('',(134.373,-71.5615,13.5));
#5127 = B_SPLINE_CURVE_WITH_KNOTS('',1,(#5128,#5129),.UNSPECIFIED.,.F.,
  .F.,(2,2),(0.,1.),.PIECEWISE_BEZIER_KNOTS.);
#5128 = CARTESIAN_POINT('',(134.373,-71.5615,13.5));
#5129 = CARTESIAN_POINT('',(134.72263405971,-71.5615,8.5));
#5130 = ORIENTED_EDGE('',*,*,#5131,.T.);
#5131 = EDGE_CURVE('',#5125,#5125,#5132,.T.);
#5132 = CIRCLE('',#5133,1.5);
#5133 = AXIS2_PLACEMENT_3D('',#5134,#5135,#5136);
#5134 = CARTESIAN_POINT('',(132.873,-71.5615,13.5));
#5135 = DIRECTION('',(0.,0.,1.));
#5136 = DIRECTION('',(1.,0.,0.));
#5137 = ORIENTED_EDGE('',*,*,#5124,.T.);
#5138 = ORIENTED_EDGE('',*,*,#2936,.T.);
#5139 = CONICAL_SURFACE('',#5140,1.5,6.981317007977E-02);
#5140 = AXIS2_PLACEMENT_3D('',#5141,#5142,#5143);
#5141 = CARTESIAN_POINT('',(132.873,-71.5615,13.5));
#5142 = DIRECTION('',(-0.,-0.,-1.));
#5143 = DIRECTION('',(1.,0.,0.));
#5144 = ADVANCED_FACE('',(#5145),#5163,.F.);
#5145 = FACE_BOUND('',#5146,.T.);
#5146 = EDGE_LOOP('',(#5147,#5154,#5161,#5162));
#5147 = ORIENTED_EDGE('',*,*,#5148,.F.);
#5148 = EDGE_CURVE('',#5149,#2948,#5151,.T.);
#5149 = VERTEX_POINT('',#5150);
#5150 = CARTESIAN_POINT('',(143.373,-91.5615,13.5));
#5151 = B_SPLINE_CURVE_WITH_KNOTS('',1,(#5152,#5153),.UNSPECIFIED.,.F.,
  .F.,(2,2),(0.,1.),.PIECEWISE_BEZIER_KNOTS.);
#5152 = CARTESIAN_POINT('',(143.373,-91.5615,13.5));
#5153 = CARTESIAN_POINT('',(143.72263405971,-91.5615,8.5));
#5154 = ORIENTED_EDGE('',*,*,#5155,.T.);
#5155 = EDGE_CURVE('',#5149,#5149,#5156,.T.);
#5156 = CIRCLE('',#5157,1.5);
#5157 = AXIS2_PLACEMENT_3D('',#5158,#5159,#5160);
#5158 = CARTESIAN_POINT('',(141.873,-91.5615,13.5));
#5159 = DIRECTION('',(0.,0.,1.));
#5160 = DIRECTION('',(1.,0.,0.));
#5161 = ORIENTED_EDGE('',*,*,#5148,.T.);
#5162 = ORIENTED_EDGE('',*,*,#2947,.T.);
#5163 = CONICAL_SURFACE('',#5164,1.5,6.981317007977E-02);
#5164 = AXIS2_PLACEMENT_3D('',#5165,#5166,#5167);
#5165 = CARTESIAN_POINT('',(141.873,-91.5615,13.5));
#5166 = DIRECTION('',(-0.,-0.,-1.));
#5167 = DIRECTION('',(1.,0.,0.));
#5168 = ADVANCED_FACE('',(#5169),#5187,.F.);
#5169 = FACE_BOUND('',#5170,.T.);
#5170 = EDGE_LOOP('',(#5171,#5178,#5185,#5186));
#5171 = ORIENTED_EDGE('',*,*,#5172,.F.);
#5172 = EDGE_CURVE('',#5173,#2959,#5175,.T.);
#5173 = VERTEX_POINT('',#5174);
#5174 = CARTESIAN_POINT('',(152.373,-91.5615,13.5));
#5175 = B_SPLINE_CURVE_WITH_KNOTS('',1,(#5176,#5177),.UNSPECIFIED.,.F.,
  .F.,(2,2),(0.,1.),.PIECEWISE_BEZIER_KNOTS.);
#5176 = CARTESIAN_POINT('',(152.373,-91.5615,13.5));
#5177 = CARTESIAN_POINT('',(152.72263405971,-91.5615,8.5));
#5178 = ORIENTED_EDGE('',*,*,#5179,.T.);
#5179 = EDGE_CURVE('',#5173,#5173,#5180,.T.);
#5180 = CIRCLE('',#5181,1.5);
#5181 = AXIS2_PLACEMENT_3D('',#5182,#5183,#5184);
#5182 = CARTESIAN_POINT('',(150.873,-91.5615,13.5));
#5183 = DIRECTION('',(0.,0.,1.));
#5184 = DIRECTION('',(1.,0.,0.));
#5185 = ORIENTED_EDGE('',*,*,#5172,.T.);
#5186 = ORIENTED_EDGE('',*,*,#2958,.T.);
#5187 = CONICAL_SURFACE('',#5188,1.5,6.981317007977E-02);
#5188 = AXIS2_PLACEMENT_3D('',#5189,#5190,#5191);
#5189 = CARTESIAN_POINT('',(150.873,-91.5615,13.5));
#5190 = DIRECTION('',(-0.,-0.,-1.));
#5191 = DIRECTION('',(1.,0.,0.));
#5192 = ADVANCED_FACE('',(#5193),#5211,.F.);
#5193 = FACE_BOUND('',#5194,.T.);
#5194 = EDGE_LOOP('',(#5195,#5202,#5209,#5210));
#5195 = ORIENTED_EDGE('',*,*,#5196,.F.);
#5196 = EDGE_CURVE('',#5197,#2970,#5199,.T.);
#5197 = VERTEX_POINT('',#5198);
#5198 = CARTESIAN_POINT('',(161.373,-91.5615,13.5));
#5199 = B_SPLINE_CURVE_WITH_KNOTS('',1,(#5200,#5201),.UNSPECIFIED.,.F.,
  .F.,(2,2),(0.,1.),.PIECEWISE_BEZIER_KNOTS.);
#5200 = CARTESIAN_POINT('',(161.373,-91.5615,13.5));
#5201 = CARTESIAN_POINT('',(161.72263405971,-91.5615,8.5));
#5202 = ORIENTED_EDGE('',*,*,#5203,.T.);
#5203 = EDGE_CURVE('',#5197,#5197,#5204,.T.);
#5204 = CIRCLE('',#5205,1.5);
#5205 = AXIS2_PLACEMENT_3D('',#5206,#5207,#5208);
#5206 = CARTESIAN_POINT('',(159.873,-91.5615,13.5));
#5207 = DIRECTION('',(0.,0.,1.));
#5208 = DIRECTION('',(1.,0.,0.));
#5209 = ORIENTED_EDGE('',*,*,#5196,.T.);
#5210 = ORIENTED_EDGE('',*,*,#2969,.T.);
#5211 = CONICAL_SURFACE('',#5212,1.5,6.981317007977E-02);
#5212 = AXIS2_PLACEMENT_3D('',#5213,#5214,#5215);
#5213 = CARTESIAN_POINT('',(159.873,-91.5615,13.5));
#5214 = DIRECTION('',(-0.,-0.,-1.));
#5215 = DIRECTION('',(1.,0.,0.));
#5216 = ADVANCED_FACE('',(#5217),#5235,.F.);
#5217 = FACE_BOUND('',#5218,.T.);
#5218 = EDGE_LOOP('',(#5219,#5226,#5233,#5234));
#5219 = ORIENTED_EDGE('',*,*,#5220,.F.);
#5220 = EDGE_CURVE('',#5221,#2981,#5223,.T.);
#5221 = VERTEX_POINT('',#5222);
#5222 = CARTESIAN_POINT('',(143.373,-81.5615,13.5));
#5223 = B_SPLINE_CURVE_WITH_KNOTS('',1,(#5224,#5225),.UNSPECIFIED.,.F.,
  .F.,(2,2),(0.,1.),.PIECEWISE_BEZIER_KNOTS.);
#5224 = CARTESIAN_POINT('',(143.373,-81.5615,13.5));
#5225 = CARTESIAN_POINT('',(143.72263405971,-81.5615,8.5));
#5226 = ORIENTED_EDGE('',*,*,#5227,.T.);
#5227 = EDGE_CURVE('',#5221,#5221,#5228,.T.);
#5228 = CIRCLE('',#5229,1.5);
#5229 = AXIS2_PLACEMENT_3D('',#5230,#5231,#5232);
#5230 = CARTESIAN_POINT('',(141.873,-81.5615,13.5));
#5231 = DIRECTION('',(0.,0.,1.));
#5232 = DIRECTION('',(1.,0.,0.));
#5233 = ORIENTED_EDGE('',*,*,#5220,.T.);
#5234 = ORIENTED_EDGE('',*,*,#2980,.T.);
#5235 = CONICAL_SURFACE('',#5236,1.5,6.981317007977E-02);
#5236 = AXIS2_PLACEMENT_3D('',#5237,#5238,#5239);
#5237 = CARTESIAN_POINT('',(141.873,-81.5615,13.5));
#5238 = DIRECTION('',(-0.,-0.,-1.));
#5239 = DIRECTION('',(1.,0.,0.));
#5240 = ADVANCED_FACE('',(#5241),#5259,.F.);
#5241 = FACE_BOUND('',#5242,.T.);
#5242 = EDGE_LOOP('',(#5243,#5250,#5257,#5258));
#5243 = ORIENTED_EDGE('',*,*,#5244,.F.);
#5244 = EDGE_CURVE('',#5245,#2992,#5247,.T.);
#5245 = VERTEX_POINT('',#5246);
#5246 = CARTESIAN_POINT('',(152.373,-81.5615,13.5));
#5247 = B_SPLINE_CURVE_WITH_KNOTS('',1,(#5248,#5249),.UNSPECIFIED.,.F.,
  .F.,(2,2),(0.,1.),.PIECEWISE_BEZIER_KNOTS.);
#5248 = CARTESIAN_POINT('',(152.373,-81.5615,13.5));
#5249 = CARTESIAN_POINT('',(152.72263405971,-81.5615,8.5));
#5250 = ORIENTED_EDGE('',*,*,#5251,.T.);
#5251 = EDGE_CURVE('',#5245,#5245,#5252,.T.);
#5252 = CIRCLE('',#5253,1.5);
#5253 = AXIS2_PLACEMENT_3D('',#5254,#5255,#5256);
#5254 = CARTESIAN_POINT('',(150.873,-81.5615,13.5));
#5255 = DIRECTION('',(0.,0.,1.));
#5256 = DIRECTION('',(1.,0.,0.));
#5257 = ORIENTED_EDGE('',*,*,#5244,.T.);
#5258 = ORIENTED_EDGE('',*,*,#2991,.T.);
#5259 = CONICAL_SURFACE('',#5260,1.5,6.981317007977E-02);
#5260 = AXIS2_PLACEMENT_3D('',#5261,#5262,#5263);
#5261 = CARTESIAN_POINT('',(150.873,-81.5615,13.5));
#5262 = DIRECTION('',(-0.,-0.,-1.));
#5263 = DIRECTION('',(1.,0.,0.));
#5264 = ADVANCED_FACE('',(#5265),#5283,.F.);
#5265 = FACE_BOUND('',#5266,.T.);
#5266 = EDGE_LOOP('',(#5267,#5274,#5281,#5282));
#5267 = ORIENTED_EDGE('',*,*,#5268,.F.);
#5268 = EDGE_CURVE('',#5269,#3003,#5271,.T.);
#5269 = VERTEX_POINT('',#5270);
#5270 = CARTESIAN_POINT('',(161.373,-81.5615,13.5));
#5271 = B_SPLINE_CURVE_WITH_KNOTS('',1,(#5272,#5273),.UNSPECIFIED.,.F.,
  .F.,(2,2),(0.,1.),.PIECEWISE_BEZIER_KNOTS.);
#5272 = CARTESIAN_POINT('',(161.373,-81.5615,13.5));
#5273 = CARTESIAN_POINT('',(161.72263405971,-81.5615,8.5));
#5274 = ORIENTED_EDGE('',*,*,#5275,.T.);
#5275 = EDGE_CURVE('',#5269,#5269,#5276,.T.);
#5276 = CIRCLE('',#5277,1.5);
#5277 = AXIS2_PLACEMENT_3D('',#5278,#5279,#5280);
#5278 = CARTESIAN_POINT('',(159.873,-81.5615,13.5));
#5279 = DIRECTION('',(0.,0.,1.));
#5280 = DIRECTION('',(1.,0.,0.));
#5281 = ORIENTED_EDGE('',*,*,#5268,.T.);
#5282 = ORIENTED_EDGE('',*,*,#3002,.T.);
#5283 = CONICAL_SURFACE('',#5284,1.5,6.981317007977E-02);
#5284 = AXIS2_PLACEMENT_3D('',#5285,#5286,#5287);
#5285 = CARTESIAN_POINT('',(159.873,-81.5615,13.5));
#5286 = DIRECTION('',(-0.,-0.,-1.));
#5287 = DIRECTION('',(1.,0.,0.));
#5288 = ADVANCED_FACE('',(#5289),#5307,.F.);
#5289 = FACE_BOUND('',#5290,.T.);
#5290 = EDGE_LOOP('',(#5291,#5298,#5305,#5306));
#5291 = ORIENTED_EDGE('',*,*,#5292,.F.);
#5292 = EDGE_CURVE('',#5293,#3014,#5295,.T.);
#5293 = VERTEX_POINT('',#5294);
#5294 = CARTESIAN_POINT('',(143.373,-71.5615,13.5));
#5295 = B_SPLINE_CURVE_WITH_KNOTS('',1,(#5296,#5297),.UNSPECIFIED.,.F.,
  .F.,(2,2),(0.,1.),.PIECEWISE_BEZIER_KNOTS.);
#5296 = CARTESIAN_POINT('',(143.373,-71.5615,13.5));
#5297 = CARTESIAN_POINT('',(143.72263405971,-71.5615,8.5));
#5298 = ORIENTED_EDGE('',*,*,#5299,.T.);
#5299 = EDGE_CURVE('',#5293,#5293,#5300,.T.);
#5300 = CIRCLE('',#5301,1.5);
#5301 = AXIS2_PLACEMENT_3D('',#5302,#5303,#5304);
#5302 = CARTESIAN_POINT('',(141.873,-71.5615,13.5));
#5303 = DIRECTION('',(0.,0.,1.));
#5304 = DIRECTION('',(1.,0.,0.));
#5305 = ORIENTED_EDGE('',*,*,#5292,.T.);
#5306 = ORIENTED_EDGE('',*,*,#3013,.T.);
#5307 = CONICAL_SURFACE('',#5308,1.5,6.981317007977E-02);
#5308 = AXIS2_PLACEMENT_3D('',#5309,#5310,#5311);
#5309 = CARTESIAN_POINT('',(141.873,-71.5615,13.5));
#5310 = DIRECTION('',(-0.,-0.,-1.));
#5311 = DIRECTION('',(1.,0.,0.));
#5312 = ADVANCED_FACE('',(#5313),#5331,.F.);
#5313 = FACE_BOUND('',#5314,.T.);
#5314 = EDGE_LOOP('',(#5315,#5322,#5329,#5330));
#5315 = ORIENTED_EDGE('',*,*,#5316,.F.);
#5316 = EDGE_CURVE('',#5317,#3025,#5319,.T.);
#5317 = VERTEX_POINT('',#5318);
#5318 = CARTESIAN_POINT('',(152.373,-71.5615,13.5));
#5319 = B_SPLINE_CURVE_WITH_KNOTS('',1,(#5320,#5321),.UNSPECIFIED.,.F.,
  .F.,(2,2),(0.,1.),.PIECEWISE_BEZIER_KNOTS.);
#5320 = CARTESIAN_POINT('',(152.373,-71.5615,13.5));
#5321 = CARTESIAN_POINT('',(152.72263405971,-71.5615,8.5));
#5322 = ORIENTED_EDGE('',*,*,#5323,.T.);
#5323 = EDGE_CURVE('',#5317,#5317,#5324,.T.);
#5324 = CIRCLE('',#5325,1.5);
#5325 = AXIS2_PLACEMENT_3D('',#5326,#5327,#5328);
#5326 = CARTESIAN_POINT('',(150.873,-71.5615,13.5));
#5327 = DIRECTION('',(0.,0.,1.));
#5328 = DIRECTION('',(1.,0.,0.));
#5329 = ORIENTED_EDGE('',*,*,#5316,.T.);
#5330 = ORIENTED_EDGE('',*,*,#3024,.T.);
#5331 = CONICAL_SURFACE('',#5332,1.5,6.981317007977E-02);
#5332 = AXIS2_PLACEMENT_3D('',#5333,#5334,#5335);
#5333 = CARTESIAN_POINT('',(150.873,-71.5615,13.5));
#5334 = DIRECTION('',(-0.,-0.,-1.));
#5335 = DIRECTION('',(1.,0.,0.));
#5336 = ADVANCED_FACE('',(#5337),#5355,.F.);
#5337 = FACE_BOUND('',#5338,.T.);
#5338 = EDGE_LOOP('',(#5339,#5346,#5353,#5354));
#5339 = ORIENTED_EDGE('',*,*,#5340,.F.);
#5340 = EDGE_CURVE('',#5341,#3036,#5343,.T.);
#5341 = VERTEX_POINT('',#5342);
#5342 = CARTESIAN_POINT('',(161.373,-71.5615,13.5));
#5343 = B_SPLINE_CURVE_WITH_KNOTS('',1,(#5344,#5345),.UNSPECIFIED.,.F.,
  .F.,(2,2),(0.,1.),.PIECEWISE_BEZIER_KNOTS.);
#5344 = CARTESIAN_POINT('',(161.373,-71.5615,13.5));
#5345 = CARTESIAN_POINT('',(161.72263405971,-71.5615,8.5));
#5346 = ORIENTED_EDGE('',*,*,#5347,.T.);
#5347 = EDGE_CURVE('',#5341,#5341,#5348,.T.);
#5348 = CIRCLE('',#5349,1.5);
#5349 = AXIS2_PLACEMENT_3D('',#5350,#5351,#5352);
#5350 = CARTESIAN_POINT('',(159.873,-71.5615,13.5));
#5351 = DIRECTION('',(0.,0.,1.));
#5352 = DIRECTION('',(1.,0.,0.));
#5353 = ORIENTED_EDGE('',*,*,#5340,.T.);
#5354 = ORIENTED_EDGE('',*,*,#3035,.T.);
#5355 = CONICAL_SURFACE('',#5356,1.5,6.981317007977E-02);
#5356 = AXIS2_PLACEMENT_3D('',#5357,#5358,#5359);
#5357 = CARTESIAN_POINT('',(159.873,-71.5615,13.5));
#5358 = DIRECTION('',(-0.,-0.,-1.));
#5359 = DIRECTION('',(1.,0.,0.));
#5360 = ADVANCED_FACE('',(#5361),#5380,.F.);
#5361 = FACE_BOUND('',#5362,.T.);
#5362 = EDGE_LOOP('',(#5363,#5371,#5378,#5379));
#5363 = ORIENTED_EDGE('',*,*,#5364,.F.);
#5364 = EDGE_CURVE('',#5365,#3240,#5367,.T.);
#5365 = VERTEX_POINT('',#5366);
#5366 = CARTESIAN_POINT('',(217.7,-64.77,12.026733523556));
#5367 = LINE('',#5368,#5369);
#5368 = CARTESIAN_POINT('',(217.7,-64.77,12.026733523556));
#5369 = VECTOR('',#5370,1.);
#5370 = DIRECTION('',(-6.E-17,0.,-1.));
#5371 = ORIENTED_EDGE('',*,*,#5372,.T.);
#5372 = EDGE_CURVE('',#5365,#5365,#5373,.T.);
#5373 = CIRCLE('',#5374,1.7);
#5374 = AXIS2_PLACEMENT_3D('',#5375,#5376,#5377);
#5375 = CARTESIAN_POINT('',(216.,-64.77,12.026733523556));
#5376 = DIRECTION('',(0.,0.,1.));
#5377 = DIRECTION('',(1.,0.,0.));
#5378 = ORIENTED_EDGE('',*,*,#5364,.T.);
#5379 = ORIENTED_EDGE('',*,*,#3239,.T.);
#5380 = CYLINDRICAL_SURFACE('',#5381,1.7);
#5381 = AXIS2_PLACEMENT_3D('',#5382,#5383,#5384);
#5382 = CARTESIAN_POINT('',(216.,-64.77,12.026733523556));
#5383 = DIRECTION('',(-0.,-0.,-1.));
#5384 = DIRECTION('',(1.,0.,0.));
#5385 = ADVANCED_FACE('',(#5386,#5396),#5407,.F.);
#5386 = FACE_BOUND('',#5387,.F.);
#5387 = EDGE_LOOP('',(#5388,#5389,#5390,#5391,#5392,#5393,#5394,#5395));
#5388 = ORIENTED_EDGE('',*,*,#4277,.T.);
#5389 = ORIENTED_EDGE('',*,*,#4325,.T.);
#5390 = ORIENTED_EDGE('',*,*,#4381,.T.);
#5391 = ORIENTED_EDGE('',*,*,#4429,.T.);
#5392 = ORIENTED_EDGE('',*,*,#3292,.T.);
#5393 = ORIENTED_EDGE('',*,*,#4169,.T.);
#5394 = ORIENTED_EDGE('',*,*,#4197,.T.);
#5395 = ORIENTED_EDGE('',*,*,#4221,.T.);
#5396 = FACE_BOUND('',#5397,.F.);
#5397 = EDGE_LOOP('',(#5398));
#5398 = ORIENTED_EDGE('',*,*,#5399,.T.);
#5399 = EDGE_CURVE('',#5400,#5400,#5402,.T.);
#5400 = VERTEX_POINT('',#5401);
#5401 = CARTESIAN_POINT('',(217.7,-143.,1.6));
#5402 = CIRCLE('',#5403,1.7);
#5403 = AXIS2_PLACEMENT_3D('',#5404,#5405,#5406);
#5404 = CARTESIAN_POINT('',(216.,-143.,1.6));
#5405 = DIRECTION('',(0.,0.,-1.));
#5406 = DIRECTION('',(1.,0.,0.));
#5407 = PLANE('',#5408);
#5408 = AXIS2_PLACEMENT_3D('',#5409,#5410,#5411);
#5409 = CARTESIAN_POINT('',(136.6889445362,-103.0711984509,1.6));
#5410 = DIRECTION('',(0.,0.,1.));
#5411 = DIRECTION('',(1.,0.,0.));
#5412 = ADVANCED_FACE('',(#5413),#5429,.T.);
#5413 = FACE_BOUND('',#5414,.T.);
#5414 = EDGE_LOOP('',(#5415,#5416,#5422,#5423));
#5415 = ORIENTED_EDGE('',*,*,#3623,.F.);
#5416 = ORIENTED_EDGE('',*,*,#5417,.T.);
#5417 = EDGE_CURVE('',#3624,#3318,#5418,.T.);
#5418 = LINE('',#5419,#5420);
#5419 = CARTESIAN_POINT('',(224.,-121.86,1.67));
#5420 = VECTOR('',#5421,1.);
#5421 = DIRECTION('',(-1.,-1.1E-16,1.1E-16));
#5422 = ORIENTED_EDGE('',*,*,#3317,.T.);
#5423 = ORIENTED_EDGE('',*,*,#5424,.F.);
#5424 = EDGE_CURVE('',#3626,#3320,#5425,.T.);
#5425 = LINE('',#5426,#5427);
#5426 = CARTESIAN_POINT('',(224.,-116.08,1.67));
#5427 = VECTOR('',#5428,1.);
#5428 = DIRECTION('',(-1.,-1.1E-16,1.1E-16));
#5429 = PLANE('',#5430);
#5430 = AXIS2_PLACEMENT_3D('',#5431,#5432,#5433);
#5431 = CARTESIAN_POINT('',(224.,-121.86,1.67));
#5432 = DIRECTION('',(-1.1E-16,2.2E-16,-1.));
#5433 = DIRECTION('',(-4.4E-16,1.,2.2E-16));
#5434 = ADVANCED_FACE('',(#5435),#5446,.F.);
#5435 = FACE_BOUND('',#5436,.F.);
#5436 = EDGE_LOOP('',(#5437,#5438,#5439,#5440));
#5437 = ORIENTED_EDGE('',*,*,#3633,.F.);
#5438 = ORIENTED_EDGE('',*,*,#5417,.T.);
#5439 = ORIENTED_EDGE('',*,*,#3327,.T.);
#5440 = ORIENTED_EDGE('',*,*,#5441,.F.);
#5441 = EDGE_CURVE('',#3634,#3328,#5442,.T.);
#5442 = LINE('',#5443,#5444);
#5443 = CARTESIAN_POINT('',(224.,-121.86,-6.33));
#5444 = VECTOR('',#5445,1.);
#5445 = DIRECTION('',(-1.,-1.1E-16,1.1E-16));
#5446 = CYLINDRICAL_SURFACE('',#5447,4.);
#5447 = AXIS2_PLACEMENT_3D('',#5448,#5449,#5450);
#5448 = CARTESIAN_POINT('',(224.,-121.86,-2.33));
#5449 = DIRECTION('',(1.,4.4E-16,-2.2E-16));
#5450 = DIRECTION('',(-4.4E-16,1.,2.2E-16));
#5451 = ADVANCED_FACE('',(#5452),#5463,.F.);
#5452 = FACE_BOUND('',#5453,.F.);
#5453 = EDGE_LOOP('',(#5454,#5455,#5461,#5462));
#5454 = ORIENTED_EDGE('',*,*,#3650,.F.);
#5455 = ORIENTED_EDGE('',*,*,#5456,.T.);
#5456 = EDGE_CURVE('',#3643,#3337,#5457,.T.);
#5457 = LINE('',#5458,#5459);
#5458 = CARTESIAN_POINT('',(224.,-116.08,-6.33));
#5459 = VECTOR('',#5460,1.);
#5460 = DIRECTION('',(-1.,-1.1E-16,1.1E-16));
#5461 = ORIENTED_EDGE('',*,*,#3344,.T.);
#5462 = ORIENTED_EDGE('',*,*,#5424,.F.);
#5463 = CYLINDRICAL_SURFACE('',#5464,4.);
#5464 = AXIS2_PLACEMENT_3D('',#5465,#5466,#5467);
#5465 = CARTESIAN_POINT('',(224.,-116.08,-2.33));
#5466 = DIRECTION('',(1.,4.4E-16,-2.2E-16));
#5467 = DIRECTION('',(-4.4E-16,1.,2.2E-16));
#5468 = ADVANCED_FACE('',(#5469),#5475,.F.);
#5469 = FACE_BOUND('',#5470,.F.);
#5470 = EDGE_LOOP('',(#5471,#5472,#5473,#5474));
#5471 = ORIENTED_EDGE('',*,*,#3642,.F.);
#5472 = ORIENTED_EDGE('',*,*,#5441,.T.);
#5473 = ORIENTED_EDGE('',*,*,#3336,.T.);
#5474 = ORIENTED_EDGE('',*,*,#5456,.F.);
#5475 = PLANE('',#5476);
#5476 = AXIS2_PLACEMENT_3D('',#5477,#5478,#5479);
#5477 = CARTESIAN_POINT('',(224.,-121.86,-6.33));
#5478 = DIRECTION('',(-1.1E-16,2.2E-16,-1.));
#5479 = DIRECTION('',(-4.4E-16,1.,2.2E-16));
#5480 = ADVANCED_FACE('',(#5481),#5497,.F.);
#5481 = FACE_BOUND('',#5482,.T.);
#5482 = EDGE_LOOP('',(#5483,#5484,#5490,#5491));
#5483 = ORIENTED_EDGE('',*,*,#3659,.F.);
#5484 = ORIENTED_EDGE('',*,*,#5485,.T.);
#5485 = EDGE_CURVE('',#3660,#3356,#5486,.T.);
#5486 = LINE('',#5487,#5488);
#5487 = CARTESIAN_POINT('',(224.,-91.81,1.45));
#5488 = VECTOR('',#5489,1.);
#5489 = DIRECTION('',(-1.,-1.1E-16,1.1E-16));
#5490 = ORIENTED_EDGE('',*,*,#3353,.F.);
#5491 = ORIENTED_EDGE('',*,*,#5492,.F.);
#5492 = EDGE_CURVE('',#3662,#3354,#5493,.T.);
#5493 = LINE('',#5494,#5495);
#5494 = CARTESIAN_POINT('',(224.,-90.31,-5.000000000002E-02));
#5495 = VECTOR('',#5496,1.);
#5496 = DIRECTION('',(-1.,-1.1E-16,1.1E-16));
#5497 = CYLINDRICAL_SURFACE('',#5498,1.5);
#5498 = AXIS2_PLACEMENT_3D('',#5499,#5500,#5501);
#5499 = CARTESIAN_POINT('',(224.,-91.81,-5.000000000002E-02));
#5500 = DIRECTION('',(1.,4.4E-16,-2.2E-16));
#5501 = DIRECTION('',(4.4E-16,-1.,-2.2E-16));
#5502 = ADVANCED_FACE('',(#5503),#5514,.F.);
#5503 = FACE_BOUND('',#5504,.F.);
#5504 = EDGE_LOOP('',(#5505,#5506,#5512,#5513));
#5505 = ORIENTED_EDGE('',*,*,#3721,.F.);
#5506 = ORIENTED_EDGE('',*,*,#5507,.T.);
#5507 = EDGE_CURVE('',#3713,#3407,#5508,.T.);
#5508 = LINE('',#5509,#5510);
#5509 = CARTESIAN_POINT('',(224.,-90.31,-7.74));
#5510 = VECTOR('',#5511,1.);
#5511 = DIRECTION('',(-1.,-1.1E-16,1.1E-16));
#5512 = ORIENTED_EDGE('',*,*,#3415,.T.);
#5513 = ORIENTED_EDGE('',*,*,#5492,.F.);
#5514 = PLANE('',#5515);
#5515 = AXIS2_PLACEMENT_3D('',#5516,#5517,#5518);
#5516 = CARTESIAN_POINT('',(224.,-90.31,-7.74));
#5517 = DIRECTION('',(-1.1E-16,1.,2.2E-16));
#5518 = DIRECTION('',(2.2E-16,-2.2E-16,1.));
#5519 = ADVANCED_FACE('',(#5520),#5531,.F.);
#5520 = FACE_BOUND('',#5521,.F.);
#5521 = EDGE_LOOP('',(#5522,#5523,#5524,#5525));
#5522 = ORIENTED_EDGE('',*,*,#3670,.F.);
#5523 = ORIENTED_EDGE('',*,*,#5485,.T.);
#5524 = ORIENTED_EDGE('',*,*,#3364,.T.);
#5525 = ORIENTED_EDGE('',*,*,#5526,.F.);
#5526 = EDGE_CURVE('',#3671,#3365,#5527,.T.);
#5527 = LINE('',#5528,#5529);
#5528 = CARTESIAN_POINT('',(224.,-106.31,1.45));
#5529 = VECTOR('',#5530,1.);
#5530 = DIRECTION('',(-1.,-1.1E-16,1.1E-16));
#5531 = PLANE('',#5532);
#5532 = AXIS2_PLACEMENT_3D('',#5533,#5534,#5535);
#5533 = CARTESIAN_POINT('',(224.,-91.81,1.45));
#5534 = DIRECTION('',(1.1E-16,-2.2E-16,1.));
#5535 = DIRECTION('',(4.4E-16,-1.,-2.2E-16));
#5536 = ADVANCED_FACE('',(#5537),#5548,.F.);
#5537 = FACE_BOUND('',#5538,.T.);
#5538 = EDGE_LOOP('',(#5539,#5540,#5541,#5542));
#5539 = ORIENTED_EDGE('',*,*,#3712,.F.);
#5540 = ORIENTED_EDGE('',*,*,#5507,.T.);
#5541 = ORIENTED_EDGE('',*,*,#3406,.F.);
#5542 = ORIENTED_EDGE('',*,*,#5543,.F.);
#5543 = EDGE_CURVE('',#3705,#3399,#5544,.T.);
#5544 = LINE('',#5545,#5546);
#5545 = CARTESIAN_POINT('',(224.,-91.81,-9.24));
#5546 = VECTOR('',#5547,1.);
#5547 = DIRECTION('',(-1.,-1.1E-16,1.1E-16));
#5548 = CYLINDRICAL_SURFACE('',#5549,1.5);
#5549 = AXIS2_PLACEMENT_3D('',#5550,#5551,#5552);
#5550 = CARTESIAN_POINT('',(224.,-91.81,-7.74));
#5551 = DIRECTION('',(1.,4.4E-16,-2.2E-16));
#5552 = DIRECTION('',(2.2E-16,-3.3E-16,1.));
#5553 = ADVANCED_FACE('',(#5554),#5565,.F.);
#5554 = FACE_BOUND('',#5555,.T.);
#5555 = EDGE_LOOP('',(#5556,#5557,#5563,#5564));
#5556 = ORIENTED_EDGE('',*,*,#3678,.F.);
#5557 = ORIENTED_EDGE('',*,*,#5558,.T.);
#5558 = EDGE_CURVE('',#3679,#3373,#5559,.T.);
#5559 = LINE('',#5560,#5561);
#5560 = CARTESIAN_POINT('',(224.,-107.81,-5.000000000002E-02));
#5561 = VECTOR('',#5562,1.);
#5562 = DIRECTION('',(-1.,-1.1E-16,1.1E-16));
#5563 = ORIENTED_EDGE('',*,*,#3372,.F.);
#5564 = ORIENTED_EDGE('',*,*,#5526,.F.);
#5565 = CYLINDRICAL_SURFACE('',#5566,1.5);
#5566 = AXIS2_PLACEMENT_3D('',#5567,#5568,#5569);
#5567 = CARTESIAN_POINT('',(224.,-106.31,-5.000000000002E-02));
#5568 = DIRECTION('',(1.,4.4E-16,-2.2E-16));
#5569 = DIRECTION('',(-2.2E-16,1.1E-16,-1.));
#5570 = ADVANCED_FACE('',(#5571),#5582,.F.);
#5571 = FACE_BOUND('',#5572,.F.);
#5572 = EDGE_LOOP('',(#5573,#5574,#5580,#5581));
#5573 = ORIENTED_EDGE('',*,*,#3704,.F.);
#5574 = ORIENTED_EDGE('',*,*,#5575,.T.);
#5575 = EDGE_CURVE('',#3696,#3390,#5576,.T.);
#5576 = LINE('',#5577,#5578);
#5577 = CARTESIAN_POINT('',(224.,-106.31,-9.24));
#5578 = VECTOR('',#5579,1.);
#5579 = DIRECTION('',(-1.,-1.1E-16,1.1E-16));
#5580 = ORIENTED_EDGE('',*,*,#3398,.T.);
#5581 = ORIENTED_EDGE('',*,*,#5543,.F.);
#5582 = PLANE('',#5583);
#5583 = AXIS2_PLACEMENT_3D('',#5584,#5585,#5586);
#5584 = CARTESIAN_POINT('',(224.,-106.31,-9.24));
#5585 = DIRECTION('',(-1.1E-16,2.2E-16,-1.));
#5586 = DIRECTION('',(-4.4E-16,1.,2.2E-16));
#5587 = ADVANCED_FACE('',(#5588),#5599,.F.);
#5588 = FACE_BOUND('',#5589,.F.);
#5589 = EDGE_LOOP('',(#5590,#5591,#5592,#5593));
#5590 = ORIENTED_EDGE('',*,*,#3687,.F.);
#5591 = ORIENTED_EDGE('',*,*,#5558,.T.);
#5592 = ORIENTED_EDGE('',*,*,#3381,.T.);
#5593 = ORIENTED_EDGE('',*,*,#5594,.F.);
#5594 = EDGE_CURVE('',#3688,#3382,#5595,.T.);
#5595 = LINE('',#5596,#5597);
#5596 = CARTESIAN_POINT('',(224.,-107.81,-7.74));
#5597 = VECTOR('',#5598,1.);
#5598 = DIRECTION('',(-1.,-1.1E-16,1.1E-16));
#5599 = PLANE('',#5600);
#5600 = AXIS2_PLACEMENT_3D('',#5601,#5602,#5603);
#5601 = CARTESIAN_POINT('',(224.,-107.81,-5.000000000002E-02));
#5602 = DIRECTION('',(1.1E-16,-1.,-2.2E-16));
#5603 = DIRECTION('',(-2.2E-16,2.2E-16,-1.));
#5604 = ADVANCED_FACE('',(#5605),#5611,.F.);
#5605 = FACE_BOUND('',#5606,.T.);
#5606 = EDGE_LOOP('',(#5607,#5608,#5609,#5610));
#5607 = ORIENTED_EDGE('',*,*,#3695,.F.);
#5608 = ORIENTED_EDGE('',*,*,#5575,.T.);
#5609 = ORIENTED_EDGE('',*,*,#3389,.F.);
#5610 = ORIENTED_EDGE('',*,*,#5594,.F.);
#5611 = CYLINDRICAL_SURFACE('',#5612,1.5);
#5612 = AXIS2_PLACEMENT_3D('',#5613,#5614,#5615);
#5613 = CARTESIAN_POINT('',(224.,-106.31,-7.74));
#5614 = DIRECTION('',(1.,4.4E-16,-2.2E-16));
#5615 = DIRECTION('',(-4.4E-16,1.,1.E-16));
#5616 = ADVANCED_FACE('',(#5617),#5633,.F.);
#5617 = FACE_BOUND('',#5618,.T.);
#5618 = EDGE_LOOP('',(#5619,#5620,#5626,#5627));
#5619 = ORIENTED_EDGE('',*,*,#3729,.F.);
#5620 = ORIENTED_EDGE('',*,*,#5621,.T.);
#5621 = EDGE_CURVE('',#3730,#3426,#5622,.T.);
#5622 = LINE('',#5623,#5624);
#5623 = CARTESIAN_POINT('',(224.,-73.014,1.449999999999));
#5624 = VECTOR('',#5625,1.);
#5625 = DIRECTION('',(-1.,-1.1E-16,1.1E-16));
#5626 = ORIENTED_EDGE('',*,*,#3423,.F.);
#5627 = ORIENTED_EDGE('',*,*,#5628,.F.);
#5628 = EDGE_CURVE('',#3732,#3424,#5629,.T.);
#5629 = LINE('',#5630,#5631);
#5630 = CARTESIAN_POINT('',(224.,-71.514,-4.999999999935E-02));
#5631 = VECTOR('',#5632,1.);
#5632 = DIRECTION('',(-1.,-1.1E-16,1.1E-16));
#5633 = CYLINDRICAL_SURFACE('',#5634,1.499999999999);
#5634 = AXIS2_PLACEMENT_3D('',#5635,#5636,#5637);
#5635 = CARTESIAN_POINT('',(224.,-73.014,-5.000000000002E-02));
#5636 = DIRECTION('',(1.,4.4E-16,-2.2E-16));
#5637 = DIRECTION('',(4.4E-16,-1.,-2.2E-16));
#5638 = ADVANCED_FACE('',(#5639),#5650,.F.);
#5639 = FACE_BOUND('',#5640,.F.);
#5640 = EDGE_LOOP('',(#5641,#5642,#5648,#5649));
#5641 = ORIENTED_EDGE('',*,*,#3791,.F.);
#5642 = ORIENTED_EDGE('',*,*,#5643,.T.);
#5643 = EDGE_CURVE('',#3783,#3477,#5644,.T.);
#5644 = LINE('',#5645,#5646);
#5645 = CARTESIAN_POINT('',(224.,-71.514,-7.740000000038));
#5646 = VECTOR('',#5647,1.);
#5647 = DIRECTION('',(-1.,-1.1E-16,1.1E-16));
#5648 = ORIENTED_EDGE('',*,*,#3485,.T.);
#5649 = ORIENTED_EDGE('',*,*,#5628,.F.);
#5650 = PLANE('',#5651);
#5651 = AXIS2_PLACEMENT_3D('',#5652,#5653,#5654);
#5652 = CARTESIAN_POINT('',(224.,-71.514,-7.740000000038));
#5653 = DIRECTION('',(-1.1E-16,1.,-2.75E-14));
#5654 = DIRECTION('',(2.2E-16,2.75E-14,1.));
#5655 = ADVANCED_FACE('',(#5656),#5667,.F.);
#5656 = FACE_BOUND('',#5657,.F.);
#5657 = EDGE_LOOP('',(#5658,#5659,#5660,#5661));
#5658 = ORIENTED_EDGE('',*,*,#3740,.F.);
#5659 = ORIENTED_EDGE('',*,*,#5621,.T.);
#5660 = ORIENTED_EDGE('',*,*,#3434,.T.);
#5661 = ORIENTED_EDGE('',*,*,#5662,.F.);
#5662 = EDGE_CURVE('',#3741,#3435,#5663,.T.);
#5663 = LINE('',#5664,#5665);
#5664 = CARTESIAN_POINT('',(224.,-87.514,1.449999999999));
#5665 = VECTOR('',#5666,1.);
#5666 = DIRECTION('',(-1.,-1.1E-16,1.1E-16));
#5667 = PLANE('',#5668);
#5668 = AXIS2_PLACEMENT_3D('',#5669,#5670,#5671);
#5669 = CARTESIAN_POINT('',(224.,-73.014,1.449999999999));
#5670 = DIRECTION('',(1.1E-16,-2.2E-16,1.));
#5671 = DIRECTION('',(4.4E-16,-1.,-2.2E-16));
#5672 = ADVANCED_FACE('',(#5673),#5684,.F.);
#5673 = FACE_BOUND('',#5674,.T.);
#5674 = EDGE_LOOP('',(#5675,#5676,#5677,#5678));
#5675 = ORIENTED_EDGE('',*,*,#3782,.F.);
#5676 = ORIENTED_EDGE('',*,*,#5643,.T.);
#5677 = ORIENTED_EDGE('',*,*,#3476,.F.);
#5678 = ORIENTED_EDGE('',*,*,#5679,.F.);
#5679 = EDGE_CURVE('',#3775,#3469,#5680,.T.);
#5680 = LINE('',#5681,#5682);
#5681 = CARTESIAN_POINT('',(224.,-73.014,-9.239999999999));
#5682 = VECTOR('',#5683,1.);
#5683 = DIRECTION('',(-1.,-1.1E-16,1.1E-16));
#5684 = CYLINDRICAL_SURFACE('',#5685,1.499999999999);
#5685 = AXIS2_PLACEMENT_3D('',#5686,#5687,#5688);
#5686 = CARTESIAN_POINT('',(224.,-73.014,-7.74));
#5687 = DIRECTION('',(1.,4.4E-16,-2.2E-16));
#5688 = DIRECTION('',(2.2E-16,-3.3E-16,1.));
#5689 = ADVANCED_FACE('',(#5690),#5701,.F.);
#5690 = FACE_BOUND('',#5691,.T.);
#5691 = EDGE_LOOP('',(#5692,#5693,#5699,#5700));
#5692 = ORIENTED_EDGE('',*,*,#3748,.F.);
#5693 = ORIENTED_EDGE('',*,*,#5694,.T.);
#5694 = EDGE_CURVE('',#3749,#3443,#5695,.T.);
#5695 = LINE('',#5696,#5697);
#5696 = CARTESIAN_POINT('',(224.,-89.01399999999,-4.999999999934E-02));
#5697 = VECTOR('',#5698,1.);
#5698 = DIRECTION('',(-1.,-1.1E-16,1.1E-16));
#5699 = ORIENTED_EDGE('',*,*,#3442,.F.);
#5700 = ORIENTED_EDGE('',*,*,#5662,.F.);
#5701 = CYLINDRICAL_SURFACE('',#5702,1.499999999999);
#5702 = AXIS2_PLACEMENT_3D('',#5703,#5704,#5705);
#5703 = CARTESIAN_POINT('',(224.,-87.514,-5.000000000002E-02));
#5704 = DIRECTION('',(1.,4.4E-16,-2.2E-16));
#5705 = DIRECTION('',(-2.2E-16,1.1E-16,-1.));
#5706 = ADVANCED_FACE('',(#5707),#5718,.F.);
#5707 = FACE_BOUND('',#5708,.F.);
#5708 = EDGE_LOOP('',(#5709,#5710,#5716,#5717));
#5709 = ORIENTED_EDGE('',*,*,#3774,.F.);
#5710 = ORIENTED_EDGE('',*,*,#5711,.T.);
#5711 = EDGE_CURVE('',#3766,#3460,#5712,.T.);
#5712 = LINE('',#5713,#5714);
#5713 = CARTESIAN_POINT('',(224.,-87.514,-9.239999999999));
#5714 = VECTOR('',#5715,1.);
#5715 = DIRECTION('',(-1.,-1.1E-16,1.1E-16));
#5716 = ORIENTED_EDGE('',*,*,#3468,.T.);
#5717 = ORIENTED_EDGE('',*,*,#5679,.F.);
#5718 = PLANE('',#5719);
#5719 = AXIS2_PLACEMENT_3D('',#5720,#5721,#5722);
#5720 = CARTESIAN_POINT('',(224.,-87.514,-9.239999999999));
#5721 = DIRECTION('',(-1.1E-16,7.1E-16,-1.));
#5722 = DIRECTION('',(-4.4E-16,1.,7.1E-16));
#5723 = ADVANCED_FACE('',(#5724),#5735,.F.);
#5724 = FACE_BOUND('',#5725,.F.);
#5725 = EDGE_LOOP('',(#5726,#5727,#5728,#5729));
#5726 = ORIENTED_EDGE('',*,*,#3757,.F.);
#5727 = ORIENTED_EDGE('',*,*,#5694,.T.);
#5728 = ORIENTED_EDGE('',*,*,#3451,.T.);
#5729 = ORIENTED_EDGE('',*,*,#5730,.F.);
#5730 = EDGE_CURVE('',#3758,#3452,#5731,.T.);
#5731 = LINE('',#5732,#5733);
#5732 = CARTESIAN_POINT('',(224.,-89.01399999999,-7.74000000005));
#5733 = VECTOR('',#5734,1.);
#5734 = DIRECTION('',(-1.,-1.1E-16,1.1E-16));
#5735 = PLANE('',#5736);
#5736 = AXIS2_PLACEMENT_3D('',#5737,#5738,#5739);
#5737 = CARTESIAN_POINT('',(224.,-89.01399999999,-4.999999999935E-02));
#5738 = DIRECTION('',(1.1E-16,-1.,-7.044E-14));
#5739 = DIRECTION('',(-2.2E-16,7.044E-14,-1.));
#5740 = ADVANCED_FACE('',(#5741),#5747,.F.);
#5741 = FACE_BOUND('',#5742,.T.);
#5742 = EDGE_LOOP('',(#5743,#5744,#5745,#5746));
#5743 = ORIENTED_EDGE('',*,*,#3765,.F.);
#5744 = ORIENTED_EDGE('',*,*,#5711,.T.);
#5745 = ORIENTED_EDGE('',*,*,#3459,.F.);
#5746 = ORIENTED_EDGE('',*,*,#5730,.F.);
#5747 = CYLINDRICAL_SURFACE('',#5748,1.499999999999);
#5748 = AXIS2_PLACEMENT_3D('',#5749,#5750,#5751);
#5749 = CARTESIAN_POINT('',(224.,-87.514,-7.74));
#5750 = DIRECTION('',(1.,4.4E-16,-2.2E-16));
#5751 = DIRECTION('',(-4.4E-16,1.,1.E-16));
#5752 = ADVANCED_FACE('',(#5753,#5763),#5774,.F.);
#5753 = FACE_BOUND('',#5754,.F.);
#5754 = EDGE_LOOP('',(#5755,#5756,#5757,#5758,#5759,#5760,#5761,#5762));
#5755 = ORIENTED_EDGE('',*,*,#4478,.T.);
#5756 = ORIENTED_EDGE('',*,*,#4450,.T.);
#5757 = ORIENTED_EDGE('',*,*,#4405,.T.);
#5758 = ORIENTED_EDGE('',*,*,#4353,.T.);
#5759 = ORIENTED_EDGE('',*,*,#4301,.T.);
#5760 = ORIENTED_EDGE('',*,*,#4249,.T.);
#5761 = ORIENTED_EDGE('',*,*,#3574,.T.);
#5762 = ORIENTED_EDGE('',*,*,#4502,.T.);
#5763 = FACE_BOUND('',#5764,.F.);
#5764 = EDGE_LOOP('',(#5765));
#5765 = ORIENTED_EDGE('',*,*,#5766,.T.);
#5766 = EDGE_CURVE('',#5767,#5767,#5769,.T.);
#5767 = VERTEX_POINT('',#5768);
#5768 = CARTESIAN_POINT('',(60.7,-143.,1.6));
#5769 = CIRCLE('',#5770,1.7);
#5770 = AXIS2_PLACEMENT_3D('',#5771,#5772,#5773);
#5771 = CARTESIAN_POINT('',(59.,-143.,1.6));
#5772 = DIRECTION('',(0.,0.,-1.));
#5773 = DIRECTION('',(1.,0.,0.));
#5774 = PLANE('',#5775);
#5775 = AXIS2_PLACEMENT_3D('',#5776,#5777,#5778);
#5776 = CARTESIAN_POINT('',(136.6889445362,-103.0711984509,1.6));
#5777 = DIRECTION('',(0.,0.,1.));
#5778 = DIRECTION('',(1.,0.,0.));
#5779 = ADVANCED_FACE('',(#5780),#5806,.T.);
#5780 = FACE_BOUND('',#5781,.F.);
#5781 = EDGE_LOOP('',(#5782,#5783,#5791,#5799));
#5782 = ORIENTED_EDGE('',*,*,#3615,.F.);
#5783 = ORIENTED_EDGE('',*,*,#5784,.T.);
#5784 = EDGE_CURVE('',#3608,#5785,#5787,.T.);
#5785 = VERTEX_POINT('',#5786);
#5786 = CARTESIAN_POINT('',(222.,-150.0814157129,13.5));
#5787 = ( BOUNDED_CURVE() B_SPLINE_CURVE(2,(#5788,#5789,#5790),
.UNSPECIFIED.,.F.,.F.) B_SPLINE_CURVE_WITH_KNOTS((3,3),(0.,1.),
.PIECEWISE_BEZIER_KNOTS.) CURVE() GEOMETRIC_REPRESENTATION_ITEM() 
RATIONAL_B_SPLINE_CURVE((1.,0.707106781187,1.)) REPRESENTATION_ITEM('') 
  );
#5788 = CARTESIAN_POINT('',(224.,-150.0814157129,11.5));
#5789 = CARTESIAN_POINT('',(224.,-150.0814157129,13.5));
#5790 = CARTESIAN_POINT('',(222.,-150.0814157129,13.5));
#5791 = ORIENTED_EDGE('',*,*,#5792,.T.);
#5792 = EDGE_CURVE('',#5785,#5793,#5795,.T.);
#5793 = VERTEX_POINT('',#5794);
#5794 = CARTESIAN_POINT('',(222.,-64.08141571295,13.5));
#5795 = LINE('',#5796,#5797);
#5796 = CARTESIAN_POINT('',(222.,-150.0814157129,13.5));
#5797 = VECTOR('',#5798,1.);
#5798 = DIRECTION('',(0.,1.,0.));
#5799 = ORIENTED_EDGE('',*,*,#5800,.F.);
#5800 = EDGE_CURVE('',#3599,#5793,#5801,.T.);
#5801 = CIRCLE('',#5802,2.);
#5802 = AXIS2_PLACEMENT_3D('',#5803,#5804,#5805);
#5803 = CARTESIAN_POINT('',(222.,-64.08141571295,11.5));
#5804 = DIRECTION('',(0.,-1.,0.));
#5805 = DIRECTION('',(1.1E-16,0.,-1.));
#5806 = CYLINDRICAL_SURFACE('',#5807,2.);
#5807 = AXIS2_PLACEMENT_3D('',#5808,#5809,#5810);
#5808 = CARTESIAN_POINT('',(222.,-150.0814157129,11.5));
#5809 = DIRECTION('',(0.,1.,0.));
#5810 = DIRECTION('',(1.1E-16,0.,-1.));
#5811 = ADVANCED_FACE('',(#5812),#5832,.T.);
#5812 = FACE_BOUND('',#5813,.T.);
#5813 = EDGE_LOOP('',(#5814,#5815,#5824,#5831));
#5814 = ORIENTED_EDGE('',*,*,#3814,.F.);
#5815 = ORIENTED_EDGE('',*,*,#5816,.T.);
#5816 = EDGE_CURVE('',#3807,#5817,#5819,.T.);
#5817 = VERTEX_POINT('',#5818);
#5818 = CARTESIAN_POINT('',(220.,-62.08141571295,13.5));
#5819 = CIRCLE('',#5820,2.);
#5820 = AXIS2_PLACEMENT_3D('',#5821,#5822,#5823);
#5821 = CARTESIAN_POINT('',(220.,-62.08141571295,11.5));
#5822 = DIRECTION('',(1.,-0.,0.));
#5823 = DIRECTION('',(0.,0.258819045103,-0.965925826289));
#5824 = ORIENTED_EDGE('',*,*,#5825,.T.);
#5825 = EDGE_CURVE('',#5817,#5793,#5826,.T.);
#5826 = CIRCLE('',#5827,2.);
#5827 = AXIS2_PLACEMENT_3D('',#5828,#5829,#5830);
#5828 = CARTESIAN_POINT('',(220.,-64.08141571295,13.5));
#5829 = DIRECTION('',(0.,0.,-1.));
#5830 = DIRECTION('',(-1.,0.,0.));
#5831 = ORIENTED_EDGE('',*,*,#5800,.F.);
#5832 = ( BOUNDED_SURFACE() B_SPLINE_SURFACE(2,7,(
    (#5833,#5834,#5835,#5836,#5837,#5838,#5839,#5840)
    ,(#5841,#5842,#5843,#5844,#5845,#5846,#5847,#5848)
    ,(#5849,#5850,#5851,#5852,#5853,#5854,#5855,#5856
)),.UNSPECIFIED.,.F.,.F.,.F.) B_SPLINE_SURFACE_WITH_KNOTS((3,3),(8,8),(
    0.,1.),(1.570796326795,3.14159265359),.PIECEWISE_BEZIER_KNOTS.) 
GEOMETRIC_REPRESENTATION_ITEM() RATIONAL_B_SPLINE_SURFACE((
    (1.,1.,1.,1.,1.,1.,1.,1.)
    ,(0.793353340291,0.793353340291,0.788884788813,0.779932485705
      ,0.766620020632,0.748877293027,0.728365118603,0.707106781187)
,(1.,1.,1.,1.,1.,1.,1.,1.))) REPRESENTATION_ITEM('') SURFACE() );
#5833 = CARTESIAN_POINT('',(220.,-60.14956406038,12.017638090205));
#5834 = CARTESIAN_POINT('',(220.88230544762,-60.14956406038,
    12.017638090205));
#5835 = CARTESIAN_POINT('',(221.76476463411,-60.37295958006,
    11.989262874528));
#5836 = CARTESIAN_POINT('',(222.58086556494,-60.81972845388,
    11.932513354694));
#5837 = CARTESIAN_POINT('',(223.26906668825,-61.46991940911,
    11.848870497571));
#5838 = CARTESIAN_POINT('',(223.75673049434,-62.2863072439,
    11.740487813636));
#5839 = CARTESIAN_POINT('',(224.,-63.18381781193,11.620255316354));
#5840 = CARTESIAN_POINT('',(224.,-64.08141571295,11.5));
#5841 = CARTESIAN_POINT('',(220.,-60.546761737,13.5));
#5842 = CARTESIAN_POINT('',(220.79317449741,-60.546761737,13.5));
#5843 = CARTESIAN_POINT('',(221.59540115745,-60.73214243605,13.5));
#5844 = CARTESIAN_POINT('',(222.35710129782,-61.10916945011,13.5));
#5845 = CARTESIAN_POINT('',(223.0272827162,-61.66918917812,13.5));
#5846 = CARTESIAN_POINT('',(223.55109306069,-62.38639699641,13.5));
#5847 = CARTESIAN_POINT('',(223.88325450039,-63.21001544078,13.5));
#5848 = CARTESIAN_POINT('',(224.,-64.08141571295,13.5));
#5849 = CARTESIAN_POINT('',(220.,-62.08141571295,13.5));
#5850 = CARTESIAN_POINT('',(220.44879895051,-62.08141571295,13.5));
#5851 = CARTESIAN_POINT('',(220.89759572996,-62.19891348606,13.5));
#5852 = CARTESIAN_POINT('',(221.30949388164,-62.43389026855,13.5));
#5853 = CARTESIAN_POINT('',(221.6475254444,-62.77192183131,13.5));
#5854 = CARTESIAN_POINT('',(221.88250222689,-63.18381998299,13.5));
#5855 = CARTESIAN_POINT('',(222.,-63.63261676244,13.5));
#5856 = CARTESIAN_POINT('',(222.,-64.08141571295,13.5));
#5857 = ADVANCED_FACE('',(#5858),#5952,.T.);
#5858 = FACE_BOUND('',#5859,.F.);
#5859 = EDGE_LOOP('',(#5860,#5861,#5862,#5870,#5907,#5915,#5937,#5945));
#5860 = ORIENTED_EDGE('',*,*,#3840,.F.);
#5861 = ORIENTED_EDGE('',*,*,#5816,.T.);
#5862 = ORIENTED_EDGE('',*,*,#5863,.T.);
#5863 = EDGE_CURVE('',#5817,#5864,#5866,.T.);
#5864 = VERTEX_POINT('',#5865);
#5865 = CARTESIAN_POINT('',(217.44014392734,-62.08141571295,13.5));
#5866 = LINE('',#5867,#5868);
#5867 = CARTESIAN_POINT('',(220.,-62.08141571295,13.5));
#5868 = VECTOR('',#5869,1.);
#5869 = DIRECTION('',(-1.,0.,0.));
#5870 = ORIENTED_EDGE('',*,*,#5871,.F.);
#5871 = EDGE_CURVE('',#5872,#5864,#5874,.T.);
#5872 = VERTEX_POINT('',#5873);
#5873 = CARTESIAN_POINT('',(214.55985607265,-62.08141571295,13.5));
#5874 = B_SPLINE_CURVE_WITH_KNOTS('',7,(#5875,#5876,#5877,#5878,#5879,
    #5880,#5881,#5882,#5883,#5884,#5885,#5886,#5887,#5888,#5889,#5890,
    #5891,#5892,#5893,#5894,#5895,#5896,#5897,#5898,#5899,#5900,#5901,
    #5902,#5903,#5904,#5905,#5906),.UNSPECIFIED.,.F.,.F.,(8,6,6,6,6,8),(
    0.,9.221131416101E-02,0.261888988763,0.496107461685,0.905693228196,
    1.),.UNSPECIFIED.);
#5875 = CARTESIAN_POINT('',(214.55985607575,-62.0814157113,13.5));
#5876 = CARTESIAN_POINT('',(214.59561251102,-62.06226272689,
    13.499999999984));
#5877 = CARTESIAN_POINT('',(214.63164110456,-62.04390035501,
    13.499786028807));
#5878 = CARTESIAN_POINT('',(214.66791524751,-62.02630143607,
    13.499389820004));
#5879 = CARTESIAN_POINT('',(214.70441163026,-62.00944133851,
    13.498839323587));
#5880 = CARTESIAN_POINT('',(214.74111009555,-61.99329759254,
    13.4981592353));
#5881 = CARTESIAN_POINT('',(214.77799349151,-61.97784952389,
    13.497371525861));
#5882 = CARTESIAN_POINT('',(214.88323050463,-61.93589665796,
    13.49488486373));
#5883 = CARTESIAN_POINT('',(214.95198614269,-61.91100752597,
    13.492976628471));
#5884 = CARTESIAN_POINT('',(215.02122719705,-61.88829117415,
    13.490893204721));
#5885 = CARTESIAN_POINT('',(215.09087989549,-61.86765100122,
    13.488732778997));
#5886 = CARTESIAN_POINT('',(215.16088281599,-61.849008817,
    13.486574158454));
#5887 = CARTESIAN_POINT('',(215.23118576737,-61.83230053745,
    13.484481145294));
#5888 = CARTESIAN_POINT('',(215.39915179221,-61.79700280137,
    13.47978173178));
#5889 = CARTESIAN_POINT('',(215.49704086735,-61.78011768088,
    13.477282812255));
#5890 = CARTESIAN_POINT('',(215.59530427059,-61.76667688373,
    13.475148055527));
#5891 = CARTESIAN_POINT('',(215.69384020309,-61.75658777772,
    13.473472724168));
#5892 = CARTESIAN_POINT('',(215.79255472929,-61.74979074089,
    13.472318307785));
#5893 = CARTESIAN_POINT('',(215.89136066293,-61.74625383548,
    13.471716662006));
#5894 = CARTESIAN_POINT('',(216.16298130102,-61.74549054544,
    13.471586803685));
#5895 = CARTESIAN_POINT('',(216.33534997277,-61.7549679477,
    13.473203505697));
#5896 = CARTESIAN_POINT('',(216.50718799956,-61.77432865444,
    13.476494994993));
#5897 = CARTESIAN_POINT('',(216.67821141481,-61.80381574714,
    13.481234902359));
#5898 = CARTESIAN_POINT('',(216.84788835554,-61.84407658859,
    13.486834662231));
#5899 = CARTESIAN_POINT('',(217.01544668743,-61.8959093435,
    13.492445523558));
#5900 = CARTESIAN_POINT('',(217.21753880143,-61.97598300806,
    13.497275482078));
#5901 = CARTESIAN_POINT('',(217.25518559158,-61.99167133428,
    13.498090076738));
#5902 = CARTESIAN_POINT('',(217.29264135863,-62.00808197574,
    13.498794502827));
#5903 = CARTESIAN_POINT('',(217.32988806772,-62.02523676158,
    13.499365606922));
#5904 = CARTESIAN_POINT('',(217.36690444416,-62.04315945564,
    13.499777304959));
#5905 = CARTESIAN_POINT('',(217.40366581112,-62.06187615907,13.5));
#5906 = CARTESIAN_POINT('',(217.44014392736,-62.08141571296,13.5));
#5907 = ORIENTED_EDGE('',*,*,#5908,.T.);
#5908 = EDGE_CURVE('',#5872,#5909,#5911,.T.);
#5909 = VERTEX_POINT('',#5910);
#5910 = CARTESIAN_POINT('',(59.885644262348,-62.08141571295,13.5));
#5911 = LINE('',#5912,#5913);
#5912 = CARTESIAN_POINT('',(220.,-62.08141571295,13.5));
#5913 = VECTOR('',#5914,1.);
#5914 = DIRECTION('',(-1.,0.,0.));
#5915 = ORIENTED_EDGE('',*,*,#5916,.F.);
#5916 = EDGE_CURVE('',#5917,#5909,#5919,.T.);
#5917 = VERTEX_POINT('',#5918);
#5918 = CARTESIAN_POINT('',(58.114355737651,-62.08141571295,13.5));
#5919 = B_SPLINE_CURVE_WITH_KNOTS('',6,(#5920,#5921,#5922,#5923,#5924,
    #5925,#5926,#5927,#5928,#5929,#5930,#5931,#5932,#5933,#5934,#5935,
    #5936),.UNSPECIFIED.,.F.,.F.,(7,5,5,7),(0.,0.229085044799,
    0.492028364519,1.),.UNSPECIFIED.);
#5920 = CARTESIAN_POINT('',(58.114355733159,-62.08141571432,13.5));
#5921 = CARTESIAN_POINT('',(58.180698254567,-62.06128407924,
    13.500000000014));
#5922 = CARTESIAN_POINT('',(58.247446869816,-62.04323821811,
    13.499756922569));
#5923 = CARTESIAN_POINT('',(58.314529694527,-62.02718692241,
    13.499364791134));
#5924 = CARTESIAN_POINT('',(58.381886196643,-62.01305983852,
    13.498895148041));
#5925 = CARTESIAN_POINT('',(58.449466105797,-62.00080299505,
    13.49840200475));
#5926 = CARTESIAN_POINT('',(58.59500564891,-61.97840433131,
    13.49738134407));
#5927 = CARTESIAN_POINT('',(58.673020180388,-61.96884332282,
    13.496859517127));
#5928 = CARTESIAN_POINT('',(58.75120792668,-61.96162903339,
    13.496423035828));
#5929 = CARTESIAN_POINT('',(58.829509713263,-61.9567217941,
    13.496111281126));
#5930 = CARTESIAN_POINT('',(58.907870533082,-61.9541020009,
    13.495943719402));
#5931 = CARTESIAN_POINT('',(59.137636190076,-61.95312151414,
    13.4958810129));
#5932 = CARTESIAN_POINT('',(59.288884354793,-61.96100931426,
    13.496382300077));
#5933 = CARTESIAN_POINT('',(59.439753030701,-61.97736695247,
    13.49744763604));
#5934 = CARTESIAN_POINT('',(59.589867086278,-62.00249529655,
    13.498807801354));
#5935 = CARTESIAN_POINT('',(59.73872918763,-62.0368343405,
    13.500000000006));
#5936 = CARTESIAN_POINT('',(59.885644263295,-62.08141571324,13.5));
#5937 = ORIENTED_EDGE('',*,*,#5938,.T.);
#5938 = EDGE_CURVE('',#5917,#5939,#5941,.T.);
#5939 = VERTEX_POINT('',#5940);
#5940 = CARTESIAN_POINT('',(55.,-62.08141571295,13.5));
#5941 = LINE('',#5942,#5943);
#5942 = CARTESIAN_POINT('',(220.,-62.08141571295,13.5));
#5943 = VECTOR('',#5944,1.);
#5944 = DIRECTION('',(-1.,0.,0.));
#5945 = ORIENTED_EDGE('',*,*,#5946,.F.);
#5946 = EDGE_CURVE('',#3841,#5939,#5947,.T.);
#5947 = CIRCLE('',#5948,2.);
#5948 = AXIS2_PLACEMENT_3D('',#5949,#5950,#5951);
#5949 = CARTESIAN_POINT('',(55.,-62.08141571295,11.5));
#5950 = DIRECTION('',(1.,-0.,0.));
#5951 = DIRECTION('',(0.,0.258819045103,-0.965925826289));
#5952 = CYLINDRICAL_SURFACE('',#5953,2.);
#5953 = AXIS2_PLACEMENT_3D('',#5954,#5955,#5956);
#5954 = CARTESIAN_POINT('',(220.,-62.08141571295,11.5));
#5955 = DIRECTION('',(-1.,0.,0.));
#5956 = DIRECTION('',(0.,0.258819045103,-0.965925826289));
#5957 = ADVANCED_FACE('',(#5958),#5977,.T.);
#5958 = FACE_BOUND('',#5959,.T.);
#5959 = EDGE_LOOP('',(#5960,#5961,#5969,#5976));
#5960 = ORIENTED_EDGE('',*,*,#3871,.F.);
#5961 = ORIENTED_EDGE('',*,*,#5962,.T.);
#5962 = EDGE_CURVE('',#3864,#5963,#5965,.T.);
#5963 = VERTEX_POINT('',#5964);
#5964 = CARTESIAN_POINT('',(53.,-64.08141571295,13.5));
#5965 = ( BOUNDED_CURVE() B_SPLINE_CURVE(2,(#5966,#5967,#5968),
.UNSPECIFIED.,.F.,.F.) B_SPLINE_CURVE_WITH_KNOTS((3,3),(0.,1.),
.PIECEWISE_BEZIER_KNOTS.) CURVE() GEOMETRIC_REPRESENTATION_ITEM() 
RATIONAL_B_SPLINE_CURVE((1.,0.707106781187,1.)) REPRESENTATION_ITEM('') 
  );
#5966 = CARTESIAN_POINT('',(51.,-64.08141571295,11.5));
#5967 = CARTESIAN_POINT('',(51.,-64.08141571295,13.5));
#5968 = CARTESIAN_POINT('',(53.,-64.08141571295,13.5));
#5969 = ORIENTED_EDGE('',*,*,#5970,.T.);
#5970 = EDGE_CURVE('',#5963,#5939,#5971,.T.);
#5971 = CIRCLE('',#5972,2.);
#5972 = AXIS2_PLACEMENT_3D('',#5973,#5974,#5975);
#5973 = CARTESIAN_POINT('',(55.,-64.08141571295,13.5));
#5974 = DIRECTION('',(-0.,0.,-1.));
#5975 = DIRECTION('',(-1.1E-16,-1.,0.));
#5976 = ORIENTED_EDGE('',*,*,#5946,.F.);
#5977 = ( BOUNDED_SURFACE() B_SPLINE_SURFACE(2,7,(
    (#5978,#5979,#5980,#5981,#5982,#5983,#5984,#5985)
    ,(#5986,#5987,#5988,#5989,#5990,#5991,#5992,#5993)
    ,(#5994,#5995,#5996,#5997,#5998,#5999,#6000,#6001
)),.UNSPECIFIED.,.F.,.F.,.F.) B_SPLINE_SURFACE_WITH_KNOTS((3,3),(8,8),(
    0.,1.),(1.570796326795,3.14159265359),.PIECEWISE_BEZIER_KNOTS.) 
GEOMETRIC_REPRESENTATION_ITEM() RATIONAL_B_SPLINE_SURFACE((
    (1.,1.,1.,1.,1.,1.,1.,1.)
    ,(0.707106781187,0.728365118603,0.748877293027,0.766620020632
      ,0.779932485705,0.788884788813,0.793353340291,0.793353340291)
,(1.,1.,1.,1.,1.,1.,1.,1.))) REPRESENTATION_ITEM('') SURFACE() );
#5978 = CARTESIAN_POINT('',(51.,-64.08141571295,11.5));
#5979 = CARTESIAN_POINT('',(51.,-63.18381781193,11.620255316354));
#5980 = CARTESIAN_POINT('',(51.243269505658,-62.2863072439,
    11.740487813636));
#5981 = CARTESIAN_POINT('',(51.730933311744,-61.46991940911,
    11.848870497571));
#5982 = CARTESIAN_POINT('',(52.41913443506,-60.81972845388,
    11.932513354694));
#5983 = CARTESIAN_POINT('',(53.235235365886,-60.37295958006,
    11.989262874528));
#5984 = CARTESIAN_POINT('',(54.117694552375,-60.14956406038,
    12.017638090205));
#5985 = CARTESIAN_POINT('',(55.,-60.14956406038,12.017638090205));
#5986 = CARTESIAN_POINT('',(51.,-64.08141571295,13.5));
#5987 = CARTESIAN_POINT('',(51.116745499607,-63.21001544078,13.5));
#5988 = CARTESIAN_POINT('',(51.448906939302,-62.38639699641,13.5));
#5989 = CARTESIAN_POINT('',(51.972717283791,-61.66918917812,13.5));
#5990 = CARTESIAN_POINT('',(52.642898702172,-61.10916945011,13.5));
#5991 = CARTESIAN_POINT('',(53.404598842543,-60.73214243605,13.5));
#5992 = CARTESIAN_POINT('',(54.206825502582,-60.546761737,13.5));
#5993 = CARTESIAN_POINT('',(55.,-60.546761737,13.5));
#5994 = CARTESIAN_POINT('',(53.,-64.08141571295,13.5));
#5995 = CARTESIAN_POINT('',(53.,-63.63261676244,13.5));
#5996 = CARTESIAN_POINT('',(53.117497773103,-63.18381998299,13.5));
#5997 = CARTESIAN_POINT('',(53.352474555596,-62.77192183131,13.5));
#5998 = CARTESIAN_POINT('',(53.690506118354,-62.43389026855,13.5));
#5999 = CARTESIAN_POINT('',(54.102404270033,-62.19891348606,13.5));
#6000 = CARTESIAN_POINT('',(54.551201049487,-62.08141571295,13.5));
#6001 = CARTESIAN_POINT('',(55.,-62.08141571295,13.5));
#6002 = ADVANCED_FACE('',(#6003),#6022,.T.);
#6003 = FACE_BOUND('',#6004,.F.);
#6004 = EDGE_LOOP('',(#6005,#6006,#6007,#6015));
#6005 = ORIENTED_EDGE('',*,*,#3907,.F.);
#6006 = ORIENTED_EDGE('',*,*,#5962,.T.);
#6007 = ORIENTED_EDGE('',*,*,#6008,.T.);
#6008 = EDGE_CURVE('',#5963,#6009,#6011,.T.);
#6009 = VERTEX_POINT('',#6010);
#6010 = CARTESIAN_POINT('',(53.,-150.0814157129,13.5));
#6011 = LINE('',#6012,#6013);
#6012 = CARTESIAN_POINT('',(53.,-64.08141571295,13.5));
#6013 = VECTOR('',#6014,1.);
#6014 = DIRECTION('',(0.,-1.,0.));
#6015 = ORIENTED_EDGE('',*,*,#6016,.F.);
#6016 = EDGE_CURVE('',#3898,#6009,#6017,.T.);
#6017 = CIRCLE('',#6018,2.);
#6018 = AXIS2_PLACEMENT_3D('',#6019,#6020,#6021);
#6019 = CARTESIAN_POINT('',(53.,-150.0814157129,11.5));
#6020 = DIRECTION('',(0.,1.,0.));
#6021 = DIRECTION('',(-1.1E-16,0.,-1.));
#6022 = CYLINDRICAL_SURFACE('',#6023,2.);
#6023 = AXIS2_PLACEMENT_3D('',#6024,#6025,#6026);
#6024 = CARTESIAN_POINT('',(53.,-64.08141571295,11.5));
#6025 = DIRECTION('',(0.,-1.,0.));
#6026 = DIRECTION('',(-1.1E-16,-0.,-1.));
#6027 = ADVANCED_FACE('',(#6028),#6047,.T.);
#6028 = FACE_BOUND('',#6029,.T.);
#6029 = EDGE_LOOP('',(#6030,#6031,#6039,#6046));
#6030 = ORIENTED_EDGE('',*,*,#3929,.F.);
#6031 = ORIENTED_EDGE('',*,*,#6032,.T.);
#6032 = EDGE_CURVE('',#3922,#6033,#6035,.T.);
#6033 = VERTEX_POINT('',#6034);
#6034 = CARTESIAN_POINT('',(55.,-152.0814157129,13.5));
#6035 = ( BOUNDED_CURVE() B_SPLINE_CURVE(2,(#6036,#6037,#6038),
.UNSPECIFIED.,.F.,.F.) B_SPLINE_CURVE_WITH_KNOTS((3,3),(0.,1.),
.PIECEWISE_BEZIER_KNOTS.) CURVE() GEOMETRIC_REPRESENTATION_ITEM() 
RATIONAL_B_SPLINE_CURVE((1.,0.608761429009,1.)) REPRESENTATION_ITEM('') 
  );
#6036 = CARTESIAN_POINT('',(55.,-154.0132673655,10.982361909795));
#6037 = CARTESIAN_POINT('',(55.,-154.6878664586,13.5));
#6038 = CARTESIAN_POINT('',(55.,-152.0814157129,13.5));
#6039 = ORIENTED_EDGE('',*,*,#6040,.T.);
#6040 = EDGE_CURVE('',#6033,#6009,#6041,.T.);
#6041 = CIRCLE('',#6042,2.);
#6042 = AXIS2_PLACEMENT_3D('',#6043,#6044,#6045);
#6043 = CARTESIAN_POINT('',(55.,-150.0814157129,13.5));
#6044 = DIRECTION('',(0.,-0.,-1.));
#6045 = DIRECTION('',(1.,-1.2E-16,0.));
#6046 = ORIENTED_EDGE('',*,*,#6016,.F.);
#6047 = ( BOUNDED_SURFACE() B_SPLINE_SURFACE(2,7,(
    (#6048,#6049,#6050,#6051,#6052,#6053,#6054,#6055)
    ,(#6056,#6057,#6058,#6059,#6060,#6061,#6062,#6063)
    ,(#6064,#6065,#6066,#6067,#6068,#6069,#6070,#6071
)),.UNSPECIFIED.,.F.,.F.,.F.) B_SPLINE_SURFACE_WITH_KNOTS((3,3),(8,8),(
    0.,1.),(1.570796326795,3.14159265359),.PIECEWISE_BEZIER_KNOTS.) 
GEOMETRIC_REPRESENTATION_ITEM() RATIONAL_B_SPLINE_SURFACE((
    (1.,1.,1.,1.,1.,1.,1.,1.)
    ,(0.608761429009,0.608761429009,0.614590701898,0.626227578713
      ,0.643096327821,0.663850607449,0.68584844377,0.707106781187)
,(1.,1.,1.,1.,1.,1.,1.,1.))) REPRESENTATION_ITEM('') SURFACE() );
#6048 = CARTESIAN_POINT('',(55.,-154.0132673655,10.982361909795));
#6049 = CARTESIAN_POINT('',(54.117694552375,-154.0132673655,
    10.982361909795));
#6050 = CARTESIAN_POINT('',(53.235235365886,-153.7898718458,
    11.010737125472));
#6051 = CARTESIAN_POINT('',(52.41913443506,-153.343102972,
    11.067486645306));
#6052 = CARTESIAN_POINT('',(51.730933311744,-152.6929120168,
    11.151129502429));
#6053 = CARTESIAN_POINT('',(51.243269505657,-151.876524182,
    11.259512186364));
#6054 = CARTESIAN_POINT('',(51.,-150.9790136139,11.379744683646));
#6055 = CARTESIAN_POINT('',(51.,-150.0814157129,11.5));
#6056 = CARTESIAN_POINT('',(55.,-154.6878664586,13.5));
#6057 = CARTESIAN_POINT('',(53.966314869874,-154.6878664586,13.5));
#6058 = CARTESIAN_POINT('',(52.95215303244,-154.3805219857,13.5));
#6059 = CARTESIAN_POINT('',(52.064358171433,-153.7831872329,13.5));
#6060 = CARTESIAN_POINT('',(51.391247410443,-152.9569742815,13.5));
#6061 = CARTESIAN_POINT('',(50.994079196822,-151.9935342134,13.5));
#6062 = CARTESIAN_POINT('',(50.876017288601,-151.0068352693,13.5));
#6063 = CARTESIAN_POINT('',(51.,-150.0814157129,13.5));
#6064 = CARTESIAN_POINT('',(55.,-152.0814157129,13.5));
#6065 = CARTESIAN_POINT('',(54.551201049487,-152.0814157129,13.5));
#6066 = CARTESIAN_POINT('',(54.102404270033,-151.9639179398,13.5));
#6067 = CARTESIAN_POINT('',(53.690506118354,-151.7289411573,13.5));
#6068 = CARTESIAN_POINT('',(53.352474555596,-151.3909095946,13.5));
#6069 = CARTESIAN_POINT('',(53.117497773103,-150.9790114429,13.5));
#6070 = CARTESIAN_POINT('',(53.,-150.5302146634,13.5));
#6071 = CARTESIAN_POINT('',(53.,-150.0814157129,13.5));
#6072 = ADVANCED_FACE('',(#6073),#6092,.T.);
#6073 = FACE_BOUND('',#6074,.F.);
#6074 = EDGE_LOOP('',(#6075,#6076,#6077,#6085));
#6075 = ORIENTED_EDGE('',*,*,#3965,.F.);
#6076 = ORIENTED_EDGE('',*,*,#6032,.T.);
#6077 = ORIENTED_EDGE('',*,*,#6078,.T.);
#6078 = EDGE_CURVE('',#6033,#6079,#6081,.T.);
#6079 = VERTEX_POINT('',#6080);
#6080 = CARTESIAN_POINT('',(220.,-152.0814157129,13.5));
#6081 = LINE('',#6082,#6083);
#6082 = CARTESIAN_POINT('',(55.,-152.0814157129,13.5));
#6083 = VECTOR('',#6084,1.);
#6084 = DIRECTION('',(1.,0.,0.));
#6085 = ORIENTED_EDGE('',*,*,#6086,.F.);
#6086 = EDGE_CURVE('',#3956,#6079,#6087,.T.);
#6087 = CIRCLE('',#6088,2.);
#6088 = AXIS2_PLACEMENT_3D('',#6089,#6090,#6091);
#6089 = CARTESIAN_POINT('',(220.,-152.0814157129,11.5));
#6090 = DIRECTION('',(-1.,0.,-0.));
#6091 = DIRECTION('',(0.,0.258819045103,-0.965925826289));
#6092 = CYLINDRICAL_SURFACE('',#6093,2.);
#6093 = AXIS2_PLACEMENT_3D('',#6094,#6095,#6096);
#6094 = CARTESIAN_POINT('',(55.,-152.0814157129,11.5));
#6095 = DIRECTION('',(1.,0.,0.));
#6096 = DIRECTION('',(0.,0.258819045103,-0.965925826289));
#6097 = ADVANCED_FACE('',(#6098),#6110,.T.);
#6098 = FACE_BOUND('',#6099,.T.);
#6099 = EDGE_LOOP('',(#6100,#6101,#6102,#6109));
#6100 = ORIENTED_EDGE('',*,*,#3980,.F.);
#6101 = ORIENTED_EDGE('',*,*,#5784,.T.);
#6102 = ORIENTED_EDGE('',*,*,#6103,.T.);
#6103 = EDGE_CURVE('',#5785,#6079,#6104,.T.);
#6104 = CIRCLE('',#6105,2.);
#6105 = AXIS2_PLACEMENT_3D('',#6106,#6107,#6108);
#6106 = CARTESIAN_POINT('',(220.,-150.0814157129,13.5));
#6107 = DIRECTION('',(0.,0.,-1.));
#6108 = DIRECTION('',(-1.1E-16,1.,0.));
#6109 = ORIENTED_EDGE('',*,*,#6086,.F.);
#6110 = ( BOUNDED_SURFACE() B_SPLINE_SURFACE(2,7,(
    (#6111,#6112,#6113,#6114,#6115,#6116,#6117,#6118)
    ,(#6119,#6120,#6121,#6122,#6123,#6124,#6125,#6126)
    ,(#6127,#6128,#6129,#6130,#6131,#6132,#6133,#6134
)),.UNSPECIFIED.,.F.,.F.,.F.) B_SPLINE_SURFACE_WITH_KNOTS((3,3),(8,8),(
    0.,1.),(1.570796326795,3.14159265359),.PIECEWISE_BEZIER_KNOTS.) 
GEOMETRIC_REPRESENTATION_ITEM() RATIONAL_B_SPLINE_SURFACE((
    (1.,1.,1.,1.,1.,1.,1.,1.)
    ,(0.707106781187,0.68584844377,0.663850607449,0.643096327821
      ,0.626227578713,0.614590701898,0.608761429009,0.608761429009)
,(1.,1.,1.,1.,1.,1.,1.,1.))) REPRESENTATION_ITEM('') SURFACE() );
#6111 = CARTESIAN_POINT('',(224.,-150.0814157129,11.5));
#6112 = CARTESIAN_POINT('',(224.,-150.9790136139,11.379744683646));
#6113 = CARTESIAN_POINT('',(223.75673049434,-151.876524182,
    11.259512186364));
#6114 = CARTESIAN_POINT('',(223.26906668825,-152.6929120168,
    11.151129502429));
#6115 = CARTESIAN_POINT('',(222.58086556494,-153.343102972,
    11.067486645306));
#6116 = CARTESIAN_POINT('',(221.76476463411,-153.7898718458,
    11.010737125472));
#6117 = CARTESIAN_POINT('',(220.88230544762,-154.0132673655,
    10.982361909795));
#6118 = CARTESIAN_POINT('',(220.,-154.0132673655,10.982361909795));
#6119 = CARTESIAN_POINT('',(224.,-150.0814157129,13.5));
#6120 = CARTESIAN_POINT('',(224.12398271139,-151.0068352693,13.5));
#6121 = CARTESIAN_POINT('',(224.00592080317,-151.9935342134,13.5));
#6122 = CARTESIAN_POINT('',(223.60875258955,-152.9569742815,13.5));
#6123 = CARTESIAN_POINT('',(222.93564182856,-153.7831872329,13.5));
#6124 = CARTESIAN_POINT('',(222.04784696756,-154.3805219857,13.5));
#6125 = CARTESIAN_POINT('',(221.03368513012,-154.6878664586,13.5));
#6126 = CARTESIAN_POINT('',(220.,-154.6878664586,13.5));
#6127 = CARTESIAN_POINT('',(222.,-150.0814157129,13.5));
#6128 = CARTESIAN_POINT('',(222.,-150.5302146634,13.5));
#6129 = CARTESIAN_POINT('',(221.88250222689,-150.9790114429,13.5));
#6130 = CARTESIAN_POINT('',(221.6475254444,-151.3909095946,13.5));
#6131 = CARTESIAN_POINT('',(221.30949388164,-151.7289411573,13.5));
#6132 = CARTESIAN_POINT('',(220.89759572996,-151.9639179398,13.5));
#6133 = CARTESIAN_POINT('',(220.44879895051,-152.0814157129,13.5));
#6134 = CARTESIAN_POINT('',(220.,-152.0814157129,13.5));
#6135 = ADVANCED_FACE('',(#6136),#6163,.F.);
#6136 = FACE_BOUND('',#6137,.T.);
#6137 = EDGE_LOOP('',(#6138,#6146,#6153,#6154,#6161,#6162));
#6138 = ORIENTED_EDGE('',*,*,#6139,.F.);
#6139 = EDGE_CURVE('',#6140,#4076,#6142,.T.);
#6140 = VERTEX_POINT('',#6141);
#6141 = CARTESIAN_POINT('',(62.05,-65.,13.5));
#6142 = LINE('',#6143,#6144);
#6143 = CARTESIAN_POINT('',(62.05,-65.,13.5));
#6144 = VECTOR('',#6145,1.);
#6145 = DIRECTION('',(-0.675590207616,0.,-0.73727733681));
#6146 = ORIENTED_EDGE('',*,*,#6147,.T.);
#6147 = EDGE_CURVE('',#6140,#5909,#6148,.T.);
#6148 = CIRCLE('',#6149,3.05);
#6149 = AXIS2_PLACEMENT_3D('',#6150,#6151,#6152);
#6150 = CARTESIAN_POINT('',(59.,-65.,13.5));
#6151 = DIRECTION('',(0.,0.,1.));
#6152 = DIRECTION('',(1.,0.,0.));
#6153 = ORIENTED_EDGE('',*,*,#5916,.F.);
#6154 = ORIENTED_EDGE('',*,*,#6155,.T.);
#6155 = EDGE_CURVE('',#5917,#6140,#6156,.T.);
#6156 = CIRCLE('',#6157,3.05);
#6157 = AXIS2_PLACEMENT_3D('',#6158,#6159,#6160);
#6158 = CARTESIAN_POINT('',(59.,-65.,13.5));
#6159 = DIRECTION('',(0.,0.,1.));
#6160 = DIRECTION('',(1.,0.,0.));
#6161 = ORIENTED_EDGE('',*,*,#6139,.T.);
#6162 = ORIENTED_EDGE('',*,*,#4083,.F.);
#6163 = CONICAL_SURFACE('',#6164,3.05,0.741764932098);
#6164 = AXIS2_PLACEMENT_3D('',#6165,#6166,#6167);
#6165 = CARTESIAN_POINT('',(59.,-65.,13.5));
#6166 = DIRECTION('',(0.,0.,1.));
#6167 = DIRECTION('',(1.,0.,0.));
#6168 = ADVANCED_FACE('',(#6169,#6199,#6210,#6216,#6227,#6230,#6233,
    #6236,#6239,#6242,#6245,#6248,#6251,#6254,#6257,#6260,#6263,#6266,
    #6269,#6272,#6275,#6278,#6281,#6284,#6287,#6290,#6293,#6296,#6299,
    #6302,#6305,#6308,#6311,#6314,#6317),#6320,.T.);
#6169 = FACE_BOUND('',#6170,.T.);
#6170 = EDGE_LOOP('',(#6171,#6172,#6173,#6182,#6189,#6190,#6191,#6192,
    #6193,#6194,#6195,#6196,#6197,#6198));
#6171 = ORIENTED_EDGE('',*,*,#5825,.F.);
#6172 = ORIENTED_EDGE('',*,*,#5863,.T.);
#6173 = ORIENTED_EDGE('',*,*,#6174,.F.);
#6174 = EDGE_CURVE('',#6175,#5864,#6177,.T.);
#6175 = VERTEX_POINT('',#6176);
#6176 = CARTESIAN_POINT('',(219.05,-64.77,13.5));
#6177 = CIRCLE('',#6178,3.05);
#6178 = AXIS2_PLACEMENT_3D('',#6179,#6180,#6181);
#6179 = CARTESIAN_POINT('',(216.,-64.77,13.5));
#6180 = DIRECTION('',(0.,0.,1.));
#6181 = DIRECTION('',(1.,0.,0.));
#6182 = ORIENTED_EDGE('',*,*,#6183,.F.);
#6183 = EDGE_CURVE('',#5872,#6175,#6184,.T.);
#6184 = CIRCLE('',#6185,3.05);
#6185 = AXIS2_PLACEMENT_3D('',#6186,#6187,#6188);
#6186 = CARTESIAN_POINT('',(216.,-64.77,13.5));
#6187 = DIRECTION('',(0.,0.,1.));
#6188 = DIRECTION('',(1.,0.,0.));
#6189 = ORIENTED_EDGE('',*,*,#5908,.T.);
#6190 = ORIENTED_EDGE('',*,*,#6147,.F.);
#6191 = ORIENTED_EDGE('',*,*,#6155,.F.);
#6192 = ORIENTED_EDGE('',*,*,#5938,.T.);
#6193 = ORIENTED_EDGE('',*,*,#5970,.F.);
#6194 = ORIENTED_EDGE('',*,*,#6008,.T.);
#6195 = ORIENTED_EDGE('',*,*,#6040,.F.);
#6196 = ORIENTED_EDGE('',*,*,#6078,.T.);
#6197 = ORIENTED_EDGE('',*,*,#6103,.F.);
#6198 = ORIENTED_EDGE('',*,*,#5792,.T.);
#6199 = FACE_BOUND('',#6200,.T.);
#6200 = EDGE_LOOP('',(#6201));
#6201 = ORIENTED_EDGE('',*,*,#6202,.F.);
#6202 = EDGE_CURVE('',#6203,#6203,#6205,.T.);
#6203 = VERTEX_POINT('',#6204);
#6204 = CARTESIAN_POINT('',(62.05,-143.,13.5));
#6205 = CIRCLE('',#6206,3.05);
#6206 = AXIS2_PLACEMENT_3D('',#6207,#6208,#6209);
#6207 = CARTESIAN_POINT('',(59.,-143.,13.5));
#6208 = DIRECTION('',(0.,0.,1.));
#6209 = DIRECTION('',(1.,0.,0.));
#6210 = FACE_BOUND('',#6211,.T.);
#6211 = EDGE_LOOP('',(#6212,#6213,#6214,#6215));
#6212 = ORIENTED_EDGE('',*,*,#4578,.F.);
#6213 = ORIENTED_EDGE('',*,*,#4602,.F.);
#6214 = ORIENTED_EDGE('',*,*,#4554,.F.);
#6215 = ORIENTED_EDGE('',*,*,#4523,.F.);
#6216 = FACE_BOUND('',#6217,.T.);
#6217 = EDGE_LOOP('',(#6218));
#6218 = ORIENTED_EDGE('',*,*,#6219,.F.);
#6219 = EDGE_CURVE('',#6220,#6220,#6222,.T.);
#6220 = VERTEX_POINT('',#6221);
#6221 = CARTESIAN_POINT('',(219.05,-143.,13.5));
#6222 = CIRCLE('',#6223,3.05);
#6223 = AXIS2_PLACEMENT_3D('',#6224,#6225,#6226);
#6224 = CARTESIAN_POINT('',(216.,-143.,13.5));
#6225 = DIRECTION('',(0.,0.,1.));
#6226 = DIRECTION('',(1.,0.,0.));
#6227 = FACE_BOUND('',#6228,.T.);
#6228 = EDGE_LOOP('',(#6229));
#6229 = ORIENTED_EDGE('',*,*,#4627,.F.);
#6230 = FACE_BOUND('',#6231,.T.);
#6231 = EDGE_LOOP('',(#6232));
#6232 = ORIENTED_EDGE('',*,*,#4651,.F.);
#6233 = FACE_BOUND('',#6234,.T.);
#6234 = EDGE_LOOP('',(#6235));
#6235 = ORIENTED_EDGE('',*,*,#4675,.F.);
#6236 = FACE_BOUND('',#6237,.T.);
#6237 = EDGE_LOOP('',(#6238));
#6238 = ORIENTED_EDGE('',*,*,#4699,.F.);
#6239 = FACE_BOUND('',#6240,.T.);
#6240 = EDGE_LOOP('',(#6241));
#6241 = ORIENTED_EDGE('',*,*,#4723,.F.);
#6242 = FACE_BOUND('',#6243,.T.);
#6243 = EDGE_LOOP('',(#6244));
#6244 = ORIENTED_EDGE('',*,*,#4747,.F.);
#6245 = FACE_BOUND('',#6246,.T.);
#6246 = EDGE_LOOP('',(#6247));
#6247 = ORIENTED_EDGE('',*,*,#4771,.F.);
#6248 = FACE_BOUND('',#6249,.T.);
#6249 = EDGE_LOOP('',(#6250));
#6250 = ORIENTED_EDGE('',*,*,#4795,.F.);
#6251 = FACE_BOUND('',#6252,.T.);
#6252 = EDGE_LOOP('',(#6253));
#6253 = ORIENTED_EDGE('',*,*,#4819,.F.);
#6254 = FACE_BOUND('',#6255,.T.);
#6255 = EDGE_LOOP('',(#6256));
#6256 = ORIENTED_EDGE('',*,*,#4843,.F.);
#6257 = FACE_BOUND('',#6258,.T.);
#6258 = EDGE_LOOP('',(#6259));
#6259 = ORIENTED_EDGE('',*,*,#4891,.F.);
#6260 = FACE_BOUND('',#6261,.T.);
#6261 = EDGE_LOOP('',(#6262));
#6262 = ORIENTED_EDGE('',*,*,#4915,.F.);
#6263 = FACE_BOUND('',#6264,.T.);
#6264 = EDGE_LOOP('',(#6265));
#6265 = ORIENTED_EDGE('',*,*,#4867,.F.);
#6266 = FACE_BOUND('',#6267,.T.);
#6267 = EDGE_LOOP('',(#6268));
#6268 = ORIENTED_EDGE('',*,*,#4963,.F.);
#6269 = FACE_BOUND('',#6270,.T.);
#6270 = EDGE_LOOP('',(#6271));
#6271 = ORIENTED_EDGE('',*,*,#4987,.F.);
#6272 = FACE_BOUND('',#6273,.T.);
#6273 = EDGE_LOOP('',(#6274));
#6274 = ORIENTED_EDGE('',*,*,#5011,.F.);
#6275 = FACE_BOUND('',#6276,.T.);
#6276 = EDGE_LOOP('',(#6277));
#6277 = ORIENTED_EDGE('',*,*,#5035,.F.);
#6278 = FACE_BOUND('',#6279,.T.);
#6279 = EDGE_LOOP('',(#6280));
#6280 = ORIENTED_EDGE('',*,*,#4939,.F.);
#6281 = FACE_BOUND('',#6282,.T.);
#6282 = EDGE_LOOP('',(#6283));
#6283 = ORIENTED_EDGE('',*,*,#5059,.F.);
#6284 = FACE_BOUND('',#6285,.T.);
#6285 = EDGE_LOOP('',(#6286));
#6286 = ORIENTED_EDGE('',*,*,#5083,.F.);
#6287 = FACE_BOUND('',#6288,.T.);
#6288 = EDGE_LOOP('',(#6289));
#6289 = ORIENTED_EDGE('',*,*,#5107,.F.);
#6290 = FACE_BOUND('',#6291,.T.);
#6291 = EDGE_LOOP('',(#6292));
#6292 = ORIENTED_EDGE('',*,*,#5131,.F.);
#6293 = FACE_BOUND('',#6294,.T.);
#6294 = EDGE_LOOP('',(#6295));
#6295 = ORIENTED_EDGE('',*,*,#5155,.F.);
#6296 = FACE_BOUND('',#6297,.T.);
#6297 = EDGE_LOOP('',(#6298));
#6298 = ORIENTED_EDGE('',*,*,#5179,.F.);
#6299 = FACE_BOUND('',#6300,.T.);
#6300 = EDGE_LOOP('',(#6301));
#6301 = ORIENTED_EDGE('',*,*,#5203,.F.);
#6302 = FACE_BOUND('',#6303,.T.);
#6303 = EDGE_LOOP('',(#6304));
#6304 = ORIENTED_EDGE('',*,*,#5227,.F.);
#6305 = FACE_BOUND('',#6306,.T.);
#6306 = EDGE_LOOP('',(#6307));
#6307 = ORIENTED_EDGE('',*,*,#5251,.F.);
#6308 = FACE_BOUND('',#6309,.T.);
#6309 = EDGE_LOOP('',(#6310));
#6310 = ORIENTED_EDGE('',*,*,#5275,.F.);
#6311 = FACE_BOUND('',#6312,.T.);
#6312 = EDGE_LOOP('',(#6313));
#6313 = ORIENTED_EDGE('',*,*,#5299,.F.);
#6314 = FACE_BOUND('',#6315,.T.);
#6315 = EDGE_LOOP('',(#6316));
#6316 = ORIENTED_EDGE('',*,*,#5323,.F.);
#6317 = FACE_BOUND('',#6318,.T.);
#6318 = EDGE_LOOP('',(#6319));
#6319 = ORIENTED_EDGE('',*,*,#5347,.F.);
#6320 = PLANE('',#6321);
#6321 = AXIS2_PLACEMENT_3D('',#6322,#6323,#6324);
#6322 = CARTESIAN_POINT('',(137.5,-107.0814157129,13.5));
#6323 = DIRECTION('',(0.,0.,1.));
#6324 = DIRECTION('',(1.,0.,0.));
#6325 = ADVANCED_FACE('',(#6326),#6339,.F.);
#6326 = FACE_BOUND('',#6327,.T.);
#6327 = EDGE_LOOP('',(#6328,#6334,#6335,#6336,#6337,#6338));
#6328 = ORIENTED_EDGE('',*,*,#6329,.F.);
#6329 = EDGE_CURVE('',#6175,#5365,#6330,.T.);
#6330 = LINE('',#6331,#6332);
#6331 = CARTESIAN_POINT('',(219.05,-64.77,13.5));
#6332 = VECTOR('',#6333,1.);
#6333 = DIRECTION('',(-0.675590207616,0.,-0.73727733681));
#6334 = ORIENTED_EDGE('',*,*,#6174,.T.);
#6335 = ORIENTED_EDGE('',*,*,#5871,.F.);
#6336 = ORIENTED_EDGE('',*,*,#6183,.T.);
#6337 = ORIENTED_EDGE('',*,*,#6329,.T.);
#6338 = ORIENTED_EDGE('',*,*,#5372,.F.);
#6339 = CONICAL_SURFACE('',#6340,3.05,0.741764932098);
#6340 = AXIS2_PLACEMENT_3D('',#6341,#6342,#6343);
#6341 = CARTESIAN_POINT('',(216.,-64.77,13.5));
#6342 = DIRECTION('',(0.,0.,1.));
#6343 = DIRECTION('',(1.,0.,0.));
#6344 = ADVANCED_FACE('',(#6345),#6364,.F.);
#6345 = FACE_BOUND('',#6346,.T.);
#6346 = EDGE_LOOP('',(#6347,#6355,#6362,#6363));
#6347 = ORIENTED_EDGE('',*,*,#6348,.F.);
#6348 = EDGE_CURVE('',#6349,#5400,#6351,.T.);
#6349 = VERTEX_POINT('',#6350);
#6350 = CARTESIAN_POINT('',(217.7,-143.,12.026733523556));
#6351 = LINE('',#6352,#6353);
#6352 = CARTESIAN_POINT('',(217.7,-143.,12.026733523556));
#6353 = VECTOR('',#6354,1.);
#6354 = DIRECTION('',(-6.E-17,0.,-1.));
#6355 = ORIENTED_EDGE('',*,*,#6356,.T.);
#6356 = EDGE_CURVE('',#6349,#6349,#6357,.T.);
#6357 = CIRCLE('',#6358,1.7);
#6358 = AXIS2_PLACEMENT_3D('',#6359,#6360,#6361);
#6359 = CARTESIAN_POINT('',(216.,-143.,12.026733523556));
#6360 = DIRECTION('',(0.,0.,1.));
#6361 = DIRECTION('',(1.,0.,0.));
#6362 = ORIENTED_EDGE('',*,*,#6348,.T.);
#6363 = ORIENTED_EDGE('',*,*,#5399,.T.);
#6364 = CYLINDRICAL_SURFACE('',#6365,1.7);
#6365 = AXIS2_PLACEMENT_3D('',#6366,#6367,#6368);
#6366 = CARTESIAN_POINT('',(216.,-143.,12.026733523556));
#6367 = DIRECTION('',(-0.,-0.,-1.));
#6368 = DIRECTION('',(1.,0.,0.));
#6369 = ADVANCED_FACE('',(#6370),#6389,.F.);
#6370 = FACE_BOUND('',#6371,.T.);
#6371 = EDGE_LOOP('',(#6372,#6380,#6387,#6388));
#6372 = ORIENTED_EDGE('',*,*,#6373,.F.);
#6373 = EDGE_CURVE('',#6374,#5767,#6376,.T.);
#6374 = VERTEX_POINT('',#6375);
#6375 = CARTESIAN_POINT('',(60.7,-143.,12.026733523556));
#6376 = LINE('',#6377,#6378);
#6377 = CARTESIAN_POINT('',(60.7,-143.,12.026733523556));
#6378 = VECTOR('',#6379,1.);
#6379 = DIRECTION('',(-6.E-17,0.,-1.));
#6380 = ORIENTED_EDGE('',*,*,#6381,.T.);
#6381 = EDGE_CURVE('',#6374,#6374,#6382,.T.);
#6382 = CIRCLE('',#6383,1.7);
#6383 = AXIS2_PLACEMENT_3D('',#6384,#6385,#6386);
#6384 = CARTESIAN_POINT('',(59.,-143.,12.026733523556));
#6385 = DIRECTION('',(0.,0.,1.));
#6386 = DIRECTION('',(1.,0.,0.));
#6387 = ORIENTED_EDGE('',*,*,#6373,.T.);
#6388 = ORIENTED_EDGE('',*,*,#5766,.T.);
#6389 = CYLINDRICAL_SURFACE('',#6390,1.7);
#6390 = AXIS2_PLACEMENT_3D('',#6391,#6392,#6393);
#6391 = CARTESIAN_POINT('',(59.,-143.,12.026733523556));
#6392 = DIRECTION('',(-0.,-0.,-1.));
#6393 = DIRECTION('',(1.,0.,0.));
#6394 = ADVANCED_FACE('',(#6395),#6406,.F.);
#6395 = FACE_BOUND('',#6396,.T.);
#6396 = EDGE_LOOP('',(#6397,#6403,#6404,#6405));
#6397 = ORIENTED_EDGE('',*,*,#6398,.F.);
#6398 = EDGE_CURVE('',#6203,#6374,#6399,.T.);
#6399 = LINE('',#6400,#6401);
#6400 = CARTESIAN_POINT('',(62.05,-143.,13.5));
#6401 = VECTOR('',#6402,1.);
#6402 = DIRECTION('',(-0.675590207616,0.,-0.73727733681));
#6403 = ORIENTED_EDGE('',*,*,#6202,.T.);
#6404 = ORIENTED_EDGE('',*,*,#6398,.T.);
#6405 = ORIENTED_EDGE('',*,*,#6381,.F.);
#6406 = CONICAL_SURFACE('',#6407,3.05,0.741764932098);
#6407 = AXIS2_PLACEMENT_3D('',#6408,#6409,#6410);
#6408 = CARTESIAN_POINT('',(59.,-143.,13.5));
#6409 = DIRECTION('',(0.,0.,1.));
#6410 = DIRECTION('',(1.,0.,0.));
#6411 = ADVANCED_FACE('',(#6412),#6423,.F.);
#6412 = FACE_BOUND('',#6413,.T.);
#6413 = EDGE_LOOP('',(#6414,#6420,#6421,#6422));
#6414 = ORIENTED_EDGE('',*,*,#6415,.F.);
#6415 = EDGE_CURVE('',#6220,#6349,#6416,.T.);
#6416 = LINE('',#6417,#6418);
#6417 = CARTESIAN_POINT('',(219.05,-143.,13.5));
#6418 = VECTOR('',#6419,1.);
#6419 = DIRECTION('',(-0.675590207616,0.,-0.73727733681));
#6420 = ORIENTED_EDGE('',*,*,#6219,.T.);
#6421 = ORIENTED_EDGE('',*,*,#6415,.T.);
#6422 = ORIENTED_EDGE('',*,*,#6356,.F.);
#6423 = CONICAL_SURFACE('',#6424,3.05,0.741764932098);
#6424 = AXIS2_PLACEMENT_3D('',#6425,#6426,#6427);
#6425 = CARTESIAN_POINT('',(216.,-143.,13.5));
#6426 = DIRECTION('',(0.,0.,1.));
#6427 = DIRECTION('',(1.,0.,0.));
#6428 = ( GEOMETRIC_REPRESENTATION_CONTEXT(3) 
GLOBAL_UNCERTAINTY_ASSIGNED_CONTEXT((#6432)) 
GLOBAL_UNIT_ASSIGNED_CONTEXT((#6429,#6430,#6431)) REPRESENTATION_CONTEXT
('Context #1','3D Context with UNIT and UNCERTAINTY') );
#6429 = ( LENGTH_UNIT() NAMED_UNIT(*) SI_UNIT(.MILLI.,.METRE.) );
#6430 = ( NAMED_UNIT(*) PLANE_ANGLE_UNIT() SI_UNIT($,.RADIAN.) );
#6431 = ( NAMED_UNIT(*) SI_UNIT($,.STERADIAN.) SOLID_ANGLE_UNIT() );
#6432 = UNCERTAINTY_MEASURE_WITH_UNIT(LENGTH_MEASURE(1.E-05),#6429,
  'distance_accuracy_value','confusion accuracy');
#6433 = PRODUCT_RELATED_PRODUCT_CATEGORY('part',$,(#7));
#6434 = MECHANICAL_DESIGN_GEOMETRIC_PRESENTATION_REPRESENTATION('',(
    #6435),#6428);
#6435 = STYLED_ITEM('color',(#6436),#15);
#6436 = PRESENTATION_STYLE_ASSIGNMENT((#6437,#6443));
#6437 = SURFACE_STYLE_USAGE(.BOTH.,#6438);
#6438 = SURFACE_SIDE_STYLE('',(#6439));
#6439 = SURFACE_STYLE_FILL_AREA(#6440);
#6440 = FILL_AREA_STYLE('',(#6441));
#6441 = FILL_AREA_STYLE_COLOUR('',#6442);
#6442 = COLOUR_RGB('',0.447058818107,0.474509808674,0.501960817233);
#6443 = CURVE_STYLE('',#6444,POSITIVE_LENGTH_MEASURE(0.1),#6445);
#6444 = DRAUGHTING_PRE_DEFINED_CURVE_FONT('continuous');
#6445 = COLOUR_RGB('',9.803921802644E-02,9.803921802644E-02,
  9.803921802644E-02);
ENDSEC;
END-ISO-10303-21;
