ISO-10303-21;
HEADER;
FILE_DESCRIPTION(('FreeCAD Model'),'2;1');
FILE_NAME('Open CASCADE Shape Model','2025-07-27T00:58:30',(''),(''),
  'Open CASCADE STEP processor 7.8','FreeCAD','Unknown');
FILE_SCHEMA(('AUTOMOTIVE_DESIGN { 1 0 10303 214 1 1 1 1 }'));
ENDSEC;
DATA;
#1 = APPLICATION_PROTOCOL_DEFINITION('international standard',
  'automotive_design',2000,#2);
#2 = APPLICATION_CONTEXT(
  'core data for automotive mechanical design processes');
#3 = SHAPE_DEFINITION_REPRESENTATION(#4,#10);
#4 = PRODUCT_DEFINITION_SHAPE('','',#5);
#5 = PRODUCT_DEFINITION('design','',#6,#9);
#6 = PRODUCT_DEFINITION_FORMATION('','',#7);
#7 = PRODUCT('BackCoverBody','BackCoverBody','',(#8));
#8 = PRODUCT_CONTEXT('',#2,'mechanical');
#9 = PRODUCT_DEFINITION_CONTEXT('part definition',#2,'design');
#10 = ADVANCED_BREP_SHAPE_REPRESENTATION('',(#11,#15),#8392);
#11 = AXIS2_PLACEMENT_3D('',#12,#13,#14);
#12 = CARTESIAN_POINT('',(0.,0.,0.));
#13 = DIRECTION('',(0.,0.,1.));
#14 = DIRECTION('',(1.,0.,-0.));
#15 = MANIFOLD_SOLID_BREP('',#16);
#16 = CLOSED_SHELL('',(#17,#188,#220,#244,#276,#332,#357,#381,#406,#430,
    #455,#613,#637,#794,#818,#843,#875,#917,#942,#967,#992,#1029,#1041,
    #1151,#1175,#1187,#1204,#1221,#1238,#1255,#1272,#1289,#1306,#1323,
    #1340,#1357,#1374,#1391,#1408,#1420,#1431,#1442,#1462,#1482,#1515,
    #1532,#1606,#1622,#1647,#1671,#1696,#1712,#1789,#1800,#1825,#1858,
    #3316,#3333,#3351,#3362,#3395,#3421,#3447,#3473,#3499,#3525,#3549,
    #3575,#3601,#3625,#3651,#3677,#3703,#3729,#3755,#3781,#3807,#3833,
    #3859,#3885,#3911,#3937,#3963,#3989,#4015,#4039,#4065,#4091,#4115,
    #4141,#4167,#4193,#4219,#4245,#4271,#4297,#4323,#4342,#4375,#4401,
    #4427,#4453,#4477,#4503,#4529,#4553,#4579,#4605,#4629,#4655,#4681,
    #4707,#4733,#4759,#4785,#4811,#4837,#4863,#4889,#4915,#4941,#4967,
    #4993,#5017,#5043,#5069,#5093,#5119,#5145,#5171,#5197,#5223,#5249,
    #5275,#5294,#5325,#5349,#5375,#5401,#5425,#5451,#5477,#5501,#5525,
    #5549,#5575,#5601,#5625,#5651,#5677,#5701,#5725,#5749,#5773,#5799,
    #5825,#5849,#5875,#5901,#5925,#5942,#5973,#5997,#6021,#6045,#6071,
    #6097,#6121,#6147,#6173,#6197,#6221,#6245,#6271,#6297,#6321,#6345,
    #6369,#6393,#6419,#6445,#6469,#6493,#6517,#6543,#6569,#6593,#6619,
    #6645,#6669,#6693,#6717,#6741,#6758,#6791,#6817,#6843,#6869,#6895,
    #6921,#6947,#6966,#6999,#7025,#7049,#7073,#7099,#7125,#7149,#7175,
    #7201,#7225,#7249,#7275,#7301,#7327,#7353,#7377,#7401,#7427,#7453,
    #7477,#7501,#7525,#7551,#7577,#7601,#7627,#7653,#7677,#7701,#7727,
    #7753,#7779,#7805,#7831,#7857,#7876,#7922,#7967,#8001,#8042,#8124,
    #8168,#8201,#8227,#8253,#8279,#8305,#8331,#8357,#8376));
#17 = ADVANCED_FACE('',(#18,#161,#172),#183,.T.);
#18 = FACE_BOUND('',#19,.T.);
#19 = EDGE_LOOP('',(#20,#31,#39,#47,#55,#64,#72,#80,#88,#96,#105,#113,
    #122,#130,#139,#147,#155));
#20 = ORIENTED_EDGE('',*,*,#21,.T.);
#21 = EDGE_CURVE('',#22,#24,#26,.T.);
#22 = VERTEX_POINT('',#23);
#23 = CARTESIAN_POINT('',(63.,-71.,-1.840741737109));
#24 = VERTEX_POINT('',#25);
#25 = CARTESIAN_POINT('',(65.,-69.,-1.840741737109));
#26 = CIRCLE('',#27,2.);
#27 = AXIS2_PLACEMENT_3D('',#28,#29,#30);
#28 = CARTESIAN_POINT('',(63.,-69.,-1.840741737109));
#29 = DIRECTION('',(0.,0.,1.));
#30 = DIRECTION('',(1.,0.,0.));
#31 = ORIENTED_EDGE('',*,*,#32,.T.);
#32 = EDGE_CURVE('',#24,#33,#35,.T.);
#33 = VERTEX_POINT('',#34);
#34 = CARTESIAN_POINT('',(65.,-61.61260327929,-1.840741737109));
#35 = LINE('',#36,#37);
#36 = CARTESIAN_POINT('',(65.,-69.,-1.840741737109));
#37 = VECTOR('',#38,1.);
#38 = DIRECTION('',(0.,1.,0.));
#39 = ORIENTED_EDGE('',*,*,#40,.T.);
#40 = EDGE_CURVE('',#33,#41,#43,.T.);
#41 = VERTEX_POINT('',#42);
#42 = CARTESIAN_POINT('',(210.,-61.61260327929,-1.840741737109));
#43 = LINE('',#44,#45);
#44 = CARTESIAN_POINT('',(51.,-61.61260327929,-1.840741737109));
#45 = VECTOR('',#46,1.);
#46 = DIRECTION('',(1.,0.,0.));
#47 = ORIENTED_EDGE('',*,*,#48,.T.);
#48 = EDGE_CURVE('',#41,#49,#51,.T.);
#49 = VERTEX_POINT('',#50);
#50 = CARTESIAN_POINT('',(210.,-68.54,-1.840741737109));
#51 = LINE('',#52,#53);
#52 = CARTESIAN_POINT('',(210.,-61.,-1.840741737109));
#53 = VECTOR('',#54,1.);
#54 = DIRECTION('',(0.,-1.,0.));
#55 = ORIENTED_EDGE('',*,*,#56,.T.);
#56 = EDGE_CURVE('',#49,#57,#59,.T.);
#57 = VERTEX_POINT('',#58);
#58 = CARTESIAN_POINT('',(212.,-70.54,-1.840741737109));
#59 = CIRCLE('',#60,2.);
#60 = AXIS2_PLACEMENT_3D('',#61,#62,#63);
#61 = CARTESIAN_POINT('',(212.,-68.54,-1.840741737109));
#62 = DIRECTION('',(0.,0.,1.));
#63 = DIRECTION('',(1.,0.,0.));
#64 = ORIENTED_EDGE('',*,*,#65,.T.);
#65 = EDGE_CURVE('',#57,#66,#68,.T.);
#66 = VERTEX_POINT('',#67);
#67 = CARTESIAN_POINT('',(219.,-70.54,-1.840741737109));
#68 = LINE('',#69,#70);
#69 = CARTESIAN_POINT('',(212.,-70.54,-1.840741737109));
#70 = VECTOR('',#71,1.);
#71 = DIRECTION('',(1.,0.,0.));
#72 = ORIENTED_EDGE('',*,*,#73,.T.);
#73 = EDGE_CURVE('',#66,#74,#76,.T.);
#74 = VERTEX_POINT('',#75);
#75 = CARTESIAN_POINT('',(219.,-71.514,-1.840741737109));
#76 = LINE('',#77,#78);
#77 = CARTESIAN_POINT('',(219.,-147.2479556929,-1.840741737109));
#78 = VECTOR('',#79,1.);
#79 = DIRECTION('',(0.,-1.,0.));
#80 = ORIENTED_EDGE('',*,*,#81,.F.);
#81 = EDGE_CURVE('',#82,#74,#84,.T.);
#82 = VERTEX_POINT('',#83);
#83 = CARTESIAN_POINT('',(221.,-71.514,-1.840741737109));
#84 = LINE('',#85,#86);
#85 = CARTESIAN_POINT('',(135.,-71.514,-1.840741737109));
#86 = VECTOR('',#87,1.);
#87 = DIRECTION('',(-1.,0.,0.));
#88 = ORIENTED_EDGE('',*,*,#89,.T.);
#89 = EDGE_CURVE('',#82,#90,#92,.T.);
#90 = VERTEX_POINT('',#91);
#91 = CARTESIAN_POINT('',(221.,-57.91858428704,-1.840741737109));
#92 = LINE('',#93,#94);
#93 = CARTESIAN_POINT('',(221.,-104.2479556929,-1.840741737109));
#94 = VECTOR('',#95,1.);
#95 = DIRECTION('',(3.3E-16,1.,0.));
#96 = ORIENTED_EDGE('',*,*,#97,.F.);
#97 = EDGE_CURVE('',#98,#90,#100,.T.);
#98 = VERTEX_POINT('',#99);
#99 = CARTESIAN_POINT('',(220.,-56.91858428704,-1.840741737109));
#100 = CIRCLE('',#101,1.);
#101 = AXIS2_PLACEMENT_3D('',#102,#103,#104);
#102 = CARTESIAN_POINT('',(220.,-57.91858428704,-1.840741737109));
#103 = DIRECTION('',(0.,0.,-1.));
#104 = DIRECTION('',(1.,0.,0.));
#105 = ORIENTED_EDGE('',*,*,#106,.T.);
#106 = EDGE_CURVE('',#98,#107,#109,.T.);
#107 = VERTEX_POINT('',#108);
#108 = CARTESIAN_POINT('',(55.,-56.91858428704,-1.840741737109));
#109 = LINE('',#110,#111);
#110 = CARTESIAN_POINT('',(53.,-56.91858428704,-1.840741737109));
#111 = VECTOR('',#112,1.);
#112 = DIRECTION('',(-1.,7.06E-15,0.));
#113 = ORIENTED_EDGE('',*,*,#114,.F.);
#114 = EDGE_CURVE('',#115,#107,#117,.T.);
#115 = VERTEX_POINT('',#116);
#116 = CARTESIAN_POINT('',(54.,-57.91858428704,-1.840741737109));
#117 = CIRCLE('',#118,1.);
#118 = AXIS2_PLACEMENT_3D('',#119,#120,#121);
#119 = CARTESIAN_POINT('',(55.,-57.91858428704,-1.840741737109));
#120 = DIRECTION('',(0.,0.,-1.));
#121 = DIRECTION('',(1.,0.,0.));
#122 = ORIENTED_EDGE('',*,*,#123,.T.);
#123 = EDGE_CURVE('',#115,#124,#126,.T.);
#124 = VERTEX_POINT('',#125);
#125 = CARTESIAN_POINT('',(54.,-143.918584287,-1.840741737109));
#126 = LINE('',#127,#128);
#127 = CARTESIAN_POINT('',(54.,-147.2479556929,-1.840741737109));
#128 = VECTOR('',#129,1.);
#129 = DIRECTION('',(0.,-1.,0.));
#130 = ORIENTED_EDGE('',*,*,#131,.F.);
#131 = EDGE_CURVE('',#132,#124,#134,.T.);
#132 = VERTEX_POINT('',#133);
#133 = CARTESIAN_POINT('',(55.,-144.918584287,-1.840741737109));
#134 = CIRCLE('',#135,1.);
#135 = AXIS2_PLACEMENT_3D('',#136,#137,#138);
#136 = CARTESIAN_POINT('',(55.,-143.918584287,-1.840741737109));
#137 = DIRECTION('',(0.,0.,-1.));
#138 = DIRECTION('',(1.,0.,0.));
#139 = ORIENTED_EDGE('',*,*,#140,.T.);
#140 = EDGE_CURVE('',#132,#141,#143,.T.);
#141 = VERTEX_POINT('',#142);
#142 = CARTESIAN_POINT('',(56.,-144.918584287,-1.840741737109));
#143 = LINE('',#144,#145);
#144 = CARTESIAN_POINT('',(135.5,-144.918584287,-1.840741737109));
#145 = VECTOR('',#146,1.);
#146 = DIRECTION('',(1.,1.7E-16,0.));
#147 = ORIENTED_EDGE('',*,*,#148,.T.);
#148 = EDGE_CURVE('',#141,#149,#151,.T.);
#149 = VERTEX_POINT('',#150);
#150 = CARTESIAN_POINT('',(56.,-71.,-1.840741737109));
#151 = LINE('',#152,#153);
#152 = CARTESIAN_POINT('',(56.,-150.5773270988,-1.840741737109));
#153 = VECTOR('',#154,1.);
#154 = DIRECTION('',(0.,1.,0.));
#155 = ORIENTED_EDGE('',*,*,#156,.T.);
#156 = EDGE_CURVE('',#149,#22,#157,.T.);
#157 = LINE('',#158,#159);
#158 = CARTESIAN_POINT('',(55.,-71.,-1.840741737109));
#159 = VECTOR('',#160,1.);
#160 = DIRECTION('',(1.,0.,0.));
#161 = FACE_BOUND('',#162,.T.);
#162 = EDGE_LOOP('',(#163));
#163 = ORIENTED_EDGE('',*,*,#164,.F.);
#164 = EDGE_CURVE('',#165,#165,#167,.T.);
#165 = VERTEX_POINT('',#166);
#166 = CARTESIAN_POINT('',(217.7,-64.77,-1.840741737109));
#167 = CIRCLE('',#168,1.7);
#168 = AXIS2_PLACEMENT_3D('',#169,#170,#171);
#169 = CARTESIAN_POINT('',(216.,-64.77,-1.840741737109));
#170 = DIRECTION('',(0.,0.,1.));
#171 = DIRECTION('',(1.,0.,0.));
#172 = FACE_BOUND('',#173,.T.);
#173 = EDGE_LOOP('',(#174));
#174 = ORIENTED_EDGE('',*,*,#175,.F.);
#175 = EDGE_CURVE('',#176,#176,#178,.T.);
#176 = VERTEX_POINT('',#177);
#177 = CARTESIAN_POINT('',(60.7,-65.,-1.840741737109));
#178 = CIRCLE('',#179,1.7);
#179 = AXIS2_PLACEMENT_3D('',#180,#181,#182);
#180 = CARTESIAN_POINT('',(59.,-65.,-1.840741737109));
#181 = DIRECTION('',(0.,0.,1.));
#182 = DIRECTION('',(1.,0.,0.));
#183 = PLANE('',#184);
#184 = AXIS2_PLACEMENT_3D('',#185,#186,#187);
#185 = CARTESIAN_POINT('',(51.,-150.5773270988,-1.840741737109));
#186 = DIRECTION('',(0.,0.,1.));
#187 = DIRECTION('',(0.,1.,0.));
#188 = ADVANCED_FACE('',(#189),#215,.T.);
#189 = FACE_BOUND('',#190,.T.);
#190 = EDGE_LOOP('',(#191,#192,#200,#209));
#191 = ORIENTED_EDGE('',*,*,#21,.F.);
#192 = ORIENTED_EDGE('',*,*,#193,.T.);
#193 = EDGE_CURVE('',#22,#194,#196,.T.);
#194 = VERTEX_POINT('',#195);
#195 = CARTESIAN_POINT('',(63.,-71.,-12.99002745274));
#196 = LINE('',#197,#198);
#197 = CARTESIAN_POINT('',(63.,-71.,-1.840741737109));
#198 = VECTOR('',#199,1.);
#199 = DIRECTION('',(-0.,-0.,-1.));
#200 = ORIENTED_EDGE('',*,*,#201,.F.);
#201 = EDGE_CURVE('',#202,#194,#204,.T.);
#202 = VERTEX_POINT('',#203);
#203 = CARTESIAN_POINT('',(65.,-69.,-12.45412906788));
#204 = ELLIPSE('',#205,2.07055236082,2.);
#205 = AXIS2_PLACEMENT_3D('',#206,#207,#208);
#206 = CARTESIAN_POINT('',(63.,-69.,-12.45412906788));
#207 = DIRECTION('',(0.,0.258819045103,-0.965925826289));
#208 = DIRECTION('',(0.,0.965925826289,0.258819045103));
#209 = ORIENTED_EDGE('',*,*,#210,.F.);
#210 = EDGE_CURVE('',#24,#202,#211,.T.);
#211 = LINE('',#212,#213);
#212 = CARTESIAN_POINT('',(65.,-69.,-1.840741737109));
#213 = VECTOR('',#214,1.);
#214 = DIRECTION('',(-0.,-0.,-1.));
#215 = CYLINDRICAL_SURFACE('',#216,2.);
#216 = AXIS2_PLACEMENT_3D('',#217,#218,#219);
#217 = CARTESIAN_POINT('',(63.,-69.,-1.840741737109));
#218 = DIRECTION('',(0.,0.,1.));
#219 = DIRECTION('',(1.,0.,0.));
#220 = ADVANCED_FACE('',(#221),#239,.T.);
#221 = FACE_BOUND('',#222,.T.);
#222 = EDGE_LOOP('',(#223,#224,#232,#238));
#223 = ORIENTED_EDGE('',*,*,#156,.F.);
#224 = ORIENTED_EDGE('',*,*,#225,.T.);
#225 = EDGE_CURVE('',#149,#226,#228,.T.);
#226 = VERTEX_POINT('',#227);
#227 = CARTESIAN_POINT('',(56.,-71.,-12.99002745274));
#228 = LINE('',#229,#230);
#229 = CARTESIAN_POINT('',(56.,-71.,-7.907248087018));
#230 = VECTOR('',#231,1.);
#231 = DIRECTION('',(0.,0.,-1.));
#232 = ORIENTED_EDGE('',*,*,#233,.T.);
#233 = EDGE_CURVE('',#226,#194,#234,.T.);
#234 = LINE('',#235,#236);
#235 = CARTESIAN_POINT('',(53.,-71.,-12.99002745274));
#236 = VECTOR('',#237,1.);
#237 = DIRECTION('',(1.,0.,0.));
#238 = ORIENTED_EDGE('',*,*,#193,.F.);
#239 = PLANE('',#240);
#240 = AXIS2_PLACEMENT_3D('',#241,#242,#243);
#241 = CARTESIAN_POINT('',(55.,-71.,-1.840741737109));
#242 = DIRECTION('',(0.,-1.,0.));
#243 = DIRECTION('',(1.,0.,0.));
#244 = ADVANCED_FACE('',(#245),#271,.T.);
#245 = FACE_BOUND('',#246,.T.);
#246 = EDGE_LOOP('',(#247,#248,#256,#264,#270));
#247 = ORIENTED_EDGE('',*,*,#148,.F.);
#248 = ORIENTED_EDGE('',*,*,#249,.T.);
#249 = EDGE_CURVE('',#141,#250,#252,.T.);
#250 = VERTEX_POINT('',#251);
#251 = CARTESIAN_POINT('',(56.,-144.918584287,-3.6409408921));
#252 = LINE('',#253,#254);
#253 = CARTESIAN_POINT('',(56.,-144.918584287,-12.73687721846));
#254 = VECTOR('',#255,1.);
#255 = DIRECTION('',(0.,0.,-1.));
#256 = ORIENTED_EDGE('',*,*,#257,.T.);
#257 = EDGE_CURVE('',#250,#258,#260,.T.);
#258 = VERTEX_POINT('',#259);
#259 = CARTESIAN_POINT('',(56.,-137.6297064055,-30.84340347603));
#260 = LINE('',#261,#262);
#261 = CARTESIAN_POINT('',(56.,-138.0041299271,-29.44603586973));
#262 = VECTOR('',#263,1.);
#263 = DIRECTION('',(0.,0.258819045103,-0.965925826289));
#264 = ORIENTED_EDGE('',*,*,#265,.T.);
#265 = EDGE_CURVE('',#258,#226,#266,.T.);
#266 = LINE('',#267,#268);
#267 = CARTESIAN_POINT('',(56.,-78.8751616273,-15.10017065104));
#268 = VECTOR('',#269,1.);
#269 = DIRECTION('',(0.,0.965925826289,0.258819045103));
#270 = ORIENTED_EDGE('',*,*,#225,.F.);
#271 = PLANE('',#272);
#272 = AXIS2_PLACEMENT_3D('',#273,#274,#275);
#273 = CARTESIAN_POINT('',(56.,-105.1687764618,-13.97375443692));
#274 = DIRECTION('',(1.,0.,0.));
#275 = DIRECTION('',(0.,0.,1.));
#276 = ADVANCED_FACE('',(#277),#327,.T.);
#277 = FACE_BOUND('',#278,.T.);
#278 = EDGE_LOOP('',(#279,#289,#297,#305,#313,#319,#320,#321));
#279 = ORIENTED_EDGE('',*,*,#280,.F.);
#280 = EDGE_CURVE('',#281,#283,#285,.T.);
#281 = VERTEX_POINT('',#282);
#282 = CARTESIAN_POINT('',(220.,-144.918584287,-11.5));
#283 = VERTEX_POINT('',#284);
#284 = CARTESIAN_POINT('',(55.,-144.918584287,-11.5));
#285 = LINE('',#286,#287);
#286 = CARTESIAN_POINT('',(220.,-144.918584287,-11.5));
#287 = VECTOR('',#288,1.);
#288 = DIRECTION('',(-1.,-1.7E-16,0.));
#289 = ORIENTED_EDGE('',*,*,#290,.T.);
#290 = EDGE_CURVE('',#281,#291,#293,.T.);
#291 = VERTEX_POINT('',#292);
#292 = CARTESIAN_POINT('',(220.,-144.918584287,-1.840741737109));
#293 = LINE('',#294,#295);
#294 = CARTESIAN_POINT('',(220.,-144.918584287,-11.5));
#295 = VECTOR('',#296,1.);
#296 = DIRECTION('',(0.,0.,1.));
#297 = ORIENTED_EDGE('',*,*,#298,.F.);
#298 = EDGE_CURVE('',#299,#291,#301,.T.);
#299 = VERTEX_POINT('',#300);
#300 = CARTESIAN_POINT('',(219.,-144.918584287,-1.840741737109));
#301 = LINE('',#302,#303);
#302 = CARTESIAN_POINT('',(135.5,-144.918584287,-1.840741737109));
#303 = VECTOR('',#304,1.);
#304 = DIRECTION('',(1.,1.7E-16,0.));
#305 = ORIENTED_EDGE('',*,*,#306,.F.);
#306 = EDGE_CURVE('',#307,#299,#309,.T.);
#307 = VERTEX_POINT('',#308);
#308 = CARTESIAN_POINT('',(219.,-144.918584287,-3.6409408921));
#309 = LINE('',#310,#311);
#310 = CARTESIAN_POINT('',(219.,-144.918584287,-11.5));
#311 = VECTOR('',#312,1.);
#312 = DIRECTION('',(0.,0.,1.));
#313 = ORIENTED_EDGE('',*,*,#314,.T.);
#314 = EDGE_CURVE('',#307,#250,#315,.T.);
#315 = LINE('',#316,#317);
#316 = CARTESIAN_POINT('',(135.5,-144.918584287,-3.6409408921));
#317 = VECTOR('',#318,1.);
#318 = DIRECTION('',(-1.,-1.7E-16,6.3E-16));
#319 = ORIENTED_EDGE('',*,*,#249,.F.);
#320 = ORIENTED_EDGE('',*,*,#140,.F.);
#321 = ORIENTED_EDGE('',*,*,#322,.F.);
#322 = EDGE_CURVE('',#283,#132,#323,.T.);
#323 = LINE('',#324,#325);
#324 = CARTESIAN_POINT('',(55.,-144.918584287,-11.5));
#325 = VECTOR('',#326,1.);
#326 = DIRECTION('',(0.,0.,1.));
#327 = PLANE('',#328);
#328 = AXIS2_PLACEMENT_3D('',#329,#330,#331);
#329 = CARTESIAN_POINT('',(220.,-144.918584287,-11.5));
#330 = DIRECTION('',(1.7E-16,-1.,0.));
#331 = DIRECTION('',(-1.,-1.7E-16,0.));
#332 = ADVANCED_FACE('',(#333),#352,.T.);
#333 = FACE_BOUND('',#334,.T.);
#334 = EDGE_LOOP('',(#335,#344,#345,#346));
#335 = ORIENTED_EDGE('',*,*,#336,.F.);
#336 = EDGE_CURVE('',#283,#337,#339,.T.);
#337 = VERTEX_POINT('',#338);
#338 = CARTESIAN_POINT('',(54.,-143.918584287,-11.5));
#339 = CIRCLE('',#340,1.);
#340 = AXIS2_PLACEMENT_3D('',#341,#342,#343);
#341 = CARTESIAN_POINT('',(55.,-143.918584287,-11.5));
#342 = DIRECTION('',(0.,0.,-1.));
#343 = DIRECTION('',(1.,0.,0.));
#344 = ORIENTED_EDGE('',*,*,#322,.T.);
#345 = ORIENTED_EDGE('',*,*,#131,.T.);
#346 = ORIENTED_EDGE('',*,*,#347,.F.);
#347 = EDGE_CURVE('',#337,#124,#348,.T.);
#348 = LINE('',#349,#350);
#349 = CARTESIAN_POINT('',(54.,-143.918584287,-11.5));
#350 = VECTOR('',#351,1.);
#351 = DIRECTION('',(0.,0.,1.));
#352 = CYLINDRICAL_SURFACE('',#353,1.);
#353 = AXIS2_PLACEMENT_3D('',#354,#355,#356);
#354 = CARTESIAN_POINT('',(55.,-143.918584287,-11.5));
#355 = DIRECTION('',(0.,0.,-1.));
#356 = DIRECTION('',(1.,0.,0.));
#357 = ADVANCED_FACE('',(#358),#376,.T.);
#358 = FACE_BOUND('',#359,.T.);
#359 = EDGE_LOOP('',(#360,#368,#369,#370));
#360 = ORIENTED_EDGE('',*,*,#361,.F.);
#361 = EDGE_CURVE('',#337,#362,#364,.T.);
#362 = VERTEX_POINT('',#363);
#363 = CARTESIAN_POINT('',(54.,-57.91858428704,-11.5));
#364 = LINE('',#365,#366);
#365 = CARTESIAN_POINT('',(54.,-143.918584287,-11.5));
#366 = VECTOR('',#367,1.);
#367 = DIRECTION('',(0.,1.,0.));
#368 = ORIENTED_EDGE('',*,*,#347,.T.);
#369 = ORIENTED_EDGE('',*,*,#123,.F.);
#370 = ORIENTED_EDGE('',*,*,#371,.F.);
#371 = EDGE_CURVE('',#362,#115,#372,.T.);
#372 = LINE('',#373,#374);
#373 = CARTESIAN_POINT('',(54.,-57.91858428704,-11.5));
#374 = VECTOR('',#375,1.);
#375 = DIRECTION('',(0.,0.,1.));
#376 = PLANE('',#377);
#377 = AXIS2_PLACEMENT_3D('',#378,#379,#380);
#378 = CARTESIAN_POINT('',(54.,-143.918584287,-11.5));
#379 = DIRECTION('',(-1.,0.,0.));
#380 = DIRECTION('',(0.,1.,0.));
#381 = ADVANCED_FACE('',(#382),#401,.T.);
#382 = FACE_BOUND('',#383,.T.);
#383 = EDGE_LOOP('',(#384,#393,#394,#395));
#384 = ORIENTED_EDGE('',*,*,#385,.F.);
#385 = EDGE_CURVE('',#362,#386,#388,.T.);
#386 = VERTEX_POINT('',#387);
#387 = CARTESIAN_POINT('',(55.,-56.91858428704,-11.5));
#388 = CIRCLE('',#389,1.);
#389 = AXIS2_PLACEMENT_3D('',#390,#391,#392);
#390 = CARTESIAN_POINT('',(55.,-57.91858428704,-11.5));
#391 = DIRECTION('',(0.,0.,-1.));
#392 = DIRECTION('',(1.,0.,0.));
#393 = ORIENTED_EDGE('',*,*,#371,.T.);
#394 = ORIENTED_EDGE('',*,*,#114,.T.);
#395 = ORIENTED_EDGE('',*,*,#396,.F.);
#396 = EDGE_CURVE('',#386,#107,#397,.T.);
#397 = LINE('',#398,#399);
#398 = CARTESIAN_POINT('',(55.,-56.91858428704,-11.5));
#399 = VECTOR('',#400,1.);
#400 = DIRECTION('',(0.,0.,1.));
#401 = CYLINDRICAL_SURFACE('',#402,1.);
#402 = AXIS2_PLACEMENT_3D('',#403,#404,#405);
#403 = CARTESIAN_POINT('',(55.,-57.91858428704,-11.5));
#404 = DIRECTION('',(0.,0.,-1.));
#405 = DIRECTION('',(1.,0.,0.));
#406 = ADVANCED_FACE('',(#407),#425,.T.);
#407 = FACE_BOUND('',#408,.T.);
#408 = EDGE_LOOP('',(#409,#417,#418,#419));
#409 = ORIENTED_EDGE('',*,*,#410,.F.);
#410 = EDGE_CURVE('',#386,#411,#413,.T.);
#411 = VERTEX_POINT('',#412);
#412 = CARTESIAN_POINT('',(220.,-56.91858428704,-11.5));
#413 = LINE('',#414,#415);
#414 = CARTESIAN_POINT('',(55.,-56.91858428704,-11.5));
#415 = VECTOR('',#416,1.);
#416 = DIRECTION('',(1.,-7.06E-15,0.));
#417 = ORIENTED_EDGE('',*,*,#396,.T.);
#418 = ORIENTED_EDGE('',*,*,#106,.F.);
#419 = ORIENTED_EDGE('',*,*,#420,.F.);
#420 = EDGE_CURVE('',#411,#98,#421,.T.);
#421 = LINE('',#422,#423);
#422 = CARTESIAN_POINT('',(220.,-56.91858428704,-11.5));
#423 = VECTOR('',#424,1.);
#424 = DIRECTION('',(0.,0.,1.));
#425 = PLANE('',#426);
#426 = AXIS2_PLACEMENT_3D('',#427,#428,#429);
#427 = CARTESIAN_POINT('',(55.,-56.91858428704,-11.5));
#428 = DIRECTION('',(7.06E-15,1.,0.));
#429 = DIRECTION('',(1.,-7.06E-15,0.));
#430 = ADVANCED_FACE('',(#431),#450,.T.);
#431 = FACE_BOUND('',#432,.T.);
#432 = EDGE_LOOP('',(#433,#442,#443,#444));
#433 = ORIENTED_EDGE('',*,*,#434,.F.);
#434 = EDGE_CURVE('',#411,#435,#437,.T.);
#435 = VERTEX_POINT('',#436);
#436 = CARTESIAN_POINT('',(221.,-57.91858428704,-11.5));
#437 = CIRCLE('',#438,1.);
#438 = AXIS2_PLACEMENT_3D('',#439,#440,#441);
#439 = CARTESIAN_POINT('',(220.,-57.91858428704,-11.5));
#440 = DIRECTION('',(0.,0.,-1.));
#441 = DIRECTION('',(1.,0.,0.));
#442 = ORIENTED_EDGE('',*,*,#420,.T.);
#443 = ORIENTED_EDGE('',*,*,#97,.T.);
#444 = ORIENTED_EDGE('',*,*,#445,.F.);
#445 = EDGE_CURVE('',#435,#90,#446,.T.);
#446 = LINE('',#447,#448);
#447 = CARTESIAN_POINT('',(221.,-57.91858428704,-11.5));
#448 = VECTOR('',#449,1.);
#449 = DIRECTION('',(0.,0.,1.));
#450 = CYLINDRICAL_SURFACE('',#451,1.);
#451 = AXIS2_PLACEMENT_3D('',#452,#453,#454);
#452 = CARTESIAN_POINT('',(220.,-57.91858428704,-11.5));
#453 = DIRECTION('',(0.,0.,-1.));
#454 = DIRECTION('',(1.,0.,0.));
#455 = ADVANCED_FACE('',(#456),#608,.T.);
#456 = FACE_BOUND('',#457,.T.);
#457 = EDGE_LOOP('',(#458,#466,#467,#468,#476,#485,#493,#502,#510,#518,
    #526,#535,#543,#552,#560,#568,#577,#585,#594,#602));
#458 = ORIENTED_EDGE('',*,*,#459,.F.);
#459 = EDGE_CURVE('',#435,#460,#462,.T.);
#460 = VERTEX_POINT('',#461);
#461 = CARTESIAN_POINT('',(221.,-143.918584287,-11.5));
#462 = LINE('',#463,#464);
#463 = CARTESIAN_POINT('',(221.,-57.91858428704,-11.5));
#464 = VECTOR('',#465,1.);
#465 = DIRECTION('',(-3.3E-16,-1.,0.));
#466 = ORIENTED_EDGE('',*,*,#445,.T.);
#467 = ORIENTED_EDGE('',*,*,#89,.F.);
#468 = ORIENTED_EDGE('',*,*,#469,.T.);
#469 = EDGE_CURVE('',#82,#470,#472,.T.);
#470 = VERTEX_POINT('',#471);
#471 = CARTESIAN_POINT('',(221.,-71.514,-7.740000000038));
#472 = LINE('',#473,#474);
#473 = CARTESIAN_POINT('',(221.,-71.514,-5.775));
#474 = VECTOR('',#475,1.);
#475 = DIRECTION('',(0.,0.,-1.));
#476 = ORIENTED_EDGE('',*,*,#477,.T.);
#477 = EDGE_CURVE('',#470,#478,#480,.T.);
#478 = VERTEX_POINT('',#479);
#479 = CARTESIAN_POINT('',(221.,-73.014,-9.240000000029));
#480 = CIRCLE('',#481,1.499999999999);
#481 = AXIS2_PLACEMENT_3D('',#482,#483,#484);
#482 = CARTESIAN_POINT('',(221.,-73.014,-7.74000000003));
#483 = DIRECTION('',(-1.,0.,0.));
#484 = DIRECTION('',(0.,-1.,0.));
#485 = ORIENTED_EDGE('',*,*,#486,.T.);
#486 = EDGE_CURVE('',#478,#487,#489,.T.);
#487 = VERTEX_POINT('',#488);
#488 = CARTESIAN_POINT('',(221.,-87.514,-9.240000000029));
#489 = LINE('',#490,#491);
#490 = CARTESIAN_POINT('',(221.,-65.46629214352,-9.240000000029));
#491 = VECTOR('',#492,1.);
#492 = DIRECTION('',(-3.3E-16,-1.,-0.));
#493 = ORIENTED_EDGE('',*,*,#494,.T.);
#494 = EDGE_CURVE('',#487,#495,#497,.T.);
#495 = VERTEX_POINT('',#496);
#496 = CARTESIAN_POINT('',(221.,-89.014,-7.74000000003));
#497 = CIRCLE('',#498,1.499999999999);
#498 = AXIS2_PLACEMENT_3D('',#499,#500,#501);
#499 = CARTESIAN_POINT('',(221.,-87.514,-7.74000000003));
#500 = DIRECTION('',(-1.,0.,0.));
#501 = DIRECTION('',(0.,-1.,0.));
#502 = ORIENTED_EDGE('',*,*,#503,.T.);
#503 = EDGE_CURVE('',#495,#504,#506,.T.);
#504 = VERTEX_POINT('',#505);
#505 = CARTESIAN_POINT('',(221.,-89.014,-1.840741737109));
#506 = LINE('',#507,#508);
#507 = CARTESIAN_POINT('',(221.,-89.014,-9.620000000012));
#508 = VECTOR('',#509,1.);
#509 = DIRECTION('',(0.,1.8295E-13,1.));
#510 = ORIENTED_EDGE('',*,*,#511,.F.);
#511 = EDGE_CURVE('',#512,#504,#514,.T.);
#512 = VERTEX_POINT('',#513);
#513 = CARTESIAN_POINT('',(221.,-90.31,-1.840741737109));
#514 = LINE('',#515,#516);
#515 = CARTESIAN_POINT('',(221.,-104.2479556929,-1.840741737109));
#516 = VECTOR('',#517,1.);
#517 = DIRECTION('',(3.3E-16,1.,0.));
#518 = ORIENTED_EDGE('',*,*,#519,.T.);
#519 = EDGE_CURVE('',#512,#520,#522,.T.);
#520 = VERTEX_POINT('',#521);
#521 = CARTESIAN_POINT('',(221.,-90.31,-7.74));
#522 = LINE('',#523,#524);
#523 = CARTESIAN_POINT('',(221.,-90.31,-5.775));
#524 = VECTOR('',#525,1.);
#525 = DIRECTION('',(0.,0.,-1.));
#526 = ORIENTED_EDGE('',*,*,#527,.T.);
#527 = EDGE_CURVE('',#520,#528,#530,.T.);
#528 = VERTEX_POINT('',#529);
#529 = CARTESIAN_POINT('',(221.,-91.81,-9.24));
#530 = CIRCLE('',#531,1.5);
#531 = AXIS2_PLACEMENT_3D('',#532,#533,#534);
#532 = CARTESIAN_POINT('',(221.,-91.81,-7.74));
#533 = DIRECTION('',(-1.,0.,0.));
#534 = DIRECTION('',(0.,-1.,0.));
#535 = ORIENTED_EDGE('',*,*,#536,.T.);
#536 = EDGE_CURVE('',#528,#537,#539,.T.);
#537 = VERTEX_POINT('',#538);
#538 = CARTESIAN_POINT('',(221.,-106.31,-9.24));
#539 = LINE('',#540,#541);
#540 = CARTESIAN_POINT('',(221.,-74.86429214352,-9.24));
#541 = VECTOR('',#542,1.);
#542 = DIRECTION('',(-3.3E-16,-1.,-0.));
#543 = ORIENTED_EDGE('',*,*,#544,.T.);
#544 = EDGE_CURVE('',#537,#545,#547,.T.);
#545 = VERTEX_POINT('',#546);
#546 = CARTESIAN_POINT('',(221.,-107.81,-7.74));
#547 = CIRCLE('',#548,1.5);
#548 = AXIS2_PLACEMENT_3D('',#549,#550,#551);
#549 = CARTESIAN_POINT('',(221.,-106.31,-7.74));
#550 = DIRECTION('',(-1.,0.,0.));
#551 = DIRECTION('',(0.,-1.,0.));
#552 = ORIENTED_EDGE('',*,*,#553,.T.);
#553 = EDGE_CURVE('',#545,#554,#556,.T.);
#554 = VERTEX_POINT('',#555);
#555 = CARTESIAN_POINT('',(221.,-107.81,-1.840741737109));
#556 = LINE('',#557,#558);
#557 = CARTESIAN_POINT('',(221.,-107.81,-9.62));
#558 = VECTOR('',#559,1.);
#559 = DIRECTION('',(0.,0.,1.));
#560 = ORIENTED_EDGE('',*,*,#561,.F.);
#561 = EDGE_CURVE('',#562,#554,#564,.T.);
#562 = VERTEX_POINT('',#563);
#563 = CARTESIAN_POINT('',(221.,-112.1100344646,-1.840741737109));
#564 = LINE('',#565,#566);
#565 = CARTESIAN_POINT('',(221.,-104.2479556929,-1.840741737109));
#566 = VECTOR('',#567,1.);
#567 = DIRECTION('',(3.3E-16,1.,0.));
#568 = ORIENTED_EDGE('',*,*,#569,.T.);
#569 = EDGE_CURVE('',#562,#570,#572,.T.);
#570 = VERTEX_POINT('',#571);
#571 = CARTESIAN_POINT('',(221.,-116.08,-6.33));
#572 = CIRCLE('',#573,4.);
#573 = AXIS2_PLACEMENT_3D('',#574,#575,#576);
#574 = CARTESIAN_POINT('',(221.,-116.08,-2.33));
#575 = DIRECTION('',(-1.,0.,0.));
#576 = DIRECTION('',(0.,-1.,0.));
#577 = ORIENTED_EDGE('',*,*,#578,.T.);
#578 = EDGE_CURVE('',#570,#579,#581,.T.);
#579 = VERTEX_POINT('',#580);
#580 = CARTESIAN_POINT('',(221.,-121.86,-6.33));
#581 = LINE('',#582,#583);
#582 = CARTESIAN_POINT('',(221.,-86.99929214352,-6.33));
#583 = VECTOR('',#584,1.);
#584 = DIRECTION('',(-3.3E-16,-1.,1.5E-16));
#585 = ORIENTED_EDGE('',*,*,#586,.T.);
#586 = EDGE_CURVE('',#579,#587,#589,.T.);
#587 = VERTEX_POINT('',#588);
#588 = CARTESIAN_POINT('',(221.,-125.8299655353,-1.840741737109));
#589 = CIRCLE('',#590,4.);
#590 = AXIS2_PLACEMENT_3D('',#591,#592,#593);
#591 = CARTESIAN_POINT('',(221.,-121.86,-2.33));
#592 = DIRECTION('',(-1.,0.,0.));
#593 = DIRECTION('',(0.,-1.,0.));
#594 = ORIENTED_EDGE('',*,*,#595,.F.);
#595 = EDGE_CURVE('',#596,#587,#598,.T.);
#596 = VERTEX_POINT('',#597);
#597 = CARTESIAN_POINT('',(221.,-143.918584287,-1.840741737109));
#598 = LINE('',#599,#600);
#599 = CARTESIAN_POINT('',(221.,-104.2479556929,-1.840741737109));
#600 = VECTOR('',#601,1.);
#601 = DIRECTION('',(3.3E-16,1.,0.));
#602 = ORIENTED_EDGE('',*,*,#603,.F.);
#603 = EDGE_CURVE('',#460,#596,#604,.T.);
#604 = LINE('',#605,#606);
#605 = CARTESIAN_POINT('',(221.,-143.918584287,-11.5));
#606 = VECTOR('',#607,1.);
#607 = DIRECTION('',(0.,0.,1.));
#608 = PLANE('',#609);
#609 = AXIS2_PLACEMENT_3D('',#610,#611,#612);
#610 = CARTESIAN_POINT('',(221.,-57.91858428704,-11.5));
#611 = DIRECTION('',(1.,-3.3E-16,0.));
#612 = DIRECTION('',(-3.3E-16,-1.,0.));
#613 = ADVANCED_FACE('',(#614),#632,.F.);
#614 = FACE_BOUND('',#615,.F.);
#615 = EDGE_LOOP('',(#616,#624,#625,#626));
#616 = ORIENTED_EDGE('',*,*,#617,.F.);
#617 = EDGE_CURVE('',#74,#618,#620,.T.);
#618 = VERTEX_POINT('',#619);
#619 = CARTESIAN_POINT('',(219.,-71.514,-7.740000000038));
#620 = LINE('',#621,#622);
#621 = CARTESIAN_POINT('',(219.,-71.514,-4.999999999959E-02));
#622 = VECTOR('',#623,1.);
#623 = DIRECTION('',(0.,0.,-1.));
#624 = ORIENTED_EDGE('',*,*,#81,.F.);
#625 = ORIENTED_EDGE('',*,*,#469,.T.);
#626 = ORIENTED_EDGE('',*,*,#627,.F.);
#627 = EDGE_CURVE('',#618,#470,#628,.T.);
#628 = LINE('',#629,#630);
#629 = CARTESIAN_POINT('',(219.,-71.514,-7.740000000038));
#630 = VECTOR('',#631,1.);
#631 = DIRECTION('',(1.,0.,0.));
#632 = PLANE('',#633);
#633 = AXIS2_PLACEMENT_3D('',#634,#635,#636);
#634 = CARTESIAN_POINT('',(219.,-71.514,-4.999999999959E-02));
#635 = DIRECTION('',(0.,1.,0.));
#636 = DIRECTION('',(0.,0.,-1.));
#637 = ADVANCED_FACE('',(#638),#789,.T.);
#638 = FACE_BOUND('',#639,.T.);
#639 = EDGE_LOOP('',(#640,#641,#649,#657,#663,#664,#672,#681,#689,#698,
    #706,#714,#723,#731,#740,#748,#756,#764,#773,#781,#788));
#640 = ORIENTED_EDGE('',*,*,#73,.F.);
#641 = ORIENTED_EDGE('',*,*,#642,.F.);
#642 = EDGE_CURVE('',#643,#66,#645,.T.);
#643 = VERTEX_POINT('',#644);
#644 = CARTESIAN_POINT('',(219.,-70.54,-12.86677082422));
#645 = LINE('',#646,#647);
#646 = CARTESIAN_POINT('',(219.,-70.54,-6.670370868555));
#647 = VECTOR('',#648,1.);
#648 = DIRECTION('',(0.,0.,1.));
#649 = ORIENTED_EDGE('',*,*,#650,.F.);
#650 = EDGE_CURVE('',#651,#643,#653,.T.);
#651 = VERTEX_POINT('',#652);
#652 = CARTESIAN_POINT('',(219.,-137.6297064055,-30.84340347603));
#653 = LINE('',#654,#655);
#654 = CARTESIAN_POINT('',(219.,-96.64297377107,-19.86104156623));
#655 = VECTOR('',#656,1.);
#656 = DIRECTION('',(0.,0.965925826289,0.258819045103));
#657 = ORIENTED_EDGE('',*,*,#658,.T.);
#658 = EDGE_CURVE('',#651,#307,#659,.T.);
#659 = LINE('',#660,#661);
#660 = CARTESIAN_POINT('',(219.,-139.6112216959,-23.44828773608));
#661 = VECTOR('',#662,1.);
#662 = DIRECTION('',(0.,-0.258819045103,0.965925826289));
#663 = ORIENTED_EDGE('',*,*,#306,.T.);
#664 = ORIENTED_EDGE('',*,*,#665,.F.);
#665 = EDGE_CURVE('',#666,#299,#668,.T.);
#666 = VERTEX_POINT('',#667);
#667 = CARTESIAN_POINT('',(219.,-125.8299655353,-1.840741737109));
#668 = LINE('',#669,#670);
#669 = CARTESIAN_POINT('',(219.,-147.2479556929,-1.840741737109));
#670 = VECTOR('',#671,1.);
#671 = DIRECTION('',(0.,-1.,0.));
#672 = ORIENTED_EDGE('',*,*,#673,.F.);
#673 = EDGE_CURVE('',#674,#666,#676,.T.);
#674 = VERTEX_POINT('',#675);
#675 = CARTESIAN_POINT('',(219.,-121.86,-6.33));
#676 = CIRCLE('',#677,4.);
#677 = AXIS2_PLACEMENT_3D('',#678,#679,#680);
#678 = CARTESIAN_POINT('',(219.,-121.86,-2.33));
#679 = DIRECTION('',(-1.,0.,0.));
#680 = DIRECTION('',(0.,-1.,0.));
#681 = ORIENTED_EDGE('',*,*,#682,.F.);
#682 = EDGE_CURVE('',#683,#674,#685,.T.);
#683 = VERTEX_POINT('',#684);
#684 = CARTESIAN_POINT('',(219.,-116.08,-6.33));
#685 = LINE('',#686,#687);
#686 = CARTESIAN_POINT('',(219.,-116.08,-6.33));
#687 = VECTOR('',#688,1.);
#688 = DIRECTION('',(0.,-1.,1.5E-16));
#689 = ORIENTED_EDGE('',*,*,#690,.F.);
#690 = EDGE_CURVE('',#691,#683,#693,.T.);
#691 = VERTEX_POINT('',#692);
#692 = CARTESIAN_POINT('',(219.,-112.1100344646,-1.840741737109));
#693 = CIRCLE('',#694,4.);
#694 = AXIS2_PLACEMENT_3D('',#695,#696,#697);
#695 = CARTESIAN_POINT('',(219.,-116.08,-2.33));
#696 = DIRECTION('',(-1.,0.,0.));
#697 = DIRECTION('',(0.,-1.,0.));
#698 = ORIENTED_EDGE('',*,*,#699,.F.);
#699 = EDGE_CURVE('',#700,#691,#702,.T.);
#700 = VERTEX_POINT('',#701);
#701 = CARTESIAN_POINT('',(219.,-107.81,-1.840741737109));
#702 = LINE('',#703,#704);
#703 = CARTESIAN_POINT('',(219.,-147.2479556929,-1.840741737109));
#704 = VECTOR('',#705,1.);
#705 = DIRECTION('',(0.,-1.,0.));
#706 = ORIENTED_EDGE('',*,*,#707,.F.);
#707 = EDGE_CURVE('',#708,#700,#710,.T.);
#708 = VERTEX_POINT('',#709);
#709 = CARTESIAN_POINT('',(219.,-107.81,-7.74));
#710 = LINE('',#711,#712);
#711 = CARTESIAN_POINT('',(219.,-107.81,-7.74));
#712 = VECTOR('',#713,1.);
#713 = DIRECTION('',(0.,0.,1.));
#714 = ORIENTED_EDGE('',*,*,#715,.F.);
#715 = EDGE_CURVE('',#716,#708,#718,.T.);
#716 = VERTEX_POINT('',#717);
#717 = CARTESIAN_POINT('',(219.,-106.31,-9.24));
#718 = CIRCLE('',#719,1.5);
#719 = AXIS2_PLACEMENT_3D('',#720,#721,#722);
#720 = CARTESIAN_POINT('',(219.,-106.31,-7.74));
#721 = DIRECTION('',(-1.,0.,0.));
#722 = DIRECTION('',(0.,-1.,0.));
#723 = ORIENTED_EDGE('',*,*,#724,.F.);
#724 = EDGE_CURVE('',#725,#716,#727,.T.);
#725 = VERTEX_POINT('',#726);
#726 = CARTESIAN_POINT('',(219.,-91.81,-9.24));
#727 = LINE('',#728,#729);
#728 = CARTESIAN_POINT('',(219.,-91.81,-9.24));
#729 = VECTOR('',#730,1.);
#730 = DIRECTION('',(0.,-1.,0.));
#731 = ORIENTED_EDGE('',*,*,#732,.F.);
#732 = EDGE_CURVE('',#733,#725,#735,.T.);
#733 = VERTEX_POINT('',#734);
#734 = CARTESIAN_POINT('',(219.,-90.31,-7.74));
#735 = CIRCLE('',#736,1.5);
#736 = AXIS2_PLACEMENT_3D('',#737,#738,#739);
#737 = CARTESIAN_POINT('',(219.,-91.81,-7.74));
#738 = DIRECTION('',(-1.,0.,0.));
#739 = DIRECTION('',(0.,-1.,0.));
#740 = ORIENTED_EDGE('',*,*,#741,.F.);
#741 = EDGE_CURVE('',#742,#733,#744,.T.);
#742 = VERTEX_POINT('',#743);
#743 = CARTESIAN_POINT('',(219.,-90.31,-1.840741737109));
#744 = LINE('',#745,#746);
#745 = CARTESIAN_POINT('',(219.,-90.31,-5.000000000001E-02));
#746 = VECTOR('',#747,1.);
#747 = DIRECTION('',(0.,0.,-1.));
#748 = ORIENTED_EDGE('',*,*,#749,.F.);
#749 = EDGE_CURVE('',#750,#742,#752,.T.);
#750 = VERTEX_POINT('',#751);
#751 = CARTESIAN_POINT('',(219.,-89.014,-1.840741737109));
#752 = LINE('',#753,#754);
#753 = CARTESIAN_POINT('',(219.,-147.2479556929,-1.840741737109));
#754 = VECTOR('',#755,1.);
#755 = DIRECTION('',(0.,-1.,0.));
#756 = ORIENTED_EDGE('',*,*,#757,.F.);
#757 = EDGE_CURVE('',#758,#750,#760,.T.);
#758 = VERTEX_POINT('',#759);
#759 = CARTESIAN_POINT('',(219.,-89.014,-7.74000000003));
#760 = LINE('',#761,#762);
#761 = CARTESIAN_POINT('',(219.,-89.014,-7.74000000003));
#762 = VECTOR('',#763,1.);
#763 = DIRECTION('',(0.,1.8295E-13,1.));
#764 = ORIENTED_EDGE('',*,*,#765,.F.);
#765 = EDGE_CURVE('',#766,#758,#768,.T.);
#766 = VERTEX_POINT('',#767);
#767 = CARTESIAN_POINT('',(219.,-87.514,-9.240000000029));
#768 = CIRCLE('',#769,1.499999999999);
#769 = AXIS2_PLACEMENT_3D('',#770,#771,#772);
#770 = CARTESIAN_POINT('',(219.,-87.514,-7.74000000003));
#771 = DIRECTION('',(-1.,0.,0.));
#772 = DIRECTION('',(0.,-1.,0.));
#773 = ORIENTED_EDGE('',*,*,#774,.F.);
#774 = EDGE_CURVE('',#775,#766,#777,.T.);
#775 = VERTEX_POINT('',#776);
#776 = CARTESIAN_POINT('',(219.,-73.014,-9.240000000029));
#777 = LINE('',#778,#779);
#778 = CARTESIAN_POINT('',(219.,-73.014,-9.240000000029));
#779 = VECTOR('',#780,1.);
#780 = DIRECTION('',(0.,-1.,0.));
#781 = ORIENTED_EDGE('',*,*,#782,.F.);
#782 = EDGE_CURVE('',#618,#775,#783,.T.);
#783 = CIRCLE('',#784,1.499999999999);
#784 = AXIS2_PLACEMENT_3D('',#785,#786,#787);
#785 = CARTESIAN_POINT('',(219.,-73.014,-7.74000000003));
#786 = DIRECTION('',(-1.,0.,0.));
#787 = DIRECTION('',(0.,-1.,0.));
#788 = ORIENTED_EDGE('',*,*,#617,.F.);
#789 = PLANE('',#790);
#790 = AXIS2_PLACEMENT_3D('',#791,#792,#793);
#791 = CARTESIAN_POINT('',(219.,-143.918584287,-11.5));
#792 = DIRECTION('',(-1.,0.,0.));
#793 = DIRECTION('',(0.,1.,0.));
#794 = ADVANCED_FACE('',(#795),#813,.T.);
#795 = FACE_BOUND('',#796,.T.);
#796 = EDGE_LOOP('',(#797,#798,#806,#812));
#797 = ORIENTED_EDGE('',*,*,#65,.F.);
#798 = ORIENTED_EDGE('',*,*,#799,.T.);
#799 = EDGE_CURVE('',#57,#800,#802,.T.);
#800 = VERTEX_POINT('',#801);
#801 = CARTESIAN_POINT('',(212.,-70.54,-12.86677082422));
#802 = LINE('',#803,#804);
#803 = CARTESIAN_POINT('',(212.,-70.54,-1.840741737109));
#804 = VECTOR('',#805,1.);
#805 = DIRECTION('',(-0.,-0.,-1.));
#806 = ORIENTED_EDGE('',*,*,#807,.T.);
#807 = EDGE_CURVE('',#800,#643,#808,.T.);
#808 = LINE('',#809,#810);
#809 = CARTESIAN_POINT('',(131.5,-70.54,-12.86677082422));
#810 = VECTOR('',#811,1.);
#811 = DIRECTION('',(1.,0.,0.));
#812 = ORIENTED_EDGE('',*,*,#642,.T.);
#813 = PLANE('',#814);
#814 = AXIS2_PLACEMENT_3D('',#815,#816,#817);
#815 = CARTESIAN_POINT('',(212.,-70.54,-1.840741737109));
#816 = DIRECTION('',(0.,-1.,0.));
#817 = DIRECTION('',(1.,0.,0.));
#818 = ADVANCED_FACE('',(#819),#838,.T.);
#819 = FACE_BOUND('',#820,.T.);
#820 = EDGE_LOOP('',(#821,#822,#830,#837));
#821 = ORIENTED_EDGE('',*,*,#56,.F.);
#822 = ORIENTED_EDGE('',*,*,#823,.T.);
#823 = EDGE_CURVE('',#49,#824,#826,.T.);
#824 = VERTEX_POINT('',#825);
#825 = CARTESIAN_POINT('',(210.,-68.54,-12.33087243936));
#826 = LINE('',#827,#828);
#827 = CARTESIAN_POINT('',(210.,-68.54,-1.840741737109));
#828 = VECTOR('',#829,1.);
#829 = DIRECTION('',(-0.,-0.,-1.));
#830 = ORIENTED_EDGE('',*,*,#831,.F.);
#831 = EDGE_CURVE('',#800,#824,#832,.T.);
#832 = ELLIPSE('',#833,2.07055236082,2.);
#833 = AXIS2_PLACEMENT_3D('',#834,#835,#836);
#834 = CARTESIAN_POINT('',(212.,-68.54,-12.33087243936));
#835 = DIRECTION('',(0.,0.258819045103,-0.965925826289));
#836 = DIRECTION('',(0.,0.965925826289,0.258819045103));
#837 = ORIENTED_EDGE('',*,*,#799,.F.);
#838 = CYLINDRICAL_SURFACE('',#839,2.);
#839 = AXIS2_PLACEMENT_3D('',#840,#841,#842);
#840 = CARTESIAN_POINT('',(212.,-68.54,-1.840741737109));
#841 = DIRECTION('',(0.,0.,1.));
#842 = DIRECTION('',(1.,0.,0.));
#843 = ADVANCED_FACE('',(#844),#870,.T.);
#844 = FACE_BOUND('',#845,.T.);
#845 = EDGE_LOOP('',(#846,#847,#855,#863,#869));
#846 = ORIENTED_EDGE('',*,*,#48,.F.);
#847 = ORIENTED_EDGE('',*,*,#848,.F.);
#848 = EDGE_CURVE('',#849,#41,#851,.T.);
#849 = VERTEX_POINT('',#850);
#850 = CARTESIAN_POINT('',(210.,-61.,-4.127008300331));
#851 = LINE('',#852,#853);
#852 = CARTESIAN_POINT('',(210.,-61.41870907474,-2.564364759778));
#853 = VECTOR('',#854,1.);
#854 = DIRECTION('',(0.,-0.258819045103,0.965925826289));
#855 = ORIENTED_EDGE('',*,*,#856,.T.);
#856 = EDGE_CURVE('',#849,#857,#859,.T.);
#857 = VERTEX_POINT('',#858);
#858 = CARTESIAN_POINT('',(210.,-61.,-10.31053552843));
#859 = LINE('',#860,#861);
#860 = CARTESIAN_POINT('',(210.,-61.,-1.840741737109));
#861 = VECTOR('',#862,1.);
#862 = DIRECTION('',(-0.,-0.,-1.));
#863 = ORIENTED_EDGE('',*,*,#864,.T.);
#864 = EDGE_CURVE('',#857,#824,#865,.T.);
#865 = LINE('',#866,#867);
#866 = CARTESIAN_POINT('',(210.,-56.75352030684,-9.172694723977));
#867 = VECTOR('',#868,1.);
#868 = DIRECTION('',(-0.,-0.965925826289,-0.258819045103));
#869 = ORIENTED_EDGE('',*,*,#823,.F.);
#870 = PLANE('',#871);
#871 = AXIS2_PLACEMENT_3D('',#872,#873,#874);
#872 = CARTESIAN_POINT('',(210.,-61.,-1.840741737109));
#873 = DIRECTION('',(-1.,0.,0.));
#874 = DIRECTION('',(0.,-1.,0.));
#875 = ADVANCED_FACE('',(#876),#912,.F.);
#876 = FACE_BOUND('',#877,.F.);
#877 = EDGE_LOOP('',(#878,#886,#887,#888,#897,#905));
#878 = ORIENTED_EDGE('',*,*,#879,.F.);
#879 = EDGE_CURVE('',#33,#880,#882,.T.);
#880 = VERTEX_POINT('',#881);
#881 = CARTESIAN_POINT('',(65.,-61.,-4.127008300331));
#882 = LINE('',#883,#884);
#883 = CARTESIAN_POINT('',(65.,-61.68665826718,-1.564364759778));
#884 = VECTOR('',#885,1.);
#885 = DIRECTION('',(0.,0.258819045103,-0.965925826289));
#886 = ORIENTED_EDGE('',*,*,#40,.T.);
#887 = ORIENTED_EDGE('',*,*,#848,.F.);
#888 = ORIENTED_EDGE('',*,*,#889,.F.);
#889 = EDGE_CURVE('',#890,#849,#892,.T.);
#890 = VERTEX_POINT('',#891);
#891 = CARTESIAN_POINT('',(210.73104395714,-59.45411819297,
    -9.896317746645));
#892 = ELLIPSE('',#893,7.727406610312,2.);
#893 = AXIS2_PLACEMENT_3D('',#894,#895,#896);
#894 = CARTESIAN_POINT('',(212.,-61.,-4.127008300331));
#895 = DIRECTION('',(-0.,0.965925826289,0.258819045103));
#896 = DIRECTION('',(0.,-0.258819045103,0.965925826289));
#897 = ORIENTED_EDGE('',*,*,#898,.T.);
#898 = EDGE_CURVE('',#890,#899,#901,.T.);
#899 = VERTEX_POINT('',#900);
#900 = CARTESIAN_POINT('',(64.268956042859,-59.45411819297,
    -9.896317746645));
#901 = LINE('',#902,#903);
#902 = CARTESIAN_POINT('',(51.,-59.45411819297,-9.896317746645));
#903 = VECTOR('',#904,1.);
#904 = DIRECTION('',(-1.,0.,0.));
#905 = ORIENTED_EDGE('',*,*,#906,.F.);
#906 = EDGE_CURVE('',#880,#899,#907,.T.);
#907 = ELLIPSE('',#908,7.727406610313,2.);
#908 = AXIS2_PLACEMENT_3D('',#909,#910,#911);
#909 = CARTESIAN_POINT('',(63.,-61.,-4.127008300331));
#910 = DIRECTION('',(-0.,0.965925826289,0.258819045103));
#911 = DIRECTION('',(0.,-0.258819045103,0.965925826289));
#912 = PLANE('',#913);
#913 = AXIS2_PLACEMENT_3D('',#914,#915,#916);
#914 = CARTESIAN_POINT('',(51.,-61.26585150869,-3.134836962622));
#915 = DIRECTION('',(0.,0.965925826289,0.258819045103));
#916 = DIRECTION('',(0.,0.258819045103,-0.965925826289));
#917 = ADVANCED_FACE('',(#918),#937,.T.);
#918 = FACE_BOUND('',#919,.T.);
#919 = EDGE_LOOP('',(#920,#921,#922,#930,#936));
#920 = ORIENTED_EDGE('',*,*,#32,.F.);
#921 = ORIENTED_EDGE('',*,*,#210,.T.);
#922 = ORIENTED_EDGE('',*,*,#923,.T.);
#923 = EDGE_CURVE('',#202,#924,#926,.T.);
#924 = VERTEX_POINT('',#925);
#925 = CARTESIAN_POINT('',(65.,-61.,-10.31053552843));
#926 = LINE('',#927,#928);
#927 = CARTESIAN_POINT('',(65.,-60.48557111441,-10.17269472397));
#928 = VECTOR('',#929,1.);
#929 = DIRECTION('',(0.,0.965925826289,0.258819045103));
#930 = ORIENTED_EDGE('',*,*,#931,.F.);
#931 = EDGE_CURVE('',#880,#924,#932,.T.);
#932 = LINE('',#933,#934);
#933 = CARTESIAN_POINT('',(65.,-61.,-1.840741737109));
#934 = VECTOR('',#935,1.);
#935 = DIRECTION('',(-0.,-0.,-1.));
#936 = ORIENTED_EDGE('',*,*,#879,.F.);
#937 = PLANE('',#938);
#938 = AXIS2_PLACEMENT_3D('',#939,#940,#941);
#939 = CARTESIAN_POINT('',(65.,-69.,-1.840741737109));
#940 = DIRECTION('',(1.,0.,0.));
#941 = DIRECTION('',(0.,1.,0.));
#942 = ADVANCED_FACE('',(#943),#962,.F.);
#943 = FACE_BOUND('',#944,.T.);
#944 = EDGE_LOOP('',(#945,#946,#954,#961));
#945 = ORIENTED_EDGE('',*,*,#164,.T.);
#946 = ORIENTED_EDGE('',*,*,#947,.T.);
#947 = EDGE_CURVE('',#165,#948,#950,.T.);
#948 = VERTEX_POINT('',#949);
#949 = CARTESIAN_POINT('',(217.7,-64.77,-15.));
#950 = LINE('',#951,#952);
#951 = CARTESIAN_POINT('',(217.7,-64.77,-1.840741737109));
#952 = VECTOR('',#953,1.);
#953 = DIRECTION('',(-6.E-17,0.,-1.));
#954 = ORIENTED_EDGE('',*,*,#955,.T.);
#955 = EDGE_CURVE('',#948,#948,#956,.T.);
#956 = CIRCLE('',#957,1.7);
#957 = AXIS2_PLACEMENT_3D('',#958,#959,#960);
#958 = CARTESIAN_POINT('',(216.,-64.77,-15.));
#959 = DIRECTION('',(0.,0.,-1.));
#960 = DIRECTION('',(1.,0.,0.));
#961 = ORIENTED_EDGE('',*,*,#947,.F.);
#962 = CYLINDRICAL_SURFACE('',#963,1.7);
#963 = AXIS2_PLACEMENT_3D('',#964,#965,#966);
#964 = CARTESIAN_POINT('',(216.,-64.77,-1.840741737109));
#965 = DIRECTION('',(-0.,-0.,-1.));
#966 = DIRECTION('',(1.,0.,0.));
#967 = ADVANCED_FACE('',(#968),#987,.F.);
#968 = FACE_BOUND('',#969,.T.);
#969 = EDGE_LOOP('',(#970,#971,#979,#986));
#970 = ORIENTED_EDGE('',*,*,#175,.T.);
#971 = ORIENTED_EDGE('',*,*,#972,.T.);
#972 = EDGE_CURVE('',#176,#973,#975,.T.);
#973 = VERTEX_POINT('',#974);
#974 = CARTESIAN_POINT('',(60.7,-65.,-15.));
#975 = LINE('',#976,#977);
#976 = CARTESIAN_POINT('',(60.7,-65.,-1.840741737109));
#977 = VECTOR('',#978,1.);
#978 = DIRECTION('',(-6.E-17,0.,-1.));
#979 = ORIENTED_EDGE('',*,*,#980,.T.);
#980 = EDGE_CURVE('',#973,#973,#981,.T.);
#981 = CIRCLE('',#982,1.7);
#982 = AXIS2_PLACEMENT_3D('',#983,#984,#985);
#983 = CARTESIAN_POINT('',(59.,-65.,-15.));
#984 = DIRECTION('',(0.,0.,-1.));
#985 = DIRECTION('',(1.,0.,0.));
#986 = ORIENTED_EDGE('',*,*,#972,.F.);
#987 = CYLINDRICAL_SURFACE('',#988,1.7);
#988 = AXIS2_PLACEMENT_3D('',#989,#990,#991);
#989 = CARTESIAN_POINT('',(59.,-65.,-1.840741737109));
#990 = DIRECTION('',(-0.,-0.,-1.));
#991 = DIRECTION('',(1.,0.,0.));
#992 = ADVANCED_FACE('',(#993),#1024,.F.);
#993 = FACE_BOUND('',#994,.F.);
#994 = EDGE_LOOP('',(#995,#996,#1003,#1004,#1005,#1006,#1007,#1013,#1014
    ,#1015,#1016,#1017));
#995 = ORIENTED_EDGE('',*,*,#898,.F.);
#996 = ORIENTED_EDGE('',*,*,#997,.F.);
#997 = EDGE_CURVE('',#857,#890,#998,.T.);
#998 = ELLIPSE('',#999,2.07055236082,2.);
#999 = AXIS2_PLACEMENT_3D('',#1000,#1001,#1002);
#1000 = CARTESIAN_POINT('',(212.,-61.,-10.31053552843));
#1001 = DIRECTION('',(0.,0.258819045103,-0.965925826289));
#1002 = DIRECTION('',(0.,0.965925826289,0.258819045103));
#1003 = ORIENTED_EDGE('',*,*,#864,.T.);
#1004 = ORIENTED_EDGE('',*,*,#831,.F.);
#1005 = ORIENTED_EDGE('',*,*,#807,.T.);
#1006 = ORIENTED_EDGE('',*,*,#650,.F.);
#1007 = ORIENTED_EDGE('',*,*,#1008,.T.);
#1008 = EDGE_CURVE('',#651,#258,#1009,.T.);
#1009 = LINE('',#1010,#1011);
#1010 = CARTESIAN_POINT('',(51.,-137.6297064055,-30.84340347603));
#1011 = VECTOR('',#1012,1.);
#1012 = DIRECTION('',(-1.,0.,0.));
#1013 = ORIENTED_EDGE('',*,*,#265,.T.);
#1014 = ORIENTED_EDGE('',*,*,#233,.T.);
#1015 = ORIENTED_EDGE('',*,*,#201,.F.);
#1016 = ORIENTED_EDGE('',*,*,#923,.T.);
#1017 = ORIENTED_EDGE('',*,*,#1018,.F.);
#1018 = EDGE_CURVE('',#899,#924,#1019,.T.);
#1019 = ELLIPSE('',#1020,2.07055236082,2.);
#1020 = AXIS2_PLACEMENT_3D('',#1021,#1022,#1023);
#1021 = CARTESIAN_POINT('',(63.,-61.,-10.31053552843));
#1022 = DIRECTION('',(0.,0.258819045103,-0.965925826289));
#1023 = DIRECTION('',(0.,0.965925826289,0.258819045103));
#1024 = PLANE('',#1025);
#1025 = AXIS2_PLACEMENT_3D('',#1026,#1027,#1028);
#1026 = CARTESIAN_POINT('',(51.,-54.62448906152,-8.602222521133));
#1027 = DIRECTION('',(0.,0.258819045103,-0.965925826289));
#1028 = DIRECTION('',(0.,-0.965925826289,-0.258819045103));
#1029 = ADVANCED_FACE('',(#1030),#1036,.F.);
#1030 = FACE_BOUND('',#1031,.F.);
#1031 = EDGE_LOOP('',(#1032,#1033,#1034,#1035));
#1032 = ORIENTED_EDGE('',*,*,#658,.T.);
#1033 = ORIENTED_EDGE('',*,*,#314,.T.);
#1034 = ORIENTED_EDGE('',*,*,#257,.T.);
#1035 = ORIENTED_EDGE('',*,*,#1008,.F.);
#1036 = PLANE('',#1037);
#1037 = AXIS2_PLACEMENT_3D('',#1038,#1039,#1040);
#1038 = CARTESIAN_POINT('',(51.,-136.33561118,-35.67303260747));
#1039 = DIRECTION('',(-0.,-0.965925826289,-0.258819045103));
#1040 = DIRECTION('',(0.,-0.258819045103,0.965925826289));
#1041 = ADVANCED_FACE('',(#1042,#1130),#1146,.T.);
#1042 = FACE_BOUND('',#1043,.T.);
#1043 = EDGE_LOOP('',(#1044,#1054,#1063,#1072,#1080,#1089,#1097,#1106,
    #1114,#1123));
#1044 = ORIENTED_EDGE('',*,*,#1045,.F.);
#1045 = EDGE_CURVE('',#1046,#1048,#1050,.T.);
#1046 = VERTEX_POINT('',#1047);
#1047 = CARTESIAN_POINT('',(55.,-54.33114905626,-11.5));
#1048 = VERTEX_POINT('',#1049);
#1049 = CARTESIAN_POINT('',(220.,-54.33114905626,-11.5));
#1050 = LINE('',#1051,#1052);
#1051 = CARTESIAN_POINT('',(51.,-54.33114905626,-11.5));
#1052 = VECTOR('',#1053,1.);
#1053 = DIRECTION('',(1.,0.,0.));
#1054 = ORIENTED_EDGE('',*,*,#1055,.T.);
#1055 = EDGE_CURVE('',#1046,#1056,#1058,.T.);
#1056 = VERTEX_POINT('',#1057);
#1057 = CARTESIAN_POINT('',(51.109185334238,-57.98913664786,-11.5));
#1058 = CIRCLE('',#1059,3.898224265317);
#1059 = AXIS2_PLACEMENT_3D('',#1060,#1061,#1062);
#1060 = CARTESIAN_POINT('',(55.,-58.22937332158,-11.5));
#1061 = DIRECTION('',(-0.,0.,1.));
#1062 = DIRECTION('',(0.,-1.,0.));
#1063 = ORIENTED_EDGE('',*,*,#1064,.T.);
#1064 = EDGE_CURVE('',#1056,#1065,#1067,.T.);
#1065 = VERTEX_POINT('',#1066);
#1066 = CARTESIAN_POINT('',(51.,-61.57543853653,-11.5));
#1067 = ELLIPSE('',#1068,15.454813220625,4.);
#1068 = AXIS2_PLACEMENT_3D('',#1069,#1070,#1071);
#1069 = CARTESIAN_POINT('',(55.,-61.57543853653,-11.5));
#1070 = DIRECTION('',(-0.,0.,1.));
#1071 = DIRECTION('',(0.,-1.,0.));
#1072 = ORIENTED_EDGE('',*,*,#1073,.T.);
#1073 = EDGE_CURVE('',#1065,#1074,#1076,.T.);
#1074 = VERTEX_POINT('',#1075);
#1075 = CARTESIAN_POINT('',(51.,-143.8480319262,-11.5));
#1076 = LINE('',#1077,#1078);
#1077 = CARTESIAN_POINT('',(51.,-103.0436803744,-11.5));
#1078 = VECTOR('',#1079,1.);
#1079 = DIRECTION('',(0.,-1.,0.));
#1080 = ORIENTED_EDGE('',*,*,#1081,.T.);
#1081 = EDGE_CURVE('',#1074,#1082,#1084,.T.);
#1082 = VERTEX_POINT('',#1083);
#1083 = CARTESIAN_POINT('',(55.,-147.9891366478,-11.5));
#1084 = ELLIPSE('',#1085,4.14110472164,4.);
#1085 = AXIS2_PLACEMENT_3D('',#1086,#1087,#1088);
#1086 = CARTESIAN_POINT('',(55.,-143.8480319262,-11.5));
#1087 = DIRECTION('',(-0.,0.,1.));
#1088 = DIRECTION('',(0.,-1.,0.));
#1089 = ORIENTED_EDGE('',*,*,#1090,.F.);
#1090 = EDGE_CURVE('',#1091,#1082,#1093,.T.);
#1091 = VERTEX_POINT('',#1092);
#1092 = CARTESIAN_POINT('',(220.,-147.9891366478,-11.5));
#1093 = LINE('',#1094,#1095);
#1094 = CARTESIAN_POINT('',(94.25,-147.9891366478,-11.5));
#1095 = VECTOR('',#1096,1.);
#1096 = DIRECTION('',(-1.,0.,0.));
#1097 = ORIENTED_EDGE('',*,*,#1098,.T.);
#1098 = EDGE_CURVE('',#1091,#1099,#1101,.T.);
#1099 = VERTEX_POINT('',#1100);
#1100 = CARTESIAN_POINT('',(224.,-143.8480319262,-11.5));
#1101 = ELLIPSE('',#1102,4.14110472164,4.);
#1102 = AXIS2_PLACEMENT_3D('',#1103,#1104,#1105);
#1103 = CARTESIAN_POINT('',(220.,-143.8480319262,-11.5));
#1104 = DIRECTION('',(0.,-0.,1.));
#1105 = DIRECTION('',(0.,1.,0.));
#1106 = ORIENTED_EDGE('',*,*,#1107,.T.);
#1107 = EDGE_CURVE('',#1099,#1108,#1110,.T.);
#1108 = VERTEX_POINT('',#1109);
#1109 = CARTESIAN_POINT('',(224.,-61.57543853653,-11.5));
#1110 = LINE('',#1111,#1112);
#1111 = CARTESIAN_POINT('',(224.,-122.418584287,-11.5));
#1112 = VECTOR('',#1113,1.);
#1113 = DIRECTION('',(0.,1.,0.));
#1114 = ORIENTED_EDGE('',*,*,#1115,.T.);
#1115 = EDGE_CURVE('',#1108,#1116,#1118,.T.);
#1116 = VERTEX_POINT('',#1117);
#1117 = CARTESIAN_POINT('',(223.89081466576,-57.98913664786,-11.5));
#1118 = ELLIPSE('',#1119,15.454813220625,4.);
#1119 = AXIS2_PLACEMENT_3D('',#1120,#1121,#1122);
#1120 = CARTESIAN_POINT('',(220.,-61.57543853653,-11.5));
#1121 = DIRECTION('',(0.,-0.,1.));
#1122 = DIRECTION('',(0.,1.,0.));
#1123 = ORIENTED_EDGE('',*,*,#1124,.T.);
#1124 = EDGE_CURVE('',#1116,#1048,#1125,.T.);
#1125 = CIRCLE('',#1126,3.898224265317);
#1126 = AXIS2_PLACEMENT_3D('',#1127,#1128,#1129);
#1127 = CARTESIAN_POINT('',(220.,-58.22937332158,-11.5));
#1128 = DIRECTION('',(-0.,0.,1.));
#1129 = DIRECTION('',(0.,-1.,0.));
#1130 = FACE_BOUND('',#1131,.T.);
#1131 = EDGE_LOOP('',(#1132,#1139,#1140,#1141,#1142,#1143,#1144,#1145));
#1132 = ORIENTED_EDGE('',*,*,#1133,.T.);
#1133 = EDGE_CURVE('',#460,#281,#1134,.T.);
#1134 = CIRCLE('',#1135,1.);
#1135 = AXIS2_PLACEMENT_3D('',#1136,#1137,#1138);
#1136 = CARTESIAN_POINT('',(220.,-143.918584287,-11.5));
#1137 = DIRECTION('',(0.,0.,-1.));
#1138 = DIRECTION('',(1.,0.,0.));
#1139 = ORIENTED_EDGE('',*,*,#280,.T.);
#1140 = ORIENTED_EDGE('',*,*,#336,.T.);
#1141 = ORIENTED_EDGE('',*,*,#361,.T.);
#1142 = ORIENTED_EDGE('',*,*,#385,.T.);
#1143 = ORIENTED_EDGE('',*,*,#410,.T.);
#1144 = ORIENTED_EDGE('',*,*,#434,.T.);
#1145 = ORIENTED_EDGE('',*,*,#459,.T.);
#1146 = PLANE('',#1147);
#1147 = AXIS2_PLACEMENT_3D('',#1148,#1149,#1150);
#1148 = CARTESIAN_POINT('',(137.5,-100.918584287,-11.5));
#1149 = DIRECTION('',(0.,0.,1.));
#1150 = DIRECTION('',(1.,0.,0.));
#1151 = ADVANCED_FACE('',(#1152),#1170,.T.);
#1152 = FACE_BOUND('',#1153,.T.);
#1153 = EDGE_LOOP('',(#1154,#1160,#1161,#1162,#1169));
#1154 = ORIENTED_EDGE('',*,*,#1155,.T.);
#1155 = EDGE_CURVE('',#587,#666,#1156,.T.);
#1156 = LINE('',#1157,#1158);
#1157 = CARTESIAN_POINT('',(219.,-125.8299655353,-1.840741737109));
#1158 = VECTOR('',#1159,1.);
#1159 = DIRECTION('',(-1.,0.,0.));
#1160 = ORIENTED_EDGE('',*,*,#665,.T.);
#1161 = ORIENTED_EDGE('',*,*,#298,.T.);
#1162 = ORIENTED_EDGE('',*,*,#1163,.F.);
#1163 = EDGE_CURVE('',#596,#291,#1164,.T.);
#1164 = CIRCLE('',#1165,1.);
#1165 = AXIS2_PLACEMENT_3D('',#1166,#1167,#1168);
#1166 = CARTESIAN_POINT('',(220.,-143.918584287,-1.840741737109));
#1167 = DIRECTION('',(0.,0.,-1.));
#1168 = DIRECTION('',(1.,0.,0.));
#1169 = ORIENTED_EDGE('',*,*,#595,.T.);
#1170 = PLANE('',#1171);
#1171 = AXIS2_PLACEMENT_3D('',#1172,#1173,#1174);
#1172 = CARTESIAN_POINT('',(51.,-150.5773270988,-1.840741737109));
#1173 = DIRECTION('',(0.,0.,1.));
#1174 = DIRECTION('',(0.,1.,0.));
#1175 = ADVANCED_FACE('',(#1176),#1182,.T.);
#1176 = FACE_BOUND('',#1177,.T.);
#1177 = EDGE_LOOP('',(#1178,#1179,#1180,#1181));
#1178 = ORIENTED_EDGE('',*,*,#1133,.F.);
#1179 = ORIENTED_EDGE('',*,*,#603,.T.);
#1180 = ORIENTED_EDGE('',*,*,#1163,.T.);
#1181 = ORIENTED_EDGE('',*,*,#290,.F.);
#1182 = CYLINDRICAL_SURFACE('',#1183,1.);
#1183 = AXIS2_PLACEMENT_3D('',#1184,#1185,#1186);
#1184 = CARTESIAN_POINT('',(220.,-143.918584287,-11.5));
#1185 = DIRECTION('',(0.,0.,-1.));
#1186 = DIRECTION('',(1.,0.,0.));
#1187 = ADVANCED_FACE('',(#1188),#1199,.F.);
#1188 = FACE_BOUND('',#1189,.F.);
#1189 = EDGE_LOOP('',(#1190,#1191,#1197,#1198));
#1190 = ORIENTED_EDGE('',*,*,#673,.F.);
#1191 = ORIENTED_EDGE('',*,*,#1192,.T.);
#1192 = EDGE_CURVE('',#674,#579,#1193,.T.);
#1193 = LINE('',#1194,#1195);
#1194 = CARTESIAN_POINT('',(219.,-121.86,-6.33));
#1195 = VECTOR('',#1196,1.);
#1196 = DIRECTION('',(1.,0.,0.));
#1197 = ORIENTED_EDGE('',*,*,#586,.T.);
#1198 = ORIENTED_EDGE('',*,*,#1155,.T.);
#1199 = CYLINDRICAL_SURFACE('',#1200,4.);
#1200 = AXIS2_PLACEMENT_3D('',#1201,#1202,#1203);
#1201 = CARTESIAN_POINT('',(219.,-121.86,-2.33));
#1202 = DIRECTION('',(-1.,0.,0.));
#1203 = DIRECTION('',(0.,-1.,0.));
#1204 = ADVANCED_FACE('',(#1205),#1216,.F.);
#1205 = FACE_BOUND('',#1206,.F.);
#1206 = EDGE_LOOP('',(#1207,#1208,#1214,#1215));
#1207 = ORIENTED_EDGE('',*,*,#682,.F.);
#1208 = ORIENTED_EDGE('',*,*,#1209,.T.);
#1209 = EDGE_CURVE('',#683,#570,#1210,.T.);
#1210 = LINE('',#1211,#1212);
#1211 = CARTESIAN_POINT('',(219.,-116.08,-6.33));
#1212 = VECTOR('',#1213,1.);
#1213 = DIRECTION('',(1.,0.,0.));
#1214 = ORIENTED_EDGE('',*,*,#578,.T.);
#1215 = ORIENTED_EDGE('',*,*,#1192,.F.);
#1216 = PLANE('',#1217);
#1217 = AXIS2_PLACEMENT_3D('',#1218,#1219,#1220);
#1218 = CARTESIAN_POINT('',(219.,-116.08,-6.33));
#1219 = DIRECTION('',(0.,-1.5E-16,-1.));
#1220 = DIRECTION('',(0.,-1.,1.5E-16));
#1221 = ADVANCED_FACE('',(#1222),#1233,.F.);
#1222 = FACE_BOUND('',#1223,.F.);
#1223 = EDGE_LOOP('',(#1224,#1225,#1231,#1232));
#1224 = ORIENTED_EDGE('',*,*,#690,.F.);
#1225 = ORIENTED_EDGE('',*,*,#1226,.F.);
#1226 = EDGE_CURVE('',#562,#691,#1227,.T.);
#1227 = LINE('',#1228,#1229);
#1228 = CARTESIAN_POINT('',(219.,-112.1100344646,-1.840741737109));
#1229 = VECTOR('',#1230,1.);
#1230 = DIRECTION('',(-1.,0.,0.));
#1231 = ORIENTED_EDGE('',*,*,#569,.T.);
#1232 = ORIENTED_EDGE('',*,*,#1209,.F.);
#1233 = CYLINDRICAL_SURFACE('',#1234,4.);
#1234 = AXIS2_PLACEMENT_3D('',#1235,#1236,#1237);
#1235 = CARTESIAN_POINT('',(219.,-116.08,-2.33));
#1236 = DIRECTION('',(-1.,0.,0.));
#1237 = DIRECTION('',(0.,-1.,0.));
#1238 = ADVANCED_FACE('',(#1239),#1250,.T.);
#1239 = FACE_BOUND('',#1240,.T.);
#1240 = EDGE_LOOP('',(#1241,#1247,#1248,#1249));
#1241 = ORIENTED_EDGE('',*,*,#1242,.F.);
#1242 = EDGE_CURVE('',#700,#554,#1243,.T.);
#1243 = LINE('',#1244,#1245);
#1244 = CARTESIAN_POINT('',(135.,-107.81,-1.840741737109));
#1245 = VECTOR('',#1246,1.);
#1246 = DIRECTION('',(1.,0.,0.));
#1247 = ORIENTED_EDGE('',*,*,#699,.T.);
#1248 = ORIENTED_EDGE('',*,*,#1226,.F.);
#1249 = ORIENTED_EDGE('',*,*,#561,.T.);
#1250 = PLANE('',#1251);
#1251 = AXIS2_PLACEMENT_3D('',#1252,#1253,#1254);
#1252 = CARTESIAN_POINT('',(51.,-150.5773270988,-1.840741737109));
#1253 = DIRECTION('',(0.,0.,1.));
#1254 = DIRECTION('',(0.,1.,0.));
#1255 = ADVANCED_FACE('',(#1256),#1267,.F.);
#1256 = FACE_BOUND('',#1257,.F.);
#1257 = EDGE_LOOP('',(#1258,#1259,#1265,#1266));
#1258 = ORIENTED_EDGE('',*,*,#707,.F.);
#1259 = ORIENTED_EDGE('',*,*,#1260,.T.);
#1260 = EDGE_CURVE('',#708,#545,#1261,.T.);
#1261 = LINE('',#1262,#1263);
#1262 = CARTESIAN_POINT('',(219.,-107.81,-7.74));
#1263 = VECTOR('',#1264,1.);
#1264 = DIRECTION('',(1.,0.,0.));
#1265 = ORIENTED_EDGE('',*,*,#553,.T.);
#1266 = ORIENTED_EDGE('',*,*,#1242,.F.);
#1267 = PLANE('',#1268);
#1268 = AXIS2_PLACEMENT_3D('',#1269,#1270,#1271);
#1269 = CARTESIAN_POINT('',(219.,-107.81,-7.74));
#1270 = DIRECTION('',(0.,-1.,0.));
#1271 = DIRECTION('',(0.,0.,1.));
#1272 = ADVANCED_FACE('',(#1273),#1284,.F.);
#1273 = FACE_BOUND('',#1274,.F.);
#1274 = EDGE_LOOP('',(#1275,#1276,#1282,#1283));
#1275 = ORIENTED_EDGE('',*,*,#715,.F.);
#1276 = ORIENTED_EDGE('',*,*,#1277,.T.);
#1277 = EDGE_CURVE('',#716,#537,#1278,.T.);
#1278 = LINE('',#1279,#1280);
#1279 = CARTESIAN_POINT('',(219.,-106.31,-9.24));
#1280 = VECTOR('',#1281,1.);
#1281 = DIRECTION('',(1.,0.,0.));
#1282 = ORIENTED_EDGE('',*,*,#544,.T.);
#1283 = ORIENTED_EDGE('',*,*,#1260,.F.);
#1284 = CYLINDRICAL_SURFACE('',#1285,1.5);
#1285 = AXIS2_PLACEMENT_3D('',#1286,#1287,#1288);
#1286 = CARTESIAN_POINT('',(219.,-106.31,-7.74));
#1287 = DIRECTION('',(-1.,0.,0.));
#1288 = DIRECTION('',(0.,-1.,0.));
#1289 = ADVANCED_FACE('',(#1290),#1301,.F.);
#1290 = FACE_BOUND('',#1291,.F.);
#1291 = EDGE_LOOP('',(#1292,#1293,#1299,#1300));
#1292 = ORIENTED_EDGE('',*,*,#724,.F.);
#1293 = ORIENTED_EDGE('',*,*,#1294,.T.);
#1294 = EDGE_CURVE('',#725,#528,#1295,.T.);
#1295 = LINE('',#1296,#1297);
#1296 = CARTESIAN_POINT('',(219.,-91.81,-9.24));
#1297 = VECTOR('',#1298,1.);
#1298 = DIRECTION('',(1.,0.,0.));
#1299 = ORIENTED_EDGE('',*,*,#536,.T.);
#1300 = ORIENTED_EDGE('',*,*,#1277,.F.);
#1301 = PLANE('',#1302);
#1302 = AXIS2_PLACEMENT_3D('',#1303,#1304,#1305);
#1303 = CARTESIAN_POINT('',(219.,-91.81,-9.24));
#1304 = DIRECTION('',(0.,0.,-1.));
#1305 = DIRECTION('',(0.,-1.,0.));
#1306 = ADVANCED_FACE('',(#1307),#1318,.F.);
#1307 = FACE_BOUND('',#1308,.F.);
#1308 = EDGE_LOOP('',(#1309,#1310,#1316,#1317));
#1309 = ORIENTED_EDGE('',*,*,#732,.F.);
#1310 = ORIENTED_EDGE('',*,*,#1311,.T.);
#1311 = EDGE_CURVE('',#733,#520,#1312,.T.);
#1312 = LINE('',#1313,#1314);
#1313 = CARTESIAN_POINT('',(219.,-90.31,-7.74));
#1314 = VECTOR('',#1315,1.);
#1315 = DIRECTION('',(1.,0.,0.));
#1316 = ORIENTED_EDGE('',*,*,#527,.T.);
#1317 = ORIENTED_EDGE('',*,*,#1294,.F.);
#1318 = CYLINDRICAL_SURFACE('',#1319,1.5);
#1319 = AXIS2_PLACEMENT_3D('',#1320,#1321,#1322);
#1320 = CARTESIAN_POINT('',(219.,-91.81,-7.74));
#1321 = DIRECTION('',(-1.,0.,0.));
#1322 = DIRECTION('',(0.,-1.,0.));
#1323 = ADVANCED_FACE('',(#1324),#1335,.F.);
#1324 = FACE_BOUND('',#1325,.F.);
#1325 = EDGE_LOOP('',(#1326,#1327,#1333,#1334));
#1326 = ORIENTED_EDGE('',*,*,#741,.F.);
#1327 = ORIENTED_EDGE('',*,*,#1328,.F.);
#1328 = EDGE_CURVE('',#512,#742,#1329,.T.);
#1329 = LINE('',#1330,#1331);
#1330 = CARTESIAN_POINT('',(135.,-90.31,-1.840741737109));
#1331 = VECTOR('',#1332,1.);
#1332 = DIRECTION('',(-1.,0.,0.));
#1333 = ORIENTED_EDGE('',*,*,#519,.T.);
#1334 = ORIENTED_EDGE('',*,*,#1311,.F.);
#1335 = PLANE('',#1336);
#1336 = AXIS2_PLACEMENT_3D('',#1337,#1338,#1339);
#1337 = CARTESIAN_POINT('',(219.,-90.31,-5.000000000001E-02));
#1338 = DIRECTION('',(0.,1.,0.));
#1339 = DIRECTION('',(0.,0.,-1.));
#1340 = ADVANCED_FACE('',(#1341),#1352,.T.);
#1341 = FACE_BOUND('',#1342,.T.);
#1342 = EDGE_LOOP('',(#1343,#1349,#1350,#1351));
#1343 = ORIENTED_EDGE('',*,*,#1344,.F.);
#1344 = EDGE_CURVE('',#750,#504,#1345,.T.);
#1345 = LINE('',#1346,#1347);
#1346 = CARTESIAN_POINT('',(135.,-89.014,-1.840741737109));
#1347 = VECTOR('',#1348,1.);
#1348 = DIRECTION('',(1.,0.,0.));
#1349 = ORIENTED_EDGE('',*,*,#749,.T.);
#1350 = ORIENTED_EDGE('',*,*,#1328,.F.);
#1351 = ORIENTED_EDGE('',*,*,#511,.T.);
#1352 = PLANE('',#1353);
#1353 = AXIS2_PLACEMENT_3D('',#1354,#1355,#1356);
#1354 = CARTESIAN_POINT('',(51.,-150.5773270988,-1.840741737109));
#1355 = DIRECTION('',(0.,0.,1.));
#1356 = DIRECTION('',(0.,1.,0.));
#1357 = ADVANCED_FACE('',(#1358),#1369,.F.);
#1358 = FACE_BOUND('',#1359,.F.);
#1359 = EDGE_LOOP('',(#1360,#1361,#1367,#1368));
#1360 = ORIENTED_EDGE('',*,*,#757,.F.);
#1361 = ORIENTED_EDGE('',*,*,#1362,.T.);
#1362 = EDGE_CURVE('',#758,#495,#1363,.T.);
#1363 = LINE('',#1364,#1365);
#1364 = CARTESIAN_POINT('',(219.,-89.014,-7.74000000003));
#1365 = VECTOR('',#1366,1.);
#1366 = DIRECTION('',(1.,0.,0.));
#1367 = ORIENTED_EDGE('',*,*,#503,.T.);
#1368 = ORIENTED_EDGE('',*,*,#1344,.F.);
#1369 = PLANE('',#1370);
#1370 = AXIS2_PLACEMENT_3D('',#1371,#1372,#1373);
#1371 = CARTESIAN_POINT('',(219.,-89.014,-7.74000000003));
#1372 = DIRECTION('',(0.,-1.,1.8295E-13));
#1373 = DIRECTION('',(0.,1.8295E-13,1.));
#1374 = ADVANCED_FACE('',(#1375),#1386,.F.);
#1375 = FACE_BOUND('',#1376,.F.);
#1376 = EDGE_LOOP('',(#1377,#1378,#1384,#1385));
#1377 = ORIENTED_EDGE('',*,*,#765,.F.);
#1378 = ORIENTED_EDGE('',*,*,#1379,.T.);
#1379 = EDGE_CURVE('',#766,#487,#1380,.T.);
#1380 = LINE('',#1381,#1382);
#1381 = CARTESIAN_POINT('',(219.,-87.514,-9.240000000029));
#1382 = VECTOR('',#1383,1.);
#1383 = DIRECTION('',(1.,0.,0.));
#1384 = ORIENTED_EDGE('',*,*,#494,.T.);
#1385 = ORIENTED_EDGE('',*,*,#1362,.F.);
#1386 = CYLINDRICAL_SURFACE('',#1387,1.499999999999);
#1387 = AXIS2_PLACEMENT_3D('',#1388,#1389,#1390);
#1388 = CARTESIAN_POINT('',(219.,-87.514,-7.74000000003));
#1389 = DIRECTION('',(-1.,0.,0.));
#1390 = DIRECTION('',(0.,-1.,0.));
#1391 = ADVANCED_FACE('',(#1392),#1403,.F.);
#1392 = FACE_BOUND('',#1393,.F.);
#1393 = EDGE_LOOP('',(#1394,#1395,#1401,#1402));
#1394 = ORIENTED_EDGE('',*,*,#774,.F.);
#1395 = ORIENTED_EDGE('',*,*,#1396,.T.);
#1396 = EDGE_CURVE('',#775,#478,#1397,.T.);
#1397 = LINE('',#1398,#1399);
#1398 = CARTESIAN_POINT('',(219.,-73.014,-9.240000000029));
#1399 = VECTOR('',#1400,1.);
#1400 = DIRECTION('',(1.,0.,0.));
#1401 = ORIENTED_EDGE('',*,*,#486,.T.);
#1402 = ORIENTED_EDGE('',*,*,#1379,.F.);
#1403 = PLANE('',#1404);
#1404 = AXIS2_PLACEMENT_3D('',#1405,#1406,#1407);
#1405 = CARTESIAN_POINT('',(219.,-73.014,-9.240000000029));
#1406 = DIRECTION('',(0.,0.,-1.));
#1407 = DIRECTION('',(0.,-1.,0.));
#1408 = ADVANCED_FACE('',(#1409),#1415,.F.);
#1409 = FACE_BOUND('',#1410,.F.);
#1410 = EDGE_LOOP('',(#1411,#1412,#1413,#1414));
#1411 = ORIENTED_EDGE('',*,*,#782,.F.);
#1412 = ORIENTED_EDGE('',*,*,#627,.T.);
#1413 = ORIENTED_EDGE('',*,*,#477,.T.);
#1414 = ORIENTED_EDGE('',*,*,#1396,.F.);
#1415 = CYLINDRICAL_SURFACE('',#1416,1.499999999999);
#1416 = AXIS2_PLACEMENT_3D('',#1417,#1418,#1419);
#1417 = CARTESIAN_POINT('',(219.,-73.014,-7.74000000003));
#1418 = DIRECTION('',(-1.,0.,0.));
#1419 = DIRECTION('',(0.,-1.,0.));
#1420 = ADVANCED_FACE('',(#1421),#1426,.T.);
#1421 = FACE_BOUND('',#1422,.T.);
#1422 = EDGE_LOOP('',(#1423,#1424,#1425));
#1423 = ORIENTED_EDGE('',*,*,#856,.F.);
#1424 = ORIENTED_EDGE('',*,*,#889,.F.);
#1425 = ORIENTED_EDGE('',*,*,#997,.F.);
#1426 = CYLINDRICAL_SURFACE('',#1427,2.);
#1427 = AXIS2_PLACEMENT_3D('',#1428,#1429,#1430);
#1428 = CARTESIAN_POINT('',(212.,-61.,-1.840741737109));
#1429 = DIRECTION('',(0.,0.,1.));
#1430 = DIRECTION('',(1.,0.,0.));
#1431 = ADVANCED_FACE('',(#1432),#1437,.T.);
#1432 = FACE_BOUND('',#1433,.T.);
#1433 = EDGE_LOOP('',(#1434,#1435,#1436));
#1434 = ORIENTED_EDGE('',*,*,#906,.F.);
#1435 = ORIENTED_EDGE('',*,*,#931,.T.);
#1436 = ORIENTED_EDGE('',*,*,#1018,.F.);
#1437 = CYLINDRICAL_SURFACE('',#1438,2.);
#1438 = AXIS2_PLACEMENT_3D('',#1439,#1440,#1441);
#1439 = CARTESIAN_POINT('',(63.,-61.,-1.840741737109));
#1440 = DIRECTION('',(0.,0.,1.));
#1441 = DIRECTION('',(1.,0.,0.));
#1442 = ADVANCED_FACE('',(#1443,#1454),#1457,.F.);
#1443 = FACE_BOUND('',#1444,.F.);
#1444 = EDGE_LOOP('',(#1445));
#1445 = ORIENTED_EDGE('',*,*,#1446,.T.);
#1446 = EDGE_CURVE('',#1447,#1447,#1449,.T.);
#1447 = VERTEX_POINT('',#1448);
#1448 = CARTESIAN_POINT('',(221.,-64.77,-15.));
#1449 = CIRCLE('',#1450,5.);
#1450 = AXIS2_PLACEMENT_3D('',#1451,#1452,#1453);
#1451 = CARTESIAN_POINT('',(216.,-64.77,-15.));
#1452 = DIRECTION('',(0.,0.,1.));
#1453 = DIRECTION('',(1.,0.,0.));
#1454 = FACE_BOUND('',#1455,.F.);
#1455 = EDGE_LOOP('',(#1456));
#1456 = ORIENTED_EDGE('',*,*,#955,.T.);
#1457 = PLANE('',#1458);
#1458 = AXIS2_PLACEMENT_3D('',#1459,#1460,#1461);
#1459 = CARTESIAN_POINT('',(137.5,-64.885,-15.));
#1460 = DIRECTION('',(0.,0.,1.));
#1461 = DIRECTION('',(1.,0.,0.));
#1462 = ADVANCED_FACE('',(#1463,#1474),#1477,.F.);
#1463 = FACE_BOUND('',#1464,.F.);
#1464 = EDGE_LOOP('',(#1465));
#1465 = ORIENTED_EDGE('',*,*,#1466,.T.);
#1466 = EDGE_CURVE('',#1467,#1467,#1469,.T.);
#1467 = VERTEX_POINT('',#1468);
#1468 = CARTESIAN_POINT('',(64.,-65.,-15.));
#1469 = CIRCLE('',#1470,5.);
#1470 = AXIS2_PLACEMENT_3D('',#1471,#1472,#1473);
#1471 = CARTESIAN_POINT('',(59.,-65.,-15.));
#1472 = DIRECTION('',(0.,0.,1.));
#1473 = DIRECTION('',(1.,0.,0.));
#1474 = FACE_BOUND('',#1475,.F.);
#1475 = EDGE_LOOP('',(#1476));
#1476 = ORIENTED_EDGE('',*,*,#980,.T.);
#1477 = PLANE('',#1478);
#1478 = AXIS2_PLACEMENT_3D('',#1479,#1480,#1481);
#1479 = CARTESIAN_POINT('',(137.5,-64.885,-15.));
#1480 = DIRECTION('',(0.,0.,1.));
#1481 = DIRECTION('',(1.,0.,0.));
#1482 = ADVANCED_FACE('',(#1483),#1510,.T.);
#1483 = FACE_BOUND('',#1484,.F.);
#1484 = EDGE_LOOP('',(#1485,#1486,#1495,#1503));
#1485 = ORIENTED_EDGE('',*,*,#1045,.F.);
#1486 = ORIENTED_EDGE('',*,*,#1487,.T.);
#1487 = EDGE_CURVE('',#1046,#1488,#1490,.T.);
#1488 = VERTEX_POINT('',#1489);
#1489 = CARTESIAN_POINT('',(55.,-57.19409714117,-14.46712783298));
#1490 = CIRCLE('',#1491,4.);
#1491 = AXIS2_PLACEMENT_3D('',#1492,#1493,#1494);
#1492 = CARTESIAN_POINT('',(55.,-58.22937332158,-10.60342452783));
#1493 = DIRECTION('',(-1.,0.,0.));
#1494 = DIRECTION('',(0.,0.258819045103,-0.965925826289));
#1495 = ORIENTED_EDGE('',*,*,#1496,.T.);
#1496 = EDGE_CURVE('',#1488,#1497,#1499,.T.);
#1497 = VERTEX_POINT('',#1498);
#1498 = CARTESIAN_POINT('',(220.,-57.19409714117,-14.46712783298));
#1499 = LINE('',#1500,#1501);
#1500 = CARTESIAN_POINT('',(51.,-57.19409714117,-14.46712783298));
#1501 = VECTOR('',#1502,1.);
#1502 = DIRECTION('',(1.,0.,0.));
#1503 = ORIENTED_EDGE('',*,*,#1504,.F.);
#1504 = EDGE_CURVE('',#1048,#1497,#1505,.T.);
#1505 = CIRCLE('',#1506,4.);
#1506 = AXIS2_PLACEMENT_3D('',#1507,#1508,#1509);
#1507 = CARTESIAN_POINT('',(220.,-58.22937332158,-10.60342452783));
#1508 = DIRECTION('',(-1.,0.,0.));
#1509 = DIRECTION('',(0.,0.258819045103,-0.965925826289));
#1510 = CYLINDRICAL_SURFACE('',#1511,4.);
#1511 = AXIS2_PLACEMENT_3D('',#1512,#1513,#1514);
#1512 = CARTESIAN_POINT('',(51.,-58.22937332158,-10.60342452783));
#1513 = DIRECTION('',(1.,0.,0.));
#1514 = DIRECTION('',(0.,0.965925826289,0.258819045103));
#1515 = ADVANCED_FACE('',(#1516),#1527,.T.);
#1516 = FACE_BOUND('',#1517,.T.);
#1517 = EDGE_LOOP('',(#1518,#1519,#1520));
#1518 = ORIENTED_EDGE('',*,*,#1504,.F.);
#1519 = ORIENTED_EDGE('',*,*,#1124,.F.);
#1520 = ORIENTED_EDGE('',*,*,#1521,.F.);
#1521 = EDGE_CURVE('',#1497,#1116,#1522,.T.);
#1522 = CIRCLE('',#1523,4.);
#1523 = AXIS2_PLACEMENT_3D('',#1524,#1525,#1526);
#1524 = CARTESIAN_POINT('',(220.,-58.22937332158,-10.60342452783));
#1525 = DIRECTION('',(0.,-0.965925826289,-0.258819045103));
#1526 = DIRECTION('',(0.,0.258819045103,-0.965925826289));
#1527 = SPHERICAL_SURFACE('',#1528,4.);
#1528 = AXIS2_PLACEMENT_3D('',#1529,#1530,#1531);
#1529 = CARTESIAN_POINT('',(220.,-58.22937332158,-10.60342452783));
#1530 = DIRECTION('',(-0.,-0.965925826289,-0.258819045103));
#1531 = DIRECTION('',(0.,0.258819045103,-0.965925826289));
#1532 = ADVANCED_FACE('',(#1533),#1601,.T.);
#1533 = FACE_BOUND('',#1534,.F.);
#1534 = EDGE_LOOP('',(#1535,#1545,#1554,#1560,#1561,#1562,#1570,#1584));
#1535 = ORIENTED_EDGE('',*,*,#1536,.F.);
#1536 = EDGE_CURVE('',#1537,#1539,#1541,.T.);
#1537 = VERTEX_POINT('',#1538);
#1538 = CARTESIAN_POINT('',(220.,-137.3015370063,-35.93185165257));
#1539 = VERTEX_POINT('',#1540);
#1540 = CARTESIAN_POINT('',(220.,-67.77,-17.30093246324));
#1541 = LINE('',#1542,#1543);
#1542 = CARTESIAN_POINT('',(220.,-141.1652403114,-36.96712783298));
#1543 = VECTOR('',#1544,1.);
#1544 = DIRECTION('',(0.,0.965925826289,0.258819045103));
#1545 = ORIENTED_EDGE('',*,*,#1546,.T.);
#1546 = EDGE_CURVE('',#1537,#1547,#1549,.T.);
#1547 = VERTEX_POINT('',#1548);
#1548 = CARTESIAN_POINT('',(224.,-138.3368131867,-32.06814834742));
#1549 = CIRCLE('',#1550,4.);
#1550 = AXIS2_PLACEMENT_3D('',#1551,#1552,#1553);
#1551 = CARTESIAN_POINT('',(220.,-138.3368131867,-32.06814834742));
#1552 = DIRECTION('',(8.3E-16,-0.965925826289,-0.258819045103));
#1553 = DIRECTION('',(1.,8.028082743062E-16,2.107524748325E-16));
#1554 = ORIENTED_EDGE('',*,*,#1555,.T.);
#1555 = EDGE_CURVE('',#1547,#1108,#1556,.T.);
#1556 = LINE('',#1557,#1558);
#1557 = CARTESIAN_POINT('',(224.,-142.2005164918,-33.10342452783));
#1558 = VECTOR('',#1559,1.);
#1559 = DIRECTION('',(0.,0.965925826289,0.258819045103));
#1560 = ORIENTED_EDGE('',*,*,#1115,.T.);
#1561 = ORIENTED_EDGE('',*,*,#1521,.F.);
#1562 = ORIENTED_EDGE('',*,*,#1563,.F.);
#1563 = EDGE_CURVE('',#1564,#1497,#1566,.T.);
#1564 = VERTEX_POINT('',#1565);
#1565 = CARTESIAN_POINT('',(220.,-61.77,-15.69323730865));
#1566 = LINE('',#1567,#1568);
#1567 = CARTESIAN_POINT('',(220.,-141.1652403114,-36.96712783298));
#1568 = VECTOR('',#1569,1.);
#1569 = DIRECTION('',(0.,0.965925826289,0.258819045103));
#1570 = ORIENTED_EDGE('',*,*,#1571,.F.);
#1571 = EDGE_CURVE('',#1572,#1564,#1574,.T.);
#1572 = VERTEX_POINT('',#1573);
#1573 = CARTESIAN_POINT('',(221.,-64.77,-16.36558756976));
#1574 = B_SPLINE_CURVE_WITH_KNOTS('',8,(#1575,#1576,#1577,#1578,#1579,
    #1580,#1581,#1582,#1583),.UNSPECIFIED.,.F.,.F.,(9,9),(0.,1.),
  .PIECEWISE_BEZIER_KNOTS.);
#1575 = CARTESIAN_POINT('',(221.,-64.77,-16.36558756976));
#1576 = CARTESIAN_POINT('',(221.,-64.38753327129,-16.26310591867));
#1577 = CARTESIAN_POINT('',(220.96656447489,-64.00023809052,
    -16.16826781482));
#1578 = CARTESIAN_POINT('',(220.89821535339,-63.61135354109,
    -16.08233800556));
#1579 = CARTESIAN_POINT('',(220.79378557522,-63.22417948662,
    -16.00472126893));
#1580 = CARTESIAN_POINT('',(220.65226217702,-62.84226419036,
    -15.93269003947));
#1581 = CARTESIAN_POINT('',(220.47291962678,-62.46963315598,
    -15.86139615445));
#1582 = CARTESIAN_POINT('',(220.25548882819,-62.11065177092,
    -15.78451467557));
#1583 = CARTESIAN_POINT('',(220.,-61.77,-15.69323730865));
#1584 = ORIENTED_EDGE('',*,*,#1585,.F.);
#1585 = EDGE_CURVE('',#1539,#1572,#1586,.T.);
#1586 = B_SPLINE_CURVE_WITH_KNOTS('',7,(#1587,#1588,#1589,#1590,#1591,
    #1592,#1593,#1594,#1595,#1596,#1597,#1598,#1599,#1600),
  .UNSPECIFIED.,.F.,.F.,(8,6,8),(0.,0.639303893474,1.),.UNSPECIFIED.);
#1587 = CARTESIAN_POINT('',(220.,-67.77,-17.30093246324));
#1588 = CARTESIAN_POINT('',(220.1909413304,-67.51541155945,
    -17.23271569619));
#1589 = CARTESIAN_POINT('',(220.35717111001,-67.25438755985,
    -17.1517661372));
#1590 = CARTESIAN_POINT('',(220.50034504414,-66.98903253741,
    -17.06377312016));
#1591 = CARTESIAN_POINT('',(220.62221884587,-66.72046033855,
    -16.9724261128));
#1592 = CARTESIAN_POINT('',(220.72427780075,-66.44887089082,
    -16.8801472954));
#1593 = CARTESIAN_POINT('',(220.80747422819,-66.17375410088,
    -16.7885424921));
#1594 = CARTESIAN_POINT('',(220.90838580697,-65.73641481625,
    -16.64802212315));
#1595 = CARTESIAN_POINT('',(220.93876379798,-65.57756112847,
    -16.59800239146));
#1596 = CARTESIAN_POINT('',(220.96313607115,-65.41769950798,
    -16.5489229289));
#1597 = CARTESIAN_POINT('',(220.98149346674,-65.2569239639,
    -16.50100522618));
#1598 = CARTESIAN_POINT('',(220.99380168323,-65.0953244628,
    -16.45441505137));
#1599 = CARTESIAN_POINT('',(221.,-64.93298805485,-16.40926008743));
#1600 = CARTESIAN_POINT('',(221.,-64.77,-16.36558756976));
#1601 = CYLINDRICAL_SURFACE('',#1602,4.);
#1602 = AXIS2_PLACEMENT_3D('',#1603,#1604,#1605);
#1603 = CARTESIAN_POINT('',(220.,-142.2005164918,-33.10342452783));
#1604 = DIRECTION('',(0.,0.965925826289,0.258819045103));
#1605 = DIRECTION('',(0.,0.258819045103,-0.965925826289));
#1606 = ADVANCED_FACE('',(#1607),#1617,.F.);
#1607 = FACE_BOUND('',#1608,.F.);
#1608 = EDGE_LOOP('',(#1609,#1615,#1616));
#1609 = ORIENTED_EDGE('',*,*,#1610,.F.);
#1610 = EDGE_CURVE('',#1099,#1547,#1611,.T.);
#1611 = LINE('',#1612,#1613);
#1612 = CARTESIAN_POINT('',(224.,-146.7136237937,-0.805465556699));
#1613 = VECTOR('',#1614,1.);
#1614 = DIRECTION('',(0.,0.258819045103,-0.965925826289));
#1615 = ORIENTED_EDGE('',*,*,#1107,.T.);
#1616 = ORIENTED_EDGE('',*,*,#1555,.F.);
#1617 = PLANE('',#1618);
#1618 = AXIS2_PLACEMENT_3D('',#1619,#1620,#1621);
#1619 = CARTESIAN_POINT('',(224.,-143.918584287,-11.5));
#1620 = DIRECTION('',(-1.,0.,0.));
#1621 = DIRECTION('',(0.,1.,0.));
#1622 = ADVANCED_FACE('',(#1623),#1642,.T.);
#1623 = FACE_BOUND('',#1624,.T.);
#1624 = EDGE_LOOP('',(#1625,#1626,#1627,#1635));
#1625 = ORIENTED_EDGE('',*,*,#1610,.F.);
#1626 = ORIENTED_EDGE('',*,*,#1098,.F.);
#1627 = ORIENTED_EDGE('',*,*,#1628,.T.);
#1628 = EDGE_CURVE('',#1091,#1629,#1631,.T.);
#1629 = VERTEX_POINT('',#1630);
#1630 = CARTESIAN_POINT('',(220.,-142.2005164918,-33.10342452783));
#1631 = LINE('',#1632,#1633);
#1632 = CARTESIAN_POINT('',(220.,-150.5773270988,-1.840741737109));
#1633 = VECTOR('',#1634,1.);
#1634 = DIRECTION('',(0.,0.258819045103,-0.965925826289));
#1635 = ORIENTED_EDGE('',*,*,#1636,.T.);
#1636 = EDGE_CURVE('',#1629,#1547,#1637,.T.);
#1637 = CIRCLE('',#1638,4.);
#1638 = AXIS2_PLACEMENT_3D('',#1639,#1640,#1641);
#1639 = CARTESIAN_POINT('',(220.,-138.3368131867,-32.06814834742));
#1640 = DIRECTION('',(0.,-0.258819045103,0.965925826289));
#1641 = DIRECTION('',(0.,-0.965925826289,-0.258819045103));
#1642 = CYLINDRICAL_SURFACE('',#1643,4.);
#1643 = AXIS2_PLACEMENT_3D('',#1644,#1645,#1646);
#1644 = CARTESIAN_POINT('',(220.,-146.7136237937,-0.805465556699));
#1645 = DIRECTION('',(0.,0.258819045103,-0.965925826289));
#1646 = DIRECTION('',(1.,0.,0.));
#1647 = ADVANCED_FACE('',(#1648),#1666,.T.);
#1648 = FACE_BOUND('',#1649,.T.);
#1649 = EDGE_LOOP('',(#1650,#1651,#1659,#1665));
#1650 = ORIENTED_EDGE('',*,*,#1090,.T.);
#1651 = ORIENTED_EDGE('',*,*,#1652,.F.);
#1652 = EDGE_CURVE('',#1653,#1082,#1655,.T.);
#1653 = VERTEX_POINT('',#1654);
#1654 = CARTESIAN_POINT('',(55.,-142.2005164918,-33.10342452783));
#1655 = LINE('',#1656,#1657);
#1656 = CARTESIAN_POINT('',(55.,-141.1652403114,-36.96712783298));
#1657 = VECTOR('',#1658,1.);
#1658 = DIRECTION('',(0.,-0.258819045103,0.965925826289));
#1659 = ORIENTED_EDGE('',*,*,#1660,.T.);
#1660 = EDGE_CURVE('',#1653,#1629,#1661,.T.);
#1661 = LINE('',#1662,#1663);
#1662 = CARTESIAN_POINT('',(51.,-142.2005164918,-33.10342452783));
#1663 = VECTOR('',#1664,1.);
#1664 = DIRECTION('',(1.,0.,0.));
#1665 = ORIENTED_EDGE('',*,*,#1628,.F.);
#1666 = PLANE('',#1667);
#1667 = AXIS2_PLACEMENT_3D('',#1668,#1669,#1670);
#1668 = CARTESIAN_POINT('',(51.,-141.1652403114,-36.96712783298));
#1669 = DIRECTION('',(-0.,-0.965925826289,-0.258819045103));
#1670 = DIRECTION('',(0.,-0.258819045103,0.965925826289));
#1671 = ADVANCED_FACE('',(#1672),#1691,.T.);
#1672 = FACE_BOUND('',#1673,.T.);
#1673 = EDGE_LOOP('',(#1674,#1683,#1684,#1685));
#1674 = ORIENTED_EDGE('',*,*,#1675,.F.);
#1675 = EDGE_CURVE('',#1653,#1676,#1678,.T.);
#1676 = VERTEX_POINT('',#1677);
#1677 = CARTESIAN_POINT('',(51.,-138.3368131867,-32.06814834742));
#1678 = CIRCLE('',#1679,4.);
#1679 = AXIS2_PLACEMENT_3D('',#1680,#1681,#1682);
#1680 = CARTESIAN_POINT('',(55.,-138.3368131867,-32.06814834742));
#1681 = DIRECTION('',(-1.94E-15,0.258819045103,-0.965925826289));
#1682 = DIRECTION('',(-1.,-5.01115298445E-16,1.874162350462E-15));
#1683 = ORIENTED_EDGE('',*,*,#1652,.T.);
#1684 = ORIENTED_EDGE('',*,*,#1081,.F.);
#1685 = ORIENTED_EDGE('',*,*,#1686,.F.);
#1686 = EDGE_CURVE('',#1676,#1074,#1687,.T.);
#1687 = LINE('',#1688,#1689);
#1688 = CARTESIAN_POINT('',(51.,-137.3015370063,-35.93185165257));
#1689 = VECTOR('',#1690,1.);
#1690 = DIRECTION('',(0.,-0.258819045103,0.965925826289));
#1691 = CYLINDRICAL_SURFACE('',#1692,4.);
#1692 = AXIS2_PLACEMENT_3D('',#1693,#1694,#1695);
#1693 = CARTESIAN_POINT('',(55.,-137.3015370063,-35.93185165257));
#1694 = DIRECTION('',(0.,-0.258819045103,0.965925826289));
#1695 = DIRECTION('',(-1.,0.,0.));
#1696 = ADVANCED_FACE('',(#1697),#1707,.F.);
#1697 = FACE_BOUND('',#1698,.F.);
#1698 = EDGE_LOOP('',(#1699,#1700,#1701));
#1699 = ORIENTED_EDGE('',*,*,#1073,.T.);
#1700 = ORIENTED_EDGE('',*,*,#1686,.F.);
#1701 = ORIENTED_EDGE('',*,*,#1702,.F.);
#1702 = EDGE_CURVE('',#1065,#1676,#1703,.T.);
#1703 = LINE('',#1704,#1705);
#1704 = CARTESIAN_POINT('',(51.,-54.36567001642,-9.568148347422));
#1705 = VECTOR('',#1706,1.);
#1706 = DIRECTION('',(0.,-0.965925826289,-0.258819045103));
#1707 = PLANE('',#1708);
#1708 = AXIS2_PLACEMENT_3D('',#1709,#1710,#1711);
#1709 = CARTESIAN_POINT('',(51.,-105.1687764618,-13.97375443692));
#1710 = DIRECTION('',(1.,0.,0.));
#1711 = DIRECTION('',(0.,0.,1.));
#1712 = ADVANCED_FACE('',(#1713),#1784,.T.);
#1713 = FACE_BOUND('',#1714,.T.);
#1714 = EDGE_LOOP('',(#1715,#1716,#1717,#1724,#1732,#1769,#1777));
#1715 = ORIENTED_EDGE('',*,*,#1702,.F.);
#1716 = ORIENTED_EDGE('',*,*,#1064,.F.);
#1717 = ORIENTED_EDGE('',*,*,#1718,.F.);
#1718 = EDGE_CURVE('',#1488,#1056,#1719,.T.);
#1719 = CIRCLE('',#1720,4.);
#1720 = AXIS2_PLACEMENT_3D('',#1721,#1722,#1723);
#1721 = CARTESIAN_POINT('',(55.,-58.22937332158,-10.60342452783));
#1722 = DIRECTION('',(0.,0.965925826289,0.258819045103));
#1723 = DIRECTION('',(0.,0.258819045103,-0.965925826289));
#1724 = ORIENTED_EDGE('',*,*,#1725,.T.);
#1725 = EDGE_CURVE('',#1488,#1726,#1728,.T.);
#1726 = VERTEX_POINT('',#1727);
#1727 = CARTESIAN_POINT('',(55.,-62.,-15.75486562291));
#1728 = LINE('',#1729,#1730);
#1729 = CARTESIAN_POINT('',(55.,-53.33039383601,-13.43185165257));
#1730 = VECTOR('',#1731,1.);
#1731 = DIRECTION('',(0.,-0.965925826289,-0.258819045103));
#1732 = ORIENTED_EDGE('',*,*,#1733,.T.);
#1733 = EDGE_CURVE('',#1726,#1734,#1736,.T.);
#1734 = VERTEX_POINT('',#1735);
#1735 = CARTESIAN_POINT('',(55.,-68.,-17.3625607775));
#1736 = B_SPLINE_CURVE_WITH_KNOTS('',6,(#1737,#1738,#1739,#1740,#1741,
    #1742,#1743,#1744,#1745,#1746,#1747,#1748,#1749,#1750,#1751,#1752,
    #1753,#1754,#1755,#1756,#1757,#1758,#1759,#1760,#1761,#1762,#1763,
    #1764,#1765,#1766,#1767,#1768),.UNSPECIFIED.,.F.,.F.,(7,5,5,5,5,5,7)
  ,(0.,0.126819095012,0.326306727895,0.674329977507,0.865461177584,
    0.924376665765,1.),.UNSPECIFIED.);
#1737 = CARTESIAN_POINT('',(55.,-62.,-15.75486562291));
#1738 = CARTESIAN_POINT('',(54.912439220958,-62.11674770539,
    -15.78614807629));
#1739 = CARTESIAN_POINT('',(54.829417558525,-62.23596205242,
    -15.81571035534));
#1740 = CARTESIAN_POINT('',(54.751008786952,-62.35738031693,
    -15.8439444914));
#1741 = CARTESIAN_POINT('',(54.677266170243,-62.48073526284,
    -15.87120590206));
#1742 = CARTESIAN_POINT('',(54.608222228675,-62.60575555219,
    -15.89781166766));
#1743 = CARTESIAN_POINT('',(54.44269095152,-62.93101122672,
    -15.96529434707));
#1744 = CARTESIAN_POINT('',(54.353147161473,-63.13329812795,
    -16.00561342718));
#1745 = CARTESIAN_POINT('',(54.275167813344,-63.33822113283,
    -16.04612615889));
#1746 = CARTESIAN_POINT('',(54.208617508626,-63.54501743831,
    -16.08771537949));
#1747 = CARTESIAN_POINT('',(54.153319116879,-63.75296846695,
    -16.13101235182));
#1748 = CARTESIAN_POINT('',(54.031841023967,-64.32502985824,
    -16.25556195121));
#1749 = CARTESIAN_POINT('',(53.988376048603,-64.68937466397,
    -16.34090865776));
#1750 = CARTESIAN_POINT('',(53.976941150927,-65.05239843977,
    -16.43471068433));
#1751 = CARTESIAN_POINT('',(53.996460881244,-65.41248522413,
    -16.53702120557));
#1752 = CARTESIAN_POINT('',(54.046367117054,-65.76807435287,
    -16.64600674637));
#1753 = CARTESIAN_POINT('',(54.170429773953,-66.30919186915,
    -16.81974206941));
#1754 = CARTESIAN_POINT('',(54.223551455863,-66.49929336697,
    -16.88234058069));
#1755 = CARTESIAN_POINT('',(54.285893885339,-66.68773114291,
    -16.9454867722));
#1756 = CARTESIAN_POINT('',(54.357683190869,-66.87451056536,
    -17.00856943367));
#1757 = CARTESIAN_POINT('',(54.439266772195,-67.05952100957,
    -17.07078629664));
#1758 = CARTESIAN_POINT('',(54.55939204461,-67.29890920068,
    -17.14961018182));
#1759 = CARTESIAN_POINT('',(54.588674519448,-67.35513273974,
    -17.16799959738));
#1760 = CARTESIAN_POINT('',(54.618951792719,-67.41117263482,
    -17.18617556564));
#1761 = CARTESIAN_POINT('',(54.650241708965,-67.46702483501,
    -17.20410437195));
#1762 = CARTESIAN_POINT('',(54.682563963203,-67.52268426664,
    -17.22174912764));
#1763 = CARTESIAN_POINT('',(54.758781379116,-67.64933346451,
    -17.26130237416));
#1764 = CARTESIAN_POINT('',(54.803354172202,-67.72018624091,
    -17.28299824202));
#1765 = CARTESIAN_POINT('',(54.849709817815,-67.79070064926,
    -17.30407536829));
#1766 = CARTESIAN_POINT('',(54.897900921963,-67.86086118902,
    -17.3244382023));
#1767 = CARTESIAN_POINT('',(54.947980313736,-67.93064041831,
    -17.3439759336));
#1768 = CARTESIAN_POINT('',(55.,-68.,-17.3625607775));
#1769 = ORIENTED_EDGE('',*,*,#1770,.T.);
#1770 = EDGE_CURVE('',#1734,#1771,#1773,.T.);
#1771 = VERTEX_POINT('',#1772);
#1772 = CARTESIAN_POINT('',(55.,-137.3015370063,-35.93185165257));
#1773 = LINE('',#1774,#1775);
#1774 = CARTESIAN_POINT('',(55.,-53.33039383601,-13.43185165257));
#1775 = VECTOR('',#1776,1.);
#1776 = DIRECTION('',(0.,-0.965925826289,-0.258819045103));
#1777 = ORIENTED_EDGE('',*,*,#1778,.T.);
#1778 = EDGE_CURVE('',#1771,#1676,#1779,.T.);
#1779 = CIRCLE('',#1780,4.);
#1780 = AXIS2_PLACEMENT_3D('',#1781,#1782,#1783);
#1781 = CARTESIAN_POINT('',(55.,-138.3368131867,-32.06814834742));
#1782 = DIRECTION('',(0.,0.965925826289,0.258819045103));
#1783 = DIRECTION('',(0.,0.258819045103,-0.965925826289));
#1784 = CYLINDRICAL_SURFACE('',#1785,4.);
#1785 = AXIS2_PLACEMENT_3D('',#1786,#1787,#1788);
#1786 = CARTESIAN_POINT('',(55.,-54.36567001642,-9.568148347422));
#1787 = DIRECTION('',(0.,-0.965925826289,-0.258819045103));
#1788 = DIRECTION('',(-1.,0.,0.));
#1789 = ADVANCED_FACE('',(#1790),#1795,.T.);
#1790 = FACE_BOUND('',#1791,.F.);
#1791 = EDGE_LOOP('',(#1792,#1793,#1794));
#1792 = ORIENTED_EDGE('',*,*,#1487,.F.);
#1793 = ORIENTED_EDGE('',*,*,#1055,.T.);
#1794 = ORIENTED_EDGE('',*,*,#1718,.F.);
#1795 = SPHERICAL_SURFACE('',#1796,4.);
#1796 = AXIS2_PLACEMENT_3D('',#1797,#1798,#1799);
#1797 = CARTESIAN_POINT('',(55.,-58.22937332158,-10.60342452783));
#1798 = DIRECTION('',(-0.,-0.965925826289,-0.258819045103));
#1799 = DIRECTION('',(0.,0.258819045103,-0.965925826289));
#1800 = ADVANCED_FACE('',(#1801),#1820,.F.);
#1801 = FACE_BOUND('',#1802,.F.);
#1802 = EDGE_LOOP('',(#1803,#1804,#1810,#1811,#1818,#1819));
#1803 = ORIENTED_EDGE('',*,*,#1446,.F.);
#1804 = ORIENTED_EDGE('',*,*,#1805,.T.);
#1805 = EDGE_CURVE('',#1447,#1572,#1806,.T.);
#1806 = LINE('',#1807,#1808);
#1807 = CARTESIAN_POINT('',(221.,-64.77,-15.));
#1808 = VECTOR('',#1809,1.);
#1809 = DIRECTION('',(-0.,-0.,-1.));
#1810 = ORIENTED_EDGE('',*,*,#1571,.T.);
#1811 = ORIENTED_EDGE('',*,*,#1812,.F.);
#1812 = EDGE_CURVE('',#1539,#1564,#1813,.T.);
#1813 = ELLIPSE('',#1814,5.17638090205,5.);
#1814 = AXIS2_PLACEMENT_3D('',#1815,#1816,#1817);
#1815 = CARTESIAN_POINT('',(216.,-64.77,-16.49708488594));
#1816 = DIRECTION('',(0.,0.258819045103,-0.965925826289));
#1817 = DIRECTION('',(0.,0.965925826289,0.258819045103));
#1818 = ORIENTED_EDGE('',*,*,#1585,.T.);
#1819 = ORIENTED_EDGE('',*,*,#1805,.F.);
#1820 = CYLINDRICAL_SURFACE('',#1821,5.);
#1821 = AXIS2_PLACEMENT_3D('',#1822,#1823,#1824);
#1822 = CARTESIAN_POINT('',(216.,-64.77,-15.));
#1823 = DIRECTION('',(0.,0.,1.));
#1824 = DIRECTION('',(1.,0.,0.));
#1825 = ADVANCED_FACE('',(#1826),#1853,.F.);
#1826 = FACE_BOUND('',#1827,.F.);
#1827 = EDGE_LOOP('',(#1828,#1829,#1837,#1844,#1845,#1852));
#1828 = ORIENTED_EDGE('',*,*,#1466,.F.);
#1829 = ORIENTED_EDGE('',*,*,#1830,.T.);
#1830 = EDGE_CURVE('',#1467,#1831,#1833,.T.);
#1831 = VERTEX_POINT('',#1832);
#1832 = CARTESIAN_POINT('',(64.,-65.,-16.5587132002));
#1833 = LINE('',#1834,#1835);
#1834 = CARTESIAN_POINT('',(64.,-65.,-15.));
#1835 = VECTOR('',#1836,1.);
#1836 = DIRECTION('',(-0.,-0.,-1.));
#1837 = ORIENTED_EDGE('',*,*,#1838,.F.);
#1838 = EDGE_CURVE('',#1726,#1831,#1839,.T.);
#1839 = ELLIPSE('',#1840,5.17638090205,5.);
#1840 = AXIS2_PLACEMENT_3D('',#1841,#1842,#1843);
#1841 = CARTESIAN_POINT('',(59.,-65.,-16.5587132002));
#1842 = DIRECTION('',(0.,0.258819045103,-0.965925826289));
#1843 = DIRECTION('',(0.,0.965925826289,0.258819045103));
#1844 = ORIENTED_EDGE('',*,*,#1733,.T.);
#1845 = ORIENTED_EDGE('',*,*,#1846,.F.);
#1846 = EDGE_CURVE('',#1831,#1734,#1847,.T.);
#1847 = ELLIPSE('',#1848,5.17638090205,5.);
#1848 = AXIS2_PLACEMENT_3D('',#1849,#1850,#1851);
#1849 = CARTESIAN_POINT('',(59.,-65.,-16.5587132002));
#1850 = DIRECTION('',(0.,0.258819045103,-0.965925826289));
#1851 = DIRECTION('',(0.,0.965925826289,0.258819045103));
#1852 = ORIENTED_EDGE('',*,*,#1830,.F.);
#1853 = CYLINDRICAL_SURFACE('',#1854,5.);
#1854 = AXIS2_PLACEMENT_3D('',#1855,#1856,#1857);
#1855 = CARTESIAN_POINT('',(59.,-65.,-15.));
#1856 = DIRECTION('',(0.,0.,1.));
#1857 = DIRECTION('',(1.,0.,0.));
#1858 = ADVANCED_FACE('',(#1859,#1875,#2181,#2479,#2689,#2955,#3021),
  #3311,.T.);
#1859 = FACE_BOUND('',#1860,.T.);
#1860 = EDGE_LOOP('',(#1861,#1862,#1863,#1864,#1865,#1866,#1872,#1873,
    #1874));
#1861 = ORIENTED_EDGE('',*,*,#1725,.F.);
#1862 = ORIENTED_EDGE('',*,*,#1496,.T.);
#1863 = ORIENTED_EDGE('',*,*,#1563,.F.);
#1864 = ORIENTED_EDGE('',*,*,#1812,.F.);
#1865 = ORIENTED_EDGE('',*,*,#1536,.F.);
#1866 = ORIENTED_EDGE('',*,*,#1867,.F.);
#1867 = EDGE_CURVE('',#1771,#1537,#1868,.T.);
#1868 = LINE('',#1869,#1870);
#1869 = CARTESIAN_POINT('',(51.,-137.3015370063,-35.93185165257));
#1870 = VECTOR('',#1871,1.);
#1871 = DIRECTION('',(1.,0.,0.));
#1872 = ORIENTED_EDGE('',*,*,#1770,.F.);
#1873 = ORIENTED_EDGE('',*,*,#1846,.F.);
#1874 = ORIENTED_EDGE('',*,*,#1838,.F.);
#1875 = FACE_BOUND('',#1876,.T.);
#1876 = EDGE_LOOP('',(#1877,#1887,#1895,#1903,#1911,#1919,#1927,#1935,
    #1943,#1951,#1959,#1967,#1975,#1983,#1991,#1999,#2007,#2015,#2023,
    #2031,#2039,#2047,#2055,#2063,#2071,#2079,#2087,#2095,#2103,#2111,
    #2119,#2127,#2135,#2143,#2151,#2159,#2167,#2175));
#1877 = ORIENTED_EDGE('',*,*,#1878,.T.);
#1878 = EDGE_CURVE('',#1879,#1881,#1883,.T.);
#1879 = VERTEX_POINT('',#1880);
#1880 = CARTESIAN_POINT('',(197.10677073333,-77.92764478225,
    -20.02266517964));
#1881 = VERTEX_POINT('',#1882);
#1882 = CARTESIAN_POINT('',(196.69328693703,-77.14450700294,
    -19.81282404412));
#1883 = B_SPLINE_CURVE_WITH_KNOTS('',2,(#1884,#1885,#1886),
  .UNSPECIFIED.,.F.,.F.,(3,3),(0.,1.),.PIECEWISE_BEZIER_KNOTS.);
#1884 = CARTESIAN_POINT('',(197.10677073333,-77.92764478225,
    -20.02266517964));
#1885 = CARTESIAN_POINT('',(196.69328693703,-77.61517224932,
    -19.93893841679));
#1886 = CARTESIAN_POINT('',(196.69328693703,-77.14450700294,
    -19.81282404412));
#1887 = ORIENTED_EDGE('',*,*,#1888,.T.);
#1888 = EDGE_CURVE('',#1881,#1889,#1891,.T.);
#1889 = VERTEX_POINT('',#1890);
#1890 = CARTESIAN_POINT('',(196.92447906666,-76.56260377079,
    -19.65690354299));
#1891 = B_SPLINE_CURVE_WITH_KNOTS('',2,(#1892,#1893,#1894),
  .UNSPECIFIED.,.F.,.F.,(3,3),(0.,1.),.PIECEWISE_BEZIER_KNOTS.);
#1892 = CARTESIAN_POINT('',(196.69328693703,-77.14450700294,
    -19.81282404412));
#1893 = CARTESIAN_POINT('',(196.69328693703,-76.78507974235,
    -19.7165157999));
#1894 = CARTESIAN_POINT('',(196.92447906666,-76.56260377079,
    -19.65690354299));
#1895 = ORIENTED_EDGE('',*,*,#1896,.T.);
#1896 = EDGE_CURVE('',#1889,#1897,#1899,.T.);
#1897 = VERTEX_POINT('',#1898);
#1898 = CARTESIAN_POINT('',(197.49768508518,-76.26745976831,
    -19.57781994587));
#1899 = B_SPLINE_CURVE_WITH_KNOTS('',2,(#1900,#1901,#1902),
  .UNSPECIFIED.,.F.,.F.,(3,3),(0.,1.),.PIECEWISE_BEZIER_KNOTS.);
#1900 = CARTESIAN_POINT('',(196.92447906666,-76.56260377079,
    -19.65690354299));
#1901 = CARTESIAN_POINT('',(197.15538184444,-76.34012779922,
    -19.59729128607));
#1902 = CARTESIAN_POINT('',(197.49768508518,-76.26745976831,
    -19.57781994587));
#1903 = ORIENTED_EDGE('',*,*,#1904,.T.);
#1904 = EDGE_CURVE('',#1897,#1905,#1907,.T.);
#1905 = VERTEX_POINT('',#1906);
#1906 = CARTESIAN_POINT('',(198.24450221481,-76.10479517604,
    -19.53423409974));
#1907 = B_SPLINE_CURVE_WITH_KNOTS('',2,(#1908,#1909,#1910),
  .UNSPECIFIED.,.F.,.F.,(3,3),(0.,1.),.PIECEWISE_BEZIER_KNOTS.);
#1908 = CARTESIAN_POINT('',(197.49768508518,-76.26745976831,
    -19.57781994587));
#1909 = CARTESIAN_POINT('',(197.83998832592,-76.19451224497,
    -19.5582737159));
#1910 = CARTESIAN_POINT('',(198.24450221481,-76.10479517604,
    -19.53423409974));
#1911 = ORIENTED_EDGE('',*,*,#1912,.T.);
#1912 = EDGE_CURVE('',#1905,#1913,#1915,.T.);
#1913 = VERTEX_POINT('',#1914);
#1914 = CARTESIAN_POINT('',(198.99102999259,-75.91641728052,
    -19.48375839476));
#1915 = B_SPLINE_CURVE_WITH_KNOTS('',2,(#1916,#1917,#1918),
  .UNSPECIFIED.,.F.,.F.,(3,3),(0.,1.),.PIECEWISE_BEZIER_KNOTS.);
#1916 = CARTESIAN_POINT('',(198.24450221481,-76.10479517604,
    -19.53423409974));
#1917 = CARTESIAN_POINT('',(198.64872675185,-76.01479861468,
    -19.5101195938));
#1918 = CARTESIAN_POINT('',(198.99102999259,-75.91641728052,
    -19.48375839476));
#1919 = ORIENTED_EDGE('',*,*,#1920,.T.);
#1920 = EDGE_CURVE('',#1913,#1921,#1923,.T.);
#1921 = VERTEX_POINT('',#1922);
#1922 = CARTESIAN_POINT('',(199.56452536296,-75.54860524713,
    -19.38520345745));
#1923 = B_SPLINE_CURVE_WITH_KNOTS('',2,(#1924,#1925,#1926),
  .UNSPECIFIED.,.F.,.F.,(3,3),(0.,1.),.PIECEWISE_BEZIER_KNOTS.);
#1924 = CARTESIAN_POINT('',(198.99102999259,-75.91641728052,
    -19.48375839476));
#1925 = CARTESIAN_POINT('',(199.33333323333,-75.81803594636,
    -19.45739719572));
#1926 = CARTESIAN_POINT('',(199.56452536296,-75.54860524713,
    -19.38520345745));
#1927 = ORIENTED_EDGE('',*,*,#1928,.T.);
#1928 = EDGE_CURVE('',#1921,#1929,#1931,.T.);
#1929 = VERTEX_POINT('',#1930);
#1930 = CARTESIAN_POINT('',(199.79542814074,-74.85099215036,
    -19.19827859154));
#1931 = B_SPLINE_CURVE_WITH_KNOTS('',2,(#1932,#1933,#1934),
  .UNSPECIFIED.,.F.,.F.,(3,3),(0.,1.),.PIECEWISE_BEZIER_KNOTS.);
#1932 = CARTESIAN_POINT('',(199.56452536296,-75.54860524713,
    -19.38520345745));
#1933 = CARTESIAN_POINT('',(199.79542814074,-75.27889505547,
    -19.3129348294));
#1934 = CARTESIAN_POINT('',(199.79542814074,-74.85099215036,
    -19.19827859154));
#1935 = ORIENTED_EDGE('',*,*,#1936,.T.);
#1936 = EDGE_CURVE('',#1929,#1937,#1939,.T.);
#1937 = VERTEX_POINT('',#1938);
#1938 = CARTESIAN_POINT('',(199.32899295555,-73.90043840753,
    -18.94357848379));
#1939 = B_SPLINE_CURVE_WITH_KNOTS('',2,(#1940,#1941,#1942),
  .UNSPECIFIED.,.F.,.F.,(3,3),(0.,1.),.PIECEWISE_BEZIER_KNOTS.);
#1940 = CARTESIAN_POINT('',(199.79542814074,-74.85099215036,
    -19.19827859154));
#1941 = CARTESIAN_POINT('',(199.79542814074,-74.28306353953,
    -19.04610257891));
#1942 = CARTESIAN_POINT('',(199.32899295555,-73.90043840753,
    -18.94357848379));
#1943 = ORIENTED_EDGE('',*,*,#1944,.T.);
#1944 = EDGE_CURVE('',#1937,#1945,#1947,.T.);
#1945 = VERTEX_POINT('',#1946);
#1946 = CARTESIAN_POINT('',(198.16001147407,-73.51753378311,
    -18.84097949889));
#1947 = B_SPLINE_CURVE_WITH_KNOTS('',2,(#1948,#1949,#1950),
  .UNSPECIFIED.,.F.,.F.,(3,3),(0.,1.),.PIECEWISE_BEZIER_KNOTS.);
#1948 = CARTESIAN_POINT('',(199.32899295555,-73.90043840753,
    -18.94357848379));
#1949 = CARTESIAN_POINT('',(198.86226841851,-73.51753378311,
    -18.84097949889));
#1950 = CARTESIAN_POINT('',(198.16001147407,-73.51753378311,
    -18.84097949889));
#1951 = ORIENTED_EDGE('',*,*,#1952,.T.);
#1952 = EDGE_CURVE('',#1945,#1953,#1955,.T.);
#1953 = VERTEX_POINT('',#1954);
#1954 = CARTESIAN_POINT('',(196.86226841851,-74.02928441619,
    -18.97810266775));
#1955 = B_SPLINE_CURVE_WITH_KNOTS('',2,(#1956,#1957,#1958),
  .UNSPECIFIED.,.F.,.F.,(3,3),(0.,1.),.PIECEWISE_BEZIER_KNOTS.);
#1956 = CARTESIAN_POINT('',(198.16001147407,-73.51753378311,
    -18.84097949889));
#1957 = CARTESIAN_POINT('',(197.39554388148,-73.51753378311,
    -18.84097949889));
#1958 = CARTESIAN_POINT('',(196.86226841851,-74.02928441619,
    -18.97810266775));
#1959 = ORIENTED_EDGE('',*,*,#1960,.T.);
#1960 = EDGE_CURVE('',#1953,#1961,#1963,.T.);
#1961 = VERTEX_POINT('',#1962);
#1962 = CARTESIAN_POINT('',(196.86226841851,-73.86214794509,
    -18.9333185853));
#1963 = LINE('',#1964,#1965);
#1964 = CARTESIAN_POINT('',(196.86226841851,-74.02928441619,
    -18.97810266775));
#1965 = VECTOR('',#1966,1.);
#1966 = DIRECTION('',(0.,0.965925826289,0.258819045103));
#1967 = ORIENTED_EDGE('',*,*,#1968,.T.);
#1968 = EDGE_CURVE('',#1961,#1969,#1971,.T.);
#1969 = VERTEX_POINT('',#1970);
#1970 = CARTESIAN_POINT('',(196.67534712222,-73.62485887492,
    -18.86973717057));
#1971 = B_SPLINE_CURVE_WITH_KNOTS('',2,(#1972,#1973,#1974),
  .UNSPECIFIED.,.F.,.F.,(3,3),(0.,1.),.PIECEWISE_BEZIER_KNOTS.);
#1972 = CARTESIAN_POINT('',(196.86226841851,-73.86214794509,
    -18.9333185853));
#1973 = CARTESIAN_POINT('',(196.86226841851,-73.62485887492,
    -18.86973717057));
#1974 = CARTESIAN_POINT('',(196.67534712222,-73.62485887492,
    -18.86973717057));
#1975 = ORIENTED_EDGE('',*,*,#1976,.T.);
#1976 = EDGE_CURVE('',#1969,#1977,#1979,.T.);
#1977 = VERTEX_POINT('',#1978);
#1978 = CARTESIAN_POINT('',(196.49768508518,-73.85767606627,
    -18.93212034898));
#1979 = B_SPLINE_CURVE_WITH_KNOTS('',2,(#1980,#1981,#1982),
  .UNSPECIFIED.,.F.,.F.,(3,3),(0.,1.),.PIECEWISE_BEZIER_KNOTS.);
#1980 = CARTESIAN_POINT('',(196.67534712222,-73.62485887492,
    -18.86973717057));
#1981 = CARTESIAN_POINT('',(196.49768508518,-73.62485887492,
    -18.86973717057));
#1982 = CARTESIAN_POINT('',(196.49768508518,-73.85767606627,
    -18.93212034898));
#1983 = ORIENTED_EDGE('',*,*,#1984,.T.);
#1984 = EDGE_CURVE('',#1977,#1985,#1987,.T.);
#1985 = VERTEX_POINT('',#1986);
#1986 = CARTESIAN_POINT('',(196.49768508518,-74.74646198282,
    -19.17026981756));
#1987 = LINE('',#1988,#1989);
#1988 = CARTESIAN_POINT('',(196.49768508518,-73.85767606627,
    -18.93212034898));
#1989 = VECTOR('',#1990,1.);
#1990 = DIRECTION('',(-0.,-0.965925826289,-0.258819045103));
#1991 = ORIENTED_EDGE('',*,*,#1992,.T.);
#1992 = EDGE_CURVE('',#1985,#1993,#1995,.T.);
#1993 = VERTEX_POINT('',#1994);
#1994 = CARTESIAN_POINT('',(196.67534712222,-74.97927917417,
    -19.23265299597));
#1995 = B_SPLINE_CURVE_WITH_KNOTS('',2,(#1996,#1997,#1998),
  .UNSPECIFIED.,.F.,.F.,(3,3),(0.,1.),.PIECEWISE_BEZIER_KNOTS.);
#1996 = CARTESIAN_POINT('',(196.49768508518,-74.74646198282,
    -19.17026981756));
#1997 = CARTESIAN_POINT('',(196.49768508518,-74.97927917417,
    -19.23265299597));
#1998 = CARTESIAN_POINT('',(196.67534712222,-74.97927917417,
    -19.23265299597));
#1999 = ORIENTED_EDGE('',*,*,#2000,.T.);
#2000 = EDGE_CURVE('',#1993,#2001,#2003,.T.);
#2001 = VERTEX_POINT('',#2002);
#2002 = CARTESIAN_POINT('',(196.86226841851,-74.77385224062,
    -19.17760901502));
#2003 = B_SPLINE_CURVE_WITH_KNOTS('',2,(#2004,#2005,#2006),
  .UNSPECIFIED.,.F.,.F.,(3,3),(0.,1.),.PIECEWISE_BEZIER_KNOTS.);
#2004 = CARTESIAN_POINT('',(196.67534712222,-74.97927917417,
    -19.23265299597));
#2005 = CARTESIAN_POINT('',(196.85329851111,-74.97927917417,
    -19.23265299597));
#2006 = CARTESIAN_POINT('',(196.86226841851,-74.77385224062,
    -19.17760901502));
#2007 = ORIENTED_EDGE('',*,*,#2008,.T.);
#2008 = EDGE_CURVE('',#2001,#2009,#2011,.T.);
#2009 = VERTEX_POINT('',#2010);
#2010 = CARTESIAN_POINT('',(197.25347212222,-74.13213762918,
    -19.00566210311));
#2011 = B_SPLINE_CURVE_WITH_KNOTS('',2,(#2012,#2013,#2014),
  .UNSPECIFIED.,.F.,.F.,(3,3),(0.,1.),.PIECEWISE_BEZIER_KNOTS.);
#2012 = CARTESIAN_POINT('',(196.86226841851,-74.77385224062,
    -19.17760901502));
#2013 = CARTESIAN_POINT('',(196.88888878888,-74.38871167678,
    -19.07441091197));
#2014 = CARTESIAN_POINT('',(197.25347212222,-74.13213762918,
    -19.00566210311));
#2015 = ORIENTED_EDGE('',*,*,#2016,.T.);
#2016 = EDGE_CURVE('',#2009,#2017,#2019,.T.);
#2017 = VERTEX_POINT('',#2018);
#2018 = CARTESIAN_POINT('',(198.1333911037,-73.87528408914,
    -18.93683840449));
#2019 = B_SPLINE_CURVE_WITH_KNOTS('',2,(#2020,#2021,#2022),
  .UNSPECIFIED.,.F.,.F.,(3,3),(0.,1.),.PIECEWISE_BEZIER_KNOTS.);
#2020 = CARTESIAN_POINT('',(197.25347212222,-74.13213762918,
    -19.00566210311));
#2021 = CARTESIAN_POINT('',(197.6177661037,-73.87528408914,
    -18.93683840449));
#2022 = CARTESIAN_POINT('',(198.1333911037,-73.87528408914,
    -18.93683840449));
#2023 = ORIENTED_EDGE('',*,*,#2024,.T.);
#2024 = EDGE_CURVE('',#2017,#2025,#2027,.T.);
#2025 = VERTEX_POINT('',#2026);
#2026 = CARTESIAN_POINT('',(199.04456008518,-74.15785093242,
    -19.01255196195));
#2027 = B_SPLINE_CURVE_WITH_KNOTS('',2,(#2028,#2029,#2030),
  .UNSPECIFIED.,.F.,.F.,(3,3),(0.,1.),.PIECEWISE_BEZIER_KNOTS.);
#2028 = CARTESIAN_POINT('',(198.1333911037,-73.87528408914,
    -18.93683840449));
#2029 = CARTESIAN_POINT('',(198.68460638148,-73.87528408914,
    -18.93683840449));
#2030 = CARTESIAN_POINT('',(199.04456008518,-74.15785093242,
    -19.01255196195));
#2031 = ORIENTED_EDGE('',*,*,#2032,.T.);
#2032 = EDGE_CURVE('',#2025,#2033,#2035,.T.);
#2033 = VERTEX_POINT('',#2034);
#2034 = CARTESIAN_POINT('',(199.40451378888,-74.85937692316,
    -19.20052528464));
#2035 = B_SPLINE_CURVE_WITH_KNOTS('',2,(#2036,#2037,#2038),
  .UNSPECIFIED.,.F.,.F.,(3,3),(0.,1.),.PIECEWISE_BEZIER_KNOTS.);
#2036 = CARTESIAN_POINT('',(199.04456008518,-74.15785093242,
    -19.01255196195));
#2037 = CARTESIAN_POINT('',(199.40451378888,-74.44013828328,
    -19.08819062965));
#2038 = CARTESIAN_POINT('',(199.40451378888,-74.85937692316,
    -19.20052528464));
#2039 = ORIENTED_EDGE('',*,*,#2040,.T.);
#2040 = EDGE_CURVE('',#2033,#2041,#2043,.T.);
#2041 = VERTEX_POINT('',#2042);
#2042 = CARTESIAN_POINT('',(199.17361101111,-75.39851781405,
    -19.34498765096));
#2043 = B_SPLINE_CURVE_WITH_KNOTS('',2,(#2044,#2045,#2046),
  .UNSPECIFIED.,.F.,.F.,(3,3),(0.,1.),.PIECEWISE_BEZIER_KNOTS.);
#2044 = CARTESIAN_POINT('',(199.40451378888,-74.85937692316,
    -19.20052528464));
#2045 = CARTESIAN_POINT('',(199.40451378888,-75.19309088051,
    -19.28994367001));
#2046 = CARTESIAN_POINT('',(199.17361101111,-75.39851781405,
    -19.34498765096));
#2047 = ORIENTED_EDGE('',*,*,#2048,.T.);
#2048 = EDGE_CURVE('',#2041,#2049,#2051,.T.);
#2049 = VERTEX_POINT('',#2050);
#2050 = CARTESIAN_POINT('',(198.60011564074,-75.67689227093,
    -19.41957786187));
#2051 = B_SPLINE_CURVE_WITH_KNOTS('',2,(#2052,#2053,#2054),
  .UNSPECIFIED.,.F.,.F.,(3,3),(0.,1.),.PIECEWISE_BEZIER_KNOTS.);
#2052 = CARTESIAN_POINT('',(199.17361101111,-75.39851781405,
    -19.34498765096));
#2053 = CARTESIAN_POINT('',(198.94241888148,-75.60394474759,
    -19.4000316319));
#2054 = CARTESIAN_POINT('',(198.60011564074,-75.67689227093,
    -19.41957786187));
#2055 = ORIENTED_EDGE('',*,*,#2056,.T.);
#2056 = EDGE_CURVE('',#2049,#2057,#2059,.T.);
#2057 = VERTEX_POINT('',#2058);
#2058 = CARTESIAN_POINT('',(197.85329851111,-75.847941636,
    -19.46541040111));
#2059 = B_SPLINE_CURVE_WITH_KNOTS('',2,(#2060,#2061,#2062),
  .UNSPECIFIED.,.F.,.F.,(3,3),(0.,1.),.PIECEWISE_BEZIER_KNOTS.);
#2060 = CARTESIAN_POINT('',(198.60011564074,-75.67689227093,
    -19.41957786187));
#2061 = CARTESIAN_POINT('',(198.2578124,-75.74956030184,-19.43904920207)
  );
#2062 = CARTESIAN_POINT('',(197.85329851111,-75.847941636,
    -19.46541040111));
#2063 = ORIENTED_EDGE('',*,*,#2064,.T.);
#2064 = EDGE_CURVE('',#2057,#2065,#2067,.T.);
#2065 = VERTEX_POINT('',#2066);
#2066 = CARTESIAN_POINT('',(197.10677073333,-76.04917618315,
    -19.51933103551));
#2067 = B_SPLINE_CURVE_WITH_KNOTS('',2,(#2068,#2069,#2070),
  .UNSPECIFIED.,.F.,.F.,(3,3),(0.,1.),.PIECEWISE_BEZIER_KNOTS.);
#2068 = CARTESIAN_POINT('',(197.85329851111,-75.847941636,
    -19.46541040111));
#2069 = CARTESIAN_POINT('',(197.44878462222,-75.94632297016,
    -19.49177160015));
#2070 = CARTESIAN_POINT('',(197.10677073333,-76.04917618315,
    -19.51933103551));
#2071 = ORIENTED_EDGE('',*,*,#2072,.T.);
#2072 = EDGE_CURVE('',#2065,#2073,#2075,.T.);
#2073 = VERTEX_POINT('',#2074);
#2074 = CARTESIAN_POINT('',(196.53327536296,-76.43850913338,
    -19.62365248511));
#2075 = B_SPLINE_CURVE_WITH_KNOTS('',2,(#2076,#2077,#2078),
  .UNSPECIFIED.,.F.,.F.,(3,3),(0.,1.),.PIECEWISE_BEZIER_KNOTS.);
#2076 = CARTESIAN_POINT('',(197.10677073333,-76.04917618315,
    -19.51933103551));
#2077 = CARTESIAN_POINT('',(196.76446749259,-76.1517499037,
    -19.54681558109));
#2078 = CARTESIAN_POINT('',(196.53327536296,-76.43850913338,
    -19.62365248511));
#2079 = ORIENTED_EDGE('',*,*,#2080,.T.);
#2080 = EDGE_CURVE('',#2073,#2081,#2083,.T.);
#2081 = VERTEX_POINT('',#2082);
#2082 = CARTESIAN_POINT('',(196.30208323333,-77.16155604097,
    -19.81739232009));
#2083 = B_SPLINE_CURVE_WITH_KNOTS('',2,(#2084,#2085,#2086),
  .UNSPECIFIED.,.F.,.F.,(3,3),(0.,1.),.PIECEWISE_BEZIER_KNOTS.);
#2084 = CARTESIAN_POINT('',(196.53327536296,-76.43850913338,
    -19.62365248511));
#2085 = CARTESIAN_POINT('',(196.30208323333,-76.72498887064,
    -19.70041449935));
#2086 = CARTESIAN_POINT('',(196.30208323333,-77.16155604097,
    -19.81739232009));
#2087 = ORIENTED_EDGE('',*,*,#2088,.T.);
#2088 = EDGE_CURVE('',#2081,#2089,#2091,.T.);
#2089 = VERTEX_POINT('',#2090);
#2090 = CARTESIAN_POINT('',(196.81770823333,-78.19344207993,
    -20.09388535091));
#2091 = B_SPLINE_CURVE_WITH_KNOTS('',2,(#2092,#2093,#2094),
  .UNSPECIFIED.,.F.,.F.,(3,3),(0.,1.),.PIECEWISE_BEZIER_KNOTS.);
#2092 = CARTESIAN_POINT('',(196.30208323333,-77.16155604097,
    -19.81739232009));
#2093 = CARTESIAN_POINT('',(196.30208323333,-77.78929603108,
    -19.98559474349));
#2094 = CARTESIAN_POINT('',(196.81770823333,-78.19344207993,
    -20.09388535091));
#2095 = ORIENTED_EDGE('',*,*,#2096,.T.);
#2096 = EDGE_CURVE('',#2089,#2097,#2099,.T.);
#2097 = VERTEX_POINT('',#2098);
#2098 = CARTESIAN_POINT('',(198.1333911037,-78.59758812878,
    -20.20217595832));
#2099 = B_SPLINE_CURVE_WITH_KNOTS('',2,(#2100,#2101,#2102),
  .UNSPECIFIED.,.F.,.F.,(3,3),(0.,1.),.PIECEWISE_BEZIER_KNOTS.);
#2100 = CARTESIAN_POINT('',(196.81770823333,-78.19344207993,
    -20.09388535091));
#2101 = CARTESIAN_POINT('',(197.33333323333,-78.59758812878,
    -20.20217595832));
#2102 = CARTESIAN_POINT('',(198.1333911037,-78.59758812878,
    -20.20217595832));
#2103 = ORIENTED_EDGE('',*,*,#2104,.T.);
#2104 = EDGE_CURVE('',#2097,#2105,#2107,.T.);
#2105 = VERTEX_POINT('',#2106);
#2106 = CARTESIAN_POINT('',(199.63541656666,-77.97459950991,
    -20.035246661));
#2107 = B_SPLINE_CURVE_WITH_KNOTS('',2,(#2108,#2109,#2110),
  .UNSPECIFIED.,.F.,.F.,(3,3),(0.,1.),.PIECEWISE_BEZIER_KNOTS.);
#2108 = CARTESIAN_POINT('',(198.1333911037,-78.59758812878,
    -20.20217595832));
#2109 = CARTESIAN_POINT('',(199.07552073333,-78.59758812878,
    -20.20217595832));
#2110 = CARTESIAN_POINT('',(199.63541656666,-77.97459950991,
    -20.035246661));
#2111 = ORIENTED_EDGE('',*,*,#2112,.T.);
#2112 = EDGE_CURVE('',#2105,#2113,#2115,.T.);
#2113 = VERTEX_POINT('',#2114);
#2114 = CARTESIAN_POINT('',(199.63541656666,-78.22306827715,
    -20.10182366653));
#2115 = LINE('',#2116,#2117);
#2116 = CARTESIAN_POINT('',(199.63541656666,-77.97459950991,
    -20.035246661));
#2117 = VECTOR('',#2118,1.);
#2118 = DIRECTION('',(-0.,-0.965925826289,-0.258819045103));
#2119 = ORIENTED_EDGE('',*,*,#2120,.T.);
#2120 = EDGE_CURVE('',#2113,#2121,#2123,.T.);
#2121 = VERTEX_POINT('',#2122);
#2122 = CARTESIAN_POINT('',(199.82204851111,-78.45448800636,
    -20.16383239608));
#2123 = B_SPLINE_CURVE_WITH_KNOTS('',2,(#2124,#2125,#2126),
  .UNSPECIFIED.,.F.,.F.,(3,3),(0.,1.),.PIECEWISE_BEZIER_KNOTS.);
#2124 = CARTESIAN_POINT('',(199.63541656666,-78.22306827715,
    -20.10182366653));
#2125 = CARTESIAN_POINT('',(199.63541656666,-78.45448800636,
    -20.16383239608));
#2126 = CARTESIAN_POINT('',(199.82204851111,-78.45448800636,
    -20.16383239608));
#2127 = ORIENTED_EDGE('',*,*,#2128,.T.);
#2128 = EDGE_CURVE('',#2121,#2129,#2131,.T.);
#2129 = VERTEX_POINT('',#2130);
#2130 = CARTESIAN_POINT('',(199.9999999,-78.22334776958,-20.1018985563)
  );
#2131 = B_SPLINE_CURVE_WITH_KNOTS('',2,(#2132,#2133,#2134),
  .UNSPECIFIED.,.F.,.F.,(3,3),(0.,1.),.PIECEWISE_BEZIER_KNOTS.);
#2132 = CARTESIAN_POINT('',(199.82204851111,-78.45448800636,
    -20.16383239608));
#2133 = CARTESIAN_POINT('',(199.9999999,-78.45448800636,-20.16383239608)
  );
#2134 = CARTESIAN_POINT('',(199.9999999,-78.22334776958,-20.1018985563)
  );
#2135 = ORIENTED_EDGE('',*,*,#2136,.T.);
#2136 = EDGE_CURVE('',#2129,#2137,#2139,.T.);
#2137 = VERTEX_POINT('',#2138);
#2138 = CARTESIAN_POINT('',(199.9999999,-77.26440925395,-19.84495175544)
  );
#2139 = LINE('',#2140,#2141);
#2140 = CARTESIAN_POINT('',(199.9999999,-78.22334776958,-20.1018985563)
  );
#2141 = VECTOR('',#2142,1.);
#2142 = DIRECTION('',(0.,0.965925826289,0.258819045103));
#2143 = ORIENTED_EDGE('',*,*,#2144,.T.);
#2144 = EDGE_CURVE('',#2137,#2145,#2147,.T.);
#2145 = VERTEX_POINT('',#2146);
#2146 = CARTESIAN_POINT('',(199.81336795555,-77.03326901716,
    -19.78301791566));
#2147 = B_SPLINE_CURVE_WITH_KNOTS('',2,(#2148,#2149,#2150),
  .UNSPECIFIED.,.F.,.F.,(3,3),(0.,1.),.PIECEWISE_BEZIER_KNOTS.);
#2148 = CARTESIAN_POINT('',(199.9999999,-77.26440925395,-19.84495175544)
  );
#2149 = CARTESIAN_POINT('',(199.9999999,-77.03326901716,-19.78301791566)
  );
#2150 = CARTESIAN_POINT('',(199.81336795555,-77.03326901716,
    -19.78301791566));
#2151 = ORIENTED_EDGE('',*,*,#2152,.T.);
#2152 = EDGE_CURVE('',#2145,#2153,#2155,.T.);
#2153 = VERTEX_POINT('',#2154);
#2154 = CARTESIAN_POINT('',(199.63541656666,-77.23869595071,
    -19.8380618966));
#2155 = B_SPLINE_CURVE_WITH_KNOTS('',2,(#2156,#2157,#2158),
  .UNSPECIFIED.,.F.,.F.,(3,3),(0.,1.),.PIECEWISE_BEZIER_KNOTS.);
#2156 = CARTESIAN_POINT('',(199.81336795555,-77.03326901716,
    -19.78301791566));
#2157 = CARTESIAN_POINT('',(199.64438647407,-77.03326901716,
    -19.78301791566));
#2158 = CARTESIAN_POINT('',(199.63541656666,-77.23869595071,
    -19.8380618966));
#2159 = ORIENTED_EDGE('',*,*,#2160,.T.);
#2160 = EDGE_CURVE('',#2153,#2161,#2163,.T.);
#2161 = VERTEX_POINT('',#2162);
#2162 = CARTESIAN_POINT('',(199.18229156666,-77.94888620667,
    -20.02835680216));
#2163 = B_SPLINE_CURVE_WITH_KNOTS('',2,(#2164,#2165,#2166),
  .UNSPECIFIED.,.F.,.F.,(3,3),(0.,1.),.PIECEWISE_BEZIER_KNOTS.);
#2164 = CARTESIAN_POINT('',(199.63541656666,-77.23869595071,
    -19.8380618966));
#2165 = CARTESIAN_POINT('',(199.6177661037,-77.65793459059,
    -19.9503965516));
#2166 = CARTESIAN_POINT('',(199.18229156666,-77.94888620667,
    -20.02835680216));
#2167 = ORIENTED_EDGE('',*,*,#2168,.T.);
#2168 = EDGE_CURVE('',#2161,#2169,#2171,.T.);
#2169 = VERTEX_POINT('',#2170);
#2170 = CARTESIAN_POINT('',(198.14207165925,-78.23983782274,
    -20.10631705273));
#2171 = B_SPLINE_CURVE_WITH_KNOTS('',2,(#2172,#2173,#2174),
  .UNSPECIFIED.,.F.,.F.,(3,3),(0.,1.),.PIECEWISE_BEZIER_KNOTS.);
#2172 = CARTESIAN_POINT('',(199.18229156666,-77.94888620667,
    -20.02835680216));
#2173 = CARTESIAN_POINT('',(198.74652767777,-78.23983782274,
    -20.10631705273));
#2174 = CARTESIAN_POINT('',(198.14207165925,-78.23983782274,
    -20.10631705273));
#2175 = ORIENTED_EDGE('',*,*,#2176,.T.);
#2176 = EDGE_CURVE('',#2169,#1879,#2177,.T.);
#2177 = B_SPLINE_CURVE_WITH_KNOTS('',2,(#2178,#2179,#2180),
  .UNSPECIFIED.,.F.,.F.,(3,3),(0.,1.),.PIECEWISE_BEZIER_KNOTS.);
#2178 = CARTESIAN_POINT('',(198.14207165925,-78.23983782274,
    -20.10631705273));
#2179 = CARTESIAN_POINT('',(197.51996517777,-78.23983782274,
    -20.10631705273));
#2180 = CARTESIAN_POINT('',(197.10677073333,-77.92764478225,
    -20.02266517964));
#2181 = FACE_BOUND('',#2182,.T.);
#2182 = EDGE_LOOP('',(#2183,#2193,#2201,#2209,#2217,#2225,#2233,#2241,
    #2249,#2257,#2265,#2273,#2281,#2289,#2297,#2305,#2313,#2321,#2329,
    #2337,#2345,#2353,#2361,#2369,#2377,#2385,#2393,#2401,#2409,#2417,
    #2425,#2433,#2441,#2449,#2457,#2465,#2473));
#2183 = ORIENTED_EDGE('',*,*,#2184,.T.);
#2184 = EDGE_CURVE('',#2185,#2187,#2189,.T.);
#2185 = VERTEX_POINT('',#2186);
#2186 = CARTESIAN_POINT('',(186.5245948074,-78.0165233739,-20.0464801265
    ));
#2187 = VERTEX_POINT('',#2188);
#2188 = CARTESIAN_POINT('',(186.1333911037,-77.44943324035,
    -19.89452878318));
#2189 = B_SPLINE_CURVE_WITH_KNOTS('',2,(#2190,#2191,#2192),
  .UNSPECIFIED.,.F.,.F.,(3,3),(0.,1.),.PIECEWISE_BEZIER_KNOTS.);
#2190 = CARTESIAN_POINT('',(186.5245948074,-78.0165233739,-20.0464801265
    ));
#2191 = CARTESIAN_POINT('',(186.1333911037,-77.79320892506,
    -19.98664320027));
#2192 = CARTESIAN_POINT('',(186.1333911037,-77.44943324035,
    -19.89452878318));
#2193 = ORIENTED_EDGE('',*,*,#2194,.T.);
#2194 = EDGE_CURVE('',#2187,#2195,#2197,.T.);
#2195 = VERTEX_POINT('',#2196);
#2196 = CARTESIAN_POINT('',(186.43576378888,-76.95976250897,
    -19.76332190615));
#2197 = B_SPLINE_CURVE_WITH_KNOTS('',2,(#2198,#2199,#2200),
  .UNSPECIFIED.,.F.,.F.,(3,3),(0.,1.),.PIECEWISE_BEZIER_KNOTS.);
#2198 = CARTESIAN_POINT('',(186.1333911037,-77.44943324035,
    -19.89452878318));
#2199 = CARTESIAN_POINT('',(186.1333911037,-77.13165035132,
    -19.8093791147));
#2200 = CARTESIAN_POINT('',(186.43576378888,-76.95976250897,
    -19.76332190615));
#2201 = ORIENTED_EDGE('',*,*,#2202,.T.);
#2202 = EDGE_CURVE('',#2195,#2203,#2205,.T.);
#2203 = VERTEX_POINT('',#2204);
#2204 = CARTESIAN_POINT('',(187.1646411037,-76.72387090093,
    -19.70011494027));
#2205 = B_SPLINE_CURVE_WITH_KNOTS('',2,(#2206,#2207,#2208),
  .UNSPECIFIED.,.F.,.F.,(3,3),(0.,1.),.PIECEWISE_BEZIER_KNOTS.);
#2206 = CARTESIAN_POINT('',(186.43576378888,-76.95976250897,
    -19.76332190615));
#2207 = CARTESIAN_POINT('',(186.73784712222,-76.78787466662,
    -19.7172646976));
#2208 = CARTESIAN_POINT('',(187.1646411037,-76.72387090093,
    -19.70011494027));
#2209 = ORIENTED_EDGE('',*,*,#2210,.T.);
#2210 = EDGE_CURVE('',#2203,#2211,#2213,.T.);
#2211 = VERTEX_POINT('',#2212);
#2212 = CARTESIAN_POINT('',(188.01793971481,-76.59558387713,
    -19.66574053585));
#2213 = B_SPLINE_CURVE_WITH_KNOTS('',2,(#2214,#2215,#2216),
  .UNSPECIFIED.,.F.,.F.,(3,3),(0.,1.),.PIECEWISE_BEZIER_KNOTS.);
#2214 = CARTESIAN_POINT('',(187.1646411037,-76.72387090093,
    -19.70011494027));
#2215 = CARTESIAN_POINT('',(187.59114573333,-76.65958764281,
    -19.68289029318));
#2216 = CARTESIAN_POINT('',(188.01793971481,-76.59558387713,
    -19.66574053585));
#2217 = ORIENTED_EDGE('',*,*,#2218,.T.);
#2218 = EDGE_CURVE('',#2211,#2219,#2221,.T.);
#2219 = VERTEX_POINT('',#2220);
#2220 = CARTESIAN_POINT('',(188.74681702963,-76.31748891267,
    -19.5912252147));
#2221 = B_SPLINE_CURVE_WITH_KNOTS('',2,(#2222,#2223,#2224),
  .UNSPECIFIED.,.F.,.F.,(3,3),(0.,1.),.PIECEWISE_BEZIER_KNOTS.);
#2222 = CARTESIAN_POINT('',(188.01793971481,-76.59558387713,
    -19.66574053585));
#2223 = CARTESIAN_POINT('',(188.44444434444,-76.53130061901,
    -19.64851588875));
#2224 = CARTESIAN_POINT('',(188.74681702963,-76.31748891267,
    -19.5912252147));
#2225 = ORIENTED_EDGE('',*,*,#2226,.T.);
#2226 = EDGE_CURVE('',#2219,#2227,#2229,.T.);
#2227 = VERTEX_POINT('',#2228);
#2228 = CARTESIAN_POINT('',(189.04890036296,-75.72692141529,
    -19.4329831307));
#2229 = B_SPLINE_CURVE_WITH_KNOTS('',2,(#2230,#2231,#2232),
  .UNSPECIFIED.,.F.,.F.,(3,3),(0.,1.),.PIECEWISE_BEZIER_KNOTS.);
#2230 = CARTESIAN_POINT('',(188.74681702963,-76.31748891267,
    -19.5912252147));
#2231 = CARTESIAN_POINT('',(189.04890036296,-76.1033977139,
    -19.53385965089));
#2232 = CARTESIAN_POINT('',(189.04890036296,-75.72692141529,
    -19.4329831307));
#2233 = ORIENTED_EDGE('',*,*,#2234,.T.);
#2234 = EDGE_CURVE('',#2227,#2235,#2237,.T.);
#2235 = VERTEX_POINT('',#2236);
#2236 = CARTESIAN_POINT('',(188.6177661037,-75.02791085639,
    -19.24568381594));
#2237 = B_SPLINE_CURVE_WITH_KNOTS('',2,(#2238,#2239,#2240),
  .UNSPECIFIED.,.F.,.F.,(3,3),(0.,1.),.PIECEWISE_BEZIER_KNOTS.);
#2238 = CARTESIAN_POINT('',(189.04890036296,-75.72692141529,
    -19.4329831307));
#2239 = CARTESIAN_POINT('',(189.04890036296,-75.30404937386,
    -19.3196749087));
#2240 = CARTESIAN_POINT('',(188.6177661037,-75.02791085639,
    -19.24568381594));
#2241 = ORIENTED_EDGE('',*,*,#2242,.T.);
#2242 = EDGE_CURVE('',#2235,#2243,#2245,.T.);
#2243 = VERTEX_POINT('',#2244);
#2244 = CARTESIAN_POINT('',(187.52893508518,-74.75177233892,
    -19.17169272319));
#2245 = B_SPLINE_CURVE_WITH_KNOTS('',2,(#2246,#2247,#2248),
  .UNSPECIFIED.,.F.,.F.,(3,3),(0.,1.),.PIECEWISE_BEZIER_KNOTS.);
#2246 = CARTESIAN_POINT('',(188.6177661037,-75.02791085639,
    -19.24568381594));
#2247 = CARTESIAN_POINT('',(188.18663184444,-74.75177233892,
    -19.17169272319));
#2248 = CARTESIAN_POINT('',(187.52893508518,-74.75177233892,
    -19.17169272319));
#2249 = ORIENTED_EDGE('',*,*,#2250,.T.);
#2250 = EDGE_CURVE('',#2243,#2251,#2253,.T.);
#2251 = VERTEX_POINT('',#2252);
#2252 = CARTESIAN_POINT('',(186.31105314074,-75.15228498622,
    -19.27900976359));
#2253 = B_SPLINE_CURVE_WITH_KNOTS('',2,(#2254,#2255,#2256),
  .UNSPECIFIED.,.F.,.F.,(3,3),(0.,1.),.PIECEWISE_BEZIER_KNOTS.);
#2254 = CARTESIAN_POINT('',(187.52893508518,-74.75177233892,
    -19.17169272319));
#2255 = CARTESIAN_POINT('',(186.7734374,-74.75177233892,-19.17169272319)
  );
#2256 = CARTESIAN_POINT('',(186.31105314074,-75.15228498622,
    -19.27900976359));
#2257 = ORIENTED_EDGE('',*,*,#2258,.T.);
#2258 = EDGE_CURVE('',#2251,#2259,#2261,.T.);
#2259 = VERTEX_POINT('',#2260);
#2260 = CARTESIAN_POINT('',(186.31105314074,-75.11790741775,
    -19.26979832188));
#2261 = LINE('',#2262,#2263);
#2262 = CARTESIAN_POINT('',(186.31105314074,-75.15228498622,
    -19.27900976359));
#2263 = VECTOR('',#2264,1.);
#2264 = DIRECTION('',(0.,0.965925826289,0.258819045103));
#2265 = ORIENTED_EDGE('',*,*,#2266,.T.);
#2266 = EDGE_CURVE('',#2259,#2267,#2269,.T.);
#2267 = VERTEX_POINT('',#2268);
#2268 = CARTESIAN_POINT('',(186.12442119629,-74.87698494603,
    -19.20524334015));
#2269 = B_SPLINE_CURVE_WITH_KNOTS('',2,(#2270,#2271,#2272),
  .UNSPECIFIED.,.F.,.F.,(3,3),(0.,1.),.PIECEWISE_BEZIER_KNOTS.);
#2270 = CARTESIAN_POINT('',(186.31105314074,-75.11790741775,
    -19.26979832188));
#2271 = CARTESIAN_POINT('',(186.31105314074,-74.87698494603,
    -19.20524334015));
#2272 = CARTESIAN_POINT('',(186.12442119629,-74.87698494603,
    -19.20524334015));
#2273 = ORIENTED_EDGE('',*,*,#2274,.T.);
#2274 = EDGE_CURVE('',#2267,#2275,#2277,.T.);
#2275 = VERTEX_POINT('',#2276);
#2276 = CARTESIAN_POINT('',(185.9464698074,-75.1173484329,
    -19.26964854234));
#2277 = B_SPLINE_CURVE_WITH_KNOTS('',2,(#2278,#2279,#2280),
  .UNSPECIFIED.,.F.,.F.,(3,3),(0.,1.),.PIECEWISE_BEZIER_KNOTS.);
#2278 = CARTESIAN_POINT('',(186.12442119629,-74.87698494603,
    -19.20524334015));
#2279 = CARTESIAN_POINT('',(185.9464698074,-74.87698494603,
    -19.20524334015));
#2280 = CARTESIAN_POINT('',(185.9464698074,-75.1173484329,
    -19.26964854234));
#2281 = ORIENTED_EDGE('',*,*,#2282,.T.);
#2282 = EDGE_CURVE('',#2275,#2283,#2285,.T.);
#2283 = VERTEX_POINT('',#2284);
#2284 = CARTESIAN_POINT('',(185.9464698074,-75.70959288484,
    -19.42833996496));
#2285 = LINE('',#2286,#2287);
#2286 = CARTESIAN_POINT('',(185.9464698074,-75.1173484329,
    -19.26964854234));
#2287 = VECTOR('',#2288,1.);
#2288 = DIRECTION('',(0.,-0.965925826289,-0.258819045103));
#2289 = ORIENTED_EDGE('',*,*,#2290,.T.);
#2290 = EDGE_CURVE('',#2283,#2291,#2293,.T.);
#2291 = VERTEX_POINT('',#2292);
#2292 = CARTESIAN_POINT('',(186.12442119629,-75.94129210648,
    -19.49042358429));
#2293 = B_SPLINE_CURVE_WITH_KNOTS('',2,(#2294,#2295,#2296),
  .UNSPECIFIED.,.F.,.F.,(3,3),(0.,1.),.PIECEWISE_BEZIER_KNOTS.);
#2294 = CARTESIAN_POINT('',(185.9464698074,-75.70959288484,
    -19.42833996496));
#2295 = CARTESIAN_POINT('',(185.9464698074,-75.94129210648,
    -19.49042358429));
#2296 = CARTESIAN_POINT('',(186.12442119629,-75.94129210648,
    -19.49042358429));
#2297 = ORIENTED_EDGE('',*,*,#2298,.T.);
#2298 = EDGE_CURVE('',#2291,#2299,#2301,.T.);
#2299 = VERTEX_POINT('',#2300);
#2300 = CARTESIAN_POINT('',(186.31105314074,-75.74397045331,
    -19.43755140667));
#2301 = B_SPLINE_CURVE_WITH_KNOTS('',2,(#2302,#2303,#2304),
  .UNSPECIFIED.,.F.,.F.,(3,3),(0.,1.),.PIECEWISE_BEZIER_KNOTS.);
#2302 = CARTESIAN_POINT('',(186.12442119629,-75.94129210648,
    -19.49042358429));
#2303 = CARTESIAN_POINT('',(186.28443277037,-75.94129210648,
    -19.49042358429));
#2304 = CARTESIAN_POINT('',(186.31105314074,-75.74397045331,
    -19.43755140667));
#2305 = ORIENTED_EDGE('',*,*,#2306,.T.);
#2306 = EDGE_CURVE('',#2299,#2307,#2309,.T.);
#2307 = VERTEX_POINT('',#2308);
#2308 = CARTESIAN_POINT('',(186.66666656666,-75.28113099488,
    -19.31353394756));
#2309 = B_SPLINE_CURVE_WITH_KNOTS('',2,(#2310,#2311,#2312),
  .UNSPECIFIED.,.F.,.F.,(3,3),(0.,1.),.PIECEWISE_BEZIER_KNOTS.);
#2310 = CARTESIAN_POINT('',(186.31105314074,-75.74397045331,
    -19.43755140667));
#2311 = CARTESIAN_POINT('',(186.34664341851,-75.45245985238,
    -19.35944137657));
#2312 = CARTESIAN_POINT('',(186.66666656666,-75.28113099488,
    -19.31353394756));
#2313 = ORIENTED_EDGE('',*,*,#2314,.T.);
#2314 = EDGE_CURVE('',#2307,#2315,#2317,.T.);
#2315 = VERTEX_POINT('',#2316);
#2316 = CARTESIAN_POINT('',(187.4933448074,-75.10952264496,
    -19.26755162878));
#2317 = B_SPLINE_CURVE_WITH_KNOTS('',2,(#2318,#2319,#2320),
  .UNSPECIFIED.,.F.,.F.,(3,3),(0.,1.),.PIECEWISE_BEZIER_KNOTS.);
#2318 = CARTESIAN_POINT('',(186.66666656666,-75.28113099488,
    -19.31353394756));
#2319 = CARTESIAN_POINT('',(186.98668971481,-75.10952264496,
    -19.26755162878));
#2320 = CARTESIAN_POINT('',(187.4933448074,-75.10952264496,
    -19.26755162878));
#2321 = ORIENTED_EDGE('',*,*,#2322,.T.);
#2322 = EDGE_CURVE('',#2315,#2323,#2325,.T.);
#2323 = VERTEX_POINT('',#2324);
#2324 = CARTESIAN_POINT('',(188.32002304814,-75.29426713893,
    -19.31705376675));
#2325 = B_SPLINE_CURVE_WITH_KNOTS('',2,(#2326,#2327,#2328),
  .UNSPECIFIED.,.F.,.F.,(3,3),(0.,1.),.PIECEWISE_BEZIER_KNOTS.);
#2326 = CARTESIAN_POINT('',(187.4933448074,-75.10952264496,
    -19.26755162878));
#2327 = CARTESIAN_POINT('',(187.99102999259,-75.10952264496,
    -19.26755162878));
#2328 = CARTESIAN_POINT('',(188.32002304814,-75.29426713893,
    -19.31705376675));
#2329 = ORIENTED_EDGE('',*,*,#2330,.T.);
#2330 = EDGE_CURVE('',#2323,#2331,#2333,.T.);
#2331 = VERTEX_POINT('',#2332);
#2332 = CARTESIAN_POINT('',(188.64872675185,-75.75347319582,
    -19.44009765885));
#2333 = B_SPLINE_CURVE_WITH_KNOTS('',2,(#2334,#2335,#2336),
  .UNSPECIFIED.,.F.,.F.,(3,3),(0.,1.),.PIECEWISE_BEZIER_KNOTS.);
#2334 = CARTESIAN_POINT('',(188.32002304814,-75.29426713893,
    -19.31705376675));
#2335 = CARTESIAN_POINT('',(188.64872675185,-75.47873214048,
    -19.36648101495));
#2336 = CARTESIAN_POINT('',(188.64872675185,-75.75347319582,
    -19.44009765885));
#2337 = ORIENTED_EDGE('',*,*,#2338,.T.);
#2338 = EDGE_CURVE('',#2331,#2339,#2341,.T.);
#2339 = VERTEX_POINT('',#2340);
#2340 = CARTESIAN_POINT('',(188.34664341851,-76.14839599458,
    -19.54591690385));
#2341 = B_SPLINE_CURVE_WITH_KNOTS('',2,(#2342,#2343,#2344),
  .UNSPECIFIED.,.F.,.F.,(3,3),(0.,1.),.PIECEWISE_BEZIER_KNOTS.);
#2342 = CARTESIAN_POINT('',(188.64872675185,-75.75347319582,
    -19.44009765885));
#2343 = CARTESIAN_POINT('',(188.64872675185,-76.0108857207,
    -19.50907113702));
#2344 = CARTESIAN_POINT('',(188.34664341851,-76.14839599458,
    -19.54591690385));
#2345 = ORIENTED_EDGE('',*,*,#2346,.T.);
#2346 = EDGE_CURVE('',#2339,#2347,#2349,.T.);
#2347 = VERTEX_POINT('',#2348);
#2348 = CARTESIAN_POINT('',(187.6177661037,-76.3535434357,
    -19.60088599503));
#2349 = B_SPLINE_CURVE_WITH_KNOTS('',2,(#2350,#2351,#2352),
  .UNSPECIFIED.,.F.,.F.,(3,3),(0.,1.),.PIECEWISE_BEZIER_KNOTS.);
#2350 = CARTESIAN_POINT('',(188.34664341851,-76.14839599458,
    -19.54591690385));
#2351 = CARTESIAN_POINT('',(188.04427073333,-76.28562677604,
    -19.58268778092));
#2352 = CARTESIAN_POINT('',(187.6177661037,-76.3535434357,
    -19.60088599503));
#2353 = ORIENTED_EDGE('',*,*,#2354,.T.);
#2354 = EDGE_CURVE('',#2347,#2355,#2357,.T.);
#2355 = VERTEX_POINT('',#2356);
#2356 = CARTESIAN_POINT('',(186.76446749259,-76.4902152323,
    -19.63750709256));
#2357 = B_SPLINE_CURVE_WITH_KNOTS('',2,(#2358,#2359,#2360),
  .UNSPECIFIED.,.F.,.F.,(3,3),(0.,1.),.PIECEWISE_BEZIER_KNOTS.);
#2358 = CARTESIAN_POINT('',(187.6177661037,-76.3535434357,
    -19.60088599503));
#2359 = CARTESIAN_POINT('',(187.19097212222,-76.42118060293,
    -19.61900931937));
#2360 = CARTESIAN_POINT('',(186.76446749259,-76.4902152323,
    -19.63750709256));
#2361 = ORIENTED_EDGE('',*,*,#2362,.T.);
#2362 = EDGE_CURVE('',#2355,#2363,#2365,.T.);
#2363 = VERTEX_POINT('',#2364);
#2364 = CARTESIAN_POINT('',(186.03559017777,-76.80380573493,
    -19.72153341449));
#2365 = B_SPLINE_CURVE_WITH_KNOTS('',2,(#2366,#2367,#2368),
  .UNSPECIFIED.,.F.,.F.,(3,3),(0.,1.),.PIECEWISE_BEZIER_KNOTS.);
#2366 = CARTESIAN_POINT('',(186.76446749259,-76.4902152323,
    -19.63750709256));
#2367 = CARTESIAN_POINT('',(186.33767351111,-76.55924986167,
    -19.65600486575));
#2368 = CARTESIAN_POINT('',(186.03559017777,-76.80380573493,
    -19.72153341449));
#2369 = ORIENTED_EDGE('',*,*,#2370,.T.);
#2370 = EDGE_CURVE('',#2363,#2371,#2373,.T.);
#2371 = VERTEX_POINT('',#2372);
#2372 = CARTESIAN_POINT('',(185.73321749259,-77.45949496771,
    -19.8972248149));
#2373 = B_SPLINE_CURVE_WITH_KNOTS('',2,(#2374,#2375,#2376),
  .UNSPECIFIED.,.F.,.F.,(3,3),(0.,1.),.PIECEWISE_BEZIER_KNOTS.);
#2374 = CARTESIAN_POINT('',(186.03559017777,-76.80380573493,
    -19.72153341449));
#2375 = CARTESIAN_POINT('',(185.73321749259,-77.04808211577,
    -19.78698707347));
#2376 = CARTESIAN_POINT('',(185.73321749259,-77.45949496771,
    -19.8972248149));
#2377 = ORIENTED_EDGE('',*,*,#2378,.T.);
#2378 = EDGE_CURVE('',#2371,#2379,#2381,.T.);
#2379 = VERTEX_POINT('',#2380);
#2380 = CARTESIAN_POINT('',(186.2265624,-78.27421539121,-20.11552849444)
  );
#2381 = B_SPLINE_CURVE_WITH_KNOTS('',2,(#2382,#2383,#2384),
  .UNSPECIFIED.,.F.,.F.,(3,3),(0.,1.),.PIECEWISE_BEZIER_KNOTS.);
#2382 = CARTESIAN_POINT('',(185.73321749259,-77.45949496771,
    -19.8972248149));
#2383 = CARTESIAN_POINT('',(185.73321749259,-77.95084265365,
    -20.02888103055));
#2384 = CARTESIAN_POINT('',(186.2265624,-78.27421539121,-20.11552849444)
  );
#2385 = ORIENTED_EDGE('',*,*,#2386,.T.);
#2386 = EDGE_CURVE('',#2379,#2387,#2389,.T.);
#2387 = VERTEX_POINT('',#2388);
#2388 = CARTESIAN_POINT('',(187.47540499259,-78.59758812878,
    -20.20217595832));
#2389 = B_SPLINE_CURVE_WITH_KNOTS('',2,(#2390,#2391,#2392),
  .UNSPECIFIED.,.F.,.F.,(3,3),(0.,1.),.PIECEWISE_BEZIER_KNOTS.);
#2390 = CARTESIAN_POINT('',(186.2265624,-78.27421539121,-20.11552849444)
  );
#2391 = CARTESIAN_POINT('',(186.7199073074,-78.59758812878,
    -20.20217595832));
#2392 = CARTESIAN_POINT('',(187.47540499259,-78.59758812878,
    -20.20217595832));
#2393 = ORIENTED_EDGE('',*,*,#2394,.T.);
#2394 = EDGE_CURVE('',#2387,#2395,#2397,.T.);
#2395 = VERTEX_POINT('',#2396);
#2396 = CARTESIAN_POINT('',(188.87094897407,-78.12832034454,
    -20.0764360345));
#2397 = B_SPLINE_CURVE_WITH_KNOTS('',2,(#2398,#2399,#2400),
  .UNSPECIFIED.,.F.,.F.,(3,3),(0.,1.),.PIECEWISE_BEZIER_KNOTS.);
#2398 = CARTESIAN_POINT('',(187.47540499259,-78.59758812878,
    -20.20217595832));
#2399 = CARTESIAN_POINT('',(188.3287036037,-78.59758812878,
    -20.20217595832));
#2400 = CARTESIAN_POINT('',(188.87094897407,-78.12832034454,
    -20.0764360345));
#2401 = ORIENTED_EDGE('',*,*,#2402,.T.);
#2402 = EDGE_CURVE('',#2395,#2403,#2405,.T.);
#2403 = VERTEX_POINT('',#2404);
#2404 = CARTESIAN_POINT('',(188.87094897407,-78.22278878472,
    -20.10174877676));
#2405 = LINE('',#2406,#2407);
#2406 = CARTESIAN_POINT('',(188.87094897407,-78.12832034454,
    -20.0764360345));
#2407 = VECTOR('',#2408,1.);
#2408 = DIRECTION('',(0.,-0.965925826289,-0.258819045103));
#2409 = ORIENTED_EDGE('',*,*,#2410,.T.);
#2410 = EDGE_CURVE('',#2403,#2411,#2413,.T.);
#2411 = VERTEX_POINT('',#2412);
#2412 = CARTESIAN_POINT('',(189.04890036296,-78.45448800636,
    -20.16383239608));
#2413 = B_SPLINE_CURVE_WITH_KNOTS('',2,(#2414,#2415,#2416),
  .UNSPECIFIED.,.F.,.F.,(3,3),(0.,1.),.PIECEWISE_BEZIER_KNOTS.);
#2414 = CARTESIAN_POINT('',(188.87094897407,-78.22278878472,
    -20.10174877676));
#2415 = CARTESIAN_POINT('',(188.87094897407,-78.45448800636,
    -20.16383239608));
#2416 = CARTESIAN_POINT('',(189.04890036296,-78.45448800636,
    -20.16383239608));
#2417 = ORIENTED_EDGE('',*,*,#2418,.T.);
#2418 = EDGE_CURVE('',#2411,#2419,#2421,.T.);
#2419 = VERTEX_POINT('',#2420);
#2420 = CARTESIAN_POINT('',(189.2355323074,-78.22278878472,
    -20.10174877676));
#2421 = B_SPLINE_CURVE_WITH_KNOTS('',2,(#2422,#2423,#2424),
  .UNSPECIFIED.,.F.,.F.,(3,3),(0.,1.),.PIECEWISE_BEZIER_KNOTS.);
#2422 = CARTESIAN_POINT('',(189.04890036296,-78.45448800636,
    -20.16383239608));
#2423 = CARTESIAN_POINT('',(189.2355323074,-78.45448800636,
    -20.16383239608));
#2424 = CARTESIAN_POINT('',(189.2355323074,-78.22278878472,
    -20.10174877676));
#2425 = ORIENTED_EDGE('',*,*,#2426,.T.);
#2426 = EDGE_CURVE('',#2419,#2427,#2429,.T.);
#2427 = VERTEX_POINT('',#2428);
#2428 = CARTESIAN_POINT('',(189.2355323074,-77.5109215742,
    -19.91100453258));
#2429 = LINE('',#2430,#2431);
#2430 = CARTESIAN_POINT('',(189.2355323074,-78.22278878472,
    -20.10174877676));
#2431 = VECTOR('',#2432,1.);
#2432 = DIRECTION('',(0.,0.965925826289,0.258819045103));
#2433 = ORIENTED_EDGE('',*,*,#2434,.T.);
#2434 = EDGE_CURVE('',#2427,#2435,#2437,.T.);
#2435 = VERTEX_POINT('',#2436);
#2436 = CARTESIAN_POINT('',(189.04890036296,-77.27922235256,
    -19.84892091325));
#2437 = B_SPLINE_CURVE_WITH_KNOTS('',2,(#2438,#2439,#2440),
  .UNSPECIFIED.,.F.,.F.,(3,3),(0.,1.),.PIECEWISE_BEZIER_KNOTS.);
#2438 = CARTESIAN_POINT('',(189.2355323074,-77.5109215742,
    -19.91100453258));
#2439 = CARTESIAN_POINT('',(189.2355323074,-77.27922235256,
    -19.84892091325));
#2440 = CARTESIAN_POINT('',(189.04890036296,-77.27922235256,
    -19.84892091325));
#2441 = ORIENTED_EDGE('',*,*,#2442,.T.);
#2442 = EDGE_CURVE('',#2435,#2443,#2445,.T.);
#2443 = VERTEX_POINT('',#2444);
#2444 = CARTESIAN_POINT('',(188.87094897407,-77.46787974051,
    -19.899471508));
#2445 = B_SPLINE_CURVE_WITH_KNOTS('',2,(#2446,#2447,#2448),
  .UNSPECIFIED.,.F.,.F.,(3,3),(0.,1.),.PIECEWISE_BEZIER_KNOTS.);
#2446 = CARTESIAN_POINT('',(189.04890036296,-77.27922235256,
    -19.84892091325));
#2447 = CARTESIAN_POINT('',(188.87094897407,-77.27922235256,
    -19.84892091325));
#2448 = CARTESIAN_POINT('',(188.87094897407,-77.46787974051,
    -19.899471508));
#2449 = ORIENTED_EDGE('',*,*,#2450,.T.);
#2450 = EDGE_CURVE('',#2443,#2451,#2453,.T.);
#2451 = VERTEX_POINT('',#2452);
#2452 = CARTESIAN_POINT('',(188.87094897407,-77.52797061222,
    -19.91557280855));
#2453 = LINE('',#2454,#2455);
#2454 = CARTESIAN_POINT('',(188.87094897407,-77.46787974051,
    -19.899471508));
#2455 = VECTOR('',#2456,1.);
#2456 = DIRECTION('',(0.,-0.965925826289,-0.258819045103));
#2457 = ORIENTED_EDGE('',*,*,#2458,.T.);
#2458 = EDGE_CURVE('',#2451,#2459,#2461,.T.);
#2459 = VERTEX_POINT('',#2460);
#2460 = CARTESIAN_POINT('',(188.47106471481,-78.02965951795,
    -20.04999994569));
#2461 = B_SPLINE_CURVE_WITH_KNOTS('',2,(#2462,#2463,#2464),
  .UNSPECIFIED.,.F.,.F.,(3,3),(0.,1.),.PIECEWISE_BEZIER_KNOTS.);
#2462 = CARTESIAN_POINT('',(188.87094897407,-77.52797061222,
    -19.91557280855));
#2463 = CARTESIAN_POINT('',(188.87094897407,-77.81948121316,
    -19.99368283865));
#2464 = CARTESIAN_POINT('',(188.47106471481,-78.02965951795,
    -20.04999994569));
#2465 = ORIENTED_EDGE('',*,*,#2466,.T.);
#2466 = EDGE_CURVE('',#2459,#2467,#2469,.T.);
#2467 = VERTEX_POINT('',#2468);
#2468 = CARTESIAN_POINT('',(187.50202536296,-78.23983782274,
    -20.10631705273));
#2469 = B_SPLINE_CURVE_WITH_KNOTS('',2,(#2470,#2471,#2472),
  .UNSPECIFIED.,.F.,.F.,(3,3),(0.,1.),.PIECEWISE_BEZIER_KNOTS.);
#2470 = CARTESIAN_POINT('',(188.47106471481,-78.02965951795,
    -20.04999994569));
#2471 = CARTESIAN_POINT('',(188.0708911037,-78.23983782274,
    -20.10631705273));
#2472 = CARTESIAN_POINT('',(187.50202536296,-78.23983782274,
    -20.10631705273));
#2473 = ORIENTED_EDGE('',*,*,#2474,.T.);
#2474 = EDGE_CURVE('',#2467,#2185,#2475,.T.);
#2475 = B_SPLINE_CURVE_WITH_KNOTS('',2,(#2476,#2477,#2478),
  .UNSPECIFIED.,.F.,.F.,(3,3),(0.,1.),.PIECEWISE_BEZIER_KNOTS.);
#2476 = CARTESIAN_POINT('',(187.50202536296,-78.23983782274,
    -20.10631705273));
#2477 = CARTESIAN_POINT('',(186.91550915925,-78.23983782274,
    -20.10631705273));
#2478 = CARTESIAN_POINT('',(186.5245948074,-78.0165233739,-20.0464801265
    ));
#2479 = FACE_BOUND('',#2480,.T.);
#2480 = EDGE_LOOP('',(#2481,#2491,#2499,#2507,#2515,#2523,#2531,#2539,
    #2547,#2555,#2563,#2571,#2579,#2587,#2595,#2603,#2611,#2619,#2627,
    #2635,#2643,#2651,#2659,#2667,#2675,#2683));
#2481 = ORIENTED_EDGE('',*,*,#2482,.T.);
#2482 = EDGE_CURVE('',#2483,#2485,#2487,.T.);
#2483 = VERTEX_POINT('',#2484);
#2484 = CARTESIAN_POINT('',(193.60879619629,-79.68872656218,
    -20.49454562038));
#2485 = VERTEX_POINT('',#2486);
#2486 = CARTESIAN_POINT('',(192.9777198074,-78.44917765026,
    -20.16240949045));
#2487 = LINE('',#2488,#2489);
#2488 = CARTESIAN_POINT('',(193.60879619629,-79.68872656218,
    -20.49454562038));
#2489 = VECTOR('',#2490,1.);
#2490 = DIRECTION('',(-0.441295616647,0.866784926643,0.232254321106));
#2491 = ORIENTED_EDGE('',*,*,#2492,.T.);
#2492 = EDGE_CURVE('',#2485,#2493,#2495,.T.);
#2493 = VERTEX_POINT('',#2494);
#2494 = CARTESIAN_POINT('',(194.64872675185,-75.23473525207,
    -19.30110224574));
#2495 = LINE('',#2496,#2497);
#2496 = CARTESIAN_POINT('',(192.9777198074,-78.44917765026,
    -20.16240949045));
#2497 = VECTOR('',#2498,1.);
#2498 = DIRECTION('',(0.448735929736,0.863213526987,0.231297367452));
#2499 = ORIENTED_EDGE('',*,*,#2500,.T.);
#2500 = EDGE_CURVE('',#2493,#2501,#2503,.T.);
#2501 = VERTEX_POINT('',#2502);
#2502 = CARTESIAN_POINT('',(194.79108786296,-75.23473525207,
    -19.30110224574));
#2503 = LINE('',#2504,#2505);
#2504 = CARTESIAN_POINT('',(194.64872675185,-75.23473525207,
    -19.30110224574));
#2505 = VECTOR('',#2506,1.);
#2506 = DIRECTION('',(1.,0.,0.));
#2507 = ORIENTED_EDGE('',*,*,#2508,.T.);
#2508 = EDGE_CURVE('',#2501,#2509,#2511,.T.);
#2509 = VERTEX_POINT('',#2510);
#2510 = CARTESIAN_POINT('',(195.03096054814,-75.05138822023,
    -19.25197455662));
#2511 = B_SPLINE_CURVE_WITH_KNOTS('',2,(#2512,#2513,#2514),
  .UNSPECIFIED.,.F.,.F.,(3,3),(0.,1.),.PIECEWISE_BEZIER_KNOTS.);
#2512 = CARTESIAN_POINT('',(194.79108786296,-75.23473525207,
    -19.30110224574));
#2513 = CARTESIAN_POINT('',(195.03096054814,-75.23473525207,
    -19.30110224574));
#2514 = CARTESIAN_POINT('',(195.03096054814,-75.05138822023,
    -19.25197455662));
#2515 = ORIENTED_EDGE('',*,*,#2516,.T.);
#2516 = EDGE_CURVE('',#2509,#2517,#2519,.T.);
#2517 = VERTEX_POINT('',#2518);
#2518 = CARTESIAN_POINT('',(194.79108786296,-74.87698494603,
    -19.20524334015));
#2519 = B_SPLINE_CURVE_WITH_KNOTS('',2,(#2520,#2521,#2522),
  .UNSPECIFIED.,.F.,.F.,(3,3),(0.,1.),.PIECEWISE_BEZIER_KNOTS.);
#2520 = CARTESIAN_POINT('',(195.03096054814,-75.05138822023,
    -19.25197455662));
#2521 = CARTESIAN_POINT('',(195.03096054814,-74.87698494603,
    -19.20524334015));
#2522 = CARTESIAN_POINT('',(194.79108786296,-74.87698494603,
    -19.20524334015));
#2523 = ORIENTED_EDGE('',*,*,#2524,.T.);
#2524 = EDGE_CURVE('',#2517,#2525,#2527,.T.);
#2525 = VERTEX_POINT('',#2526);
#2526 = CARTESIAN_POINT('',(193.76880777037,-74.87698494603,
    -19.20524334015));
#2527 = LINE('',#2528,#2529);
#2528 = CARTESIAN_POINT('',(194.79108786296,-74.87698494603,
    -19.20524334015));
#2529 = VECTOR('',#2530,1.);
#2530 = DIRECTION('',(-1.,0.,0.));
#2531 = ORIENTED_EDGE('',*,*,#2532,.T.);
#2532 = EDGE_CURVE('',#2525,#2533,#2535,.T.);
#2533 = VERTEX_POINT('',#2534);
#2534 = CARTESIAN_POINT('',(193.52893508518,-75.05138822023,
    -19.25197455662));
#2535 = B_SPLINE_CURVE_WITH_KNOTS('',2,(#2536,#2537,#2538),
  .UNSPECIFIED.,.F.,.F.,(3,3),(0.,1.),.PIECEWISE_BEZIER_KNOTS.);
#2536 = CARTESIAN_POINT('',(193.76880777037,-74.87698494603,
    -19.20524334015));
#2537 = CARTESIAN_POINT('',(193.52893508518,-74.87698494603,
    -19.20524334015));
#2538 = CARTESIAN_POINT('',(193.52893508518,-75.05138822023,
    -19.25197455662));
#2539 = ORIENTED_EDGE('',*,*,#2540,.T.);
#2540 = EDGE_CURVE('',#2533,#2541,#2543,.T.);
#2541 = VERTEX_POINT('',#2542);
#2542 = CARTESIAN_POINT('',(193.76880777037,-75.23473525207,
    -19.30110224574));
#2543 = B_SPLINE_CURVE_WITH_KNOTS('',2,(#2544,#2545,#2546),
  .UNSPECIFIED.,.F.,.F.,(3,3),(0.,1.),.PIECEWISE_BEZIER_KNOTS.);
#2544 = CARTESIAN_POINT('',(193.52893508518,-75.05138822023,
    -19.25197455662));
#2545 = CARTESIAN_POINT('',(193.52893508518,-75.23473525207,
    -19.30110224574));
#2546 = CARTESIAN_POINT('',(193.76880777037,-75.23473525207,
    -19.30110224574));
#2547 = ORIENTED_EDGE('',*,*,#2548,.T.);
#2548 = EDGE_CURVE('',#2541,#2549,#2551,.T.);
#2549 = VERTEX_POINT('',#2550);
#2550 = CARTESIAN_POINT('',(194.23090267777,-75.23473525207,
    -19.30110224574));
#2551 = LINE('',#2552,#2553);
#2552 = CARTESIAN_POINT('',(193.76880777037,-75.23473525207,
    -19.30110224574));
#2553 = VECTOR('',#2554,1.);
#2554 = DIRECTION('',(1.,0.,0.));
#2555 = ORIENTED_EDGE('',*,*,#2556,.T.);
#2556 = EDGE_CURVE('',#2549,#2557,#2559,.T.);
#2557 = VERTEX_POINT('',#2558);
#2558 = CARTESIAN_POINT('',(192.77314804814,-78.06431657885,
    -20.05928627717));
#2559 = LINE('',#2560,#2561);
#2560 = CARTESIAN_POINT('',(194.23090267777,-75.23473525207,
    -19.30110224574));
#2561 = VECTOR('',#2562,1.);
#2562 = DIRECTION('',(-0.445514916299,-0.864768776815,-0.231714095387));
#2563 = ORIENTED_EDGE('',*,*,#2564,.T.);
#2564 = EDGE_CURVE('',#2557,#2565,#2567,.T.);
#2565 = VERTEX_POINT('',#2566);
#2566 = CARTESIAN_POINT('',(191.34201378888,-75.23473525207,
    -19.30110224574));
#2567 = LINE('',#2568,#2569);
#2568 = CARTESIAN_POINT('',(192.77314804814,-78.06431657885,
    -20.05928627717));
#2569 = VECTOR('',#2570,1.);
#2570 = DIRECTION('',(-0.438958614554,0.867891388202,0.232550796587));
#2571 = ORIENTED_EDGE('',*,*,#2572,.T.);
#2572 = EDGE_CURVE('',#2565,#2573,#2575,.T.);
#2573 = VERTEX_POINT('',#2574);
#2574 = CARTESIAN_POINT('',(191.82204851111,-75.23473525207,
    -19.30110224574));
#2575 = LINE('',#2576,#2577);
#2576 = CARTESIAN_POINT('',(191.34201378888,-75.23473525207,
    -19.30110224574));
#2577 = VECTOR('',#2578,1.);
#2578 = DIRECTION('',(1.,0.,0.));
#2579 = ORIENTED_EDGE('',*,*,#2580,.T.);
#2580 = EDGE_CURVE('',#2573,#2581,#2583,.T.);
#2581 = VERTEX_POINT('',#2582);
#2582 = CARTESIAN_POINT('',(192.06221054814,-75.05138822023,
    -19.25197455662));
#2583 = B_SPLINE_CURVE_WITH_KNOTS('',2,(#2584,#2585,#2586),
  .UNSPECIFIED.,.F.,.F.,(3,3),(0.,1.),.PIECEWISE_BEZIER_KNOTS.);
#2584 = CARTESIAN_POINT('',(191.82204851111,-75.23473525207,
    -19.30110224574));
#2585 = CARTESIAN_POINT('',(192.06221054814,-75.23473525207,
    -19.30110224574));
#2586 = CARTESIAN_POINT('',(192.06221054814,-75.05138822023,
    -19.25197455662));
#2587 = ORIENTED_EDGE('',*,*,#2588,.T.);
#2588 = EDGE_CURVE('',#2581,#2589,#2591,.T.);
#2589 = VERTEX_POINT('',#2590);
#2590 = CARTESIAN_POINT('',(191.82204851111,-74.87698494603,
    -19.20524334015));
#2591 = B_SPLINE_CURVE_WITH_KNOTS('',2,(#2592,#2593,#2594),
  .UNSPECIFIED.,.F.,.F.,(3,3),(0.,1.),.PIECEWISE_BEZIER_KNOTS.);
#2592 = CARTESIAN_POINT('',(192.06221054814,-75.05138822023,
    -19.25197455662));
#2593 = CARTESIAN_POINT('',(192.06221054814,-74.87698494603,
    -19.20524334015));
#2594 = CARTESIAN_POINT('',(191.82204851111,-74.87698494603,
    -19.20524334015));
#2595 = ORIENTED_EDGE('',*,*,#2596,.T.);
#2596 = EDGE_CURVE('',#2589,#2597,#2599,.T.);
#2597 = VERTEX_POINT('',#2598);
#2598 = CARTESIAN_POINT('',(190.8443286037,-74.87698494603,
    -19.20524334015));
#2599 = LINE('',#2600,#2601);
#2600 = CARTESIAN_POINT('',(191.82204851111,-74.87698494603,
    -19.20524334015));
#2601 = VECTOR('',#2602,1.);
#2602 = DIRECTION('',(-1.,0.,0.));
#2603 = ORIENTED_EDGE('',*,*,#2604,.T.);
#2604 = EDGE_CURVE('',#2597,#2605,#2607,.T.);
#2605 = VERTEX_POINT('',#2606);
#2606 = CARTESIAN_POINT('',(190.60445591851,-75.05138822023,
    -19.25197455662));
#2607 = B_SPLINE_CURVE_WITH_KNOTS('',2,(#2608,#2609,#2610),
  .UNSPECIFIED.,.F.,.F.,(3,3),(0.,1.),.PIECEWISE_BEZIER_KNOTS.);
#2608 = CARTESIAN_POINT('',(190.8443286037,-74.87698494603,
    -19.20524334015));
#2609 = CARTESIAN_POINT('',(190.60445591851,-74.87698494603,
    -19.20524334015));
#2610 = CARTESIAN_POINT('',(190.60445591851,-75.05138822023,
    -19.25197455662));
#2611 = ORIENTED_EDGE('',*,*,#2612,.T.);
#2612 = EDGE_CURVE('',#2605,#2613,#2615,.T.);
#2613 = VERTEX_POINT('',#2614);
#2614 = CARTESIAN_POINT('',(190.8443286037,-75.23473525207,
    -19.30110224574));
#2615 = B_SPLINE_CURVE_WITH_KNOTS('',2,(#2616,#2617,#2618),
  .UNSPECIFIED.,.F.,.F.,(3,3),(0.,1.),.PIECEWISE_BEZIER_KNOTS.);
#2616 = CARTESIAN_POINT('',(190.60445591851,-75.05138822023,
    -19.25197455662));
#2617 = CARTESIAN_POINT('',(190.60445591851,-75.23473525207,
    -19.30110224574));
#2618 = CARTESIAN_POINT('',(190.8443286037,-75.23473525207,
    -19.30110224574));
#2619 = ORIENTED_EDGE('',*,*,#2620,.T.);
#2620 = EDGE_CURVE('',#2613,#2621,#2623,.T.);
#2621 = VERTEX_POINT('',#2622);
#2622 = CARTESIAN_POINT('',(190.9687499,-75.23473525207,-19.30110224574)
  );
#2623 = LINE('',#2624,#2625);
#2624 = CARTESIAN_POINT('',(190.8443286037,-75.23473525207,
    -19.30110224574));
#2625 = VECTOR('',#2626,1.);
#2626 = DIRECTION('',(1.,0.,0.));
#2627 = ORIENTED_EDGE('',*,*,#2628,.T.);
#2628 = EDGE_CURVE('',#2621,#2629,#2631,.T.);
#2629 = VERTEX_POINT('',#2630);
#2630 = CARTESIAN_POINT('',(193.24450221481,-79.68872656218,
    -20.49454562038));
#2631 = LINE('',#2632,#2633);
#2632 = CARTESIAN_POINT('',(190.9687499,-75.23473525207,-19.30110224574)
  );
#2633 = VECTOR('',#2634,1.);
#2634 = DIRECTION('',(0.442570861644,-0.866178080557,-0.232091717187));
#2635 = ORIENTED_EDGE('',*,*,#2636,.T.);
#2636 = EDGE_CURVE('',#2629,#2637,#2639,.T.);
#2637 = VERTEX_POINT('',#2638);
#2638 = CARTESIAN_POINT('',(192.66666656666,-79.68872656218,
    -20.49454562038));
#2639 = LINE('',#2640,#2641);
#2640 = CARTESIAN_POINT('',(193.24450221481,-79.68872656218,
    -20.49454562038));
#2641 = VECTOR('',#2642,1.);
#2642 = DIRECTION('',(-1.,0.,0.));
#2643 = ORIENTED_EDGE('',*,*,#2644,.T.);
#2644 = EDGE_CURVE('',#2637,#2645,#2647,.T.);
#2645 = VERTEX_POINT('',#2646);
#2646 = CARTESIAN_POINT('',(192.42650452963,-79.86312983637,
    -20.54127683686));
#2647 = B_SPLINE_CURVE_WITH_KNOTS('',2,(#2648,#2649,#2650),
  .UNSPECIFIED.,.F.,.F.,(3,3),(0.,1.),.PIECEWISE_BEZIER_KNOTS.);
#2648 = CARTESIAN_POINT('',(192.66666656666,-79.68872656218,
    -20.49454562038));
#2649 = CARTESIAN_POINT('',(192.42650452963,-79.68872656218,
    -20.49454562038));
#2650 = CARTESIAN_POINT('',(192.42650452963,-79.86312983637,
    -20.54127683686));
#2651 = ORIENTED_EDGE('',*,*,#2652,.T.);
#2652 = EDGE_CURVE('',#2645,#2653,#2655,.T.);
#2653 = VERTEX_POINT('',#2654);
#2654 = CARTESIAN_POINT('',(192.66666656666,-80.04647686821,
    -20.59040452597));
#2655 = B_SPLINE_CURVE_WITH_KNOTS('',2,(#2656,#2657,#2658),
  .UNSPECIFIED.,.F.,.F.,(3,3),(0.,1.),.PIECEWISE_BEZIER_KNOTS.);
#2656 = CARTESIAN_POINT('',(192.42650452963,-79.86312983637,
    -20.54127683686));
#2657 = CARTESIAN_POINT('',(192.42650452963,-80.04647686821,
    -20.59040452597));
#2658 = CARTESIAN_POINT('',(192.66666656666,-80.04647686821,
    -20.59040452597));
#2659 = ORIENTED_EDGE('',*,*,#2660,.T.);
#2660 = EDGE_CURVE('',#2653,#2661,#2663,.T.);
#2661 = VERTEX_POINT('',#2662);
#2662 = CARTESIAN_POINT('',(194.73784712222,-80.04647686821,
    -20.59040452597));
#2663 = LINE('',#2664,#2665);
#2664 = CARTESIAN_POINT('',(192.66666656666,-80.04647686821,
    -20.59040452597));
#2665 = VECTOR('',#2666,1.);
#2666 = DIRECTION('',(1.,0.,0.));
#2667 = ORIENTED_EDGE('',*,*,#2668,.T.);
#2668 = EDGE_CURVE('',#2661,#2669,#2671,.T.);
#2669 = VERTEX_POINT('',#2670);
#2670 = CARTESIAN_POINT('',(194.9777198074,-79.86312983637,
    -20.54127683686));
#2671 = B_SPLINE_CURVE_WITH_KNOTS('',2,(#2672,#2673,#2674),
  .UNSPECIFIED.,.F.,.F.,(3,3),(0.,1.),.PIECEWISE_BEZIER_KNOTS.);
#2672 = CARTESIAN_POINT('',(194.73784712222,-80.04647686821,
    -20.59040452597));
#2673 = CARTESIAN_POINT('',(194.9777198074,-80.04647686821,
    -20.59040452597));
#2674 = CARTESIAN_POINT('',(194.9777198074,-79.86312983637,
    -20.54127683686));
#2675 = ORIENTED_EDGE('',*,*,#2676,.T.);
#2676 = EDGE_CURVE('',#2669,#2677,#2679,.T.);
#2677 = VERTEX_POINT('',#2678);
#2678 = CARTESIAN_POINT('',(194.73784712222,-79.68872656218,
    -20.49454562038));
#2679 = B_SPLINE_CURVE_WITH_KNOTS('',2,(#2680,#2681,#2682),
  .UNSPECIFIED.,.F.,.F.,(3,3),(0.,1.),.PIECEWISE_BEZIER_KNOTS.);
#2680 = CARTESIAN_POINT('',(194.9777198074,-79.86312983637,
    -20.54127683686));
#2681 = CARTESIAN_POINT('',(194.9777198074,-79.68872656218,
    -20.49454562038));
#2682 = CARTESIAN_POINT('',(194.73784712222,-79.68872656218,
    -20.49454562038));
#2683 = ORIENTED_EDGE('',*,*,#2684,.T.);
#2684 = EDGE_CURVE('',#2677,#2483,#2685,.T.);
#2685 = LINE('',#2686,#2687);
#2686 = CARTESIAN_POINT('',(194.73784712222,-79.68872656218,
    -20.49454562038));
#2687 = VECTOR('',#2688,1.);
#2688 = DIRECTION('',(-1.,0.,0.));
#2689 = FACE_BOUND('',#2690,.T.);
#2690 = EDGE_LOOP('',(#2691,#2701,#2709,#2717,#2725,#2733,#2741,#2749,
    #2757,#2765,#2773,#2781,#2789,#2797,#2805,#2813,#2821,#2829,#2837,
    #2845,#2853,#2861,#2869,#2877,#2885,#2893,#2901,#2909,#2917,#2925,
    #2933,#2941,#2949));
#2691 = ORIENTED_EDGE('',*,*,#2692,.T.);
#2692 = EDGE_CURVE('',#2693,#2695,#2697,.T.);
#2693 = VERTEX_POINT('',#2694);
#2694 = CARTESIAN_POINT('',(180.52430545555,-73.98260918095,
    -18.96559607616));
#2695 = VERTEX_POINT('',#2696);
#2696 = CARTESIAN_POINT('',(181.91984943703,-77.00196586538,
    -19.77463026142));
#2697 = LINE('',#2698,#2699);
#2698 = CARTESIAN_POINT('',(180.52430545555,-73.98260918095,
    -18.96559607616));
#2699 = VECTOR('',#2700,1.);
#2700 = DIRECTION('',(0.407667201561,-0.882016408219,-0.236335584293));
#2701 = ORIENTED_EDGE('',*,*,#2702,.T.);
#2702 = EDGE_CURVE('',#2695,#2703,#2705,.T.);
#2703 = VERTEX_POINT('',#2704);
#2704 = CARTESIAN_POINT('',(182.3287036037,-77.00196586538,
    -19.77463026142));
#2705 = LINE('',#2706,#2707);
#2706 = CARTESIAN_POINT('',(181.91984943703,-77.00196586538,
    -19.77463026142));
#2707 = VECTOR('',#2708,1.);
#2708 = DIRECTION('',(1.,0.,0.));
#2709 = ORIENTED_EDGE('',*,*,#2710,.T.);
#2710 = EDGE_CURVE('',#2703,#2711,#2713,.T.);
#2711 = VERTEX_POINT('',#2712);
#2712 = CARTESIAN_POINT('',(183.7421874,-73.98260918095,-18.96559607616)
  );
#2713 = LINE('',#2714,#2715);
#2714 = CARTESIAN_POINT('',(182.3287036037,-77.00196586538,
    -19.77463026142));
#2715 = VECTOR('',#2716,1.);
#2716 = DIRECTION('',(0.412022831803,0.880126036537,0.235829060728));
#2717 = ORIENTED_EDGE('',*,*,#2718,.T.);
#2718 = EDGE_CURVE('',#2711,#2719,#2721,.T.);
#2719 = VERTEX_POINT('',#2720);
#2720 = CARTESIAN_POINT('',(183.81336795555,-73.98260918095,
    -18.96559607616));
#2721 = LINE('',#2722,#2723);
#2722 = CARTESIAN_POINT('',(183.7421874,-73.98260918095,-18.96559607616)
  );
#2723 = VECTOR('',#2724,1.);
#2724 = DIRECTION('',(1.,0.,0.));
#2725 = ORIENTED_EDGE('',*,*,#2726,.T.);
#2726 = EDGE_CURVE('',#2719,#2727,#2729,.T.);
#2727 = VERTEX_POINT('',#2728);
#2728 = CARTESIAN_POINT('',(183.81336795555,-78.09673770033,
    -20.06797349049));
#2729 = LINE('',#2730,#2731);
#2730 = CARTESIAN_POINT('',(183.81336795555,-73.98260918095,
    -18.96559607616));
#2731 = VECTOR('',#2732,1.);
#2732 = DIRECTION('',(0.,-0.965925826289,-0.258819045103));
#2733 = ORIENTED_EDGE('',*,*,#2734,.T.);
#2734 = EDGE_CURVE('',#2727,#2735,#2737,.T.);
#2735 = VERTEX_POINT('',#2736);
#2736 = CARTESIAN_POINT('',(183.15538184444,-78.09673770033,
    -20.06797349049));
#2737 = LINE('',#2738,#2739);
#2738 = CARTESIAN_POINT('',(183.81336795555,-78.09673770033,
    -20.06797349049));
#2739 = VECTOR('',#2740,1.);
#2740 = DIRECTION('',(-1.,0.,0.));
#2741 = ORIENTED_EDGE('',*,*,#2742,.T.);
#2742 = EDGE_CURVE('',#2735,#2743,#2745,.T.);
#2743 = VERTEX_POINT('',#2744);
#2744 = CARTESIAN_POINT('',(182.90653925185,-78.27114097452,
    -20.11470470697));
#2745 = B_SPLINE_CURVE_WITH_KNOTS('',2,(#2746,#2747,#2748),
  .UNSPECIFIED.,.F.,.F.,(3,3),(0.,1.),.PIECEWISE_BEZIER_KNOTS.);
#2746 = CARTESIAN_POINT('',(183.15538184444,-78.09673770033,
    -20.06797349049));
#2747 = CARTESIAN_POINT('',(182.90653925185,-78.09673770033,
    -20.06797349049));
#2748 = CARTESIAN_POINT('',(182.90653925185,-78.27114097452,
    -20.11470470697));
#2749 = ORIENTED_EDGE('',*,*,#2750,.T.);
#2750 = EDGE_CURVE('',#2743,#2751,#2753,.T.);
#2751 = VERTEX_POINT('',#2752);
#2752 = CARTESIAN_POINT('',(183.15538184444,-78.45448800636,
    -20.16383239608));
#2753 = B_SPLINE_CURVE_WITH_KNOTS('',2,(#2754,#2755,#2756),
  .UNSPECIFIED.,.F.,.F.,(3,3),(0.,1.),.PIECEWISE_BEZIER_KNOTS.);
#2754 = CARTESIAN_POINT('',(182.90653925185,-78.27114097452,
    -20.11470470697));
#2755 = CARTESIAN_POINT('',(182.90653925185,-78.45448800636,
    -20.16383239608));
#2756 = CARTESIAN_POINT('',(183.15538184444,-78.45448800636,
    -20.16383239608));
#2757 = ORIENTED_EDGE('',*,*,#2758,.T.);
#2758 = EDGE_CURVE('',#2751,#2759,#2761,.T.);
#2759 = VERTEX_POINT('',#2760);
#2760 = CARTESIAN_POINT('',(184.48003462222,-78.45448800636,
    -20.16383239608));
#2761 = LINE('',#2762,#2763);
#2762 = CARTESIAN_POINT('',(183.15538184444,-78.45448800636,
    -20.16383239608));
#2763 = VECTOR('',#2764,1.);
#2764 = DIRECTION('',(1.,0.,0.));
#2765 = ORIENTED_EDGE('',*,*,#2766,.T.);
#2766 = EDGE_CURVE('',#2759,#2767,#2769,.T.);
#2767 = VERTEX_POINT('',#2768);
#2768 = CARTESIAN_POINT('',(184.7199073074,-78.27114097452,
    -20.11470470697));
#2769 = B_SPLINE_CURVE_WITH_KNOTS('',2,(#2770,#2771,#2772),
  .UNSPECIFIED.,.F.,.F.,(3,3),(0.,1.),.PIECEWISE_BEZIER_KNOTS.);
#2770 = CARTESIAN_POINT('',(184.48003462222,-78.45448800636,
    -20.16383239608));
#2771 = CARTESIAN_POINT('',(184.7199073074,-78.45448800636,
    -20.16383239608));
#2772 = CARTESIAN_POINT('',(184.7199073074,-78.27114097452,
    -20.11470470697));
#2773 = ORIENTED_EDGE('',*,*,#2774,.T.);
#2774 = EDGE_CURVE('',#2767,#2775,#2777,.T.);
#2775 = VERTEX_POINT('',#2776);
#2776 = CARTESIAN_POINT('',(184.48003462222,-78.09673770033,
    -20.06797349049));
#2777 = B_SPLINE_CURVE_WITH_KNOTS('',2,(#2778,#2779,#2780),
  .UNSPECIFIED.,.F.,.F.,(3,3),(0.,1.),.PIECEWISE_BEZIER_KNOTS.);
#2778 = CARTESIAN_POINT('',(184.7199073074,-78.27114097452,
    -20.11470470697));
#2779 = CARTESIAN_POINT('',(184.7199073074,-78.09673770033,
    -20.06797349049));
#2780 = CARTESIAN_POINT('',(184.48003462222,-78.09673770033,
    -20.06797349049));
#2781 = ORIENTED_EDGE('',*,*,#2782,.T.);
#2782 = EDGE_CURVE('',#2775,#2783,#2785,.T.);
#2783 = VERTEX_POINT('',#2784);
#2784 = CARTESIAN_POINT('',(184.17766193703,-78.09673770033,
    -20.06797349049));
#2785 = LINE('',#2786,#2787);
#2786 = CARTESIAN_POINT('',(184.48003462222,-78.09673770033,
    -20.06797349049));
#2787 = VECTOR('',#2788,1.);
#2788 = DIRECTION('',(-1.,0.,0.));
#2789 = ORIENTED_EDGE('',*,*,#2790,.T.);
#2790 = EDGE_CURVE('',#2783,#2791,#2793,.T.);
#2791 = VERTEX_POINT('',#2792);
#2792 = CARTESIAN_POINT('',(184.17766193703,-73.98260918095,
    -18.96559607616));
#2793 = LINE('',#2794,#2795);
#2794 = CARTESIAN_POINT('',(184.17766193703,-78.09673770033,
    -20.06797349049));
#2795 = VECTOR('',#2796,1.);
#2796 = DIRECTION('',(0.,0.965925826289,0.258819045103));
#2797 = ORIENTED_EDGE('',*,*,#2798,.T.);
#2798 = EDGE_CURVE('',#2791,#2799,#2801,.T.);
#2799 = VERTEX_POINT('',#2800);
#2800 = CARTESIAN_POINT('',(184.39988415925,-73.98260918095,
    -18.96559607616));
#2801 = LINE('',#2802,#2803);
#2802 = CARTESIAN_POINT('',(184.17766193703,-73.98260918095,
    -18.96559607616));
#2803 = VECTOR('',#2804,1.);
#2804 = DIRECTION('',(1.,0.,0.));
#2805 = ORIENTED_EDGE('',*,*,#2806,.T.);
#2806 = EDGE_CURVE('',#2799,#2807,#2809,.T.);
#2807 = VERTEX_POINT('',#2808);
#2808 = CARTESIAN_POINT('',(184.64004619629,-73.79926214911,
    -18.91646838705));
#2809 = B_SPLINE_CURVE_WITH_KNOTS('',2,(#2810,#2811,#2812),
  .UNSPECIFIED.,.F.,.F.,(3,3),(0.,1.),.PIECEWISE_BEZIER_KNOTS.);
#2810 = CARTESIAN_POINT('',(184.39988415925,-73.98260918095,
    -18.96559607616));
#2811 = CARTESIAN_POINT('',(184.64004619629,-73.98260918095,
    -18.96559607616));
#2812 = CARTESIAN_POINT('',(184.64004619629,-73.79926214911,
    -18.91646838705));
#2813 = ORIENTED_EDGE('',*,*,#2814,.T.);
#2814 = EDGE_CURVE('',#2807,#2815,#2817,.T.);
#2815 = VERTEX_POINT('',#2816);
#2816 = CARTESIAN_POINT('',(184.39988415925,-73.62485887492,
    -18.86973717057));
#2817 = B_SPLINE_CURVE_WITH_KNOTS('',2,(#2818,#2819,#2820),
  .UNSPECIFIED.,.F.,.F.,(3,3),(0.,1.),.PIECEWISE_BEZIER_KNOTS.);
#2818 = CARTESIAN_POINT('',(184.64004619629,-73.79926214911,
    -18.91646838705));
#2819 = CARTESIAN_POINT('',(184.64004619629,-73.62485887492,
    -18.86973717057));
#2820 = CARTESIAN_POINT('',(184.39988415925,-73.62485887492,
    -18.86973717057));
#2821 = ORIENTED_EDGE('',*,*,#2822,.T.);
#2822 = EDGE_CURVE('',#2815,#2823,#2825,.T.);
#2823 = VERTEX_POINT('',#2824);
#2824 = CARTESIAN_POINT('',(183.51996517777,-73.62485887492,
    -18.86973717057));
#2825 = LINE('',#2826,#2827);
#2826 = CARTESIAN_POINT('',(184.39988415925,-73.62485887492,
    -18.86973717057));
#2827 = VECTOR('',#2828,1.);
#2828 = DIRECTION('',(-1.,0.,0.));
#2829 = ORIENTED_EDGE('',*,*,#2830,.T.);
#2830 = EDGE_CURVE('',#2823,#2831,#2833,.T.);
#2831 = VERTEX_POINT('',#2832);
#2832 = CARTESIAN_POINT('',(182.12442119629,-76.60844052875,
    -19.66918546527));
#2833 = LINE('',#2834,#2835);
#2834 = CARTESIAN_POINT('',(183.51996517777,-73.62485887492,
    -18.86973717057));
#2835 = VECTOR('',#2836,1.);
#2836 = DIRECTION('',(-0.411730817619,-0.88025352842,-0.235863222075));
#2837 = ORIENTED_EDGE('',*,*,#2838,.T.);
#2838 = EDGE_CURVE('',#2831,#2839,#2841,.T.);
#2839 = VERTEX_POINT('',#2840);
#2840 = CARTESIAN_POINT('',(180.75549758518,-73.62485887492,
    -18.86973717057));
#2841 = LINE('',#2842,#2843);
#2842 = CARTESIAN_POINT('',(182.12442119629,-76.60844052875,
    -19.66918546527));
#2843 = VECTOR('',#2844,1.);
#2844 = DIRECTION('',(-0.405176744736,0.883086457376,0.236622303101));
#2845 = ORIENTED_EDGE('',*,*,#2846,.T.);
#2846 = EDGE_CURVE('',#2839,#2847,#2849,.T.);
#2847 = VERTEX_POINT('',#2848);
#2848 = CARTESIAN_POINT('',(179.86660869629,-73.62485887492,
    -18.86973717057));
#2849 = LINE('',#2850,#2851);
#2850 = CARTESIAN_POINT('',(180.75549758518,-73.62485887492,
    -18.86973717057));
#2851 = VECTOR('',#2852,1.);
#2852 = DIRECTION('',(-1.,0.,0.));
#2853 = ORIENTED_EDGE('',*,*,#2854,.T.);
#2854 = EDGE_CURVE('',#2847,#2855,#2857,.T.);
#2855 = VERTEX_POINT('',#2856);
#2856 = CARTESIAN_POINT('',(179.62673601111,-73.79926214911,
    -18.91646838705));
#2857 = B_SPLINE_CURVE_WITH_KNOTS('',2,(#2858,#2859,#2860),
  .UNSPECIFIED.,.F.,.F.,(3,3),(0.,1.),.PIECEWISE_BEZIER_KNOTS.);
#2858 = CARTESIAN_POINT('',(179.86660869629,-73.62485887492,
    -18.86973717057));
#2859 = CARTESIAN_POINT('',(179.62673601111,-73.62485887492,
    -18.86973717057));
#2860 = CARTESIAN_POINT('',(179.62673601111,-73.79926214911,
    -18.91646838705));
#2861 = ORIENTED_EDGE('',*,*,#2862,.T.);
#2862 = EDGE_CURVE('',#2855,#2863,#2865,.T.);
#2863 = VERTEX_POINT('',#2864);
#2864 = CARTESIAN_POINT('',(179.86660869629,-73.98260918095,
    -18.96559607616));
#2865 = B_SPLINE_CURVE_WITH_KNOTS('',2,(#2866,#2867,#2868),
  .UNSPECIFIED.,.F.,.F.,(3,3),(0.,1.),.PIECEWISE_BEZIER_KNOTS.);
#2866 = CARTESIAN_POINT('',(179.62673601111,-73.79926214911,
    -18.91646838705));
#2867 = CARTESIAN_POINT('',(179.62673601111,-73.98260918095,
    -18.96559607616));
#2868 = CARTESIAN_POINT('',(179.86660869629,-73.98260918095,
    -18.96559607616));
#2869 = ORIENTED_EDGE('',*,*,#2870,.T.);
#2870 = EDGE_CURVE('',#2863,#2871,#2873,.T.);
#2871 = VERTEX_POINT('',#2872);
#2872 = CARTESIAN_POINT('',(180.08883091851,-73.98260918095,
    -18.96559607616));
#2873 = LINE('',#2874,#2875);
#2874 = CARTESIAN_POINT('',(179.86660869629,-73.98260918095,
    -18.96559607616));
#2875 = VECTOR('',#2876,1.);
#2876 = DIRECTION('',(1.,0.,0.));
#2877 = ORIENTED_EDGE('',*,*,#2878,.T.);
#2878 = EDGE_CURVE('',#2871,#2879,#2881,.T.);
#2879 = VERTEX_POINT('',#2880);
#2880 = CARTESIAN_POINT('',(180.08883091851,-78.09673770033,
    -20.06797349049));
#2881 = LINE('',#2882,#2883);
#2882 = CARTESIAN_POINT('',(180.08883091851,-73.98260918095,
    -18.96559607616));
#2883 = VECTOR('',#2884,1.);
#2884 = DIRECTION('',(0.,-0.965925826289,-0.258819045103));
#2885 = ORIENTED_EDGE('',*,*,#2886,.T.);
#2886 = EDGE_CURVE('',#2879,#2887,#2889,.T.);
#2887 = VERTEX_POINT('',#2888);
#2888 = CARTESIAN_POINT('',(179.78645823333,-78.09673770033,
    -20.06797349049));
#2889 = LINE('',#2890,#2891);
#2890 = CARTESIAN_POINT('',(180.08883091851,-78.09673770033,
    -20.06797349049));
#2891 = VECTOR('',#2892,1.);
#2892 = DIRECTION('',(-1.,0.,0.));
#2893 = ORIENTED_EDGE('',*,*,#2894,.T.);
#2894 = EDGE_CURVE('',#2887,#2895,#2897,.T.);
#2895 = VERTEX_POINT('',#2896);
#2896 = CARTESIAN_POINT('',(179.54658554814,-78.27114097452,
    -20.11470470697));
#2897 = B_SPLINE_CURVE_WITH_KNOTS('',2,(#2898,#2899,#2900),
  .UNSPECIFIED.,.F.,.F.,(3,3),(0.,1.),.PIECEWISE_BEZIER_KNOTS.);
#2898 = CARTESIAN_POINT('',(179.78645823333,-78.09673770033,
    -20.06797349049));
#2899 = CARTESIAN_POINT('',(179.54658554814,-78.09673770033,
    -20.06797349049));
#2900 = CARTESIAN_POINT('',(179.54658554814,-78.27114097452,
    -20.11470470697));
#2901 = ORIENTED_EDGE('',*,*,#2902,.T.);
#2902 = EDGE_CURVE('',#2895,#2903,#2905,.T.);
#2903 = VERTEX_POINT('',#2904);
#2904 = CARTESIAN_POINT('',(179.78645823333,-78.45448800636,
    -20.16383239608));
#2905 = B_SPLINE_CURVE_WITH_KNOTS('',2,(#2906,#2907,#2908),
  .UNSPECIFIED.,.F.,.F.,(3,3),(0.,1.),.PIECEWISE_BEZIER_KNOTS.);
#2906 = CARTESIAN_POINT('',(179.54658554814,-78.27114097452,
    -20.11470470697));
#2907 = CARTESIAN_POINT('',(179.54658554814,-78.45448800636,
    -20.16383239608));
#2908 = CARTESIAN_POINT('',(179.78645823333,-78.45448800636,
    -20.16383239608));
#2909 = ORIENTED_EDGE('',*,*,#2910,.T.);
#2910 = EDGE_CURVE('',#2903,#2911,#2913,.T.);
#2911 = VERTEX_POINT('',#2912);
#2912 = CARTESIAN_POINT('',(181.11111101111,-78.45448800636,
    -20.16383239608));
#2913 = LINE('',#2914,#2915);
#2914 = CARTESIAN_POINT('',(179.78645823333,-78.45448800636,
    -20.16383239608));
#2915 = VECTOR('',#2916,1.);
#2916 = DIRECTION('',(1.,0.,0.));
#2917 = ORIENTED_EDGE('',*,*,#2918,.T.);
#2918 = EDGE_CURVE('',#2911,#2919,#2921,.T.);
#2919 = VERTEX_POINT('',#2920);
#2920 = CARTESIAN_POINT('',(181.35098369629,-78.27114097452,
    -20.11470470697));
#2921 = B_SPLINE_CURVE_WITH_KNOTS('',2,(#2922,#2923,#2924),
  .UNSPECIFIED.,.F.,.F.,(3,3),(0.,1.),.PIECEWISE_BEZIER_KNOTS.);
#2922 = CARTESIAN_POINT('',(181.11111101111,-78.45448800636,
    -20.16383239608));
#2923 = CARTESIAN_POINT('',(181.35098369629,-78.45448800636,
    -20.16383239608));
#2924 = CARTESIAN_POINT('',(181.35098369629,-78.27114097452,
    -20.11470470697));
#2925 = ORIENTED_EDGE('',*,*,#2926,.T.);
#2926 = EDGE_CURVE('',#2919,#2927,#2929,.T.);
#2927 = VERTEX_POINT('',#2928);
#2928 = CARTESIAN_POINT('',(181.11082165925,-78.09673770033,
    -20.06797349049));
#2929 = B_SPLINE_CURVE_WITH_KNOTS('',2,(#2930,#2931,#2932),
  .UNSPECIFIED.,.F.,.F.,(3,3),(0.,1.),.PIECEWISE_BEZIER_KNOTS.);
#2930 = CARTESIAN_POINT('',(181.35098369629,-78.27114097452,
    -20.11470470697));
#2931 = CARTESIAN_POINT('',(181.35098369629,-78.09673770033,
    -20.06797349049));
#2932 = CARTESIAN_POINT('',(181.11082165925,-78.09673770033,
    -20.06797349049));
#2933 = ORIENTED_EDGE('',*,*,#2934,.T.);
#2934 = EDGE_CURVE('',#2927,#2935,#2937,.T.);
#2935 = VERTEX_POINT('',#2936);
#2936 = CARTESIAN_POINT('',(180.4531249,-78.09673770033,-20.06797349049)
  );
#2937 = LINE('',#2938,#2939);
#2938 = CARTESIAN_POINT('',(181.11082165925,-78.09673770033,
    -20.06797349049));
#2939 = VECTOR('',#2940,1.);
#2940 = DIRECTION('',(-1.,0.,0.));
#2941 = ORIENTED_EDGE('',*,*,#2942,.T.);
#2942 = EDGE_CURVE('',#2935,#2943,#2945,.T.);
#2943 = VERTEX_POINT('',#2944);
#2944 = CARTESIAN_POINT('',(180.4531249,-73.98260918095,-18.96559607616)
  );
#2945 = LINE('',#2946,#2947);
#2946 = CARTESIAN_POINT('',(180.4531249,-78.09673770033,-20.06797349049)
  );
#2947 = VECTOR('',#2948,1.);
#2948 = DIRECTION('',(0.,0.965925826289,0.258819045103));
#2949 = ORIENTED_EDGE('',*,*,#2950,.T.);
#2950 = EDGE_CURVE('',#2943,#2693,#2951,.T.);
#2951 = LINE('',#2952,#2953);
#2952 = CARTESIAN_POINT('',(180.4531249,-73.98260918095,-18.96559607616)
  );
#2953 = VECTOR('',#2954,1.);
#2954 = DIRECTION('',(1.,0.,0.));
#2955 = FACE_BOUND('',#2956,.T.);
#2956 = EDGE_LOOP('',(#2957,#2967,#2975,#2983,#2991,#2999,#3007,#3015));
#2957 = ORIENTED_EDGE('',*,*,#2958,.T.);
#2958 = EDGE_CURVE('',#2959,#2961,#2963,.T.);
#2959 = VERTEX_POINT('',#2960);
#2960 = CARTESIAN_POINT('',(178.25318277037,-75.31550856335,
    -19.32274538927));
#2961 = VERTEX_POINT('',#2962);
#2962 = CARTESIAN_POINT('',(176.81770823333,-74.75177233892,
    -19.17169272319));
#2963 = B_SPLINE_CURVE_WITH_KNOTS('',2,(#2964,#2965,#2966),
  .UNSPECIFIED.,.F.,.F.,(3,3),(0.,1.),.PIECEWISE_BEZIER_KNOTS.);
#2964 = CARTESIAN_POINT('',(178.25318277037,-75.31550856335,
    -19.32274538927));
#2965 = CARTESIAN_POINT('',(177.66203693703,-74.75177233892,
    -19.17169272319));
#2966 = CARTESIAN_POINT('',(176.81770823333,-74.75177233892,
    -19.17169272319));
#2967 = ORIENTED_EDGE('',*,*,#2968,.T.);
#2968 = EDGE_CURVE('',#2961,#2969,#2971,.T.);
#2969 = VERTEX_POINT('',#2970);
#2970 = CARTESIAN_POINT('',(175.37789341851,-75.31550856335,
    -19.32274538927));
#2971 = B_SPLINE_CURVE_WITH_KNOTS('',2,(#2972,#2973,#2974),
  .UNSPECIFIED.,.F.,.F.,(3,3),(0.,1.),.PIECEWISE_BEZIER_KNOTS.);
#2972 = CARTESIAN_POINT('',(176.81770823333,-74.75177233892,
    -19.17169272319));
#2973 = CARTESIAN_POINT('',(175.96440962222,-74.75177233892,
    -19.17169272319));
#2974 = CARTESIAN_POINT('',(175.37789341851,-75.31550856335,
    -19.32274538927));
#2975 = ORIENTED_EDGE('',*,*,#2976,.T.);
#2976 = EDGE_CURVE('',#2969,#2977,#2979,.T.);
#2977 = VERTEX_POINT('',#2978);
#2978 = CARTESIAN_POINT('',(174.79108786296,-76.6962011507,
    -19.69270085304));
#2979 = B_SPLINE_CURVE_WITH_KNOTS('',2,(#2980,#2981,#2982),
  .UNSPECIFIED.,.F.,.F.,(3,3),(0.,1.),.PIECEWISE_BEZIER_KNOTS.);
#2980 = CARTESIAN_POINT('',(175.37789341851,-75.31550856335,
    -19.32274538927));
#2981 = CARTESIAN_POINT('',(174.79108786296,-75.87896529535,
    -19.47372316558));
#2982 = CARTESIAN_POINT('',(174.79108786296,-76.6962011507,
    -19.69270085304));
#2983 = ORIENTED_EDGE('',*,*,#2984,.T.);
#2984 = EDGE_CURVE('',#2977,#2985,#2987,.T.);
#2985 = VERTEX_POINT('',#2986);
#2986 = CARTESIAN_POINT('',(175.38657397407,-78.042795662,
    -20.05351976488));
#2987 = B_SPLINE_CURVE_WITH_KNOTS('',2,(#2988,#2989,#2990),
  .UNSPECIFIED.,.F.,.F.,(3,3),(0.,1.),.PIECEWISE_BEZIER_KNOTS.);
#2988 = CARTESIAN_POINT('',(174.79108786296,-76.6962011507,
    -19.69270085304));
#2989 = CARTESIAN_POINT('',(174.79108786296,-77.4877237028,
    -19.90478868167));
#2990 = CARTESIAN_POINT('',(175.38657397407,-78.042795662,
    -20.05351976488));
#2991 = ORIENTED_EDGE('',*,*,#2992,.T.);
#2992 = EDGE_CURVE('',#2985,#2993,#2995,.T.);
#2993 = VERTEX_POINT('',#2994);
#2994 = CARTESIAN_POINT('',(176.81770823333,-78.59758812878,
    -20.20217595832));
#2995 = B_SPLINE_CURVE_WITH_KNOTS('',2,(#2996,#2997,#2998),
  .UNSPECIFIED.,.F.,.F.,(3,3),(0.,1.),.PIECEWISE_BEZIER_KNOTS.);
#2996 = CARTESIAN_POINT('',(175.38657397407,-78.042795662,
    -20.05351976488));
#2997 = CARTESIAN_POINT('',(175.98206008518,-78.59758812878,
    -20.20217595832));
#2998 = CARTESIAN_POINT('',(176.81770823333,-78.59758812878,
    -20.20217595832));
#2999 = ORIENTED_EDGE('',*,*,#3000,.T.);
#3000 = EDGE_CURVE('',#2993,#3001,#3003,.T.);
#3001 = VERTEX_POINT('',#3002);
#3002 = CARTESIAN_POINT('',(178.25318277037,-78.03832378317,
    -20.05232152856));
#3003 = B_SPLINE_CURVE_WITH_KNOTS('',2,(#3004,#3005,#3006),
  .UNSPECIFIED.,.F.,.F.,(3,3),(0.,1.),.PIECEWISE_BEZIER_KNOTS.);
#3004 = CARTESIAN_POINT('',(176.81770823333,-78.59758812878,
    -20.20217595832));
#3005 = CARTESIAN_POINT('',(177.66203693703,-78.59758812878,
    -20.20217595832));
#3006 = CARTESIAN_POINT('',(178.25318277037,-78.03832378317,
    -20.05232152856));
#3007 = ORIENTED_EDGE('',*,*,#3008,.T.);
#3008 = EDGE_CURVE('',#3001,#3009,#3011,.T.);
#3009 = VERTEX_POINT('',#3010);
#3010 = CARTESIAN_POINT('',(178.8443286037,-76.67048784745,
    -19.68581099421));
#3011 = B_SPLINE_CURVE_WITH_KNOTS('',2,(#3012,#3013,#3014),
  .UNSPECIFIED.,.F.,.F.,(3,3),(0.,1.),.PIECEWISE_BEZIER_KNOTS.);
#3012 = CARTESIAN_POINT('',(178.25318277037,-78.03832378317,
    -20.05232152856));
#3013 = CARTESIAN_POINT('',(178.8443286037,-77.47905943757,
    -19.9024670988));
#3014 = CARTESIAN_POINT('',(178.8443286037,-76.67048784745,
    -19.68581099421));
#3015 = ORIENTED_EDGE('',*,*,#3016,.T.);
#3016 = EDGE_CURVE('',#3009,#2959,#3017,.T.);
#3017 = B_SPLINE_CURVE_WITH_KNOTS('',2,(#3018,#3019,#3020),
  .UNSPECIFIED.,.F.,.F.,(3,3),(0.,1.),.PIECEWISE_BEZIER_KNOTS.);
#3018 = CARTESIAN_POINT('',(178.8443286037,-76.67048784745,
    -19.68581099421));
#3019 = CARTESIAN_POINT('',(178.8443286037,-75.87896529535,
    -19.47372316558));
#3020 = CARTESIAN_POINT('',(178.25318277037,-75.31550856335,
    -19.32274538927));
#3021 = FACE_BOUND('',#3022,.T.);
#3022 = EDGE_LOOP('',(#3023,#3033,#3041,#3049,#3057,#3065,#3073,#3081,
    #3089,#3097,#3105,#3113,#3121,#3129,#3137,#3145,#3153,#3161,#3169,
    #3177,#3185,#3193,#3201,#3209,#3217,#3225,#3233,#3241,#3249,#3257,
    #3265,#3273,#3281,#3289,#3297,#3305));
#3023 = ORIENTED_EDGE('',*,*,#3024,.T.);
#3024 = EDGE_CURVE('',#3025,#3027,#3029,.T.);
#3025 = VERTEX_POINT('',#3026);
#3026 = CARTESIAN_POINT('',(170.53790499259,-75.36218379859,
    -19.33525198086));
#3027 = VERTEX_POINT('',#3028);
#3028 = CARTESIAN_POINT('',(171.31539341851,-75.10952264496,
    -19.26755162878));
#3029 = B_SPLINE_CURVE_WITH_KNOTS('',2,(#3030,#3031,#3032),
  .UNSPECIFIED.,.F.,.F.,(3,3),(0.,1.),.PIECEWISE_BEZIER_KNOTS.);
#3030 = CARTESIAN_POINT('',(170.53790499259,-75.36218379859,
    -19.33525198086));
#3031 = CARTESIAN_POINT('',(170.82667814074,-75.10952264496,
    -19.26755162878));
#3032 = CARTESIAN_POINT('',(171.31539341851,-75.10952264496,
    -19.26755162878));
#3033 = ORIENTED_EDGE('',*,*,#3034,.T.);
#3034 = EDGE_CURVE('',#3027,#3035,#3037,.T.);
#3035 = VERTEX_POINT('',#3036);
#3036 = CARTESIAN_POINT('',(171.62210638148,-75.13970782703,
    -19.27563972394));
#3037 = B_SPLINE_CURVE_WITH_KNOTS('',2,(#3038,#3039,#3040),
  .UNSPECIFIED.,.F.,.F.,(3,3),(0.,1.),.PIECEWISE_BEZIER_KNOTS.);
#3038 = CARTESIAN_POINT('',(171.31539341851,-75.10952264496,
    -19.26755162878));
#3039 = CARTESIAN_POINT('',(171.47540499259,-75.10952264496,
    -19.26755162878));
#3040 = CARTESIAN_POINT('',(171.62210638148,-75.13970782703,
    -19.27563972394));
#3041 = ORIENTED_EDGE('',*,*,#3042,.T.);
#3042 = EDGE_CURVE('',#3035,#3043,#3045,.T.);
#3043 = VERTEX_POINT('',#3044);
#3044 = CARTESIAN_POINT('',(171.89785869629,-75.23417626721,
    -19.3009524662));
#3045 = B_SPLINE_CURVE_WITH_KNOTS('',2,(#3046,#3047,#3048),
  .UNSPECIFIED.,.F.,.F.,(3,3),(0.,1.),.PIECEWISE_BEZIER_KNOTS.);
#3046 = CARTESIAN_POINT('',(171.62210638148,-75.13970782703,
    -19.27563972394));
#3047 = CARTESIAN_POINT('',(171.76880777037,-75.16961351667,
    -19.28365292933));
#3048 = CARTESIAN_POINT('',(171.89785869629,-75.23417626721,
    -19.3009524662));
#3049 = ORIENTED_EDGE('',*,*,#3050,.T.);
#3050 = EDGE_CURVE('',#3043,#3051,#3053,.T.);
#3051 = VERTEX_POINT('',#3052);
#3052 = CARTESIAN_POINT('',(172.11574064074,-75.35463750307,
    -19.33322995707));
#3053 = B_SPLINE_CURVE_WITH_KNOTS('',2,(#3054,#3055,#3056),
  .UNSPECIFIED.,.F.,.F.,(3,3),(0.,1.),.PIECEWISE_BEZIER_KNOTS.);
#3054 = CARTESIAN_POINT('',(171.89785869629,-75.23417626721,
    -19.3009524662));
#3055 = CARTESIAN_POINT('',(172.02662027037,-75.29873901776,
    -19.31825200307));
#3056 = CARTESIAN_POINT('',(172.11574064074,-75.35463750307,
    -19.33322995707));
#3057 = ORIENTED_EDGE('',*,*,#3058,.T.);
#3058 = EDGE_CURVE('',#3051,#3059,#3061,.T.);
#3059 = VERTEX_POINT('',#3060);
#3060 = CARTESIAN_POINT('',(172.30671286296,-75.51394818623,
    -19.37591712597));
#3061 = B_SPLINE_CURVE_WITH_KNOTS('',2,(#3062,#3063,#3064),
  .UNSPECIFIED.,.F.,.F.,(3,3),(0.,1.),.PIECEWISE_BEZIER_KNOTS.);
#3062 = CARTESIAN_POINT('',(172.11574064074,-75.35463750307,
    -19.33322995707));
#3063 = CARTESIAN_POINT('',(172.20457165925,-75.41053598839,
    -19.34820791107));
#3064 = CARTESIAN_POINT('',(172.30671286296,-75.51394818623,
    -19.37591712597));
#3065 = ORIENTED_EDGE('',*,*,#3066,.T.);
#3066 = EDGE_CURVE('',#3059,#3067,#3069,.T.);
#3067 = VERTEX_POINT('',#3068);
#3068 = CARTESIAN_POINT('',(172.44907397407,-75.66459460416,
    -19.41628271199));
#3069 = B_SPLINE_CURVE_WITH_KNOTS('',2,(#3070,#3071,#3072),
  .UNSPECIFIED.,.F.,.F.,(3,3),(0.,1.),.PIECEWISE_BEZIER_KNOTS.);
#3070 = CARTESIAN_POINT('',(172.30671286296,-75.51394818623,
    -19.37591712597));
#3071 = CARTESIAN_POINT('',(172.40885406666,-75.61708089164,
    -19.40355145109));
#3072 = CARTESIAN_POINT('',(172.44907397407,-75.66459460416,
    -19.41628271199));
#3073 = ORIENTED_EDGE('',*,*,#3074,.T.);
#3074 = EDGE_CURVE('',#3067,#3075,#3077,.T.);
#3075 = VERTEX_POINT('',#3076);
#3076 = CARTESIAN_POINT('',(172.57349527037,-75.81943340849,
    -19.45777164457));
#3077 = B_SPLINE_CURVE_WITH_KNOTS('',2,(#3078,#3079,#3080),
  .UNSPECIFIED.,.F.,.F.,(3,3),(0.,1.),.PIECEWISE_BEZIER_KNOTS.);
#3078 = CARTESIAN_POINT('',(172.44907397407,-75.66459460416,
    -19.41628271199));
#3079 = CARTESIAN_POINT('',(172.48900452963,-75.71182882425,
    -19.42893908312));
#3080 = CARTESIAN_POINT('',(172.57349527037,-75.81943340849,
    -19.45777164457));
#3081 = ORIENTED_EDGE('',*,*,#3082,.T.);
#3082 = EDGE_CURVE('',#3075,#3083,#3085,.T.);
#3083 = VERTEX_POINT('',#3084);
#3084 = CARTESIAN_POINT('',(172.66666656666,-75.93542276552,
    -19.48885089912));
#3085 = B_SPLINE_CURVE_WITH_KNOTS('',2,(#3086,#3087,#3088),
  .UNSPECIFIED.,.F.,.F.,(3,3),(0.,1.),.PIECEWISE_BEZIER_KNOTS.);
#3086 = CARTESIAN_POINT('',(172.57349527037,-75.81943340849,
    -19.45777164457));
#3087 = CARTESIAN_POINT('',(172.65769665925,-75.9267585003,
    -19.48652931625));
#3088 = CARTESIAN_POINT('',(172.66666656666,-75.93542276552,
    -19.48885089912));
#3089 = ORIENTED_EDGE('',*,*,#3090,.T.);
#3090 = EDGE_CURVE('',#3083,#3091,#3093,.T.);
#3091 = VERTEX_POINT('',#3092);
#3092 = CARTESIAN_POINT('',(172.66666656666,-78.09673770033,
    -20.06797349049));
#3093 = LINE('',#3094,#3095);
#3094 = CARTESIAN_POINT('',(172.66666656666,-75.93542276552,
    -19.48885089912));
#3095 = VECTOR('',#3096,1.);
#3096 = DIRECTION('',(0.,-0.965925826289,-0.258819045103));
#3097 = ORIENTED_EDGE('',*,*,#3098,.T.);
#3098 = EDGE_CURVE('',#3091,#3099,#3101,.T.);
#3099 = VERTEX_POINT('',#3100);
#3100 = CARTESIAN_POINT('',(172.26649295555,-78.09673770033,
    -20.06797349049));
#3101 = LINE('',#3102,#3103);
#3102 = CARTESIAN_POINT('',(172.66666656666,-78.09673770033,
    -20.06797349049));
#3103 = VECTOR('',#3104,1.);
#3104 = DIRECTION('',(-1.,0.,0.));
#3105 = ORIENTED_EDGE('',*,*,#3106,.T.);
#3106 = EDGE_CURVE('',#3099,#3107,#3109,.T.);
#3107 = VERTEX_POINT('',#3108);
#3108 = CARTESIAN_POINT('',(172.02662027037,-78.27114097452,
    -20.11470470697));
#3109 = B_SPLINE_CURVE_WITH_KNOTS('',2,(#3110,#3111,#3112),
  .UNSPECIFIED.,.F.,.F.,(3,3),(0.,1.),.PIECEWISE_BEZIER_KNOTS.);
#3110 = CARTESIAN_POINT('',(172.26649295555,-78.09673770033,
    -20.06797349049));
#3111 = CARTESIAN_POINT('',(172.02662027037,-78.09673770033,
    -20.06797349049));
#3112 = CARTESIAN_POINT('',(172.02662027037,-78.27114097452,
    -20.11470470697));
#3113 = ORIENTED_EDGE('',*,*,#3114,.T.);
#3114 = EDGE_CURVE('',#3107,#3115,#3117,.T.);
#3115 = VERTEX_POINT('',#3116);
#3116 = CARTESIAN_POINT('',(172.26649295555,-78.45448800636,
    -20.16383239608));
#3117 = B_SPLINE_CURVE_WITH_KNOTS('',2,(#3118,#3119,#3120),
  .UNSPECIFIED.,.F.,.F.,(3,3),(0.,1.),.PIECEWISE_BEZIER_KNOTS.);
#3118 = CARTESIAN_POINT('',(172.02662027037,-78.27114097452,
    -20.11470470697));
#3119 = CARTESIAN_POINT('',(172.02662027037,-78.45448800636,
    -20.16383239608));
#3120 = CARTESIAN_POINT('',(172.26649295555,-78.45448800636,
    -20.16383239608));
#3121 = ORIENTED_EDGE('',*,*,#3122,.T.);
#3122 = EDGE_CURVE('',#3115,#3123,#3125,.T.);
#3123 = VERTEX_POINT('',#3124);
#3124 = CARTESIAN_POINT('',(173.43113415925,-78.45448800636,
    -20.16383239608));
#3125 = LINE('',#3126,#3127);
#3126 = CARTESIAN_POINT('',(172.26649295555,-78.45448800636,
    -20.16383239608));
#3127 = VECTOR('',#3128,1.);
#3128 = DIRECTION('',(1.,0.,0.));
#3129 = ORIENTED_EDGE('',*,*,#3130,.T.);
#3130 = EDGE_CURVE('',#3123,#3131,#3133,.T.);
#3131 = VERTEX_POINT('',#3132);
#3132 = CARTESIAN_POINT('',(173.67997675185,-78.27114097452,
    -20.11470470697));
#3133 = B_SPLINE_CURVE_WITH_KNOTS('',2,(#3134,#3135,#3136),
  .UNSPECIFIED.,.F.,.F.,(3,3),(0.,1.),.PIECEWISE_BEZIER_KNOTS.);
#3134 = CARTESIAN_POINT('',(173.43113415925,-78.45448800636,
    -20.16383239608));
#3135 = CARTESIAN_POINT('',(173.67997675185,-78.45448800636,
    -20.16383239608));
#3136 = CARTESIAN_POINT('',(173.67997675185,-78.27114097452,
    -20.11470470697));
#3137 = ORIENTED_EDGE('',*,*,#3138,.T.);
#3138 = EDGE_CURVE('',#3131,#3139,#3141,.T.);
#3139 = VERTEX_POINT('',#3140);
#3140 = CARTESIAN_POINT('',(173.43113415925,-78.09673770033,
    -20.06797349049));
#3141 = B_SPLINE_CURVE_WITH_KNOTS('',2,(#3142,#3143,#3144),
  .UNSPECIFIED.,.F.,.F.,(3,3),(0.,1.),.PIECEWISE_BEZIER_KNOTS.);
#3142 = CARTESIAN_POINT('',(173.67997675185,-78.27114097452,
    -20.11470470697));
#3143 = CARTESIAN_POINT('',(173.67997675185,-78.09673770033,
    -20.06797349049));
#3144 = CARTESIAN_POINT('',(173.43113415925,-78.09673770033,
    -20.06797349049));
#3145 = ORIENTED_EDGE('',*,*,#3146,.T.);
#3146 = EDGE_CURVE('',#3139,#3147,#3149,.T.);
#3147 = VERTEX_POINT('',#3148);
#3148 = CARTESIAN_POINT('',(173.03096054814,-78.09673770033,
    -20.06797349049));
#3149 = LINE('',#3150,#3151);
#3150 = CARTESIAN_POINT('',(173.43113415925,-78.09673770033,
    -20.06797349049));
#3151 = VECTOR('',#3152,1.);
#3152 = DIRECTION('',(-1.,0.,0.));
#3153 = ORIENTED_EDGE('',*,*,#3154,.T.);
#3154 = EDGE_CURVE('',#3147,#3155,#3157,.T.);
#3155 = VERTEX_POINT('',#3156);
#3156 = CARTESIAN_POINT('',(173.03096054814,-75.23473525207,
    -19.30110224574));
#3157 = LINE('',#3158,#3159);
#3158 = CARTESIAN_POINT('',(173.03096054814,-78.09673770033,
    -20.06797349049));
#3159 = VECTOR('',#3160,1.);
#3160 = DIRECTION('',(0.,0.965925826289,0.258819045103));
#3161 = ORIENTED_EDGE('',*,*,#3162,.T.);
#3162 = EDGE_CURVE('',#3155,#3163,#3165,.T.);
#3163 = VERTEX_POINT('',#3164);
#3164 = CARTESIAN_POINT('',(173.33333323333,-75.23473525207,
    -19.30110224574));
#3165 = LINE('',#3166,#3167);
#3166 = CARTESIAN_POINT('',(173.03096054814,-75.23473525207,
    -19.30110224574));
#3167 = VECTOR('',#3168,1.);
#3168 = DIRECTION('',(1.,0.,0.));
#3169 = ORIENTED_EDGE('',*,*,#3170,.T.);
#3170 = EDGE_CURVE('',#3163,#3171,#3173,.T.);
#3171 = VERTEX_POINT('',#3172);
#3172 = CARTESIAN_POINT('',(173.57320591851,-75.04915228081,
    -19.25137543846));
#3173 = B_SPLINE_CURVE_WITH_KNOTS('',2,(#3174,#3175,#3176),
  .UNSPECIFIED.,.F.,.F.,(3,3),(0.,1.),.PIECEWISE_BEZIER_KNOTS.);
#3174 = CARTESIAN_POINT('',(173.33333323333,-75.23473525207,
    -19.30110224574));
#3175 = CARTESIAN_POINT('',(173.57320591851,-75.23473525207,
    -19.30110224574));
#3176 = CARTESIAN_POINT('',(173.57320591851,-75.04915228081,
    -19.25137543846));
#3177 = ORIENTED_EDGE('',*,*,#3178,.T.);
#3178 = EDGE_CURVE('',#3171,#3179,#3181,.T.);
#3179 = VERTEX_POINT('',#3180);
#3180 = CARTESIAN_POINT('',(173.33333323333,-74.87698494603,
    -19.20524334015));
#3181 = B_SPLINE_CURVE_WITH_KNOTS('',2,(#3182,#3183,#3184),
  .UNSPECIFIED.,.F.,.F.,(3,3),(0.,1.),.PIECEWISE_BEZIER_KNOTS.);
#3182 = CARTESIAN_POINT('',(173.57320591851,-75.04915228081,
    -19.25137543846));
#3183 = CARTESIAN_POINT('',(173.57320591851,-74.87698494603,
    -19.20524334015));
#3184 = CARTESIAN_POINT('',(173.33333323333,-74.87698494603,
    -19.20524334015));
#3185 = ORIENTED_EDGE('',*,*,#3186,.T.);
#3186 = EDGE_CURVE('',#3179,#3187,#3189,.T.);
#3187 = VERTEX_POINT('',#3188);
#3188 = CARTESIAN_POINT('',(172.66666656666,-74.87698494603,
    -19.20524334015));
#3189 = LINE('',#3190,#3191);
#3190 = CARTESIAN_POINT('',(173.33333323333,-74.87698494603,
    -19.20524334015));
#3191 = VECTOR('',#3192,1.);
#3192 = DIRECTION('',(-1.,0.,0.));
#3193 = ORIENTED_EDGE('',*,*,#3194,.T.);
#3194 = EDGE_CURVE('',#3187,#3195,#3197,.T.);
#3195 = VERTEX_POINT('',#3196);
#3196 = CARTESIAN_POINT('',(172.66666656666,-75.47398076923,
    -19.36520788886));
#3197 = LINE('',#3198,#3199);
#3198 = CARTESIAN_POINT('',(172.66666656666,-74.87698494603,
    -19.20524334015));
#3199 = VECTOR('',#3200,1.);
#3200 = DIRECTION('',(0.,-0.965925826289,-0.258819045103));
#3201 = ORIENTED_EDGE('',*,*,#3202,.T.);
#3202 = EDGE_CURVE('',#3195,#3203,#3205,.T.);
#3203 = VERTEX_POINT('',#3204);
#3204 = CARTESIAN_POINT('',(171.99102999259,-74.90409571141,
    -19.21250764784));
#3205 = B_SPLINE_CURVE_WITH_KNOTS('',2,(#3206,#3207,#3208),
  .UNSPECIFIED.,.F.,.F.,(3,3),(0.,1.),.PIECEWISE_BEZIER_KNOTS.);
#3206 = CARTESIAN_POINT('',(172.66666656666,-75.47398076923,
    -19.36520788886));
#3207 = CARTESIAN_POINT('',(172.28443277037,-75.0564190839,
    -19.25332257248));
#3208 = CARTESIAN_POINT('',(171.99102999259,-74.90409571141,
    -19.21250764784));
#3209 = ORIENTED_EDGE('',*,*,#3210,.T.);
#3210 = EDGE_CURVE('',#3203,#3211,#3213,.T.);
#3211 = VERTEX_POINT('',#3212);
#3212 = CARTESIAN_POINT('',(171.27980314074,-74.75177233892,
    -19.17169272319));
#3213 = B_SPLINE_CURVE_WITH_KNOTS('',2,(#3214,#3215,#3216),
  .UNSPECIFIED.,.F.,.F.,(3,3),(0.,1.),.PIECEWISE_BEZIER_KNOTS.);
#3214 = CARTESIAN_POINT('',(171.99102999259,-74.90409571141,
    -19.21250764784));
#3215 = CARTESIAN_POINT('',(171.69762721481,-74.75177233892,
    -19.17169272319));
#3216 = CARTESIAN_POINT('',(171.27980314074,-74.75177233892,
    -19.17169272319));
#3217 = ORIENTED_EDGE('',*,*,#3218,.T.);
#3218 = EDGE_CURVE('',#3211,#3219,#3221,.T.);
#3219 = VERTEX_POINT('',#3220);
#3220 = CARTESIAN_POINT('',(170.28443277037,-75.08632477355,
    -19.26133577787));
#3221 = B_SPLINE_CURVE_WITH_KNOTS('',2,(#3222,#3223,#3224),
  .UNSPECIFIED.,.F.,.F.,(3,3),(0.,1.),.PIECEWISE_BEZIER_KNOTS.);
#3222 = CARTESIAN_POINT('',(171.27980314074,-74.75177233892,
    -19.17169272319));
#3223 = CARTESIAN_POINT('',(170.68431702963,-74.75177233892,
    -19.17169272319));
#3224 = CARTESIAN_POINT('',(170.28443277037,-75.08632477355,
    -19.26133577787));
#3225 = ORIENTED_EDGE('',*,*,#3226,.T.);
#3226 = EDGE_CURVE('',#3219,#3227,#3229,.T.);
#3227 = VERTEX_POINT('',#3228);
#3228 = CARTESIAN_POINT('',(169.88425915925,-75.91809423508,
    -19.48420773338));
#3229 = B_SPLINE_CURVE_WITH_KNOTS('',2,(#3230,#3231,#3232),
  .UNSPECIFIED.,.F.,.F.,(3,3),(0.,1.),.PIECEWISE_BEZIER_KNOTS.);
#3230 = CARTESIAN_POINT('',(170.28443277037,-75.08632477355,
    -19.26133577787));
#3231 = CARTESIAN_POINT('',(169.88425915925,-75.42087720818,
    -19.35097883256));
#3232 = CARTESIAN_POINT('',(169.88425915925,-75.91809423508,
    -19.48420773338));
#3233 = ORIENTED_EDGE('',*,*,#3234,.T.);
#3234 = EDGE_CURVE('',#3227,#3235,#3237,.T.);
#3235 = VERTEX_POINT('',#3236);
#3236 = CARTESIAN_POINT('',(169.88425915925,-78.09673770033,
    -20.06797349049));
#3237 = LINE('',#3238,#3239);
#3238 = CARTESIAN_POINT('',(169.88425915925,-75.91809423508,
    -19.48420773338));
#3239 = VECTOR('',#3240,1.);
#3240 = DIRECTION('',(0.,-0.965925826289,-0.258819045103));
#3241 = ORIENTED_EDGE('',*,*,#3242,.T.);
#3242 = EDGE_CURVE('',#3235,#3243,#3245,.T.);
#3243 = VERTEX_POINT('',#3244);
#3244 = CARTESIAN_POINT('',(169.58188647407,-78.09673770033,
    -20.06797349049));
#3245 = LINE('',#3246,#3247);
#3246 = CARTESIAN_POINT('',(169.88425915925,-78.09673770033,
    -20.06797349049));
#3247 = VECTOR('',#3248,1.);
#3248 = DIRECTION('',(-1.,0.,0.));
#3249 = ORIENTED_EDGE('',*,*,#3250,.T.);
#3250 = EDGE_CURVE('',#3243,#3251,#3253,.T.);
#3251 = VERTEX_POINT('',#3252);
#3252 = CARTESIAN_POINT('',(169.34201378888,-78.27114097452,
    -20.11470470697));
#3253 = B_SPLINE_CURVE_WITH_KNOTS('',2,(#3254,#3255,#3256),
  .UNSPECIFIED.,.F.,.F.,(3,3),(0.,1.),.PIECEWISE_BEZIER_KNOTS.);
#3254 = CARTESIAN_POINT('',(169.58188647407,-78.09673770033,
    -20.06797349049));
#3255 = CARTESIAN_POINT('',(169.34201378888,-78.09673770033,
    -20.06797349049));
#3256 = CARTESIAN_POINT('',(169.34201378888,-78.27114097452,
    -20.11470470697));
#3257 = ORIENTED_EDGE('',*,*,#3258,.T.);
#3258 = EDGE_CURVE('',#3251,#3259,#3261,.T.);
#3259 = VERTEX_POINT('',#3260);
#3260 = CARTESIAN_POINT('',(169.58217582592,-78.45448800636,
    -20.16383239608));
#3261 = B_SPLINE_CURVE_WITH_KNOTS('',2,(#3262,#3263,#3264),
  .UNSPECIFIED.,.F.,.F.,(3,3),(0.,1.),.PIECEWISE_BEZIER_KNOTS.);
#3262 = CARTESIAN_POINT('',(169.34201378888,-78.27114097452,
    -20.11470470697));
#3263 = CARTESIAN_POINT('',(169.34201378888,-78.45448800636,
    -20.16383239608));
#3264 = CARTESIAN_POINT('',(169.58217582592,-78.45448800636,
    -20.16383239608));
#3265 = ORIENTED_EDGE('',*,*,#3266,.T.);
#3266 = EDGE_CURVE('',#3259,#3267,#3269,.T.);
#3267 = VERTEX_POINT('',#3268);
#3268 = CARTESIAN_POINT('',(170.55092582592,-78.45448800636,
    -20.16383239608));
#3269 = LINE('',#3270,#3271);
#3270 = CARTESIAN_POINT('',(169.58217582592,-78.45448800636,
    -20.16383239608));
#3271 = VECTOR('',#3272,1.);
#3272 = DIRECTION('',(1.,0.,0.));
#3273 = ORIENTED_EDGE('',*,*,#3274,.T.);
#3274 = EDGE_CURVE('',#3267,#3275,#3277,.T.);
#3275 = VERTEX_POINT('',#3276);
#3276 = CARTESIAN_POINT('',(170.79108786296,-78.27114097452,
    -20.11470470697));
#3277 = B_SPLINE_CURVE_WITH_KNOTS('',2,(#3278,#3279,#3280),
  .UNSPECIFIED.,.F.,.F.,(3,3),(0.,1.),.PIECEWISE_BEZIER_KNOTS.);
#3278 = CARTESIAN_POINT('',(170.55092582592,-78.45448800636,
    -20.16383239608));
#3279 = CARTESIAN_POINT('',(170.79108786296,-78.45448800636,
    -20.16383239608));
#3280 = CARTESIAN_POINT('',(170.79108786296,-78.27114097452,
    -20.11470470697));
#3281 = ORIENTED_EDGE('',*,*,#3282,.T.);
#3282 = EDGE_CURVE('',#3275,#3283,#3285,.T.);
#3283 = VERTEX_POINT('',#3284);
#3284 = CARTESIAN_POINT('',(170.55121517777,-78.09673770033,
    -20.06797349049));
#3285 = B_SPLINE_CURVE_WITH_KNOTS('',2,(#3286,#3287,#3288),
  .UNSPECIFIED.,.F.,.F.,(3,3),(0.,1.),.PIECEWISE_BEZIER_KNOTS.);
#3286 = CARTESIAN_POINT('',(170.79108786296,-78.27114097452,
    -20.11470470697));
#3287 = CARTESIAN_POINT('',(170.79108786296,-78.09673770033,
    -20.06797349049));
#3288 = CARTESIAN_POINT('',(170.55121517777,-78.09673770033,
    -20.06797349049));
#3289 = ORIENTED_EDGE('',*,*,#3290,.T.);
#3290 = EDGE_CURVE('',#3283,#3291,#3293,.T.);
#3291 = VERTEX_POINT('',#3292);
#3292 = CARTESIAN_POINT('',(170.24884249259,-78.09673770033,
    -20.06797349049));
#3293 = LINE('',#3294,#3295);
#3294 = CARTESIAN_POINT('',(170.55121517777,-78.09673770033,
    -20.06797349049));
#3295 = VECTOR('',#3296,1.);
#3296 = DIRECTION('',(-1.,0.,0.));
#3297 = ORIENTED_EDGE('',*,*,#3298,.T.);
#3298 = EDGE_CURVE('',#3291,#3299,#3301,.T.);
#3299 = VERTEX_POINT('',#3300);
#3300 = CARTESIAN_POINT('',(170.24884249259,-75.98265698562,
    -19.50150727025));
#3301 = LINE('',#3302,#3303);
#3302 = CARTESIAN_POINT('',(170.24884249259,-78.09673770033,
    -20.06797349049));
#3303 = VECTOR('',#3304,1.);
#3304 = DIRECTION('',(0.,0.965925826289,0.258819045103));
#3305 = ORIENTED_EDGE('',*,*,#3306,.T.);
#3306 = EDGE_CURVE('',#3299,#3025,#3307,.T.);
#3307 = B_SPLINE_CURVE_WITH_KNOTS('',2,(#3308,#3309,#3310),
  .UNSPECIFIED.,.F.,.F.,(3,3),(0.,1.),.PIECEWISE_BEZIER_KNOTS.);
#3308 = CARTESIAN_POINT('',(170.24884249259,-75.98265698562,
    -19.50150727025));
#3309 = CARTESIAN_POINT('',(170.24884249259,-75.6145654598,
    -19.40287744316));
#3310 = CARTESIAN_POINT('',(170.53790499259,-75.36218379859,
    -19.33525198086));
#3311 = PLANE('',#3312);
#3312 = AXIS2_PLACEMENT_3D('',#3313,#3314,#3315);
#3313 = CARTESIAN_POINT('',(51.,-53.33039383601,-13.43185165257));
#3314 = DIRECTION('',(0.,0.258819045103,-0.965925826289));
#3315 = DIRECTION('',(0.,-0.965925826289,-0.258819045103));
#3316 = ADVANCED_FACE('',(#3317),#3328,.T.);
#3317 = FACE_BOUND('',#3318,.T.);
#3318 = EDGE_LOOP('',(#3319,#3326,#3327));
#3319 = ORIENTED_EDGE('',*,*,#3320,.F.);
#3320 = EDGE_CURVE('',#1537,#1629,#3321,.T.);
#3321 = CIRCLE('',#3322,4.);
#3322 = AXIS2_PLACEMENT_3D('',#3323,#3324,#3325);
#3323 = CARTESIAN_POINT('',(220.,-138.3368131867,-32.06814834742));
#3324 = DIRECTION('',(-1.,-0.,0.));
#3325 = DIRECTION('',(0.,-0.965925826289,-0.258819045103));
#3326 = ORIENTED_EDGE('',*,*,#1546,.T.);
#3327 = ORIENTED_EDGE('',*,*,#1636,.F.);
#3328 = SPHERICAL_SURFACE('',#3329,4.);
#3329 = AXIS2_PLACEMENT_3D('',#3330,#3331,#3332);
#3330 = CARTESIAN_POINT('',(220.,-138.3368131867,-32.06814834742));
#3331 = DIRECTION('',(0.,-0.258819045103,0.965925826289));
#3332 = DIRECTION('',(0.,-0.965925826289,-0.258819045103));
#3333 = ADVANCED_FACE('',(#3334),#3346,.T.);
#3334 = FACE_BOUND('',#3335,.F.);
#3335 = EDGE_LOOP('',(#3336,#3343,#3344,#3345));
#3336 = ORIENTED_EDGE('',*,*,#3337,.F.);
#3337 = EDGE_CURVE('',#1653,#1771,#3338,.T.);
#3338 = CIRCLE('',#3339,4.);
#3339 = AXIS2_PLACEMENT_3D('',#3340,#3341,#3342);
#3340 = CARTESIAN_POINT('',(55.,-138.3368131867,-32.06814834742));
#3341 = DIRECTION('',(1.,-0.,0.));
#3342 = DIRECTION('',(0.,0.258819045103,-0.965925826289));
#3343 = ORIENTED_EDGE('',*,*,#1660,.T.);
#3344 = ORIENTED_EDGE('',*,*,#3320,.F.);
#3345 = ORIENTED_EDGE('',*,*,#1867,.F.);
#3346 = CYLINDRICAL_SURFACE('',#3347,4.);
#3347 = AXIS2_PLACEMENT_3D('',#3348,#3349,#3350);
#3348 = CARTESIAN_POINT('',(51.,-138.3368131867,-32.06814834742));
#3349 = DIRECTION('',(1.,0.,0.));
#3350 = DIRECTION('',(0.,0.258819045103,-0.965925826289));
#3351 = ADVANCED_FACE('',(#3352),#3357,.T.);
#3352 = FACE_BOUND('',#3353,.T.);
#3353 = EDGE_LOOP('',(#3354,#3355,#3356));
#3354 = ORIENTED_EDGE('',*,*,#3337,.F.);
#3355 = ORIENTED_EDGE('',*,*,#1675,.T.);
#3356 = ORIENTED_EDGE('',*,*,#1778,.F.);
#3357 = SPHERICAL_SURFACE('',#3358,4.);
#3358 = AXIS2_PLACEMENT_3D('',#3359,#3360,#3361);
#3359 = CARTESIAN_POINT('',(55.,-138.3368131867,-32.06814834742));
#3360 = DIRECTION('',(0.,0.965925826289,0.258819045103));
#3361 = DIRECTION('',(0.,0.258819045103,-0.965925826289));
#3362 = ADVANCED_FACE('',(#3363),#3388,.T.);
#3363 = FACE_BOUND('',#3364,.T.);
#3364 = EDGE_LOOP('',(#3365,#3373,#3381,#3387));
#3365 = ORIENTED_EDGE('',*,*,#3366,.T.);
#3366 = EDGE_CURVE('',#1879,#3367,#3369,.T.);
#3367 = VERTEX_POINT('',#3368);
#3368 = CARTESIAN_POINT('',(197.10677073333,-78.18646382735,
    -19.05673935335));
#3369 = LINE('',#3370,#3371);
#3370 = CARTESIAN_POINT('',(197.10677073333,-77.92764478225,
    -20.02266517964));
#3371 = VECTOR('',#3372,1.);
#3372 = DIRECTION('',(0.,-0.258819045103,0.965925826289));
#3373 = ORIENTED_EDGE('',*,*,#3374,.T.);
#3374 = EDGE_CURVE('',#3367,#3375,#3377,.T.);
#3375 = VERTEX_POINT('',#3376);
#3376 = CARTESIAN_POINT('',(196.69328693703,-77.40332604805,
    -18.84689821783));
#3377 = B_SPLINE_CURVE_WITH_KNOTS('',2,(#3378,#3379,#3380),
  .UNSPECIFIED.,.F.,.F.,(3,3),(0.,1.),.PIECEWISE_BEZIER_KNOTS.);
#3378 = CARTESIAN_POINT('',(197.10677073333,-78.18646382735,
    -19.05673935335));
#3379 = CARTESIAN_POINT('',(196.69328693703,-77.87399129442,
    -18.9730125905));
#3380 = CARTESIAN_POINT('',(196.69328693703,-77.40332604805,
    -18.84689821783));
#3381 = ORIENTED_EDGE('',*,*,#3382,.F.);
#3382 = EDGE_CURVE('',#1881,#3375,#3383,.T.);
#3383 = LINE('',#3384,#3385);
#3384 = CARTESIAN_POINT('',(196.69328693703,-77.14450700294,
    -19.81282404412));
#3385 = VECTOR('',#3386,1.);
#3386 = DIRECTION('',(0.,-0.258819045103,0.965925826289));
#3387 = ORIENTED_EDGE('',*,*,#1878,.F.);
#3388 = SURFACE_OF_LINEAR_EXTRUSION('',#3389,#3393);
#3389 = B_SPLINE_CURVE_WITH_KNOTS('',2,(#3390,#3391,#3392),
  .UNSPECIFIED.,.F.,.F.,(3,3),(0.,1.),.PIECEWISE_BEZIER_KNOTS.);
#3390 = CARTESIAN_POINT('',(197.10677073333,-77.92764478225,
    -20.02266517964));
#3391 = CARTESIAN_POINT('',(196.69328693703,-77.61517224932,
    -19.93893841679));
#3392 = CARTESIAN_POINT('',(196.69328693703,-77.14450700294,
    -19.81282404412));
#3393 = VECTOR('',#3394,1.);
#3394 = DIRECTION('',(0.,0.258819045103,-0.965925826289));
#3395 = ADVANCED_FACE('',(#3396),#3414,.T.);
#3396 = FACE_BOUND('',#3397,.T.);
#3397 = EDGE_LOOP('',(#3398,#3406,#3412,#3413));
#3398 = ORIENTED_EDGE('',*,*,#3399,.T.);
#3399 = EDGE_CURVE('',#2169,#3400,#3402,.T.);
#3400 = VERTEX_POINT('',#3401);
#3401 = CARTESIAN_POINT('',(198.14207165925,-78.49865686785,
    -19.14039122644));
#3402 = LINE('',#3403,#3404);
#3403 = CARTESIAN_POINT('',(198.14207165925,-78.23983782274,
    -20.10631705273));
#3404 = VECTOR('',#3405,1.);
#3405 = DIRECTION('',(0.,-0.258819045103,0.965925826289));
#3406 = ORIENTED_EDGE('',*,*,#3407,.T.);
#3407 = EDGE_CURVE('',#3400,#3367,#3408,.T.);
#3408 = B_SPLINE_CURVE_WITH_KNOTS('',2,(#3409,#3410,#3411),
  .UNSPECIFIED.,.F.,.F.,(3,3),(0.,1.),.PIECEWISE_BEZIER_KNOTS.);
#3409 = CARTESIAN_POINT('',(198.14207165925,-78.49865686785,
    -19.14039122644));
#3410 = CARTESIAN_POINT('',(197.51996517777,-78.49865686785,
    -19.14039122644));
#3411 = CARTESIAN_POINT('',(197.10677073333,-78.18646382735,
    -19.05673935335));
#3412 = ORIENTED_EDGE('',*,*,#3366,.F.);
#3413 = ORIENTED_EDGE('',*,*,#2176,.F.);
#3414 = SURFACE_OF_LINEAR_EXTRUSION('',#3415,#3419);
#3415 = B_SPLINE_CURVE_WITH_KNOTS('',2,(#3416,#3417,#3418),
  .UNSPECIFIED.,.F.,.F.,(3,3),(0.,1.),.PIECEWISE_BEZIER_KNOTS.);
#3416 = CARTESIAN_POINT('',(198.14207165925,-78.23983782274,
    -20.10631705273));
#3417 = CARTESIAN_POINT('',(197.51996517777,-78.23983782274,
    -20.10631705273));
#3418 = CARTESIAN_POINT('',(197.10677073333,-77.92764478225,
    -20.02266517964));
#3419 = VECTOR('',#3420,1.);
#3420 = DIRECTION('',(0.,0.258819045103,-0.965925826289));
#3421 = ADVANCED_FACE('',(#3422),#3440,.T.);
#3422 = FACE_BOUND('',#3423,.T.);
#3423 = EDGE_LOOP('',(#3424,#3432,#3438,#3439));
#3424 = ORIENTED_EDGE('',*,*,#3425,.T.);
#3425 = EDGE_CURVE('',#2161,#3426,#3428,.T.);
#3426 = VERTEX_POINT('',#3427);
#3427 = CARTESIAN_POINT('',(199.18229156666,-78.20770525177,
    -19.06243097587));
#3428 = LINE('',#3429,#3430);
#3429 = CARTESIAN_POINT('',(199.18229156666,-77.94888620667,
    -20.02835680216));
#3430 = VECTOR('',#3431,1.);
#3431 = DIRECTION('',(0.,-0.258819045103,0.965925826289));
#3432 = ORIENTED_EDGE('',*,*,#3433,.T.);
#3433 = EDGE_CURVE('',#3426,#3400,#3434,.T.);
#3434 = B_SPLINE_CURVE_WITH_KNOTS('',2,(#3435,#3436,#3437),
  .UNSPECIFIED.,.F.,.F.,(3,3),(0.,1.),.PIECEWISE_BEZIER_KNOTS.);
#3435 = CARTESIAN_POINT('',(199.18229156666,-78.20770525177,
    -19.06243097587));
#3436 = CARTESIAN_POINT('',(198.74652767777,-78.49865686785,
    -19.14039122644));
#3437 = CARTESIAN_POINT('',(198.14207165925,-78.49865686785,
    -19.14039122644));
#3438 = ORIENTED_EDGE('',*,*,#3399,.F.);
#3439 = ORIENTED_EDGE('',*,*,#2168,.F.);
#3440 = SURFACE_OF_LINEAR_EXTRUSION('',#3441,#3445);
#3441 = B_SPLINE_CURVE_WITH_KNOTS('',2,(#3442,#3443,#3444),
  .UNSPECIFIED.,.F.,.F.,(3,3),(0.,1.),.PIECEWISE_BEZIER_KNOTS.);
#3442 = CARTESIAN_POINT('',(199.18229156666,-77.94888620667,
    -20.02835680216));
#3443 = CARTESIAN_POINT('',(198.74652767777,-78.23983782274,
    -20.10631705273));
#3444 = CARTESIAN_POINT('',(198.14207165925,-78.23983782274,
    -20.10631705273));
#3445 = VECTOR('',#3446,1.);
#3446 = DIRECTION('',(0.,0.258819045103,-0.965925826289));
#3447 = ADVANCED_FACE('',(#3448),#3466,.T.);
#3448 = FACE_BOUND('',#3449,.T.);
#3449 = EDGE_LOOP('',(#3450,#3458,#3464,#3465));
#3450 = ORIENTED_EDGE('',*,*,#3451,.T.);
#3451 = EDGE_CURVE('',#2153,#3452,#3454,.T.);
#3452 = VERTEX_POINT('',#3453);
#3453 = CARTESIAN_POINT('',(199.63541656666,-77.49751499581,
    -18.87213607032));
#3454 = LINE('',#3455,#3456);
#3455 = CARTESIAN_POINT('',(199.63541656666,-77.23869595071,
    -19.8380618966));
#3456 = VECTOR('',#3457,1.);
#3457 = DIRECTION('',(0.,-0.258819045103,0.965925826289));
#3458 = ORIENTED_EDGE('',*,*,#3459,.T.);
#3459 = EDGE_CURVE('',#3452,#3426,#3460,.T.);
#3460 = B_SPLINE_CURVE_WITH_KNOTS('',2,(#3461,#3462,#3463),
  .UNSPECIFIED.,.F.,.F.,(3,3),(0.,1.),.PIECEWISE_BEZIER_KNOTS.);
#3461 = CARTESIAN_POINT('',(199.63541656666,-77.49751499581,
    -18.87213607032));
#3462 = CARTESIAN_POINT('',(199.6177661037,-77.91675363569,
    -18.98447072531));
#3463 = CARTESIAN_POINT('',(199.18229156666,-78.20770525177,
    -19.06243097587));
#3464 = ORIENTED_EDGE('',*,*,#3425,.F.);
#3465 = ORIENTED_EDGE('',*,*,#2160,.F.);
#3466 = SURFACE_OF_LINEAR_EXTRUSION('',#3467,#3471);
#3467 = B_SPLINE_CURVE_WITH_KNOTS('',2,(#3468,#3469,#3470),
  .UNSPECIFIED.,.F.,.F.,(3,3),(0.,1.),.PIECEWISE_BEZIER_KNOTS.);
#3468 = CARTESIAN_POINT('',(199.63541656666,-77.23869595071,
    -19.8380618966));
#3469 = CARTESIAN_POINT('',(199.6177661037,-77.65793459059,
    -19.9503965516));
#3470 = CARTESIAN_POINT('',(199.18229156666,-77.94888620667,
    -20.02835680216));
#3471 = VECTOR('',#3472,1.);
#3472 = DIRECTION('',(0.,0.258819045103,-0.965925826289));
#3473 = ADVANCED_FACE('',(#3474),#3492,.T.);
#3474 = FACE_BOUND('',#3475,.T.);
#3475 = EDGE_LOOP('',(#3476,#3484,#3490,#3491));
#3476 = ORIENTED_EDGE('',*,*,#3477,.T.);
#3477 = EDGE_CURVE('',#2145,#3478,#3480,.T.);
#3478 = VERTEX_POINT('',#3479);
#3479 = CARTESIAN_POINT('',(199.81336795555,-77.29208806227,
    -18.81709208937));
#3480 = LINE('',#3481,#3482);
#3481 = CARTESIAN_POINT('',(199.81336795555,-77.03326901716,
    -19.78301791566));
#3482 = VECTOR('',#3483,1.);
#3483 = DIRECTION('',(0.,-0.258819045103,0.965925826289));
#3484 = ORIENTED_EDGE('',*,*,#3485,.T.);
#3485 = EDGE_CURVE('',#3478,#3452,#3486,.T.);
#3486 = B_SPLINE_CURVE_WITH_KNOTS('',2,(#3487,#3488,#3489),
  .UNSPECIFIED.,.F.,.F.,(3,3),(0.,1.),.PIECEWISE_BEZIER_KNOTS.);
#3487 = CARTESIAN_POINT('',(199.81336795555,-77.29208806227,
    -18.81709208937));
#3488 = CARTESIAN_POINT('',(199.64438647407,-77.29208806227,
    -18.81709208937));
#3489 = CARTESIAN_POINT('',(199.63541656666,-77.49751499581,
    -18.87213607032));
#3490 = ORIENTED_EDGE('',*,*,#3451,.F.);
#3491 = ORIENTED_EDGE('',*,*,#2152,.F.);
#3492 = SURFACE_OF_LINEAR_EXTRUSION('',#3493,#3497);
#3493 = B_SPLINE_CURVE_WITH_KNOTS('',2,(#3494,#3495,#3496),
  .UNSPECIFIED.,.F.,.F.,(3,3),(0.,1.),.PIECEWISE_BEZIER_KNOTS.);
#3494 = CARTESIAN_POINT('',(199.81336795555,-77.03326901716,
    -19.78301791566));
#3495 = CARTESIAN_POINT('',(199.64438647407,-77.03326901716,
    -19.78301791566));
#3496 = CARTESIAN_POINT('',(199.63541656666,-77.23869595071,
    -19.8380618966));
#3497 = VECTOR('',#3498,1.);
#3498 = DIRECTION('',(0.,0.258819045103,-0.965925826289));
#3499 = ADVANCED_FACE('',(#3500),#3518,.T.);
#3500 = FACE_BOUND('',#3501,.T.);
#3501 = EDGE_LOOP('',(#3502,#3510,#3516,#3517));
#3502 = ORIENTED_EDGE('',*,*,#3503,.T.);
#3503 = EDGE_CURVE('',#2137,#3504,#3506,.T.);
#3504 = VERTEX_POINT('',#3505);
#3505 = CARTESIAN_POINT('',(199.9999999,-77.52322829905,-18.87902592916)
  );
#3506 = LINE('',#3507,#3508);
#3507 = CARTESIAN_POINT('',(199.9999999,-77.26440925395,-19.84495175544)
  );
#3508 = VECTOR('',#3509,1.);
#3509 = DIRECTION('',(0.,-0.258819045103,0.965925826289));
#3510 = ORIENTED_EDGE('',*,*,#3511,.T.);
#3511 = EDGE_CURVE('',#3504,#3478,#3512,.T.);
#3512 = B_SPLINE_CURVE_WITH_KNOTS('',2,(#3513,#3514,#3515),
  .UNSPECIFIED.,.F.,.F.,(3,3),(0.,1.),.PIECEWISE_BEZIER_KNOTS.);
#3513 = CARTESIAN_POINT('',(199.9999999,-77.52322829905,-18.87902592916)
  );
#3514 = CARTESIAN_POINT('',(199.9999999,-77.29208806227,-18.81709208937)
  );
#3515 = CARTESIAN_POINT('',(199.81336795555,-77.29208806227,
    -18.81709208937));
#3516 = ORIENTED_EDGE('',*,*,#3477,.F.);
#3517 = ORIENTED_EDGE('',*,*,#2144,.F.);
#3518 = SURFACE_OF_LINEAR_EXTRUSION('',#3519,#3523);
#3519 = B_SPLINE_CURVE_WITH_KNOTS('',2,(#3520,#3521,#3522),
  .UNSPECIFIED.,.F.,.F.,(3,3),(0.,1.),.PIECEWISE_BEZIER_KNOTS.);
#3520 = CARTESIAN_POINT('',(199.9999999,-77.26440925395,-19.84495175544)
  );
#3521 = CARTESIAN_POINT('',(199.9999999,-77.03326901716,-19.78301791566)
  );
#3522 = CARTESIAN_POINT('',(199.81336795555,-77.03326901716,
    -19.78301791566));
#3523 = VECTOR('',#3524,1.);
#3524 = DIRECTION('',(0.,0.258819045103,-0.965925826289));
#3525 = ADVANCED_FACE('',(#3526),#3544,.T.);
#3526 = FACE_BOUND('',#3527,.T.);
#3527 = EDGE_LOOP('',(#3528,#3536,#3542,#3543));
#3528 = ORIENTED_EDGE('',*,*,#3529,.T.);
#3529 = EDGE_CURVE('',#2129,#3530,#3532,.T.);
#3530 = VERTEX_POINT('',#3531);
#3531 = CARTESIAN_POINT('',(199.9999999,-78.48216681468,-19.13597273001)
  );
#3532 = LINE('',#3533,#3534);
#3533 = CARTESIAN_POINT('',(199.9999999,-78.22334776958,-20.1018985563)
  );
#3534 = VECTOR('',#3535,1.);
#3535 = DIRECTION('',(0.,-0.258819045103,0.965925826289));
#3536 = ORIENTED_EDGE('',*,*,#3537,.T.);
#3537 = EDGE_CURVE('',#3530,#3504,#3538,.T.);
#3538 = LINE('',#3539,#3540);
#3539 = CARTESIAN_POINT('',(199.9999999,-78.48216681468,-19.13597273001)
  );
#3540 = VECTOR('',#3541,1.);
#3541 = DIRECTION('',(0.,0.965925826289,0.258819045103));
#3542 = ORIENTED_EDGE('',*,*,#3503,.F.);
#3543 = ORIENTED_EDGE('',*,*,#2136,.F.);
#3544 = PLANE('',#3545);
#3545 = AXIS2_PLACEMENT_3D('',#3546,#3547,#3548);
#3546 = CARTESIAN_POINT('',(199.9999999,-78.22334776958,-20.1018985563)
  );
#3547 = DIRECTION('',(-1.,-1.2E-16,-3.E-17));
#3548 = DIRECTION('',(-1.236756705078E-16,0.965925826289,0.258819045103)
  );
#3549 = ADVANCED_FACE('',(#3550),#3568,.T.);
#3550 = FACE_BOUND('',#3551,.T.);
#3551 = EDGE_LOOP('',(#3552,#3560,#3566,#3567));
#3552 = ORIENTED_EDGE('',*,*,#3553,.T.);
#3553 = EDGE_CURVE('',#2121,#3554,#3556,.T.);
#3554 = VERTEX_POINT('',#3555);
#3555 = CARTESIAN_POINT('',(199.82204851111,-78.71330705147,
    -19.19790656979));
#3556 = LINE('',#3557,#3558);
#3557 = CARTESIAN_POINT('',(199.82204851111,-78.45448800636,
    -20.16383239608));
#3558 = VECTOR('',#3559,1.);
#3559 = DIRECTION('',(0.,-0.258819045103,0.965925826289));
#3560 = ORIENTED_EDGE('',*,*,#3561,.T.);
#3561 = EDGE_CURVE('',#3554,#3530,#3562,.T.);
#3562 = B_SPLINE_CURVE_WITH_KNOTS('',2,(#3563,#3564,#3565),
  .UNSPECIFIED.,.F.,.F.,(3,3),(0.,1.),.PIECEWISE_BEZIER_KNOTS.);
#3563 = CARTESIAN_POINT('',(199.82204851111,-78.71330705147,
    -19.19790656979));
#3564 = CARTESIAN_POINT('',(199.9999999,-78.71330705147,-19.19790656979)
  );
#3565 = CARTESIAN_POINT('',(199.9999999,-78.48216681468,-19.13597273001)
  );
#3566 = ORIENTED_EDGE('',*,*,#3529,.F.);
#3567 = ORIENTED_EDGE('',*,*,#2128,.F.);
#3568 = SURFACE_OF_LINEAR_EXTRUSION('',#3569,#3573);
#3569 = B_SPLINE_CURVE_WITH_KNOTS('',2,(#3570,#3571,#3572),
  .UNSPECIFIED.,.F.,.F.,(3,3),(0.,1.),.PIECEWISE_BEZIER_KNOTS.);
#3570 = CARTESIAN_POINT('',(199.82204851111,-78.45448800636,
    -20.16383239608));
#3571 = CARTESIAN_POINT('',(199.9999999,-78.45448800636,-20.16383239608)
  );
#3572 = CARTESIAN_POINT('',(199.9999999,-78.22334776958,-20.1018985563)
  );
#3573 = VECTOR('',#3574,1.);
#3574 = DIRECTION('',(0.,0.258819045103,-0.965925826289));
#3575 = ADVANCED_FACE('',(#3576),#3594,.T.);
#3576 = FACE_BOUND('',#3577,.T.);
#3577 = EDGE_LOOP('',(#3578,#3586,#3592,#3593));
#3578 = ORIENTED_EDGE('',*,*,#3579,.T.);
#3579 = EDGE_CURVE('',#2113,#3580,#3582,.T.);
#3580 = VERTEX_POINT('',#3581);
#3581 = CARTESIAN_POINT('',(199.63541656666,-78.48188732225,
    -19.13589784024));
#3582 = LINE('',#3583,#3584);
#3583 = CARTESIAN_POINT('',(199.63541656666,-78.22306827715,
    -20.10182366653));
#3584 = VECTOR('',#3585,1.);
#3585 = DIRECTION('',(0.,-0.258819045103,0.965925826289));
#3586 = ORIENTED_EDGE('',*,*,#3587,.T.);
#3587 = EDGE_CURVE('',#3580,#3554,#3588,.T.);
#3588 = B_SPLINE_CURVE_WITH_KNOTS('',2,(#3589,#3590,#3591),
  .UNSPECIFIED.,.F.,.F.,(3,3),(0.,1.),.PIECEWISE_BEZIER_KNOTS.);
#3589 = CARTESIAN_POINT('',(199.63541656666,-78.48188732225,
    -19.13589784024));
#3590 = CARTESIAN_POINT('',(199.63541656666,-78.71330705147,
    -19.19790656979));
#3591 = CARTESIAN_POINT('',(199.82204851111,-78.71330705147,
    -19.19790656979));
#3592 = ORIENTED_EDGE('',*,*,#3553,.F.);
#3593 = ORIENTED_EDGE('',*,*,#2120,.F.);
#3594 = SURFACE_OF_LINEAR_EXTRUSION('',#3595,#3599);
#3595 = B_SPLINE_CURVE_WITH_KNOTS('',2,(#3596,#3597,#3598),
  .UNSPECIFIED.,.F.,.F.,(3,3),(0.,1.),.PIECEWISE_BEZIER_KNOTS.);
#3596 = CARTESIAN_POINT('',(199.63541656666,-78.22306827715,
    -20.10182366653));
#3597 = CARTESIAN_POINT('',(199.63541656666,-78.45448800636,
    -20.16383239608));
#3598 = CARTESIAN_POINT('',(199.82204851111,-78.45448800636,
    -20.16383239608));
#3599 = VECTOR('',#3600,1.);
#3600 = DIRECTION('',(0.,0.258819045103,-0.965925826289));
#3601 = ADVANCED_FACE('',(#3602),#3620,.T.);
#3602 = FACE_BOUND('',#3603,.T.);
#3603 = EDGE_LOOP('',(#3604,#3612,#3618,#3619));
#3604 = ORIENTED_EDGE('',*,*,#3605,.T.);
#3605 = EDGE_CURVE('',#2105,#3606,#3608,.T.);
#3606 = VERTEX_POINT('',#3607);
#3607 = CARTESIAN_POINT('',(199.63541656666,-78.23341855501,
    -19.06932083471));
#3608 = LINE('',#3609,#3610);
#3609 = CARTESIAN_POINT('',(199.63541656666,-77.97459950991,
    -20.035246661));
#3610 = VECTOR('',#3611,1.);
#3611 = DIRECTION('',(0.,-0.258819045103,0.965925826289));
#3612 = ORIENTED_EDGE('',*,*,#3613,.T.);
#3613 = EDGE_CURVE('',#3606,#3580,#3614,.T.);
#3614 = LINE('',#3615,#3616);
#3615 = CARTESIAN_POINT('',(199.63541656666,-78.23341855501,
    -19.06932083471));
#3616 = VECTOR('',#3617,1.);
#3617 = DIRECTION('',(-0.,-0.965925826289,-0.258819045103));
#3618 = ORIENTED_EDGE('',*,*,#3579,.F.);
#3619 = ORIENTED_EDGE('',*,*,#2112,.F.);
#3620 = PLANE('',#3621);
#3621 = AXIS2_PLACEMENT_3D('',#3622,#3623,#3624);
#3622 = CARTESIAN_POINT('',(199.63541656666,-77.97459950991,
    -20.035246661));
#3623 = DIRECTION('',(1.,1.2E-16,3.E-17));
#3624 = DIRECTION('',(1.236756705078E-16,-0.965925826289,-0.258819045103
    ));
#3625 = ADVANCED_FACE('',(#3626),#3644,.T.);
#3626 = FACE_BOUND('',#3627,.T.);
#3627 = EDGE_LOOP('',(#3628,#3636,#3642,#3643));
#3628 = ORIENTED_EDGE('',*,*,#3629,.T.);
#3629 = EDGE_CURVE('',#2097,#3630,#3632,.T.);
#3630 = VERTEX_POINT('',#3631);
#3631 = CARTESIAN_POINT('',(198.1333911037,-78.85640717388,
    -19.23625013203));
#3632 = LINE('',#3633,#3634);
#3633 = CARTESIAN_POINT('',(198.1333911037,-78.59758812878,
    -20.20217595832));
#3634 = VECTOR('',#3635,1.);
#3635 = DIRECTION('',(0.,-0.258819045103,0.965925826289));
#3636 = ORIENTED_EDGE('',*,*,#3637,.T.);
#3637 = EDGE_CURVE('',#3630,#3606,#3638,.T.);
#3638 = B_SPLINE_CURVE_WITH_KNOTS('',2,(#3639,#3640,#3641),
  .UNSPECIFIED.,.F.,.F.,(3,3),(0.,1.),.PIECEWISE_BEZIER_KNOTS.);
#3639 = CARTESIAN_POINT('',(198.1333911037,-78.85640717388,
    -19.23625013203));
#3640 = CARTESIAN_POINT('',(199.07552073333,-78.85640717388,
    -19.23625013203));
#3641 = CARTESIAN_POINT('',(199.63541656666,-78.23341855501,
    -19.06932083471));
#3642 = ORIENTED_EDGE('',*,*,#3605,.F.);
#3643 = ORIENTED_EDGE('',*,*,#2104,.F.);
#3644 = SURFACE_OF_LINEAR_EXTRUSION('',#3645,#3649);
#3645 = B_SPLINE_CURVE_WITH_KNOTS('',2,(#3646,#3647,#3648),
  .UNSPECIFIED.,.F.,.F.,(3,3),(0.,1.),.PIECEWISE_BEZIER_KNOTS.);
#3646 = CARTESIAN_POINT('',(198.1333911037,-78.59758812878,
    -20.20217595832));
#3647 = CARTESIAN_POINT('',(199.07552073333,-78.59758812878,
    -20.20217595832));
#3648 = CARTESIAN_POINT('',(199.63541656666,-77.97459950991,
    -20.035246661));
#3649 = VECTOR('',#3650,1.);
#3650 = DIRECTION('',(0.,0.258819045103,-0.965925826289));
#3651 = ADVANCED_FACE('',(#3652),#3670,.T.);
#3652 = FACE_BOUND('',#3653,.T.);
#3653 = EDGE_LOOP('',(#3654,#3662,#3668,#3669));
#3654 = ORIENTED_EDGE('',*,*,#3655,.T.);
#3655 = EDGE_CURVE('',#2089,#3656,#3658,.T.);
#3656 = VERTEX_POINT('',#3657);
#3657 = CARTESIAN_POINT('',(196.81770823333,-78.45226112503,
    -19.12795952462));
#3658 = LINE('',#3659,#3660);
#3659 = CARTESIAN_POINT('',(196.81770823333,-78.19344207993,
    -20.09388535091));
#3660 = VECTOR('',#3661,1.);
#3661 = DIRECTION('',(0.,-0.258819045103,0.965925826289));
#3662 = ORIENTED_EDGE('',*,*,#3663,.T.);
#3663 = EDGE_CURVE('',#3656,#3630,#3664,.T.);
#3664 = B_SPLINE_CURVE_WITH_KNOTS('',2,(#3665,#3666,#3667),
  .UNSPECIFIED.,.F.,.F.,(3,3),(0.,1.),.PIECEWISE_BEZIER_KNOTS.);
#3665 = CARTESIAN_POINT('',(196.81770823333,-78.45226112503,
    -19.12795952462));
#3666 = CARTESIAN_POINT('',(197.33333323333,-78.85640717388,
    -19.23625013203));
#3667 = CARTESIAN_POINT('',(198.1333911037,-78.85640717388,
    -19.23625013203));
#3668 = ORIENTED_EDGE('',*,*,#3629,.F.);
#3669 = ORIENTED_EDGE('',*,*,#2096,.F.);
#3670 = SURFACE_OF_LINEAR_EXTRUSION('',#3671,#3675);
#3671 = B_SPLINE_CURVE_WITH_KNOTS('',2,(#3672,#3673,#3674),
  .UNSPECIFIED.,.F.,.F.,(3,3),(0.,1.),.PIECEWISE_BEZIER_KNOTS.);
#3672 = CARTESIAN_POINT('',(196.81770823333,-78.19344207993,
    -20.09388535091));
#3673 = CARTESIAN_POINT('',(197.33333323333,-78.59758812878,
    -20.20217595832));
#3674 = CARTESIAN_POINT('',(198.1333911037,-78.59758812878,
    -20.20217595832));
#3675 = VECTOR('',#3676,1.);
#3676 = DIRECTION('',(0.,0.258819045103,-0.965925826289));
#3677 = ADVANCED_FACE('',(#3678),#3696,.T.);
#3678 = FACE_BOUND('',#3679,.T.);
#3679 = EDGE_LOOP('',(#3680,#3688,#3694,#3695));
#3680 = ORIENTED_EDGE('',*,*,#3681,.T.);
#3681 = EDGE_CURVE('',#2081,#3682,#3684,.T.);
#3682 = VERTEX_POINT('',#3683);
#3683 = CARTESIAN_POINT('',(196.30208323333,-77.42037508607,
    -18.8514664938));
#3684 = LINE('',#3685,#3686);
#3685 = CARTESIAN_POINT('',(196.30208323333,-77.16155604097,
    -19.81739232009));
#3686 = VECTOR('',#3687,1.);
#3687 = DIRECTION('',(0.,-0.258819045103,0.965925826289));
#3688 = ORIENTED_EDGE('',*,*,#3689,.T.);
#3689 = EDGE_CURVE('',#3682,#3656,#3690,.T.);
#3690 = B_SPLINE_CURVE_WITH_KNOTS('',2,(#3691,#3692,#3693),
  .UNSPECIFIED.,.F.,.F.,(3,3),(0.,1.),.PIECEWISE_BEZIER_KNOTS.);
#3691 = CARTESIAN_POINT('',(196.30208323333,-77.42037508607,
    -18.8514664938));
#3692 = CARTESIAN_POINT('',(196.30208323333,-78.04811507619,
    -19.01966891721));
#3693 = CARTESIAN_POINT('',(196.81770823333,-78.45226112503,
    -19.12795952462));
#3694 = ORIENTED_EDGE('',*,*,#3655,.F.);
#3695 = ORIENTED_EDGE('',*,*,#2088,.F.);
#3696 = SURFACE_OF_LINEAR_EXTRUSION('',#3697,#3701);
#3697 = B_SPLINE_CURVE_WITH_KNOTS('',2,(#3698,#3699,#3700),
  .UNSPECIFIED.,.F.,.F.,(3,3),(0.,1.),.PIECEWISE_BEZIER_KNOTS.);
#3698 = CARTESIAN_POINT('',(196.30208323333,-77.16155604097,
    -19.81739232009));
#3699 = CARTESIAN_POINT('',(196.30208323333,-77.78929603108,
    -19.98559474349));
#3700 = CARTESIAN_POINT('',(196.81770823333,-78.19344207993,
    -20.09388535091));
#3701 = VECTOR('',#3702,1.);
#3702 = DIRECTION('',(0.,0.258819045103,-0.965925826289));
#3703 = ADVANCED_FACE('',(#3704),#3722,.T.);
#3704 = FACE_BOUND('',#3705,.T.);
#3705 = EDGE_LOOP('',(#3706,#3714,#3720,#3721));
#3706 = ORIENTED_EDGE('',*,*,#3707,.T.);
#3707 = EDGE_CURVE('',#2073,#3708,#3710,.T.);
#3708 = VERTEX_POINT('',#3709);
#3709 = CARTESIAN_POINT('',(196.53327536296,-76.69732817849,
    -18.65772665882));
#3710 = LINE('',#3711,#3712);
#3711 = CARTESIAN_POINT('',(196.53327536296,-76.43850913338,
    -19.62365248511));
#3712 = VECTOR('',#3713,1.);
#3713 = DIRECTION('',(0.,-0.258819045103,0.965925826289));
#3714 = ORIENTED_EDGE('',*,*,#3715,.T.);
#3715 = EDGE_CURVE('',#3708,#3682,#3716,.T.);
#3716 = B_SPLINE_CURVE_WITH_KNOTS('',2,(#3717,#3718,#3719),
  .UNSPECIFIED.,.F.,.F.,(3,3),(0.,1.),.PIECEWISE_BEZIER_KNOTS.);
#3717 = CARTESIAN_POINT('',(196.53327536296,-76.69732817849,
    -18.65772665882));
#3718 = CARTESIAN_POINT('',(196.30208323333,-76.98380791574,
    -18.73448867307));
#3719 = CARTESIAN_POINT('',(196.30208323333,-77.42037508607,
    -18.8514664938));
#3720 = ORIENTED_EDGE('',*,*,#3681,.F.);
#3721 = ORIENTED_EDGE('',*,*,#2080,.F.);
#3722 = SURFACE_OF_LINEAR_EXTRUSION('',#3723,#3727);
#3723 = B_SPLINE_CURVE_WITH_KNOTS('',2,(#3724,#3725,#3726),
  .UNSPECIFIED.,.F.,.F.,(3,3),(0.,1.),.PIECEWISE_BEZIER_KNOTS.);
#3724 = CARTESIAN_POINT('',(196.53327536296,-76.43850913338,
    -19.62365248511));
#3725 = CARTESIAN_POINT('',(196.30208323333,-76.72498887064,
    -19.70041449935));
#3726 = CARTESIAN_POINT('',(196.30208323333,-77.16155604097,
    -19.81739232009));
#3727 = VECTOR('',#3728,1.);
#3728 = DIRECTION('',(0.,0.258819045103,-0.965925826289));
#3729 = ADVANCED_FACE('',(#3730),#3748,.T.);
#3730 = FACE_BOUND('',#3731,.T.);
#3731 = EDGE_LOOP('',(#3732,#3740,#3746,#3747));
#3732 = ORIENTED_EDGE('',*,*,#3733,.T.);
#3733 = EDGE_CURVE('',#2065,#3734,#3736,.T.);
#3734 = VERTEX_POINT('',#3735);
#3735 = CARTESIAN_POINT('',(197.10677073333,-76.30799522825,
    -18.55340520922));
#3736 = LINE('',#3737,#3738);
#3737 = CARTESIAN_POINT('',(197.10677073333,-76.04917618315,
    -19.51933103551));
#3738 = VECTOR('',#3739,1.);
#3739 = DIRECTION('',(0.,-0.258819045103,0.965925826289));
#3740 = ORIENTED_EDGE('',*,*,#3741,.T.);
#3741 = EDGE_CURVE('',#3734,#3708,#3742,.T.);
#3742 = B_SPLINE_CURVE_WITH_KNOTS('',2,(#3743,#3744,#3745),
  .UNSPECIFIED.,.F.,.F.,(3,3),(0.,1.),.PIECEWISE_BEZIER_KNOTS.);
#3743 = CARTESIAN_POINT('',(197.10677073333,-76.30799522825,
    -18.55340520922));
#3744 = CARTESIAN_POINT('',(196.76446749259,-76.41056894881,
    -18.58088975481));
#3745 = CARTESIAN_POINT('',(196.53327536296,-76.69732817849,
    -18.65772665882));
#3746 = ORIENTED_EDGE('',*,*,#3707,.F.);
#3747 = ORIENTED_EDGE('',*,*,#2072,.F.);
#3748 = SURFACE_OF_LINEAR_EXTRUSION('',#3749,#3753);
#3749 = B_SPLINE_CURVE_WITH_KNOTS('',2,(#3750,#3751,#3752),
  .UNSPECIFIED.,.F.,.F.,(3,3),(0.,1.),.PIECEWISE_BEZIER_KNOTS.);
#3750 = CARTESIAN_POINT('',(197.10677073333,-76.04917618315,
    -19.51933103551));
#3751 = CARTESIAN_POINT('',(196.76446749259,-76.1517499037,
    -19.54681558109));
#3752 = CARTESIAN_POINT('',(196.53327536296,-76.43850913338,
    -19.62365248511));
#3753 = VECTOR('',#3754,1.);
#3754 = DIRECTION('',(0.,0.258819045103,-0.965925826289));
#3755 = ADVANCED_FACE('',(#3756),#3774,.T.);
#3756 = FACE_BOUND('',#3757,.T.);
#3757 = EDGE_LOOP('',(#3758,#3766,#3772,#3773));
#3758 = ORIENTED_EDGE('',*,*,#3759,.T.);
#3759 = EDGE_CURVE('',#2057,#3760,#3762,.T.);
#3760 = VERTEX_POINT('',#3761);
#3761 = CARTESIAN_POINT('',(197.85329851111,-76.1067606811,
    -18.49948457482));
#3762 = LINE('',#3763,#3764);
#3763 = CARTESIAN_POINT('',(197.85329851111,-75.847941636,
    -19.46541040111));
#3764 = VECTOR('',#3765,1.);
#3765 = DIRECTION('',(0.,-0.258819045103,0.965925826289));
#3766 = ORIENTED_EDGE('',*,*,#3767,.T.);
#3767 = EDGE_CURVE('',#3760,#3734,#3768,.T.);
#3768 = B_SPLINE_CURVE_WITH_KNOTS('',2,(#3769,#3770,#3771),
  .UNSPECIFIED.,.F.,.F.,(3,3),(0.,1.),.PIECEWISE_BEZIER_KNOTS.);
#3769 = CARTESIAN_POINT('',(197.85329851111,-76.1067606811,
    -18.49948457482));
#3770 = CARTESIAN_POINT('',(197.44878462222,-76.20514201526,
    -18.52584577386));
#3771 = CARTESIAN_POINT('',(197.10677073333,-76.30799522825,
    -18.55340520922));
#3772 = ORIENTED_EDGE('',*,*,#3733,.F.);
#3773 = ORIENTED_EDGE('',*,*,#2064,.F.);
#3774 = SURFACE_OF_LINEAR_EXTRUSION('',#3775,#3779);
#3775 = B_SPLINE_CURVE_WITH_KNOTS('',2,(#3776,#3777,#3778),
  .UNSPECIFIED.,.F.,.F.,(3,3),(0.,1.),.PIECEWISE_BEZIER_KNOTS.);
#3776 = CARTESIAN_POINT('',(197.85329851111,-75.847941636,
    -19.46541040111));
#3777 = CARTESIAN_POINT('',(197.44878462222,-75.94632297016,
    -19.49177160015));
#3778 = CARTESIAN_POINT('',(197.10677073333,-76.04917618315,
    -19.51933103551));
#3779 = VECTOR('',#3780,1.);
#3780 = DIRECTION('',(0.,0.258819045103,-0.965925826289));
#3781 = ADVANCED_FACE('',(#3782),#3800,.T.);
#3782 = FACE_BOUND('',#3783,.T.);
#3783 = EDGE_LOOP('',(#3784,#3792,#3798,#3799));
#3784 = ORIENTED_EDGE('',*,*,#3785,.T.);
#3785 = EDGE_CURVE('',#2049,#3786,#3788,.T.);
#3786 = VERTEX_POINT('',#3787);
#3787 = CARTESIAN_POINT('',(198.60011564074,-75.93571131603,
    -18.45365203558));
#3788 = LINE('',#3789,#3790);
#3789 = CARTESIAN_POINT('',(198.60011564074,-75.67689227093,
    -19.41957786187));
#3790 = VECTOR('',#3791,1.);
#3791 = DIRECTION('',(0.,-0.258819045103,0.965925826289));
#3792 = ORIENTED_EDGE('',*,*,#3793,.T.);
#3793 = EDGE_CURVE('',#3786,#3760,#3794,.T.);
#3794 = B_SPLINE_CURVE_WITH_KNOTS('',2,(#3795,#3796,#3797),
  .UNSPECIFIED.,.F.,.F.,(3,3),(0.,1.),.PIECEWISE_BEZIER_KNOTS.);
#3795 = CARTESIAN_POINT('',(198.60011564074,-75.93571131603,
    -18.45365203558));
#3796 = CARTESIAN_POINT('',(198.2578124,-76.00837934695,-18.47312337578)
  );
#3797 = CARTESIAN_POINT('',(197.85329851111,-76.1067606811,
    -18.49948457482));
#3798 = ORIENTED_EDGE('',*,*,#3759,.F.);
#3799 = ORIENTED_EDGE('',*,*,#2056,.F.);
#3800 = SURFACE_OF_LINEAR_EXTRUSION('',#3801,#3805);
#3801 = B_SPLINE_CURVE_WITH_KNOTS('',2,(#3802,#3803,#3804),
  .UNSPECIFIED.,.F.,.F.,(3,3),(0.,1.),.PIECEWISE_BEZIER_KNOTS.);
#3802 = CARTESIAN_POINT('',(198.60011564074,-75.67689227093,
    -19.41957786187));
#3803 = CARTESIAN_POINT('',(198.2578124,-75.74956030184,-19.43904920207)
  );
#3804 = CARTESIAN_POINT('',(197.85329851111,-75.847941636,
    -19.46541040111));
#3805 = VECTOR('',#3806,1.);
#3806 = DIRECTION('',(0.,0.258819045103,-0.965925826289));
#3807 = ADVANCED_FACE('',(#3808),#3826,.T.);
#3808 = FACE_BOUND('',#3809,.T.);
#3809 = EDGE_LOOP('',(#3810,#3818,#3824,#3825));
#3810 = ORIENTED_EDGE('',*,*,#3811,.T.);
#3811 = EDGE_CURVE('',#2041,#3812,#3814,.T.);
#3812 = VERTEX_POINT('',#3813);
#3813 = CARTESIAN_POINT('',(199.17361101111,-75.65733685915,
    -18.37906182467));
#3814 = LINE('',#3815,#3816);
#3815 = CARTESIAN_POINT('',(199.17361101111,-75.39851781405,
    -19.34498765096));
#3816 = VECTOR('',#3817,1.);
#3817 = DIRECTION('',(0.,-0.258819045103,0.965925826289));
#3818 = ORIENTED_EDGE('',*,*,#3819,.T.);
#3819 = EDGE_CURVE('',#3812,#3786,#3820,.T.);
#3820 = B_SPLINE_CURVE_WITH_KNOTS('',2,(#3821,#3822,#3823),
  .UNSPECIFIED.,.F.,.F.,(3,3),(0.,1.),.PIECEWISE_BEZIER_KNOTS.);
#3821 = CARTESIAN_POINT('',(199.17361101111,-75.65733685915,
    -18.37906182467));
#3822 = CARTESIAN_POINT('',(198.94241888148,-75.86276379269,
    -18.43410580562));
#3823 = CARTESIAN_POINT('',(198.60011564074,-75.93571131603,
    -18.45365203558));
#3824 = ORIENTED_EDGE('',*,*,#3785,.F.);
#3825 = ORIENTED_EDGE('',*,*,#2048,.F.);
#3826 = SURFACE_OF_LINEAR_EXTRUSION('',#3827,#3831);
#3827 = B_SPLINE_CURVE_WITH_KNOTS('',2,(#3828,#3829,#3830),
  .UNSPECIFIED.,.F.,.F.,(3,3),(0.,1.),.PIECEWISE_BEZIER_KNOTS.);
#3828 = CARTESIAN_POINT('',(199.17361101111,-75.39851781405,
    -19.34498765096));
#3829 = CARTESIAN_POINT('',(198.94241888148,-75.60394474759,
    -19.4000316319));
#3830 = CARTESIAN_POINT('',(198.60011564074,-75.67689227093,
    -19.41957786187));
#3831 = VECTOR('',#3832,1.);
#3832 = DIRECTION('',(0.,0.258819045103,-0.965925826289));
#3833 = ADVANCED_FACE('',(#3834),#3852,.T.);
#3834 = FACE_BOUND('',#3835,.T.);
#3835 = EDGE_LOOP('',(#3836,#3844,#3850,#3851));
#3836 = ORIENTED_EDGE('',*,*,#3837,.T.);
#3837 = EDGE_CURVE('',#2033,#3838,#3840,.T.);
#3838 = VERTEX_POINT('',#3839);
#3839 = CARTESIAN_POINT('',(199.40451378888,-75.11819596826,
    -18.23459945835));
#3840 = LINE('',#3841,#3842);
#3841 = CARTESIAN_POINT('',(199.40451378888,-74.85937692316,
    -19.20052528464));
#3842 = VECTOR('',#3843,1.);
#3843 = DIRECTION('',(0.,-0.258819045103,0.965925826289));
#3844 = ORIENTED_EDGE('',*,*,#3845,.T.);
#3845 = EDGE_CURVE('',#3838,#3812,#3846,.T.);
#3846 = B_SPLINE_CURVE_WITH_KNOTS('',2,(#3847,#3848,#3849),
  .UNSPECIFIED.,.F.,.F.,(3,3),(0.,1.),.PIECEWISE_BEZIER_KNOTS.);
#3847 = CARTESIAN_POINT('',(199.40451378888,-75.11819596826,
    -18.23459945835));
#3848 = CARTESIAN_POINT('',(199.40451378888,-75.45190992561,
    -18.32401784372));
#3849 = CARTESIAN_POINT('',(199.17361101111,-75.65733685915,
    -18.37906182467));
#3850 = ORIENTED_EDGE('',*,*,#3811,.F.);
#3851 = ORIENTED_EDGE('',*,*,#2040,.F.);
#3852 = SURFACE_OF_LINEAR_EXTRUSION('',#3853,#3857);
#3853 = B_SPLINE_CURVE_WITH_KNOTS('',2,(#3854,#3855,#3856),
  .UNSPECIFIED.,.F.,.F.,(3,3),(0.,1.),.PIECEWISE_BEZIER_KNOTS.);
#3854 = CARTESIAN_POINT('',(199.40451378888,-74.85937692316,
    -19.20052528464));
#3855 = CARTESIAN_POINT('',(199.40451378888,-75.19309088051,
    -19.28994367001));
#3856 = CARTESIAN_POINT('',(199.17361101111,-75.39851781405,
    -19.34498765096));
#3857 = VECTOR('',#3858,1.);
#3858 = DIRECTION('',(0.,0.258819045103,-0.965925826289));
#3859 = ADVANCED_FACE('',(#3860),#3878,.T.);
#3860 = FACE_BOUND('',#3861,.T.);
#3861 = EDGE_LOOP('',(#3862,#3870,#3876,#3877));
#3862 = ORIENTED_EDGE('',*,*,#3863,.T.);
#3863 = EDGE_CURVE('',#2025,#3864,#3866,.T.);
#3864 = VERTEX_POINT('',#3865);
#3865 = CARTESIAN_POINT('',(199.04456008518,-74.41666997753,
    -18.04662613566));
#3866 = LINE('',#3867,#3868);
#3867 = CARTESIAN_POINT('',(199.04456008518,-74.15785093242,
    -19.01255196195));
#3868 = VECTOR('',#3869,1.);
#3869 = DIRECTION('',(0.,-0.258819045103,0.965925826289));
#3870 = ORIENTED_EDGE('',*,*,#3871,.T.);
#3871 = EDGE_CURVE('',#3864,#3838,#3872,.T.);
#3872 = B_SPLINE_CURVE_WITH_KNOTS('',2,(#3873,#3874,#3875),
  .UNSPECIFIED.,.F.,.F.,(3,3),(0.,1.),.PIECEWISE_BEZIER_KNOTS.);
#3873 = CARTESIAN_POINT('',(199.04456008518,-74.41666997753,
    -18.04662613566));
#3874 = CARTESIAN_POINT('',(199.40451378888,-74.69895732838,
    -18.12226480336));
#3875 = CARTESIAN_POINT('',(199.40451378888,-75.11819596826,
    -18.23459945835));
#3876 = ORIENTED_EDGE('',*,*,#3837,.F.);
#3877 = ORIENTED_EDGE('',*,*,#2032,.F.);
#3878 = SURFACE_OF_LINEAR_EXTRUSION('',#3879,#3883);
#3879 = B_SPLINE_CURVE_WITH_KNOTS('',2,(#3880,#3881,#3882),
  .UNSPECIFIED.,.F.,.F.,(3,3),(0.,1.),.PIECEWISE_BEZIER_KNOTS.);
#3880 = CARTESIAN_POINT('',(199.04456008518,-74.15785093242,
    -19.01255196195));
#3881 = CARTESIAN_POINT('',(199.40451378888,-74.44013828328,
    -19.08819062965));
#3882 = CARTESIAN_POINT('',(199.40451378888,-74.85937692316,
    -19.20052528464));
#3883 = VECTOR('',#3884,1.);
#3884 = DIRECTION('',(0.,0.258819045103,-0.965925826289));
#3885 = ADVANCED_FACE('',(#3886),#3904,.T.);
#3886 = FACE_BOUND('',#3887,.T.);
#3887 = EDGE_LOOP('',(#3888,#3896,#3902,#3903));
#3888 = ORIENTED_EDGE('',*,*,#3889,.T.);
#3889 = EDGE_CURVE('',#2017,#3890,#3892,.T.);
#3890 = VERTEX_POINT('',#3891);
#3891 = CARTESIAN_POINT('',(198.1333911037,-74.13410313424,
    -17.9709125782));
#3892 = LINE('',#3893,#3894);
#3893 = CARTESIAN_POINT('',(198.1333911037,-73.87528408914,
    -18.93683840449));
#3894 = VECTOR('',#3895,1.);
#3895 = DIRECTION('',(0.,-0.258819045103,0.965925826289));
#3896 = ORIENTED_EDGE('',*,*,#3897,.T.);
#3897 = EDGE_CURVE('',#3890,#3864,#3898,.T.);
#3898 = B_SPLINE_CURVE_WITH_KNOTS('',2,(#3899,#3900,#3901),
  .UNSPECIFIED.,.F.,.F.,(3,3),(0.,1.),.PIECEWISE_BEZIER_KNOTS.);
#3899 = CARTESIAN_POINT('',(198.1333911037,-74.13410313424,
    -17.9709125782));
#3900 = CARTESIAN_POINT('',(198.68460638148,-74.13410313424,
    -17.9709125782));
#3901 = CARTESIAN_POINT('',(199.04456008518,-74.41666997753,
    -18.04662613566));
#3902 = ORIENTED_EDGE('',*,*,#3863,.F.);
#3903 = ORIENTED_EDGE('',*,*,#2024,.F.);
#3904 = SURFACE_OF_LINEAR_EXTRUSION('',#3905,#3909);
#3905 = B_SPLINE_CURVE_WITH_KNOTS('',2,(#3906,#3907,#3908),
  .UNSPECIFIED.,.F.,.F.,(3,3),(0.,1.),.PIECEWISE_BEZIER_KNOTS.);
#3906 = CARTESIAN_POINT('',(198.1333911037,-73.87528408914,
    -18.93683840449));
#3907 = CARTESIAN_POINT('',(198.68460638148,-73.87528408914,
    -18.93683840449));
#3908 = CARTESIAN_POINT('',(199.04456008518,-74.15785093242,
    -19.01255196195));
#3909 = VECTOR('',#3910,1.);
#3910 = DIRECTION('',(0.,0.258819045103,-0.965925826289));
#3911 = ADVANCED_FACE('',(#3912),#3930,.T.);
#3912 = FACE_BOUND('',#3913,.T.);
#3913 = EDGE_LOOP('',(#3914,#3922,#3928,#3929));
#3914 = ORIENTED_EDGE('',*,*,#3915,.T.);
#3915 = EDGE_CURVE('',#2009,#3916,#3918,.T.);
#3916 = VERTEX_POINT('',#3917);
#3917 = CARTESIAN_POINT('',(197.25347212222,-74.39095667428,
    -18.03973627682));
#3918 = LINE('',#3919,#3920);
#3919 = CARTESIAN_POINT('',(197.25347212222,-74.13213762918,
    -19.00566210311));
#3920 = VECTOR('',#3921,1.);
#3921 = DIRECTION('',(0.,-0.258819045103,0.965925826289));
#3922 = ORIENTED_EDGE('',*,*,#3923,.T.);
#3923 = EDGE_CURVE('',#3916,#3890,#3924,.T.);
#3924 = B_SPLINE_CURVE_WITH_KNOTS('',2,(#3925,#3926,#3927),
  .UNSPECIFIED.,.F.,.F.,(3,3),(0.,1.),.PIECEWISE_BEZIER_KNOTS.);
#3925 = CARTESIAN_POINT('',(197.25347212222,-74.39095667428,
    -18.03973627682));
#3926 = CARTESIAN_POINT('',(197.6177661037,-74.13410313424,
    -17.9709125782));
#3927 = CARTESIAN_POINT('',(198.1333911037,-74.13410313424,
    -17.9709125782));
#3928 = ORIENTED_EDGE('',*,*,#3889,.F.);
#3929 = ORIENTED_EDGE('',*,*,#2016,.F.);
#3930 = SURFACE_OF_LINEAR_EXTRUSION('',#3931,#3935);
#3931 = B_SPLINE_CURVE_WITH_KNOTS('',2,(#3932,#3933,#3934),
  .UNSPECIFIED.,.F.,.F.,(3,3),(0.,1.),.PIECEWISE_BEZIER_KNOTS.);
#3932 = CARTESIAN_POINT('',(197.25347212222,-74.13213762918,
    -19.00566210311));
#3933 = CARTESIAN_POINT('',(197.6177661037,-73.87528408914,
    -18.93683840449));
#3934 = CARTESIAN_POINT('',(198.1333911037,-73.87528408914,
    -18.93683840449));
#3935 = VECTOR('',#3936,1.);
#3936 = DIRECTION('',(0.,0.258819045103,-0.965925826289));
#3937 = ADVANCED_FACE('',(#3938),#3956,.T.);
#3938 = FACE_BOUND('',#3939,.T.);
#3939 = EDGE_LOOP('',(#3940,#3948,#3954,#3955));
#3940 = ORIENTED_EDGE('',*,*,#3941,.T.);
#3941 = EDGE_CURVE('',#2001,#3942,#3944,.T.);
#3942 = VERTEX_POINT('',#3943);
#3943 = CARTESIAN_POINT('',(196.86226841851,-75.03267128573,
    -18.21168318873));
#3944 = LINE('',#3945,#3946);
#3945 = CARTESIAN_POINT('',(196.86226841851,-74.77385224062,
    -19.17760901502));
#3946 = VECTOR('',#3947,1.);
#3947 = DIRECTION('',(0.,-0.258819045103,0.965925826289));
#3948 = ORIENTED_EDGE('',*,*,#3949,.T.);
#3949 = EDGE_CURVE('',#3942,#3916,#3950,.T.);
#3950 = B_SPLINE_CURVE_WITH_KNOTS('',2,(#3951,#3952,#3953),
  .UNSPECIFIED.,.F.,.F.,(3,3),(0.,1.),.PIECEWISE_BEZIER_KNOTS.);
#3951 = CARTESIAN_POINT('',(196.86226841851,-75.03267128573,
    -18.21168318873));
#3952 = CARTESIAN_POINT('',(196.88888878888,-74.64753072189,
    -18.10848508568));
#3953 = CARTESIAN_POINT('',(197.25347212222,-74.39095667428,
    -18.03973627682));
#3954 = ORIENTED_EDGE('',*,*,#3915,.F.);
#3955 = ORIENTED_EDGE('',*,*,#2008,.F.);
#3956 = SURFACE_OF_LINEAR_EXTRUSION('',#3957,#3961);
#3957 = B_SPLINE_CURVE_WITH_KNOTS('',2,(#3958,#3959,#3960),
  .UNSPECIFIED.,.F.,.F.,(3,3),(0.,1.),.PIECEWISE_BEZIER_KNOTS.);
#3958 = CARTESIAN_POINT('',(196.86226841851,-74.77385224062,
    -19.17760901502));
#3959 = CARTESIAN_POINT('',(196.88888878888,-74.38871167678,
    -19.07441091197));
#3960 = CARTESIAN_POINT('',(197.25347212222,-74.13213762918,
    -19.00566210311));
#3961 = VECTOR('',#3962,1.);
#3962 = DIRECTION('',(0.,0.258819045103,-0.965925826289));
#3963 = ADVANCED_FACE('',(#3964),#3982,.T.);
#3964 = FACE_BOUND('',#3965,.T.);
#3965 = EDGE_LOOP('',(#3966,#3974,#3980,#3981));
#3966 = ORIENTED_EDGE('',*,*,#3967,.T.);
#3967 = EDGE_CURVE('',#1993,#3968,#3970,.T.);
#3968 = VERTEX_POINT('',#3969);
#3969 = CARTESIAN_POINT('',(196.67534712222,-75.23809821927,
    -18.26672716968));
#3970 = LINE('',#3971,#3972);
#3971 = CARTESIAN_POINT('',(196.67534712222,-74.97927917417,
    -19.23265299597));
#3972 = VECTOR('',#3973,1.);
#3973 = DIRECTION('',(0.,-0.258819045103,0.965925826289));
#3974 = ORIENTED_EDGE('',*,*,#3975,.T.);
#3975 = EDGE_CURVE('',#3968,#3942,#3976,.T.);
#3976 = B_SPLINE_CURVE_WITH_KNOTS('',2,(#3977,#3978,#3979),
  .UNSPECIFIED.,.F.,.F.,(3,3),(0.,1.),.PIECEWISE_BEZIER_KNOTS.);
#3977 = CARTESIAN_POINT('',(196.67534712222,-75.23809821927,
    -18.26672716968));
#3978 = CARTESIAN_POINT('',(196.85329851111,-75.23809821927,
    -18.26672716968));
#3979 = CARTESIAN_POINT('',(196.86226841851,-75.03267128573,
    -18.21168318873));
#3980 = ORIENTED_EDGE('',*,*,#3941,.F.);
#3981 = ORIENTED_EDGE('',*,*,#2000,.F.);
#3982 = SURFACE_OF_LINEAR_EXTRUSION('',#3983,#3987);
#3983 = B_SPLINE_CURVE_WITH_KNOTS('',2,(#3984,#3985,#3986),
  .UNSPECIFIED.,.F.,.F.,(3,3),(0.,1.),.PIECEWISE_BEZIER_KNOTS.);
#3984 = CARTESIAN_POINT('',(196.67534712222,-74.97927917417,
    -19.23265299597));
#3985 = CARTESIAN_POINT('',(196.85329851111,-74.97927917417,
    -19.23265299597));
#3986 = CARTESIAN_POINT('',(196.86226841851,-74.77385224062,
    -19.17760901502));
#3987 = VECTOR('',#3988,1.);
#3988 = DIRECTION('',(0.,0.258819045103,-0.965925826289));
#3989 = ADVANCED_FACE('',(#3990),#4008,.T.);
#3990 = FACE_BOUND('',#3991,.T.);
#3991 = EDGE_LOOP('',(#3992,#4000,#4006,#4007));
#3992 = ORIENTED_EDGE('',*,*,#3993,.T.);
#3993 = EDGE_CURVE('',#1985,#3994,#3996,.T.);
#3994 = VERTEX_POINT('',#3995);
#3995 = CARTESIAN_POINT('',(196.49768508518,-75.00528102792,
    -18.20434399127));
#3996 = LINE('',#3997,#3998);
#3997 = CARTESIAN_POINT('',(196.49768508518,-74.74646198282,
    -19.17026981756));
#3998 = VECTOR('',#3999,1.);
#3999 = DIRECTION('',(0.,-0.258819045103,0.965925826289));
#4000 = ORIENTED_EDGE('',*,*,#4001,.T.);
#4001 = EDGE_CURVE('',#3994,#3968,#4002,.T.);
#4002 = B_SPLINE_CURVE_WITH_KNOTS('',2,(#4003,#4004,#4005),
  .UNSPECIFIED.,.F.,.F.,(3,3),(0.,1.),.PIECEWISE_BEZIER_KNOTS.);
#4003 = CARTESIAN_POINT('',(196.49768508518,-75.00528102792,
    -18.20434399127));
#4004 = CARTESIAN_POINT('',(196.49768508518,-75.23809821927,
    -18.26672716968));
#4005 = CARTESIAN_POINT('',(196.67534712222,-75.23809821927,
    -18.26672716968));
#4006 = ORIENTED_EDGE('',*,*,#3967,.F.);
#4007 = ORIENTED_EDGE('',*,*,#1992,.F.);
#4008 = SURFACE_OF_LINEAR_EXTRUSION('',#4009,#4013);
#4009 = B_SPLINE_CURVE_WITH_KNOTS('',2,(#4010,#4011,#4012),
  .UNSPECIFIED.,.F.,.F.,(3,3),(0.,1.),.PIECEWISE_BEZIER_KNOTS.);
#4010 = CARTESIAN_POINT('',(196.49768508518,-74.74646198282,
    -19.17026981756));
#4011 = CARTESIAN_POINT('',(196.49768508518,-74.97927917417,
    -19.23265299597));
#4012 = CARTESIAN_POINT('',(196.67534712222,-74.97927917417,
    -19.23265299597));
#4013 = VECTOR('',#4014,1.);
#4014 = DIRECTION('',(0.,0.258819045103,-0.965925826289));
#4015 = ADVANCED_FACE('',(#4016),#4034,.T.);
#4016 = FACE_BOUND('',#4017,.T.);
#4017 = EDGE_LOOP('',(#4018,#4026,#4032,#4033));
#4018 = ORIENTED_EDGE('',*,*,#4019,.T.);
#4019 = EDGE_CURVE('',#1977,#4020,#4022,.T.);
#4020 = VERTEX_POINT('',#4021);
#4021 = CARTESIAN_POINT('',(196.49768508518,-74.11649511137,
    -17.96619452269));
#4022 = LINE('',#4023,#4024);
#4023 = CARTESIAN_POINT('',(196.49768508518,-73.85767606627,
    -18.93212034898));
#4024 = VECTOR('',#4025,1.);
#4025 = DIRECTION('',(0.,-0.258819045103,0.965925826289));
#4026 = ORIENTED_EDGE('',*,*,#4027,.T.);
#4027 = EDGE_CURVE('',#4020,#3994,#4028,.T.);
#4028 = LINE('',#4029,#4030);
#4029 = CARTESIAN_POINT('',(196.49768508518,-74.11649511137,
    -17.96619452269));
#4030 = VECTOR('',#4031,1.);
#4031 = DIRECTION('',(-0.,-0.965925826289,-0.258819045103));
#4032 = ORIENTED_EDGE('',*,*,#3993,.F.);
#4033 = ORIENTED_EDGE('',*,*,#1984,.F.);
#4034 = PLANE('',#4035);
#4035 = AXIS2_PLACEMENT_3D('',#4036,#4037,#4038);
#4036 = CARTESIAN_POINT('',(196.49768508518,-73.85767606627,
    -18.93212034898));
#4037 = DIRECTION('',(1.,1.2E-16,3.E-17));
#4038 = DIRECTION('',(1.236756705078E-16,-0.965925826289,-0.258819045103
    ));
#4039 = ADVANCED_FACE('',(#4040),#4058,.T.);
#4040 = FACE_BOUND('',#4041,.T.);
#4041 = EDGE_LOOP('',(#4042,#4050,#4056,#4057));
#4042 = ORIENTED_EDGE('',*,*,#4043,.T.);
#4043 = EDGE_CURVE('',#1969,#4044,#4046,.T.);
#4044 = VERTEX_POINT('',#4045);
#4045 = CARTESIAN_POINT('',(196.67534712222,-73.88367792002,
    -17.90381134428));
#4046 = LINE('',#4047,#4048);
#4047 = CARTESIAN_POINT('',(196.67534712222,-73.62485887492,
    -18.86973717057));
#4048 = VECTOR('',#4049,1.);
#4049 = DIRECTION('',(0.,-0.258819045103,0.965925826289));
#4050 = ORIENTED_EDGE('',*,*,#4051,.T.);
#4051 = EDGE_CURVE('',#4044,#4020,#4052,.T.);
#4052 = B_SPLINE_CURVE_WITH_KNOTS('',2,(#4053,#4054,#4055),
  .UNSPECIFIED.,.F.,.F.,(3,3),(0.,1.),.PIECEWISE_BEZIER_KNOTS.);
#4053 = CARTESIAN_POINT('',(196.67534712222,-73.88367792002,
    -17.90381134428));
#4054 = CARTESIAN_POINT('',(196.49768508518,-73.88367792002,
    -17.90381134428));
#4055 = CARTESIAN_POINT('',(196.49768508518,-74.11649511137,
    -17.96619452269));
#4056 = ORIENTED_EDGE('',*,*,#4019,.F.);
#4057 = ORIENTED_EDGE('',*,*,#1976,.F.);
#4058 = SURFACE_OF_LINEAR_EXTRUSION('',#4059,#4063);
#4059 = B_SPLINE_CURVE_WITH_KNOTS('',2,(#4060,#4061,#4062),
  .UNSPECIFIED.,.F.,.F.,(3,3),(0.,1.),.PIECEWISE_BEZIER_KNOTS.);
#4060 = CARTESIAN_POINT('',(196.67534712222,-73.62485887492,
    -18.86973717057));
#4061 = CARTESIAN_POINT('',(196.49768508518,-73.62485887492,
    -18.86973717057));
#4062 = CARTESIAN_POINT('',(196.49768508518,-73.85767606627,
    -18.93212034898));
#4063 = VECTOR('',#4064,1.);
#4064 = DIRECTION('',(0.,0.258819045103,-0.965925826289));
#4065 = ADVANCED_FACE('',(#4066),#4084,.T.);
#4066 = FACE_BOUND('',#4067,.T.);
#4067 = EDGE_LOOP('',(#4068,#4076,#4082,#4083));
#4068 = ORIENTED_EDGE('',*,*,#4069,.T.);
#4069 = EDGE_CURVE('',#1961,#4070,#4072,.T.);
#4070 = VERTEX_POINT('',#4071);
#4071 = CARTESIAN_POINT('',(196.86226841851,-74.12096699019,
    -17.96739275901));
#4072 = LINE('',#4073,#4074);
#4073 = CARTESIAN_POINT('',(196.86226841851,-73.86214794509,
    -18.9333185853));
#4074 = VECTOR('',#4075,1.);
#4075 = DIRECTION('',(0.,-0.258819045103,0.965925826289));
#4076 = ORIENTED_EDGE('',*,*,#4077,.T.);
#4077 = EDGE_CURVE('',#4070,#4044,#4078,.T.);
#4078 = B_SPLINE_CURVE_WITH_KNOTS('',2,(#4079,#4080,#4081),
  .UNSPECIFIED.,.F.,.F.,(3,3),(0.,1.),.PIECEWISE_BEZIER_KNOTS.);
#4079 = CARTESIAN_POINT('',(196.86226841851,-74.12096699019,
    -17.96739275901));
#4080 = CARTESIAN_POINT('',(196.86226841851,-73.88367792002,
    -17.90381134428));
#4081 = CARTESIAN_POINT('',(196.67534712222,-73.88367792002,
    -17.90381134428));
#4082 = ORIENTED_EDGE('',*,*,#4043,.F.);
#4083 = ORIENTED_EDGE('',*,*,#1968,.F.);
#4084 = SURFACE_OF_LINEAR_EXTRUSION('',#4085,#4089);
#4085 = B_SPLINE_CURVE_WITH_KNOTS('',2,(#4086,#4087,#4088),
  .UNSPECIFIED.,.F.,.F.,(3,3),(0.,1.),.PIECEWISE_BEZIER_KNOTS.);
#4086 = CARTESIAN_POINT('',(196.86226841851,-73.86214794509,
    -18.9333185853));
#4087 = CARTESIAN_POINT('',(196.86226841851,-73.62485887492,
    -18.86973717057));
#4088 = CARTESIAN_POINT('',(196.67534712222,-73.62485887492,
    -18.86973717057));
#4089 = VECTOR('',#4090,1.);
#4090 = DIRECTION('',(0.,0.258819045103,-0.965925826289));
#4091 = ADVANCED_FACE('',(#4092),#4110,.T.);
#4092 = FACE_BOUND('',#4093,.T.);
#4093 = EDGE_LOOP('',(#4094,#4102,#4108,#4109));
#4094 = ORIENTED_EDGE('',*,*,#4095,.T.);
#4095 = EDGE_CURVE('',#1953,#4096,#4098,.T.);
#4096 = VERTEX_POINT('',#4097);
#4097 = CARTESIAN_POINT('',(196.86226841851,-74.28810346129,
    -18.01217684146));
#4098 = LINE('',#4099,#4100);
#4099 = CARTESIAN_POINT('',(196.86226841851,-74.02928441619,
    -18.97810266775));
#4100 = VECTOR('',#4101,1.);
#4101 = DIRECTION('',(0.,-0.258819045103,0.965925826289));
#4102 = ORIENTED_EDGE('',*,*,#4103,.T.);
#4103 = EDGE_CURVE('',#4096,#4070,#4104,.T.);
#4104 = LINE('',#4105,#4106);
#4105 = CARTESIAN_POINT('',(196.86226841851,-74.28810346129,
    -18.01217684146));
#4106 = VECTOR('',#4107,1.);
#4107 = DIRECTION('',(0.,0.965925826289,0.258819045103));
#4108 = ORIENTED_EDGE('',*,*,#4069,.F.);
#4109 = ORIENTED_EDGE('',*,*,#1960,.F.);
#4110 = PLANE('',#4111);
#4111 = AXIS2_PLACEMENT_3D('',#4112,#4113,#4114);
#4112 = CARTESIAN_POINT('',(196.86226841851,-74.02928441619,
    -18.97810266775));
#4113 = DIRECTION('',(-1.,-1.2E-16,-3.E-17));
#4114 = DIRECTION('',(-1.236756705078E-16,0.965925826289,0.258819045103)
  );
#4115 = ADVANCED_FACE('',(#4116),#4134,.T.);
#4116 = FACE_BOUND('',#4117,.T.);
#4117 = EDGE_LOOP('',(#4118,#4126,#4132,#4133));
#4118 = ORIENTED_EDGE('',*,*,#4119,.T.);
#4119 = EDGE_CURVE('',#1945,#4120,#4122,.T.);
#4120 = VERTEX_POINT('',#4121);
#4121 = CARTESIAN_POINT('',(198.16001147407,-73.77635282821,
    -17.8750536726));
#4122 = LINE('',#4123,#4124);
#4123 = CARTESIAN_POINT('',(198.16001147407,-73.51753378311,
    -18.84097949889));
#4124 = VECTOR('',#4125,1.);
#4125 = DIRECTION('',(0.,-0.258819045103,0.965925826289));
#4126 = ORIENTED_EDGE('',*,*,#4127,.T.);
#4127 = EDGE_CURVE('',#4120,#4096,#4128,.T.);
#4128 = B_SPLINE_CURVE_WITH_KNOTS('',2,(#4129,#4130,#4131),
  .UNSPECIFIED.,.F.,.F.,(3,3),(0.,1.),.PIECEWISE_BEZIER_KNOTS.);
#4129 = CARTESIAN_POINT('',(198.16001147407,-73.77635282821,
    -17.8750536726));
#4130 = CARTESIAN_POINT('',(197.39554388148,-73.77635282821,
    -17.8750536726));
#4131 = CARTESIAN_POINT('',(196.86226841851,-74.28810346129,
    -18.01217684146));
#4132 = ORIENTED_EDGE('',*,*,#4095,.F.);
#4133 = ORIENTED_EDGE('',*,*,#1952,.F.);
#4134 = SURFACE_OF_LINEAR_EXTRUSION('',#4135,#4139);
#4135 = B_SPLINE_CURVE_WITH_KNOTS('',2,(#4136,#4137,#4138),
  .UNSPECIFIED.,.F.,.F.,(3,3),(0.,1.),.PIECEWISE_BEZIER_KNOTS.);
#4136 = CARTESIAN_POINT('',(198.16001147407,-73.51753378311,
    -18.84097949889));
#4137 = CARTESIAN_POINT('',(197.39554388148,-73.51753378311,
    -18.84097949889));
#4138 = CARTESIAN_POINT('',(196.86226841851,-74.02928441619,
    -18.97810266775));
#4139 = VECTOR('',#4140,1.);
#4140 = DIRECTION('',(0.,0.258819045103,-0.965925826289));
#4141 = ADVANCED_FACE('',(#4142),#4160,.T.);
#4142 = FACE_BOUND('',#4143,.T.);
#4143 = EDGE_LOOP('',(#4144,#4152,#4158,#4159));
#4144 = ORIENTED_EDGE('',*,*,#4145,.T.);
#4145 = EDGE_CURVE('',#1937,#4146,#4148,.T.);
#4146 = VERTEX_POINT('',#4147);
#4147 = CARTESIAN_POINT('',(199.32899295555,-74.15925745264,
    -17.9776526575));
#4148 = LINE('',#4149,#4150);
#4149 = CARTESIAN_POINT('',(199.32899295555,-73.90043840753,
    -18.94357848379));
#4150 = VECTOR('',#4151,1.);
#4151 = DIRECTION('',(0.,-0.258819045103,0.965925826289));
#4152 = ORIENTED_EDGE('',*,*,#4153,.T.);
#4153 = EDGE_CURVE('',#4146,#4120,#4154,.T.);
#4154 = B_SPLINE_CURVE_WITH_KNOTS('',2,(#4155,#4156,#4157),
  .UNSPECIFIED.,.F.,.F.,(3,3),(0.,1.),.PIECEWISE_BEZIER_KNOTS.);
#4155 = CARTESIAN_POINT('',(199.32899295555,-74.15925745264,
    -17.9776526575));
#4156 = CARTESIAN_POINT('',(198.86226841851,-73.77635282821,
    -17.8750536726));
#4157 = CARTESIAN_POINT('',(198.16001147407,-73.77635282821,
    -17.8750536726));
#4158 = ORIENTED_EDGE('',*,*,#4119,.F.);
#4159 = ORIENTED_EDGE('',*,*,#1944,.F.);
#4160 = SURFACE_OF_LINEAR_EXTRUSION('',#4161,#4165);
#4161 = B_SPLINE_CURVE_WITH_KNOTS('',2,(#4162,#4163,#4164),
  .UNSPECIFIED.,.F.,.F.,(3,3),(0.,1.),.PIECEWISE_BEZIER_KNOTS.);
#4162 = CARTESIAN_POINT('',(199.32899295555,-73.90043840753,
    -18.94357848379));
#4163 = CARTESIAN_POINT('',(198.86226841851,-73.51753378311,
    -18.84097949889));
#4164 = CARTESIAN_POINT('',(198.16001147407,-73.51753378311,
    -18.84097949889));
#4165 = VECTOR('',#4166,1.);
#4166 = DIRECTION('',(0.,0.258819045103,-0.965925826289));
#4167 = ADVANCED_FACE('',(#4168),#4186,.T.);
#4168 = FACE_BOUND('',#4169,.T.);
#4169 = EDGE_LOOP('',(#4170,#4178,#4184,#4185));
#4170 = ORIENTED_EDGE('',*,*,#4171,.T.);
#4171 = EDGE_CURVE('',#1929,#4172,#4174,.T.);
#4172 = VERTEX_POINT('',#4173);
#4173 = CARTESIAN_POINT('',(199.79542814074,-75.10981119546,
    -18.23235276525));
#4174 = LINE('',#4175,#4176);
#4175 = CARTESIAN_POINT('',(199.79542814074,-74.85099215036,
    -19.19827859154));
#4176 = VECTOR('',#4177,1.);
#4177 = DIRECTION('',(0.,-0.258819045103,0.965925826289));
#4178 = ORIENTED_EDGE('',*,*,#4179,.T.);
#4179 = EDGE_CURVE('',#4172,#4146,#4180,.T.);
#4180 = B_SPLINE_CURVE_WITH_KNOTS('',2,(#4181,#4182,#4183),
  .UNSPECIFIED.,.F.,.F.,(3,3),(0.,1.),.PIECEWISE_BEZIER_KNOTS.);
#4181 = CARTESIAN_POINT('',(199.79542814074,-75.10981119546,
    -18.23235276525));
#4182 = CARTESIAN_POINT('',(199.79542814074,-74.54188258464,
    -18.08017675262));
#4183 = CARTESIAN_POINT('',(199.32899295555,-74.15925745264,
    -17.9776526575));
#4184 = ORIENTED_EDGE('',*,*,#4145,.F.);
#4185 = ORIENTED_EDGE('',*,*,#1936,.F.);
#4186 = SURFACE_OF_LINEAR_EXTRUSION('',#4187,#4191);
#4187 = B_SPLINE_CURVE_WITH_KNOTS('',2,(#4188,#4189,#4190),
  .UNSPECIFIED.,.F.,.F.,(3,3),(0.,1.),.PIECEWISE_BEZIER_KNOTS.);
#4188 = CARTESIAN_POINT('',(199.79542814074,-74.85099215036,
    -19.19827859154));
#4189 = CARTESIAN_POINT('',(199.79542814074,-74.28306353953,
    -19.04610257891));
#4190 = CARTESIAN_POINT('',(199.32899295555,-73.90043840753,
    -18.94357848379));
#4191 = VECTOR('',#4192,1.);
#4192 = DIRECTION('',(0.,0.258819045103,-0.965925826289));
#4193 = ADVANCED_FACE('',(#4194),#4212,.T.);
#4194 = FACE_BOUND('',#4195,.T.);
#4195 = EDGE_LOOP('',(#4196,#4204,#4210,#4211));
#4196 = ORIENTED_EDGE('',*,*,#4197,.T.);
#4197 = EDGE_CURVE('',#1921,#4198,#4200,.T.);
#4198 = VERTEX_POINT('',#4199);
#4199 = CARTESIAN_POINT('',(199.56452536296,-75.80742429223,
    -18.41927763116));
#4200 = LINE('',#4201,#4202);
#4201 = CARTESIAN_POINT('',(199.56452536296,-75.54860524713,
    -19.38520345745));
#4202 = VECTOR('',#4203,1.);
#4203 = DIRECTION('',(0.,-0.258819045103,0.965925826289));
#4204 = ORIENTED_EDGE('',*,*,#4205,.T.);
#4205 = EDGE_CURVE('',#4198,#4172,#4206,.T.);
#4206 = B_SPLINE_CURVE_WITH_KNOTS('',2,(#4207,#4208,#4209),
  .UNSPECIFIED.,.F.,.F.,(3,3),(0.,1.),.PIECEWISE_BEZIER_KNOTS.);
#4207 = CARTESIAN_POINT('',(199.56452536296,-75.80742429223,
    -18.41927763116));
#4208 = CARTESIAN_POINT('',(199.79542814074,-75.53771410057,
    -18.34700900311));
#4209 = CARTESIAN_POINT('',(199.79542814074,-75.10981119546,
    -18.23235276525));
#4210 = ORIENTED_EDGE('',*,*,#4171,.F.);
#4211 = ORIENTED_EDGE('',*,*,#1928,.F.);
#4212 = SURFACE_OF_LINEAR_EXTRUSION('',#4213,#4217);
#4213 = B_SPLINE_CURVE_WITH_KNOTS('',2,(#4214,#4215,#4216),
  .UNSPECIFIED.,.F.,.F.,(3,3),(0.,1.),.PIECEWISE_BEZIER_KNOTS.);
#4214 = CARTESIAN_POINT('',(199.56452536296,-75.54860524713,
    -19.38520345745));
#4215 = CARTESIAN_POINT('',(199.79542814074,-75.27889505547,
    -19.3129348294));
#4216 = CARTESIAN_POINT('',(199.79542814074,-74.85099215036,
    -19.19827859154));
#4217 = VECTOR('',#4218,1.);
#4218 = DIRECTION('',(0.,0.258819045103,-0.965925826289));
#4219 = ADVANCED_FACE('',(#4220),#4238,.T.);
#4220 = FACE_BOUND('',#4221,.T.);
#4221 = EDGE_LOOP('',(#4222,#4230,#4236,#4237));
#4222 = ORIENTED_EDGE('',*,*,#4223,.T.);
#4223 = EDGE_CURVE('',#1913,#4224,#4226,.T.);
#4224 = VERTEX_POINT('',#4225);
#4225 = CARTESIAN_POINT('',(198.99102999259,-76.17523632562,
    -18.51783256847));
#4226 = LINE('',#4227,#4228);
#4227 = CARTESIAN_POINT('',(198.99102999259,-75.91641728052,
    -19.48375839476));
#4228 = VECTOR('',#4229,1.);
#4229 = DIRECTION('',(0.,-0.258819045103,0.965925826289));
#4230 = ORIENTED_EDGE('',*,*,#4231,.T.);
#4231 = EDGE_CURVE('',#4224,#4198,#4232,.T.);
#4232 = B_SPLINE_CURVE_WITH_KNOTS('',2,(#4233,#4234,#4235),
  .UNSPECIFIED.,.F.,.F.,(3,3),(0.,1.),.PIECEWISE_BEZIER_KNOTS.);
#4233 = CARTESIAN_POINT('',(198.99102999259,-76.17523632562,
    -18.51783256847));
#4234 = CARTESIAN_POINT('',(199.33333323333,-76.07685499146,
    -18.49147136943));
#4235 = CARTESIAN_POINT('',(199.56452536296,-75.80742429223,
    -18.41927763116));
#4236 = ORIENTED_EDGE('',*,*,#4197,.F.);
#4237 = ORIENTED_EDGE('',*,*,#1920,.F.);
#4238 = SURFACE_OF_LINEAR_EXTRUSION('',#4239,#4243);
#4239 = B_SPLINE_CURVE_WITH_KNOTS('',2,(#4240,#4241,#4242),
  .UNSPECIFIED.,.F.,.F.,(3,3),(0.,1.),.PIECEWISE_BEZIER_KNOTS.);
#4240 = CARTESIAN_POINT('',(198.99102999259,-75.91641728052,
    -19.48375839476));
#4241 = CARTESIAN_POINT('',(199.33333323333,-75.81803594636,
    -19.45739719572));
#4242 = CARTESIAN_POINT('',(199.56452536296,-75.54860524713,
    -19.38520345745));
#4243 = VECTOR('',#4244,1.);
#4244 = DIRECTION('',(0.,0.258819045103,-0.965925826289));
#4245 = ADVANCED_FACE('',(#4246),#4264,.T.);
#4246 = FACE_BOUND('',#4247,.T.);
#4247 = EDGE_LOOP('',(#4248,#4256,#4262,#4263));
#4248 = ORIENTED_EDGE('',*,*,#4249,.T.);
#4249 = EDGE_CURVE('',#1905,#4250,#4252,.T.);
#4250 = VERTEX_POINT('',#4251);
#4251 = CARTESIAN_POINT('',(198.24450221481,-76.36361422114,
    -18.56830827345));
#4252 = LINE('',#4253,#4254);
#4253 = CARTESIAN_POINT('',(198.24450221481,-76.10479517604,
    -19.53423409974));
#4254 = VECTOR('',#4255,1.);
#4255 = DIRECTION('',(0.,-0.258819045103,0.965925826289));
#4256 = ORIENTED_EDGE('',*,*,#4257,.T.);
#4257 = EDGE_CURVE('',#4250,#4224,#4258,.T.);
#4258 = B_SPLINE_CURVE_WITH_KNOTS('',2,(#4259,#4260,#4261),
  .UNSPECIFIED.,.F.,.F.,(3,3),(0.,1.),.PIECEWISE_BEZIER_KNOTS.);
#4259 = CARTESIAN_POINT('',(198.24450221481,-76.36361422114,
    -18.56830827345));
#4260 = CARTESIAN_POINT('',(198.64872675185,-76.27361765978,
    -18.54419376751));
#4261 = CARTESIAN_POINT('',(198.99102999259,-76.17523632562,
    -18.51783256847));
#4262 = ORIENTED_EDGE('',*,*,#4223,.F.);
#4263 = ORIENTED_EDGE('',*,*,#1912,.F.);
#4264 = SURFACE_OF_LINEAR_EXTRUSION('',#4265,#4269);
#4265 = B_SPLINE_CURVE_WITH_KNOTS('',2,(#4266,#4267,#4268),
  .UNSPECIFIED.,.F.,.F.,(3,3),(0.,1.),.PIECEWISE_BEZIER_KNOTS.);
#4266 = CARTESIAN_POINT('',(198.24450221481,-76.10479517604,
    -19.53423409974));
#4267 = CARTESIAN_POINT('',(198.64872675185,-76.01479861468,
    -19.5101195938));
#4268 = CARTESIAN_POINT('',(198.99102999259,-75.91641728052,
    -19.48375839476));
#4269 = VECTOR('',#4270,1.);
#4270 = DIRECTION('',(0.,0.258819045103,-0.965925826289));
#4271 = ADVANCED_FACE('',(#4272),#4290,.T.);
#4272 = FACE_BOUND('',#4273,.T.);
#4273 = EDGE_LOOP('',(#4274,#4282,#4288,#4289));
#4274 = ORIENTED_EDGE('',*,*,#4275,.T.);
#4275 = EDGE_CURVE('',#1897,#4276,#4278,.T.);
#4276 = VERTEX_POINT('',#4277);
#4277 = CARTESIAN_POINT('',(197.49768508518,-76.52627881341,
    -18.61189411958));
#4278 = LINE('',#4279,#4280);
#4279 = CARTESIAN_POINT('',(197.49768508518,-76.26745976831,
    -19.57781994587));
#4280 = VECTOR('',#4281,1.);
#4281 = DIRECTION('',(0.,-0.258819045103,0.965925826289));
#4282 = ORIENTED_EDGE('',*,*,#4283,.T.);
#4283 = EDGE_CURVE('',#4276,#4250,#4284,.T.);
#4284 = B_SPLINE_CURVE_WITH_KNOTS('',2,(#4285,#4286,#4287),
  .UNSPECIFIED.,.F.,.F.,(3,3),(0.,1.),.PIECEWISE_BEZIER_KNOTS.);
#4285 = CARTESIAN_POINT('',(197.49768508518,-76.52627881341,
    -18.61189411958));
#4286 = CARTESIAN_POINT('',(197.83998832592,-76.45333129007,
    -18.59234788961));
#4287 = CARTESIAN_POINT('',(198.24450221481,-76.36361422114,
    -18.56830827345));
#4288 = ORIENTED_EDGE('',*,*,#4249,.F.);
#4289 = ORIENTED_EDGE('',*,*,#1904,.F.);
#4290 = SURFACE_OF_LINEAR_EXTRUSION('',#4291,#4295);
#4291 = B_SPLINE_CURVE_WITH_KNOTS('',2,(#4292,#4293,#4294),
  .UNSPECIFIED.,.F.,.F.,(3,3),(0.,1.),.PIECEWISE_BEZIER_KNOTS.);
#4292 = CARTESIAN_POINT('',(197.49768508518,-76.26745976831,
    -19.57781994587));
#4293 = CARTESIAN_POINT('',(197.83998832592,-76.19451224497,
    -19.5582737159));
#4294 = CARTESIAN_POINT('',(198.24450221481,-76.10479517604,
    -19.53423409974));
#4295 = VECTOR('',#4296,1.);
#4296 = DIRECTION('',(0.,0.258819045103,-0.965925826289));
#4297 = ADVANCED_FACE('',(#4298),#4316,.T.);
#4298 = FACE_BOUND('',#4299,.T.);
#4299 = EDGE_LOOP('',(#4300,#4308,#4314,#4315));
#4300 = ORIENTED_EDGE('',*,*,#4301,.T.);
#4301 = EDGE_CURVE('',#1889,#4302,#4304,.T.);
#4302 = VERTEX_POINT('',#4303);
#4303 = CARTESIAN_POINT('',(196.92447906666,-76.82142281589,
    -18.6909777167));
#4304 = LINE('',#4305,#4306);
#4305 = CARTESIAN_POINT('',(196.92447906666,-76.56260377079,
    -19.65690354299));
#4306 = VECTOR('',#4307,1.);
#4307 = DIRECTION('',(0.,-0.258819045103,0.965925826289));
#4308 = ORIENTED_EDGE('',*,*,#4309,.T.);
#4309 = EDGE_CURVE('',#4302,#4276,#4310,.T.);
#4310 = B_SPLINE_CURVE_WITH_KNOTS('',2,(#4311,#4312,#4313),
  .UNSPECIFIED.,.F.,.F.,(3,3),(0.,1.),.PIECEWISE_BEZIER_KNOTS.);
#4311 = CARTESIAN_POINT('',(196.92447906666,-76.82142281589,
    -18.6909777167));
#4312 = CARTESIAN_POINT('',(197.15538184444,-76.59894684433,
    -18.63136545978));
#4313 = CARTESIAN_POINT('',(197.49768508518,-76.52627881341,
    -18.61189411958));
#4314 = ORIENTED_EDGE('',*,*,#4275,.F.);
#4315 = ORIENTED_EDGE('',*,*,#1896,.F.);
#4316 = SURFACE_OF_LINEAR_EXTRUSION('',#4317,#4321);
#4317 = B_SPLINE_CURVE_WITH_KNOTS('',2,(#4318,#4319,#4320),
  .UNSPECIFIED.,.F.,.F.,(3,3),(0.,1.),.PIECEWISE_BEZIER_KNOTS.);
#4318 = CARTESIAN_POINT('',(196.92447906666,-76.56260377079,
    -19.65690354299));
#4319 = CARTESIAN_POINT('',(197.15538184444,-76.34012779922,
    -19.59729128607));
#4320 = CARTESIAN_POINT('',(197.49768508518,-76.26745976831,
    -19.57781994587));
#4321 = VECTOR('',#4322,1.);
#4322 = DIRECTION('',(0.,0.258819045103,-0.965925826289));
#4323 = ADVANCED_FACE('',(#4324),#4335,.T.);
#4324 = FACE_BOUND('',#4325,.T.);
#4325 = EDGE_LOOP('',(#4326,#4327,#4333,#4334));
#4326 = ORIENTED_EDGE('',*,*,#3382,.T.);
#4327 = ORIENTED_EDGE('',*,*,#4328,.T.);
#4328 = EDGE_CURVE('',#3375,#4302,#4329,.T.);
#4329 = B_SPLINE_CURVE_WITH_KNOTS('',2,(#4330,#4331,#4332),
  .UNSPECIFIED.,.F.,.F.,(3,3),(0.,1.),.PIECEWISE_BEZIER_KNOTS.);
#4330 = CARTESIAN_POINT('',(196.69328693703,-77.40332604805,
    -18.84689821783));
#4331 = CARTESIAN_POINT('',(196.69328693703,-77.04389878745,
    -18.75058997361));
#4332 = CARTESIAN_POINT('',(196.92447906666,-76.82142281589,
    -18.6909777167));
#4333 = ORIENTED_EDGE('',*,*,#4301,.F.);
#4334 = ORIENTED_EDGE('',*,*,#1888,.F.);
#4335 = SURFACE_OF_LINEAR_EXTRUSION('',#4336,#4340);
#4336 = B_SPLINE_CURVE_WITH_KNOTS('',2,(#4337,#4338,#4339),
  .UNSPECIFIED.,.F.,.F.,(3,3),(0.,1.),.PIECEWISE_BEZIER_KNOTS.);
#4337 = CARTESIAN_POINT('',(196.69328693703,-77.14450700294,
    -19.81282404412));
#4338 = CARTESIAN_POINT('',(196.69328693703,-76.78507974235,
    -19.7165157999));
#4339 = CARTESIAN_POINT('',(196.92447906666,-76.56260377079,
    -19.65690354299));
#4340 = VECTOR('',#4341,1.);
#4341 = DIRECTION('',(0.,0.258819045103,-0.965925826289));
#4342 = ADVANCED_FACE('',(#4343),#4368,.T.);
#4343 = FACE_BOUND('',#4344,.T.);
#4344 = EDGE_LOOP('',(#4345,#4353,#4361,#4367));
#4345 = ORIENTED_EDGE('',*,*,#4346,.T.);
#4346 = EDGE_CURVE('',#2185,#4347,#4349,.T.);
#4347 = VERTEX_POINT('',#4348);
#4348 = CARTESIAN_POINT('',(186.5245948074,-78.275342419,-19.08055430021
    ));
#4349 = LINE('',#4350,#4351);
#4350 = CARTESIAN_POINT('',(186.5245948074,-78.0165233739,-20.0464801265
    ));
#4351 = VECTOR('',#4352,1.);
#4352 = DIRECTION('',(0.,-0.258819045103,0.965925826289));
#4353 = ORIENTED_EDGE('',*,*,#4354,.T.);
#4354 = EDGE_CURVE('',#4347,#4355,#4357,.T.);
#4355 = VERTEX_POINT('',#4356);
#4356 = CARTESIAN_POINT('',(186.1333911037,-77.70825228546,
    -18.92860295689));
#4357 = B_SPLINE_CURVE_WITH_KNOTS('',2,(#4358,#4359,#4360),
  .UNSPECIFIED.,.F.,.F.,(3,3),(0.,1.),.PIECEWISE_BEZIER_KNOTS.);
#4358 = CARTESIAN_POINT('',(186.5245948074,-78.275342419,-19.08055430021
    ));
#4359 = CARTESIAN_POINT('',(186.1333911037,-78.05202797016,
    -19.02071737399));
#4360 = CARTESIAN_POINT('',(186.1333911037,-77.70825228546,
    -18.92860295689));
#4361 = ORIENTED_EDGE('',*,*,#4362,.F.);
#4362 = EDGE_CURVE('',#2187,#4355,#4363,.T.);
#4363 = LINE('',#4364,#4365);
#4364 = CARTESIAN_POINT('',(186.1333911037,-77.44943324035,
    -19.89452878318));
#4365 = VECTOR('',#4366,1.);
#4366 = DIRECTION('',(0.,-0.258819045103,0.965925826289));
#4367 = ORIENTED_EDGE('',*,*,#2184,.F.);
#4368 = SURFACE_OF_LINEAR_EXTRUSION('',#4369,#4373);
#4369 = B_SPLINE_CURVE_WITH_KNOTS('',2,(#4370,#4371,#4372),
  .UNSPECIFIED.,.F.,.F.,(3,3),(0.,1.),.PIECEWISE_BEZIER_KNOTS.);
#4370 = CARTESIAN_POINT('',(186.5245948074,-78.0165233739,-20.0464801265
    ));
#4371 = CARTESIAN_POINT('',(186.1333911037,-77.79320892506,
    -19.98664320027));
#4372 = CARTESIAN_POINT('',(186.1333911037,-77.44943324035,
    -19.89452878318));
#4373 = VECTOR('',#4374,1.);
#4374 = DIRECTION('',(0.,0.258819045103,-0.965925826289));
#4375 = ADVANCED_FACE('',(#4376),#4394,.T.);
#4376 = FACE_BOUND('',#4377,.T.);
#4377 = EDGE_LOOP('',(#4378,#4386,#4392,#4393));
#4378 = ORIENTED_EDGE('',*,*,#4379,.T.);
#4379 = EDGE_CURVE('',#2467,#4380,#4382,.T.);
#4380 = VERTEX_POINT('',#4381);
#4381 = CARTESIAN_POINT('',(187.50202536296,-78.49865686785,
    -19.14039122644));
#4382 = LINE('',#4383,#4384);
#4383 = CARTESIAN_POINT('',(187.50202536296,-78.23983782274,
    -20.10631705273));
#4384 = VECTOR('',#4385,1.);
#4385 = DIRECTION('',(0.,-0.258819045103,0.965925826289));
#4386 = ORIENTED_EDGE('',*,*,#4387,.T.);
#4387 = EDGE_CURVE('',#4380,#4347,#4388,.T.);
#4388 = B_SPLINE_CURVE_WITH_KNOTS('',2,(#4389,#4390,#4391),
  .UNSPECIFIED.,.F.,.F.,(3,3),(0.,1.),.PIECEWISE_BEZIER_KNOTS.);
#4389 = CARTESIAN_POINT('',(187.50202536296,-78.49865686785,
    -19.14039122644));
#4390 = CARTESIAN_POINT('',(186.91550915925,-78.49865686785,
    -19.14039122644));
#4391 = CARTESIAN_POINT('',(186.5245948074,-78.275342419,-19.08055430021
    ));
#4392 = ORIENTED_EDGE('',*,*,#4346,.F.);
#4393 = ORIENTED_EDGE('',*,*,#2474,.F.);
#4394 = SURFACE_OF_LINEAR_EXTRUSION('',#4395,#4399);
#4395 = B_SPLINE_CURVE_WITH_KNOTS('',2,(#4396,#4397,#4398),
  .UNSPECIFIED.,.F.,.F.,(3,3),(0.,1.),.PIECEWISE_BEZIER_KNOTS.);
#4396 = CARTESIAN_POINT('',(187.50202536296,-78.23983782274,
    -20.10631705273));
#4397 = CARTESIAN_POINT('',(186.91550915925,-78.23983782274,
    -20.10631705273));
#4398 = CARTESIAN_POINT('',(186.5245948074,-78.0165233739,-20.0464801265
    ));
#4399 = VECTOR('',#4400,1.);
#4400 = DIRECTION('',(0.,0.258819045103,-0.965925826289));
#4401 = ADVANCED_FACE('',(#4402),#4420,.T.);
#4402 = FACE_BOUND('',#4403,.T.);
#4403 = EDGE_LOOP('',(#4404,#4412,#4418,#4419));
#4404 = ORIENTED_EDGE('',*,*,#4405,.T.);
#4405 = EDGE_CURVE('',#2459,#4406,#4408,.T.);
#4406 = VERTEX_POINT('',#4407);
#4407 = CARTESIAN_POINT('',(188.47106471481,-78.28847856305,
    -19.0840741194));
#4408 = LINE('',#4409,#4410);
#4409 = CARTESIAN_POINT('',(188.47106471481,-78.02965951795,
    -20.04999994569));
#4410 = VECTOR('',#4411,1.);
#4411 = DIRECTION('',(0.,-0.258819045103,0.965925826289));
#4412 = ORIENTED_EDGE('',*,*,#4413,.T.);
#4413 = EDGE_CURVE('',#4406,#4380,#4414,.T.);
#4414 = B_SPLINE_CURVE_WITH_KNOTS('',2,(#4415,#4416,#4417),
  .UNSPECIFIED.,.F.,.F.,(3,3),(0.,1.),.PIECEWISE_BEZIER_KNOTS.);
#4415 = CARTESIAN_POINT('',(188.47106471481,-78.28847856305,
    -19.0840741194));
#4416 = CARTESIAN_POINT('',(188.0708911037,-78.49865686785,
    -19.14039122644));
#4417 = CARTESIAN_POINT('',(187.50202536296,-78.49865686785,
    -19.14039122644));
#4418 = ORIENTED_EDGE('',*,*,#4379,.F.);
#4419 = ORIENTED_EDGE('',*,*,#2466,.F.);
#4420 = SURFACE_OF_LINEAR_EXTRUSION('',#4421,#4425);
#4421 = B_SPLINE_CURVE_WITH_KNOTS('',2,(#4422,#4423,#4424),
  .UNSPECIFIED.,.F.,.F.,(3,3),(0.,1.),.PIECEWISE_BEZIER_KNOTS.);
#4422 = CARTESIAN_POINT('',(188.47106471481,-78.02965951795,
    -20.04999994569));
#4423 = CARTESIAN_POINT('',(188.0708911037,-78.23983782274,
    -20.10631705273));
#4424 = CARTESIAN_POINT('',(187.50202536296,-78.23983782274,
    -20.10631705273));
#4425 = VECTOR('',#4426,1.);
#4426 = DIRECTION('',(0.,0.258819045103,-0.965925826289));
#4427 = ADVANCED_FACE('',(#4428),#4446,.T.);
#4428 = FACE_BOUND('',#4429,.T.);
#4429 = EDGE_LOOP('',(#4430,#4438,#4444,#4445));
#4430 = ORIENTED_EDGE('',*,*,#4431,.T.);
#4431 = EDGE_CURVE('',#2451,#4432,#4434,.T.);
#4432 = VERTEX_POINT('',#4433);
#4433 = CARTESIAN_POINT('',(188.87094897407,-77.78678965733,
    -18.94964698226));
#4434 = LINE('',#4435,#4436);
#4435 = CARTESIAN_POINT('',(188.87094897407,-77.52797061222,
    -19.91557280855));
#4436 = VECTOR('',#4437,1.);
#4437 = DIRECTION('',(0.,-0.258819045103,0.965925826289));
#4438 = ORIENTED_EDGE('',*,*,#4439,.T.);
#4439 = EDGE_CURVE('',#4432,#4406,#4440,.T.);
#4440 = B_SPLINE_CURVE_WITH_KNOTS('',2,(#4441,#4442,#4443),
  .UNSPECIFIED.,.F.,.F.,(3,3),(0.,1.),.PIECEWISE_BEZIER_KNOTS.);
#4441 = CARTESIAN_POINT('',(188.87094897407,-77.78678965733,
    -18.94964698226));
#4442 = CARTESIAN_POINT('',(188.87094897407,-78.07830025826,
    -19.02775701237));
#4443 = CARTESIAN_POINT('',(188.47106471481,-78.28847856305,
    -19.0840741194));
#4444 = ORIENTED_EDGE('',*,*,#4405,.F.);
#4445 = ORIENTED_EDGE('',*,*,#2458,.F.);
#4446 = SURFACE_OF_LINEAR_EXTRUSION('',#4447,#4451);
#4447 = B_SPLINE_CURVE_WITH_KNOTS('',2,(#4448,#4449,#4450),
  .UNSPECIFIED.,.F.,.F.,(3,3),(0.,1.),.PIECEWISE_BEZIER_KNOTS.);
#4448 = CARTESIAN_POINT('',(188.87094897407,-77.52797061222,
    -19.91557280855));
#4449 = CARTESIAN_POINT('',(188.87094897407,-77.81948121316,
    -19.99368283865));
#4450 = CARTESIAN_POINT('',(188.47106471481,-78.02965951795,
    -20.04999994569));
#4451 = VECTOR('',#4452,1.);
#4452 = DIRECTION('',(0.,0.258819045103,-0.965925826289));
#4453 = ADVANCED_FACE('',(#4454),#4472,.T.);
#4454 = FACE_BOUND('',#4455,.T.);
#4455 = EDGE_LOOP('',(#4456,#4464,#4470,#4471));
#4456 = ORIENTED_EDGE('',*,*,#4457,.T.);
#4457 = EDGE_CURVE('',#2443,#4458,#4460,.T.);
#4458 = VERTEX_POINT('',#4459);
#4459 = CARTESIAN_POINT('',(188.87094897407,-77.72669878561,
    -18.93354568171));
#4460 = LINE('',#4461,#4462);
#4461 = CARTESIAN_POINT('',(188.87094897407,-77.46787974051,
    -19.899471508));
#4462 = VECTOR('',#4463,1.);
#4463 = DIRECTION('',(0.,-0.258819045103,0.965925826289));
#4464 = ORIENTED_EDGE('',*,*,#4465,.T.);
#4465 = EDGE_CURVE('',#4458,#4432,#4466,.T.);
#4466 = LINE('',#4467,#4468);
#4467 = CARTESIAN_POINT('',(188.87094897407,-77.72669878561,
    -18.93354568171));
#4468 = VECTOR('',#4469,1.);
#4469 = DIRECTION('',(0.,-0.965925826289,-0.258819045103));
#4470 = ORIENTED_EDGE('',*,*,#4431,.F.);
#4471 = ORIENTED_EDGE('',*,*,#2450,.F.);
#4472 = PLANE('',#4473);
#4473 = AXIS2_PLACEMENT_3D('',#4474,#4475,#4476);
#4474 = CARTESIAN_POINT('',(188.87094897407,-77.46787974051,
    -19.899471508));
#4475 = DIRECTION('',(1.,1.2E-16,3.E-17));
#4476 = DIRECTION('',(1.236756705078E-16,-0.965925826289,-0.258819045103
    ));
#4477 = ADVANCED_FACE('',(#4478),#4496,.T.);
#4478 = FACE_BOUND('',#4479,.T.);
#4479 = EDGE_LOOP('',(#4480,#4488,#4494,#4495));
#4480 = ORIENTED_EDGE('',*,*,#4481,.T.);
#4481 = EDGE_CURVE('',#2435,#4482,#4484,.T.);
#4482 = VERTEX_POINT('',#4483);
#4483 = CARTESIAN_POINT('',(189.04890036296,-77.53804139766,
    -18.88299508697));
#4484 = LINE('',#4485,#4486);
#4485 = CARTESIAN_POINT('',(189.04890036296,-77.27922235256,
    -19.84892091325));
#4486 = VECTOR('',#4487,1.);
#4487 = DIRECTION('',(0.,-0.258819045103,0.965925826289));
#4488 = ORIENTED_EDGE('',*,*,#4489,.T.);
#4489 = EDGE_CURVE('',#4482,#4458,#4490,.T.);
#4490 = B_SPLINE_CURVE_WITH_KNOTS('',2,(#4491,#4492,#4493),
  .UNSPECIFIED.,.F.,.F.,(3,3),(0.,1.),.PIECEWISE_BEZIER_KNOTS.);
#4491 = CARTESIAN_POINT('',(189.04890036296,-77.53804139766,
    -18.88299508697));
#4492 = CARTESIAN_POINT('',(188.87094897407,-77.53804139766,
    -18.88299508697));
#4493 = CARTESIAN_POINT('',(188.87094897407,-77.72669878561,
    -18.93354568171));
#4494 = ORIENTED_EDGE('',*,*,#4457,.F.);
#4495 = ORIENTED_EDGE('',*,*,#2442,.F.);
#4496 = SURFACE_OF_LINEAR_EXTRUSION('',#4497,#4501);
#4497 = B_SPLINE_CURVE_WITH_KNOTS('',2,(#4498,#4499,#4500),
  .UNSPECIFIED.,.F.,.F.,(3,3),(0.,1.),.PIECEWISE_BEZIER_KNOTS.);
#4498 = CARTESIAN_POINT('',(189.04890036296,-77.27922235256,
    -19.84892091325));
#4499 = CARTESIAN_POINT('',(188.87094897407,-77.27922235256,
    -19.84892091325));
#4500 = CARTESIAN_POINT('',(188.87094897407,-77.46787974051,
    -19.899471508));
#4501 = VECTOR('',#4502,1.);
#4502 = DIRECTION('',(0.,0.258819045103,-0.965925826289));
#4503 = ADVANCED_FACE('',(#4504),#4522,.T.);
#4504 = FACE_BOUND('',#4505,.T.);
#4505 = EDGE_LOOP('',(#4506,#4514,#4520,#4521));
#4506 = ORIENTED_EDGE('',*,*,#4507,.T.);
#4507 = EDGE_CURVE('',#2427,#4508,#4510,.T.);
#4508 = VERTEX_POINT('',#4509);
#4509 = CARTESIAN_POINT('',(189.2355323074,-77.7697406193,
    -18.94507870629));
#4510 = LINE('',#4511,#4512);
#4511 = CARTESIAN_POINT('',(189.2355323074,-77.5109215742,
    -19.91100453258));
#4512 = VECTOR('',#4513,1.);
#4513 = DIRECTION('',(0.,-0.258819045103,0.965925826289));
#4514 = ORIENTED_EDGE('',*,*,#4515,.T.);
#4515 = EDGE_CURVE('',#4508,#4482,#4516,.T.);
#4516 = B_SPLINE_CURVE_WITH_KNOTS('',2,(#4517,#4518,#4519),
  .UNSPECIFIED.,.F.,.F.,(3,3),(0.,1.),.PIECEWISE_BEZIER_KNOTS.);
#4517 = CARTESIAN_POINT('',(189.2355323074,-77.7697406193,
    -18.94507870629));
#4518 = CARTESIAN_POINT('',(189.2355323074,-77.53804139766,
    -18.88299508697));
#4519 = CARTESIAN_POINT('',(189.04890036296,-77.53804139766,
    -18.88299508697));
#4520 = ORIENTED_EDGE('',*,*,#4481,.F.);
#4521 = ORIENTED_EDGE('',*,*,#2434,.F.);
#4522 = SURFACE_OF_LINEAR_EXTRUSION('',#4523,#4527);
#4523 = B_SPLINE_CURVE_WITH_KNOTS('',2,(#4524,#4525,#4526),
  .UNSPECIFIED.,.F.,.F.,(3,3),(0.,1.),.PIECEWISE_BEZIER_KNOTS.);
#4524 = CARTESIAN_POINT('',(189.2355323074,-77.5109215742,
    -19.91100453258));
#4525 = CARTESIAN_POINT('',(189.2355323074,-77.27922235256,
    -19.84892091325));
#4526 = CARTESIAN_POINT('',(189.04890036296,-77.27922235256,
    -19.84892091325));
#4527 = VECTOR('',#4528,1.);
#4528 = DIRECTION('',(0.,0.258819045103,-0.965925826289));
#4529 = ADVANCED_FACE('',(#4530),#4548,.T.);
#4530 = FACE_BOUND('',#4531,.T.);
#4531 = EDGE_LOOP('',(#4532,#4540,#4546,#4547));
#4532 = ORIENTED_EDGE('',*,*,#4533,.T.);
#4533 = EDGE_CURVE('',#2419,#4534,#4536,.T.);
#4534 = VERTEX_POINT('',#4535);
#4535 = CARTESIAN_POINT('',(189.2355323074,-78.48160782982,
    -19.13582295047));
#4536 = LINE('',#4537,#4538);
#4537 = CARTESIAN_POINT('',(189.2355323074,-78.22278878472,
    -20.10174877676));
#4538 = VECTOR('',#4539,1.);
#4539 = DIRECTION('',(0.,-0.258819045103,0.965925826289));
#4540 = ORIENTED_EDGE('',*,*,#4541,.T.);
#4541 = EDGE_CURVE('',#4534,#4508,#4542,.T.);
#4542 = LINE('',#4543,#4544);
#4543 = CARTESIAN_POINT('',(189.2355323074,-78.48160782982,
    -19.13582295047));
#4544 = VECTOR('',#4545,1.);
#4545 = DIRECTION('',(0.,0.965925826289,0.258819045103));
#4546 = ORIENTED_EDGE('',*,*,#4507,.F.);
#4547 = ORIENTED_EDGE('',*,*,#2426,.F.);
#4548 = PLANE('',#4549);
#4549 = AXIS2_PLACEMENT_3D('',#4550,#4551,#4552);
#4550 = CARTESIAN_POINT('',(189.2355323074,-78.22278878472,
    -20.10174877676));
#4551 = DIRECTION('',(-1.,-1.2E-16,-3.E-17));
#4552 = DIRECTION('',(-1.236756705078E-16,0.965925826289,0.258819045103)
  );
#4553 = ADVANCED_FACE('',(#4554),#4572,.T.);
#4554 = FACE_BOUND('',#4555,.T.);
#4555 = EDGE_LOOP('',(#4556,#4564,#4570,#4571));
#4556 = ORIENTED_EDGE('',*,*,#4557,.T.);
#4557 = EDGE_CURVE('',#2411,#4558,#4560,.T.);
#4558 = VERTEX_POINT('',#4559);
#4559 = CARTESIAN_POINT('',(189.04890036296,-78.71330705147,
    -19.19790656979));
#4560 = LINE('',#4561,#4562);
#4561 = CARTESIAN_POINT('',(189.04890036296,-78.45448800636,
    -20.16383239608));
#4562 = VECTOR('',#4563,1.);
#4563 = DIRECTION('',(0.,-0.258819045103,0.965925826289));
#4564 = ORIENTED_EDGE('',*,*,#4565,.T.);
#4565 = EDGE_CURVE('',#4558,#4534,#4566,.T.);
#4566 = B_SPLINE_CURVE_WITH_KNOTS('',2,(#4567,#4568,#4569),
  .UNSPECIFIED.,.F.,.F.,(3,3),(0.,1.),.PIECEWISE_BEZIER_KNOTS.);
#4567 = CARTESIAN_POINT('',(189.04890036296,-78.71330705147,
    -19.19790656979));
#4568 = CARTESIAN_POINT('',(189.2355323074,-78.71330705147,
    -19.19790656979));
#4569 = CARTESIAN_POINT('',(189.2355323074,-78.48160782982,
    -19.13582295047));
#4570 = ORIENTED_EDGE('',*,*,#4533,.F.);
#4571 = ORIENTED_EDGE('',*,*,#2418,.F.);
#4572 = SURFACE_OF_LINEAR_EXTRUSION('',#4573,#4577);
#4573 = B_SPLINE_CURVE_WITH_KNOTS('',2,(#4574,#4575,#4576),
  .UNSPECIFIED.,.F.,.F.,(3,3),(0.,1.),.PIECEWISE_BEZIER_KNOTS.);
#4574 = CARTESIAN_POINT('',(189.04890036296,-78.45448800636,
    -20.16383239608));
#4575 = CARTESIAN_POINT('',(189.2355323074,-78.45448800636,
    -20.16383239608));
#4576 = CARTESIAN_POINT('',(189.2355323074,-78.22278878472,
    -20.10174877676));
#4577 = VECTOR('',#4578,1.);
#4578 = DIRECTION('',(0.,0.258819045103,-0.965925826289));
#4579 = ADVANCED_FACE('',(#4580),#4598,.T.);
#4580 = FACE_BOUND('',#4581,.T.);
#4581 = EDGE_LOOP('',(#4582,#4590,#4596,#4597));
#4582 = ORIENTED_EDGE('',*,*,#4583,.T.);
#4583 = EDGE_CURVE('',#2403,#4584,#4586,.T.);
#4584 = VERTEX_POINT('',#4585);
#4585 = CARTESIAN_POINT('',(188.87094897407,-78.48160782982,
    -19.13582295047));
#4586 = LINE('',#4587,#4588);
#4587 = CARTESIAN_POINT('',(188.87094897407,-78.22278878472,
    -20.10174877676));
#4588 = VECTOR('',#4589,1.);
#4589 = DIRECTION('',(0.,-0.258819045103,0.965925826289));
#4590 = ORIENTED_EDGE('',*,*,#4591,.T.);
#4591 = EDGE_CURVE('',#4584,#4558,#4592,.T.);
#4592 = B_SPLINE_CURVE_WITH_KNOTS('',2,(#4593,#4594,#4595),
  .UNSPECIFIED.,.F.,.F.,(3,3),(0.,1.),.PIECEWISE_BEZIER_KNOTS.);
#4593 = CARTESIAN_POINT('',(188.87094897407,-78.48160782982,
    -19.13582295047));
#4594 = CARTESIAN_POINT('',(188.87094897407,-78.71330705147,
    -19.19790656979));
#4595 = CARTESIAN_POINT('',(189.04890036296,-78.71330705147,
    -19.19790656979));
#4596 = ORIENTED_EDGE('',*,*,#4557,.F.);
#4597 = ORIENTED_EDGE('',*,*,#2410,.F.);
#4598 = SURFACE_OF_LINEAR_EXTRUSION('',#4599,#4603);
#4599 = B_SPLINE_CURVE_WITH_KNOTS('',2,(#4600,#4601,#4602),
  .UNSPECIFIED.,.F.,.F.,(3,3),(0.,1.),.PIECEWISE_BEZIER_KNOTS.);
#4600 = CARTESIAN_POINT('',(188.87094897407,-78.22278878472,
    -20.10174877676));
#4601 = CARTESIAN_POINT('',(188.87094897407,-78.45448800636,
    -20.16383239608));
#4602 = CARTESIAN_POINT('',(189.04890036296,-78.45448800636,
    -20.16383239608));
#4603 = VECTOR('',#4604,1.);
#4604 = DIRECTION('',(0.,0.258819045103,-0.965925826289));
#4605 = ADVANCED_FACE('',(#4606),#4624,.T.);
#4606 = FACE_BOUND('',#4607,.T.);
#4607 = EDGE_LOOP('',(#4608,#4616,#4622,#4623));
#4608 = ORIENTED_EDGE('',*,*,#4609,.T.);
#4609 = EDGE_CURVE('',#2395,#4610,#4612,.T.);
#4610 = VERTEX_POINT('',#4611);
#4611 = CARTESIAN_POINT('',(188.87094897407,-78.38713938964,
    -19.11051020821));
#4612 = LINE('',#4613,#4614);
#4613 = CARTESIAN_POINT('',(188.87094897407,-78.12832034454,
    -20.0764360345));
#4614 = VECTOR('',#4615,1.);
#4615 = DIRECTION('',(0.,-0.258819045103,0.965925826289));
#4616 = ORIENTED_EDGE('',*,*,#4617,.T.);
#4617 = EDGE_CURVE('',#4610,#4584,#4618,.T.);
#4618 = LINE('',#4619,#4620);
#4619 = CARTESIAN_POINT('',(188.87094897407,-78.38713938964,
    -19.11051020821));
#4620 = VECTOR('',#4621,1.);
#4621 = DIRECTION('',(0.,-0.965925826289,-0.258819045103));
#4622 = ORIENTED_EDGE('',*,*,#4583,.F.);
#4623 = ORIENTED_EDGE('',*,*,#2402,.F.);
#4624 = PLANE('',#4625);
#4625 = AXIS2_PLACEMENT_3D('',#4626,#4627,#4628);
#4626 = CARTESIAN_POINT('',(188.87094897407,-78.12832034454,
    -20.0764360345));
#4627 = DIRECTION('',(1.,1.2E-16,3.E-17));
#4628 = DIRECTION('',(1.236756705078E-16,-0.965925826289,-0.258819045103
    ));
#4629 = ADVANCED_FACE('',(#4630),#4648,.T.);
#4630 = FACE_BOUND('',#4631,.T.);
#4631 = EDGE_LOOP('',(#4632,#4640,#4646,#4647));
#4632 = ORIENTED_EDGE('',*,*,#4633,.T.);
#4633 = EDGE_CURVE('',#2387,#4634,#4636,.T.);
#4634 = VERTEX_POINT('',#4635);
#4635 = CARTESIAN_POINT('',(187.47540499259,-78.85640717388,
    -19.23625013203));
#4636 = LINE('',#4637,#4638);
#4637 = CARTESIAN_POINT('',(187.47540499259,-78.59758812878,
    -20.20217595832));
#4638 = VECTOR('',#4639,1.);
#4639 = DIRECTION('',(0.,-0.258819045103,0.965925826289));
#4640 = ORIENTED_EDGE('',*,*,#4641,.T.);
#4641 = EDGE_CURVE('',#4634,#4610,#4642,.T.);
#4642 = B_SPLINE_CURVE_WITH_KNOTS('',2,(#4643,#4644,#4645),
  .UNSPECIFIED.,.F.,.F.,(3,3),(0.,1.),.PIECEWISE_BEZIER_KNOTS.);
#4643 = CARTESIAN_POINT('',(187.47540499259,-78.85640717388,
    -19.23625013203));
#4644 = CARTESIAN_POINT('',(188.3287036037,-78.85640717388,
    -19.23625013203));
#4645 = CARTESIAN_POINT('',(188.87094897407,-78.38713938964,
    -19.11051020821));
#4646 = ORIENTED_EDGE('',*,*,#4609,.F.);
#4647 = ORIENTED_EDGE('',*,*,#2394,.F.);
#4648 = SURFACE_OF_LINEAR_EXTRUSION('',#4649,#4653);
#4649 = B_SPLINE_CURVE_WITH_KNOTS('',2,(#4650,#4651,#4652),
  .UNSPECIFIED.,.F.,.F.,(3,3),(0.,1.),.PIECEWISE_BEZIER_KNOTS.);
#4650 = CARTESIAN_POINT('',(187.47540499259,-78.59758812878,
    -20.20217595832));
#4651 = CARTESIAN_POINT('',(188.3287036037,-78.59758812878,
    -20.20217595832));
#4652 = CARTESIAN_POINT('',(188.87094897407,-78.12832034454,
    -20.0764360345));
#4653 = VECTOR('',#4654,1.);
#4654 = DIRECTION('',(0.,0.258819045103,-0.965925826289));
#4655 = ADVANCED_FACE('',(#4656),#4674,.T.);
#4656 = FACE_BOUND('',#4657,.T.);
#4657 = EDGE_LOOP('',(#4658,#4666,#4672,#4673));
#4658 = ORIENTED_EDGE('',*,*,#4659,.T.);
#4659 = EDGE_CURVE('',#2379,#4660,#4662,.T.);
#4660 = VERTEX_POINT('',#4661);
#4661 = CARTESIAN_POINT('',(186.2265624,-78.53303443632,-19.14960266815)
  );
#4662 = LINE('',#4663,#4664);
#4663 = CARTESIAN_POINT('',(186.2265624,-78.27421539121,-20.11552849444)
  );
#4664 = VECTOR('',#4665,1.);
#4665 = DIRECTION('',(0.,-0.258819045103,0.965925826289));
#4666 = ORIENTED_EDGE('',*,*,#4667,.T.);
#4667 = EDGE_CURVE('',#4660,#4634,#4668,.T.);
#4668 = B_SPLINE_CURVE_WITH_KNOTS('',2,(#4669,#4670,#4671),
  .UNSPECIFIED.,.F.,.F.,(3,3),(0.,1.),.PIECEWISE_BEZIER_KNOTS.);
#4669 = CARTESIAN_POINT('',(186.2265624,-78.53303443632,-19.14960266815)
  );
#4670 = CARTESIAN_POINT('',(186.7199073074,-78.85640717388,
    -19.23625013203));
#4671 = CARTESIAN_POINT('',(187.47540499259,-78.85640717388,
    -19.23625013203));
#4672 = ORIENTED_EDGE('',*,*,#4633,.F.);
#4673 = ORIENTED_EDGE('',*,*,#2386,.F.);
#4674 = SURFACE_OF_LINEAR_EXTRUSION('',#4675,#4679);
#4675 = B_SPLINE_CURVE_WITH_KNOTS('',2,(#4676,#4677,#4678),
  .UNSPECIFIED.,.F.,.F.,(3,3),(0.,1.),.PIECEWISE_BEZIER_KNOTS.);
#4676 = CARTESIAN_POINT('',(186.2265624,-78.27421539121,-20.11552849444)
  );
#4677 = CARTESIAN_POINT('',(186.7199073074,-78.59758812878,
    -20.20217595832));
#4678 = CARTESIAN_POINT('',(187.47540499259,-78.59758812878,
    -20.20217595832));
#4679 = VECTOR('',#4680,1.);
#4680 = DIRECTION('',(0.,0.258819045103,-0.965925826289));
#4681 = ADVANCED_FACE('',(#4682),#4700,.T.);
#4682 = FACE_BOUND('',#4683,.T.);
#4683 = EDGE_LOOP('',(#4684,#4692,#4698,#4699));
#4684 = ORIENTED_EDGE('',*,*,#4685,.T.);
#4685 = EDGE_CURVE('',#2371,#4686,#4688,.T.);
#4686 = VERTEX_POINT('',#4687);
#4687 = CARTESIAN_POINT('',(185.73321749259,-77.71831401281,
    -18.93129898861));
#4688 = LINE('',#4689,#4690);
#4689 = CARTESIAN_POINT('',(185.73321749259,-77.45949496771,
    -19.8972248149));
#4690 = VECTOR('',#4691,1.);
#4691 = DIRECTION('',(0.,-0.258819045103,0.965925826289));
#4692 = ORIENTED_EDGE('',*,*,#4693,.T.);
#4693 = EDGE_CURVE('',#4686,#4660,#4694,.T.);
#4694 = B_SPLINE_CURVE_WITH_KNOTS('',2,(#4695,#4696,#4697),
  .UNSPECIFIED.,.F.,.F.,(3,3),(0.,1.),.PIECEWISE_BEZIER_KNOTS.);
#4695 = CARTESIAN_POINT('',(185.73321749259,-77.71831401281,
    -18.93129898861));
#4696 = CARTESIAN_POINT('',(185.73321749259,-78.20966169875,
    -19.06295520426));
#4697 = CARTESIAN_POINT('',(186.2265624,-78.53303443632,-19.14960266815)
  );
#4698 = ORIENTED_EDGE('',*,*,#4659,.F.);
#4699 = ORIENTED_EDGE('',*,*,#2378,.F.);
#4700 = SURFACE_OF_LINEAR_EXTRUSION('',#4701,#4705);
#4701 = B_SPLINE_CURVE_WITH_KNOTS('',2,(#4702,#4703,#4704),
  .UNSPECIFIED.,.F.,.F.,(3,3),(0.,1.),.PIECEWISE_BEZIER_KNOTS.);
#4702 = CARTESIAN_POINT('',(185.73321749259,-77.45949496771,
    -19.8972248149));
#4703 = CARTESIAN_POINT('',(185.73321749259,-77.95084265365,
    -20.02888103055));
#4704 = CARTESIAN_POINT('',(186.2265624,-78.27421539121,-20.11552849444)
  );
#4705 = VECTOR('',#4706,1.);
#4706 = DIRECTION('',(0.,0.258819045103,-0.965925826289));
#4707 = ADVANCED_FACE('',(#4708),#4726,.T.);
#4708 = FACE_BOUND('',#4709,.T.);
#4709 = EDGE_LOOP('',(#4710,#4718,#4724,#4725));
#4710 = ORIENTED_EDGE('',*,*,#4711,.T.);
#4711 = EDGE_CURVE('',#2363,#4712,#4714,.T.);
#4712 = VERTEX_POINT('',#4713);
#4713 = CARTESIAN_POINT('',(186.03559017777,-77.06262478004,
    -18.7556075882));
#4714 = LINE('',#4715,#4716);
#4715 = CARTESIAN_POINT('',(186.03559017777,-76.80380573493,
    -19.72153341449));
#4716 = VECTOR('',#4717,1.);
#4717 = DIRECTION('',(0.,-0.258819045103,0.965925826289));
#4718 = ORIENTED_EDGE('',*,*,#4719,.T.);
#4719 = EDGE_CURVE('',#4712,#4686,#4720,.T.);
#4720 = B_SPLINE_CURVE_WITH_KNOTS('',2,(#4721,#4722,#4723),
  .UNSPECIFIED.,.F.,.F.,(3,3),(0.,1.),.PIECEWISE_BEZIER_KNOTS.);
#4721 = CARTESIAN_POINT('',(186.03559017777,-77.06262478004,
    -18.7556075882));
#4722 = CARTESIAN_POINT('',(185.73321749259,-77.30690116087,
    -18.82106124718));
#4723 = CARTESIAN_POINT('',(185.73321749259,-77.71831401281,
    -18.93129898861));
#4724 = ORIENTED_EDGE('',*,*,#4685,.F.);
#4725 = ORIENTED_EDGE('',*,*,#2370,.F.);
#4726 = SURFACE_OF_LINEAR_EXTRUSION('',#4727,#4731);
#4727 = B_SPLINE_CURVE_WITH_KNOTS('',2,(#4728,#4729,#4730),
  .UNSPECIFIED.,.F.,.F.,(3,3),(0.,1.),.PIECEWISE_BEZIER_KNOTS.);
#4728 = CARTESIAN_POINT('',(186.03559017777,-76.80380573493,
    -19.72153341449));
#4729 = CARTESIAN_POINT('',(185.73321749259,-77.04808211577,
    -19.78698707347));
#4730 = CARTESIAN_POINT('',(185.73321749259,-77.45949496771,
    -19.8972248149));
#4731 = VECTOR('',#4732,1.);
#4732 = DIRECTION('',(0.,0.258819045103,-0.965925826289));
#4733 = ADVANCED_FACE('',(#4734),#4752,.T.);
#4734 = FACE_BOUND('',#4735,.T.);
#4735 = EDGE_LOOP('',(#4736,#4744,#4750,#4751));
#4736 = ORIENTED_EDGE('',*,*,#4737,.T.);
#4737 = EDGE_CURVE('',#2355,#4738,#4740,.T.);
#4738 = VERTEX_POINT('',#4739);
#4739 = CARTESIAN_POINT('',(186.76446749259,-76.7490342774,
    -18.67158126627));
#4740 = LINE('',#4741,#4742);
#4741 = CARTESIAN_POINT('',(186.76446749259,-76.4902152323,
    -19.63750709256));
#4742 = VECTOR('',#4743,1.);
#4743 = DIRECTION('',(0.,-0.258819045103,0.965925826289));
#4744 = ORIENTED_EDGE('',*,*,#4745,.T.);
#4745 = EDGE_CURVE('',#4738,#4712,#4746,.T.);
#4746 = B_SPLINE_CURVE_WITH_KNOTS('',2,(#4747,#4748,#4749),
  .UNSPECIFIED.,.F.,.F.,(3,3),(0.,1.),.PIECEWISE_BEZIER_KNOTS.);
#4747 = CARTESIAN_POINT('',(186.76446749259,-76.7490342774,
    -18.67158126627));
#4748 = CARTESIAN_POINT('',(186.33767351111,-76.81806890677,
    -18.69007903946));
#4749 = CARTESIAN_POINT('',(186.03559017777,-77.06262478004,
    -18.7556075882));
#4750 = ORIENTED_EDGE('',*,*,#4711,.F.);
#4751 = ORIENTED_EDGE('',*,*,#2362,.F.);
#4752 = SURFACE_OF_LINEAR_EXTRUSION('',#4753,#4757);
#4753 = B_SPLINE_CURVE_WITH_KNOTS('',2,(#4754,#4755,#4756),
  .UNSPECIFIED.,.F.,.F.,(3,3),(0.,1.),.PIECEWISE_BEZIER_KNOTS.);
#4754 = CARTESIAN_POINT('',(186.76446749259,-76.4902152323,
    -19.63750709256));
#4755 = CARTESIAN_POINT('',(186.33767351111,-76.55924986167,
    -19.65600486575));
#4756 = CARTESIAN_POINT('',(186.03559017777,-76.80380573493,
    -19.72153341449));
#4757 = VECTOR('',#4758,1.);
#4758 = DIRECTION('',(0.,0.258819045103,-0.965925826289));
#4759 = ADVANCED_FACE('',(#4760),#4778,.T.);
#4760 = FACE_BOUND('',#4761,.T.);
#4761 = EDGE_LOOP('',(#4762,#4770,#4776,#4777));
#4762 = ORIENTED_EDGE('',*,*,#4763,.T.);
#4763 = EDGE_CURVE('',#2347,#4764,#4766,.T.);
#4764 = VERTEX_POINT('',#4765);
#4765 = CARTESIAN_POINT('',(187.6177661037,-76.6123624808,
    -18.63496016874));
#4766 = LINE('',#4767,#4768);
#4767 = CARTESIAN_POINT('',(187.6177661037,-76.3535434357,
    -19.60088599503));
#4768 = VECTOR('',#4769,1.);
#4769 = DIRECTION('',(0.,-0.258819045103,0.965925826289));
#4770 = ORIENTED_EDGE('',*,*,#4771,.T.);
#4771 = EDGE_CURVE('',#4764,#4738,#4772,.T.);
#4772 = B_SPLINE_CURVE_WITH_KNOTS('',2,(#4773,#4774,#4775),
  .UNSPECIFIED.,.F.,.F.,(3,3),(0.,1.),.PIECEWISE_BEZIER_KNOTS.);
#4773 = CARTESIAN_POINT('',(187.6177661037,-76.6123624808,
    -18.63496016874));
#4774 = CARTESIAN_POINT('',(187.19097212222,-76.67999964804,
    -18.65308349308));
#4775 = CARTESIAN_POINT('',(186.76446749259,-76.7490342774,
    -18.67158126627));
#4776 = ORIENTED_EDGE('',*,*,#4737,.F.);
#4777 = ORIENTED_EDGE('',*,*,#2354,.F.);
#4778 = SURFACE_OF_LINEAR_EXTRUSION('',#4779,#4783);
#4779 = B_SPLINE_CURVE_WITH_KNOTS('',2,(#4780,#4781,#4782),
  .UNSPECIFIED.,.F.,.F.,(3,3),(0.,1.),.PIECEWISE_BEZIER_KNOTS.);
#4780 = CARTESIAN_POINT('',(187.6177661037,-76.3535434357,
    -19.60088599503));
#4781 = CARTESIAN_POINT('',(187.19097212222,-76.42118060293,
    -19.61900931937));
#4782 = CARTESIAN_POINT('',(186.76446749259,-76.4902152323,
    -19.63750709256));
#4783 = VECTOR('',#4784,1.);
#4784 = DIRECTION('',(0.,0.258819045103,-0.965925826289));
#4785 = ADVANCED_FACE('',(#4786),#4804,.T.);
#4786 = FACE_BOUND('',#4787,.T.);
#4787 = EDGE_LOOP('',(#4788,#4796,#4802,#4803));
#4788 = ORIENTED_EDGE('',*,*,#4789,.T.);
#4789 = EDGE_CURVE('',#2339,#4790,#4792,.T.);
#4790 = VERTEX_POINT('',#4791);
#4791 = CARTESIAN_POINT('',(188.34664341851,-76.40721503969,
    -18.57999107757));
#4792 = LINE('',#4793,#4794);
#4793 = CARTESIAN_POINT('',(188.34664341851,-76.14839599458,
    -19.54591690385));
#4794 = VECTOR('',#4795,1.);
#4795 = DIRECTION('',(0.,-0.258819045103,0.965925826289));
#4796 = ORIENTED_EDGE('',*,*,#4797,.T.);
#4797 = EDGE_CURVE('',#4790,#4764,#4798,.T.);
#4798 = B_SPLINE_CURVE_WITH_KNOTS('',2,(#4799,#4800,#4801),
  .UNSPECIFIED.,.F.,.F.,(3,3),(0.,1.),.PIECEWISE_BEZIER_KNOTS.);
#4799 = CARTESIAN_POINT('',(188.34664341851,-76.40721503969,
    -18.57999107757));
#4800 = CARTESIAN_POINT('',(188.04427073333,-76.54444582114,
    -18.61676195463));
#4801 = CARTESIAN_POINT('',(187.6177661037,-76.6123624808,
    -18.63496016874));
#4802 = ORIENTED_EDGE('',*,*,#4763,.F.);
#4803 = ORIENTED_EDGE('',*,*,#2346,.F.);
#4804 = SURFACE_OF_LINEAR_EXTRUSION('',#4805,#4809);
#4805 = B_SPLINE_CURVE_WITH_KNOTS('',2,(#4806,#4807,#4808),
  .UNSPECIFIED.,.F.,.F.,(3,3),(0.,1.),.PIECEWISE_BEZIER_KNOTS.);
#4806 = CARTESIAN_POINT('',(188.34664341851,-76.14839599458,
    -19.54591690385));
#4807 = CARTESIAN_POINT('',(188.04427073333,-76.28562677604,
    -19.58268778092));
#4808 = CARTESIAN_POINT('',(187.6177661037,-76.3535434357,
    -19.60088599503));
#4809 = VECTOR('',#4810,1.);
#4810 = DIRECTION('',(0.,0.258819045103,-0.965925826289));
#4811 = ADVANCED_FACE('',(#4812),#4830,.T.);
#4812 = FACE_BOUND('',#4813,.T.);
#4813 = EDGE_LOOP('',(#4814,#4822,#4828,#4829));
#4814 = ORIENTED_EDGE('',*,*,#4815,.T.);
#4815 = EDGE_CURVE('',#2331,#4816,#4818,.T.);
#4816 = VERTEX_POINT('',#4817);
#4817 = CARTESIAN_POINT('',(188.64872675185,-76.01229224092,
    -18.47417183256));
#4818 = LINE('',#4819,#4820);
#4819 = CARTESIAN_POINT('',(188.64872675185,-75.75347319582,
    -19.44009765885));
#4820 = VECTOR('',#4821,1.);
#4821 = DIRECTION('',(0.,-0.258819045103,0.965925826289));
#4822 = ORIENTED_EDGE('',*,*,#4823,.T.);
#4823 = EDGE_CURVE('',#4816,#4790,#4824,.T.);
#4824 = B_SPLINE_CURVE_WITH_KNOTS('',2,(#4825,#4826,#4827),
  .UNSPECIFIED.,.F.,.F.,(3,3),(0.,1.),.PIECEWISE_BEZIER_KNOTS.);
#4825 = CARTESIAN_POINT('',(188.64872675185,-76.01229224092,
    -18.47417183256));
#4826 = CARTESIAN_POINT('',(188.64872675185,-76.26970476581,
    -18.54314531073));
#4827 = CARTESIAN_POINT('',(188.34664341851,-76.40721503969,
    -18.57999107757));
#4828 = ORIENTED_EDGE('',*,*,#4789,.F.);
#4829 = ORIENTED_EDGE('',*,*,#2338,.F.);
#4830 = SURFACE_OF_LINEAR_EXTRUSION('',#4831,#4835);
#4831 = B_SPLINE_CURVE_WITH_KNOTS('',2,(#4832,#4833,#4834),
  .UNSPECIFIED.,.F.,.F.,(3,3),(0.,1.),.PIECEWISE_BEZIER_KNOTS.);
#4832 = CARTESIAN_POINT('',(188.64872675185,-75.75347319582,
    -19.44009765885));
#4833 = CARTESIAN_POINT('',(188.64872675185,-76.0108857207,
    -19.50907113702));
#4834 = CARTESIAN_POINT('',(188.34664341851,-76.14839599458,
    -19.54591690385));
#4835 = VECTOR('',#4836,1.);
#4836 = DIRECTION('',(0.,0.258819045103,-0.965925826289));
#4837 = ADVANCED_FACE('',(#4838),#4856,.T.);
#4838 = FACE_BOUND('',#4839,.T.);
#4839 = EDGE_LOOP('',(#4840,#4848,#4854,#4855));
#4840 = ORIENTED_EDGE('',*,*,#4841,.T.);
#4841 = EDGE_CURVE('',#2323,#4842,#4844,.T.);
#4842 = VERTEX_POINT('',#4843);
#4843 = CARTESIAN_POINT('',(188.32002304814,-75.55308618403,
    -18.35112794046));
#4844 = LINE('',#4845,#4846);
#4845 = CARTESIAN_POINT('',(188.32002304814,-75.29426713893,
    -19.31705376675));
#4846 = VECTOR('',#4847,1.);
#4847 = DIRECTION('',(0.,-0.258819045103,0.965925826289));
#4848 = ORIENTED_EDGE('',*,*,#4849,.T.);
#4849 = EDGE_CURVE('',#4842,#4816,#4850,.T.);
#4850 = B_SPLINE_CURVE_WITH_KNOTS('',2,(#4851,#4852,#4853),
  .UNSPECIFIED.,.F.,.F.,(3,3),(0.,1.),.PIECEWISE_BEZIER_KNOTS.);
#4851 = CARTESIAN_POINT('',(188.32002304814,-75.55308618403,
    -18.35112794046));
#4852 = CARTESIAN_POINT('',(188.64872675185,-75.73755118558,
    -18.40055518866));
#4853 = CARTESIAN_POINT('',(188.64872675185,-76.01229224092,
    -18.47417183256));
#4854 = ORIENTED_EDGE('',*,*,#4815,.F.);
#4855 = ORIENTED_EDGE('',*,*,#2330,.F.);
#4856 = SURFACE_OF_LINEAR_EXTRUSION('',#4857,#4861);
#4857 = B_SPLINE_CURVE_WITH_KNOTS('',2,(#4858,#4859,#4860),
  .UNSPECIFIED.,.F.,.F.,(3,3),(0.,1.),.PIECEWISE_BEZIER_KNOTS.);
#4858 = CARTESIAN_POINT('',(188.32002304814,-75.29426713893,
    -19.31705376675));
#4859 = CARTESIAN_POINT('',(188.64872675185,-75.47873214048,
    -19.36648101495));
#4860 = CARTESIAN_POINT('',(188.64872675185,-75.75347319582,
    -19.44009765885));
#4861 = VECTOR('',#4862,1.);
#4862 = DIRECTION('',(0.,0.258819045103,-0.965925826289));
#4863 = ADVANCED_FACE('',(#4864),#4882,.T.);
#4864 = FACE_BOUND('',#4865,.T.);
#4865 = EDGE_LOOP('',(#4866,#4874,#4880,#4881));
#4866 = ORIENTED_EDGE('',*,*,#4867,.T.);
#4867 = EDGE_CURVE('',#2315,#4868,#4870,.T.);
#4868 = VERTEX_POINT('',#4869);
#4869 = CARTESIAN_POINT('',(187.4933448074,-75.36834169006,
    -18.30162580249));
#4870 = LINE('',#4871,#4872);
#4871 = CARTESIAN_POINT('',(187.4933448074,-75.10952264496,
    -19.26755162878));
#4872 = VECTOR('',#4873,1.);
#4873 = DIRECTION('',(0.,-0.258819045103,0.965925826289));
#4874 = ORIENTED_EDGE('',*,*,#4875,.T.);
#4875 = EDGE_CURVE('',#4868,#4842,#4876,.T.);
#4876 = B_SPLINE_CURVE_WITH_KNOTS('',2,(#4877,#4878,#4879),
  .UNSPECIFIED.,.F.,.F.,(3,3),(0.,1.),.PIECEWISE_BEZIER_KNOTS.);
#4877 = CARTESIAN_POINT('',(187.4933448074,-75.36834169006,
    -18.30162580249));
#4878 = CARTESIAN_POINT('',(187.99102999259,-75.36834169006,
    -18.30162580249));
#4879 = CARTESIAN_POINT('',(188.32002304814,-75.55308618403,
    -18.35112794046));
#4880 = ORIENTED_EDGE('',*,*,#4841,.F.);
#4881 = ORIENTED_EDGE('',*,*,#2322,.F.);
#4882 = SURFACE_OF_LINEAR_EXTRUSION('',#4883,#4887);
#4883 = B_SPLINE_CURVE_WITH_KNOTS('',2,(#4884,#4885,#4886),
  .UNSPECIFIED.,.F.,.F.,(3,3),(0.,1.),.PIECEWISE_BEZIER_KNOTS.);
#4884 = CARTESIAN_POINT('',(187.4933448074,-75.10952264496,
    -19.26755162878));
#4885 = CARTESIAN_POINT('',(187.99102999259,-75.10952264496,
    -19.26755162878));
#4886 = CARTESIAN_POINT('',(188.32002304814,-75.29426713893,
    -19.31705376675));
#4887 = VECTOR('',#4888,1.);
#4888 = DIRECTION('',(0.,0.258819045103,-0.965925826289));
#4889 = ADVANCED_FACE('',(#4890),#4908,.T.);
#4890 = FACE_BOUND('',#4891,.T.);
#4891 = EDGE_LOOP('',(#4892,#4900,#4906,#4907));
#4892 = ORIENTED_EDGE('',*,*,#4893,.T.);
#4893 = EDGE_CURVE('',#2307,#4894,#4896,.T.);
#4894 = VERTEX_POINT('',#4895);
#4895 = CARTESIAN_POINT('',(186.66666656666,-75.53995003998,
    -18.34760812127));
#4896 = LINE('',#4897,#4898);
#4897 = CARTESIAN_POINT('',(186.66666656666,-75.28113099488,
    -19.31353394756));
#4898 = VECTOR('',#4899,1.);
#4899 = DIRECTION('',(0.,-0.258819045103,0.965925826289));
#4900 = ORIENTED_EDGE('',*,*,#4901,.T.);
#4901 = EDGE_CURVE('',#4894,#4868,#4902,.T.);
#4902 = B_SPLINE_CURVE_WITH_KNOTS('',2,(#4903,#4904,#4905),
  .UNSPECIFIED.,.F.,.F.,(3,3),(0.,1.),.PIECEWISE_BEZIER_KNOTS.);
#4903 = CARTESIAN_POINT('',(186.66666656666,-75.53995003998,
    -18.34760812127));
#4904 = CARTESIAN_POINT('',(186.98668971481,-75.36834169006,
    -18.30162580249));
#4905 = CARTESIAN_POINT('',(187.4933448074,-75.36834169006,
    -18.30162580249));
#4906 = ORIENTED_EDGE('',*,*,#4867,.F.);
#4907 = ORIENTED_EDGE('',*,*,#2314,.F.);
#4908 = SURFACE_OF_LINEAR_EXTRUSION('',#4909,#4913);
#4909 = B_SPLINE_CURVE_WITH_KNOTS('',2,(#4910,#4911,#4912),
  .UNSPECIFIED.,.F.,.F.,(3,3),(0.,1.),.PIECEWISE_BEZIER_KNOTS.);
#4910 = CARTESIAN_POINT('',(186.66666656666,-75.28113099488,
    -19.31353394756));
#4911 = CARTESIAN_POINT('',(186.98668971481,-75.10952264496,
    -19.26755162878));
#4912 = CARTESIAN_POINT('',(187.4933448074,-75.10952264496,
    -19.26755162878));
#4913 = VECTOR('',#4914,1.);
#4914 = DIRECTION('',(0.,0.258819045103,-0.965925826289));
#4915 = ADVANCED_FACE('',(#4916),#4934,.T.);
#4916 = FACE_BOUND('',#4917,.T.);
#4917 = EDGE_LOOP('',(#4918,#4926,#4932,#4933));
#4918 = ORIENTED_EDGE('',*,*,#4919,.T.);
#4919 = EDGE_CURVE('',#2299,#4920,#4922,.T.);
#4920 = VERTEX_POINT('',#4921);
#4921 = CARTESIAN_POINT('',(186.31105314074,-76.00278949841,
    -18.47162558038));
#4922 = LINE('',#4923,#4924);
#4923 = CARTESIAN_POINT('',(186.31105314074,-75.74397045331,
    -19.43755140667));
#4924 = VECTOR('',#4925,1.);
#4925 = DIRECTION('',(0.,-0.258819045103,0.965925826289));
#4926 = ORIENTED_EDGE('',*,*,#4927,.T.);
#4927 = EDGE_CURVE('',#4920,#4894,#4928,.T.);
#4928 = B_SPLINE_CURVE_WITH_KNOTS('',2,(#4929,#4930,#4931),
  .UNSPECIFIED.,.F.,.F.,(3,3),(0.,1.),.PIECEWISE_BEZIER_KNOTS.);
#4929 = CARTESIAN_POINT('',(186.31105314074,-76.00278949841,
    -18.47162558038));
#4930 = CARTESIAN_POINT('',(186.34664341851,-75.71127889748,
    -18.39351555028));
#4931 = CARTESIAN_POINT('',(186.66666656666,-75.53995003998,
    -18.34760812127));
#4932 = ORIENTED_EDGE('',*,*,#4893,.F.);
#4933 = ORIENTED_EDGE('',*,*,#2306,.F.);
#4934 = SURFACE_OF_LINEAR_EXTRUSION('',#4935,#4939);
#4935 = B_SPLINE_CURVE_WITH_KNOTS('',2,(#4936,#4937,#4938),
  .UNSPECIFIED.,.F.,.F.,(3,3),(0.,1.),.PIECEWISE_BEZIER_KNOTS.);
#4936 = CARTESIAN_POINT('',(186.31105314074,-75.74397045331,
    -19.43755140667));
#4937 = CARTESIAN_POINT('',(186.34664341851,-75.45245985238,
    -19.35944137657));
#4938 = CARTESIAN_POINT('',(186.66666656666,-75.28113099488,
    -19.31353394756));
#4939 = VECTOR('',#4940,1.);
#4940 = DIRECTION('',(0.,0.258819045103,-0.965925826289));
#4941 = ADVANCED_FACE('',(#4942),#4960,.T.);
#4942 = FACE_BOUND('',#4943,.T.);
#4943 = EDGE_LOOP('',(#4944,#4952,#4958,#4959));
#4944 = ORIENTED_EDGE('',*,*,#4945,.T.);
#4945 = EDGE_CURVE('',#2291,#4946,#4948,.T.);
#4946 = VERTEX_POINT('',#4947);
#4947 = CARTESIAN_POINT('',(186.12442119629,-76.20011115158,
    -18.524497758));
#4948 = LINE('',#4949,#4950);
#4949 = CARTESIAN_POINT('',(186.12442119629,-75.94129210648,
    -19.49042358429));
#4950 = VECTOR('',#4951,1.);
#4951 = DIRECTION('',(0.,-0.258819045103,0.965925826289));
#4952 = ORIENTED_EDGE('',*,*,#4953,.T.);
#4953 = EDGE_CURVE('',#4946,#4920,#4954,.T.);
#4954 = B_SPLINE_CURVE_WITH_KNOTS('',2,(#4955,#4956,#4957),
  .UNSPECIFIED.,.F.,.F.,(3,3),(0.,1.),.PIECEWISE_BEZIER_KNOTS.);
#4955 = CARTESIAN_POINT('',(186.12442119629,-76.20011115158,
    -18.524497758));
#4956 = CARTESIAN_POINT('',(186.28443277037,-76.20011115158,
    -18.524497758));
#4957 = CARTESIAN_POINT('',(186.31105314074,-76.00278949841,
    -18.47162558038));
#4958 = ORIENTED_EDGE('',*,*,#4919,.F.);
#4959 = ORIENTED_EDGE('',*,*,#2298,.F.);
#4960 = SURFACE_OF_LINEAR_EXTRUSION('',#4961,#4965);
#4961 = B_SPLINE_CURVE_WITH_KNOTS('',2,(#4962,#4963,#4964),
  .UNSPECIFIED.,.F.,.F.,(3,3),(0.,1.),.PIECEWISE_BEZIER_KNOTS.);
#4962 = CARTESIAN_POINT('',(186.12442119629,-75.94129210648,
    -19.49042358429));
#4963 = CARTESIAN_POINT('',(186.28443277037,-75.94129210648,
    -19.49042358429));
#4964 = CARTESIAN_POINT('',(186.31105314074,-75.74397045331,
    -19.43755140667));
#4965 = VECTOR('',#4966,1.);
#4966 = DIRECTION('',(0.,0.258819045103,-0.965925826289));
#4967 = ADVANCED_FACE('',(#4968),#4986,.T.);
#4968 = FACE_BOUND('',#4969,.T.);
#4969 = EDGE_LOOP('',(#4970,#4978,#4984,#4985));
#4970 = ORIENTED_EDGE('',*,*,#4971,.T.);
#4971 = EDGE_CURVE('',#2283,#4972,#4974,.T.);
#4972 = VERTEX_POINT('',#4973);
#4973 = CARTESIAN_POINT('',(185.9464698074,-75.96841192994,
    -18.46241413867));
#4974 = LINE('',#4975,#4976);
#4975 = CARTESIAN_POINT('',(185.9464698074,-75.70959288484,
    -19.42833996496));
#4976 = VECTOR('',#4977,1.);
#4977 = DIRECTION('',(0.,-0.258819045103,0.965925826289));
#4978 = ORIENTED_EDGE('',*,*,#4979,.T.);
#4979 = EDGE_CURVE('',#4972,#4946,#4980,.T.);
#4980 = B_SPLINE_CURVE_WITH_KNOTS('',2,(#4981,#4982,#4983),
  .UNSPECIFIED.,.F.,.F.,(3,3),(0.,1.),.PIECEWISE_BEZIER_KNOTS.);
#4981 = CARTESIAN_POINT('',(185.9464698074,-75.96841192994,
    -18.46241413867));
#4982 = CARTESIAN_POINT('',(185.9464698074,-76.20011115158,-18.524497758
    ));
#4983 = CARTESIAN_POINT('',(186.12442119629,-76.20011115158,
    -18.524497758));
#4984 = ORIENTED_EDGE('',*,*,#4945,.F.);
#4985 = ORIENTED_EDGE('',*,*,#2290,.F.);
#4986 = SURFACE_OF_LINEAR_EXTRUSION('',#4987,#4991);
#4987 = B_SPLINE_CURVE_WITH_KNOTS('',2,(#4988,#4989,#4990),
  .UNSPECIFIED.,.F.,.F.,(3,3),(0.,1.),.PIECEWISE_BEZIER_KNOTS.);
#4988 = CARTESIAN_POINT('',(185.9464698074,-75.70959288484,
    -19.42833996496));
#4989 = CARTESIAN_POINT('',(185.9464698074,-75.94129210648,
    -19.49042358429));
#4990 = CARTESIAN_POINT('',(186.12442119629,-75.94129210648,
    -19.49042358429));
#4991 = VECTOR('',#4992,1.);
#4992 = DIRECTION('',(0.,0.258819045103,-0.965925826289));
#4993 = ADVANCED_FACE('',(#4994),#5012,.T.);
#4994 = FACE_BOUND('',#4995,.T.);
#4995 = EDGE_LOOP('',(#4996,#5004,#5010,#5011));
#4996 = ORIENTED_EDGE('',*,*,#4997,.T.);
#4997 = EDGE_CURVE('',#2275,#4998,#5000,.T.);
#4998 = VERTEX_POINT('',#4999);
#4999 = CARTESIAN_POINT('',(185.9464698074,-75.376167478,-18.30372271605
    ));
#5000 = LINE('',#5001,#5002);
#5001 = CARTESIAN_POINT('',(185.9464698074,-75.1173484329,
    -19.26964854234));
#5002 = VECTOR('',#5003,1.);
#5003 = DIRECTION('',(0.,-0.258819045103,0.965925826289));
#5004 = ORIENTED_EDGE('',*,*,#5005,.T.);
#5005 = EDGE_CURVE('',#4998,#4972,#5006,.T.);
#5006 = LINE('',#5007,#5008);
#5007 = CARTESIAN_POINT('',(185.9464698074,-75.376167478,-18.30372271605
    ));
#5008 = VECTOR('',#5009,1.);
#5009 = DIRECTION('',(0.,-0.965925826289,-0.258819045103));
#5010 = ORIENTED_EDGE('',*,*,#4971,.F.);
#5011 = ORIENTED_EDGE('',*,*,#2282,.F.);
#5012 = PLANE('',#5013);
#5013 = AXIS2_PLACEMENT_3D('',#5014,#5015,#5016);
#5014 = CARTESIAN_POINT('',(185.9464698074,-75.1173484329,
    -19.26964854234));
#5015 = DIRECTION('',(1.,1.2E-16,3.E-17));
#5016 = DIRECTION('',(1.236756705078E-16,-0.965925826289,-0.258819045103
    ));
#5017 = ADVANCED_FACE('',(#5018),#5036,.T.);
#5018 = FACE_BOUND('',#5019,.T.);
#5019 = EDGE_LOOP('',(#5020,#5028,#5034,#5035));
#5020 = ORIENTED_EDGE('',*,*,#5021,.T.);
#5021 = EDGE_CURVE('',#2267,#5022,#5024,.T.);
#5022 = VERTEX_POINT('',#5023);
#5023 = CARTESIAN_POINT('',(186.12442119629,-75.13580399114,
    -18.23931751386));
#5024 = LINE('',#5025,#5026);
#5025 = CARTESIAN_POINT('',(186.12442119629,-74.87698494603,
    -19.20524334015));
#5026 = VECTOR('',#5027,1.);
#5027 = DIRECTION('',(0.,-0.258819045103,0.965925826289));
#5028 = ORIENTED_EDGE('',*,*,#5029,.T.);
#5029 = EDGE_CURVE('',#5022,#4998,#5030,.T.);
#5030 = B_SPLINE_CURVE_WITH_KNOTS('',2,(#5031,#5032,#5033),
  .UNSPECIFIED.,.F.,.F.,(3,3),(0.,1.),.PIECEWISE_BEZIER_KNOTS.);
#5031 = CARTESIAN_POINT('',(186.12442119629,-75.13580399114,
    -18.23931751386));
#5032 = CARTESIAN_POINT('',(185.9464698074,-75.13580399114,
    -18.23931751386));
#5033 = CARTESIAN_POINT('',(185.9464698074,-75.376167478,-18.30372271605
    ));
#5034 = ORIENTED_EDGE('',*,*,#4997,.F.);
#5035 = ORIENTED_EDGE('',*,*,#2274,.F.);
#5036 = SURFACE_OF_LINEAR_EXTRUSION('',#5037,#5041);
#5037 = B_SPLINE_CURVE_WITH_KNOTS('',2,(#5038,#5039,#5040),
  .UNSPECIFIED.,.F.,.F.,(3,3),(0.,1.),.PIECEWISE_BEZIER_KNOTS.);
#5038 = CARTESIAN_POINT('',(186.12442119629,-74.87698494603,
    -19.20524334015));
#5039 = CARTESIAN_POINT('',(185.9464698074,-74.87698494603,
    -19.20524334015));
#5040 = CARTESIAN_POINT('',(185.9464698074,-75.1173484329,
    -19.26964854234));
#5041 = VECTOR('',#5042,1.);
#5042 = DIRECTION('',(0.,0.258819045103,-0.965925826289));
#5043 = ADVANCED_FACE('',(#5044),#5062,.T.);
#5044 = FACE_BOUND('',#5045,.T.);
#5045 = EDGE_LOOP('',(#5046,#5054,#5060,#5061));
#5046 = ORIENTED_EDGE('',*,*,#5047,.T.);
#5047 = EDGE_CURVE('',#2259,#5048,#5050,.T.);
#5048 = VERTEX_POINT('',#5049);
#5049 = CARTESIAN_POINT('',(186.31105314074,-75.37672646286,
    -18.30387249559));
#5050 = LINE('',#5051,#5052);
#5051 = CARTESIAN_POINT('',(186.31105314074,-75.11790741775,
    -19.26979832188));
#5052 = VECTOR('',#5053,1.);
#5053 = DIRECTION('',(0.,-0.258819045103,0.965925826289));
#5054 = ORIENTED_EDGE('',*,*,#5055,.T.);
#5055 = EDGE_CURVE('',#5048,#5022,#5056,.T.);
#5056 = B_SPLINE_CURVE_WITH_KNOTS('',2,(#5057,#5058,#5059),
  .UNSPECIFIED.,.F.,.F.,(3,3),(0.,1.),.PIECEWISE_BEZIER_KNOTS.);
#5057 = CARTESIAN_POINT('',(186.31105314074,-75.37672646286,
    -18.30387249559));
#5058 = CARTESIAN_POINT('',(186.31105314074,-75.13580399114,
    -18.23931751386));
#5059 = CARTESIAN_POINT('',(186.12442119629,-75.13580399114,
    -18.23931751386));
#5060 = ORIENTED_EDGE('',*,*,#5021,.F.);
#5061 = ORIENTED_EDGE('',*,*,#2266,.F.);
#5062 = SURFACE_OF_LINEAR_EXTRUSION('',#5063,#5067);
#5063 = B_SPLINE_CURVE_WITH_KNOTS('',2,(#5064,#5065,#5066),
  .UNSPECIFIED.,.F.,.F.,(3,3),(0.,1.),.PIECEWISE_BEZIER_KNOTS.);
#5064 = CARTESIAN_POINT('',(186.31105314074,-75.11790741775,
    -19.26979832188));
#5065 = CARTESIAN_POINT('',(186.31105314074,-74.87698494603,
    -19.20524334015));
#5066 = CARTESIAN_POINT('',(186.12442119629,-74.87698494603,
    -19.20524334015));
#5067 = VECTOR('',#5068,1.);
#5068 = DIRECTION('',(0.,0.258819045103,-0.965925826289));
#5069 = ADVANCED_FACE('',(#5070),#5088,.T.);
#5070 = FACE_BOUND('',#5071,.T.);
#5071 = EDGE_LOOP('',(#5072,#5080,#5086,#5087));
#5072 = ORIENTED_EDGE('',*,*,#5073,.T.);
#5073 = EDGE_CURVE('',#2251,#5074,#5076,.T.);
#5074 = VERTEX_POINT('',#5075);
#5075 = CARTESIAN_POINT('',(186.31105314074,-75.41110403133,
    -18.3130839373));
#5076 = LINE('',#5077,#5078);
#5077 = CARTESIAN_POINT('',(186.31105314074,-75.15228498622,
    -19.27900976359));
#5078 = VECTOR('',#5079,1.);
#5079 = DIRECTION('',(0.,-0.258819045103,0.965925826289));
#5080 = ORIENTED_EDGE('',*,*,#5081,.T.);
#5081 = EDGE_CURVE('',#5074,#5048,#5082,.T.);
#5082 = LINE('',#5083,#5084);
#5083 = CARTESIAN_POINT('',(186.31105314074,-75.41110403133,
    -18.3130839373));
#5084 = VECTOR('',#5085,1.);
#5085 = DIRECTION('',(0.,0.965925826289,0.258819045103));
#5086 = ORIENTED_EDGE('',*,*,#5047,.F.);
#5087 = ORIENTED_EDGE('',*,*,#2258,.F.);
#5088 = PLANE('',#5089);
#5089 = AXIS2_PLACEMENT_3D('',#5090,#5091,#5092);
#5090 = CARTESIAN_POINT('',(186.31105314074,-75.15228498622,
    -19.27900976359));
#5091 = DIRECTION('',(-1.,-1.2E-16,-3.E-17));
#5092 = DIRECTION('',(-1.236756705078E-16,0.965925826289,0.258819045103)
  );
#5093 = ADVANCED_FACE('',(#5094),#5112,.T.);
#5094 = FACE_BOUND('',#5095,.T.);
#5095 = EDGE_LOOP('',(#5096,#5104,#5110,#5111));
#5096 = ORIENTED_EDGE('',*,*,#5097,.T.);
#5097 = EDGE_CURVE('',#2243,#5098,#5100,.T.);
#5098 = VERTEX_POINT('',#5099);
#5099 = CARTESIAN_POINT('',(187.52893508518,-75.01059138403,
    -18.2057668969));
#5100 = LINE('',#5101,#5102);
#5101 = CARTESIAN_POINT('',(187.52893508518,-74.75177233892,
    -19.17169272319));
#5102 = VECTOR('',#5103,1.);
#5103 = DIRECTION('',(0.,-0.258819045103,0.965925826289));
#5104 = ORIENTED_EDGE('',*,*,#5105,.T.);
#5105 = EDGE_CURVE('',#5098,#5074,#5106,.T.);
#5106 = B_SPLINE_CURVE_WITH_KNOTS('',2,(#5107,#5108,#5109),
  .UNSPECIFIED.,.F.,.F.,(3,3),(0.,1.),.PIECEWISE_BEZIER_KNOTS.);
#5107 = CARTESIAN_POINT('',(187.52893508518,-75.01059138403,
    -18.2057668969));
#5108 = CARTESIAN_POINT('',(186.7734374,-75.01059138403,-18.2057668969)
  );
#5109 = CARTESIAN_POINT('',(186.31105314074,-75.41110403133,
    -18.3130839373));
#5110 = ORIENTED_EDGE('',*,*,#5073,.F.);
#5111 = ORIENTED_EDGE('',*,*,#2250,.F.);
#5112 = SURFACE_OF_LINEAR_EXTRUSION('',#5113,#5117);
#5113 = B_SPLINE_CURVE_WITH_KNOTS('',2,(#5114,#5115,#5116),
  .UNSPECIFIED.,.F.,.F.,(3,3),(0.,1.),.PIECEWISE_BEZIER_KNOTS.);
#5114 = CARTESIAN_POINT('',(187.52893508518,-74.75177233892,
    -19.17169272319));
#5115 = CARTESIAN_POINT('',(186.7734374,-74.75177233892,-19.17169272319)
  );
#5116 = CARTESIAN_POINT('',(186.31105314074,-75.15228498622,
    -19.27900976359));
#5117 = VECTOR('',#5118,1.);
#5118 = DIRECTION('',(0.,0.258819045103,-0.965925826289));
#5119 = ADVANCED_FACE('',(#5120),#5138,.T.);
#5120 = FACE_BOUND('',#5121,.T.);
#5121 = EDGE_LOOP('',(#5122,#5130,#5136,#5137));
#5122 = ORIENTED_EDGE('',*,*,#5123,.T.);
#5123 = EDGE_CURVE('',#2235,#5124,#5126,.T.);
#5124 = VERTEX_POINT('',#5125);
#5125 = CARTESIAN_POINT('',(188.6177661037,-75.28672990149,
    -18.27975798966));
#5126 = LINE('',#5127,#5128);
#5127 = CARTESIAN_POINT('',(188.6177661037,-75.02791085639,
    -19.24568381594));
#5128 = VECTOR('',#5129,1.);
#5129 = DIRECTION('',(0.,-0.258819045103,0.965925826289));
#5130 = ORIENTED_EDGE('',*,*,#5131,.T.);
#5131 = EDGE_CURVE('',#5124,#5098,#5132,.T.);
#5132 = B_SPLINE_CURVE_WITH_KNOTS('',2,(#5133,#5134,#5135),
  .UNSPECIFIED.,.F.,.F.,(3,3),(0.,1.),.PIECEWISE_BEZIER_KNOTS.);
#5133 = CARTESIAN_POINT('',(188.6177661037,-75.28672990149,
    -18.27975798966));
#5134 = CARTESIAN_POINT('',(188.18663184444,-75.01059138403,
    -18.2057668969));
#5135 = CARTESIAN_POINT('',(187.52893508518,-75.01059138403,
    -18.2057668969));
#5136 = ORIENTED_EDGE('',*,*,#5097,.F.);
#5137 = ORIENTED_EDGE('',*,*,#2242,.F.);
#5138 = SURFACE_OF_LINEAR_EXTRUSION('',#5139,#5143);
#5139 = B_SPLINE_CURVE_WITH_KNOTS('',2,(#5140,#5141,#5142),
  .UNSPECIFIED.,.F.,.F.,(3,3),(0.,1.),.PIECEWISE_BEZIER_KNOTS.);
#5140 = CARTESIAN_POINT('',(188.6177661037,-75.02791085639,
    -19.24568381594));
#5141 = CARTESIAN_POINT('',(188.18663184444,-74.75177233892,
    -19.17169272319));
#5142 = CARTESIAN_POINT('',(187.52893508518,-74.75177233892,
    -19.17169272319));
#5143 = VECTOR('',#5144,1.);
#5144 = DIRECTION('',(0.,0.258819045103,-0.965925826289));
#5145 = ADVANCED_FACE('',(#5146),#5164,.T.);
#5146 = FACE_BOUND('',#5147,.T.);
#5147 = EDGE_LOOP('',(#5148,#5156,#5162,#5163));
#5148 = ORIENTED_EDGE('',*,*,#5149,.T.);
#5149 = EDGE_CURVE('',#2227,#5150,#5152,.T.);
#5150 = VERTEX_POINT('',#5151);
#5151 = CARTESIAN_POINT('',(189.04890036296,-75.98574046039,
    -18.46705730441));
#5152 = LINE('',#5153,#5154);
#5153 = CARTESIAN_POINT('',(189.04890036296,-75.72692141529,
    -19.4329831307));
#5154 = VECTOR('',#5155,1.);
#5155 = DIRECTION('',(0.,-0.258819045103,0.965925826289));
#5156 = ORIENTED_EDGE('',*,*,#5157,.T.);
#5157 = EDGE_CURVE('',#5150,#5124,#5158,.T.);
#5158 = B_SPLINE_CURVE_WITH_KNOTS('',2,(#5159,#5160,#5161),
  .UNSPECIFIED.,.F.,.F.,(3,3),(0.,1.),.PIECEWISE_BEZIER_KNOTS.);
#5159 = CARTESIAN_POINT('',(189.04890036296,-75.98574046039,
    -18.46705730441));
#5160 = CARTESIAN_POINT('',(189.04890036296,-75.56286841896,
    -18.35374908241));
#5161 = CARTESIAN_POINT('',(188.6177661037,-75.28672990149,
    -18.27975798966));
#5162 = ORIENTED_EDGE('',*,*,#5123,.F.);
#5163 = ORIENTED_EDGE('',*,*,#2234,.F.);
#5164 = SURFACE_OF_LINEAR_EXTRUSION('',#5165,#5169);
#5165 = B_SPLINE_CURVE_WITH_KNOTS('',2,(#5166,#5167,#5168),
  .UNSPECIFIED.,.F.,.F.,(3,3),(0.,1.),.PIECEWISE_BEZIER_KNOTS.);
#5166 = CARTESIAN_POINT('',(189.04890036296,-75.72692141529,
    -19.4329831307));
#5167 = CARTESIAN_POINT('',(189.04890036296,-75.30404937386,
    -19.3196749087));
#5168 = CARTESIAN_POINT('',(188.6177661037,-75.02791085639,
    -19.24568381594));
#5169 = VECTOR('',#5170,1.);
#5170 = DIRECTION('',(0.,0.258819045103,-0.965925826289));
#5171 = ADVANCED_FACE('',(#5172),#5190,.T.);
#5172 = FACE_BOUND('',#5173,.T.);
#5173 = EDGE_LOOP('',(#5174,#5182,#5188,#5189));
#5174 = ORIENTED_EDGE('',*,*,#5175,.T.);
#5175 = EDGE_CURVE('',#2219,#5176,#5178,.T.);
#5176 = VERTEX_POINT('',#5177);
#5177 = CARTESIAN_POINT('',(188.74681702963,-76.57630795777,
    -18.62529938841));
#5178 = LINE('',#5179,#5180);
#5179 = CARTESIAN_POINT('',(188.74681702963,-76.31748891267,
    -19.5912252147));
#5180 = VECTOR('',#5181,1.);
#5181 = DIRECTION('',(0.,-0.258819045103,0.965925826289));
#5182 = ORIENTED_EDGE('',*,*,#5183,.T.);
#5183 = EDGE_CURVE('',#5176,#5150,#5184,.T.);
#5184 = B_SPLINE_CURVE_WITH_KNOTS('',2,(#5185,#5186,#5187),
  .UNSPECIFIED.,.F.,.F.,(3,3),(0.,1.),.PIECEWISE_BEZIER_KNOTS.);
#5185 = CARTESIAN_POINT('',(188.74681702963,-76.57630795777,
    -18.62529938841));
#5186 = CARTESIAN_POINT('',(189.04890036296,-76.36221675901,
    -18.5679338246));
#5187 = CARTESIAN_POINT('',(189.04890036296,-75.98574046039,
    -18.46705730441));
#5188 = ORIENTED_EDGE('',*,*,#5149,.F.);
#5189 = ORIENTED_EDGE('',*,*,#2226,.F.);
#5190 = SURFACE_OF_LINEAR_EXTRUSION('',#5191,#5195);
#5191 = B_SPLINE_CURVE_WITH_KNOTS('',2,(#5192,#5193,#5194),
  .UNSPECIFIED.,.F.,.F.,(3,3),(0.,1.),.PIECEWISE_BEZIER_KNOTS.);
#5192 = CARTESIAN_POINT('',(188.74681702963,-76.31748891267,
    -19.5912252147));
#5193 = CARTESIAN_POINT('',(189.04890036296,-76.1033977139,
    -19.53385965089));
#5194 = CARTESIAN_POINT('',(189.04890036296,-75.72692141529,
    -19.4329831307));
#5195 = VECTOR('',#5196,1.);
#5196 = DIRECTION('',(0.,0.258819045103,-0.965925826289));
#5197 = ADVANCED_FACE('',(#5198),#5216,.T.);
#5198 = FACE_BOUND('',#5199,.T.);
#5199 = EDGE_LOOP('',(#5200,#5208,#5214,#5215));
#5200 = ORIENTED_EDGE('',*,*,#5201,.T.);
#5201 = EDGE_CURVE('',#2211,#5202,#5204,.T.);
#5202 = VERTEX_POINT('',#5203);
#5203 = CARTESIAN_POINT('',(188.01793971481,-76.85440292223,
    -18.69981470956));
#5204 = LINE('',#5205,#5206);
#5205 = CARTESIAN_POINT('',(188.01793971481,-76.59558387713,
    -19.66574053585));
#5206 = VECTOR('',#5207,1.);
#5207 = DIRECTION('',(0.,-0.258819045103,0.965925826289));
#5208 = ORIENTED_EDGE('',*,*,#5209,.T.);
#5209 = EDGE_CURVE('',#5202,#5176,#5210,.T.);
#5210 = B_SPLINE_CURVE_WITH_KNOTS('',2,(#5211,#5212,#5213),
  .UNSPECIFIED.,.F.,.F.,(3,3),(0.,1.),.PIECEWISE_BEZIER_KNOTS.);
#5211 = CARTESIAN_POINT('',(188.01793971481,-76.85440292223,
    -18.69981470956));
#5212 = CARTESIAN_POINT('',(188.44444434444,-76.79011966411,
    -18.68259006246));
#5213 = CARTESIAN_POINT('',(188.74681702963,-76.57630795777,
    -18.62529938841));
#5214 = ORIENTED_EDGE('',*,*,#5175,.F.);
#5215 = ORIENTED_EDGE('',*,*,#2218,.F.);
#5216 = SURFACE_OF_LINEAR_EXTRUSION('',#5217,#5221);
#5217 = B_SPLINE_CURVE_WITH_KNOTS('',2,(#5218,#5219,#5220),
  .UNSPECIFIED.,.F.,.F.,(3,3),(0.,1.),.PIECEWISE_BEZIER_KNOTS.);
#5218 = CARTESIAN_POINT('',(188.01793971481,-76.59558387713,
    -19.66574053585));
#5219 = CARTESIAN_POINT('',(188.44444434444,-76.53130061901,
    -19.64851588875));
#5220 = CARTESIAN_POINT('',(188.74681702963,-76.31748891267,
    -19.5912252147));
#5221 = VECTOR('',#5222,1.);
#5222 = DIRECTION('',(0.,0.258819045103,-0.965925826289));
#5223 = ADVANCED_FACE('',(#5224),#5242,.T.);
#5224 = FACE_BOUND('',#5225,.T.);
#5225 = EDGE_LOOP('',(#5226,#5234,#5240,#5241));
#5226 = ORIENTED_EDGE('',*,*,#5227,.T.);
#5227 = EDGE_CURVE('',#2203,#5228,#5230,.T.);
#5228 = VERTEX_POINT('',#5229);
#5229 = CARTESIAN_POINT('',(187.1646411037,-76.98268994603,
    -18.73418911399));
#5230 = LINE('',#5231,#5232);
#5231 = CARTESIAN_POINT('',(187.1646411037,-76.72387090093,
    -19.70011494027));
#5232 = VECTOR('',#5233,1.);
#5233 = DIRECTION('',(0.,-0.258819045103,0.965925826289));
#5234 = ORIENTED_EDGE('',*,*,#5235,.T.);
#5235 = EDGE_CURVE('',#5228,#5202,#5236,.T.);
#5236 = B_SPLINE_CURVE_WITH_KNOTS('',2,(#5237,#5238,#5239),
  .UNSPECIFIED.,.F.,.F.,(3,3),(0.,1.),.PIECEWISE_BEZIER_KNOTS.);
#5237 = CARTESIAN_POINT('',(187.1646411037,-76.98268994603,
    -18.73418911399));
#5238 = CARTESIAN_POINT('',(187.59114573333,-76.91840668792,
    -18.71696446689));
#5239 = CARTESIAN_POINT('',(188.01793971481,-76.85440292223,
    -18.69981470956));
#5240 = ORIENTED_EDGE('',*,*,#5201,.F.);
#5241 = ORIENTED_EDGE('',*,*,#2210,.F.);
#5242 = SURFACE_OF_LINEAR_EXTRUSION('',#5243,#5247);
#5243 = B_SPLINE_CURVE_WITH_KNOTS('',2,(#5244,#5245,#5246),
  .UNSPECIFIED.,.F.,.F.,(3,3),(0.,1.),.PIECEWISE_BEZIER_KNOTS.);
#5244 = CARTESIAN_POINT('',(187.1646411037,-76.72387090093,
    -19.70011494027));
#5245 = CARTESIAN_POINT('',(187.59114573333,-76.65958764281,
    -19.68289029318));
#5246 = CARTESIAN_POINT('',(188.01793971481,-76.59558387713,
    -19.66574053585));
#5247 = VECTOR('',#5248,1.);
#5248 = DIRECTION('',(0.,0.258819045103,-0.965925826289));
#5249 = ADVANCED_FACE('',(#5250),#5268,.T.);
#5250 = FACE_BOUND('',#5251,.T.);
#5251 = EDGE_LOOP('',(#5252,#5260,#5266,#5267));
#5252 = ORIENTED_EDGE('',*,*,#5253,.T.);
#5253 = EDGE_CURVE('',#2195,#5254,#5256,.T.);
#5254 = VERTEX_POINT('',#5255);
#5255 = CARTESIAN_POINT('',(186.43576378888,-77.21858155407,
    -18.79739607986));
#5256 = LINE('',#5257,#5258);
#5257 = CARTESIAN_POINT('',(186.43576378888,-76.95976250897,
    -19.76332190615));
#5258 = VECTOR('',#5259,1.);
#5259 = DIRECTION('',(0.,-0.258819045103,0.965925826289));
#5260 = ORIENTED_EDGE('',*,*,#5261,.T.);
#5261 = EDGE_CURVE('',#5254,#5228,#5262,.T.);
#5262 = B_SPLINE_CURVE_WITH_KNOTS('',2,(#5263,#5264,#5265),
  .UNSPECIFIED.,.F.,.F.,(3,3),(0.,1.),.PIECEWISE_BEZIER_KNOTS.);
#5263 = CARTESIAN_POINT('',(186.43576378888,-77.21858155407,
    -18.79739607986));
#5264 = CARTESIAN_POINT('',(186.73784712222,-77.04669371172,
    -18.75133887131));
#5265 = CARTESIAN_POINT('',(187.1646411037,-76.98268994603,
    -18.73418911399));
#5266 = ORIENTED_EDGE('',*,*,#5227,.F.);
#5267 = ORIENTED_EDGE('',*,*,#2202,.F.);
#5268 = SURFACE_OF_LINEAR_EXTRUSION('',#5269,#5273);
#5269 = B_SPLINE_CURVE_WITH_KNOTS('',2,(#5270,#5271,#5272),
  .UNSPECIFIED.,.F.,.F.,(3,3),(0.,1.),.PIECEWISE_BEZIER_KNOTS.);
#5270 = CARTESIAN_POINT('',(186.43576378888,-76.95976250897,
    -19.76332190615));
#5271 = CARTESIAN_POINT('',(186.73784712222,-76.78787466662,
    -19.7172646976));
#5272 = CARTESIAN_POINT('',(187.1646411037,-76.72387090093,
    -19.70011494027));
#5273 = VECTOR('',#5274,1.);
#5274 = DIRECTION('',(0.,0.258819045103,-0.965925826289));
#5275 = ADVANCED_FACE('',(#5276),#5287,.T.);
#5276 = FACE_BOUND('',#5277,.T.);
#5277 = EDGE_LOOP('',(#5278,#5279,#5285,#5286));
#5278 = ORIENTED_EDGE('',*,*,#4362,.T.);
#5279 = ORIENTED_EDGE('',*,*,#5280,.T.);
#5280 = EDGE_CURVE('',#4355,#5254,#5281,.T.);
#5281 = B_SPLINE_CURVE_WITH_KNOTS('',2,(#5282,#5283,#5284),
  .UNSPECIFIED.,.F.,.F.,(3,3),(0.,1.),.PIECEWISE_BEZIER_KNOTS.);
#5282 = CARTESIAN_POINT('',(186.1333911037,-77.70825228546,
    -18.92860295689));
#5283 = CARTESIAN_POINT('',(186.1333911037,-77.39046939642,
    -18.84345328841));
#5284 = CARTESIAN_POINT('',(186.43576378888,-77.21858155407,
    -18.79739607986));
#5285 = ORIENTED_EDGE('',*,*,#5253,.F.);
#5286 = ORIENTED_EDGE('',*,*,#2194,.F.);
#5287 = SURFACE_OF_LINEAR_EXTRUSION('',#5288,#5292);
#5288 = B_SPLINE_CURVE_WITH_KNOTS('',2,(#5289,#5290,#5291),
  .UNSPECIFIED.,.F.,.F.,(3,3),(0.,1.),.PIECEWISE_BEZIER_KNOTS.);
#5289 = CARTESIAN_POINT('',(186.1333911037,-77.44943324035,
    -19.89452878318));
#5290 = CARTESIAN_POINT('',(186.1333911037,-77.13165035132,
    -19.8093791147));
#5291 = CARTESIAN_POINT('',(186.43576378888,-76.95976250897,
    -19.76332190615));
#5292 = VECTOR('',#5293,1.);
#5293 = DIRECTION('',(0.,0.258819045103,-0.965925826289));
#5294 = ADVANCED_FACE('',(#5295),#5320,.T.);
#5295 = FACE_BOUND('',#5296,.T.);
#5296 = EDGE_LOOP('',(#5297,#5305,#5313,#5319));
#5297 = ORIENTED_EDGE('',*,*,#5298,.T.);
#5298 = EDGE_CURVE('',#2483,#5299,#5301,.T.);
#5299 = VERTEX_POINT('',#5300);
#5300 = CARTESIAN_POINT('',(193.60879619629,-79.94754560728,
    -19.52861979409));
#5301 = LINE('',#5302,#5303);
#5302 = CARTESIAN_POINT('',(193.60879619629,-79.68872656218,
    -20.49454562038));
#5303 = VECTOR('',#5304,1.);
#5304 = DIRECTION('',(0.,-0.258819045103,0.965925826289));
#5305 = ORIENTED_EDGE('',*,*,#5306,.T.);
#5306 = EDGE_CURVE('',#5299,#5307,#5309,.T.);
#5307 = VERTEX_POINT('',#5308);
#5308 = CARTESIAN_POINT('',(192.9777198074,-78.70799669536,
    -19.19648366416));
#5309 = LINE('',#5310,#5311);
#5310 = CARTESIAN_POINT('',(193.60879619629,-79.94754560728,
    -19.52861979409));
#5311 = VECTOR('',#5312,1.);
#5312 = DIRECTION('',(-0.441295616647,0.866784926643,0.232254321106));
#5313 = ORIENTED_EDGE('',*,*,#5314,.F.);
#5314 = EDGE_CURVE('',#2485,#5307,#5315,.T.);
#5315 = LINE('',#5316,#5317);
#5316 = CARTESIAN_POINT('',(192.9777198074,-78.44917765026,
    -20.16240949045));
#5317 = VECTOR('',#5318,1.);
#5318 = DIRECTION('',(0.,-0.258819045103,0.965925826289));
#5319 = ORIENTED_EDGE('',*,*,#2482,.F.);
#5320 = PLANE('',#5321);
#5321 = AXIS2_PLACEMENT_3D('',#5322,#5323,#5324);
#5322 = CARTESIAN_POINT('',(193.60879619629,-79.68872656218,
    -20.49454562038));
#5323 = DIRECTION('',(-0.897361788092,-0.426258833147,-0.114215710108));
#5324 = DIRECTION('',(-0.441295616647,0.866784926643,0.232254321106));
#5325 = ADVANCED_FACE('',(#5326),#5344,.T.);
#5326 = FACE_BOUND('',#5327,.T.);
#5327 = EDGE_LOOP('',(#5328,#5336,#5342,#5343));
#5328 = ORIENTED_EDGE('',*,*,#5329,.T.);
#5329 = EDGE_CURVE('',#2677,#5330,#5332,.T.);
#5330 = VERTEX_POINT('',#5331);
#5331 = CARTESIAN_POINT('',(194.73784712222,-79.94754560728,
    -19.52861979409));
#5332 = LINE('',#5333,#5334);
#5333 = CARTESIAN_POINT('',(194.73784712222,-79.68872656218,
    -20.49454562038));
#5334 = VECTOR('',#5335,1.);
#5335 = DIRECTION('',(0.,-0.258819045103,0.965925826289));
#5336 = ORIENTED_EDGE('',*,*,#5337,.T.);
#5337 = EDGE_CURVE('',#5330,#5299,#5338,.T.);
#5338 = LINE('',#5339,#5340);
#5339 = CARTESIAN_POINT('',(194.73784712222,-79.94754560728,
    -19.52861979409));
#5340 = VECTOR('',#5341,1.);
#5341 = DIRECTION('',(-1.,0.,0.));
#5342 = ORIENTED_EDGE('',*,*,#5298,.F.);
#5343 = ORIENTED_EDGE('',*,*,#2684,.F.);
#5344 = PLANE('',#5345);
#5345 = AXIS2_PLACEMENT_3D('',#5346,#5347,#5348);
#5346 = CARTESIAN_POINT('',(194.73784712222,-79.68872656218,
    -20.49454562038));
#5347 = DIRECTION('',(1.2E-16,-0.965925826289,-0.258819045103));
#5348 = DIRECTION('',(-1.,-1.164495749276E-16,-2.904866646907E-17));
#5349 = ADVANCED_FACE('',(#5350),#5368,.T.);
#5350 = FACE_BOUND('',#5351,.T.);
#5351 = EDGE_LOOP('',(#5352,#5360,#5366,#5367));
#5352 = ORIENTED_EDGE('',*,*,#5353,.T.);
#5353 = EDGE_CURVE('',#2669,#5354,#5356,.T.);
#5354 = VERTEX_POINT('',#5355);
#5355 = CARTESIAN_POINT('',(194.9777198074,-80.12194888147,
    -19.57535101057));
#5356 = LINE('',#5357,#5358);
#5357 = CARTESIAN_POINT('',(194.9777198074,-79.86312983637,
    -20.54127683686));
#5358 = VECTOR('',#5359,1.);
#5359 = DIRECTION('',(0.,-0.258819045103,0.965925826289));
#5360 = ORIENTED_EDGE('',*,*,#5361,.T.);
#5361 = EDGE_CURVE('',#5354,#5330,#5362,.T.);
#5362 = B_SPLINE_CURVE_WITH_KNOTS('',2,(#5363,#5364,#5365),
  .UNSPECIFIED.,.F.,.F.,(3,3),(0.,1.),.PIECEWISE_BEZIER_KNOTS.);
#5363 = CARTESIAN_POINT('',(194.9777198074,-80.12194888147,
    -19.57535101057));
#5364 = CARTESIAN_POINT('',(194.9777198074,-79.94754560728,
    -19.52861979409));
#5365 = CARTESIAN_POINT('',(194.73784712222,-79.94754560728,
    -19.52861979409));
#5366 = ORIENTED_EDGE('',*,*,#5329,.F.);
#5367 = ORIENTED_EDGE('',*,*,#2676,.F.);
#5368 = SURFACE_OF_LINEAR_EXTRUSION('',#5369,#5373);
#5369 = B_SPLINE_CURVE_WITH_KNOTS('',2,(#5370,#5371,#5372),
  .UNSPECIFIED.,.F.,.F.,(3,3),(0.,1.),.PIECEWISE_BEZIER_KNOTS.);
#5370 = CARTESIAN_POINT('',(194.9777198074,-79.86312983637,
    -20.54127683686));
#5371 = CARTESIAN_POINT('',(194.9777198074,-79.68872656218,
    -20.49454562038));
#5372 = CARTESIAN_POINT('',(194.73784712222,-79.68872656218,
    -20.49454562038));
#5373 = VECTOR('',#5374,1.);
#5374 = DIRECTION('',(0.,0.258819045103,-0.965925826289));
#5375 = ADVANCED_FACE('',(#5376),#5394,.T.);
#5376 = FACE_BOUND('',#5377,.T.);
#5377 = EDGE_LOOP('',(#5378,#5386,#5392,#5393));
#5378 = ORIENTED_EDGE('',*,*,#5379,.T.);
#5379 = EDGE_CURVE('',#2661,#5380,#5382,.T.);
#5380 = VERTEX_POINT('',#5381);
#5381 = CARTESIAN_POINT('',(194.73784712222,-80.30529591331,
    -19.62447869968));
#5382 = LINE('',#5383,#5384);
#5383 = CARTESIAN_POINT('',(194.73784712222,-80.04647686821,
    -20.59040452597));
#5384 = VECTOR('',#5385,1.);
#5385 = DIRECTION('',(0.,-0.258819045103,0.965925826289));
#5386 = ORIENTED_EDGE('',*,*,#5387,.T.);
#5387 = EDGE_CURVE('',#5380,#5354,#5388,.T.);
#5388 = B_SPLINE_CURVE_WITH_KNOTS('',2,(#5389,#5390,#5391),
  .UNSPECIFIED.,.F.,.F.,(3,3),(0.,1.),.PIECEWISE_BEZIER_KNOTS.);
#5389 = CARTESIAN_POINT('',(194.73784712222,-80.30529591331,
    -19.62447869968));
#5390 = CARTESIAN_POINT('',(194.9777198074,-80.30529591331,
    -19.62447869968));
#5391 = CARTESIAN_POINT('',(194.9777198074,-80.12194888147,
    -19.57535101057));
#5392 = ORIENTED_EDGE('',*,*,#5353,.F.);
#5393 = ORIENTED_EDGE('',*,*,#2668,.F.);
#5394 = SURFACE_OF_LINEAR_EXTRUSION('',#5395,#5399);
#5395 = B_SPLINE_CURVE_WITH_KNOTS('',2,(#5396,#5397,#5398),
  .UNSPECIFIED.,.F.,.F.,(3,3),(0.,1.),.PIECEWISE_BEZIER_KNOTS.);
#5396 = CARTESIAN_POINT('',(194.73784712222,-80.04647686821,
    -20.59040452597));
#5397 = CARTESIAN_POINT('',(194.9777198074,-80.04647686821,
    -20.59040452597));
#5398 = CARTESIAN_POINT('',(194.9777198074,-79.86312983637,
    -20.54127683686));
#5399 = VECTOR('',#5400,1.);
#5400 = DIRECTION('',(0.,0.258819045103,-0.965925826289));
#5401 = ADVANCED_FACE('',(#5402),#5420,.T.);
#5402 = FACE_BOUND('',#5403,.T.);
#5403 = EDGE_LOOP('',(#5404,#5412,#5418,#5419));
#5404 = ORIENTED_EDGE('',*,*,#5405,.T.);
#5405 = EDGE_CURVE('',#2653,#5406,#5408,.T.);
#5406 = VERTEX_POINT('',#5407);
#5407 = CARTESIAN_POINT('',(192.66666656666,-80.30529591331,
    -19.62447869968));
#5408 = LINE('',#5409,#5410);
#5409 = CARTESIAN_POINT('',(192.66666656666,-80.04647686821,
    -20.59040452597));
#5410 = VECTOR('',#5411,1.);
#5411 = DIRECTION('',(0.,-0.258819045103,0.965925826289));
#5412 = ORIENTED_EDGE('',*,*,#5413,.T.);
#5413 = EDGE_CURVE('',#5406,#5380,#5414,.T.);
#5414 = LINE('',#5415,#5416);
#5415 = CARTESIAN_POINT('',(192.66666656666,-80.30529591331,
    -19.62447869968));
#5416 = VECTOR('',#5417,1.);
#5417 = DIRECTION('',(1.,0.,0.));
#5418 = ORIENTED_EDGE('',*,*,#5379,.F.);
#5419 = ORIENTED_EDGE('',*,*,#2660,.F.);
#5420 = PLANE('',#5421);
#5421 = AXIS2_PLACEMENT_3D('',#5422,#5423,#5424);
#5422 = CARTESIAN_POINT('',(192.66666656666,-80.04647686821,
    -20.59040452597));
#5423 = DIRECTION('',(-1.2E-16,0.965925826289,0.258819045103));
#5424 = DIRECTION('',(1.,1.164495749276E-16,2.904866646907E-17));
#5425 = ADVANCED_FACE('',(#5426),#5444,.T.);
#5426 = FACE_BOUND('',#5427,.T.);
#5427 = EDGE_LOOP('',(#5428,#5436,#5442,#5443));
#5428 = ORIENTED_EDGE('',*,*,#5429,.T.);
#5429 = EDGE_CURVE('',#2645,#5430,#5432,.T.);
#5430 = VERTEX_POINT('',#5431);
#5431 = CARTESIAN_POINT('',(192.42650452963,-80.12194888147,
    -19.57535101057));
#5432 = LINE('',#5433,#5434);
#5433 = CARTESIAN_POINT('',(192.42650452963,-79.86312983637,
    -20.54127683686));
#5434 = VECTOR('',#5435,1.);
#5435 = DIRECTION('',(0.,-0.258819045103,0.965925826289));
#5436 = ORIENTED_EDGE('',*,*,#5437,.T.);
#5437 = EDGE_CURVE('',#5430,#5406,#5438,.T.);
#5438 = B_SPLINE_CURVE_WITH_KNOTS('',2,(#5439,#5440,#5441),
  .UNSPECIFIED.,.F.,.F.,(3,3),(0.,1.),.PIECEWISE_BEZIER_KNOTS.);
#5439 = CARTESIAN_POINT('',(192.42650452963,-80.12194888147,
    -19.57535101057));
#5440 = CARTESIAN_POINT('',(192.42650452963,-80.30529591331,
    -19.62447869968));
#5441 = CARTESIAN_POINT('',(192.66666656666,-80.30529591331,
    -19.62447869968));
#5442 = ORIENTED_EDGE('',*,*,#5405,.F.);
#5443 = ORIENTED_EDGE('',*,*,#2652,.F.);
#5444 = SURFACE_OF_LINEAR_EXTRUSION('',#5445,#5449);
#5445 = B_SPLINE_CURVE_WITH_KNOTS('',2,(#5446,#5447,#5448),
  .UNSPECIFIED.,.F.,.F.,(3,3),(0.,1.),.PIECEWISE_BEZIER_KNOTS.);
#5446 = CARTESIAN_POINT('',(192.42650452963,-79.86312983637,
    -20.54127683686));
#5447 = CARTESIAN_POINT('',(192.42650452963,-80.04647686821,
    -20.59040452597));
#5448 = CARTESIAN_POINT('',(192.66666656666,-80.04647686821,
    -20.59040452597));
#5449 = VECTOR('',#5450,1.);
#5450 = DIRECTION('',(0.,0.258819045103,-0.965925826289));
#5451 = ADVANCED_FACE('',(#5452),#5470,.T.);
#5452 = FACE_BOUND('',#5453,.T.);
#5453 = EDGE_LOOP('',(#5454,#5462,#5468,#5469));
#5454 = ORIENTED_EDGE('',*,*,#5455,.T.);
#5455 = EDGE_CURVE('',#2637,#5456,#5458,.T.);
#5456 = VERTEX_POINT('',#5457);
#5457 = CARTESIAN_POINT('',(192.66666656666,-79.94754560728,
    -19.52861979409));
#5458 = LINE('',#5459,#5460);
#5459 = CARTESIAN_POINT('',(192.66666656666,-79.68872656218,
    -20.49454562038));
#5460 = VECTOR('',#5461,1.);
#5461 = DIRECTION('',(0.,-0.258819045103,0.965925826289));
#5462 = ORIENTED_EDGE('',*,*,#5463,.T.);
#5463 = EDGE_CURVE('',#5456,#5430,#5464,.T.);
#5464 = B_SPLINE_CURVE_WITH_KNOTS('',2,(#5465,#5466,#5467),
  .UNSPECIFIED.,.F.,.F.,(3,3),(0.,1.),.PIECEWISE_BEZIER_KNOTS.);
#5465 = CARTESIAN_POINT('',(192.66666656666,-79.94754560728,
    -19.52861979409));
#5466 = CARTESIAN_POINT('',(192.42650452963,-79.94754560728,
    -19.52861979409));
#5467 = CARTESIAN_POINT('',(192.42650452963,-80.12194888147,
    -19.57535101057));
#5468 = ORIENTED_EDGE('',*,*,#5429,.F.);
#5469 = ORIENTED_EDGE('',*,*,#2644,.F.);
#5470 = SURFACE_OF_LINEAR_EXTRUSION('',#5471,#5475);
#5471 = B_SPLINE_CURVE_WITH_KNOTS('',2,(#5472,#5473,#5474),
  .UNSPECIFIED.,.F.,.F.,(3,3),(0.,1.),.PIECEWISE_BEZIER_KNOTS.);
#5472 = CARTESIAN_POINT('',(192.66666656666,-79.68872656218,
    -20.49454562038));
#5473 = CARTESIAN_POINT('',(192.42650452963,-79.68872656218,
    -20.49454562038));
#5474 = CARTESIAN_POINT('',(192.42650452963,-79.86312983637,
    -20.54127683686));
#5475 = VECTOR('',#5476,1.);
#5476 = DIRECTION('',(0.,0.258819045103,-0.965925826289));
#5477 = ADVANCED_FACE('',(#5478),#5496,.T.);
#5478 = FACE_BOUND('',#5479,.T.);
#5479 = EDGE_LOOP('',(#5480,#5488,#5494,#5495));
#5480 = ORIENTED_EDGE('',*,*,#5481,.T.);
#5481 = EDGE_CURVE('',#2629,#5482,#5484,.T.);
#5482 = VERTEX_POINT('',#5483);
#5483 = CARTESIAN_POINT('',(193.24450221481,-79.94754560728,
    -19.52861979409));
#5484 = LINE('',#5485,#5486);
#5485 = CARTESIAN_POINT('',(193.24450221481,-79.68872656218,
    -20.49454562038));
#5486 = VECTOR('',#5487,1.);
#5487 = DIRECTION('',(0.,-0.258819045103,0.965925826289));
#5488 = ORIENTED_EDGE('',*,*,#5489,.T.);
#5489 = EDGE_CURVE('',#5482,#5456,#5490,.T.);
#5490 = LINE('',#5491,#5492);
#5491 = CARTESIAN_POINT('',(193.24450221481,-79.94754560728,
    -19.52861979409));
#5492 = VECTOR('',#5493,1.);
#5493 = DIRECTION('',(-1.,0.,0.));
#5494 = ORIENTED_EDGE('',*,*,#5455,.F.);
#5495 = ORIENTED_EDGE('',*,*,#2636,.F.);
#5496 = PLANE('',#5497);
#5497 = AXIS2_PLACEMENT_3D('',#5498,#5499,#5500);
#5498 = CARTESIAN_POINT('',(193.24450221481,-79.68872656218,
    -20.49454562038));
#5499 = DIRECTION('',(1.2E-16,-0.965925826289,-0.258819045103));
#5500 = DIRECTION('',(-1.,-1.164495749276E-16,-2.904866646907E-17));
#5501 = ADVANCED_FACE('',(#5502),#5520,.T.);
#5502 = FACE_BOUND('',#5503,.T.);
#5503 = EDGE_LOOP('',(#5504,#5512,#5518,#5519));
#5504 = ORIENTED_EDGE('',*,*,#5505,.T.);
#5505 = EDGE_CURVE('',#2621,#5506,#5508,.T.);
#5506 = VERTEX_POINT('',#5507);
#5507 = CARTESIAN_POINT('',(190.9687499,-75.49355429717,-18.33517641945)
  );
#5508 = LINE('',#5509,#5510);
#5509 = CARTESIAN_POINT('',(190.9687499,-75.23473525207,-19.30110224574)
  );
#5510 = VECTOR('',#5511,1.);
#5511 = DIRECTION('',(0.,-0.258819045103,0.965925826289));
#5512 = ORIENTED_EDGE('',*,*,#5513,.T.);
#5513 = EDGE_CURVE('',#5506,#5482,#5514,.T.);
#5514 = LINE('',#5515,#5516);
#5515 = CARTESIAN_POINT('',(190.9687499,-75.49355429717,-18.33517641945)
  );
#5516 = VECTOR('',#5517,1.);
#5517 = DIRECTION('',(0.442570861644,-0.866178080557,-0.232091717187));
#5518 = ORIENTED_EDGE('',*,*,#5481,.F.);
#5519 = ORIENTED_EDGE('',*,*,#2628,.F.);
#5520 = PLANE('',#5521);
#5521 = AXIS2_PLACEMENT_3D('',#5522,#5523,#5524);
#5522 = CARTESIAN_POINT('',(190.9687499,-75.23473525207,-19.30110224574)
  );
#5523 = DIRECTION('',(0.896733534794,0.427490625225,0.114545767801));
#5524 = DIRECTION('',(0.442570861644,-0.866178080557,-0.232091717187));
#5525 = ADVANCED_FACE('',(#5526),#5544,.T.);
#5526 = FACE_BOUND('',#5527,.T.);
#5527 = EDGE_LOOP('',(#5528,#5536,#5542,#5543));
#5528 = ORIENTED_EDGE('',*,*,#5529,.T.);
#5529 = EDGE_CURVE('',#2613,#5530,#5532,.T.);
#5530 = VERTEX_POINT('',#5531);
#5531 = CARTESIAN_POINT('',(190.8443286037,-75.49355429717,
    -18.33517641945));
#5532 = LINE('',#5533,#5534);
#5533 = CARTESIAN_POINT('',(190.8443286037,-75.23473525207,
    -19.30110224574));
#5534 = VECTOR('',#5535,1.);
#5535 = DIRECTION('',(0.,-0.258819045103,0.965925826289));
#5536 = ORIENTED_EDGE('',*,*,#5537,.T.);
#5537 = EDGE_CURVE('',#5530,#5506,#5538,.T.);
#5538 = LINE('',#5539,#5540);
#5539 = CARTESIAN_POINT('',(190.8443286037,-75.49355429717,
    -18.33517641945));
#5540 = VECTOR('',#5541,1.);
#5541 = DIRECTION('',(1.,0.,0.));
#5542 = ORIENTED_EDGE('',*,*,#5505,.F.);
#5543 = ORIENTED_EDGE('',*,*,#2620,.F.);
#5544 = PLANE('',#5545);
#5545 = AXIS2_PLACEMENT_3D('',#5546,#5547,#5548);
#5546 = CARTESIAN_POINT('',(190.8443286037,-75.23473525207,
    -19.30110224574));
#5547 = DIRECTION('',(-1.2E-16,0.965925826289,0.258819045103));
#5548 = DIRECTION('',(1.,1.164495749276E-16,2.904866646907E-17));
#5549 = ADVANCED_FACE('',(#5550),#5568,.T.);
#5550 = FACE_BOUND('',#5551,.T.);
#5551 = EDGE_LOOP('',(#5552,#5560,#5566,#5567));
#5552 = ORIENTED_EDGE('',*,*,#5553,.T.);
#5553 = EDGE_CURVE('',#2605,#5554,#5556,.T.);
#5554 = VERTEX_POINT('',#5555);
#5555 = CARTESIAN_POINT('',(190.60445591851,-75.31020726533,
    -18.28604873034));
#5556 = LINE('',#5557,#5558);
#5557 = CARTESIAN_POINT('',(190.60445591851,-75.05138822023,
    -19.25197455662));
#5558 = VECTOR('',#5559,1.);
#5559 = DIRECTION('',(0.,-0.258819045103,0.965925826289));
#5560 = ORIENTED_EDGE('',*,*,#5561,.T.);
#5561 = EDGE_CURVE('',#5554,#5530,#5562,.T.);
#5562 = B_SPLINE_CURVE_WITH_KNOTS('',2,(#5563,#5564,#5565),
  .UNSPECIFIED.,.F.,.F.,(3,3),(0.,1.),.PIECEWISE_BEZIER_KNOTS.);
#5563 = CARTESIAN_POINT('',(190.60445591851,-75.31020726533,
    -18.28604873034));
#5564 = CARTESIAN_POINT('',(190.60445591851,-75.49355429717,
    -18.33517641945));
#5565 = CARTESIAN_POINT('',(190.8443286037,-75.49355429717,
    -18.33517641945));
#5566 = ORIENTED_EDGE('',*,*,#5529,.F.);
#5567 = ORIENTED_EDGE('',*,*,#2612,.F.);
#5568 = SURFACE_OF_LINEAR_EXTRUSION('',#5569,#5573);
#5569 = B_SPLINE_CURVE_WITH_KNOTS('',2,(#5570,#5571,#5572),
  .UNSPECIFIED.,.F.,.F.,(3,3),(0.,1.),.PIECEWISE_BEZIER_KNOTS.);
#5570 = CARTESIAN_POINT('',(190.60445591851,-75.05138822023,
    -19.25197455662));
#5571 = CARTESIAN_POINT('',(190.60445591851,-75.23473525207,
    -19.30110224574));
#5572 = CARTESIAN_POINT('',(190.8443286037,-75.23473525207,
    -19.30110224574));
#5573 = VECTOR('',#5574,1.);
#5574 = DIRECTION('',(0.,0.258819045103,-0.965925826289));
#5575 = ADVANCED_FACE('',(#5576),#5594,.T.);
#5576 = FACE_BOUND('',#5577,.T.);
#5577 = EDGE_LOOP('',(#5578,#5586,#5592,#5593));
#5578 = ORIENTED_EDGE('',*,*,#5579,.T.);
#5579 = EDGE_CURVE('',#2597,#5580,#5582,.T.);
#5580 = VERTEX_POINT('',#5581);
#5581 = CARTESIAN_POINT('',(190.8443286037,-75.13580399114,
    -18.23931751386));
#5582 = LINE('',#5583,#5584);
#5583 = CARTESIAN_POINT('',(190.8443286037,-74.87698494603,
    -19.20524334015));
#5584 = VECTOR('',#5585,1.);
#5585 = DIRECTION('',(0.,-0.258819045103,0.965925826289));
#5586 = ORIENTED_EDGE('',*,*,#5587,.T.);
#5587 = EDGE_CURVE('',#5580,#5554,#5588,.T.);
#5588 = B_SPLINE_CURVE_WITH_KNOTS('',2,(#5589,#5590,#5591),
  .UNSPECIFIED.,.F.,.F.,(3,3),(0.,1.),.PIECEWISE_BEZIER_KNOTS.);
#5589 = CARTESIAN_POINT('',(190.8443286037,-75.13580399114,
    -18.23931751386));
#5590 = CARTESIAN_POINT('',(190.60445591851,-75.13580399114,
    -18.23931751386));
#5591 = CARTESIAN_POINT('',(190.60445591851,-75.31020726533,
    -18.28604873034));
#5592 = ORIENTED_EDGE('',*,*,#5553,.F.);
#5593 = ORIENTED_EDGE('',*,*,#2604,.F.);
#5594 = SURFACE_OF_LINEAR_EXTRUSION('',#5595,#5599);
#5595 = B_SPLINE_CURVE_WITH_KNOTS('',2,(#5596,#5597,#5598),
  .UNSPECIFIED.,.F.,.F.,(3,3),(0.,1.),.PIECEWISE_BEZIER_KNOTS.);
#5596 = CARTESIAN_POINT('',(190.8443286037,-74.87698494603,
    -19.20524334015));
#5597 = CARTESIAN_POINT('',(190.60445591851,-74.87698494603,
    -19.20524334015));
#5598 = CARTESIAN_POINT('',(190.60445591851,-75.05138822023,
    -19.25197455662));
#5599 = VECTOR('',#5600,1.);
#5600 = DIRECTION('',(0.,0.258819045103,-0.965925826289));
#5601 = ADVANCED_FACE('',(#5602),#5620,.T.);
#5602 = FACE_BOUND('',#5603,.T.);
#5603 = EDGE_LOOP('',(#5604,#5612,#5618,#5619));
#5604 = ORIENTED_EDGE('',*,*,#5605,.T.);
#5605 = EDGE_CURVE('',#2589,#5606,#5608,.T.);
#5606 = VERTEX_POINT('',#5607);
#5607 = CARTESIAN_POINT('',(191.82204851111,-75.13580399114,
    -18.23931751386));
#5608 = LINE('',#5609,#5610);
#5609 = CARTESIAN_POINT('',(191.82204851111,-74.87698494603,
    -19.20524334015));
#5610 = VECTOR('',#5611,1.);
#5611 = DIRECTION('',(0.,-0.258819045103,0.965925826289));
#5612 = ORIENTED_EDGE('',*,*,#5613,.T.);
#5613 = EDGE_CURVE('',#5606,#5580,#5614,.T.);
#5614 = LINE('',#5615,#5616);
#5615 = CARTESIAN_POINT('',(191.82204851111,-75.13580399114,
    -18.23931751386));
#5616 = VECTOR('',#5617,1.);
#5617 = DIRECTION('',(-1.,0.,0.));
#5618 = ORIENTED_EDGE('',*,*,#5579,.F.);
#5619 = ORIENTED_EDGE('',*,*,#2596,.F.);
#5620 = PLANE('',#5621);
#5621 = AXIS2_PLACEMENT_3D('',#5622,#5623,#5624);
#5622 = CARTESIAN_POINT('',(191.82204851111,-74.87698494603,
    -19.20524334015));
#5623 = DIRECTION('',(1.2E-16,-0.965925826289,-0.258819045103));
#5624 = DIRECTION('',(-1.,-1.164495749276E-16,-2.904866646907E-17));
#5625 = ADVANCED_FACE('',(#5626),#5644,.T.);
#5626 = FACE_BOUND('',#5627,.T.);
#5627 = EDGE_LOOP('',(#5628,#5636,#5642,#5643));
#5628 = ORIENTED_EDGE('',*,*,#5629,.T.);
#5629 = EDGE_CURVE('',#2581,#5630,#5632,.T.);
#5630 = VERTEX_POINT('',#5631);
#5631 = CARTESIAN_POINT('',(192.06221054814,-75.31020726533,
    -18.28604873034));
#5632 = LINE('',#5633,#5634);
#5633 = CARTESIAN_POINT('',(192.06221054814,-75.05138822023,
    -19.25197455662));
#5634 = VECTOR('',#5635,1.);
#5635 = DIRECTION('',(0.,-0.258819045103,0.965925826289));
#5636 = ORIENTED_EDGE('',*,*,#5637,.T.);
#5637 = EDGE_CURVE('',#5630,#5606,#5638,.T.);
#5638 = B_SPLINE_CURVE_WITH_KNOTS('',2,(#5639,#5640,#5641),
  .UNSPECIFIED.,.F.,.F.,(3,3),(0.,1.),.PIECEWISE_BEZIER_KNOTS.);
#5639 = CARTESIAN_POINT('',(192.06221054814,-75.31020726533,
    -18.28604873034));
#5640 = CARTESIAN_POINT('',(192.06221054814,-75.13580399114,
    -18.23931751386));
#5641 = CARTESIAN_POINT('',(191.82204851111,-75.13580399114,
    -18.23931751386));
#5642 = ORIENTED_EDGE('',*,*,#5605,.F.);
#5643 = ORIENTED_EDGE('',*,*,#2588,.F.);
#5644 = SURFACE_OF_LINEAR_EXTRUSION('',#5645,#5649);
#5645 = B_SPLINE_CURVE_WITH_KNOTS('',2,(#5646,#5647,#5648),
  .UNSPECIFIED.,.F.,.F.,(3,3),(0.,1.),.PIECEWISE_BEZIER_KNOTS.);
#5646 = CARTESIAN_POINT('',(192.06221054814,-75.05138822023,
    -19.25197455662));
#5647 = CARTESIAN_POINT('',(192.06221054814,-74.87698494603,
    -19.20524334015));
#5648 = CARTESIAN_POINT('',(191.82204851111,-74.87698494603,
    -19.20524334015));
#5649 = VECTOR('',#5650,1.);
#5650 = DIRECTION('',(0.,0.258819045103,-0.965925826289));
#5651 = ADVANCED_FACE('',(#5652),#5670,.T.);
#5652 = FACE_BOUND('',#5653,.T.);
#5653 = EDGE_LOOP('',(#5654,#5662,#5668,#5669));
#5654 = ORIENTED_EDGE('',*,*,#5655,.T.);
#5655 = EDGE_CURVE('',#2573,#5656,#5658,.T.);
#5656 = VERTEX_POINT('',#5657);
#5657 = CARTESIAN_POINT('',(191.82204851111,-75.49355429717,
    -18.33517641945));
#5658 = LINE('',#5659,#5660);
#5659 = CARTESIAN_POINT('',(191.82204851111,-75.23473525207,
    -19.30110224574));
#5660 = VECTOR('',#5661,1.);
#5661 = DIRECTION('',(0.,-0.258819045103,0.965925826289));
#5662 = ORIENTED_EDGE('',*,*,#5663,.T.);
#5663 = EDGE_CURVE('',#5656,#5630,#5664,.T.);
#5664 = B_SPLINE_CURVE_WITH_KNOTS('',2,(#5665,#5666,#5667),
  .UNSPECIFIED.,.F.,.F.,(3,3),(0.,1.),.PIECEWISE_BEZIER_KNOTS.);
#5665 = CARTESIAN_POINT('',(191.82204851111,-75.49355429717,
    -18.33517641945));
#5666 = CARTESIAN_POINT('',(192.06221054814,-75.49355429717,
    -18.33517641945));
#5667 = CARTESIAN_POINT('',(192.06221054814,-75.31020726533,
    -18.28604873034));
#5668 = ORIENTED_EDGE('',*,*,#5629,.F.);
#5669 = ORIENTED_EDGE('',*,*,#2580,.F.);
#5670 = SURFACE_OF_LINEAR_EXTRUSION('',#5671,#5675);
#5671 = B_SPLINE_CURVE_WITH_KNOTS('',2,(#5672,#5673,#5674),
  .UNSPECIFIED.,.F.,.F.,(3,3),(0.,1.),.PIECEWISE_BEZIER_KNOTS.);
#5672 = CARTESIAN_POINT('',(191.82204851111,-75.23473525207,
    -19.30110224574));
#5673 = CARTESIAN_POINT('',(192.06221054814,-75.23473525207,
    -19.30110224574));
#5674 = CARTESIAN_POINT('',(192.06221054814,-75.05138822023,
    -19.25197455662));
#5675 = VECTOR('',#5676,1.);
#5676 = DIRECTION('',(0.,0.258819045103,-0.965925826289));
#5677 = ADVANCED_FACE('',(#5678),#5696,.T.);
#5678 = FACE_BOUND('',#5679,.T.);
#5679 = EDGE_LOOP('',(#5680,#5688,#5694,#5695));
#5680 = ORIENTED_EDGE('',*,*,#5681,.T.);
#5681 = EDGE_CURVE('',#2565,#5682,#5684,.T.);
#5682 = VERTEX_POINT('',#5683);
#5683 = CARTESIAN_POINT('',(191.34201378888,-75.49355429717,
    -18.33517641945));
#5684 = LINE('',#5685,#5686);
#5685 = CARTESIAN_POINT('',(191.34201378888,-75.23473525207,
    -19.30110224574));
#5686 = VECTOR('',#5687,1.);
#5687 = DIRECTION('',(0.,-0.258819045103,0.965925826289));
#5688 = ORIENTED_EDGE('',*,*,#5689,.T.);
#5689 = EDGE_CURVE('',#5682,#5656,#5690,.T.);
#5690 = LINE('',#5691,#5692);
#5691 = CARTESIAN_POINT('',(191.34201378888,-75.49355429717,
    -18.33517641945));
#5692 = VECTOR('',#5693,1.);
#5693 = DIRECTION('',(1.,0.,0.));
#5694 = ORIENTED_EDGE('',*,*,#5655,.F.);
#5695 = ORIENTED_EDGE('',*,*,#2572,.F.);
#5696 = PLANE('',#5697);
#5697 = AXIS2_PLACEMENT_3D('',#5698,#5699,#5700);
#5698 = CARTESIAN_POINT('',(191.34201378888,-75.23473525207,
    -19.30110224574));
#5699 = DIRECTION('',(-1.2E-16,0.965925826289,0.258819045103));
#5700 = DIRECTION('',(1.,1.164495749276E-16,2.904866646907E-17));
#5701 = ADVANCED_FACE('',(#5702),#5720,.T.);
#5702 = FACE_BOUND('',#5703,.T.);
#5703 = EDGE_LOOP('',(#5704,#5712,#5718,#5719));
#5704 = ORIENTED_EDGE('',*,*,#5705,.T.);
#5705 = EDGE_CURVE('',#2557,#5706,#5708,.T.);
#5706 = VERTEX_POINT('',#5707);
#5707 = CARTESIAN_POINT('',(192.77314804814,-78.32313562395,
    -19.09336045088));
#5708 = LINE('',#5709,#5710);
#5709 = CARTESIAN_POINT('',(192.77314804814,-78.06431657885,
    -20.05928627717));
#5710 = VECTOR('',#5711,1.);
#5711 = DIRECTION('',(0.,-0.258819045103,0.965925826289));
#5712 = ORIENTED_EDGE('',*,*,#5713,.T.);
#5713 = EDGE_CURVE('',#5706,#5682,#5714,.T.);
#5714 = LINE('',#5715,#5716);
#5715 = CARTESIAN_POINT('',(192.77314804814,-78.32313562395,
    -19.09336045088));
#5716 = VECTOR('',#5717,1.);
#5717 = DIRECTION('',(-0.438958614554,0.867891388202,0.232550796587));
#5718 = ORIENTED_EDGE('',*,*,#5681,.F.);
#5719 = ORIENTED_EDGE('',*,*,#2564,.F.);
#5720 = PLANE('',#5721);
#5721 = AXIS2_PLACEMENT_3D('',#5722,#5723,#5724);
#5722 = CARTESIAN_POINT('',(192.77314804814,-78.06431657885,
    -20.05928627717));
#5723 = DIRECTION('',(-0.898507281389,-0.42400146247,-0.113610849458));
#5724 = DIRECTION('',(-0.438958614554,0.867891388202,0.232550796587));
#5725 = ADVANCED_FACE('',(#5726),#5744,.T.);
#5726 = FACE_BOUND('',#5727,.T.);
#5727 = EDGE_LOOP('',(#5728,#5736,#5742,#5743));
#5728 = ORIENTED_EDGE('',*,*,#5729,.T.);
#5729 = EDGE_CURVE('',#2549,#5730,#5732,.T.);
#5730 = VERTEX_POINT('',#5731);
#5731 = CARTESIAN_POINT('',(194.23090267777,-75.49355429717,
    -18.33517641945));
#5732 = LINE('',#5733,#5734);
#5733 = CARTESIAN_POINT('',(194.23090267777,-75.23473525207,
    -19.30110224574));
#5734 = VECTOR('',#5735,1.);
#5735 = DIRECTION('',(0.,-0.258819045103,0.965925826289));
#5736 = ORIENTED_EDGE('',*,*,#5737,.T.);
#5737 = EDGE_CURVE('',#5730,#5706,#5738,.T.);
#5738 = LINE('',#5739,#5740);
#5739 = CARTESIAN_POINT('',(194.23090267777,-75.49355429717,
    -18.33517641945));
#5740 = VECTOR('',#5741,1.);
#5741 = DIRECTION('',(-0.445514916299,-0.864768776815,-0.231714095387));
#5742 = ORIENTED_EDGE('',*,*,#5705,.F.);
#5743 = ORIENTED_EDGE('',*,*,#2556,.F.);
#5744 = PLANE('',#5745);
#5745 = AXIS2_PLACEMENT_3D('',#5746,#5747,#5748);
#5746 = CARTESIAN_POINT('',(194.23090267777,-75.23473525207,
    -19.30110224574));
#5747 = DIRECTION('',(0.895274516199,-0.43033436365,-0.115307745215));
#5748 = DIRECTION('',(-0.445514916299,-0.864768776815,-0.231714095387));
#5749 = ADVANCED_FACE('',(#5750),#5768,.T.);
#5750 = FACE_BOUND('',#5751,.T.);
#5751 = EDGE_LOOP('',(#5752,#5760,#5766,#5767));
#5752 = ORIENTED_EDGE('',*,*,#5753,.T.);
#5753 = EDGE_CURVE('',#2541,#5754,#5756,.T.);
#5754 = VERTEX_POINT('',#5755);
#5755 = CARTESIAN_POINT('',(193.76880777037,-75.49355429717,
    -18.33517641945));
#5756 = LINE('',#5757,#5758);
#5757 = CARTESIAN_POINT('',(193.76880777037,-75.23473525207,
    -19.30110224574));
#5758 = VECTOR('',#5759,1.);
#5759 = DIRECTION('',(0.,-0.258819045103,0.965925826289));
#5760 = ORIENTED_EDGE('',*,*,#5761,.T.);
#5761 = EDGE_CURVE('',#5754,#5730,#5762,.T.);
#5762 = LINE('',#5763,#5764);
#5763 = CARTESIAN_POINT('',(193.76880777037,-75.49355429717,
    -18.33517641945));
#5764 = VECTOR('',#5765,1.);
#5765 = DIRECTION('',(1.,0.,0.));
#5766 = ORIENTED_EDGE('',*,*,#5729,.F.);
#5767 = ORIENTED_EDGE('',*,*,#2548,.F.);
#5768 = PLANE('',#5769);
#5769 = AXIS2_PLACEMENT_3D('',#5770,#5771,#5772);
#5770 = CARTESIAN_POINT('',(193.76880777037,-75.23473525207,
    -19.30110224574));
#5771 = DIRECTION('',(-1.2E-16,0.965925826289,0.258819045103));
#5772 = DIRECTION('',(1.,1.164495749276E-16,2.904866646907E-17));
#5773 = ADVANCED_FACE('',(#5774),#5792,.T.);
#5774 = FACE_BOUND('',#5775,.T.);
#5775 = EDGE_LOOP('',(#5776,#5784,#5790,#5791));
#5776 = ORIENTED_EDGE('',*,*,#5777,.T.);
#5777 = EDGE_CURVE('',#2533,#5778,#5780,.T.);
#5778 = VERTEX_POINT('',#5779);
#5779 = CARTESIAN_POINT('',(193.52893508518,-75.31020726533,
    -18.28604873034));
#5780 = LINE('',#5781,#5782);
#5781 = CARTESIAN_POINT('',(193.52893508518,-75.05138822023,
    -19.25197455662));
#5782 = VECTOR('',#5783,1.);
#5783 = DIRECTION('',(0.,-0.258819045103,0.965925826289));
#5784 = ORIENTED_EDGE('',*,*,#5785,.T.);
#5785 = EDGE_CURVE('',#5778,#5754,#5786,.T.);
#5786 = B_SPLINE_CURVE_WITH_KNOTS('',2,(#5787,#5788,#5789),
  .UNSPECIFIED.,.F.,.F.,(3,3),(0.,1.),.PIECEWISE_BEZIER_KNOTS.);
#5787 = CARTESIAN_POINT('',(193.52893508518,-75.31020726533,
    -18.28604873034));
#5788 = CARTESIAN_POINT('',(193.52893508518,-75.49355429717,
    -18.33517641945));
#5789 = CARTESIAN_POINT('',(193.76880777037,-75.49355429717,
    -18.33517641945));
#5790 = ORIENTED_EDGE('',*,*,#5753,.F.);
#5791 = ORIENTED_EDGE('',*,*,#2540,.F.);
#5792 = SURFACE_OF_LINEAR_EXTRUSION('',#5793,#5797);
#5793 = B_SPLINE_CURVE_WITH_KNOTS('',2,(#5794,#5795,#5796),
  .UNSPECIFIED.,.F.,.F.,(3,3),(0.,1.),.PIECEWISE_BEZIER_KNOTS.);
#5794 = CARTESIAN_POINT('',(193.52893508518,-75.05138822023,
    -19.25197455662));
#5795 = CARTESIAN_POINT('',(193.52893508518,-75.23473525207,
    -19.30110224574));
#5796 = CARTESIAN_POINT('',(193.76880777037,-75.23473525207,
    -19.30110224574));
#5797 = VECTOR('',#5798,1.);
#5798 = DIRECTION('',(0.,0.258819045103,-0.965925826289));
#5799 = ADVANCED_FACE('',(#5800),#5818,.T.);
#5800 = FACE_BOUND('',#5801,.T.);
#5801 = EDGE_LOOP('',(#5802,#5810,#5816,#5817));
#5802 = ORIENTED_EDGE('',*,*,#5803,.T.);
#5803 = EDGE_CURVE('',#2525,#5804,#5806,.T.);
#5804 = VERTEX_POINT('',#5805);
#5805 = CARTESIAN_POINT('',(193.76880777037,-75.13580399114,
    -18.23931751386));
#5806 = LINE('',#5807,#5808);
#5807 = CARTESIAN_POINT('',(193.76880777037,-74.87698494603,
    -19.20524334015));
#5808 = VECTOR('',#5809,1.);
#5809 = DIRECTION('',(0.,-0.258819045103,0.965925826289));
#5810 = ORIENTED_EDGE('',*,*,#5811,.T.);
#5811 = EDGE_CURVE('',#5804,#5778,#5812,.T.);
#5812 = B_SPLINE_CURVE_WITH_KNOTS('',2,(#5813,#5814,#5815),
  .UNSPECIFIED.,.F.,.F.,(3,3),(0.,1.),.PIECEWISE_BEZIER_KNOTS.);
#5813 = CARTESIAN_POINT('',(193.76880777037,-75.13580399114,
    -18.23931751386));
#5814 = CARTESIAN_POINT('',(193.52893508518,-75.13580399114,
    -18.23931751386));
#5815 = CARTESIAN_POINT('',(193.52893508518,-75.31020726533,
    -18.28604873034));
#5816 = ORIENTED_EDGE('',*,*,#5777,.F.);
#5817 = ORIENTED_EDGE('',*,*,#2532,.F.);
#5818 = SURFACE_OF_LINEAR_EXTRUSION('',#5819,#5823);
#5819 = B_SPLINE_CURVE_WITH_KNOTS('',2,(#5820,#5821,#5822),
  .UNSPECIFIED.,.F.,.F.,(3,3),(0.,1.),.PIECEWISE_BEZIER_KNOTS.);
#5820 = CARTESIAN_POINT('',(193.76880777037,-74.87698494603,
    -19.20524334015));
#5821 = CARTESIAN_POINT('',(193.52893508518,-74.87698494603,
    -19.20524334015));
#5822 = CARTESIAN_POINT('',(193.52893508518,-75.05138822023,
    -19.25197455662));
#5823 = VECTOR('',#5824,1.);
#5824 = DIRECTION('',(0.,0.258819045103,-0.965925826289));
#5825 = ADVANCED_FACE('',(#5826),#5844,.T.);
#5826 = FACE_BOUND('',#5827,.T.);
#5827 = EDGE_LOOP('',(#5828,#5836,#5842,#5843));
#5828 = ORIENTED_EDGE('',*,*,#5829,.T.);
#5829 = EDGE_CURVE('',#2517,#5830,#5832,.T.);
#5830 = VERTEX_POINT('',#5831);
#5831 = CARTESIAN_POINT('',(194.79108786296,-75.13580399114,
    -18.23931751386));
#5832 = LINE('',#5833,#5834);
#5833 = CARTESIAN_POINT('',(194.79108786296,-74.87698494603,
    -19.20524334015));
#5834 = VECTOR('',#5835,1.);
#5835 = DIRECTION('',(0.,-0.258819045103,0.965925826289));
#5836 = ORIENTED_EDGE('',*,*,#5837,.T.);
#5837 = EDGE_CURVE('',#5830,#5804,#5838,.T.);
#5838 = LINE('',#5839,#5840);
#5839 = CARTESIAN_POINT('',(194.79108786296,-75.13580399114,
    -18.23931751386));
#5840 = VECTOR('',#5841,1.);
#5841 = DIRECTION('',(-1.,0.,0.));
#5842 = ORIENTED_EDGE('',*,*,#5803,.F.);
#5843 = ORIENTED_EDGE('',*,*,#2524,.F.);
#5844 = PLANE('',#5845);
#5845 = AXIS2_PLACEMENT_3D('',#5846,#5847,#5848);
#5846 = CARTESIAN_POINT('',(194.79108786296,-74.87698494603,
    -19.20524334015));
#5847 = DIRECTION('',(1.2E-16,-0.965925826289,-0.258819045103));
#5848 = DIRECTION('',(-1.,-1.164495749276E-16,-2.904866646907E-17));
#5849 = ADVANCED_FACE('',(#5850),#5868,.T.);
#5850 = FACE_BOUND('',#5851,.T.);
#5851 = EDGE_LOOP('',(#5852,#5860,#5866,#5867));
#5852 = ORIENTED_EDGE('',*,*,#5853,.T.);
#5853 = EDGE_CURVE('',#2509,#5854,#5856,.T.);
#5854 = VERTEX_POINT('',#5855);
#5855 = CARTESIAN_POINT('',(195.03096054814,-75.31020726533,
    -18.28604873034));
#5856 = LINE('',#5857,#5858);
#5857 = CARTESIAN_POINT('',(195.03096054814,-75.05138822023,
    -19.25197455662));
#5858 = VECTOR('',#5859,1.);
#5859 = DIRECTION('',(0.,-0.258819045103,0.965925826289));
#5860 = ORIENTED_EDGE('',*,*,#5861,.T.);
#5861 = EDGE_CURVE('',#5854,#5830,#5862,.T.);
#5862 = B_SPLINE_CURVE_WITH_KNOTS('',2,(#5863,#5864,#5865),
  .UNSPECIFIED.,.F.,.F.,(3,3),(0.,1.),.PIECEWISE_BEZIER_KNOTS.);
#5863 = CARTESIAN_POINT('',(195.03096054814,-75.31020726533,
    -18.28604873034));
#5864 = CARTESIAN_POINT('',(195.03096054814,-75.13580399114,
    -18.23931751386));
#5865 = CARTESIAN_POINT('',(194.79108786296,-75.13580399114,
    -18.23931751386));
#5866 = ORIENTED_EDGE('',*,*,#5829,.F.);
#5867 = ORIENTED_EDGE('',*,*,#2516,.F.);
#5868 = SURFACE_OF_LINEAR_EXTRUSION('',#5869,#5873);
#5869 = B_SPLINE_CURVE_WITH_KNOTS('',2,(#5870,#5871,#5872),
  .UNSPECIFIED.,.F.,.F.,(3,3),(0.,1.),.PIECEWISE_BEZIER_KNOTS.);
#5870 = CARTESIAN_POINT('',(195.03096054814,-75.05138822023,
    -19.25197455662));
#5871 = CARTESIAN_POINT('',(195.03096054814,-74.87698494603,
    -19.20524334015));
#5872 = CARTESIAN_POINT('',(194.79108786296,-74.87698494603,
    -19.20524334015));
#5873 = VECTOR('',#5874,1.);
#5874 = DIRECTION('',(0.,0.258819045103,-0.965925826289));
#5875 = ADVANCED_FACE('',(#5876),#5894,.T.);
#5876 = FACE_BOUND('',#5877,.T.);
#5877 = EDGE_LOOP('',(#5878,#5886,#5892,#5893));
#5878 = ORIENTED_EDGE('',*,*,#5879,.T.);
#5879 = EDGE_CURVE('',#2501,#5880,#5882,.T.);
#5880 = VERTEX_POINT('',#5881);
#5881 = CARTESIAN_POINT('',(194.79108786296,-75.49355429717,
    -18.33517641945));
#5882 = LINE('',#5883,#5884);
#5883 = CARTESIAN_POINT('',(194.79108786296,-75.23473525207,
    -19.30110224574));
#5884 = VECTOR('',#5885,1.);
#5885 = DIRECTION('',(0.,-0.258819045103,0.965925826289));
#5886 = ORIENTED_EDGE('',*,*,#5887,.T.);
#5887 = EDGE_CURVE('',#5880,#5854,#5888,.T.);
#5888 = B_SPLINE_CURVE_WITH_KNOTS('',2,(#5889,#5890,#5891),
  .UNSPECIFIED.,.F.,.F.,(3,3),(0.,1.),.PIECEWISE_BEZIER_KNOTS.);
#5889 = CARTESIAN_POINT('',(194.79108786296,-75.49355429717,
    -18.33517641945));
#5890 = CARTESIAN_POINT('',(195.03096054814,-75.49355429717,
    -18.33517641945));
#5891 = CARTESIAN_POINT('',(195.03096054814,-75.31020726533,
    -18.28604873034));
#5892 = ORIENTED_EDGE('',*,*,#5853,.F.);
#5893 = ORIENTED_EDGE('',*,*,#2508,.F.);
#5894 = SURFACE_OF_LINEAR_EXTRUSION('',#5895,#5899);
#5895 = B_SPLINE_CURVE_WITH_KNOTS('',2,(#5896,#5897,#5898),
  .UNSPECIFIED.,.F.,.F.,(3,3),(0.,1.),.PIECEWISE_BEZIER_KNOTS.);
#5896 = CARTESIAN_POINT('',(194.79108786296,-75.23473525207,
    -19.30110224574));
#5897 = CARTESIAN_POINT('',(195.03096054814,-75.23473525207,
    -19.30110224574));
#5898 = CARTESIAN_POINT('',(195.03096054814,-75.05138822023,
    -19.25197455662));
#5899 = VECTOR('',#5900,1.);
#5900 = DIRECTION('',(0.,0.258819045103,-0.965925826289));
#5901 = ADVANCED_FACE('',(#5902),#5920,.T.);
#5902 = FACE_BOUND('',#5903,.T.);
#5903 = EDGE_LOOP('',(#5904,#5912,#5918,#5919));
#5904 = ORIENTED_EDGE('',*,*,#5905,.T.);
#5905 = EDGE_CURVE('',#2493,#5906,#5908,.T.);
#5906 = VERTEX_POINT('',#5907);
#5907 = CARTESIAN_POINT('',(194.64872675185,-75.49355429717,
    -18.33517641945));
#5908 = LINE('',#5909,#5910);
#5909 = CARTESIAN_POINT('',(194.64872675185,-75.23473525207,
    -19.30110224574));
#5910 = VECTOR('',#5911,1.);
#5911 = DIRECTION('',(0.,-0.258819045103,0.965925826289));
#5912 = ORIENTED_EDGE('',*,*,#5913,.T.);
#5913 = EDGE_CURVE('',#5906,#5880,#5914,.T.);
#5914 = LINE('',#5915,#5916);
#5915 = CARTESIAN_POINT('',(194.64872675185,-75.49355429717,
    -18.33517641945));
#5916 = VECTOR('',#5917,1.);
#5917 = DIRECTION('',(1.,0.,0.));
#5918 = ORIENTED_EDGE('',*,*,#5879,.F.);
#5919 = ORIENTED_EDGE('',*,*,#2500,.F.);
#5920 = PLANE('',#5921);
#5921 = AXIS2_PLACEMENT_3D('',#5922,#5923,#5924);
#5922 = CARTESIAN_POINT('',(194.64872675185,-75.23473525207,
    -19.30110224574));
#5923 = DIRECTION('',(-1.2E-16,0.965925826289,0.258819045103));
#5924 = DIRECTION('',(1.,1.164495749276E-16,2.904866646907E-17));
#5925 = ADVANCED_FACE('',(#5926),#5937,.T.);
#5926 = FACE_BOUND('',#5927,.T.);
#5927 = EDGE_LOOP('',(#5928,#5929,#5935,#5936));
#5928 = ORIENTED_EDGE('',*,*,#5314,.T.);
#5929 = ORIENTED_EDGE('',*,*,#5930,.T.);
#5930 = EDGE_CURVE('',#5307,#5906,#5931,.T.);
#5931 = LINE('',#5932,#5933);
#5932 = CARTESIAN_POINT('',(192.9777198074,-78.70799669536,
    -19.19648366416));
#5933 = VECTOR('',#5934,1.);
#5934 = DIRECTION('',(0.448735929736,0.863213526987,0.231297367452));
#5935 = ORIENTED_EDGE('',*,*,#5905,.F.);
#5936 = ORIENTED_EDGE('',*,*,#2492,.F.);
#5937 = PLANE('',#5938);
#5938 = AXIS2_PLACEMENT_3D('',#5939,#5940,#5941);
#5939 = CARTESIAN_POINT('',(192.9777198074,-78.44917765026,
    -20.16240949045));
#5940 = DIRECTION('',(-0.893664403098,0.433445623716,0.116141404837));
#5941 = DIRECTION('',(0.448735929736,0.863213526987,0.231297367452));
#5942 = ADVANCED_FACE('',(#5943),#5968,.T.);
#5943 = FACE_BOUND('',#5944,.T.);
#5944 = EDGE_LOOP('',(#5945,#5953,#5961,#5967));
#5945 = ORIENTED_EDGE('',*,*,#5946,.T.);
#5946 = EDGE_CURVE('',#2693,#5947,#5949,.T.);
#5947 = VERTEX_POINT('',#5948);
#5948 = CARTESIAN_POINT('',(180.52430545555,-74.24142822605,
    -17.99967024987));
#5949 = LINE('',#5950,#5951);
#5950 = CARTESIAN_POINT('',(180.52430545555,-73.98260918095,
    -18.96559607616));
#5951 = VECTOR('',#5952,1.);
#5952 = DIRECTION('',(0.,-0.258819045103,0.965925826289));
#5953 = ORIENTED_EDGE('',*,*,#5954,.T.);
#5954 = EDGE_CURVE('',#5947,#5955,#5957,.T.);
#5955 = VERTEX_POINT('',#5956);
#5956 = CARTESIAN_POINT('',(181.91984943703,-77.26078491049,
    -18.80870443513));
#5957 = LINE('',#5958,#5959);
#5958 = CARTESIAN_POINT('',(180.52430545555,-74.24142822605,
    -17.99967024987));
#5959 = VECTOR('',#5960,1.);
#5960 = DIRECTION('',(0.407667201561,-0.882016408219,-0.236335584293));
#5961 = ORIENTED_EDGE('',*,*,#5962,.F.);
#5962 = EDGE_CURVE('',#2695,#5955,#5963,.T.);
#5963 = LINE('',#5964,#5965);
#5964 = CARTESIAN_POINT('',(181.91984943703,-77.00196586538,
    -19.77463026142));
#5965 = VECTOR('',#5966,1.);
#5966 = DIRECTION('',(0.,-0.258819045103,0.965925826289));
#5967 = ORIENTED_EDGE('',*,*,#2692,.F.);
#5968 = PLANE('',#5969);
#5969 = AXIS2_PLACEMENT_3D('',#5970,#5971,#5972);
#5970 = CARTESIAN_POINT('',(180.52430545555,-73.98260918095,
    -18.96559607616));
#5971 = DIRECTION('',(0.91313057816,0.393776278519,0.105512035828));
#5972 = DIRECTION('',(0.407667201561,-0.882016408219,-0.236335584293));
#5973 = ADVANCED_FACE('',(#5974),#5992,.T.);
#5974 = FACE_BOUND('',#5975,.T.);
#5975 = EDGE_LOOP('',(#5976,#5984,#5990,#5991));
#5976 = ORIENTED_EDGE('',*,*,#5977,.T.);
#5977 = EDGE_CURVE('',#2943,#5978,#5980,.T.);
#5978 = VERTEX_POINT('',#5979);
#5979 = CARTESIAN_POINT('',(180.4531249,-74.24142822605,-17.99967024987)
  );
#5980 = LINE('',#5981,#5982);
#5981 = CARTESIAN_POINT('',(180.4531249,-73.98260918095,-18.96559607616)
  );
#5982 = VECTOR('',#5983,1.);
#5983 = DIRECTION('',(0.,-0.258819045103,0.965925826289));
#5984 = ORIENTED_EDGE('',*,*,#5985,.T.);
#5985 = EDGE_CURVE('',#5978,#5947,#5986,.T.);
#5986 = LINE('',#5987,#5988);
#5987 = CARTESIAN_POINT('',(180.4531249,-74.24142822605,-17.99967024987)
  );
#5988 = VECTOR('',#5989,1.);
#5989 = DIRECTION('',(1.,0.,0.));
#5990 = ORIENTED_EDGE('',*,*,#5946,.F.);
#5991 = ORIENTED_EDGE('',*,*,#2950,.F.);
#5992 = PLANE('',#5993);
#5993 = AXIS2_PLACEMENT_3D('',#5994,#5995,#5996);
#5994 = CARTESIAN_POINT('',(180.4531249,-73.98260918095,-18.96559607616)
  );
#5995 = DIRECTION('',(-1.2E-16,0.965925826289,0.258819045103));
#5996 = DIRECTION('',(1.,1.164495749276E-16,2.904866646907E-17));
#5997 = ADVANCED_FACE('',(#5998),#6016,.T.);
#5998 = FACE_BOUND('',#5999,.T.);
#5999 = EDGE_LOOP('',(#6000,#6008,#6014,#6015));
#6000 = ORIENTED_EDGE('',*,*,#6001,.T.);
#6001 = EDGE_CURVE('',#2935,#6002,#6004,.T.);
#6002 = VERTEX_POINT('',#6003);
#6003 = CARTESIAN_POINT('',(180.4531249,-78.35555674543,-19.1020476642)
  );
#6004 = LINE('',#6005,#6006);
#6005 = CARTESIAN_POINT('',(180.4531249,-78.09673770033,-20.06797349049)
  );
#6006 = VECTOR('',#6007,1.);
#6007 = DIRECTION('',(0.,-0.258819045103,0.965925826289));
#6008 = ORIENTED_EDGE('',*,*,#6009,.T.);
#6009 = EDGE_CURVE('',#6002,#5978,#6010,.T.);
#6010 = LINE('',#6011,#6012);
#6011 = CARTESIAN_POINT('',(180.4531249,-78.35555674543,-19.1020476642)
  );
#6012 = VECTOR('',#6013,1.);
#6013 = DIRECTION('',(0.,0.965925826289,0.258819045103));
#6014 = ORIENTED_EDGE('',*,*,#5977,.F.);
#6015 = ORIENTED_EDGE('',*,*,#2942,.F.);
#6016 = PLANE('',#6017);
#6017 = AXIS2_PLACEMENT_3D('',#6018,#6019,#6020);
#6018 = CARTESIAN_POINT('',(180.4531249,-78.09673770033,-20.06797349049)
  );
#6019 = DIRECTION('',(-1.,-1.2E-16,-3.E-17));
#6020 = DIRECTION('',(-1.236756705078E-16,0.965925826289,0.258819045103)
  );
#6021 = ADVANCED_FACE('',(#6022),#6040,.T.);
#6022 = FACE_BOUND('',#6023,.T.);
#6023 = EDGE_LOOP('',(#6024,#6032,#6038,#6039));
#6024 = ORIENTED_EDGE('',*,*,#6025,.T.);
#6025 = EDGE_CURVE('',#2927,#6026,#6028,.T.);
#6026 = VERTEX_POINT('',#6027);
#6027 = CARTESIAN_POINT('',(181.11082165925,-78.35555674543,
    -19.1020476642));
#6028 = LINE('',#6029,#6030);
#6029 = CARTESIAN_POINT('',(181.11082165925,-78.09673770033,
    -20.06797349049));
#6030 = VECTOR('',#6031,1.);
#6031 = DIRECTION('',(0.,-0.258819045103,0.965925826289));
#6032 = ORIENTED_EDGE('',*,*,#6033,.T.);
#6033 = EDGE_CURVE('',#6026,#6002,#6034,.T.);
#6034 = LINE('',#6035,#6036);
#6035 = CARTESIAN_POINT('',(181.11082165925,-78.35555674543,
    -19.1020476642));
#6036 = VECTOR('',#6037,1.);
#6037 = DIRECTION('',(-1.,0.,0.));
#6038 = ORIENTED_EDGE('',*,*,#6001,.F.);
#6039 = ORIENTED_EDGE('',*,*,#2934,.F.);
#6040 = PLANE('',#6041);
#6041 = AXIS2_PLACEMENT_3D('',#6042,#6043,#6044);
#6042 = CARTESIAN_POINT('',(181.11082165925,-78.09673770033,
    -20.06797349049));
#6043 = DIRECTION('',(1.2E-16,-0.965925826289,-0.258819045103));
#6044 = DIRECTION('',(-1.,-1.164495749276E-16,-2.904866646907E-17));
#6045 = ADVANCED_FACE('',(#6046),#6064,.T.);
#6046 = FACE_BOUND('',#6047,.T.);
#6047 = EDGE_LOOP('',(#6048,#6056,#6062,#6063));
#6048 = ORIENTED_EDGE('',*,*,#6049,.T.);
#6049 = EDGE_CURVE('',#2919,#6050,#6052,.T.);
#6050 = VERTEX_POINT('',#6051);
#6051 = CARTESIAN_POINT('',(181.35098369629,-78.52996001962,
    -19.14877888068));
#6052 = LINE('',#6053,#6054);
#6053 = CARTESIAN_POINT('',(181.35098369629,-78.27114097452,
    -20.11470470697));
#6054 = VECTOR('',#6055,1.);
#6055 = DIRECTION('',(0.,-0.258819045103,0.965925826289));
#6056 = ORIENTED_EDGE('',*,*,#6057,.T.);
#6057 = EDGE_CURVE('',#6050,#6026,#6058,.T.);
#6058 = B_SPLINE_CURVE_WITH_KNOTS('',2,(#6059,#6060,#6061),
  .UNSPECIFIED.,.F.,.F.,(3,3),(0.,1.),.PIECEWISE_BEZIER_KNOTS.);
#6059 = CARTESIAN_POINT('',(181.35098369629,-78.52996001962,
    -19.14877888068));
#6060 = CARTESIAN_POINT('',(181.35098369629,-78.35555674543,
    -19.1020476642));
#6061 = CARTESIAN_POINT('',(181.11082165925,-78.35555674543,
    -19.1020476642));
#6062 = ORIENTED_EDGE('',*,*,#6025,.F.);
#6063 = ORIENTED_EDGE('',*,*,#2926,.F.);
#6064 = SURFACE_OF_LINEAR_EXTRUSION('',#6065,#6069);
#6065 = B_SPLINE_CURVE_WITH_KNOTS('',2,(#6066,#6067,#6068),
  .UNSPECIFIED.,.F.,.F.,(3,3),(0.,1.),.PIECEWISE_BEZIER_KNOTS.);
#6066 = CARTESIAN_POINT('',(181.35098369629,-78.27114097452,
    -20.11470470697));
#6067 = CARTESIAN_POINT('',(181.35098369629,-78.09673770033,
    -20.06797349049));
#6068 = CARTESIAN_POINT('',(181.11082165925,-78.09673770033,
    -20.06797349049));
#6069 = VECTOR('',#6070,1.);
#6070 = DIRECTION('',(0.,0.258819045103,-0.965925826289));
#6071 = ADVANCED_FACE('',(#6072),#6090,.T.);
#6072 = FACE_BOUND('',#6073,.T.);
#6073 = EDGE_LOOP('',(#6074,#6082,#6088,#6089));
#6074 = ORIENTED_EDGE('',*,*,#6075,.T.);
#6075 = EDGE_CURVE('',#2911,#6076,#6078,.T.);
#6076 = VERTEX_POINT('',#6077);
#6077 = CARTESIAN_POINT('',(181.11111101111,-78.71330705147,
    -19.19790656979));
#6078 = LINE('',#6079,#6080);
#6079 = CARTESIAN_POINT('',(181.11111101111,-78.45448800636,
    -20.16383239608));
#6080 = VECTOR('',#6081,1.);
#6081 = DIRECTION('',(0.,-0.258819045103,0.965925826289));
#6082 = ORIENTED_EDGE('',*,*,#6083,.T.);
#6083 = EDGE_CURVE('',#6076,#6050,#6084,.T.);
#6084 = B_SPLINE_CURVE_WITH_KNOTS('',2,(#6085,#6086,#6087),
  .UNSPECIFIED.,.F.,.F.,(3,3),(0.,1.),.PIECEWISE_BEZIER_KNOTS.);
#6085 = CARTESIAN_POINT('',(181.11111101111,-78.71330705147,
    -19.19790656979));
#6086 = CARTESIAN_POINT('',(181.35098369629,-78.71330705147,
    -19.19790656979));
#6087 = CARTESIAN_POINT('',(181.35098369629,-78.52996001962,
    -19.14877888068));
#6088 = ORIENTED_EDGE('',*,*,#6049,.F.);
#6089 = ORIENTED_EDGE('',*,*,#2918,.F.);
#6090 = SURFACE_OF_LINEAR_EXTRUSION('',#6091,#6095);
#6091 = B_SPLINE_CURVE_WITH_KNOTS('',2,(#6092,#6093,#6094),
  .UNSPECIFIED.,.F.,.F.,(3,3),(0.,1.),.PIECEWISE_BEZIER_KNOTS.);
#6092 = CARTESIAN_POINT('',(181.11111101111,-78.45448800636,
    -20.16383239608));
#6093 = CARTESIAN_POINT('',(181.35098369629,-78.45448800636,
    -20.16383239608));
#6094 = CARTESIAN_POINT('',(181.35098369629,-78.27114097452,
    -20.11470470697));
#6095 = VECTOR('',#6096,1.);
#6096 = DIRECTION('',(0.,0.258819045103,-0.965925826289));
#6097 = ADVANCED_FACE('',(#6098),#6116,.T.);
#6098 = FACE_BOUND('',#6099,.T.);
#6099 = EDGE_LOOP('',(#6100,#6108,#6114,#6115));
#6100 = ORIENTED_EDGE('',*,*,#6101,.T.);
#6101 = EDGE_CURVE('',#2903,#6102,#6104,.T.);
#6102 = VERTEX_POINT('',#6103);
#6103 = CARTESIAN_POINT('',(179.78645823333,-78.71330705147,
    -19.19790656979));
#6104 = LINE('',#6105,#6106);
#6105 = CARTESIAN_POINT('',(179.78645823333,-78.45448800636,
    -20.16383239608));
#6106 = VECTOR('',#6107,1.);
#6107 = DIRECTION('',(0.,-0.258819045103,0.965925826289));
#6108 = ORIENTED_EDGE('',*,*,#6109,.T.);
#6109 = EDGE_CURVE('',#6102,#6076,#6110,.T.);
#6110 = LINE('',#6111,#6112);
#6111 = CARTESIAN_POINT('',(179.78645823333,-78.71330705147,
    -19.19790656979));
#6112 = VECTOR('',#6113,1.);
#6113 = DIRECTION('',(1.,0.,0.));
#6114 = ORIENTED_EDGE('',*,*,#6075,.F.);
#6115 = ORIENTED_EDGE('',*,*,#2910,.F.);
#6116 = PLANE('',#6117);
#6117 = AXIS2_PLACEMENT_3D('',#6118,#6119,#6120);
#6118 = CARTESIAN_POINT('',(179.78645823333,-78.45448800636,
    -20.16383239608));
#6119 = DIRECTION('',(-1.2E-16,0.965925826289,0.258819045103));
#6120 = DIRECTION('',(1.,1.164495749276E-16,2.904866646907E-17));
#6121 = ADVANCED_FACE('',(#6122),#6140,.T.);
#6122 = FACE_BOUND('',#6123,.T.);
#6123 = EDGE_LOOP('',(#6124,#6132,#6138,#6139));
#6124 = ORIENTED_EDGE('',*,*,#6125,.T.);
#6125 = EDGE_CURVE('',#2895,#6126,#6128,.T.);
#6126 = VERTEX_POINT('',#6127);
#6127 = CARTESIAN_POINT('',(179.54658554814,-78.52996001962,
    -19.14877888068));
#6128 = LINE('',#6129,#6130);
#6129 = CARTESIAN_POINT('',(179.54658554814,-78.27114097452,
    -20.11470470697));
#6130 = VECTOR('',#6131,1.);
#6131 = DIRECTION('',(0.,-0.258819045103,0.965925826289));
#6132 = ORIENTED_EDGE('',*,*,#6133,.T.);
#6133 = EDGE_CURVE('',#6126,#6102,#6134,.T.);
#6134 = B_SPLINE_CURVE_WITH_KNOTS('',2,(#6135,#6136,#6137),
  .UNSPECIFIED.,.F.,.F.,(3,3),(0.,1.),.PIECEWISE_BEZIER_KNOTS.);
#6135 = CARTESIAN_POINT('',(179.54658554814,-78.52996001962,
    -19.14877888068));
#6136 = CARTESIAN_POINT('',(179.54658554814,-78.71330705147,
    -19.19790656979));
#6137 = CARTESIAN_POINT('',(179.78645823333,-78.71330705147,
    -19.19790656979));
#6138 = ORIENTED_EDGE('',*,*,#6101,.F.);
#6139 = ORIENTED_EDGE('',*,*,#2902,.F.);
#6140 = SURFACE_OF_LINEAR_EXTRUSION('',#6141,#6145);
#6141 = B_SPLINE_CURVE_WITH_KNOTS('',2,(#6142,#6143,#6144),
  .UNSPECIFIED.,.F.,.F.,(3,3),(0.,1.),.PIECEWISE_BEZIER_KNOTS.);
#6142 = CARTESIAN_POINT('',(179.54658554814,-78.27114097452,
    -20.11470470697));
#6143 = CARTESIAN_POINT('',(179.54658554814,-78.45448800636,
    -20.16383239608));
#6144 = CARTESIAN_POINT('',(179.78645823333,-78.45448800636,
    -20.16383239608));
#6145 = VECTOR('',#6146,1.);
#6146 = DIRECTION('',(0.,0.258819045103,-0.965925826289));
#6147 = ADVANCED_FACE('',(#6148),#6166,.T.);
#6148 = FACE_BOUND('',#6149,.T.);
#6149 = EDGE_LOOP('',(#6150,#6158,#6164,#6165));
#6150 = ORIENTED_EDGE('',*,*,#6151,.T.);
#6151 = EDGE_CURVE('',#2887,#6152,#6154,.T.);
#6152 = VERTEX_POINT('',#6153);
#6153 = CARTESIAN_POINT('',(179.78645823333,-78.35555674543,
    -19.1020476642));
#6154 = LINE('',#6155,#6156);
#6155 = CARTESIAN_POINT('',(179.78645823333,-78.09673770033,
    -20.06797349049));
#6156 = VECTOR('',#6157,1.);
#6157 = DIRECTION('',(0.,-0.258819045103,0.965925826289));
#6158 = ORIENTED_EDGE('',*,*,#6159,.T.);
#6159 = EDGE_CURVE('',#6152,#6126,#6160,.T.);
#6160 = B_SPLINE_CURVE_WITH_KNOTS('',2,(#6161,#6162,#6163),
  .UNSPECIFIED.,.F.,.F.,(3,3),(0.,1.),.PIECEWISE_BEZIER_KNOTS.);
#6161 = CARTESIAN_POINT('',(179.78645823333,-78.35555674543,
    -19.1020476642));
#6162 = CARTESIAN_POINT('',(179.54658554814,-78.35555674543,
    -19.1020476642));
#6163 = CARTESIAN_POINT('',(179.54658554814,-78.52996001962,
    -19.14877888068));
#6164 = ORIENTED_EDGE('',*,*,#6125,.F.);
#6165 = ORIENTED_EDGE('',*,*,#2894,.F.);
#6166 = SURFACE_OF_LINEAR_EXTRUSION('',#6167,#6171);
#6167 = B_SPLINE_CURVE_WITH_KNOTS('',2,(#6168,#6169,#6170),
  .UNSPECIFIED.,.F.,.F.,(3,3),(0.,1.),.PIECEWISE_BEZIER_KNOTS.);
#6168 = CARTESIAN_POINT('',(179.78645823333,-78.09673770033,
    -20.06797349049));
#6169 = CARTESIAN_POINT('',(179.54658554814,-78.09673770033,
    -20.06797349049));
#6170 = CARTESIAN_POINT('',(179.54658554814,-78.27114097452,
    -20.11470470697));
#6171 = VECTOR('',#6172,1.);
#6172 = DIRECTION('',(0.,0.258819045103,-0.965925826289));
#6173 = ADVANCED_FACE('',(#6174),#6192,.T.);
#6174 = FACE_BOUND('',#6175,.T.);
#6175 = EDGE_LOOP('',(#6176,#6184,#6190,#6191));
#6176 = ORIENTED_EDGE('',*,*,#6177,.T.);
#6177 = EDGE_CURVE('',#2879,#6178,#6180,.T.);
#6178 = VERTEX_POINT('',#6179);
#6179 = CARTESIAN_POINT('',(180.08883091851,-78.35555674543,
    -19.1020476642));
#6180 = LINE('',#6181,#6182);
#6181 = CARTESIAN_POINT('',(180.08883091851,-78.09673770033,
    -20.06797349049));
#6182 = VECTOR('',#6183,1.);
#6183 = DIRECTION('',(0.,-0.258819045103,0.965925826289));
#6184 = ORIENTED_EDGE('',*,*,#6185,.T.);
#6185 = EDGE_CURVE('',#6178,#6152,#6186,.T.);
#6186 = LINE('',#6187,#6188);
#6187 = CARTESIAN_POINT('',(180.08883091851,-78.35555674543,
    -19.1020476642));
#6188 = VECTOR('',#6189,1.);
#6189 = DIRECTION('',(-1.,0.,0.));
#6190 = ORIENTED_EDGE('',*,*,#6151,.F.);
#6191 = ORIENTED_EDGE('',*,*,#2886,.F.);
#6192 = PLANE('',#6193);
#6193 = AXIS2_PLACEMENT_3D('',#6194,#6195,#6196);
#6194 = CARTESIAN_POINT('',(180.08883091851,-78.09673770033,
    -20.06797349049));
#6195 = DIRECTION('',(1.2E-16,-0.965925826289,-0.258819045103));
#6196 = DIRECTION('',(-1.,-1.164495749276E-16,-2.904866646907E-17));
#6197 = ADVANCED_FACE('',(#6198),#6216,.T.);
#6198 = FACE_BOUND('',#6199,.T.);
#6199 = EDGE_LOOP('',(#6200,#6208,#6214,#6215));
#6200 = ORIENTED_EDGE('',*,*,#6201,.T.);
#6201 = EDGE_CURVE('',#2871,#6202,#6204,.T.);
#6202 = VERTEX_POINT('',#6203);
#6203 = CARTESIAN_POINT('',(180.08883091851,-74.24142822605,
    -17.99967024987));
#6204 = LINE('',#6205,#6206);
#6205 = CARTESIAN_POINT('',(180.08883091851,-73.98260918095,
    -18.96559607616));
#6206 = VECTOR('',#6207,1.);
#6207 = DIRECTION('',(0.,-0.258819045103,0.965925826289));
#6208 = ORIENTED_EDGE('',*,*,#6209,.T.);
#6209 = EDGE_CURVE('',#6202,#6178,#6210,.T.);
#6210 = LINE('',#6211,#6212);
#6211 = CARTESIAN_POINT('',(180.08883091851,-74.24142822605,
    -17.99967024987));
#6212 = VECTOR('',#6213,1.);
#6213 = DIRECTION('',(0.,-0.965925826289,-0.258819045103));
#6214 = ORIENTED_EDGE('',*,*,#6177,.F.);
#6215 = ORIENTED_EDGE('',*,*,#2878,.F.);
#6216 = PLANE('',#6217);
#6217 = AXIS2_PLACEMENT_3D('',#6218,#6219,#6220);
#6218 = CARTESIAN_POINT('',(180.08883091851,-73.98260918095,
    -18.96559607616));
#6219 = DIRECTION('',(1.,1.2E-16,3.E-17));
#6220 = DIRECTION('',(1.236756705078E-16,-0.965925826289,-0.258819045103
    ));
#6221 = ADVANCED_FACE('',(#6222),#6240,.T.);
#6222 = FACE_BOUND('',#6223,.T.);
#6223 = EDGE_LOOP('',(#6224,#6232,#6238,#6239));
#6224 = ORIENTED_EDGE('',*,*,#6225,.T.);
#6225 = EDGE_CURVE('',#2863,#6226,#6228,.T.);
#6226 = VERTEX_POINT('',#6227);
#6227 = CARTESIAN_POINT('',(179.86660869629,-74.24142822605,
    -17.99967024987));
#6228 = LINE('',#6229,#6230);
#6229 = CARTESIAN_POINT('',(179.86660869629,-73.98260918095,
    -18.96559607616));
#6230 = VECTOR('',#6231,1.);
#6231 = DIRECTION('',(0.,-0.258819045103,0.965925826289));
#6232 = ORIENTED_EDGE('',*,*,#6233,.T.);
#6233 = EDGE_CURVE('',#6226,#6202,#6234,.T.);
#6234 = LINE('',#6235,#6236);
#6235 = CARTESIAN_POINT('',(179.86660869629,-74.24142822605,
    -17.99967024987));
#6236 = VECTOR('',#6237,1.);
#6237 = DIRECTION('',(1.,0.,0.));
#6238 = ORIENTED_EDGE('',*,*,#6201,.F.);
#6239 = ORIENTED_EDGE('',*,*,#2870,.F.);
#6240 = PLANE('',#6241);
#6241 = AXIS2_PLACEMENT_3D('',#6242,#6243,#6244);
#6242 = CARTESIAN_POINT('',(179.86660869629,-73.98260918095,
    -18.96559607616));
#6243 = DIRECTION('',(-1.2E-16,0.965925826289,0.258819045103));
#6244 = DIRECTION('',(1.,1.164495749276E-16,2.904866646907E-17));
#6245 = ADVANCED_FACE('',(#6246),#6264,.T.);
#6246 = FACE_BOUND('',#6247,.T.);
#6247 = EDGE_LOOP('',(#6248,#6256,#6262,#6263));
#6248 = ORIENTED_EDGE('',*,*,#6249,.T.);
#6249 = EDGE_CURVE('',#2855,#6250,#6252,.T.);
#6250 = VERTEX_POINT('',#6251);
#6251 = CARTESIAN_POINT('',(179.62673601111,-74.05808119421,
    -17.95054256076));
#6252 = LINE('',#6253,#6254);
#6253 = CARTESIAN_POINT('',(179.62673601111,-73.79926214911,
    -18.91646838705));
#6254 = VECTOR('',#6255,1.);
#6255 = DIRECTION('',(0.,-0.258819045103,0.965925826289));
#6256 = ORIENTED_EDGE('',*,*,#6257,.T.);
#6257 = EDGE_CURVE('',#6250,#6226,#6258,.T.);
#6258 = B_SPLINE_CURVE_WITH_KNOTS('',2,(#6259,#6260,#6261),
  .UNSPECIFIED.,.F.,.F.,(3,3),(0.,1.),.PIECEWISE_BEZIER_KNOTS.);
#6259 = CARTESIAN_POINT('',(179.62673601111,-74.05808119421,
    -17.95054256076));
#6260 = CARTESIAN_POINT('',(179.62673601111,-74.24142822605,
    -17.99967024987));
#6261 = CARTESIAN_POINT('',(179.86660869629,-74.24142822605,
    -17.99967024987));
#6262 = ORIENTED_EDGE('',*,*,#6225,.F.);
#6263 = ORIENTED_EDGE('',*,*,#2862,.F.);
#6264 = SURFACE_OF_LINEAR_EXTRUSION('',#6265,#6269);
#6265 = B_SPLINE_CURVE_WITH_KNOTS('',2,(#6266,#6267,#6268),
  .UNSPECIFIED.,.F.,.F.,(3,3),(0.,1.),.PIECEWISE_BEZIER_KNOTS.);
#6266 = CARTESIAN_POINT('',(179.62673601111,-73.79926214911,
    -18.91646838705));
#6267 = CARTESIAN_POINT('',(179.62673601111,-73.98260918095,
    -18.96559607616));
#6268 = CARTESIAN_POINT('',(179.86660869629,-73.98260918095,
    -18.96559607616));
#6269 = VECTOR('',#6270,1.);
#6270 = DIRECTION('',(0.,0.258819045103,-0.965925826289));
#6271 = ADVANCED_FACE('',(#6272),#6290,.T.);
#6272 = FACE_BOUND('',#6273,.T.);
#6273 = EDGE_LOOP('',(#6274,#6282,#6288,#6289));
#6274 = ORIENTED_EDGE('',*,*,#6275,.T.);
#6275 = EDGE_CURVE('',#2847,#6276,#6278,.T.);
#6276 = VERTEX_POINT('',#6277);
#6277 = CARTESIAN_POINT('',(179.86660869629,-73.88367792002,
    -17.90381134428));
#6278 = LINE('',#6279,#6280);
#6279 = CARTESIAN_POINT('',(179.86660869629,-73.62485887492,
    -18.86973717057));
#6280 = VECTOR('',#6281,1.);
#6281 = DIRECTION('',(0.,-0.258819045103,0.965925826289));
#6282 = ORIENTED_EDGE('',*,*,#6283,.T.);
#6283 = EDGE_CURVE('',#6276,#6250,#6284,.T.);
#6284 = B_SPLINE_CURVE_WITH_KNOTS('',2,(#6285,#6286,#6287),
  .UNSPECIFIED.,.F.,.F.,(3,3),(0.,1.),.PIECEWISE_BEZIER_KNOTS.);
#6285 = CARTESIAN_POINT('',(179.86660869629,-73.88367792002,
    -17.90381134428));
#6286 = CARTESIAN_POINT('',(179.62673601111,-73.88367792002,
    -17.90381134428));
#6287 = CARTESIAN_POINT('',(179.62673601111,-74.05808119421,
    -17.95054256076));
#6288 = ORIENTED_EDGE('',*,*,#6249,.F.);
#6289 = ORIENTED_EDGE('',*,*,#2854,.F.);
#6290 = SURFACE_OF_LINEAR_EXTRUSION('',#6291,#6295);
#6291 = B_SPLINE_CURVE_WITH_KNOTS('',2,(#6292,#6293,#6294),
  .UNSPECIFIED.,.F.,.F.,(3,3),(0.,1.),.PIECEWISE_BEZIER_KNOTS.);
#6292 = CARTESIAN_POINT('',(179.86660869629,-73.62485887492,
    -18.86973717057));
#6293 = CARTESIAN_POINT('',(179.62673601111,-73.62485887492,
    -18.86973717057));
#6294 = CARTESIAN_POINT('',(179.62673601111,-73.79926214911,
    -18.91646838705));
#6295 = VECTOR('',#6296,1.);
#6296 = DIRECTION('',(0.,0.258819045103,-0.965925826289));
#6297 = ADVANCED_FACE('',(#6298),#6316,.T.);
#6298 = FACE_BOUND('',#6299,.T.);
#6299 = EDGE_LOOP('',(#6300,#6308,#6314,#6315));
#6300 = ORIENTED_EDGE('',*,*,#6301,.T.);
#6301 = EDGE_CURVE('',#2839,#6302,#6304,.T.);
#6302 = VERTEX_POINT('',#6303);
#6303 = CARTESIAN_POINT('',(180.75549758518,-73.88367792002,
    -17.90381134428));
#6304 = LINE('',#6305,#6306);
#6305 = CARTESIAN_POINT('',(180.75549758518,-73.62485887492,
    -18.86973717057));
#6306 = VECTOR('',#6307,1.);
#6307 = DIRECTION('',(0.,-0.258819045103,0.965925826289));
#6308 = ORIENTED_EDGE('',*,*,#6309,.T.);
#6309 = EDGE_CURVE('',#6302,#6276,#6310,.T.);
#6310 = LINE('',#6311,#6312);
#6311 = CARTESIAN_POINT('',(180.75549758518,-73.88367792002,
    -17.90381134428));
#6312 = VECTOR('',#6313,1.);
#6313 = DIRECTION('',(-1.,0.,0.));
#6314 = ORIENTED_EDGE('',*,*,#6275,.F.);
#6315 = ORIENTED_EDGE('',*,*,#2846,.F.);
#6316 = PLANE('',#6317);
#6317 = AXIS2_PLACEMENT_3D('',#6318,#6319,#6320);
#6318 = CARTESIAN_POINT('',(180.75549758518,-73.62485887492,
    -18.86973717057));
#6319 = DIRECTION('',(1.2E-16,-0.965925826289,-0.258819045103));
#6320 = DIRECTION('',(-1.,-1.164495749276E-16,-2.904866646907E-17));
#6321 = ADVANCED_FACE('',(#6322),#6340,.T.);
#6322 = FACE_BOUND('',#6323,.T.);
#6323 = EDGE_LOOP('',(#6324,#6332,#6338,#6339));
#6324 = ORIENTED_EDGE('',*,*,#6325,.T.);
#6325 = EDGE_CURVE('',#2831,#6326,#6328,.T.);
#6326 = VERTEX_POINT('',#6327);
#6327 = CARTESIAN_POINT('',(182.12442119629,-76.86725957385,
    -18.70325963898));
#6328 = LINE('',#6329,#6330);
#6329 = CARTESIAN_POINT('',(182.12442119629,-76.60844052875,
    -19.66918546527));
#6330 = VECTOR('',#6331,1.);
#6331 = DIRECTION('',(0.,-0.258819045103,0.965925826289));
#6332 = ORIENTED_EDGE('',*,*,#6333,.T.);
#6333 = EDGE_CURVE('',#6326,#6302,#6334,.T.);
#6334 = LINE('',#6335,#6336);
#6335 = CARTESIAN_POINT('',(182.12442119629,-76.86725957385,
    -18.70325963898));
#6336 = VECTOR('',#6337,1.);
#6337 = DIRECTION('',(-0.405176744736,0.883086457376,0.236622303101));
#6338 = ORIENTED_EDGE('',*,*,#6301,.F.);
#6339 = ORIENTED_EDGE('',*,*,#2838,.F.);
#6340 = PLANE('',#6341);
#6341 = AXIS2_PLACEMENT_3D('',#6342,#6343,#6344);
#6342 = CARTESIAN_POINT('',(182.12442119629,-76.60844052875,
    -19.66918546527));
#6343 = DIRECTION('',(-0.914238374564,-0.391370681953,-0.10486745817));
#6344 = DIRECTION('',(-0.405176744736,0.883086457376,0.236622303101));
#6345 = ADVANCED_FACE('',(#6346),#6364,.T.);
#6346 = FACE_BOUND('',#6347,.T.);
#6347 = EDGE_LOOP('',(#6348,#6356,#6362,#6363));
#6348 = ORIENTED_EDGE('',*,*,#6349,.T.);
#6349 = EDGE_CURVE('',#2823,#6350,#6352,.T.);
#6350 = VERTEX_POINT('',#6351);
#6351 = CARTESIAN_POINT('',(183.51996517777,-73.88367792002,
    -17.90381134428));
#6352 = LINE('',#6353,#6354);
#6353 = CARTESIAN_POINT('',(183.51996517777,-73.62485887492,
    -18.86973717057));
#6354 = VECTOR('',#6355,1.);
#6355 = DIRECTION('',(0.,-0.258819045103,0.965925826289));
#6356 = ORIENTED_EDGE('',*,*,#6357,.T.);
#6357 = EDGE_CURVE('',#6350,#6326,#6358,.T.);
#6358 = LINE('',#6359,#6360);
#6359 = CARTESIAN_POINT('',(183.51996517777,-73.88367792002,
    -17.90381134428));
#6360 = VECTOR('',#6361,1.);
#6361 = DIRECTION('',(-0.411730817619,-0.88025352842,-0.235863222075));
#6362 = ORIENTED_EDGE('',*,*,#6325,.F.);
#6363 = ORIENTED_EDGE('',*,*,#2830,.F.);
#6364 = PLANE('',#6365);
#6365 = AXIS2_PLACEMENT_3D('',#6366,#6367,#6368);
#6366 = CARTESIAN_POINT('',(183.51996517777,-73.62485887492,
    -18.86973717057));
#6367 = DIRECTION('',(0.911305510695,-0.397701430217,-0.106563777055));
#6368 = DIRECTION('',(-0.411730817619,-0.88025352842,-0.235863222075));
#6369 = ADVANCED_FACE('',(#6370),#6388,.T.);
#6370 = FACE_BOUND('',#6371,.T.);
#6371 = EDGE_LOOP('',(#6372,#6380,#6386,#6387));
#6372 = ORIENTED_EDGE('',*,*,#6373,.T.);
#6373 = EDGE_CURVE('',#2815,#6374,#6376,.T.);
#6374 = VERTEX_POINT('',#6375);
#6375 = CARTESIAN_POINT('',(184.39988415925,-73.88367792002,
    -17.90381134428));
#6376 = LINE('',#6377,#6378);
#6377 = CARTESIAN_POINT('',(184.39988415925,-73.62485887492,
    -18.86973717057));
#6378 = VECTOR('',#6379,1.);
#6379 = DIRECTION('',(0.,-0.258819045103,0.965925826289));
#6380 = ORIENTED_EDGE('',*,*,#6381,.T.);
#6381 = EDGE_CURVE('',#6374,#6350,#6382,.T.);
#6382 = LINE('',#6383,#6384);
#6383 = CARTESIAN_POINT('',(184.39988415925,-73.88367792002,
    -17.90381134428));
#6384 = VECTOR('',#6385,1.);
#6385 = DIRECTION('',(-1.,0.,0.));
#6386 = ORIENTED_EDGE('',*,*,#6349,.F.);
#6387 = ORIENTED_EDGE('',*,*,#2822,.F.);
#6388 = PLANE('',#6389);
#6389 = AXIS2_PLACEMENT_3D('',#6390,#6391,#6392);
#6390 = CARTESIAN_POINT('',(184.39988415925,-73.62485887492,
    -18.86973717057));
#6391 = DIRECTION('',(1.2E-16,-0.965925826289,-0.258819045103));
#6392 = DIRECTION('',(-1.,-1.164495749276E-16,-2.904866646907E-17));
#6393 = ADVANCED_FACE('',(#6394),#6412,.T.);
#6394 = FACE_BOUND('',#6395,.T.);
#6395 = EDGE_LOOP('',(#6396,#6404,#6410,#6411));
#6396 = ORIENTED_EDGE('',*,*,#6397,.T.);
#6397 = EDGE_CURVE('',#2807,#6398,#6400,.T.);
#6398 = VERTEX_POINT('',#6399);
#6399 = CARTESIAN_POINT('',(184.64004619629,-74.05808119421,
    -17.95054256076));
#6400 = LINE('',#6401,#6402);
#6401 = CARTESIAN_POINT('',(184.64004619629,-73.79926214911,
    -18.91646838705));
#6402 = VECTOR('',#6403,1.);
#6403 = DIRECTION('',(0.,-0.258819045103,0.965925826289));
#6404 = ORIENTED_EDGE('',*,*,#6405,.T.);
#6405 = EDGE_CURVE('',#6398,#6374,#6406,.T.);
#6406 = B_SPLINE_CURVE_WITH_KNOTS('',2,(#6407,#6408,#6409),
  .UNSPECIFIED.,.F.,.F.,(3,3),(0.,1.),.PIECEWISE_BEZIER_KNOTS.);
#6407 = CARTESIAN_POINT('',(184.64004619629,-74.05808119421,
    -17.95054256076));
#6408 = CARTESIAN_POINT('',(184.64004619629,-73.88367792002,
    -17.90381134428));
#6409 = CARTESIAN_POINT('',(184.39988415925,-73.88367792002,
    -17.90381134428));
#6410 = ORIENTED_EDGE('',*,*,#6373,.F.);
#6411 = ORIENTED_EDGE('',*,*,#2814,.F.);
#6412 = SURFACE_OF_LINEAR_EXTRUSION('',#6413,#6417);
#6413 = B_SPLINE_CURVE_WITH_KNOTS('',2,(#6414,#6415,#6416),
  .UNSPECIFIED.,.F.,.F.,(3,3),(0.,1.),.PIECEWISE_BEZIER_KNOTS.);
#6414 = CARTESIAN_POINT('',(184.64004619629,-73.79926214911,
    -18.91646838705));
#6415 = CARTESIAN_POINT('',(184.64004619629,-73.62485887492,
    -18.86973717057));
#6416 = CARTESIAN_POINT('',(184.39988415925,-73.62485887492,
    -18.86973717057));
#6417 = VECTOR('',#6418,1.);
#6418 = DIRECTION('',(0.,0.258819045103,-0.965925826289));
#6419 = ADVANCED_FACE('',(#6420),#6438,.T.);
#6420 = FACE_BOUND('',#6421,.T.);
#6421 = EDGE_LOOP('',(#6422,#6430,#6436,#6437));
#6422 = ORIENTED_EDGE('',*,*,#6423,.T.);
#6423 = EDGE_CURVE('',#2799,#6424,#6426,.T.);
#6424 = VERTEX_POINT('',#6425);
#6425 = CARTESIAN_POINT('',(184.39988415925,-74.24142822605,
    -17.99967024987));
#6426 = LINE('',#6427,#6428);
#6427 = CARTESIAN_POINT('',(184.39988415925,-73.98260918095,
    -18.96559607616));
#6428 = VECTOR('',#6429,1.);
#6429 = DIRECTION('',(0.,-0.258819045103,0.965925826289));
#6430 = ORIENTED_EDGE('',*,*,#6431,.T.);
#6431 = EDGE_CURVE('',#6424,#6398,#6432,.T.);
#6432 = B_SPLINE_CURVE_WITH_KNOTS('',2,(#6433,#6434,#6435),
  .UNSPECIFIED.,.F.,.F.,(3,3),(0.,1.),.PIECEWISE_BEZIER_KNOTS.);
#6433 = CARTESIAN_POINT('',(184.39988415925,-74.24142822605,
    -17.99967024987));
#6434 = CARTESIAN_POINT('',(184.64004619629,-74.24142822605,
    -17.99967024987));
#6435 = CARTESIAN_POINT('',(184.64004619629,-74.05808119421,
    -17.95054256076));
#6436 = ORIENTED_EDGE('',*,*,#6397,.F.);
#6437 = ORIENTED_EDGE('',*,*,#2806,.F.);
#6438 = SURFACE_OF_LINEAR_EXTRUSION('',#6439,#6443);
#6439 = B_SPLINE_CURVE_WITH_KNOTS('',2,(#6440,#6441,#6442),
  .UNSPECIFIED.,.F.,.F.,(3,3),(0.,1.),.PIECEWISE_BEZIER_KNOTS.);
#6440 = CARTESIAN_POINT('',(184.39988415925,-73.98260918095,
    -18.96559607616));
#6441 = CARTESIAN_POINT('',(184.64004619629,-73.98260918095,
    -18.96559607616));
#6442 = CARTESIAN_POINT('',(184.64004619629,-73.79926214911,
    -18.91646838705));
#6443 = VECTOR('',#6444,1.);
#6444 = DIRECTION('',(0.,0.258819045103,-0.965925826289));
#6445 = ADVANCED_FACE('',(#6446),#6464,.T.);
#6446 = FACE_BOUND('',#6447,.T.);
#6447 = EDGE_LOOP('',(#6448,#6456,#6462,#6463));
#6448 = ORIENTED_EDGE('',*,*,#6449,.T.);
#6449 = EDGE_CURVE('',#2791,#6450,#6452,.T.);
#6450 = VERTEX_POINT('',#6451);
#6451 = CARTESIAN_POINT('',(184.17766193703,-74.24142822605,
    -17.99967024987));
#6452 = LINE('',#6453,#6454);
#6453 = CARTESIAN_POINT('',(184.17766193703,-73.98260918095,
    -18.96559607616));
#6454 = VECTOR('',#6455,1.);
#6455 = DIRECTION('',(0.,-0.258819045103,0.965925826289));
#6456 = ORIENTED_EDGE('',*,*,#6457,.T.);
#6457 = EDGE_CURVE('',#6450,#6424,#6458,.T.);
#6458 = LINE('',#6459,#6460);
#6459 = CARTESIAN_POINT('',(184.17766193703,-74.24142822605,
    -17.99967024987));
#6460 = VECTOR('',#6461,1.);
#6461 = DIRECTION('',(1.,0.,0.));
#6462 = ORIENTED_EDGE('',*,*,#6423,.F.);
#6463 = ORIENTED_EDGE('',*,*,#2798,.F.);
#6464 = PLANE('',#6465);
#6465 = AXIS2_PLACEMENT_3D('',#6466,#6467,#6468);
#6466 = CARTESIAN_POINT('',(184.17766193703,-73.98260918095,
    -18.96559607616));
#6467 = DIRECTION('',(-1.2E-16,0.965925826289,0.258819045103));
#6468 = DIRECTION('',(1.,1.164495749276E-16,2.904866646907E-17));
#6469 = ADVANCED_FACE('',(#6470),#6488,.T.);
#6470 = FACE_BOUND('',#6471,.T.);
#6471 = EDGE_LOOP('',(#6472,#6480,#6486,#6487));
#6472 = ORIENTED_EDGE('',*,*,#6473,.T.);
#6473 = EDGE_CURVE('',#2783,#6474,#6476,.T.);
#6474 = VERTEX_POINT('',#6475);
#6475 = CARTESIAN_POINT('',(184.17766193703,-78.35555674543,
    -19.1020476642));
#6476 = LINE('',#6477,#6478);
#6477 = CARTESIAN_POINT('',(184.17766193703,-78.09673770033,
    -20.06797349049));
#6478 = VECTOR('',#6479,1.);
#6479 = DIRECTION('',(0.,-0.258819045103,0.965925826289));
#6480 = ORIENTED_EDGE('',*,*,#6481,.T.);
#6481 = EDGE_CURVE('',#6474,#6450,#6482,.T.);
#6482 = LINE('',#6483,#6484);
#6483 = CARTESIAN_POINT('',(184.17766193703,-78.35555674543,
    -19.1020476642));
#6484 = VECTOR('',#6485,1.);
#6485 = DIRECTION('',(0.,0.965925826289,0.258819045103));
#6486 = ORIENTED_EDGE('',*,*,#6449,.F.);
#6487 = ORIENTED_EDGE('',*,*,#2790,.F.);
#6488 = PLANE('',#6489);
#6489 = AXIS2_PLACEMENT_3D('',#6490,#6491,#6492);
#6490 = CARTESIAN_POINT('',(184.17766193703,-78.09673770033,
    -20.06797349049));
#6491 = DIRECTION('',(-1.,-1.2E-16,-3.E-17));
#6492 = DIRECTION('',(-1.236756705078E-16,0.965925826289,0.258819045103)
  );
#6493 = ADVANCED_FACE('',(#6494),#6512,.T.);
#6494 = FACE_BOUND('',#6495,.T.);
#6495 = EDGE_LOOP('',(#6496,#6504,#6510,#6511));
#6496 = ORIENTED_EDGE('',*,*,#6497,.T.);
#6497 = EDGE_CURVE('',#2775,#6498,#6500,.T.);
#6498 = VERTEX_POINT('',#6499);
#6499 = CARTESIAN_POINT('',(184.48003462222,-78.35555674543,
    -19.1020476642));
#6500 = LINE('',#6501,#6502);
#6501 = CARTESIAN_POINT('',(184.48003462222,-78.09673770033,
    -20.06797349049));
#6502 = VECTOR('',#6503,1.);
#6503 = DIRECTION('',(0.,-0.258819045103,0.965925826289));
#6504 = ORIENTED_EDGE('',*,*,#6505,.T.);
#6505 = EDGE_CURVE('',#6498,#6474,#6506,.T.);
#6506 = LINE('',#6507,#6508);
#6507 = CARTESIAN_POINT('',(184.48003462222,-78.35555674543,
    -19.1020476642));
#6508 = VECTOR('',#6509,1.);
#6509 = DIRECTION('',(-1.,0.,0.));
#6510 = ORIENTED_EDGE('',*,*,#6473,.F.);
#6511 = ORIENTED_EDGE('',*,*,#2782,.F.);
#6512 = PLANE('',#6513);
#6513 = AXIS2_PLACEMENT_3D('',#6514,#6515,#6516);
#6514 = CARTESIAN_POINT('',(184.48003462222,-78.09673770033,
    -20.06797349049));
#6515 = DIRECTION('',(1.2E-16,-0.965925826289,-0.258819045103));
#6516 = DIRECTION('',(-1.,-1.164495749276E-16,-2.904866646907E-17));
#6517 = ADVANCED_FACE('',(#6518),#6536,.T.);
#6518 = FACE_BOUND('',#6519,.T.);
#6519 = EDGE_LOOP('',(#6520,#6528,#6534,#6535));
#6520 = ORIENTED_EDGE('',*,*,#6521,.T.);
#6521 = EDGE_CURVE('',#2767,#6522,#6524,.T.);
#6522 = VERTEX_POINT('',#6523);
#6523 = CARTESIAN_POINT('',(184.7199073074,-78.52996001962,
    -19.14877888068));
#6524 = LINE('',#6525,#6526);
#6525 = CARTESIAN_POINT('',(184.7199073074,-78.27114097452,
    -20.11470470697));
#6526 = VECTOR('',#6527,1.);
#6527 = DIRECTION('',(0.,-0.258819045103,0.965925826289));
#6528 = ORIENTED_EDGE('',*,*,#6529,.T.);
#6529 = EDGE_CURVE('',#6522,#6498,#6530,.T.);
#6530 = B_SPLINE_CURVE_WITH_KNOTS('',2,(#6531,#6532,#6533),
  .UNSPECIFIED.,.F.,.F.,(3,3),(0.,1.),.PIECEWISE_BEZIER_KNOTS.);
#6531 = CARTESIAN_POINT('',(184.7199073074,-78.52996001962,
    -19.14877888068));
#6532 = CARTESIAN_POINT('',(184.7199073074,-78.35555674543,
    -19.1020476642));
#6533 = CARTESIAN_POINT('',(184.48003462222,-78.35555674543,
    -19.1020476642));
#6534 = ORIENTED_EDGE('',*,*,#6497,.F.);
#6535 = ORIENTED_EDGE('',*,*,#2774,.F.);
#6536 = SURFACE_OF_LINEAR_EXTRUSION('',#6537,#6541);
#6537 = B_SPLINE_CURVE_WITH_KNOTS('',2,(#6538,#6539,#6540),
  .UNSPECIFIED.,.F.,.F.,(3,3),(0.,1.),.PIECEWISE_BEZIER_KNOTS.);
#6538 = CARTESIAN_POINT('',(184.7199073074,-78.27114097452,
    -20.11470470697));
#6539 = CARTESIAN_POINT('',(184.7199073074,-78.09673770033,
    -20.06797349049));
#6540 = CARTESIAN_POINT('',(184.48003462222,-78.09673770033,
    -20.06797349049));
#6541 = VECTOR('',#6542,1.);
#6542 = DIRECTION('',(0.,0.258819045103,-0.965925826289));
#6543 = ADVANCED_FACE('',(#6544),#6562,.T.);
#6544 = FACE_BOUND('',#6545,.T.);
#6545 = EDGE_LOOP('',(#6546,#6554,#6560,#6561));
#6546 = ORIENTED_EDGE('',*,*,#6547,.T.);
#6547 = EDGE_CURVE('',#2759,#6548,#6550,.T.);
#6548 = VERTEX_POINT('',#6549);
#6549 = CARTESIAN_POINT('',(184.48003462222,-78.71330705147,
    -19.19790656979));
#6550 = LINE('',#6551,#6552);
#6551 = CARTESIAN_POINT('',(184.48003462222,-78.45448800636,
    -20.16383239608));
#6552 = VECTOR('',#6553,1.);
#6553 = DIRECTION('',(0.,-0.258819045103,0.965925826289));
#6554 = ORIENTED_EDGE('',*,*,#6555,.T.);
#6555 = EDGE_CURVE('',#6548,#6522,#6556,.T.);
#6556 = B_SPLINE_CURVE_WITH_KNOTS('',2,(#6557,#6558,#6559),
  .UNSPECIFIED.,.F.,.F.,(3,3),(0.,1.),.PIECEWISE_BEZIER_KNOTS.);
#6557 = CARTESIAN_POINT('',(184.48003462222,-78.71330705147,
    -19.19790656979));
#6558 = CARTESIAN_POINT('',(184.7199073074,-78.71330705147,
    -19.19790656979));
#6559 = CARTESIAN_POINT('',(184.7199073074,-78.52996001962,
    -19.14877888068));
#6560 = ORIENTED_EDGE('',*,*,#6521,.F.);
#6561 = ORIENTED_EDGE('',*,*,#2766,.F.);
#6562 = SURFACE_OF_LINEAR_EXTRUSION('',#6563,#6567);
#6563 = B_SPLINE_CURVE_WITH_KNOTS('',2,(#6564,#6565,#6566),
  .UNSPECIFIED.,.F.,.F.,(3,3),(0.,1.),.PIECEWISE_BEZIER_KNOTS.);
#6564 = CARTESIAN_POINT('',(184.48003462222,-78.45448800636,
    -20.16383239608));
#6565 = CARTESIAN_POINT('',(184.7199073074,-78.45448800636,
    -20.16383239608));
#6566 = CARTESIAN_POINT('',(184.7199073074,-78.27114097452,
    -20.11470470697));
#6567 = VECTOR('',#6568,1.);
#6568 = DIRECTION('',(0.,0.258819045103,-0.965925826289));
#6569 = ADVANCED_FACE('',(#6570),#6588,.T.);
#6570 = FACE_BOUND('',#6571,.T.);
#6571 = EDGE_LOOP('',(#6572,#6580,#6586,#6587));
#6572 = ORIENTED_EDGE('',*,*,#6573,.T.);
#6573 = EDGE_CURVE('',#2751,#6574,#6576,.T.);
#6574 = VERTEX_POINT('',#6575);
#6575 = CARTESIAN_POINT('',(183.15538184444,-78.71330705147,
    -19.19790656979));
#6576 = LINE('',#6577,#6578);
#6577 = CARTESIAN_POINT('',(183.15538184444,-78.45448800636,
    -20.16383239608));
#6578 = VECTOR('',#6579,1.);
#6579 = DIRECTION('',(0.,-0.258819045103,0.965925826289));
#6580 = ORIENTED_EDGE('',*,*,#6581,.T.);
#6581 = EDGE_CURVE('',#6574,#6548,#6582,.T.);
#6582 = LINE('',#6583,#6584);
#6583 = CARTESIAN_POINT('',(183.15538184444,-78.71330705147,
    -19.19790656979));
#6584 = VECTOR('',#6585,1.);
#6585 = DIRECTION('',(1.,0.,0.));
#6586 = ORIENTED_EDGE('',*,*,#6547,.F.);
#6587 = ORIENTED_EDGE('',*,*,#2758,.F.);
#6588 = PLANE('',#6589);
#6589 = AXIS2_PLACEMENT_3D('',#6590,#6591,#6592);
#6590 = CARTESIAN_POINT('',(183.15538184444,-78.45448800636,
    -20.16383239608));
#6591 = DIRECTION('',(-1.2E-16,0.965925826289,0.258819045103));
#6592 = DIRECTION('',(1.,1.164495749276E-16,2.904866646907E-17));
#6593 = ADVANCED_FACE('',(#6594),#6612,.T.);
#6594 = FACE_BOUND('',#6595,.T.);
#6595 = EDGE_LOOP('',(#6596,#6604,#6610,#6611));
#6596 = ORIENTED_EDGE('',*,*,#6597,.T.);
#6597 = EDGE_CURVE('',#2743,#6598,#6600,.T.);
#6598 = VERTEX_POINT('',#6599);
#6599 = CARTESIAN_POINT('',(182.90653925185,-78.52996001962,
    -19.14877888068));
#6600 = LINE('',#6601,#6602);
#6601 = CARTESIAN_POINT('',(182.90653925185,-78.27114097452,
    -20.11470470697));
#6602 = VECTOR('',#6603,1.);
#6603 = DIRECTION('',(0.,-0.258819045103,0.965925826289));
#6604 = ORIENTED_EDGE('',*,*,#6605,.T.);
#6605 = EDGE_CURVE('',#6598,#6574,#6606,.T.);
#6606 = B_SPLINE_CURVE_WITH_KNOTS('',2,(#6607,#6608,#6609),
  .UNSPECIFIED.,.F.,.F.,(3,3),(0.,1.),.PIECEWISE_BEZIER_KNOTS.);
#6607 = CARTESIAN_POINT('',(182.90653925185,-78.52996001962,
    -19.14877888068));
#6608 = CARTESIAN_POINT('',(182.90653925185,-78.71330705147,
    -19.19790656979));
#6609 = CARTESIAN_POINT('',(183.15538184444,-78.71330705147,
    -19.19790656979));
#6610 = ORIENTED_EDGE('',*,*,#6573,.F.);
#6611 = ORIENTED_EDGE('',*,*,#2750,.F.);
#6612 = SURFACE_OF_LINEAR_EXTRUSION('',#6613,#6617);
#6613 = B_SPLINE_CURVE_WITH_KNOTS('',2,(#6614,#6615,#6616),
  .UNSPECIFIED.,.F.,.F.,(3,3),(0.,1.),.PIECEWISE_BEZIER_KNOTS.);
#6614 = CARTESIAN_POINT('',(182.90653925185,-78.27114097452,
    -20.11470470697));
#6615 = CARTESIAN_POINT('',(182.90653925185,-78.45448800636,
    -20.16383239608));
#6616 = CARTESIAN_POINT('',(183.15538184444,-78.45448800636,
    -20.16383239608));
#6617 = VECTOR('',#6618,1.);
#6618 = DIRECTION('',(0.,0.258819045103,-0.965925826289));
#6619 = ADVANCED_FACE('',(#6620),#6638,.T.);
#6620 = FACE_BOUND('',#6621,.T.);
#6621 = EDGE_LOOP('',(#6622,#6630,#6636,#6637));
#6622 = ORIENTED_EDGE('',*,*,#6623,.T.);
#6623 = EDGE_CURVE('',#2735,#6624,#6626,.T.);
#6624 = VERTEX_POINT('',#6625);
#6625 = CARTESIAN_POINT('',(183.15538184444,-78.35555674543,
    -19.1020476642));
#6626 = LINE('',#6627,#6628);
#6627 = CARTESIAN_POINT('',(183.15538184444,-78.09673770033,
    -20.06797349049));
#6628 = VECTOR('',#6629,1.);
#6629 = DIRECTION('',(0.,-0.258819045103,0.965925826289));
#6630 = ORIENTED_EDGE('',*,*,#6631,.T.);
#6631 = EDGE_CURVE('',#6624,#6598,#6632,.T.);
#6632 = B_SPLINE_CURVE_WITH_KNOTS('',2,(#6633,#6634,#6635),
  .UNSPECIFIED.,.F.,.F.,(3,3),(0.,1.),.PIECEWISE_BEZIER_KNOTS.);
#6633 = CARTESIAN_POINT('',(183.15538184444,-78.35555674543,
    -19.1020476642));
#6634 = CARTESIAN_POINT('',(182.90653925185,-78.35555674543,
    -19.1020476642));
#6635 = CARTESIAN_POINT('',(182.90653925185,-78.52996001962,
    -19.14877888068));
#6636 = ORIENTED_EDGE('',*,*,#6597,.F.);
#6637 = ORIENTED_EDGE('',*,*,#2742,.F.);
#6638 = SURFACE_OF_LINEAR_EXTRUSION('',#6639,#6643);
#6639 = B_SPLINE_CURVE_WITH_KNOTS('',2,(#6640,#6641,#6642),
  .UNSPECIFIED.,.F.,.F.,(3,3),(0.,1.),.PIECEWISE_BEZIER_KNOTS.);
#6640 = CARTESIAN_POINT('',(183.15538184444,-78.09673770033,
    -20.06797349049));
#6641 = CARTESIAN_POINT('',(182.90653925185,-78.09673770033,
    -20.06797349049));
#6642 = CARTESIAN_POINT('',(182.90653925185,-78.27114097452,
    -20.11470470697));
#6643 = VECTOR('',#6644,1.);
#6644 = DIRECTION('',(0.,0.258819045103,-0.965925826289));
#6645 = ADVANCED_FACE('',(#6646),#6664,.T.);
#6646 = FACE_BOUND('',#6647,.T.);
#6647 = EDGE_LOOP('',(#6648,#6656,#6662,#6663));
#6648 = ORIENTED_EDGE('',*,*,#6649,.T.);
#6649 = EDGE_CURVE('',#2727,#6650,#6652,.T.);
#6650 = VERTEX_POINT('',#6651);
#6651 = CARTESIAN_POINT('',(183.81336795555,-78.35555674543,
    -19.1020476642));
#6652 = LINE('',#6653,#6654);
#6653 = CARTESIAN_POINT('',(183.81336795555,-78.09673770033,
    -20.06797349049));
#6654 = VECTOR('',#6655,1.);
#6655 = DIRECTION('',(0.,-0.258819045103,0.965925826289));
#6656 = ORIENTED_EDGE('',*,*,#6657,.T.);
#6657 = EDGE_CURVE('',#6650,#6624,#6658,.T.);
#6658 = LINE('',#6659,#6660);
#6659 = CARTESIAN_POINT('',(183.81336795555,-78.35555674543,
    -19.1020476642));
#6660 = VECTOR('',#6661,1.);
#6661 = DIRECTION('',(-1.,0.,0.));
#6662 = ORIENTED_EDGE('',*,*,#6623,.F.);
#6663 = ORIENTED_EDGE('',*,*,#2734,.F.);
#6664 = PLANE('',#6665);
#6665 = AXIS2_PLACEMENT_3D('',#6666,#6667,#6668);
#6666 = CARTESIAN_POINT('',(183.81336795555,-78.09673770033,
    -20.06797349049));
#6667 = DIRECTION('',(1.2E-16,-0.965925826289,-0.258819045103));
#6668 = DIRECTION('',(-1.,-1.164495749276E-16,-2.904866646907E-17));
#6669 = ADVANCED_FACE('',(#6670),#6688,.T.);
#6670 = FACE_BOUND('',#6671,.T.);
#6671 = EDGE_LOOP('',(#6672,#6680,#6686,#6687));
#6672 = ORIENTED_EDGE('',*,*,#6673,.T.);
#6673 = EDGE_CURVE('',#2719,#6674,#6676,.T.);
#6674 = VERTEX_POINT('',#6675);
#6675 = CARTESIAN_POINT('',(183.81336795555,-74.24142822605,
    -17.99967024987));
#6676 = LINE('',#6677,#6678);
#6677 = CARTESIAN_POINT('',(183.81336795555,-73.98260918095,
    -18.96559607616));
#6678 = VECTOR('',#6679,1.);
#6679 = DIRECTION('',(0.,-0.258819045103,0.965925826289));
#6680 = ORIENTED_EDGE('',*,*,#6681,.T.);
#6681 = EDGE_CURVE('',#6674,#6650,#6682,.T.);
#6682 = LINE('',#6683,#6684);
#6683 = CARTESIAN_POINT('',(183.81336795555,-74.24142822605,
    -17.99967024987));
#6684 = VECTOR('',#6685,1.);
#6685 = DIRECTION('',(0.,-0.965925826289,-0.258819045103));
#6686 = ORIENTED_EDGE('',*,*,#6649,.F.);
#6687 = ORIENTED_EDGE('',*,*,#2726,.F.);
#6688 = PLANE('',#6689);
#6689 = AXIS2_PLACEMENT_3D('',#6690,#6691,#6692);
#6690 = CARTESIAN_POINT('',(183.81336795555,-73.98260918095,
    -18.96559607616));
#6691 = DIRECTION('',(1.,1.2E-16,3.E-17));
#6692 = DIRECTION('',(1.236756705078E-16,-0.965925826289,-0.258819045103
    ));
#6693 = ADVANCED_FACE('',(#6694),#6712,.T.);
#6694 = FACE_BOUND('',#6695,.T.);
#6695 = EDGE_LOOP('',(#6696,#6704,#6710,#6711));
#6696 = ORIENTED_EDGE('',*,*,#6697,.T.);
#6697 = EDGE_CURVE('',#2711,#6698,#6700,.T.);
#6698 = VERTEX_POINT('',#6699);
#6699 = CARTESIAN_POINT('',(183.7421874,-74.24142822605,-17.99967024987)
  );
#6700 = LINE('',#6701,#6702);
#6701 = CARTESIAN_POINT('',(183.7421874,-73.98260918095,-18.96559607616)
  );
#6702 = VECTOR('',#6703,1.);
#6703 = DIRECTION('',(0.,-0.258819045103,0.965925826289));
#6704 = ORIENTED_EDGE('',*,*,#6705,.T.);
#6705 = EDGE_CURVE('',#6698,#6674,#6706,.T.);
#6706 = LINE('',#6707,#6708);
#6707 = CARTESIAN_POINT('',(183.7421874,-74.24142822605,-17.99967024987)
  );
#6708 = VECTOR('',#6709,1.);
#6709 = DIRECTION('',(1.,0.,0.));
#6710 = ORIENTED_EDGE('',*,*,#6673,.F.);
#6711 = ORIENTED_EDGE('',*,*,#2718,.F.);
#6712 = PLANE('',#6713);
#6713 = AXIS2_PLACEMENT_3D('',#6714,#6715,#6716);
#6714 = CARTESIAN_POINT('',(183.7421874,-73.98260918095,-18.96559607616)
  );
#6715 = DIRECTION('',(-1.2E-16,0.965925826289,0.258819045103));
#6716 = DIRECTION('',(1.,1.164495749276E-16,2.904866646907E-17));
#6717 = ADVANCED_FACE('',(#6718),#6736,.T.);
#6718 = FACE_BOUND('',#6719,.T.);
#6719 = EDGE_LOOP('',(#6720,#6728,#6734,#6735));
#6720 = ORIENTED_EDGE('',*,*,#6721,.T.);
#6721 = EDGE_CURVE('',#2703,#6722,#6724,.T.);
#6722 = VERTEX_POINT('',#6723);
#6723 = CARTESIAN_POINT('',(182.3287036037,-77.26078491049,
    -18.80870443513));
#6724 = LINE('',#6725,#6726);
#6725 = CARTESIAN_POINT('',(182.3287036037,-77.00196586538,
    -19.77463026142));
#6726 = VECTOR('',#6727,1.);
#6727 = DIRECTION('',(0.,-0.258819045103,0.965925826289));
#6728 = ORIENTED_EDGE('',*,*,#6729,.T.);
#6729 = EDGE_CURVE('',#6722,#6698,#6730,.T.);
#6730 = LINE('',#6731,#6732);
#6731 = CARTESIAN_POINT('',(182.3287036037,-77.26078491049,
    -18.80870443513));
#6732 = VECTOR('',#6733,1.);
#6733 = DIRECTION('',(0.412022831803,0.880126036537,0.235829060728));
#6734 = ORIENTED_EDGE('',*,*,#6697,.F.);
#6735 = ORIENTED_EDGE('',*,*,#2710,.F.);
#6736 = PLANE('',#6737);
#6737 = AXIS2_PLACEMENT_3D('',#6738,#6739,#6740);
#6738 = CARTESIAN_POINT('',(182.3287036037,-77.00196586538,
    -19.77463026142));
#6739 = DIRECTION('',(-0.911173521385,0.397983494259,0.106639355888));
#6740 = DIRECTION('',(0.412022831803,0.880126036537,0.235829060728));
#6741 = ADVANCED_FACE('',(#6742),#6753,.T.);
#6742 = FACE_BOUND('',#6743,.T.);
#6743 = EDGE_LOOP('',(#6744,#6745,#6751,#6752));
#6744 = ORIENTED_EDGE('',*,*,#5962,.T.);
#6745 = ORIENTED_EDGE('',*,*,#6746,.T.);
#6746 = EDGE_CURVE('',#5955,#6722,#6747,.T.);
#6747 = LINE('',#6748,#6749);
#6748 = CARTESIAN_POINT('',(181.91984943703,-77.26078491049,
    -18.80870443513));
#6749 = VECTOR('',#6750,1.);
#6750 = DIRECTION('',(1.,0.,0.));
#6751 = ORIENTED_EDGE('',*,*,#6721,.F.);
#6752 = ORIENTED_EDGE('',*,*,#2702,.F.);
#6753 = PLANE('',#6754);
#6754 = AXIS2_PLACEMENT_3D('',#6755,#6756,#6757);
#6755 = CARTESIAN_POINT('',(181.91984943703,-77.00196586538,
    -19.77463026142));
#6756 = DIRECTION('',(-1.2E-16,0.965925826289,0.258819045103));
#6757 = DIRECTION('',(1.,1.164495749276E-16,2.904866646907E-17));
#6758 = ADVANCED_FACE('',(#6759),#6784,.T.);
#6759 = FACE_BOUND('',#6760,.T.);
#6760 = EDGE_LOOP('',(#6761,#6769,#6777,#6783));
#6761 = ORIENTED_EDGE('',*,*,#6762,.T.);
#6762 = EDGE_CURVE('',#2959,#6763,#6765,.T.);
#6763 = VERTEX_POINT('',#6764);
#6764 = CARTESIAN_POINT('',(178.25318277037,-75.57432760845,
    -18.35681956298));
#6765 = LINE('',#6766,#6767);
#6766 = CARTESIAN_POINT('',(178.25318277037,-75.31550856335,
    -19.32274538927));
#6767 = VECTOR('',#6768,1.);
#6768 = DIRECTION('',(0.,-0.258819045103,0.965925826289));
#6769 = ORIENTED_EDGE('',*,*,#6770,.T.);
#6770 = EDGE_CURVE('',#6763,#6771,#6773,.T.);
#6771 = VERTEX_POINT('',#6772);
#6772 = CARTESIAN_POINT('',(176.81770823333,-75.01059138403,
    -18.2057668969));
#6773 = B_SPLINE_CURVE_WITH_KNOTS('',2,(#6774,#6775,#6776),
  .UNSPECIFIED.,.F.,.F.,(3,3),(0.,1.),.PIECEWISE_BEZIER_KNOTS.);
#6774 = CARTESIAN_POINT('',(178.25318277037,-75.57432760845,
    -18.35681956298));
#6775 = CARTESIAN_POINT('',(177.66203693703,-75.01059138403,
    -18.2057668969));
#6776 = CARTESIAN_POINT('',(176.81770823333,-75.01059138403,
    -18.2057668969));
#6777 = ORIENTED_EDGE('',*,*,#6778,.F.);
#6778 = EDGE_CURVE('',#2961,#6771,#6779,.T.);
#6779 = LINE('',#6780,#6781);
#6780 = CARTESIAN_POINT('',(176.81770823333,-74.75177233892,
    -19.17169272319));
#6781 = VECTOR('',#6782,1.);
#6782 = DIRECTION('',(0.,-0.258819045103,0.965925826289));
#6783 = ORIENTED_EDGE('',*,*,#2958,.F.);
#6784 = SURFACE_OF_LINEAR_EXTRUSION('',#6785,#6789);
#6785 = B_SPLINE_CURVE_WITH_KNOTS('',2,(#6786,#6787,#6788),
  .UNSPECIFIED.,.F.,.F.,(3,3),(0.,1.),.PIECEWISE_BEZIER_KNOTS.);
#6786 = CARTESIAN_POINT('',(178.25318277037,-75.31550856335,
    -19.32274538927));
#6787 = CARTESIAN_POINT('',(177.66203693703,-74.75177233892,
    -19.17169272319));
#6788 = CARTESIAN_POINT('',(176.81770823333,-74.75177233892,
    -19.17169272319));
#6789 = VECTOR('',#6790,1.);
#6790 = DIRECTION('',(0.,0.258819045103,-0.965925826289));
#6791 = ADVANCED_FACE('',(#6792),#6810,.T.);
#6792 = FACE_BOUND('',#6793,.T.);
#6793 = EDGE_LOOP('',(#6794,#6802,#6808,#6809));
#6794 = ORIENTED_EDGE('',*,*,#6795,.T.);
#6795 = EDGE_CURVE('',#3009,#6796,#6798,.T.);
#6796 = VERTEX_POINT('',#6797);
#6797 = CARTESIAN_POINT('',(178.8443286037,-76.92930689255,
    -18.71988516792));
#6798 = LINE('',#6799,#6800);
#6799 = CARTESIAN_POINT('',(178.8443286037,-76.67048784745,
    -19.68581099421));
#6800 = VECTOR('',#6801,1.);
#6801 = DIRECTION('',(0.,-0.258819045103,0.965925826289));
#6802 = ORIENTED_EDGE('',*,*,#6803,.T.);
#6803 = EDGE_CURVE('',#6796,#6763,#6804,.T.);
#6804 = B_SPLINE_CURVE_WITH_KNOTS('',2,(#6805,#6806,#6807),
  .UNSPECIFIED.,.F.,.F.,(3,3),(0.,1.),.PIECEWISE_BEZIER_KNOTS.);
#6805 = CARTESIAN_POINT('',(178.8443286037,-76.92930689255,
    -18.71988516792));
#6806 = CARTESIAN_POINT('',(178.8443286037,-76.13778434046,
    -18.50779733929));
#6807 = CARTESIAN_POINT('',(178.25318277037,-75.57432760845,
    -18.35681956298));
#6808 = ORIENTED_EDGE('',*,*,#6762,.F.);
#6809 = ORIENTED_EDGE('',*,*,#3016,.F.);
#6810 = SURFACE_OF_LINEAR_EXTRUSION('',#6811,#6815);
#6811 = B_SPLINE_CURVE_WITH_KNOTS('',2,(#6812,#6813,#6814),
  .UNSPECIFIED.,.F.,.F.,(3,3),(0.,1.),.PIECEWISE_BEZIER_KNOTS.);
#6812 = CARTESIAN_POINT('',(178.8443286037,-76.67048784745,
    -19.68581099421));
#6813 = CARTESIAN_POINT('',(178.8443286037,-75.87896529535,
    -19.47372316558));
#6814 = CARTESIAN_POINT('',(178.25318277037,-75.31550856335,
    -19.32274538927));
#6815 = VECTOR('',#6816,1.);
#6816 = DIRECTION('',(0.,0.258819045103,-0.965925826289));
#6817 = ADVANCED_FACE('',(#6818),#6836,.T.);
#6818 = FACE_BOUND('',#6819,.T.);
#6819 = EDGE_LOOP('',(#6820,#6828,#6834,#6835));
#6820 = ORIENTED_EDGE('',*,*,#6821,.T.);
#6821 = EDGE_CURVE('',#3001,#6822,#6824,.T.);
#6822 = VERTEX_POINT('',#6823);
#6823 = CARTESIAN_POINT('',(178.25318277037,-78.29714282828,
    -19.08639570227));
#6824 = LINE('',#6825,#6826);
#6825 = CARTESIAN_POINT('',(178.25318277037,-78.03832378317,
    -20.05232152856));
#6826 = VECTOR('',#6827,1.);
#6827 = DIRECTION('',(0.,-0.258819045103,0.965925826289));
#6828 = ORIENTED_EDGE('',*,*,#6829,.T.);
#6829 = EDGE_CURVE('',#6822,#6796,#6830,.T.);
#6830 = B_SPLINE_CURVE_WITH_KNOTS('',2,(#6831,#6832,#6833),
  .UNSPECIFIED.,.F.,.F.,(3,3),(0.,1.),.PIECEWISE_BEZIER_KNOTS.);
#6831 = CARTESIAN_POINT('',(178.25318277037,-78.29714282828,
    -19.08639570227));
#6832 = CARTESIAN_POINT('',(178.8443286037,-77.73787848267,
    -18.93654127251));
#6833 = CARTESIAN_POINT('',(178.8443286037,-76.92930689255,
    -18.71988516792));
#6834 = ORIENTED_EDGE('',*,*,#6795,.F.);
#6835 = ORIENTED_EDGE('',*,*,#3008,.F.);
#6836 = SURFACE_OF_LINEAR_EXTRUSION('',#6837,#6841);
#6837 = B_SPLINE_CURVE_WITH_KNOTS('',2,(#6838,#6839,#6840),
  .UNSPECIFIED.,.F.,.F.,(3,3),(0.,1.),.PIECEWISE_BEZIER_KNOTS.);
#6838 = CARTESIAN_POINT('',(178.25318277037,-78.03832378317,
    -20.05232152856));
#6839 = CARTESIAN_POINT('',(178.8443286037,-77.47905943757,
    -19.9024670988));
#6840 = CARTESIAN_POINT('',(178.8443286037,-76.67048784745,
    -19.68581099421));
#6841 = VECTOR('',#6842,1.);
#6842 = DIRECTION('',(0.,0.258819045103,-0.965925826289));
#6843 = ADVANCED_FACE('',(#6844),#6862,.T.);
#6844 = FACE_BOUND('',#6845,.T.);
#6845 = EDGE_LOOP('',(#6846,#6854,#6860,#6861));
#6846 = ORIENTED_EDGE('',*,*,#6847,.T.);
#6847 = EDGE_CURVE('',#2993,#6848,#6850,.T.);
#6848 = VERTEX_POINT('',#6849);
#6849 = CARTESIAN_POINT('',(176.81770823333,-78.85640717388,
    -19.23625013203));
#6850 = LINE('',#6851,#6852);
#6851 = CARTESIAN_POINT('',(176.81770823333,-78.59758812878,
    -20.20217595832));
#6852 = VECTOR('',#6853,1.);
#6853 = DIRECTION('',(0.,-0.258819045103,0.965925826289));
#6854 = ORIENTED_EDGE('',*,*,#6855,.T.);
#6855 = EDGE_CURVE('',#6848,#6822,#6856,.T.);
#6856 = B_SPLINE_CURVE_WITH_KNOTS('',2,(#6857,#6858,#6859),
  .UNSPECIFIED.,.F.,.F.,(3,3),(0.,1.),.PIECEWISE_BEZIER_KNOTS.);
#6857 = CARTESIAN_POINT('',(176.81770823333,-78.85640717388,
    -19.23625013203));
#6858 = CARTESIAN_POINT('',(177.66203693703,-78.85640717388,
    -19.23625013203));
#6859 = CARTESIAN_POINT('',(178.25318277037,-78.29714282828,
    -19.08639570227));
#6860 = ORIENTED_EDGE('',*,*,#6821,.F.);
#6861 = ORIENTED_EDGE('',*,*,#3000,.F.);
#6862 = SURFACE_OF_LINEAR_EXTRUSION('',#6863,#6867);
#6863 = B_SPLINE_CURVE_WITH_KNOTS('',2,(#6864,#6865,#6866),
  .UNSPECIFIED.,.F.,.F.,(3,3),(0.,1.),.PIECEWISE_BEZIER_KNOTS.);
#6864 = CARTESIAN_POINT('',(176.81770823333,-78.59758812878,
    -20.20217595832));
#6865 = CARTESIAN_POINT('',(177.66203693703,-78.59758812878,
    -20.20217595832));
#6866 = CARTESIAN_POINT('',(178.25318277037,-78.03832378317,
    -20.05232152856));
#6867 = VECTOR('',#6868,1.);
#6868 = DIRECTION('',(0.,0.258819045103,-0.965925826289));
#6869 = ADVANCED_FACE('',(#6870),#6888,.T.);
#6870 = FACE_BOUND('',#6871,.T.);
#6871 = EDGE_LOOP('',(#6872,#6880,#6886,#6887));
#6872 = ORIENTED_EDGE('',*,*,#6873,.T.);
#6873 = EDGE_CURVE('',#2985,#6874,#6876,.T.);
#6874 = VERTEX_POINT('',#6875);
#6875 = CARTESIAN_POINT('',(175.38657397407,-78.3016147071,
    -19.08759393859));
#6876 = LINE('',#6877,#6878);
#6877 = CARTESIAN_POINT('',(175.38657397407,-78.042795662,
    -20.05351976488));
#6878 = VECTOR('',#6879,1.);
#6879 = DIRECTION('',(0.,-0.258819045103,0.965925826289));
#6880 = ORIENTED_EDGE('',*,*,#6881,.T.);
#6881 = EDGE_CURVE('',#6874,#6848,#6882,.T.);
#6882 = B_SPLINE_CURVE_WITH_KNOTS('',2,(#6883,#6884,#6885),
  .UNSPECIFIED.,.F.,.F.,(3,3),(0.,1.),.PIECEWISE_BEZIER_KNOTS.);
#6883 = CARTESIAN_POINT('',(175.38657397407,-78.3016147071,
    -19.08759393859));
#6884 = CARTESIAN_POINT('',(175.98206008518,-78.85640717388,
    -19.23625013203));
#6885 = CARTESIAN_POINT('',(176.81770823333,-78.85640717388,
    -19.23625013203));
#6886 = ORIENTED_EDGE('',*,*,#6847,.F.);
#6887 = ORIENTED_EDGE('',*,*,#2992,.F.);
#6888 = SURFACE_OF_LINEAR_EXTRUSION('',#6889,#6893);
#6889 = B_SPLINE_CURVE_WITH_KNOTS('',2,(#6890,#6891,#6892),
  .UNSPECIFIED.,.F.,.F.,(3,3),(0.,1.),.PIECEWISE_BEZIER_KNOTS.);
#6890 = CARTESIAN_POINT('',(175.38657397407,-78.042795662,
    -20.05351976488));
#6891 = CARTESIAN_POINT('',(175.98206008518,-78.59758812878,
    -20.20217595832));
#6892 = CARTESIAN_POINT('',(176.81770823333,-78.59758812878,
    -20.20217595832));
#6893 = VECTOR('',#6894,1.);
#6894 = DIRECTION('',(0.,0.258819045103,-0.965925826289));
#6895 = ADVANCED_FACE('',(#6896),#6914,.T.);
#6896 = FACE_BOUND('',#6897,.T.);
#6897 = EDGE_LOOP('',(#6898,#6906,#6912,#6913));
#6898 = ORIENTED_EDGE('',*,*,#6899,.T.);
#6899 = EDGE_CURVE('',#2977,#6900,#6902,.T.);
#6900 = VERTEX_POINT('',#6901);
#6901 = CARTESIAN_POINT('',(174.79108786296,-76.9550201958,
    -18.72677502676));
#6902 = LINE('',#6903,#6904);
#6903 = CARTESIAN_POINT('',(174.79108786296,-76.6962011507,
    -19.69270085304));
#6904 = VECTOR('',#6905,1.);
#6905 = DIRECTION('',(0.,-0.258819045103,0.965925826289));
#6906 = ORIENTED_EDGE('',*,*,#6907,.T.);
#6907 = EDGE_CURVE('',#6900,#6874,#6908,.T.);
#6908 = B_SPLINE_CURVE_WITH_KNOTS('',2,(#6909,#6910,#6911),
  .UNSPECIFIED.,.F.,.F.,(3,3),(0.,1.),.PIECEWISE_BEZIER_KNOTS.);
#6909 = CARTESIAN_POINT('',(174.79108786296,-76.9550201958,
    -18.72677502676));
#6910 = CARTESIAN_POINT('',(174.79108786296,-77.7465427479,
    -18.93886285538));
#6911 = CARTESIAN_POINT('',(175.38657397407,-78.3016147071,
    -19.08759393859));
#6912 = ORIENTED_EDGE('',*,*,#6873,.F.);
#6913 = ORIENTED_EDGE('',*,*,#2984,.F.);
#6914 = SURFACE_OF_LINEAR_EXTRUSION('',#6915,#6919);
#6915 = B_SPLINE_CURVE_WITH_KNOTS('',2,(#6916,#6917,#6918),
  .UNSPECIFIED.,.F.,.F.,(3,3),(0.,1.),.PIECEWISE_BEZIER_KNOTS.);
#6916 = CARTESIAN_POINT('',(174.79108786296,-76.6962011507,
    -19.69270085304));
#6917 = CARTESIAN_POINT('',(174.79108786296,-77.4877237028,
    -19.90478868167));
#6918 = CARTESIAN_POINT('',(175.38657397407,-78.042795662,
    -20.05351976488));
#6919 = VECTOR('',#6920,1.);
#6920 = DIRECTION('',(0.,0.258819045103,-0.965925826289));
#6921 = ADVANCED_FACE('',(#6922),#6940,.T.);
#6922 = FACE_BOUND('',#6923,.T.);
#6923 = EDGE_LOOP('',(#6924,#6932,#6938,#6939));
#6924 = ORIENTED_EDGE('',*,*,#6925,.T.);
#6925 = EDGE_CURVE('',#2969,#6926,#6928,.T.);
#6926 = VERTEX_POINT('',#6927);
#6927 = CARTESIAN_POINT('',(175.37789341851,-75.57432760845,
    -18.35681956298));
#6928 = LINE('',#6929,#6930);
#6929 = CARTESIAN_POINT('',(175.37789341851,-75.31550856335,
    -19.32274538927));
#6930 = VECTOR('',#6931,1.);
#6931 = DIRECTION('',(0.,-0.258819045103,0.965925826289));
#6932 = ORIENTED_EDGE('',*,*,#6933,.T.);
#6933 = EDGE_CURVE('',#6926,#6900,#6934,.T.);
#6934 = B_SPLINE_CURVE_WITH_KNOTS('',2,(#6935,#6936,#6937),
  .UNSPECIFIED.,.F.,.F.,(3,3),(0.,1.),.PIECEWISE_BEZIER_KNOTS.);
#6935 = CARTESIAN_POINT('',(175.37789341851,-75.57432760845,
    -18.35681956298));
#6936 = CARTESIAN_POINT('',(174.79108786296,-76.13778434046,
    -18.50779733929));
#6937 = CARTESIAN_POINT('',(174.79108786296,-76.9550201958,
    -18.72677502676));
#6938 = ORIENTED_EDGE('',*,*,#6899,.F.);
#6939 = ORIENTED_EDGE('',*,*,#2976,.F.);
#6940 = SURFACE_OF_LINEAR_EXTRUSION('',#6941,#6945);
#6941 = B_SPLINE_CURVE_WITH_KNOTS('',2,(#6942,#6943,#6944),
  .UNSPECIFIED.,.F.,.F.,(3,3),(0.,1.),.PIECEWISE_BEZIER_KNOTS.);
#6942 = CARTESIAN_POINT('',(175.37789341851,-75.31550856335,
    -19.32274538927));
#6943 = CARTESIAN_POINT('',(174.79108786296,-75.87896529535,
    -19.47372316558));
#6944 = CARTESIAN_POINT('',(174.79108786296,-76.6962011507,
    -19.69270085304));
#6945 = VECTOR('',#6946,1.);
#6946 = DIRECTION('',(0.,0.258819045103,-0.965925826289));
#6947 = ADVANCED_FACE('',(#6948),#6959,.T.);
#6948 = FACE_BOUND('',#6949,.T.);
#6949 = EDGE_LOOP('',(#6950,#6951,#6957,#6958));
#6950 = ORIENTED_EDGE('',*,*,#6778,.T.);
#6951 = ORIENTED_EDGE('',*,*,#6952,.T.);
#6952 = EDGE_CURVE('',#6771,#6926,#6953,.T.);
#6953 = B_SPLINE_CURVE_WITH_KNOTS('',2,(#6954,#6955,#6956),
  .UNSPECIFIED.,.F.,.F.,(3,3),(0.,1.),.PIECEWISE_BEZIER_KNOTS.);
#6954 = CARTESIAN_POINT('',(176.81770823333,-75.01059138403,
    -18.2057668969));
#6955 = CARTESIAN_POINT('',(175.96440962222,-75.01059138403,
    -18.2057668969));
#6956 = CARTESIAN_POINT('',(175.37789341851,-75.57432760845,
    -18.35681956298));
#6957 = ORIENTED_EDGE('',*,*,#6925,.F.);
#6958 = ORIENTED_EDGE('',*,*,#2968,.F.);
#6959 = SURFACE_OF_LINEAR_EXTRUSION('',#6960,#6964);
#6960 = B_SPLINE_CURVE_WITH_KNOTS('',2,(#6961,#6962,#6963),
  .UNSPECIFIED.,.F.,.F.,(3,3),(0.,1.),.PIECEWISE_BEZIER_KNOTS.);
#6961 = CARTESIAN_POINT('',(176.81770823333,-74.75177233892,
    -19.17169272319));
#6962 = CARTESIAN_POINT('',(175.96440962222,-74.75177233892,
    -19.17169272319));
#6963 = CARTESIAN_POINT('',(175.37789341851,-75.31550856335,
    -19.32274538927));
#6964 = VECTOR('',#6965,1.);
#6965 = DIRECTION('',(0.,0.258819045103,-0.965925826289));
#6966 = ADVANCED_FACE('',(#6967),#6992,.T.);
#6967 = FACE_BOUND('',#6968,.T.);
#6968 = EDGE_LOOP('',(#6969,#6977,#6985,#6991));
#6969 = ORIENTED_EDGE('',*,*,#6970,.T.);
#6970 = EDGE_CURVE('',#3025,#6971,#6973,.T.);
#6971 = VERTEX_POINT('',#6972);
#6972 = CARTESIAN_POINT('',(170.53790499259,-75.62100284369,
    -18.36932615457));
#6973 = LINE('',#6974,#6975);
#6974 = CARTESIAN_POINT('',(170.53790499259,-75.36218379859,
    -19.33525198086));
#6975 = VECTOR('',#6976,1.);
#6976 = DIRECTION('',(0.,-0.258819045103,0.965925826289));
#6977 = ORIENTED_EDGE('',*,*,#6978,.T.);
#6978 = EDGE_CURVE('',#6971,#6979,#6981,.T.);
#6979 = VERTEX_POINT('',#6980);
#6980 = CARTESIAN_POINT('',(171.31539341851,-75.36834169006,
    -18.30162580249));
#6981 = B_SPLINE_CURVE_WITH_KNOTS('',2,(#6982,#6983,#6984),
  .UNSPECIFIED.,.F.,.F.,(3,3),(0.,1.),.PIECEWISE_BEZIER_KNOTS.);
#6982 = CARTESIAN_POINT('',(170.53790499259,-75.62100284369,
    -18.36932615457));
#6983 = CARTESIAN_POINT('',(170.82667814074,-75.36834169006,
    -18.30162580249));
#6984 = CARTESIAN_POINT('',(171.31539341851,-75.36834169006,
    -18.30162580249));
#6985 = ORIENTED_EDGE('',*,*,#6986,.F.);
#6986 = EDGE_CURVE('',#3027,#6979,#6987,.T.);
#6987 = LINE('',#6988,#6989);
#6988 = CARTESIAN_POINT('',(171.31539341851,-75.10952264496,
    -19.26755162878));
#6989 = VECTOR('',#6990,1.);
#6990 = DIRECTION('',(0.,-0.258819045103,0.965925826289));
#6991 = ORIENTED_EDGE('',*,*,#3024,.F.);
#6992 = SURFACE_OF_LINEAR_EXTRUSION('',#6993,#6997);
#6993 = B_SPLINE_CURVE_WITH_KNOTS('',2,(#6994,#6995,#6996),
  .UNSPECIFIED.,.F.,.F.,(3,3),(0.,1.),.PIECEWISE_BEZIER_KNOTS.);
#6994 = CARTESIAN_POINT('',(170.53790499259,-75.36218379859,
    -19.33525198086));
#6995 = CARTESIAN_POINT('',(170.82667814074,-75.10952264496,
    -19.26755162878));
#6996 = CARTESIAN_POINT('',(171.31539341851,-75.10952264496,
    -19.26755162878));
#6997 = VECTOR('',#6998,1.);
#6998 = DIRECTION('',(0.,0.258819045103,-0.965925826289));
#6999 = ADVANCED_FACE('',(#7000),#7018,.T.);
#7000 = FACE_BOUND('',#7001,.T.);
#7001 = EDGE_LOOP('',(#7002,#7010,#7016,#7017));
#7002 = ORIENTED_EDGE('',*,*,#7003,.T.);
#7003 = EDGE_CURVE('',#3299,#7004,#7006,.T.);
#7004 = VERTEX_POINT('',#7005);
#7005 = CARTESIAN_POINT('',(170.24884249259,-76.24147603072,
    -18.53558144396));
#7006 = LINE('',#7007,#7008);
#7007 = CARTESIAN_POINT('',(170.24884249259,-75.98265698562,
    -19.50150727025));
#7008 = VECTOR('',#7009,1.);
#7009 = DIRECTION('',(0.,-0.258819045103,0.965925826289));
#7010 = ORIENTED_EDGE('',*,*,#7011,.T.);
#7011 = EDGE_CURVE('',#7004,#6971,#7012,.T.);
#7012 = B_SPLINE_CURVE_WITH_KNOTS('',2,(#7013,#7014,#7015),
  .UNSPECIFIED.,.F.,.F.,(3,3),(0.,1.),.PIECEWISE_BEZIER_KNOTS.);
#7013 = CARTESIAN_POINT('',(170.24884249259,-76.24147603072,
    -18.53558144396));
#7014 = CARTESIAN_POINT('',(170.24884249259,-75.8733845049,
    -18.43695161688));
#7015 = CARTESIAN_POINT('',(170.53790499259,-75.62100284369,
    -18.36932615457));
#7016 = ORIENTED_EDGE('',*,*,#6970,.F.);
#7017 = ORIENTED_EDGE('',*,*,#3306,.F.);
#7018 = SURFACE_OF_LINEAR_EXTRUSION('',#7019,#7023);
#7019 = B_SPLINE_CURVE_WITH_KNOTS('',2,(#7020,#7021,#7022),
  .UNSPECIFIED.,.F.,.F.,(3,3),(0.,1.),.PIECEWISE_BEZIER_KNOTS.);
#7020 = CARTESIAN_POINT('',(170.24884249259,-75.98265698562,
    -19.50150727025));
#7021 = CARTESIAN_POINT('',(170.24884249259,-75.6145654598,
    -19.40287744316));
#7022 = CARTESIAN_POINT('',(170.53790499259,-75.36218379859,
    -19.33525198086));
#7023 = VECTOR('',#7024,1.);
#7024 = DIRECTION('',(0.,0.258819045103,-0.965925826289));
#7025 = ADVANCED_FACE('',(#7026),#7044,.T.);
#7026 = FACE_BOUND('',#7027,.T.);
#7027 = EDGE_LOOP('',(#7028,#7036,#7042,#7043));
#7028 = ORIENTED_EDGE('',*,*,#7029,.T.);
#7029 = EDGE_CURVE('',#3291,#7030,#7032,.T.);
#7030 = VERTEX_POINT('',#7031);
#7031 = CARTESIAN_POINT('',(170.24884249259,-78.35555674543,
    -19.1020476642));
#7032 = LINE('',#7033,#7034);
#7033 = CARTESIAN_POINT('',(170.24884249259,-78.09673770033,
    -20.06797349049));
#7034 = VECTOR('',#7035,1.);
#7035 = DIRECTION('',(0.,-0.258819045103,0.965925826289));
#7036 = ORIENTED_EDGE('',*,*,#7037,.T.);
#7037 = EDGE_CURVE('',#7030,#7004,#7038,.T.);
#7038 = LINE('',#7039,#7040);
#7039 = CARTESIAN_POINT('',(170.24884249259,-78.35555674543,
    -19.1020476642));
#7040 = VECTOR('',#7041,1.);
#7041 = DIRECTION('',(0.,0.965925826289,0.258819045103));
#7042 = ORIENTED_EDGE('',*,*,#7003,.F.);
#7043 = ORIENTED_EDGE('',*,*,#3298,.F.);
#7044 = PLANE('',#7045);
#7045 = AXIS2_PLACEMENT_3D('',#7046,#7047,#7048);
#7046 = CARTESIAN_POINT('',(170.24884249259,-78.09673770033,
    -20.06797349049));
#7047 = DIRECTION('',(-1.,-1.2E-16,-3.E-17));
#7048 = DIRECTION('',(-1.236756705078E-16,0.965925826289,0.258819045103)
  );
#7049 = ADVANCED_FACE('',(#7050),#7068,.T.);
#7050 = FACE_BOUND('',#7051,.T.);
#7051 = EDGE_LOOP('',(#7052,#7060,#7066,#7067));
#7052 = ORIENTED_EDGE('',*,*,#7053,.T.);
#7053 = EDGE_CURVE('',#3283,#7054,#7056,.T.);
#7054 = VERTEX_POINT('',#7055);
#7055 = CARTESIAN_POINT('',(170.55121517777,-78.35555674543,
    -19.1020476642));
#7056 = LINE('',#7057,#7058);
#7057 = CARTESIAN_POINT('',(170.55121517777,-78.09673770033,
    -20.06797349049));
#7058 = VECTOR('',#7059,1.);
#7059 = DIRECTION('',(0.,-0.258819045103,0.965925826289));
#7060 = ORIENTED_EDGE('',*,*,#7061,.T.);
#7061 = EDGE_CURVE('',#7054,#7030,#7062,.T.);
#7062 = LINE('',#7063,#7064);
#7063 = CARTESIAN_POINT('',(170.55121517777,-78.35555674543,
    -19.1020476642));
#7064 = VECTOR('',#7065,1.);
#7065 = DIRECTION('',(-1.,0.,0.));
#7066 = ORIENTED_EDGE('',*,*,#7029,.F.);
#7067 = ORIENTED_EDGE('',*,*,#3290,.F.);
#7068 = PLANE('',#7069);
#7069 = AXIS2_PLACEMENT_3D('',#7070,#7071,#7072);
#7070 = CARTESIAN_POINT('',(170.55121517777,-78.09673770033,
    -20.06797349049));
#7071 = DIRECTION('',(1.2E-16,-0.965925826289,-0.258819045103));
#7072 = DIRECTION('',(-1.,-1.164495749276E-16,-2.904866646907E-17));
#7073 = ADVANCED_FACE('',(#7074),#7092,.T.);
#7074 = FACE_BOUND('',#7075,.T.);
#7075 = EDGE_LOOP('',(#7076,#7084,#7090,#7091));
#7076 = ORIENTED_EDGE('',*,*,#7077,.T.);
#7077 = EDGE_CURVE('',#3275,#7078,#7080,.T.);
#7078 = VERTEX_POINT('',#7079);
#7079 = CARTESIAN_POINT('',(170.79108786296,-78.52996001962,
    -19.14877888068));
#7080 = LINE('',#7081,#7082);
#7081 = CARTESIAN_POINT('',(170.79108786296,-78.27114097452,
    -20.11470470697));
#7082 = VECTOR('',#7083,1.);
#7083 = DIRECTION('',(0.,-0.258819045103,0.965925826289));
#7084 = ORIENTED_EDGE('',*,*,#7085,.T.);
#7085 = EDGE_CURVE('',#7078,#7054,#7086,.T.);
#7086 = B_SPLINE_CURVE_WITH_KNOTS('',2,(#7087,#7088,#7089),
  .UNSPECIFIED.,.F.,.F.,(3,3),(0.,1.),.PIECEWISE_BEZIER_KNOTS.);
#7087 = CARTESIAN_POINT('',(170.79108786296,-78.52996001962,
    -19.14877888068));
#7088 = CARTESIAN_POINT('',(170.79108786296,-78.35555674543,
    -19.1020476642));
#7089 = CARTESIAN_POINT('',(170.55121517777,-78.35555674543,
    -19.1020476642));
#7090 = ORIENTED_EDGE('',*,*,#7053,.F.);
#7091 = ORIENTED_EDGE('',*,*,#3282,.F.);
#7092 = SURFACE_OF_LINEAR_EXTRUSION('',#7093,#7097);
#7093 = B_SPLINE_CURVE_WITH_KNOTS('',2,(#7094,#7095,#7096),
  .UNSPECIFIED.,.F.,.F.,(3,3),(0.,1.),.PIECEWISE_BEZIER_KNOTS.);
#7094 = CARTESIAN_POINT('',(170.79108786296,-78.27114097452,
    -20.11470470697));
#7095 = CARTESIAN_POINT('',(170.79108786296,-78.09673770033,
    -20.06797349049));
#7096 = CARTESIAN_POINT('',(170.55121517777,-78.09673770033,
    -20.06797349049));
#7097 = VECTOR('',#7098,1.);
#7098 = DIRECTION('',(0.,0.258819045103,-0.965925826289));
#7099 = ADVANCED_FACE('',(#7100),#7118,.T.);
#7100 = FACE_BOUND('',#7101,.T.);
#7101 = EDGE_LOOP('',(#7102,#7110,#7116,#7117));
#7102 = ORIENTED_EDGE('',*,*,#7103,.T.);
#7103 = EDGE_CURVE('',#3267,#7104,#7106,.T.);
#7104 = VERTEX_POINT('',#7105);
#7105 = CARTESIAN_POINT('',(170.55092582592,-78.71330705147,
    -19.19790656979));
#7106 = LINE('',#7107,#7108);
#7107 = CARTESIAN_POINT('',(170.55092582592,-78.45448800636,
    -20.16383239608));
#7108 = VECTOR('',#7109,1.);
#7109 = DIRECTION('',(0.,-0.258819045103,0.965925826289));
#7110 = ORIENTED_EDGE('',*,*,#7111,.T.);
#7111 = EDGE_CURVE('',#7104,#7078,#7112,.T.);
#7112 = B_SPLINE_CURVE_WITH_KNOTS('',2,(#7113,#7114,#7115),
  .UNSPECIFIED.,.F.,.F.,(3,3),(0.,1.),.PIECEWISE_BEZIER_KNOTS.);
#7113 = CARTESIAN_POINT('',(170.55092582592,-78.71330705147,
    -19.19790656979));
#7114 = CARTESIAN_POINT('',(170.79108786296,-78.71330705147,
    -19.19790656979));
#7115 = CARTESIAN_POINT('',(170.79108786296,-78.52996001962,
    -19.14877888068));
#7116 = ORIENTED_EDGE('',*,*,#7077,.F.);
#7117 = ORIENTED_EDGE('',*,*,#3274,.F.);
#7118 = SURFACE_OF_LINEAR_EXTRUSION('',#7119,#7123);
#7119 = B_SPLINE_CURVE_WITH_KNOTS('',2,(#7120,#7121,#7122),
  .UNSPECIFIED.,.F.,.F.,(3,3),(0.,1.),.PIECEWISE_BEZIER_KNOTS.);
#7120 = CARTESIAN_POINT('',(170.55092582592,-78.45448800636,
    -20.16383239608));
#7121 = CARTESIAN_POINT('',(170.79108786296,-78.45448800636,
    -20.16383239608));
#7122 = CARTESIAN_POINT('',(170.79108786296,-78.27114097452,
    -20.11470470697));
#7123 = VECTOR('',#7124,1.);
#7124 = DIRECTION('',(0.,0.258819045103,-0.965925826289));
#7125 = ADVANCED_FACE('',(#7126),#7144,.T.);
#7126 = FACE_BOUND('',#7127,.T.);
#7127 = EDGE_LOOP('',(#7128,#7136,#7142,#7143));
#7128 = ORIENTED_EDGE('',*,*,#7129,.T.);
#7129 = EDGE_CURVE('',#3259,#7130,#7132,.T.);
#7130 = VERTEX_POINT('',#7131);
#7131 = CARTESIAN_POINT('',(169.58217582592,-78.71330705147,
    -19.19790656979));
#7132 = LINE('',#7133,#7134);
#7133 = CARTESIAN_POINT('',(169.58217582592,-78.45448800636,
    -20.16383239608));
#7134 = VECTOR('',#7135,1.);
#7135 = DIRECTION('',(0.,-0.258819045103,0.965925826289));
#7136 = ORIENTED_EDGE('',*,*,#7137,.T.);
#7137 = EDGE_CURVE('',#7130,#7104,#7138,.T.);
#7138 = LINE('',#7139,#7140);
#7139 = CARTESIAN_POINT('',(169.58217582592,-78.71330705147,
    -19.19790656979));
#7140 = VECTOR('',#7141,1.);
#7141 = DIRECTION('',(1.,0.,0.));
#7142 = ORIENTED_EDGE('',*,*,#7103,.F.);
#7143 = ORIENTED_EDGE('',*,*,#3266,.F.);
#7144 = PLANE('',#7145);
#7145 = AXIS2_PLACEMENT_3D('',#7146,#7147,#7148);
#7146 = CARTESIAN_POINT('',(169.58217582592,-78.45448800636,
    -20.16383239608));
#7147 = DIRECTION('',(-1.2E-16,0.965925826289,0.258819045103));
#7148 = DIRECTION('',(1.,1.164495749276E-16,2.904866646907E-17));
#7149 = ADVANCED_FACE('',(#7150),#7168,.T.);
#7150 = FACE_BOUND('',#7151,.T.);
#7151 = EDGE_LOOP('',(#7152,#7160,#7166,#7167));
#7152 = ORIENTED_EDGE('',*,*,#7153,.T.);
#7153 = EDGE_CURVE('',#3251,#7154,#7156,.T.);
#7154 = VERTEX_POINT('',#7155);
#7155 = CARTESIAN_POINT('',(169.34201378888,-78.52996001962,
    -19.14877888068));
#7156 = LINE('',#7157,#7158);
#7157 = CARTESIAN_POINT('',(169.34201378888,-78.27114097452,
    -20.11470470697));
#7158 = VECTOR('',#7159,1.);
#7159 = DIRECTION('',(0.,-0.258819045103,0.965925826289));
#7160 = ORIENTED_EDGE('',*,*,#7161,.T.);
#7161 = EDGE_CURVE('',#7154,#7130,#7162,.T.);
#7162 = B_SPLINE_CURVE_WITH_KNOTS('',2,(#7163,#7164,#7165),
  .UNSPECIFIED.,.F.,.F.,(3,3),(0.,1.),.PIECEWISE_BEZIER_KNOTS.);
#7163 = CARTESIAN_POINT('',(169.34201378888,-78.52996001962,
    -19.14877888068));
#7164 = CARTESIAN_POINT('',(169.34201378888,-78.71330705147,
    -19.19790656979));
#7165 = CARTESIAN_POINT('',(169.58217582592,-78.71330705147,
    -19.19790656979));
#7166 = ORIENTED_EDGE('',*,*,#7129,.F.);
#7167 = ORIENTED_EDGE('',*,*,#3258,.F.);
#7168 = SURFACE_OF_LINEAR_EXTRUSION('',#7169,#7173);
#7169 = B_SPLINE_CURVE_WITH_KNOTS('',2,(#7170,#7171,#7172),
  .UNSPECIFIED.,.F.,.F.,(3,3),(0.,1.),.PIECEWISE_BEZIER_KNOTS.);
#7170 = CARTESIAN_POINT('',(169.34201378888,-78.27114097452,
    -20.11470470697));
#7171 = CARTESIAN_POINT('',(169.34201378888,-78.45448800636,
    -20.16383239608));
#7172 = CARTESIAN_POINT('',(169.58217582592,-78.45448800636,
    -20.16383239608));
#7173 = VECTOR('',#7174,1.);
#7174 = DIRECTION('',(0.,0.258819045103,-0.965925826289));
#7175 = ADVANCED_FACE('',(#7176),#7194,.T.);
#7176 = FACE_BOUND('',#7177,.T.);
#7177 = EDGE_LOOP('',(#7178,#7186,#7192,#7193));
#7178 = ORIENTED_EDGE('',*,*,#7179,.T.);
#7179 = EDGE_CURVE('',#3243,#7180,#7182,.T.);
#7180 = VERTEX_POINT('',#7181);
#7181 = CARTESIAN_POINT('',(169.58188647407,-78.35555674543,
    -19.1020476642));
#7182 = LINE('',#7183,#7184);
#7183 = CARTESIAN_POINT('',(169.58188647407,-78.09673770033,
    -20.06797349049));
#7184 = VECTOR('',#7185,1.);
#7185 = DIRECTION('',(0.,-0.258819045103,0.965925826289));
#7186 = ORIENTED_EDGE('',*,*,#7187,.T.);
#7187 = EDGE_CURVE('',#7180,#7154,#7188,.T.);
#7188 = B_SPLINE_CURVE_WITH_KNOTS('',2,(#7189,#7190,#7191),
  .UNSPECIFIED.,.F.,.F.,(3,3),(0.,1.),.PIECEWISE_BEZIER_KNOTS.);
#7189 = CARTESIAN_POINT('',(169.58188647407,-78.35555674543,
    -19.1020476642));
#7190 = CARTESIAN_POINT('',(169.34201378888,-78.35555674543,
    -19.1020476642));
#7191 = CARTESIAN_POINT('',(169.34201378888,-78.52996001962,
    -19.14877888068));
#7192 = ORIENTED_EDGE('',*,*,#7153,.F.);
#7193 = ORIENTED_EDGE('',*,*,#3250,.F.);
#7194 = SURFACE_OF_LINEAR_EXTRUSION('',#7195,#7199);
#7195 = B_SPLINE_CURVE_WITH_KNOTS('',2,(#7196,#7197,#7198),
  .UNSPECIFIED.,.F.,.F.,(3,3),(0.,1.),.PIECEWISE_BEZIER_KNOTS.);
#7196 = CARTESIAN_POINT('',(169.58188647407,-78.09673770033,
    -20.06797349049));
#7197 = CARTESIAN_POINT('',(169.34201378888,-78.09673770033,
    -20.06797349049));
#7198 = CARTESIAN_POINT('',(169.34201378888,-78.27114097452,
    -20.11470470697));
#7199 = VECTOR('',#7200,1.);
#7200 = DIRECTION('',(0.,0.258819045103,-0.965925826289));
#7201 = ADVANCED_FACE('',(#7202),#7220,.T.);
#7202 = FACE_BOUND('',#7203,.T.);
#7203 = EDGE_LOOP('',(#7204,#7212,#7218,#7219));
#7204 = ORIENTED_EDGE('',*,*,#7205,.T.);
#7205 = EDGE_CURVE('',#3235,#7206,#7208,.T.);
#7206 = VERTEX_POINT('',#7207);
#7207 = CARTESIAN_POINT('',(169.88425915925,-78.35555674543,
    -19.1020476642));
#7208 = LINE('',#7209,#7210);
#7209 = CARTESIAN_POINT('',(169.88425915925,-78.09673770033,
    -20.06797349049));
#7210 = VECTOR('',#7211,1.);
#7211 = DIRECTION('',(0.,-0.258819045103,0.965925826289));
#7212 = ORIENTED_EDGE('',*,*,#7213,.T.);
#7213 = EDGE_CURVE('',#7206,#7180,#7214,.T.);
#7214 = LINE('',#7215,#7216);
#7215 = CARTESIAN_POINT('',(169.88425915925,-78.35555674543,
    -19.1020476642));
#7216 = VECTOR('',#7217,1.);
#7217 = DIRECTION('',(-1.,0.,0.));
#7218 = ORIENTED_EDGE('',*,*,#7179,.F.);
#7219 = ORIENTED_EDGE('',*,*,#3242,.F.);
#7220 = PLANE('',#7221);
#7221 = AXIS2_PLACEMENT_3D('',#7222,#7223,#7224);
#7222 = CARTESIAN_POINT('',(169.88425915925,-78.09673770033,
    -20.06797349049));
#7223 = DIRECTION('',(1.2E-16,-0.965925826289,-0.258819045103));
#7224 = DIRECTION('',(-1.,-1.164495749276E-16,-2.904866646907E-17));
#7225 = ADVANCED_FACE('',(#7226),#7244,.T.);
#7226 = FACE_BOUND('',#7227,.T.);
#7227 = EDGE_LOOP('',(#7228,#7236,#7242,#7243));
#7228 = ORIENTED_EDGE('',*,*,#7229,.T.);
#7229 = EDGE_CURVE('',#3227,#7230,#7232,.T.);
#7230 = VERTEX_POINT('',#7231);
#7231 = CARTESIAN_POINT('',(169.88425915925,-76.17691328018,
    -18.51828190709));
#7232 = LINE('',#7233,#7234);
#7233 = CARTESIAN_POINT('',(169.88425915925,-75.91809423508,
    -19.48420773338));
#7234 = VECTOR('',#7235,1.);
#7235 = DIRECTION('',(0.,-0.258819045103,0.965925826289));
#7236 = ORIENTED_EDGE('',*,*,#7237,.T.);
#7237 = EDGE_CURVE('',#7230,#7206,#7238,.T.);
#7238 = LINE('',#7239,#7240);
#7239 = CARTESIAN_POINT('',(169.88425915925,-76.17691328018,
    -18.51828190709));
#7240 = VECTOR('',#7241,1.);
#7241 = DIRECTION('',(0.,-0.965925826289,-0.258819045103));
#7242 = ORIENTED_EDGE('',*,*,#7205,.F.);
#7243 = ORIENTED_EDGE('',*,*,#3234,.F.);
#7244 = PLANE('',#7245);
#7245 = AXIS2_PLACEMENT_3D('',#7246,#7247,#7248);
#7246 = CARTESIAN_POINT('',(169.88425915925,-75.91809423508,
    -19.48420773338));
#7247 = DIRECTION('',(1.,1.2E-16,3.E-17));
#7248 = DIRECTION('',(1.236756705078E-16,-0.965925826289,-0.258819045103
    ));
#7249 = ADVANCED_FACE('',(#7250),#7268,.T.);
#7250 = FACE_BOUND('',#7251,.T.);
#7251 = EDGE_LOOP('',(#7252,#7260,#7266,#7267));
#7252 = ORIENTED_EDGE('',*,*,#7253,.T.);
#7253 = EDGE_CURVE('',#3219,#7254,#7256,.T.);
#7254 = VERTEX_POINT('',#7255);
#7255 = CARTESIAN_POINT('',(170.28443277037,-75.34514381865,
    -18.29540995158));
#7256 = LINE('',#7257,#7258);
#7257 = CARTESIAN_POINT('',(170.28443277037,-75.08632477355,
    -19.26133577787));
#7258 = VECTOR('',#7259,1.);
#7259 = DIRECTION('',(0.,-0.258819045103,0.965925826289));
#7260 = ORIENTED_EDGE('',*,*,#7261,.T.);
#7261 = EDGE_CURVE('',#7254,#7230,#7262,.T.);
#7262 = B_SPLINE_CURVE_WITH_KNOTS('',2,(#7263,#7264,#7265),
  .UNSPECIFIED.,.F.,.F.,(3,3),(0.,1.),.PIECEWISE_BEZIER_KNOTS.);
#7263 = CARTESIAN_POINT('',(170.28443277037,-75.34514381865,
    -18.29540995158));
#7264 = CARTESIAN_POINT('',(169.88425915925,-75.67969625328,
    -18.38505300627));
#7265 = CARTESIAN_POINT('',(169.88425915925,-76.17691328018,
    -18.51828190709));
#7266 = ORIENTED_EDGE('',*,*,#7229,.F.);
#7267 = ORIENTED_EDGE('',*,*,#3226,.F.);
#7268 = SURFACE_OF_LINEAR_EXTRUSION('',#7269,#7273);
#7269 = B_SPLINE_CURVE_WITH_KNOTS('',2,(#7270,#7271,#7272),
  .UNSPECIFIED.,.F.,.F.,(3,3),(0.,1.),.PIECEWISE_BEZIER_KNOTS.);
#7270 = CARTESIAN_POINT('',(170.28443277037,-75.08632477355,
    -19.26133577787));
#7271 = CARTESIAN_POINT('',(169.88425915925,-75.42087720818,
    -19.35097883256));
#7272 = CARTESIAN_POINT('',(169.88425915925,-75.91809423508,
    -19.48420773338));
#7273 = VECTOR('',#7274,1.);
#7274 = DIRECTION('',(0.,0.258819045103,-0.965925826289));
#7275 = ADVANCED_FACE('',(#7276),#7294,.T.);
#7276 = FACE_BOUND('',#7277,.T.);
#7277 = EDGE_LOOP('',(#7278,#7286,#7292,#7293));
#7278 = ORIENTED_EDGE('',*,*,#7279,.T.);
#7279 = EDGE_CURVE('',#3211,#7280,#7282,.T.);
#7280 = VERTEX_POINT('',#7281);
#7281 = CARTESIAN_POINT('',(171.27980314074,-75.01059138403,
    -18.2057668969));
#7282 = LINE('',#7283,#7284);
#7283 = CARTESIAN_POINT('',(171.27980314074,-74.75177233892,
    -19.17169272319));
#7284 = VECTOR('',#7285,1.);
#7285 = DIRECTION('',(0.,-0.258819045103,0.965925826289));
#7286 = ORIENTED_EDGE('',*,*,#7287,.T.);
#7287 = EDGE_CURVE('',#7280,#7254,#7288,.T.);
#7288 = B_SPLINE_CURVE_WITH_KNOTS('',2,(#7289,#7290,#7291),
  .UNSPECIFIED.,.F.,.F.,(3,3),(0.,1.),.PIECEWISE_BEZIER_KNOTS.);
#7289 = CARTESIAN_POINT('',(171.27980314074,-75.01059138403,
    -18.2057668969));
#7290 = CARTESIAN_POINT('',(170.68431702963,-75.01059138403,
    -18.2057668969));
#7291 = CARTESIAN_POINT('',(170.28443277037,-75.34514381865,
    -18.29540995158));
#7292 = ORIENTED_EDGE('',*,*,#7253,.F.);
#7293 = ORIENTED_EDGE('',*,*,#3218,.F.);
#7294 = SURFACE_OF_LINEAR_EXTRUSION('',#7295,#7299);
#7295 = B_SPLINE_CURVE_WITH_KNOTS('',2,(#7296,#7297,#7298),
  .UNSPECIFIED.,.F.,.F.,(3,3),(0.,1.),.PIECEWISE_BEZIER_KNOTS.);
#7296 = CARTESIAN_POINT('',(171.27980314074,-74.75177233892,
    -19.17169272319));
#7297 = CARTESIAN_POINT('',(170.68431702963,-74.75177233892,
    -19.17169272319));
#7298 = CARTESIAN_POINT('',(170.28443277037,-75.08632477355,
    -19.26133577787));
#7299 = VECTOR('',#7300,1.);
#7300 = DIRECTION('',(0.,0.258819045103,-0.965925826289));
#7301 = ADVANCED_FACE('',(#7302),#7320,.T.);
#7302 = FACE_BOUND('',#7303,.T.);
#7303 = EDGE_LOOP('',(#7304,#7312,#7318,#7319));
#7304 = ORIENTED_EDGE('',*,*,#7305,.T.);
#7305 = EDGE_CURVE('',#3203,#7306,#7308,.T.);
#7306 = VERTEX_POINT('',#7307);
#7307 = CARTESIAN_POINT('',(171.99102999259,-75.16291475652,
    -18.24658182155));
#7308 = LINE('',#7309,#7310);
#7309 = CARTESIAN_POINT('',(171.99102999259,-74.90409571141,
    -19.21250764784));
#7310 = VECTOR('',#7311,1.);
#7311 = DIRECTION('',(0.,-0.258819045103,0.965925826289));
#7312 = ORIENTED_EDGE('',*,*,#7313,.T.);
#7313 = EDGE_CURVE('',#7306,#7280,#7314,.T.);
#7314 = B_SPLINE_CURVE_WITH_KNOTS('',2,(#7315,#7316,#7317),
  .UNSPECIFIED.,.F.,.F.,(3,3),(0.,1.),.PIECEWISE_BEZIER_KNOTS.);
#7315 = CARTESIAN_POINT('',(171.99102999259,-75.16291475652,
    -18.24658182155));
#7316 = CARTESIAN_POINT('',(171.69762721481,-75.01059138403,
    -18.2057668969));
#7317 = CARTESIAN_POINT('',(171.27980314074,-75.01059138403,
    -18.2057668969));
#7318 = ORIENTED_EDGE('',*,*,#7279,.F.);
#7319 = ORIENTED_EDGE('',*,*,#3210,.F.);
#7320 = SURFACE_OF_LINEAR_EXTRUSION('',#7321,#7325);
#7321 = B_SPLINE_CURVE_WITH_KNOTS('',2,(#7322,#7323,#7324),
  .UNSPECIFIED.,.F.,.F.,(3,3),(0.,1.),.PIECEWISE_BEZIER_KNOTS.);
#7322 = CARTESIAN_POINT('',(171.99102999259,-74.90409571141,
    -19.21250764784));
#7323 = CARTESIAN_POINT('',(171.69762721481,-74.75177233892,
    -19.17169272319));
#7324 = CARTESIAN_POINT('',(171.27980314074,-74.75177233892,
    -19.17169272319));
#7325 = VECTOR('',#7326,1.);
#7326 = DIRECTION('',(0.,0.258819045103,-0.965925826289));
#7327 = ADVANCED_FACE('',(#7328),#7346,.T.);
#7328 = FACE_BOUND('',#7329,.T.);
#7329 = EDGE_LOOP('',(#7330,#7338,#7344,#7345));
#7330 = ORIENTED_EDGE('',*,*,#7331,.T.);
#7331 = EDGE_CURVE('',#3195,#7332,#7334,.T.);
#7332 = VERTEX_POINT('',#7333);
#7333 = CARTESIAN_POINT('',(172.66666656666,-75.73279981433,
    -18.39928206257));
#7334 = LINE('',#7335,#7336);
#7335 = CARTESIAN_POINT('',(172.66666656666,-75.47398076923,
    -19.36520788886));
#7336 = VECTOR('',#7337,1.);
#7337 = DIRECTION('',(0.,-0.258819045103,0.965925826289));
#7338 = ORIENTED_EDGE('',*,*,#7339,.T.);
#7339 = EDGE_CURVE('',#7332,#7306,#7340,.T.);
#7340 = B_SPLINE_CURVE_WITH_KNOTS('',2,(#7341,#7342,#7343),
  .UNSPECIFIED.,.F.,.F.,(3,3),(0.,1.),.PIECEWISE_BEZIER_KNOTS.);
#7341 = CARTESIAN_POINT('',(172.66666656666,-75.73279981433,
    -18.39928206257));
#7342 = CARTESIAN_POINT('',(172.28443277037,-75.31523812901,
    -18.2873967462));
#7343 = CARTESIAN_POINT('',(171.99102999259,-75.16291475652,
    -18.24658182155));
#7344 = ORIENTED_EDGE('',*,*,#7305,.F.);
#7345 = ORIENTED_EDGE('',*,*,#3202,.F.);
#7346 = SURFACE_OF_LINEAR_EXTRUSION('',#7347,#7351);
#7347 = B_SPLINE_CURVE_WITH_KNOTS('',2,(#7348,#7349,#7350),
  .UNSPECIFIED.,.F.,.F.,(3,3),(0.,1.),.PIECEWISE_BEZIER_KNOTS.);
#7348 = CARTESIAN_POINT('',(172.66666656666,-75.47398076923,
    -19.36520788886));
#7349 = CARTESIAN_POINT('',(172.28443277037,-75.0564190839,
    -19.25332257248));
#7350 = CARTESIAN_POINT('',(171.99102999259,-74.90409571141,
    -19.21250764784));
#7351 = VECTOR('',#7352,1.);
#7352 = DIRECTION('',(0.,0.258819045103,-0.965925826289));
#7353 = ADVANCED_FACE('',(#7354),#7372,.T.);
#7354 = FACE_BOUND('',#7355,.T.);
#7355 = EDGE_LOOP('',(#7356,#7364,#7370,#7371));
#7356 = ORIENTED_EDGE('',*,*,#7357,.T.);
#7357 = EDGE_CURVE('',#3187,#7358,#7360,.T.);
#7358 = VERTEX_POINT('',#7359);
#7359 = CARTESIAN_POINT('',(172.66666656666,-75.13580399114,
    -18.23931751386));
#7360 = LINE('',#7361,#7362);
#7361 = CARTESIAN_POINT('',(172.66666656666,-74.87698494603,
    -19.20524334015));
#7362 = VECTOR('',#7363,1.);
#7363 = DIRECTION('',(0.,-0.258819045103,0.965925826289));
#7364 = ORIENTED_EDGE('',*,*,#7365,.T.);
#7365 = EDGE_CURVE('',#7358,#7332,#7366,.T.);
#7366 = LINE('',#7367,#7368);
#7367 = CARTESIAN_POINT('',(172.66666656666,-75.13580399114,
    -18.23931751386));
#7368 = VECTOR('',#7369,1.);
#7369 = DIRECTION('',(0.,-0.965925826289,-0.258819045103));
#7370 = ORIENTED_EDGE('',*,*,#7331,.F.);
#7371 = ORIENTED_EDGE('',*,*,#3194,.F.);
#7372 = PLANE('',#7373);
#7373 = AXIS2_PLACEMENT_3D('',#7374,#7375,#7376);
#7374 = CARTESIAN_POINT('',(172.66666656666,-74.87698494603,
    -19.20524334015));
#7375 = DIRECTION('',(1.,1.2E-16,3.E-17));
#7376 = DIRECTION('',(1.236756705078E-16,-0.965925826289,-0.258819045103
    ));
#7377 = ADVANCED_FACE('',(#7378),#7396,.T.);
#7378 = FACE_BOUND('',#7379,.T.);
#7379 = EDGE_LOOP('',(#7380,#7388,#7394,#7395));
#7380 = ORIENTED_EDGE('',*,*,#7381,.T.);
#7381 = EDGE_CURVE('',#3179,#7382,#7384,.T.);
#7382 = VERTEX_POINT('',#7383);
#7383 = CARTESIAN_POINT('',(173.33333323333,-75.13580399114,
    -18.23931751386));
#7384 = LINE('',#7385,#7386);
#7385 = CARTESIAN_POINT('',(173.33333323333,-74.87698494603,
    -19.20524334015));
#7386 = VECTOR('',#7387,1.);
#7387 = DIRECTION('',(0.,-0.258819045103,0.965925826289));
#7388 = ORIENTED_EDGE('',*,*,#7389,.T.);
#7389 = EDGE_CURVE('',#7382,#7358,#7390,.T.);
#7390 = LINE('',#7391,#7392);
#7391 = CARTESIAN_POINT('',(173.33333323333,-75.13580399114,
    -18.23931751386));
#7392 = VECTOR('',#7393,1.);
#7393 = DIRECTION('',(-1.,0.,0.));
#7394 = ORIENTED_EDGE('',*,*,#7357,.F.);
#7395 = ORIENTED_EDGE('',*,*,#3186,.F.);
#7396 = PLANE('',#7397);
#7397 = AXIS2_PLACEMENT_3D('',#7398,#7399,#7400);
#7398 = CARTESIAN_POINT('',(173.33333323333,-74.87698494603,
    -19.20524334015));
#7399 = DIRECTION('',(1.2E-16,-0.965925826289,-0.258819045103));
#7400 = DIRECTION('',(-1.,-1.164495749276E-16,-2.904866646907E-17));
#7401 = ADVANCED_FACE('',(#7402),#7420,.T.);
#7402 = FACE_BOUND('',#7403,.T.);
#7403 = EDGE_LOOP('',(#7404,#7412,#7418,#7419));
#7404 = ORIENTED_EDGE('',*,*,#7405,.T.);
#7405 = EDGE_CURVE('',#3171,#7406,#7408,.T.);
#7406 = VERTEX_POINT('',#7407);
#7407 = CARTESIAN_POINT('',(173.57320591851,-75.30797132592,
    -18.28544961218));
#7408 = LINE('',#7409,#7410);
#7409 = CARTESIAN_POINT('',(173.57320591851,-75.04915228081,
    -19.25137543846));
#7410 = VECTOR('',#7411,1.);
#7411 = DIRECTION('',(0.,-0.258819045103,0.965925826289));
#7412 = ORIENTED_EDGE('',*,*,#7413,.T.);
#7413 = EDGE_CURVE('',#7406,#7382,#7414,.T.);
#7414 = B_SPLINE_CURVE_WITH_KNOTS('',2,(#7415,#7416,#7417),
  .UNSPECIFIED.,.F.,.F.,(3,3),(0.,1.),.PIECEWISE_BEZIER_KNOTS.);
#7415 = CARTESIAN_POINT('',(173.57320591851,-75.30797132592,
    -18.28544961218));
#7416 = CARTESIAN_POINT('',(173.57320591851,-75.13580399114,
    -18.23931751386));
#7417 = CARTESIAN_POINT('',(173.33333323333,-75.13580399114,
    -18.23931751386));
#7418 = ORIENTED_EDGE('',*,*,#7381,.F.);
#7419 = ORIENTED_EDGE('',*,*,#3178,.F.);
#7420 = SURFACE_OF_LINEAR_EXTRUSION('',#7421,#7425);
#7421 = B_SPLINE_CURVE_WITH_KNOTS('',2,(#7422,#7423,#7424),
  .UNSPECIFIED.,.F.,.F.,(3,3),(0.,1.),.PIECEWISE_BEZIER_KNOTS.);
#7422 = CARTESIAN_POINT('',(173.57320591851,-75.04915228081,
    -19.25137543846));
#7423 = CARTESIAN_POINT('',(173.57320591851,-74.87698494603,
    -19.20524334015));
#7424 = CARTESIAN_POINT('',(173.33333323333,-74.87698494603,
    -19.20524334015));
#7425 = VECTOR('',#7426,1.);
#7426 = DIRECTION('',(0.,0.258819045103,-0.965925826289));
#7427 = ADVANCED_FACE('',(#7428),#7446,.T.);
#7428 = FACE_BOUND('',#7429,.T.);
#7429 = EDGE_LOOP('',(#7430,#7438,#7444,#7445));
#7430 = ORIENTED_EDGE('',*,*,#7431,.T.);
#7431 = EDGE_CURVE('',#3163,#7432,#7434,.T.);
#7432 = VERTEX_POINT('',#7433);
#7433 = CARTESIAN_POINT('',(173.33333323333,-75.49355429717,
    -18.33517641945));
#7434 = LINE('',#7435,#7436);
#7435 = CARTESIAN_POINT('',(173.33333323333,-75.23473525207,
    -19.30110224574));
#7436 = VECTOR('',#7437,1.);
#7437 = DIRECTION('',(0.,-0.258819045103,0.965925826289));
#7438 = ORIENTED_EDGE('',*,*,#7439,.T.);
#7439 = EDGE_CURVE('',#7432,#7406,#7440,.T.);
#7440 = B_SPLINE_CURVE_WITH_KNOTS('',2,(#7441,#7442,#7443),
  .UNSPECIFIED.,.F.,.F.,(3,3),(0.,1.),.PIECEWISE_BEZIER_KNOTS.);
#7441 = CARTESIAN_POINT('',(173.33333323333,-75.49355429717,
    -18.33517641945));
#7442 = CARTESIAN_POINT('',(173.57320591851,-75.49355429717,
    -18.33517641945));
#7443 = CARTESIAN_POINT('',(173.57320591851,-75.30797132592,
    -18.28544961218));
#7444 = ORIENTED_EDGE('',*,*,#7405,.F.);
#7445 = ORIENTED_EDGE('',*,*,#3170,.F.);
#7446 = SURFACE_OF_LINEAR_EXTRUSION('',#7447,#7451);
#7447 = B_SPLINE_CURVE_WITH_KNOTS('',2,(#7448,#7449,#7450),
  .UNSPECIFIED.,.F.,.F.,(3,3),(0.,1.),.PIECEWISE_BEZIER_KNOTS.);
#7448 = CARTESIAN_POINT('',(173.33333323333,-75.23473525207,
    -19.30110224574));
#7449 = CARTESIAN_POINT('',(173.57320591851,-75.23473525207,
    -19.30110224574));
#7450 = CARTESIAN_POINT('',(173.57320591851,-75.04915228081,
    -19.25137543846));
#7451 = VECTOR('',#7452,1.);
#7452 = DIRECTION('',(0.,0.258819045103,-0.965925826289));
#7453 = ADVANCED_FACE('',(#7454),#7472,.T.);
#7454 = FACE_BOUND('',#7455,.T.);
#7455 = EDGE_LOOP('',(#7456,#7464,#7470,#7471));
#7456 = ORIENTED_EDGE('',*,*,#7457,.T.);
#7457 = EDGE_CURVE('',#3155,#7458,#7460,.T.);
#7458 = VERTEX_POINT('',#7459);
#7459 = CARTESIAN_POINT('',(173.03096054814,-75.49355429717,
    -18.33517641945));
#7460 = LINE('',#7461,#7462);
#7461 = CARTESIAN_POINT('',(173.03096054814,-75.23473525207,
    -19.30110224574));
#7462 = VECTOR('',#7463,1.);
#7463 = DIRECTION('',(0.,-0.258819045103,0.965925826289));
#7464 = ORIENTED_EDGE('',*,*,#7465,.T.);
#7465 = EDGE_CURVE('',#7458,#7432,#7466,.T.);
#7466 = LINE('',#7467,#7468);
#7467 = CARTESIAN_POINT('',(173.03096054814,-75.49355429717,
    -18.33517641945));
#7468 = VECTOR('',#7469,1.);
#7469 = DIRECTION('',(1.,0.,0.));
#7470 = ORIENTED_EDGE('',*,*,#7431,.F.);
#7471 = ORIENTED_EDGE('',*,*,#3162,.F.);
#7472 = PLANE('',#7473);
#7473 = AXIS2_PLACEMENT_3D('',#7474,#7475,#7476);
#7474 = CARTESIAN_POINT('',(173.03096054814,-75.23473525207,
    -19.30110224574));
#7475 = DIRECTION('',(-1.2E-16,0.965925826289,0.258819045103));
#7476 = DIRECTION('',(1.,1.164495749276E-16,2.904866646907E-17));
#7477 = ADVANCED_FACE('',(#7478),#7496,.T.);
#7478 = FACE_BOUND('',#7479,.T.);
#7479 = EDGE_LOOP('',(#7480,#7488,#7494,#7495));
#7480 = ORIENTED_EDGE('',*,*,#7481,.T.);
#7481 = EDGE_CURVE('',#3147,#7482,#7484,.T.);
#7482 = VERTEX_POINT('',#7483);
#7483 = CARTESIAN_POINT('',(173.03096054814,-78.35555674543,
    -19.1020476642));
#7484 = LINE('',#7485,#7486);
#7485 = CARTESIAN_POINT('',(173.03096054814,-78.09673770033,
    -20.06797349049));
#7486 = VECTOR('',#7487,1.);
#7487 = DIRECTION('',(0.,-0.258819045103,0.965925826289));
#7488 = ORIENTED_EDGE('',*,*,#7489,.T.);
#7489 = EDGE_CURVE('',#7482,#7458,#7490,.T.);
#7490 = LINE('',#7491,#7492);
#7491 = CARTESIAN_POINT('',(173.03096054814,-78.35555674543,
    -19.1020476642));
#7492 = VECTOR('',#7493,1.);
#7493 = DIRECTION('',(0.,0.965925826289,0.258819045103));
#7494 = ORIENTED_EDGE('',*,*,#7457,.F.);
#7495 = ORIENTED_EDGE('',*,*,#3154,.F.);
#7496 = PLANE('',#7497);
#7497 = AXIS2_PLACEMENT_3D('',#7498,#7499,#7500);
#7498 = CARTESIAN_POINT('',(173.03096054814,-78.09673770033,
    -20.06797349049));
#7499 = DIRECTION('',(-1.,-1.2E-16,-3.E-17));
#7500 = DIRECTION('',(-1.236756705078E-16,0.965925826289,0.258819045103)
  );
#7501 = ADVANCED_FACE('',(#7502),#7520,.T.);
#7502 = FACE_BOUND('',#7503,.T.);
#7503 = EDGE_LOOP('',(#7504,#7512,#7518,#7519));
#7504 = ORIENTED_EDGE('',*,*,#7505,.T.);
#7505 = EDGE_CURVE('',#3139,#7506,#7508,.T.);
#7506 = VERTEX_POINT('',#7507);
#7507 = CARTESIAN_POINT('',(173.43113415925,-78.35555674543,
    -19.1020476642));
#7508 = LINE('',#7509,#7510);
#7509 = CARTESIAN_POINT('',(173.43113415925,-78.09673770033,
    -20.06797349049));
#7510 = VECTOR('',#7511,1.);
#7511 = DIRECTION('',(0.,-0.258819045103,0.965925826289));
#7512 = ORIENTED_EDGE('',*,*,#7513,.T.);
#7513 = EDGE_CURVE('',#7506,#7482,#7514,.T.);
#7514 = LINE('',#7515,#7516);
#7515 = CARTESIAN_POINT('',(173.43113415925,-78.35555674543,
    -19.1020476642));
#7516 = VECTOR('',#7517,1.);
#7517 = DIRECTION('',(-1.,0.,0.));
#7518 = ORIENTED_EDGE('',*,*,#7481,.F.);
#7519 = ORIENTED_EDGE('',*,*,#3146,.F.);
#7520 = PLANE('',#7521);
#7521 = AXIS2_PLACEMENT_3D('',#7522,#7523,#7524);
#7522 = CARTESIAN_POINT('',(173.43113415925,-78.09673770033,
    -20.06797349049));
#7523 = DIRECTION('',(1.2E-16,-0.965925826289,-0.258819045103));
#7524 = DIRECTION('',(-1.,-1.164495749276E-16,-2.904866646907E-17));
#7525 = ADVANCED_FACE('',(#7526),#7544,.T.);
#7526 = FACE_BOUND('',#7527,.T.);
#7527 = EDGE_LOOP('',(#7528,#7536,#7542,#7543));
#7528 = ORIENTED_EDGE('',*,*,#7529,.T.);
#7529 = EDGE_CURVE('',#3131,#7530,#7532,.T.);
#7530 = VERTEX_POINT('',#7531);
#7531 = CARTESIAN_POINT('',(173.67997675185,-78.52996001962,
    -19.14877888068));
#7532 = LINE('',#7533,#7534);
#7533 = CARTESIAN_POINT('',(173.67997675185,-78.27114097452,
    -20.11470470697));
#7534 = VECTOR('',#7535,1.);
#7535 = DIRECTION('',(0.,-0.258819045103,0.965925826289));
#7536 = ORIENTED_EDGE('',*,*,#7537,.T.);
#7537 = EDGE_CURVE('',#7530,#7506,#7538,.T.);
#7538 = B_SPLINE_CURVE_WITH_KNOTS('',2,(#7539,#7540,#7541),
  .UNSPECIFIED.,.F.,.F.,(3,3),(0.,1.),.PIECEWISE_BEZIER_KNOTS.);
#7539 = CARTESIAN_POINT('',(173.67997675185,-78.52996001962,
    -19.14877888068));
#7540 = CARTESIAN_POINT('',(173.67997675185,-78.35555674543,
    -19.1020476642));
#7541 = CARTESIAN_POINT('',(173.43113415925,-78.35555674543,
    -19.1020476642));
#7542 = ORIENTED_EDGE('',*,*,#7505,.F.);
#7543 = ORIENTED_EDGE('',*,*,#3138,.F.);
#7544 = SURFACE_OF_LINEAR_EXTRUSION('',#7545,#7549);
#7545 = B_SPLINE_CURVE_WITH_KNOTS('',2,(#7546,#7547,#7548),
  .UNSPECIFIED.,.F.,.F.,(3,3),(0.,1.),.PIECEWISE_BEZIER_KNOTS.);
#7546 = CARTESIAN_POINT('',(173.67997675185,-78.27114097452,
    -20.11470470697));
#7547 = CARTESIAN_POINT('',(173.67997675185,-78.09673770033,
    -20.06797349049));
#7548 = CARTESIAN_POINT('',(173.43113415925,-78.09673770033,
    -20.06797349049));
#7549 = VECTOR('',#7550,1.);
#7550 = DIRECTION('',(0.,0.258819045103,-0.965925826289));
#7551 = ADVANCED_FACE('',(#7552),#7570,.T.);
#7552 = FACE_BOUND('',#7553,.T.);
#7553 = EDGE_LOOP('',(#7554,#7562,#7568,#7569));
#7554 = ORIENTED_EDGE('',*,*,#7555,.T.);
#7555 = EDGE_CURVE('',#3123,#7556,#7558,.T.);
#7556 = VERTEX_POINT('',#7557);
#7557 = CARTESIAN_POINT('',(173.43113415925,-78.71330705147,
    -19.19790656979));
#7558 = LINE('',#7559,#7560);
#7559 = CARTESIAN_POINT('',(173.43113415925,-78.45448800636,
    -20.16383239608));
#7560 = VECTOR('',#7561,1.);
#7561 = DIRECTION('',(0.,-0.258819045103,0.965925826289));
#7562 = ORIENTED_EDGE('',*,*,#7563,.T.);
#7563 = EDGE_CURVE('',#7556,#7530,#7564,.T.);
#7564 = B_SPLINE_CURVE_WITH_KNOTS('',2,(#7565,#7566,#7567),
  .UNSPECIFIED.,.F.,.F.,(3,3),(0.,1.),.PIECEWISE_BEZIER_KNOTS.);
#7565 = CARTESIAN_POINT('',(173.43113415925,-78.71330705147,
    -19.19790656979));
#7566 = CARTESIAN_POINT('',(173.67997675185,-78.71330705147,
    -19.19790656979));
#7567 = CARTESIAN_POINT('',(173.67997675185,-78.52996001962,
    -19.14877888068));
#7568 = ORIENTED_EDGE('',*,*,#7529,.F.);
#7569 = ORIENTED_EDGE('',*,*,#3130,.F.);
#7570 = SURFACE_OF_LINEAR_EXTRUSION('',#7571,#7575);
#7571 = B_SPLINE_CURVE_WITH_KNOTS('',2,(#7572,#7573,#7574),
  .UNSPECIFIED.,.F.,.F.,(3,3),(0.,1.),.PIECEWISE_BEZIER_KNOTS.);
#7572 = CARTESIAN_POINT('',(173.43113415925,-78.45448800636,
    -20.16383239608));
#7573 = CARTESIAN_POINT('',(173.67997675185,-78.45448800636,
    -20.16383239608));
#7574 = CARTESIAN_POINT('',(173.67997675185,-78.27114097452,
    -20.11470470697));
#7575 = VECTOR('',#7576,1.);
#7576 = DIRECTION('',(0.,0.258819045103,-0.965925826289));
#7577 = ADVANCED_FACE('',(#7578),#7596,.T.);
#7578 = FACE_BOUND('',#7579,.T.);
#7579 = EDGE_LOOP('',(#7580,#7588,#7594,#7595));
#7580 = ORIENTED_EDGE('',*,*,#7581,.T.);
#7581 = EDGE_CURVE('',#3115,#7582,#7584,.T.);
#7582 = VERTEX_POINT('',#7583);
#7583 = CARTESIAN_POINT('',(172.26649295555,-78.71330705147,
    -19.19790656979));
#7584 = LINE('',#7585,#7586);
#7585 = CARTESIAN_POINT('',(172.26649295555,-78.45448800636,
    -20.16383239608));
#7586 = VECTOR('',#7587,1.);
#7587 = DIRECTION('',(0.,-0.258819045103,0.965925826289));
#7588 = ORIENTED_EDGE('',*,*,#7589,.T.);
#7589 = EDGE_CURVE('',#7582,#7556,#7590,.T.);
#7590 = LINE('',#7591,#7592);
#7591 = CARTESIAN_POINT('',(172.26649295555,-78.71330705147,
    -19.19790656979));
#7592 = VECTOR('',#7593,1.);
#7593 = DIRECTION('',(1.,0.,0.));
#7594 = ORIENTED_EDGE('',*,*,#7555,.F.);
#7595 = ORIENTED_EDGE('',*,*,#3122,.F.);
#7596 = PLANE('',#7597);
#7597 = AXIS2_PLACEMENT_3D('',#7598,#7599,#7600);
#7598 = CARTESIAN_POINT('',(172.26649295555,-78.45448800636,
    -20.16383239608));
#7599 = DIRECTION('',(-1.2E-16,0.965925826289,0.258819045103));
#7600 = DIRECTION('',(1.,1.164495749276E-16,2.904866646907E-17));
#7601 = ADVANCED_FACE('',(#7602),#7620,.T.);
#7602 = FACE_BOUND('',#7603,.T.);
#7603 = EDGE_LOOP('',(#7604,#7612,#7618,#7619));
#7604 = ORIENTED_EDGE('',*,*,#7605,.T.);
#7605 = EDGE_CURVE('',#3107,#7606,#7608,.T.);
#7606 = VERTEX_POINT('',#7607);
#7607 = CARTESIAN_POINT('',(172.02662027037,-78.52996001962,
    -19.14877888068));
#7608 = LINE('',#7609,#7610);
#7609 = CARTESIAN_POINT('',(172.02662027037,-78.27114097452,
    -20.11470470697));
#7610 = VECTOR('',#7611,1.);
#7611 = DIRECTION('',(0.,-0.258819045103,0.965925826289));
#7612 = ORIENTED_EDGE('',*,*,#7613,.T.);
#7613 = EDGE_CURVE('',#7606,#7582,#7614,.T.);
#7614 = B_SPLINE_CURVE_WITH_KNOTS('',2,(#7615,#7616,#7617),
  .UNSPECIFIED.,.F.,.F.,(3,3),(0.,1.),.PIECEWISE_BEZIER_KNOTS.);
#7615 = CARTESIAN_POINT('',(172.02662027037,-78.52996001962,
    -19.14877888068));
#7616 = CARTESIAN_POINT('',(172.02662027037,-78.71330705147,
    -19.19790656979));
#7617 = CARTESIAN_POINT('',(172.26649295555,-78.71330705147,
    -19.19790656979));
#7618 = ORIENTED_EDGE('',*,*,#7581,.F.);
#7619 = ORIENTED_EDGE('',*,*,#3114,.F.);
#7620 = SURFACE_OF_LINEAR_EXTRUSION('',#7621,#7625);
#7621 = B_SPLINE_CURVE_WITH_KNOTS('',2,(#7622,#7623,#7624),
  .UNSPECIFIED.,.F.,.F.,(3,3),(0.,1.),.PIECEWISE_BEZIER_KNOTS.);
#7622 = CARTESIAN_POINT('',(172.02662027037,-78.27114097452,
    -20.11470470697));
#7623 = CARTESIAN_POINT('',(172.02662027037,-78.45448800636,
    -20.16383239608));
#7624 = CARTESIAN_POINT('',(172.26649295555,-78.45448800636,
    -20.16383239608));
#7625 = VECTOR('',#7626,1.);
#7626 = DIRECTION('',(0.,0.258819045103,-0.965925826289));
#7627 = ADVANCED_FACE('',(#7628),#7646,.T.);
#7628 = FACE_BOUND('',#7629,.T.);
#7629 = EDGE_LOOP('',(#7630,#7638,#7644,#7645));
#7630 = ORIENTED_EDGE('',*,*,#7631,.T.);
#7631 = EDGE_CURVE('',#3099,#7632,#7634,.T.);
#7632 = VERTEX_POINT('',#7633);
#7633 = CARTESIAN_POINT('',(172.26649295555,-78.35555674543,
    -19.1020476642));
#7634 = LINE('',#7635,#7636);
#7635 = CARTESIAN_POINT('',(172.26649295555,-78.09673770033,
    -20.06797349049));
#7636 = VECTOR('',#7637,1.);
#7637 = DIRECTION('',(0.,-0.258819045103,0.965925826289));
#7638 = ORIENTED_EDGE('',*,*,#7639,.T.);
#7639 = EDGE_CURVE('',#7632,#7606,#7640,.T.);
#7640 = B_SPLINE_CURVE_WITH_KNOTS('',2,(#7641,#7642,#7643),
  .UNSPECIFIED.,.F.,.F.,(3,3),(0.,1.),.PIECEWISE_BEZIER_KNOTS.);
#7641 = CARTESIAN_POINT('',(172.26649295555,-78.35555674543,
    -19.1020476642));
#7642 = CARTESIAN_POINT('',(172.02662027037,-78.35555674543,
    -19.1020476642));
#7643 = CARTESIAN_POINT('',(172.02662027037,-78.52996001962,
    -19.14877888068));
#7644 = ORIENTED_EDGE('',*,*,#7605,.F.);
#7645 = ORIENTED_EDGE('',*,*,#3106,.F.);
#7646 = SURFACE_OF_LINEAR_EXTRUSION('',#7647,#7651);
#7647 = B_SPLINE_CURVE_WITH_KNOTS('',2,(#7648,#7649,#7650),
  .UNSPECIFIED.,.F.,.F.,(3,3),(0.,1.),.PIECEWISE_BEZIER_KNOTS.);
#7648 = CARTESIAN_POINT('',(172.26649295555,-78.09673770033,
    -20.06797349049));
#7649 = CARTESIAN_POINT('',(172.02662027037,-78.09673770033,
    -20.06797349049));
#7650 = CARTESIAN_POINT('',(172.02662027037,-78.27114097452,
    -20.11470470697));
#7651 = VECTOR('',#7652,1.);
#7652 = DIRECTION('',(0.,0.258819045103,-0.965925826289));
#7653 = ADVANCED_FACE('',(#7654),#7672,.T.);
#7654 = FACE_BOUND('',#7655,.T.);
#7655 = EDGE_LOOP('',(#7656,#7664,#7670,#7671));
#7656 = ORIENTED_EDGE('',*,*,#7657,.T.);
#7657 = EDGE_CURVE('',#3091,#7658,#7660,.T.);
#7658 = VERTEX_POINT('',#7659);
#7659 = CARTESIAN_POINT('',(172.66666656666,-78.35555674543,
    -19.1020476642));
#7660 = LINE('',#7661,#7662);
#7661 = CARTESIAN_POINT('',(172.66666656666,-78.09673770033,
    -20.06797349049));
#7662 = VECTOR('',#7663,1.);
#7663 = DIRECTION('',(0.,-0.258819045103,0.965925826289));
#7664 = ORIENTED_EDGE('',*,*,#7665,.T.);
#7665 = EDGE_CURVE('',#7658,#7632,#7666,.T.);
#7666 = LINE('',#7667,#7668);
#7667 = CARTESIAN_POINT('',(172.66666656666,-78.35555674543,
    -19.1020476642));
#7668 = VECTOR('',#7669,1.);
#7669 = DIRECTION('',(-1.,0.,0.));
#7670 = ORIENTED_EDGE('',*,*,#7631,.F.);
#7671 = ORIENTED_EDGE('',*,*,#3098,.F.);
#7672 = PLANE('',#7673);
#7673 = AXIS2_PLACEMENT_3D('',#7674,#7675,#7676);
#7674 = CARTESIAN_POINT('',(172.66666656666,-78.09673770033,
    -20.06797349049));
#7675 = DIRECTION('',(1.2E-16,-0.965925826289,-0.258819045103));
#7676 = DIRECTION('',(-1.,-1.164495749276E-16,-2.904866646907E-17));
#7677 = ADVANCED_FACE('',(#7678),#7696,.T.);
#7678 = FACE_BOUND('',#7679,.T.);
#7679 = EDGE_LOOP('',(#7680,#7688,#7694,#7695));
#7680 = ORIENTED_EDGE('',*,*,#7681,.T.);
#7681 = EDGE_CURVE('',#3083,#7682,#7684,.T.);
#7682 = VERTEX_POINT('',#7683);
#7683 = CARTESIAN_POINT('',(172.66666656666,-76.19424181063,
    -18.52292507283));
#7684 = LINE('',#7685,#7686);
#7685 = CARTESIAN_POINT('',(172.66666656666,-75.93542276552,
    -19.48885089912));
#7686 = VECTOR('',#7687,1.);
#7687 = DIRECTION('',(0.,-0.258819045103,0.965925826289));
#7688 = ORIENTED_EDGE('',*,*,#7689,.T.);
#7689 = EDGE_CURVE('',#7682,#7658,#7690,.T.);
#7690 = LINE('',#7691,#7692);
#7691 = CARTESIAN_POINT('',(172.66666656666,-76.19424181063,
    -18.52292507283));
#7692 = VECTOR('',#7693,1.);
#7693 = DIRECTION('',(0.,-0.965925826289,-0.258819045103));
#7694 = ORIENTED_EDGE('',*,*,#7657,.F.);
#7695 = ORIENTED_EDGE('',*,*,#3090,.F.);
#7696 = PLANE('',#7697);
#7697 = AXIS2_PLACEMENT_3D('',#7698,#7699,#7700);
#7698 = CARTESIAN_POINT('',(172.66666656666,-75.93542276552,
    -19.48885089912));
#7699 = DIRECTION('',(1.,1.2E-16,3.E-17));
#7700 = DIRECTION('',(1.236756705078E-16,-0.965925826289,-0.258819045103
    ));
#7701 = ADVANCED_FACE('',(#7702),#7720,.T.);
#7702 = FACE_BOUND('',#7703,.T.);
#7703 = EDGE_LOOP('',(#7704,#7712,#7718,#7719));
#7704 = ORIENTED_EDGE('',*,*,#7705,.T.);
#7705 = EDGE_CURVE('',#3075,#7706,#7708,.T.);
#7706 = VERTEX_POINT('',#7707);
#7707 = CARTESIAN_POINT('',(172.57349527037,-76.07825245359,
    -18.49184581828));
#7708 = LINE('',#7709,#7710);
#7709 = CARTESIAN_POINT('',(172.57349527037,-75.81943340849,
    -19.45777164457));
#7710 = VECTOR('',#7711,1.);
#7711 = DIRECTION('',(0.,-0.258819045103,0.965925826289));
#7712 = ORIENTED_EDGE('',*,*,#7713,.T.);
#7713 = EDGE_CURVE('',#7706,#7682,#7714,.T.);
#7714 = B_SPLINE_CURVE_WITH_KNOTS('',2,(#7715,#7716,#7717),
  .UNSPECIFIED.,.F.,.F.,(3,3),(0.,1.),.PIECEWISE_BEZIER_KNOTS.);
#7715 = CARTESIAN_POINT('',(172.57349527037,-76.07825245359,
    -18.49184581828));
#7716 = CARTESIAN_POINT('',(172.65769665925,-76.1855775454,
    -18.52060348996));
#7717 = CARTESIAN_POINT('',(172.66666656666,-76.19424181063,
    -18.52292507283));
#7718 = ORIENTED_EDGE('',*,*,#7681,.F.);
#7719 = ORIENTED_EDGE('',*,*,#3082,.F.);
#7720 = SURFACE_OF_LINEAR_EXTRUSION('',#7721,#7725);
#7721 = B_SPLINE_CURVE_WITH_KNOTS('',2,(#7722,#7723,#7724),
  .UNSPECIFIED.,.F.,.F.,(3,3),(0.,1.),.PIECEWISE_BEZIER_KNOTS.);
#7722 = CARTESIAN_POINT('',(172.57349527037,-75.81943340849,
    -19.45777164457));
#7723 = CARTESIAN_POINT('',(172.65769665925,-75.9267585003,
    -19.48652931625));
#7724 = CARTESIAN_POINT('',(172.66666656666,-75.93542276552,
    -19.48885089912));
#7725 = VECTOR('',#7726,1.);
#7726 = DIRECTION('',(0.,0.258819045103,-0.965925826289));
#7727 = ADVANCED_FACE('',(#7728),#7746,.T.);
#7728 = FACE_BOUND('',#7729,.T.);
#7729 = EDGE_LOOP('',(#7730,#7738,#7744,#7745));
#7730 = ORIENTED_EDGE('',*,*,#7731,.T.);
#7731 = EDGE_CURVE('',#3067,#7732,#7734,.T.);
#7732 = VERTEX_POINT('',#7733);
#7733 = CARTESIAN_POINT('',(172.44907397407,-75.92341364926,
    -18.4503568857));
#7734 = LINE('',#7735,#7736);
#7735 = CARTESIAN_POINT('',(172.44907397407,-75.66459460416,
    -19.41628271199));
#7736 = VECTOR('',#7737,1.);
#7737 = DIRECTION('',(0.,-0.258819045103,0.965925826289));
#7738 = ORIENTED_EDGE('',*,*,#7739,.T.);
#7739 = EDGE_CURVE('',#7732,#7706,#7740,.T.);
#7740 = B_SPLINE_CURVE_WITH_KNOTS('',2,(#7741,#7742,#7743),
  .UNSPECIFIED.,.F.,.F.,(3,3),(0.,1.),.PIECEWISE_BEZIER_KNOTS.);
#7741 = CARTESIAN_POINT('',(172.44907397407,-75.92341364926,
    -18.4503568857));
#7742 = CARTESIAN_POINT('',(172.48900452963,-75.97064786936,
    -18.46301325683));
#7743 = CARTESIAN_POINT('',(172.57349527037,-76.07825245359,
    -18.49184581828));
#7744 = ORIENTED_EDGE('',*,*,#7705,.F.);
#7745 = ORIENTED_EDGE('',*,*,#3074,.F.);
#7746 = SURFACE_OF_LINEAR_EXTRUSION('',#7747,#7751);
#7747 = B_SPLINE_CURVE_WITH_KNOTS('',2,(#7748,#7749,#7750),
  .UNSPECIFIED.,.F.,.F.,(3,3),(0.,1.),.PIECEWISE_BEZIER_KNOTS.);
#7748 = CARTESIAN_POINT('',(172.44907397407,-75.66459460416,
    -19.41628271199));
#7749 = CARTESIAN_POINT('',(172.48900452963,-75.71182882425,
    -19.42893908312));
#7750 = CARTESIAN_POINT('',(172.57349527037,-75.81943340849,
    -19.45777164457));
#7751 = VECTOR('',#7752,1.);
#7752 = DIRECTION('',(0.,0.258819045103,-0.965925826289));
#7753 = ADVANCED_FACE('',(#7754),#7772,.T.);
#7754 = FACE_BOUND('',#7755,.T.);
#7755 = EDGE_LOOP('',(#7756,#7764,#7770,#7771));
#7756 = ORIENTED_EDGE('',*,*,#7757,.T.);
#7757 = EDGE_CURVE('',#3059,#7758,#7760,.T.);
#7758 = VERTEX_POINT('',#7759);
#7759 = CARTESIAN_POINT('',(172.30671286296,-75.77276723133,
    -18.40999129968));
#7760 = LINE('',#7761,#7762);
#7761 = CARTESIAN_POINT('',(172.30671286296,-75.51394818623,
    -19.37591712597));
#7762 = VECTOR('',#7763,1.);
#7763 = DIRECTION('',(0.,-0.258819045103,0.965925826289));
#7764 = ORIENTED_EDGE('',*,*,#7765,.T.);
#7765 = EDGE_CURVE('',#7758,#7732,#7766,.T.);
#7766 = B_SPLINE_CURVE_WITH_KNOTS('',2,(#7767,#7768,#7769),
  .UNSPECIFIED.,.F.,.F.,(3,3),(0.,1.),.PIECEWISE_BEZIER_KNOTS.);
#7767 = CARTESIAN_POINT('',(172.30671286296,-75.77276723133,
    -18.40999129968));
#7768 = CARTESIAN_POINT('',(172.40885406666,-75.87589993674,
    -18.43762562481));
#7769 = CARTESIAN_POINT('',(172.44907397407,-75.92341364926,
    -18.4503568857));
#7770 = ORIENTED_EDGE('',*,*,#7731,.F.);
#7771 = ORIENTED_EDGE('',*,*,#3066,.F.);
#7772 = SURFACE_OF_LINEAR_EXTRUSION('',#7773,#7777);
#7773 = B_SPLINE_CURVE_WITH_KNOTS('',2,(#7774,#7775,#7776),
  .UNSPECIFIED.,.F.,.F.,(3,3),(0.,1.),.PIECEWISE_BEZIER_KNOTS.);
#7774 = CARTESIAN_POINT('',(172.30671286296,-75.51394818623,
    -19.37591712597));
#7775 = CARTESIAN_POINT('',(172.40885406666,-75.61708089164,
    -19.40355145109));
#7776 = CARTESIAN_POINT('',(172.44907397407,-75.66459460416,
    -19.41628271199));
#7777 = VECTOR('',#7778,1.);
#7778 = DIRECTION('',(0.,0.258819045103,-0.965925826289));
#7779 = ADVANCED_FACE('',(#7780),#7798,.T.);
#7780 = FACE_BOUND('',#7781,.T.);
#7781 = EDGE_LOOP('',(#7782,#7790,#7796,#7797));
#7782 = ORIENTED_EDGE('',*,*,#7783,.T.);
#7783 = EDGE_CURVE('',#3051,#7784,#7786,.T.);
#7784 = VERTEX_POINT('',#7785);
#7785 = CARTESIAN_POINT('',(172.11574064074,-75.61345654818,
    -18.36730413078));
#7786 = LINE('',#7787,#7788);
#7787 = CARTESIAN_POINT('',(172.11574064074,-75.35463750307,
    -19.33322995707));
#7788 = VECTOR('',#7789,1.);
#7789 = DIRECTION('',(0.,-0.258819045103,0.965925826289));
#7790 = ORIENTED_EDGE('',*,*,#7791,.T.);
#7791 = EDGE_CURVE('',#7784,#7758,#7792,.T.);
#7792 = B_SPLINE_CURVE_WITH_KNOTS('',2,(#7793,#7794,#7795),
  .UNSPECIFIED.,.F.,.F.,(3,3),(0.,1.),.PIECEWISE_BEZIER_KNOTS.);
#7793 = CARTESIAN_POINT('',(172.11574064074,-75.61345654818,
    -18.36730413078));
#7794 = CARTESIAN_POINT('',(172.20457165925,-75.66935503349,
    -18.38228208478));
#7795 = CARTESIAN_POINT('',(172.30671286296,-75.77276723133,
    -18.40999129968));
#7796 = ORIENTED_EDGE('',*,*,#7757,.F.);
#7797 = ORIENTED_EDGE('',*,*,#3058,.F.);
#7798 = SURFACE_OF_LINEAR_EXTRUSION('',#7799,#7803);
#7799 = B_SPLINE_CURVE_WITH_KNOTS('',2,(#7800,#7801,#7802),
  .UNSPECIFIED.,.F.,.F.,(3,3),(0.,1.),.PIECEWISE_BEZIER_KNOTS.);
#7800 = CARTESIAN_POINT('',(172.11574064074,-75.35463750307,
    -19.33322995707));
#7801 = CARTESIAN_POINT('',(172.20457165925,-75.41053598839,
    -19.34820791107));
#7802 = CARTESIAN_POINT('',(172.30671286296,-75.51394818623,
    -19.37591712597));
#7803 = VECTOR('',#7804,1.);
#7804 = DIRECTION('',(0.,0.258819045103,-0.965925826289));
#7805 = ADVANCED_FACE('',(#7806),#7824,.T.);
#7806 = FACE_BOUND('',#7807,.T.);
#7807 = EDGE_LOOP('',(#7808,#7816,#7822,#7823));
#7808 = ORIENTED_EDGE('',*,*,#7809,.T.);
#7809 = EDGE_CURVE('',#3043,#7810,#7812,.T.);
#7810 = VERTEX_POINT('',#7811);
#7811 = CARTESIAN_POINT('',(171.89785869629,-75.49299531232,
    -18.33502663991));
#7812 = LINE('',#7813,#7814);
#7813 = CARTESIAN_POINT('',(171.89785869629,-75.23417626721,
    -19.3009524662));
#7814 = VECTOR('',#7815,1.);
#7815 = DIRECTION('',(0.,-0.258819045103,0.965925826289));
#7816 = ORIENTED_EDGE('',*,*,#7817,.T.);
#7817 = EDGE_CURVE('',#7810,#7784,#7818,.T.);
#7818 = B_SPLINE_CURVE_WITH_KNOTS('',2,(#7819,#7820,#7821),
  .UNSPECIFIED.,.F.,.F.,(3,3),(0.,1.),.PIECEWISE_BEZIER_KNOTS.);
#7819 = CARTESIAN_POINT('',(171.89785869629,-75.49299531232,
    -18.33502663991));
#7820 = CARTESIAN_POINT('',(172.02662027037,-75.55755806286,
    -18.35232617678));
#7821 = CARTESIAN_POINT('',(172.11574064074,-75.61345654818,
    -18.36730413078));
#7822 = ORIENTED_EDGE('',*,*,#7783,.F.);
#7823 = ORIENTED_EDGE('',*,*,#3050,.F.);
#7824 = SURFACE_OF_LINEAR_EXTRUSION('',#7825,#7829);
#7825 = B_SPLINE_CURVE_WITH_KNOTS('',2,(#7826,#7827,#7828),
  .UNSPECIFIED.,.F.,.F.,(3,3),(0.,1.),.PIECEWISE_BEZIER_KNOTS.);
#7826 = CARTESIAN_POINT('',(171.89785869629,-75.23417626721,
    -19.3009524662));
#7827 = CARTESIAN_POINT('',(172.02662027037,-75.29873901776,
    -19.31825200307));
#7828 = CARTESIAN_POINT('',(172.11574064074,-75.35463750307,
    -19.33322995707));
#7829 = VECTOR('',#7830,1.);
#7830 = DIRECTION('',(0.,0.258819045103,-0.965925826289));
#7831 = ADVANCED_FACE('',(#7832),#7850,.T.);
#7832 = FACE_BOUND('',#7833,.T.);
#7833 = EDGE_LOOP('',(#7834,#7842,#7848,#7849));
#7834 = ORIENTED_EDGE('',*,*,#7835,.T.);
#7835 = EDGE_CURVE('',#3035,#7836,#7838,.T.);
#7836 = VERTEX_POINT('',#7837);
#7837 = CARTESIAN_POINT('',(171.62210638148,-75.39852687213,
    -18.30971389765));
#7838 = LINE('',#7839,#7840);
#7839 = CARTESIAN_POINT('',(171.62210638148,-75.13970782703,
    -19.27563972394));
#7840 = VECTOR('',#7841,1.);
#7841 = DIRECTION('',(0.,-0.258819045103,0.965925826289));
#7842 = ORIENTED_EDGE('',*,*,#7843,.T.);
#7843 = EDGE_CURVE('',#7836,#7810,#7844,.T.);
#7844 = B_SPLINE_CURVE_WITH_KNOTS('',2,(#7845,#7846,#7847),
  .UNSPECIFIED.,.F.,.F.,(3,3),(0.,1.),.PIECEWISE_BEZIER_KNOTS.);
#7845 = CARTESIAN_POINT('',(171.62210638148,-75.39852687213,
    -18.30971389765));
#7846 = CARTESIAN_POINT('',(171.76880777037,-75.42843256177,
    -18.31772710304));
#7847 = CARTESIAN_POINT('',(171.89785869629,-75.49299531232,
    -18.33502663991));
#7848 = ORIENTED_EDGE('',*,*,#7809,.F.);
#7849 = ORIENTED_EDGE('',*,*,#3042,.F.);
#7850 = SURFACE_OF_LINEAR_EXTRUSION('',#7851,#7855);
#7851 = B_SPLINE_CURVE_WITH_KNOTS('',2,(#7852,#7853,#7854),
  .UNSPECIFIED.,.F.,.F.,(3,3),(0.,1.),.PIECEWISE_BEZIER_KNOTS.);
#7852 = CARTESIAN_POINT('',(171.62210638148,-75.13970782703,
    -19.27563972394));
#7853 = CARTESIAN_POINT('',(171.76880777037,-75.16961351667,
    -19.28365292933));
#7854 = CARTESIAN_POINT('',(171.89785869629,-75.23417626721,
    -19.3009524662));
#7855 = VECTOR('',#7856,1.);
#7856 = DIRECTION('',(0.,0.258819045103,-0.965925826289));
#7857 = ADVANCED_FACE('',(#7858),#7869,.T.);
#7858 = FACE_BOUND('',#7859,.T.);
#7859 = EDGE_LOOP('',(#7860,#7861,#7867,#7868));
#7860 = ORIENTED_EDGE('',*,*,#6986,.T.);
#7861 = ORIENTED_EDGE('',*,*,#7862,.T.);
#7862 = EDGE_CURVE('',#6979,#7836,#7863,.T.);
#7863 = B_SPLINE_CURVE_WITH_KNOTS('',2,(#7864,#7865,#7866),
  .UNSPECIFIED.,.F.,.F.,(3,3),(0.,1.),.PIECEWISE_BEZIER_KNOTS.);
#7864 = CARTESIAN_POINT('',(171.31539341851,-75.36834169006,
    -18.30162580249));
#7865 = CARTESIAN_POINT('',(171.47540499259,-75.36834169006,
    -18.30162580249));
#7866 = CARTESIAN_POINT('',(171.62210638148,-75.39852687213,
    -18.30971389765));
#7867 = ORIENTED_EDGE('',*,*,#7835,.F.);
#7868 = ORIENTED_EDGE('',*,*,#3034,.F.);
#7869 = SURFACE_OF_LINEAR_EXTRUSION('',#7870,#7874);
#7870 = B_SPLINE_CURVE_WITH_KNOTS('',2,(#7871,#7872,#7873),
  .UNSPECIFIED.,.F.,.F.,(3,3),(0.,1.),.PIECEWISE_BEZIER_KNOTS.);
#7871 = CARTESIAN_POINT('',(171.31539341851,-75.10952264496,
    -19.26755162878));
#7872 = CARTESIAN_POINT('',(171.47540499259,-75.10952264496,
    -19.26755162878));
#7873 = CARTESIAN_POINT('',(171.62210638148,-75.13970782703,
    -19.27563972394));
#7874 = VECTOR('',#7875,1.);
#7875 = DIRECTION('',(0.,0.258819045103,-0.965925826289));
#7876 = ADVANCED_FACE('',(#7877),#7917,.T.);
#7877 = FACE_BOUND('',#7878,.T.);
#7878 = EDGE_LOOP('',(#7879,#7880,#7881,#7882,#7883,#7884,#7885,#7886,
    #7887,#7888,#7889,#7890,#7891,#7892,#7893,#7894,#7895,#7896,#7897,
    #7898,#7899,#7900,#7901,#7902,#7903,#7904,#7905,#7906,#7907,#7908,
    #7909,#7910,#7911,#7912,#7913,#7914,#7915,#7916));
#7879 = ORIENTED_EDGE('',*,*,#4328,.F.);
#7880 = ORIENTED_EDGE('',*,*,#3374,.F.);
#7881 = ORIENTED_EDGE('',*,*,#3407,.F.);
#7882 = ORIENTED_EDGE('',*,*,#3433,.F.);
#7883 = ORIENTED_EDGE('',*,*,#3459,.F.);
#7884 = ORIENTED_EDGE('',*,*,#3485,.F.);
#7885 = ORIENTED_EDGE('',*,*,#3511,.F.);
#7886 = ORIENTED_EDGE('',*,*,#3537,.F.);
#7887 = ORIENTED_EDGE('',*,*,#3561,.F.);
#7888 = ORIENTED_EDGE('',*,*,#3587,.F.);
#7889 = ORIENTED_EDGE('',*,*,#3613,.F.);
#7890 = ORIENTED_EDGE('',*,*,#3637,.F.);
#7891 = ORIENTED_EDGE('',*,*,#3663,.F.);
#7892 = ORIENTED_EDGE('',*,*,#3689,.F.);
#7893 = ORIENTED_EDGE('',*,*,#3715,.F.);
#7894 = ORIENTED_EDGE('',*,*,#3741,.F.);
#7895 = ORIENTED_EDGE('',*,*,#3767,.F.);
#7896 = ORIENTED_EDGE('',*,*,#3793,.F.);
#7897 = ORIENTED_EDGE('',*,*,#3819,.F.);
#7898 = ORIENTED_EDGE('',*,*,#3845,.F.);
#7899 = ORIENTED_EDGE('',*,*,#3871,.F.);
#7900 = ORIENTED_EDGE('',*,*,#3897,.F.);
#7901 = ORIENTED_EDGE('',*,*,#3923,.F.);
#7902 = ORIENTED_EDGE('',*,*,#3949,.F.);
#7903 = ORIENTED_EDGE('',*,*,#3975,.F.);
#7904 = ORIENTED_EDGE('',*,*,#4001,.F.);
#7905 = ORIENTED_EDGE('',*,*,#4027,.F.);
#7906 = ORIENTED_EDGE('',*,*,#4051,.F.);
#7907 = ORIENTED_EDGE('',*,*,#4077,.F.);
#7908 = ORIENTED_EDGE('',*,*,#4103,.F.);
#7909 = ORIENTED_EDGE('',*,*,#4127,.F.);
#7910 = ORIENTED_EDGE('',*,*,#4153,.F.);
#7911 = ORIENTED_EDGE('',*,*,#4179,.F.);
#7912 = ORIENTED_EDGE('',*,*,#4205,.F.);
#7913 = ORIENTED_EDGE('',*,*,#4231,.F.);
#7914 = ORIENTED_EDGE('',*,*,#4257,.F.);
#7915 = ORIENTED_EDGE('',*,*,#4283,.F.);
#7916 = ORIENTED_EDGE('',*,*,#4309,.F.);
#7917 = PLANE('',#7918);
#7918 = AXIS2_PLACEMENT_3D('',#7919,#7920,#7921);
#7919 = CARTESIAN_POINT('',(198.13142388602,-76.36051563672,
    -18.56747801025));
#7920 = DIRECTION('',(0.,0.258819045103,-0.965925826289));
#7921 = DIRECTION('',(-1.,0.,0.));
#7922 = ADVANCED_FACE('',(#7923),#7962,.T.);
#7923 = FACE_BOUND('',#7924,.T.);
#7924 = EDGE_LOOP('',(#7925,#7926,#7927,#7928,#7929,#7930,#7931,#7932,
    #7933,#7934,#7935,#7936,#7937,#7938,#7939,#7940,#7941,#7942,#7943,
    #7944,#7945,#7946,#7947,#7948,#7949,#7950,#7951,#7952,#7953,#7954,
    #7955,#7956,#7957,#7958,#7959,#7960,#7961));
#7925 = ORIENTED_EDGE('',*,*,#5280,.F.);
#7926 = ORIENTED_EDGE('',*,*,#4354,.F.);
#7927 = ORIENTED_EDGE('',*,*,#4387,.F.);
#7928 = ORIENTED_EDGE('',*,*,#4413,.F.);
#7929 = ORIENTED_EDGE('',*,*,#4439,.F.);
#7930 = ORIENTED_EDGE('',*,*,#4465,.F.);
#7931 = ORIENTED_EDGE('',*,*,#4489,.F.);
#7932 = ORIENTED_EDGE('',*,*,#4515,.F.);
#7933 = ORIENTED_EDGE('',*,*,#4541,.F.);
#7934 = ORIENTED_EDGE('',*,*,#4565,.F.);
#7935 = ORIENTED_EDGE('',*,*,#4591,.F.);
#7936 = ORIENTED_EDGE('',*,*,#4617,.F.);
#7937 = ORIENTED_EDGE('',*,*,#4641,.F.);
#7938 = ORIENTED_EDGE('',*,*,#4667,.F.);
#7939 = ORIENTED_EDGE('',*,*,#4693,.F.);
#7940 = ORIENTED_EDGE('',*,*,#4719,.F.);
#7941 = ORIENTED_EDGE('',*,*,#4745,.F.);
#7942 = ORIENTED_EDGE('',*,*,#4771,.F.);
#7943 = ORIENTED_EDGE('',*,*,#4797,.F.);
#7944 = ORIENTED_EDGE('',*,*,#4823,.F.);
#7945 = ORIENTED_EDGE('',*,*,#4849,.F.);
#7946 = ORIENTED_EDGE('',*,*,#4875,.F.);
#7947 = ORIENTED_EDGE('',*,*,#4901,.F.);
#7948 = ORIENTED_EDGE('',*,*,#4927,.F.);
#7949 = ORIENTED_EDGE('',*,*,#4953,.F.);
#7950 = ORIENTED_EDGE('',*,*,#4979,.F.);
#7951 = ORIENTED_EDGE('',*,*,#5005,.F.);
#7952 = ORIENTED_EDGE('',*,*,#5029,.F.);
#7953 = ORIENTED_EDGE('',*,*,#5055,.F.);
#7954 = ORIENTED_EDGE('',*,*,#5081,.F.);
#7955 = ORIENTED_EDGE('',*,*,#5105,.F.);
#7956 = ORIENTED_EDGE('',*,*,#5131,.F.);
#7957 = ORIENTED_EDGE('',*,*,#5157,.F.);
#7958 = ORIENTED_EDGE('',*,*,#5183,.F.);
#7959 = ORIENTED_EDGE('',*,*,#5209,.F.);
#7960 = ORIENTED_EDGE('',*,*,#5235,.F.);
#7961 = ORIENTED_EDGE('',*,*,#5261,.F.);
#7962 = PLANE('',#7963);
#7963 = AXIS2_PLACEMENT_3D('',#7964,#7965,#7966);
#7964 = CARTESIAN_POINT('',(187.47024454788,-76.95620129454,
    -18.72709150121));
#7965 = DIRECTION('',(0.,0.258819045103,-0.965925826289));
#7966 = DIRECTION('',(-1.,0.,0.));
#7967 = ADVANCED_FACE('',(#7968),#7996,.T.);
#7968 = FACE_BOUND('',#7969,.T.);
#7969 = EDGE_LOOP('',(#7970,#7971,#7972,#7973,#7974,#7975,#7976,#7977,
    #7978,#7979,#7980,#7981,#7982,#7983,#7984,#7985,#7986,#7987,#7988,
    #7989,#7990,#7991,#7992,#7993,#7994,#7995));
#7970 = ORIENTED_EDGE('',*,*,#5930,.F.);
#7971 = ORIENTED_EDGE('',*,*,#5306,.F.);
#7972 = ORIENTED_EDGE('',*,*,#5337,.F.);
#7973 = ORIENTED_EDGE('',*,*,#5361,.F.);
#7974 = ORIENTED_EDGE('',*,*,#5387,.F.);
#7975 = ORIENTED_EDGE('',*,*,#5413,.F.);
#7976 = ORIENTED_EDGE('',*,*,#5437,.F.);
#7977 = ORIENTED_EDGE('',*,*,#5463,.F.);
#7978 = ORIENTED_EDGE('',*,*,#5489,.F.);
#7979 = ORIENTED_EDGE('',*,*,#5513,.F.);
#7980 = ORIENTED_EDGE('',*,*,#5537,.F.);
#7981 = ORIENTED_EDGE('',*,*,#5561,.F.);
#7982 = ORIENTED_EDGE('',*,*,#5587,.F.);
#7983 = ORIENTED_EDGE('',*,*,#5613,.F.);
#7984 = ORIENTED_EDGE('',*,*,#5637,.F.);
#7985 = ORIENTED_EDGE('',*,*,#5663,.F.);
#7986 = ORIENTED_EDGE('',*,*,#5689,.F.);
#7987 = ORIENTED_EDGE('',*,*,#5713,.F.);
#7988 = ORIENTED_EDGE('',*,*,#5737,.F.);
#7989 = ORIENTED_EDGE('',*,*,#5761,.F.);
#7990 = ORIENTED_EDGE('',*,*,#5785,.F.);
#7991 = ORIENTED_EDGE('',*,*,#5811,.F.);
#7992 = ORIENTED_EDGE('',*,*,#5837,.F.);
#7993 = ORIENTED_EDGE('',*,*,#5861,.F.);
#7994 = ORIENTED_EDGE('',*,*,#5887,.F.);
#7995 = ORIENTED_EDGE('',*,*,#5913,.F.);
#7996 = PLANE('',#7997);
#7997 = AXIS2_PLACEMENT_3D('',#7998,#7999,#8000);
#7998 = CARTESIAN_POINT('',(193.00166978831,-77.45964596651,
    -18.8619890945));
#7999 = DIRECTION('',(0.,0.258819045103,-0.965925826289));
#8000 = DIRECTION('',(-1.,0.,0.));
#8001 = ADVANCED_FACE('',(#8002),#8037,.T.);
#8002 = FACE_BOUND('',#8003,.T.);
#8003 = EDGE_LOOP('',(#8004,#8005,#8006,#8007,#8008,#8009,#8010,#8011,
    #8012,#8013,#8014,#8015,#8016,#8017,#8018,#8019,#8020,#8021,#8022,
    #8023,#8024,#8025,#8026,#8027,#8028,#8029,#8030,#8031,#8032,#8033,
    #8034,#8035,#8036));
#8004 = ORIENTED_EDGE('',*,*,#6746,.F.);
#8005 = ORIENTED_EDGE('',*,*,#5954,.F.);
#8006 = ORIENTED_EDGE('',*,*,#5985,.F.);
#8007 = ORIENTED_EDGE('',*,*,#6009,.F.);
#8008 = ORIENTED_EDGE('',*,*,#6033,.F.);
#8009 = ORIENTED_EDGE('',*,*,#6057,.F.);
#8010 = ORIENTED_EDGE('',*,*,#6083,.F.);
#8011 = ORIENTED_EDGE('',*,*,#6109,.F.);
#8012 = ORIENTED_EDGE('',*,*,#6133,.F.);
#8013 = ORIENTED_EDGE('',*,*,#6159,.F.);
#8014 = ORIENTED_EDGE('',*,*,#6185,.F.);
#8015 = ORIENTED_EDGE('',*,*,#6209,.F.);
#8016 = ORIENTED_EDGE('',*,*,#6233,.F.);
#8017 = ORIENTED_EDGE('',*,*,#6257,.F.);
#8018 = ORIENTED_EDGE('',*,*,#6283,.F.);
#8019 = ORIENTED_EDGE('',*,*,#6309,.F.);
#8020 = ORIENTED_EDGE('',*,*,#6333,.F.);
#8021 = ORIENTED_EDGE('',*,*,#6357,.F.);
#8022 = ORIENTED_EDGE('',*,*,#6381,.F.);
#8023 = ORIENTED_EDGE('',*,*,#6405,.F.);
#8024 = ORIENTED_EDGE('',*,*,#6431,.F.);
#8025 = ORIENTED_EDGE('',*,*,#6457,.F.);
#8026 = ORIENTED_EDGE('',*,*,#6481,.F.);
#8027 = ORIENTED_EDGE('',*,*,#6505,.F.);
#8028 = ORIENTED_EDGE('',*,*,#6529,.F.);
#8029 = ORIENTED_EDGE('',*,*,#6555,.F.);
#8030 = ORIENTED_EDGE('',*,*,#6581,.F.);
#8031 = ORIENTED_EDGE('',*,*,#6605,.F.);
#8032 = ORIENTED_EDGE('',*,*,#6631,.F.);
#8033 = ORIENTED_EDGE('',*,*,#6657,.F.);
#8034 = ORIENTED_EDGE('',*,*,#6681,.F.);
#8035 = ORIENTED_EDGE('',*,*,#6705,.F.);
#8036 = ORIENTED_EDGE('',*,*,#6729,.F.);
#8037 = PLANE('',#8038);
#8038 = AXIS2_PLACEMENT_3D('',#8039,#8040,#8041);
#8039 = CARTESIAN_POINT('',(182.13238846651,-76.25826354547,
    -18.54007964498));
#8040 = DIRECTION('',(0.,0.258819045103,-0.965925826289));
#8041 = DIRECTION('',(-1.,0.,0.));
#8042 = ADVANCED_FACE('',(#8043,#8053),#8119,.T.);
#8043 = FACE_BOUND('',#8044,.T.);
#8044 = EDGE_LOOP('',(#8045,#8046,#8047,#8048,#8049,#8050,#8051,#8052));
#8045 = ORIENTED_EDGE('',*,*,#6952,.F.);
#8046 = ORIENTED_EDGE('',*,*,#6770,.F.);
#8047 = ORIENTED_EDGE('',*,*,#6803,.F.);
#8048 = ORIENTED_EDGE('',*,*,#6829,.F.);
#8049 = ORIENTED_EDGE('',*,*,#6855,.F.);
#8050 = ORIENTED_EDGE('',*,*,#6881,.F.);
#8051 = ORIENTED_EDGE('',*,*,#6907,.F.);
#8052 = ORIENTED_EDGE('',*,*,#6933,.F.);
#8053 = FACE_BOUND('',#8054,.T.);
#8054 = EDGE_LOOP('',(#8055,#8065,#8073,#8081,#8089,#8097,#8105,#8113));
#8055 = ORIENTED_EDGE('',*,*,#8056,.F.);
#8056 = EDGE_CURVE('',#8057,#8059,#8061,.T.);
#8057 = VERTEX_POINT('',#8058);
#8058 = CARTESIAN_POINT('',(176.81770823333,-75.36834169006,
    -18.30162580249));
#8059 = VERTEX_POINT('',#8060);
#8060 = CARTESIAN_POINT('',(177.99565962222,-75.82307586812,
    -18.42347145828));
#8061 = B_SPLINE_CURVE_WITH_KNOTS('',2,(#8062,#8063,#8064),
  .UNSPECIFIED.,.F.,.F.,(3,3),(0.,1.),.PIECEWISE_BEZIER_KNOTS.);
#8062 = CARTESIAN_POINT('',(176.81770823333,-75.36834169006,
    -18.30162580249));
#8063 = CARTESIAN_POINT('',(177.51099527037,-75.36834169006,
    -18.30162580249));
#8064 = CARTESIAN_POINT('',(177.99565962222,-75.82307586812,
    -18.42347145828));
#8065 = ORIENTED_EDGE('',*,*,#8066,.F.);
#8066 = EDGE_CURVE('',#8067,#8057,#8069,.T.);
#8067 = VERTEX_POINT('',#8068);
#8068 = CARTESIAN_POINT('',(175.63541656666,-75.82307586812,
    -18.42347145828));
#8069 = B_SPLINE_CURVE_WITH_KNOTS('',2,(#8070,#8071,#8072),
  .UNSPECIFIED.,.F.,.F.,(3,3),(0.,1.),.PIECEWISE_BEZIER_KNOTS.);
#8070 = CARTESIAN_POINT('',(175.63541656666,-75.82307586812,
    -18.42347145828));
#8071 = CARTESIAN_POINT('',(176.11545128888,-75.36834169006,
    -18.30162580249));
#8072 = CARTESIAN_POINT('',(176.81770823333,-75.36834169006,
    -18.30162580249));
#8073 = ORIENTED_EDGE('',*,*,#8074,.F.);
#8074 = EDGE_CURVE('',#8075,#8067,#8077,.T.);
#8075 = VERTEX_POINT('',#8076);
#8076 = CARTESIAN_POINT('',(175.15538184444,-76.9550201958,
    -18.72677502676));
#8077 = B_SPLINE_CURVE_WITH_KNOTS('',2,(#8078,#8079,#8080),
  .UNSPECIFIED.,.F.,.F.,(3,3),(0.,1.),.PIECEWISE_BEZIER_KNOTS.);
#8078 = CARTESIAN_POINT('',(175.15538184444,-76.9550201958,
    -18.72677502676));
#8079 = CARTESIAN_POINT('',(175.15538184444,-76.27753055375,
    -18.54524222429));
#8080 = CARTESIAN_POINT('',(175.63541656666,-75.82307586812,
    -18.42347145828));
#8081 = ORIENTED_EDGE('',*,*,#8082,.F.);
#8082 = EDGE_CURVE('',#8083,#8075,#8085,.T.);
#8083 = VERTEX_POINT('',#8084);
#8084 = CARTESIAN_POINT('',(175.64438647407,-78.04420218221,
    -19.01862046043));
#8085 = B_SPLINE_CURVE_WITH_KNOTS('',2,(#8086,#8087,#8088),
  .UNSPECIFIED.,.F.,.F.,(3,3),(0.,1.),.PIECEWISE_BEZIER_KNOTS.);
#8086 = CARTESIAN_POINT('',(175.64438647407,-78.04420218221,
    -19.01862046043));
#8087 = CARTESIAN_POINT('',(175.15538184444,-77.58946800416,
    -18.89677480464));
#8088 = CARTESIAN_POINT('',(175.15538184444,-76.9550201958,
    -18.72677502676));
#8089 = ORIENTED_EDGE('',*,*,#8090,.F.);
#8090 = EDGE_CURVE('',#8091,#8083,#8093,.T.);
#8091 = VERTEX_POINT('',#8092);
#8092 = CARTESIAN_POINT('',(176.81770823333,-78.49865686785,
    -19.14039122644));
#8093 = B_SPLINE_CURVE_WITH_KNOTS('',2,(#8094,#8095,#8096),
  .UNSPECIFIED.,.F.,.F.,(3,3),(0.,1.),.PIECEWISE_BEZIER_KNOTS.);
#8094 = CARTESIAN_POINT('',(176.81770823333,-78.49865686785,
    -19.14039122644));
#8095 = CARTESIAN_POINT('',(176.13310175185,-78.49865686785,
    -19.14039122644));
#8096 = CARTESIAN_POINT('',(175.64438647407,-78.04420218221,
    -19.01862046043));
#8097 = ORIENTED_EDGE('',*,*,#8098,.F.);
#8098 = EDGE_CURVE('',#8099,#8091,#8101,.T.);
#8099 = VERTEX_POINT('',#8100);
#8100 = CARTESIAN_POINT('',(177.99565962222,-78.04000979582,
    -19.01749711388));
#8101 = B_SPLINE_CURVE_WITH_KNOTS('',2,(#8102,#8103,#8104),
  .UNSPECIFIED.,.F.,.F.,(3,3),(0.,1.),.PIECEWISE_BEZIER_KNOTS.);
#8102 = CARTESIAN_POINT('',(177.99565962222,-78.04000979582,
    -19.01749711388));
#8103 = CARTESIAN_POINT('',(177.51099527037,-78.49865686785,
    -19.14039122644));
#8104 = CARTESIAN_POINT('',(176.81770823333,-78.49865686785,
    -19.14039122644));
#8105 = ORIENTED_EDGE('',*,*,#8106,.F.);
#8106 = EDGE_CURVE('',#8107,#8099,#8109,.T.);
#8107 = VERTEX_POINT('',#8108);
#8108 = CARTESIAN_POINT('',(178.48003462222,-76.92930689255,
    -18.71988516792));
#8109 = B_SPLINE_CURVE_WITH_KNOTS('',2,(#8110,#8111,#8112),
  .UNSPECIFIED.,.F.,.F.,(3,3),(0.,1.),.PIECEWISE_BEZIER_KNOTS.);
#8110 = CARTESIAN_POINT('',(178.48003462222,-76.92930689255,
    -18.71988516792));
#8111 = CARTESIAN_POINT('',(178.48003462222,-77.58108323136,
    -18.89452811154));
#8112 = CARTESIAN_POINT('',(177.99565962222,-78.04000979582,
    -19.01749711388));
#8113 = ORIENTED_EDGE('',*,*,#8114,.F.);
#8114 = EDGE_CURVE('',#8059,#8107,#8115,.T.);
#8115 = B_SPLINE_CURVE_WITH_KNOTS('',2,(#8116,#8117,#8118),
  .UNSPECIFIED.,.F.,.F.,(3,3),(0.,1.),.PIECEWISE_BEZIER_KNOTS.);
#8116 = CARTESIAN_POINT('',(177.99565962222,-75.82307586812,
    -18.42347145828));
#8117 = CARTESIAN_POINT('',(178.48003462222,-76.27753055375,
    -18.54524222429));
#8118 = CARTESIAN_POINT('',(178.48003462222,-76.92930689255,
    -18.71988516792));
#8119 = PLANE('',#8120);
#8120 = AXIS2_PLACEMENT_3D('',#8121,#8122,#8123);
#8121 = CARTESIAN_POINT('',(176.81713889376,-76.93333074216,
    -18.72096335517));
#8122 = DIRECTION('',(0.,0.258819045103,-0.965925826289));
#8123 = DIRECTION('',(-1.,0.,0.));
#8124 = ADVANCED_FACE('',(#8125),#8163,.T.);
#8125 = FACE_BOUND('',#8126,.T.);
#8126 = EDGE_LOOP('',(#8127,#8128,#8129,#8130,#8131,#8132,#8133,#8134,
    #8135,#8136,#8137,#8138,#8139,#8140,#8141,#8142,#8143,#8144,#8145,
    #8146,#8147,#8148,#8149,#8150,#8151,#8152,#8153,#8154,#8155,#8156,
    #8157,#8158,#8159,#8160,#8161,#8162));
#8127 = ORIENTED_EDGE('',*,*,#7862,.F.);
#8128 = ORIENTED_EDGE('',*,*,#6978,.F.);
#8129 = ORIENTED_EDGE('',*,*,#7011,.F.);
#8130 = ORIENTED_EDGE('',*,*,#7037,.F.);
#8131 = ORIENTED_EDGE('',*,*,#7061,.F.);
#8132 = ORIENTED_EDGE('',*,*,#7085,.F.);
#8133 = ORIENTED_EDGE('',*,*,#7111,.F.);
#8134 = ORIENTED_EDGE('',*,*,#7137,.F.);
#8135 = ORIENTED_EDGE('',*,*,#7161,.F.);
#8136 = ORIENTED_EDGE('',*,*,#7187,.F.);
#8137 = ORIENTED_EDGE('',*,*,#7213,.F.);
#8138 = ORIENTED_EDGE('',*,*,#7237,.F.);
#8139 = ORIENTED_EDGE('',*,*,#7261,.F.);
#8140 = ORIENTED_EDGE('',*,*,#7287,.F.);
#8141 = ORIENTED_EDGE('',*,*,#7313,.F.);
#8142 = ORIENTED_EDGE('',*,*,#7339,.F.);
#8143 = ORIENTED_EDGE('',*,*,#7365,.F.);
#8144 = ORIENTED_EDGE('',*,*,#7389,.F.);
#8145 = ORIENTED_EDGE('',*,*,#7413,.F.);
#8146 = ORIENTED_EDGE('',*,*,#7439,.F.);
#8147 = ORIENTED_EDGE('',*,*,#7465,.F.);
#8148 = ORIENTED_EDGE('',*,*,#7489,.F.);
#8149 = ORIENTED_EDGE('',*,*,#7513,.F.);
#8150 = ORIENTED_EDGE('',*,*,#7537,.F.);
#8151 = ORIENTED_EDGE('',*,*,#7563,.F.);
#8152 = ORIENTED_EDGE('',*,*,#7589,.F.);
#8153 = ORIENTED_EDGE('',*,*,#7613,.F.);
#8154 = ORIENTED_EDGE('',*,*,#7639,.F.);
#8155 = ORIENTED_EDGE('',*,*,#7665,.F.);
#8156 = ORIENTED_EDGE('',*,*,#7689,.F.);
#8157 = ORIENTED_EDGE('',*,*,#7713,.F.);
#8158 = ORIENTED_EDGE('',*,*,#7739,.F.);
#8159 = ORIENTED_EDGE('',*,*,#7765,.F.);
#8160 = ORIENTED_EDGE('',*,*,#7791,.F.);
#8161 = ORIENTED_EDGE('',*,*,#7817,.F.);
#8162 = ORIENTED_EDGE('',*,*,#7843,.F.);
#8163 = PLANE('',#8164);
#8164 = AXIS2_PLACEMENT_3D('',#8165,#8166,#8167);
#8165 = CARTESIAN_POINT('',(171.61605749138,-76.88845558265,
    -18.70893909242));
#8166 = DIRECTION('',(0.,0.258819045103,-0.965925826289));
#8167 = DIRECTION('',(-1.,0.,0.));
#8168 = ADVANCED_FACE('',(#8169),#8194,.T.);
#8169 = FACE_BOUND('',#8170,.T.);
#8170 = EDGE_LOOP('',(#8171,#8179,#8180,#8188));
#8171 = ORIENTED_EDGE('',*,*,#8172,.T.);
#8172 = EDGE_CURVE('',#8173,#8057,#8175,.T.);
#8173 = VERTEX_POINT('',#8174);
#8174 = CARTESIAN_POINT('',(176.81770823333,-75.10952264496,
    -19.26755162878));
#8175 = LINE('',#8176,#8177);
#8176 = CARTESIAN_POINT('',(176.81770823333,-75.10952264496,
    -19.26755162878));
#8177 = VECTOR('',#8178,1.);
#8178 = DIRECTION('',(0.,-0.258819045103,0.965925826289));
#8179 = ORIENTED_EDGE('',*,*,#8056,.T.);
#8180 = ORIENTED_EDGE('',*,*,#8181,.F.);
#8181 = EDGE_CURVE('',#8182,#8059,#8184,.T.);
#8182 = VERTEX_POINT('',#8183);
#8183 = CARTESIAN_POINT('',(177.99565962222,-75.56425682301,
    -19.38939728457));
#8184 = LINE('',#8185,#8186);
#8185 = CARTESIAN_POINT('',(177.99565962222,-75.56425682301,
    -19.38939728457));
#8186 = VECTOR('',#8187,1.);
#8187 = DIRECTION('',(0.,-0.258819045103,0.965925826289));
#8188 = ORIENTED_EDGE('',*,*,#8189,.F.);
#8189 = EDGE_CURVE('',#8173,#8182,#8190,.T.);
#8190 = B_SPLINE_CURVE_WITH_KNOTS('',2,(#8191,#8192,#8193),
  .UNSPECIFIED.,.F.,.F.,(3,3),(0.,1.),.PIECEWISE_BEZIER_KNOTS.);
#8191 = CARTESIAN_POINT('',(176.81770823333,-75.10952264496,
    -19.26755162878));
#8192 = CARTESIAN_POINT('',(177.51099527037,-75.10952264496,
    -19.26755162878));
#8193 = CARTESIAN_POINT('',(177.99565962222,-75.56425682301,
    -19.38939728457));
#8194 = SURFACE_OF_LINEAR_EXTRUSION('',#8195,#8199);
#8195 = B_SPLINE_CURVE_WITH_KNOTS('',2,(#8196,#8197,#8198),
  .UNSPECIFIED.,.F.,.F.,(3,3),(0.,1.),.PIECEWISE_BEZIER_KNOTS.);
#8196 = CARTESIAN_POINT('',(176.81770823333,-75.10952264496,
    -19.26755162878));
#8197 = CARTESIAN_POINT('',(177.51099527037,-75.10952264496,
    -19.26755162878));
#8198 = CARTESIAN_POINT('',(177.99565962222,-75.56425682301,
    -19.38939728457));
#8199 = VECTOR('',#8200,1.);
#8200 = DIRECTION('',(0.,0.258819045103,-0.965925826289));
#8201 = ADVANCED_FACE('',(#8202),#8220,.T.);
#8202 = FACE_BOUND('',#8203,.T.);
#8203 = EDGE_LOOP('',(#8204,#8212,#8213,#8214));
#8204 = ORIENTED_EDGE('',*,*,#8205,.T.);
#8205 = EDGE_CURVE('',#8206,#8067,#8208,.T.);
#8206 = VERTEX_POINT('',#8207);
#8207 = CARTESIAN_POINT('',(175.63541656666,-75.56425682301,
    -19.38939728457));
#8208 = LINE('',#8209,#8210);
#8209 = CARTESIAN_POINT('',(175.63541656666,-75.56425682301,
    -19.38939728457));
#8210 = VECTOR('',#8211,1.);
#8211 = DIRECTION('',(0.,-0.258819045103,0.965925826289));
#8212 = ORIENTED_EDGE('',*,*,#8066,.T.);
#8213 = ORIENTED_EDGE('',*,*,#8172,.F.);
#8214 = ORIENTED_EDGE('',*,*,#8215,.F.);
#8215 = EDGE_CURVE('',#8206,#8173,#8216,.T.);
#8216 = B_SPLINE_CURVE_WITH_KNOTS('',2,(#8217,#8218,#8219),
  .UNSPECIFIED.,.F.,.F.,(3,3),(0.,1.),.PIECEWISE_BEZIER_KNOTS.);
#8217 = CARTESIAN_POINT('',(175.63541656666,-75.56425682301,
    -19.38939728457));
#8218 = CARTESIAN_POINT('',(176.11545128888,-75.10952264496,
    -19.26755162878));
#8219 = CARTESIAN_POINT('',(176.81770823333,-75.10952264496,
    -19.26755162878));
#8220 = SURFACE_OF_LINEAR_EXTRUSION('',#8221,#8225);
#8221 = B_SPLINE_CURVE_WITH_KNOTS('',2,(#8222,#8223,#8224),
  .UNSPECIFIED.,.F.,.F.,(3,3),(0.,1.),.PIECEWISE_BEZIER_KNOTS.);
#8222 = CARTESIAN_POINT('',(175.63541656666,-75.56425682301,
    -19.38939728457));
#8223 = CARTESIAN_POINT('',(176.11545128888,-75.10952264496,
    -19.26755162878));
#8224 = CARTESIAN_POINT('',(176.81770823333,-75.10952264496,
    -19.26755162878));
#8225 = VECTOR('',#8226,1.);
#8226 = DIRECTION('',(0.,0.258819045103,-0.965925826289));
#8227 = ADVANCED_FACE('',(#8228),#8246,.T.);
#8228 = FACE_BOUND('',#8229,.T.);
#8229 = EDGE_LOOP('',(#8230,#8238,#8239,#8240));
#8230 = ORIENTED_EDGE('',*,*,#8231,.T.);
#8231 = EDGE_CURVE('',#8232,#8075,#8234,.T.);
#8232 = VERTEX_POINT('',#8233);
#8233 = CARTESIAN_POINT('',(175.15538184444,-76.6962011507,
    -19.69270085304));
#8234 = LINE('',#8235,#8236);
#8235 = CARTESIAN_POINT('',(175.15538184444,-76.6962011507,
    -19.69270085304));
#8236 = VECTOR('',#8237,1.);
#8237 = DIRECTION('',(0.,-0.258819045103,0.965925826289));
#8238 = ORIENTED_EDGE('',*,*,#8074,.T.);
#8239 = ORIENTED_EDGE('',*,*,#8205,.F.);
#8240 = ORIENTED_EDGE('',*,*,#8241,.F.);
#8241 = EDGE_CURVE('',#8232,#8206,#8242,.T.);
#8242 = B_SPLINE_CURVE_WITH_KNOTS('',2,(#8243,#8244,#8245),
  .UNSPECIFIED.,.F.,.F.,(3,3),(0.,1.),.PIECEWISE_BEZIER_KNOTS.);
#8243 = CARTESIAN_POINT('',(175.15538184444,-76.6962011507,
    -19.69270085304));
#8244 = CARTESIAN_POINT('',(175.15538184444,-76.01871150865,
    -19.51116805058));
#8245 = CARTESIAN_POINT('',(175.63541656666,-75.56425682301,
    -19.38939728457));
#8246 = SURFACE_OF_LINEAR_EXTRUSION('',#8247,#8251);
#8247 = B_SPLINE_CURVE_WITH_KNOTS('',2,(#8248,#8249,#8250),
  .UNSPECIFIED.,.F.,.F.,(3,3),(0.,1.),.PIECEWISE_BEZIER_KNOTS.);
#8248 = CARTESIAN_POINT('',(175.15538184444,-76.6962011507,
    -19.69270085304));
#8249 = CARTESIAN_POINT('',(175.15538184444,-76.01871150865,
    -19.51116805058));
#8250 = CARTESIAN_POINT('',(175.63541656666,-75.56425682301,
    -19.38939728457));
#8251 = VECTOR('',#8252,1.);
#8252 = DIRECTION('',(0.,0.258819045103,-0.965925826289));
#8253 = ADVANCED_FACE('',(#8254),#8272,.T.);
#8254 = FACE_BOUND('',#8255,.T.);
#8255 = EDGE_LOOP('',(#8256,#8264,#8265,#8266));
#8256 = ORIENTED_EDGE('',*,*,#8257,.T.);
#8257 = EDGE_CURVE('',#8258,#8083,#8260,.T.);
#8258 = VERTEX_POINT('',#8259);
#8259 = CARTESIAN_POINT('',(175.64438647407,-77.78538313711,
    -19.98454628671));
#8260 = LINE('',#8261,#8262);
#8261 = CARTESIAN_POINT('',(175.64438647407,-77.78538313711,
    -19.98454628671));
#8262 = VECTOR('',#8263,1.);
#8263 = DIRECTION('',(0.,-0.258819045103,0.965925826289));
#8264 = ORIENTED_EDGE('',*,*,#8082,.T.);
#8265 = ORIENTED_EDGE('',*,*,#8231,.F.);
#8266 = ORIENTED_EDGE('',*,*,#8267,.F.);
#8267 = EDGE_CURVE('',#8258,#8232,#8268,.T.);
#8268 = B_SPLINE_CURVE_WITH_KNOTS('',2,(#8269,#8270,#8271),
  .UNSPECIFIED.,.F.,.F.,(3,3),(0.,1.),.PIECEWISE_BEZIER_KNOTS.);
#8269 = CARTESIAN_POINT('',(175.64438647407,-77.78538313711,
    -19.98454628671));
#8270 = CARTESIAN_POINT('',(175.15538184444,-77.33064895905,
    -19.86270063093));
#8271 = CARTESIAN_POINT('',(175.15538184444,-76.6962011507,
    -19.69270085304));
#8272 = SURFACE_OF_LINEAR_EXTRUSION('',#8273,#8277);
#8273 = B_SPLINE_CURVE_WITH_KNOTS('',2,(#8274,#8275,#8276),
  .UNSPECIFIED.,.F.,.F.,(3,3),(0.,1.),.PIECEWISE_BEZIER_KNOTS.);
#8274 = CARTESIAN_POINT('',(175.64438647407,-77.78538313711,
    -19.98454628671));
#8275 = CARTESIAN_POINT('',(175.15538184444,-77.33064895905,
    -19.86270063093));
#8276 = CARTESIAN_POINT('',(175.15538184444,-76.6962011507,
    -19.69270085304));
#8277 = VECTOR('',#8278,1.);
#8278 = DIRECTION('',(0.,0.258819045103,-0.965925826289));
#8279 = ADVANCED_FACE('',(#8280),#8298,.T.);
#8280 = FACE_BOUND('',#8281,.T.);
#8281 = EDGE_LOOP('',(#8282,#8290,#8291,#8292));
#8282 = ORIENTED_EDGE('',*,*,#8283,.T.);
#8283 = EDGE_CURVE('',#8284,#8091,#8286,.T.);
#8284 = VERTEX_POINT('',#8285);
#8285 = CARTESIAN_POINT('',(176.81770823333,-78.23983782274,
    -20.10631705273));
#8286 = LINE('',#8287,#8288);
#8287 = CARTESIAN_POINT('',(176.81770823333,-78.23983782274,
    -20.10631705273));
#8288 = VECTOR('',#8289,1.);
#8289 = DIRECTION('',(0.,-0.258819045103,0.965925826289));
#8290 = ORIENTED_EDGE('',*,*,#8090,.T.);
#8291 = ORIENTED_EDGE('',*,*,#8257,.F.);
#8292 = ORIENTED_EDGE('',*,*,#8293,.F.);
#8293 = EDGE_CURVE('',#8284,#8258,#8294,.T.);
#8294 = B_SPLINE_CURVE_WITH_KNOTS('',2,(#8295,#8296,#8297),
  .UNSPECIFIED.,.F.,.F.,(3,3),(0.,1.),.PIECEWISE_BEZIER_KNOTS.);
#8295 = CARTESIAN_POINT('',(176.81770823333,-78.23983782274,
    -20.10631705273));
#8296 = CARTESIAN_POINT('',(176.13310175185,-78.23983782274,
    -20.10631705273));
#8297 = CARTESIAN_POINT('',(175.64438647407,-77.78538313711,
    -19.98454628671));
#8298 = SURFACE_OF_LINEAR_EXTRUSION('',#8299,#8303);
#8299 = B_SPLINE_CURVE_WITH_KNOTS('',2,(#8300,#8301,#8302),
  .UNSPECIFIED.,.F.,.F.,(3,3),(0.,1.),.PIECEWISE_BEZIER_KNOTS.);
#8300 = CARTESIAN_POINT('',(176.81770823333,-78.23983782274,
    -20.10631705273));
#8301 = CARTESIAN_POINT('',(176.13310175185,-78.23983782274,
    -20.10631705273));
#8302 = CARTESIAN_POINT('',(175.64438647407,-77.78538313711,
    -19.98454628671));
#8303 = VECTOR('',#8304,1.);
#8304 = DIRECTION('',(0.,0.258819045103,-0.965925826289));
#8305 = ADVANCED_FACE('',(#8306),#8324,.T.);
#8306 = FACE_BOUND('',#8307,.T.);
#8307 = EDGE_LOOP('',(#8308,#8316,#8317,#8318));
#8308 = ORIENTED_EDGE('',*,*,#8309,.T.);
#8309 = EDGE_CURVE('',#8310,#8099,#8312,.T.);
#8310 = VERTEX_POINT('',#8311);
#8311 = CARTESIAN_POINT('',(177.99565962222,-77.78119075071,
    -19.98342294017));
#8312 = LINE('',#8313,#8314);
#8313 = CARTESIAN_POINT('',(177.99565962222,-77.78119075071,
    -19.98342294017));
#8314 = VECTOR('',#8315,1.);
#8315 = DIRECTION('',(0.,-0.258819045103,0.965925826289));
#8316 = ORIENTED_EDGE('',*,*,#8098,.T.);
#8317 = ORIENTED_EDGE('',*,*,#8283,.F.);
#8318 = ORIENTED_EDGE('',*,*,#8319,.F.);
#8319 = EDGE_CURVE('',#8310,#8284,#8320,.T.);
#8320 = B_SPLINE_CURVE_WITH_KNOTS('',2,(#8321,#8322,#8323),
  .UNSPECIFIED.,.F.,.F.,(3,3),(0.,1.),.PIECEWISE_BEZIER_KNOTS.);
#8321 = CARTESIAN_POINT('',(177.99565962222,-77.78119075071,
    -19.98342294017));
#8322 = CARTESIAN_POINT('',(177.51099527037,-78.23983782274,
    -20.10631705273));
#8323 = CARTESIAN_POINT('',(176.81770823333,-78.23983782274,
    -20.10631705273));
#8324 = SURFACE_OF_LINEAR_EXTRUSION('',#8325,#8329);
#8325 = B_SPLINE_CURVE_WITH_KNOTS('',2,(#8326,#8327,#8328),
  .UNSPECIFIED.,.F.,.F.,(3,3),(0.,1.),.PIECEWISE_BEZIER_KNOTS.);
#8326 = CARTESIAN_POINT('',(177.99565962222,-77.78119075071,
    -19.98342294017));
#8327 = CARTESIAN_POINT('',(177.51099527037,-78.23983782274,
    -20.10631705273));
#8328 = CARTESIAN_POINT('',(176.81770823333,-78.23983782274,
    -20.10631705273));
#8329 = VECTOR('',#8330,1.);
#8330 = DIRECTION('',(0.,0.258819045103,-0.965925826289));
#8331 = ADVANCED_FACE('',(#8332),#8350,.T.);
#8332 = FACE_BOUND('',#8333,.T.);
#8333 = EDGE_LOOP('',(#8334,#8342,#8343,#8344));
#8334 = ORIENTED_EDGE('',*,*,#8335,.T.);
#8335 = EDGE_CURVE('',#8336,#8107,#8338,.T.);
#8336 = VERTEX_POINT('',#8337);
#8337 = CARTESIAN_POINT('',(178.48003462222,-76.67048784745,
    -19.68581099421));
#8338 = LINE('',#8339,#8340);
#8339 = CARTESIAN_POINT('',(178.48003462222,-76.67048784745,
    -19.68581099421));
#8340 = VECTOR('',#8341,1.);
#8341 = DIRECTION('',(0.,-0.258819045103,0.965925826289));
#8342 = ORIENTED_EDGE('',*,*,#8106,.T.);
#8343 = ORIENTED_EDGE('',*,*,#8309,.F.);
#8344 = ORIENTED_EDGE('',*,*,#8345,.F.);
#8345 = EDGE_CURVE('',#8336,#8310,#8346,.T.);
#8346 = B_SPLINE_CURVE_WITH_KNOTS('',2,(#8347,#8348,#8349),
  .UNSPECIFIED.,.F.,.F.,(3,3),(0.,1.),.PIECEWISE_BEZIER_KNOTS.);
#8347 = CARTESIAN_POINT('',(178.48003462222,-76.67048784745,
    -19.68581099421));
#8348 = CARTESIAN_POINT('',(178.48003462222,-77.32226418626,
    -19.86045393783));
#8349 = CARTESIAN_POINT('',(177.99565962222,-77.78119075071,
    -19.98342294017));
#8350 = SURFACE_OF_LINEAR_EXTRUSION('',#8351,#8355);
#8351 = B_SPLINE_CURVE_WITH_KNOTS('',2,(#8352,#8353,#8354),
  .UNSPECIFIED.,.F.,.F.,(3,3),(0.,1.),.PIECEWISE_BEZIER_KNOTS.);
#8352 = CARTESIAN_POINT('',(178.48003462222,-76.67048784745,
    -19.68581099421));
#8353 = CARTESIAN_POINT('',(178.48003462222,-77.32226418626,
    -19.86045393783));
#8354 = CARTESIAN_POINT('',(177.99565962222,-77.78119075071,
    -19.98342294017));
#8355 = VECTOR('',#8356,1.);
#8356 = DIRECTION('',(0.,0.258819045103,-0.965925826289));
#8357 = ADVANCED_FACE('',(#8358),#8369,.T.);
#8358 = FACE_BOUND('',#8359,.T.);
#8359 = EDGE_LOOP('',(#8360,#8361,#8362,#8363));
#8360 = ORIENTED_EDGE('',*,*,#8181,.T.);
#8361 = ORIENTED_EDGE('',*,*,#8114,.T.);
#8362 = ORIENTED_EDGE('',*,*,#8335,.F.);
#8363 = ORIENTED_EDGE('',*,*,#8364,.F.);
#8364 = EDGE_CURVE('',#8182,#8336,#8365,.T.);
#8365 = B_SPLINE_CURVE_WITH_KNOTS('',2,(#8366,#8367,#8368),
  .UNSPECIFIED.,.F.,.F.,(3,3),(0.,1.),.PIECEWISE_BEZIER_KNOTS.);
#8366 = CARTESIAN_POINT('',(177.99565962222,-75.56425682301,
    -19.38939728457));
#8367 = CARTESIAN_POINT('',(178.48003462222,-76.01871150865,
    -19.51116805058));
#8368 = CARTESIAN_POINT('',(178.48003462222,-76.67048784745,
    -19.68581099421));
#8369 = SURFACE_OF_LINEAR_EXTRUSION('',#8370,#8374);
#8370 = B_SPLINE_CURVE_WITH_KNOTS('',2,(#8371,#8372,#8373),
  .UNSPECIFIED.,.F.,.F.,(3,3),(0.,1.),.PIECEWISE_BEZIER_KNOTS.);
#8371 = CARTESIAN_POINT('',(177.99565962222,-75.56425682301,
    -19.38939728457));
#8372 = CARTESIAN_POINT('',(178.48003462222,-76.01871150865,
    -19.51116805058));
#8373 = CARTESIAN_POINT('',(178.48003462222,-76.67048784745,
    -19.68581099421));
#8374 = VECTOR('',#8375,1.);
#8375 = DIRECTION('',(0.,0.258819045103,-0.965925826289));
#8376 = ADVANCED_FACE('',(#8377),#8387,.T.);
#8377 = FACE_BOUND('',#8378,.T.);
#8378 = EDGE_LOOP('',(#8379,#8380,#8381,#8382,#8383,#8384,#8385,#8386));
#8379 = ORIENTED_EDGE('',*,*,#8215,.T.);
#8380 = ORIENTED_EDGE('',*,*,#8189,.T.);
#8381 = ORIENTED_EDGE('',*,*,#8364,.T.);
#8382 = ORIENTED_EDGE('',*,*,#8345,.T.);
#8383 = ORIENTED_EDGE('',*,*,#8319,.T.);
#8384 = ORIENTED_EDGE('',*,*,#8293,.T.);
#8385 = ORIENTED_EDGE('',*,*,#8267,.T.);
#8386 = ORIENTED_EDGE('',*,*,#8241,.T.);
#8387 = PLANE('',#8388);
#8388 = AXIS2_PLACEMENT_3D('',#8389,#8390,#8391);
#8389 = CARTESIAN_POINT('',(51.,-53.33039383601,-13.43185165257));
#8390 = DIRECTION('',(0.,0.258819045103,-0.965925826289));
#8391 = DIRECTION('',(0.,-0.965925826289,-0.258819045103));
#8392 = ( GEOMETRIC_REPRESENTATION_CONTEXT(3) 
GLOBAL_UNCERTAINTY_ASSIGNED_CONTEXT((#8396)) 
GLOBAL_UNIT_ASSIGNED_CONTEXT((#8393,#8394,#8395)) REPRESENTATION_CONTEXT
('Context #1','3D Context with UNIT and UNCERTAINTY') );
#8393 = ( LENGTH_UNIT() NAMED_UNIT(*) SI_UNIT(.MILLI.,.METRE.) );
#8394 = ( NAMED_UNIT(*) PLANE_ANGLE_UNIT() SI_UNIT($,.RADIAN.) );
#8395 = ( NAMED_UNIT(*) SI_UNIT($,.STERADIAN.) SOLID_ANGLE_UNIT() );
#8396 = UNCERTAINTY_MEASURE_WITH_UNIT(LENGTH_MEASURE(1.E-05),#8393,
  'distance_accuracy_value','confusion accuracy');
#8397 = PRODUCT_RELATED_PRODUCT_CATEGORY('part',$,(#7));
#8398 = MECHANICAL_DESIGN_GEOMETRIC_PRESENTATION_REPRESENTATION('',(
    #8399),#8392);
#8399 = STYLED_ITEM('color',(#8400),#15);
#8400 = PRESENTATION_STYLE_ASSIGNMENT((#8401,#8407));
#8401 = SURFACE_STYLE_USAGE(.BOTH.,#8402);
#8402 = SURFACE_SIDE_STYLE('',(#8403));
#8403 = SURFACE_STYLE_FILL_AREA(#8404);
#8404 = FILL_AREA_STYLE('',(#8405));
#8405 = FILL_AREA_STYLE_COLOUR('',#8406);
#8406 = COLOUR_RGB('',0.447058818107,0.474509808674,0.501960817233);
#8407 = CURVE_STYLE('',#8408,POSITIVE_LENGTH_MEASURE(0.1),#8409);
#8408 = DRAUGHTING_PRE_DEFINED_CURVE_FONT('continuous');
#8409 = COLOUR_RGB('',9.803921802644E-02,9.803921802644E-02,
  9.803921802644E-02);
ENDSEC;
END-ISO-10303-21;
