ISO-10303-21;
HEADER;
FILE_DESCRIPTION(('FreeCAD Model'),'2;1');
FILE_NAME('Open CASCADE Shape Model','2025-01-18T11:21:34',(''),(''),
  'Open CASCADE STEP processor 7.7','FreeCAD','Unknown');
FILE_SCHEMA(('AUTOMOTIVE_DESIGN { 1 0 10303 214 1 1 1 1 }'));
ENDSEC;
DATA;
#1 = APPLICATION_PROTOCOL_DEFINITION('international standard',
  'automotive_design',2000,#2);
#2 = APPLICATION_CONTEXT(
  'core data for automotive mechanical design processes');
#3 = SHAPE_DEFINITION_REPRESENTATION(#4,#10);
#4 = PRODUCT_DEFINITION_SHAPE('','',#5);
#5 = PRODUCT_DEFINITION('design','',#6,#9);
#6 = PRODUCT_DEFINITION_FORMATION('','',#7);
#7 = PRODUCT('Body','Body','',(#8));
#8 = PRODUCT_CONTEXT('',#2,'mechanical');
#9 = PRODUCT_DEFINITION_CONTEXT('part definition',#2,'design');
#10 = ADVANCED_BREP_SHAPE_REPRESENTATION('',(#11,#15),#1897);
#11 = AXIS2_PLACEMENT_3D('',#12,#13,#14);
#12 = CARTESIAN_POINT('',(0.,0.,0.));
#13 = DIRECTION('',(0.,0.,1.));
#14 = DIRECTION('',(1.,0.,-0.));
#15 = MANIFOLD_SOLID_BREP('',#16);
#16 = CLOSED_SHELL('',(#17,#185,#246,#274,#324,#341,#387,#427,#494,#534,
    #605,#636,#700,#731,#783,#812,#870,#901,#953,#1001,#1094,#1132,#1170
    ,#1208,#1239,#1263,#1280,#1291,#1325,#1433,#1473,#1497,#1530,#1563,
    #1587,#1620,#1653,#1677,#1710,#1743,#1767,#1793,#1849,#1861,#1873,
    #1885));
#17 = ADVANCED_FACE('',(#18,#94),#156,.F.);
#18 = FACE_BOUND('',#19,.F.);
#19 = EDGE_LOOP('',(#20,#59));
#20 = ORIENTED_EDGE('',*,*,#21,.F.);
#21 = EDGE_CURVE('',#22,#24,#26,.T.);
#22 = VERTEX_POINT('',#23);
#23 = CARTESIAN_POINT('',(8.999999999976,5.86593100108,11.672832774126)
  );
#24 = VERTEX_POINT('',#25);
#25 = CARTESIAN_POINT('',(9.,5.312990405233,6.252832774126));
#26 = B_SPLINE_CURVE_WITH_KNOTS('',3,(#27,#28,#29,#30,#31,#32,#33,#34,
    #35,#36,#37,#38,#39,#40,#41,#42,#43,#44,#45,#46,#47,#48,#49,#50,#51,
    #52,#53,#54,#55,#56,#57,#58),.UNSPECIFIED.,.F.,.F.,(4,2,2,2,2,2,2,2,
    2,2,2,2,2,2,2,4),(8.499163835205E-03,9.030256449196E-03,
    9.561349063187E-03,1.009244167718E-02,1.062353429117E-02,
    1.115462690516E-02,1.168571951915E-02,1.221681213314E-02,
    1.274790474713E-02,1.327899736113E-02,1.381008997512E-02,
    1.434118258911E-02,1.48722752031E-02,1.540336781709E-02,
    1.593446043108E-02,1.699664565906E-02),.UNSPECIFIED.);
#27 = CARTESIAN_POINT('',(8.999999999976,5.86593100108,11.672832774126)
  );
#28 = CARTESIAN_POINT('',(9.1773057241,5.86593100108,11.672832774128));
#29 = CARTESIAN_POINT('',(9.353644513587,5.865724590641,11.655600903625)
  );
#30 = CARTESIAN_POINT('',(9.704339206305,5.864696915922,11.585802641223)
  );
#31 = CARTESIAN_POINT('',(9.875751777236,5.86387551022,11.533532090485)
  );
#32 = CARTESIAN_POINT('',(10.202725080925,5.861176130701,11.397763682833
    ));
#33 = CARTESIAN_POINT('',(10.360759588343,5.859276182793,11.313234108592
    ));
#34 = CARTESIAN_POINT('',(10.657696315871,5.853677830873,11.114133779256
    ));
#35 = CARTESIAN_POINT('',(10.794344095631,5.850031608201,11.001421227505
    ));
#36 = CARTESIAN_POINT('',(11.044578200245,5.840213931014,10.750348815692
    ));
#37 = CARTESIAN_POINT('',(11.159037589255,5.833946876819,10.610301554102
    ));
#38 = CARTESIAN_POINT('',(11.355455845755,5.818411599927,10.314655414678
    ));
#39 = CARTESIAN_POINT('',(11.438444273975,5.80914494715,10.158537738851)
  );
#40 = CARTESIAN_POINT('',(11.573781100685,5.786839550248,9.829649759253)
  );
#41 = CARTESIAN_POINT('',(11.625431627555,5.773792225177,9.657354365988)
  );
#42 = CARTESIAN_POINT('',(11.69333707851,5.744514901574,9.310951796951)
  );
#43 = CARTESIAN_POINT('',(11.710419798216,5.728158947715,9.134918982998)
  );
#44 = CARTESIAN_POINT('',(11.709564665986,5.691772226391,8.777769361524)
  );
#45 = CARTESIAN_POINT('',(11.691667371228,5.672320016177,8.602307643957)
  );
#46 = CARTESIAN_POINT('',(11.62246113649,5.631169360589,8.257319348019)
  );
#47 = CARTESIAN_POINT('',(11.570320194589,5.60922115309,8.08602868519));
#48 = CARTESIAN_POINT('',(11.434680218784,5.56479709638,7.759643867368)
  );
#49 = CARTESIAN_POINT('',(11.351795150812,5.542397999775,7.604812356396)
  );
#50 = CARTESIAN_POINT('',(11.156099226529,5.497955448177,7.31165258659)
  );
#51 = CARTESIAN_POINT('',(11.042254640908,5.475799681001,7.172775463718)
  );
#52 = CARTESIAN_POINT('',(10.793425314977,5.434591299229,6.923535141985)
  );
#53 = CARTESIAN_POINT('',(10.657602471797,5.415299063969,6.811543369156)
  );
#54 = CARTESIAN_POINT('',(10.362416804022,5.38030871819,6.613468496165)
  );
#55 = CARTESIAN_POINT('',(10.204757942068,5.364884300364,6.528943777761)
  );
#56 = CARTESIAN_POINT('',(9.715908064782,5.32717959817,6.325370921286));
#57 = CARTESIAN_POINT('',(9.359211261011,5.312990405233,6.252832774126)
  );
#58 = CARTESIAN_POINT('',(9.,5.312990405233,6.252832774126));
#59 = ORIENTED_EDGE('',*,*,#60,.F.);
#60 = EDGE_CURVE('',#24,#22,#61,.T.);
#61 = B_SPLINE_CURVE_WITH_KNOTS('',3,(#62,#63,#64,#65,#66,#67,#68,#69,
    #70,#71,#72,#73,#74,#75,#76,#77,#78,#79,#80,#81,#82,#83,#84,#85,#86,
    #87,#88,#89,#90,#91,#92,#93),.UNSPECIFIED.,.F.,.F.,(4,2,2,2,2,2,2,2,
    2,2,2,2,2,2,2,4),(0.,5.311977397003E-04,1.062395479401E-03,
    1.593593219101E-03,2.124790958801E-03,3.187186438202E-03,
    3.718384177902E-03,4.249581917602E-03,4.780779657303E-03,
    5.311977397003E-03,5.843175136703E-03,6.374372876404E-03,
    6.905570616104E-03,7.436768355804E-03,7.967966095505E-03,
    8.499163835205E-03),.UNSPECIFIED.);
#62 = CARTESIAN_POINT('',(9.,5.312990405233,6.252832774126));
#63 = CARTESIAN_POINT('',(8.820358817938,5.312990405233,6.252832774126)
  );
#64 = CARTESIAN_POINT('',(8.643800899859,5.31641163953,6.270517681475));
#65 = CARTESIAN_POINT('',(8.296580066417,5.32960724998,6.339735605873));
#66 = CARTESIAN_POINT('',(8.124078622275,5.339545636633,6.392146488736)
  );
#67 = CARTESIAN_POINT('',(7.79594786437,5.364805824098,6.528510549659));
#68 = CARTESIAN_POINT('',(7.640419186639,5.380021073711,6.611882502803)
  );
#69 = CARTESIAN_POINT('',(7.346183890014,5.414802796733,6.80869270425));
#70 = CARTESIAN_POINT('',(7.207325022755,5.434479180938,6.922874783061)
  );
#71 = CARTESIAN_POINT('',(6.833926641667,5.496280991124,7.296617024673)
  );
#72 = CARTESIAN_POINT('',(6.632910843421,5.542701294068,7.597389211676)
  );
#73 = CARTESIAN_POINT('',(6.430452769937,5.60894747174,8.0839762262));
#74 = CARTESIAN_POINT('',(6.378239230893,5.63080564357,8.254343424376));
#75 = CARTESIAN_POINT('',(6.30823945371,5.672323147164,8.602261213162));
#76 = CARTESIAN_POINT('',(6.290599658219,5.691724848178,8.777447772277)
  );
#77 = CARTESIAN_POINT('',(6.28943012206,5.727697743749,9.130250657756));
#78 = CARTESIAN_POINT('',(6.306462934263,5.744403279512,9.309680136662)
  );
#79 = CARTESIAN_POINT('',(6.374484257627,5.773781251326,9.657175703775)
  );
#80 = CARTESIAN_POINT('',(6.425107390671,5.786596909484,9.826333588655)
  );
#81 = CARTESIAN_POINT('',(6.559982877437,5.808943998813,10.155318433524)
  );
#82 = CARTESIAN_POINT('',(6.644499672424,5.818401358787,10.314510671107)
  );
#83 = CARTESIAN_POINT('',(6.840278776281,5.833899504226,10.609350058037)
  );
#84 = CARTESIAN_POINT('',(6.952219707966,5.840072035049,10.746904745109)
  );
#85 = CARTESIAN_POINT('',(7.205403311144,5.850037742869,11.001395906933)
  );
#86 = CARTESIAN_POINT('',(7.342554200818,5.853676906465,11.114190756187)
  );
#87 = CARTESIAN_POINT('',(7.636656257706,5.859233064916,11.311611517335)
  );
#88 = CARTESIAN_POINT('',(7.795551114632,5.86116027178,11.396997041164)
  );
#89 = CARTESIAN_POINT('',(8.124654989214,5.863880489627,11.533751658198)
  );
#90 = CARTESIAN_POINT('',(8.294068772835,5.864688867454,11.585299861085)
  );
#91 = CARTESIAN_POINT('',(8.642534959876,5.865716726081,11.655023566911)
  );
#92 = CARTESIAN_POINT('',(8.822659179545,5.86593100108,11.672832774125)
  );
#93 = CARTESIAN_POINT('',(8.999999999976,5.86593100108,11.672832774126)
  );
#94 = FACE_BOUND('',#95,.F.);
#95 = EDGE_LOOP('',(#96,#113,#128,#143));
#96 = ORIENTED_EDGE('',*,*,#97,.T.);
#97 = EDGE_CURVE('',#98,#100,#102,.T.);
#98 = VERTEX_POINT('',#99);
#99 = CARTESIAN_POINT('',(14.463890724689,6.624360068713,14.344143022426
    ));
#100 = VERTEX_POINT('',#101);
#101 = CARTESIAN_POINT('',(14.53704495049,5.342216080719,1.45912570562)
  );
#102 = B_SPLINE_CURVE_WITH_KNOTS('',3,(#103,#104,#105,#106,#107,#108,
    #109,#110,#111,#112),.UNSPECIFIED.,.F.,.F.,(4,3,3,4),(0.,
    4.573320356696E-03,8.761089032248E-03,1.294885914096E-02),
  .UNSPECIFIED.);
#103 = CARTESIAN_POINT('',(14.463890724689,6.624360068713,
    14.344143022426));
#104 = CARTESIAN_POINT('',(14.471321942508,6.473139997339,
    12.827239946048));
#105 = CARTESIAN_POINT('',(14.479115316578,6.322003598595,
    11.310330242354));
#106 = CARTESIAN_POINT('',(14.487325907825,6.170964693619,9.793413134704
    ));
#107 = CARTESIAN_POINT('',(14.49484430893,6.032659054492,8.404379030486)
  );
#108 = CARTESIAN_POINT('',(14.502712558512,5.894435154672,7.015338620616
    ));
#109 = CARTESIAN_POINT('',(14.510980854559,5.756305754871,5.62629124092)
  );
#110 = CARTESIAN_POINT('',(14.51924915337,5.618176308898,4.237243396914)
  );
#111 = CARTESIAN_POINT('',(14.527917381744,5.480141314971,2.848188461147
    ));
#112 = CARTESIAN_POINT('',(14.53704495049,5.342216080719,1.45912570562)
  );
#113 = ORIENTED_EDGE('',*,*,#114,.T.);
#114 = EDGE_CURVE('',#100,#115,#117,.T.);
#115 = VERTEX_POINT('',#116);
#116 = CARTESIAN_POINT('',(3.46295504951,5.342216080719,1.45912570562));
#117 = B_SPLINE_CURVE_WITH_KNOTS('',3,(#118,#119,#120,#121,#122,#123,
    #124,#125,#126,#127),.UNSPECIFIED.,.F.,.F.,(4,2,2,2,4),(0.,
    2.784027906095E-03,5.56805581219E-03,8.352083718284E-03,
    1.113611162438E-02),.UNSPECIFIED.);
#118 = CARTESIAN_POINT('',(14.53704495049,5.342216080719,1.45912570562)
  );
#119 = CARTESIAN_POINT('',(13.623737699781,5.169503135751,1.453999705081
    ));
#120 = CARTESIAN_POINT('',(12.704780450721,5.039928649526,1.450154024107
    ));
#121 = CARTESIAN_POINT('',(10.855678285483,4.866198943881,1.444997846816
    ));
#122 = CARTESIAN_POINT('',(9.926842860014,4.822329296841,1.443695826087)
  );
#123 = CARTESIAN_POINT('',(8.07062007704,4.82240935687,1.443698202214));
#124 = CARTESIAN_POINT('',(7.14083618732,4.866461299311,1.445005633343)
  );
#125 = CARTESIAN_POINT('',(5.294534213162,5.040058308774,1.450157872304)
  );
#126 = CARTESIAN_POINT('',(4.376266991911,5.169502248518,1.453999678748)
  );
#127 = CARTESIAN_POINT('',(3.46295504951,5.342216080719,1.45912570562));
#128 = ORIENTED_EDGE('',*,*,#129,.T.);
#129 = EDGE_CURVE('',#115,#130,#132,.T.);
#130 = VERTEX_POINT('',#131);
#131 = CARTESIAN_POINT('',(3.536109275311,6.624360068713,14.344143022426
    ));
#132 = B_SPLINE_CURVE_WITH_KNOTS('',3,(#133,#134,#135,#136,#137,#138,
    #139,#140,#141,#142),.UNSPECIFIED.,.F.,.F.,(4,3,3,4),(0.,
    4.576119069436E-03,8.762488441776E-03,1.29488589304E-02),
  .UNSPECIFIED.);
#133 = CARTESIAN_POINT('',(3.46295504951,5.342216080719,1.45912570562));
#134 = CARTESIAN_POINT('',(3.472929054925,5.492931684356,2.977001914596)
  );
#135 = CARTESIAN_POINT('',(3.482354767622,5.643778296094,4.494868794729)
  );
#136 = CARTESIAN_POINT('',(3.49130910902,5.794736108975,6.012727292166)
  );
#137 = CARTESIAN_POINT('',(3.499500806102,5.932836793353,7.401309262749)
  );
#138 = CARTESIAN_POINT('',(3.50729772616,6.071030637194,8.789884342126)
  );
#139 = CARTESIAN_POINT('',(3.514749250775,6.209305102082,10.178453187771
    ));
#140 = CARTESIAN_POINT('',(3.522200777419,6.347579604632,11.56702241162)
  );
#141 = CARTESIAN_POINT('',(3.529306814678,6.485934765153,12.955585492257
    ));
#142 = CARTESIAN_POINT('',(3.536109275311,6.624360068713,14.344143022426
    ));
#143 = ORIENTED_EDGE('',*,*,#144,.T.);
#144 = EDGE_CURVE('',#130,#98,#145,.T.);
#145 = B_SPLINE_CURVE_WITH_KNOTS('',3,(#146,#147,#148,#149,#150,#151,
    #152,#153,#154,#155),.UNSPECIFIED.,.F.,.F.,(4,2,2,2,4),(0.,
    2.746111323442E-03,5.492222646884E-03,8.238333970327E-03,
    1.098444529377E-02),.UNSPECIFIED.);
#146 = CARTESIAN_POINT('',(3.536109275311,6.624360068713,14.344143022426
    ));
#147 = CARTESIAN_POINT('',(4.437938391999,6.468381747691,14.397850665428
    ));
#148 = CARTESIAN_POINT('',(5.344953597332,6.351361876746,14.438143838298
    ));
#149 = CARTESIAN_POINT('',(7.169259392872,6.194511920072,14.492151609524
    ));
#150 = CARTESIAN_POINT('',(8.085525934271,6.154916107807,14.505785541058
    ));
#151 = CARTESIAN_POINT('',(9.916393306651,6.154971502838,14.505766467019
    ));
#152 = CARTESIAN_POINT('',(10.833496887394,6.194701758362,
    14.492086242959));
#153 = CARTESIAN_POINT('',(12.655588406959,6.351455703401,14.43811153119
    ));
#154 = CARTESIAN_POINT('',(13.562057758418,6.468381081876,
    14.397850894687));
#155 = CARTESIAN_POINT('',(14.463890724689,6.624360068713,
    14.344143022426));
#156 = B_SPLINE_SURFACE_WITH_KNOTS('',3,3,(
    (#157,#158,#159,#160)
    ,(#161,#162,#163,#164)
    ,(#165,#166,#167,#168)
    ,(#169,#170,#171,#172)
    ,(#173,#174,#175,#176)
    ,(#177,#178,#179,#180)
    ,(#181,#182,#183,#184
    )),.UNSPECIFIED.,.F.,.F.,.F.,(4,3,4),(4,4),(7.95274065755E-02,0.5,
    0.920472593424),(6.218352264908E-02,0.930717018309),
  .PIECEWISE_BEZIER_KNOTS.);
#157 = CARTESIAN_POINT('',(3.407955932348,6.656192905043,14.429935086714
    ));
#158 = CARTESIAN_POINT('',(3.404499983132,6.21911082377,10.074379348357)
  );
#159 = CARTESIAN_POINT('',(3.401048245071,5.782039899861,5.718822488576)
  );
#160 = CARTESIAN_POINT('',(3.397600960535,5.34498003884,1.363264516847)
  );
#161 = CARTESIAN_POINT('',(5.240604593916,6.330636717046,14.532134274593
    ));
#162 = CARTESIAN_POINT('',(5.237766054051,5.885368939167,10.142808998151
    ));
#163 = CARTESIAN_POINT('',(5.234928811205,5.440105005091,5.7534833237));
#164 = CARTESIAN_POINT('',(5.232092866031,4.994844918281,1.364157250964)
  );
#165 = CARTESIAN_POINT('',(7.118910403416,6.163002820328,14.584771728179
    ));
#166 = CARTESIAN_POINT('',(7.117447983222,5.713434853195,10.178044495343
    ));
#167 = CARTESIAN_POINT('',(7.115986227494,5.263866886063,5.771317262507)
  );
#168 = CARTESIAN_POINT('',(7.114525135029,4.81429891893,1.364590029671)
  );
#169 = CARTESIAN_POINT('',(9.,6.163002820328,14.584771728179));
#170 = CARTESIAN_POINT('',(9.,5.713434853195,10.178044495343));
#171 = CARTESIAN_POINT('',(9.,5.263866886063,5.771317262507));
#172 = CARTESIAN_POINT('',(9.,4.81429891893,1.364590029671));
#173 = CARTESIAN_POINT('',(10.881089596584,6.163002820328,
    14.584771728179));
#174 = CARTESIAN_POINT('',(10.882552016778,5.713434853195,
    10.178044495343));
#175 = CARTESIAN_POINT('',(10.884013772506,5.263866886063,5.771317262507
    ));
#176 = CARTESIAN_POINT('',(10.885474864971,4.81429891893,1.364590029671)
  );
#177 = CARTESIAN_POINT('',(12.759395406084,6.330636717046,
    14.532134274593));
#178 = CARTESIAN_POINT('',(12.762233945949,5.885368939167,
    10.142808998151));
#179 = CARTESIAN_POINT('',(12.765071188795,5.440105005091,5.7534833237)
  );
#180 = CARTESIAN_POINT('',(12.767907133969,4.994844918281,1.364157250964
    ));
#181 = CARTESIAN_POINT('',(14.592044067652,6.656192905043,
    14.429935086714));
#182 = CARTESIAN_POINT('',(14.595500016868,6.21911082377,10.074379348357
    ));
#183 = CARTESIAN_POINT('',(14.598951754929,5.782039899861,5.718822488576
    ));
#184 = CARTESIAN_POINT('',(14.602399039465,5.34498003884,1.363264516847)
  );
#185 = ADVANCED_FACE('',(#186),#229,.F.);
#186 = FACE_BOUND('',#187,.F.);
#187 = EDGE_LOOP('',(#188,#200,#201,#216));
#188 = ORIENTED_EDGE('',*,*,#189,.T.);
#189 = EDGE_CURVE('',#190,#100,#192,.T.);
#190 = VERTEX_POINT('',#191);
#191 = CARTESIAN_POINT('',(16.60551697537,-5.5E-14,1.300572433796));
#192 = B_SPLINE_CURVE_WITH_KNOTS('',3,(#193,#194,#195,#196,#197,#198,
    #199),.UNSPECIFIED.,.F.,.F.,(4,3,4),(0.,2.286660191282E-03,
    5.730880945986E-03),.UNSPECIFIED.);
#193 = CARTESIAN_POINT('',(16.60551697537,-5.464E-14,1.300572433796));
#194 = CARTESIAN_POINT('',(16.329871456851,0.710320020254,1.321654239839
    ));
#195 = CARTESIAN_POINT('',(16.0544133291,1.420712732809,1.342738203339)
  );
#196 = CARTESIAN_POINT('',(15.779171987953,2.13118932723,1.363824656395)
  );
#197 = CARTESIAN_POINT('',(15.36459711308,3.201325608379,1.395585559756)
  );
#198 = CARTESIAN_POINT('',(14.950511952775,4.271651641851,1.427352094834
    ));
#199 = CARTESIAN_POINT('',(14.53704495049,5.342216080719,1.45912570562)
  );
#200 = ORIENTED_EDGE('',*,*,#97,.F.);
#201 = ORIENTED_EDGE('',*,*,#202,.F.);
#202 = EDGE_CURVE('',#203,#98,#205,.T.);
#203 = VERTEX_POINT('',#204);
#204 = CARTESIAN_POINT('',(16.632379749147,-4.E-15,16.625093114457));
#205 = B_SPLINE_CURVE_WITH_KNOTS('',3,(#206,#207,#208,#209,#210,#211,
    #212,#213,#214,#215),.UNSPECIFIED.,.F.,.F.,(4,3,3,4),(0.,
    2.286660128823E-03,4.810318738119E-03,7.333977770891E-03),
  .UNSPECIFIED.);
#206 = CARTESIAN_POINT('',(16.632379749147,-3.83E-15,16.625093114457));
#207 = CARTESIAN_POINT('',(16.407393688399,0.688582084681,
    16.387995288685));
#208 = CARTESIAN_POINT('',(16.182303296243,1.377133703428,
    16.150907953175));
#209 = CARTESIAN_POINT('',(15.957094875557,2.065650800342,
    15.913832504486));
#210 = CARTESIAN_POINT('',(15.708544966697,2.825528522348,
    15.652185622075));
#211 = CARTESIAN_POINT('',(15.459851395398,3.58536425189,15.39055319883)
  );
#212 = CARTESIAN_POINT('',(15.210992154494,4.345151456726,
    15.128937483981));
#213 = CARTESIAN_POINT('',(14.962132872871,5.104938785882,
    14.867321726325));
#214 = CARTESIAN_POINT('',(14.713107989638,5.864677647159,
    14.605722657498));
#215 = CARTESIAN_POINT('',(14.463890724689,6.624360068713,
    14.344143022426));
#216 = ORIENTED_EDGE('',*,*,#217,.T.);
#217 = EDGE_CURVE('',#203,#190,#218,.T.);
#218 = B_SPLINE_CURVE_WITH_KNOTS('',3,(#219,#220,#221,#222,#223,#224,
    #225,#226,#227,#228),.UNSPECIFIED.,.F.,.F.,(4,3,3,4),(0.,
    4.573320229305E-03,9.146640476977E-03,1.532454475191E-02),
  .UNSPECIFIED.);
#219 = CARTESIAN_POINT('',(16.632379749147,-3.83E-15,16.625093114457));
#220 = CARTESIAN_POINT('',(16.630308738493,-1.6E-16,15.100654444797));
#221 = CARTESIAN_POINT('',(16.628095457533,-2.2E-16,13.576215958807));
#222 = CARTESIAN_POINT('',(16.625710154069,-2.2E-16,12.051777748525));
#223 = CARTESIAN_POINT('',(16.623324850599,-2.2E-16,10.527339534671));
#224 = CARTESIAN_POINT('',(16.620767689156,-1.19E-15,9.002901575433));
#225 = CARTESIAN_POINT('',(16.618000640655,-1.19E-15,7.478464006697));
#226 = CARTESIAN_POINT('',(16.61426275229,-1.19E-15,5.419166003813));
#227 = CARTESIAN_POINT('',(16.610144060585,1.19E-15,3.359868630697));
#228 = CARTESIAN_POINT('',(16.60551697537,-5.464E-14,1.300572433796));
#229 = B_SPLINE_SURFACE_WITH_KNOTS('',3,3,(
    (#230,#231,#232,#233)
    ,(#234,#235,#236,#237)
    ,(#238,#239,#240,#241)
    ,(#242,#243,#244,#245
    )),.UNSPECIFIED.,.F.,.F.,.F.,(4,4),(4,4),(6.409260159295E-02,
    0.932975588279),(4.480836665586E-02,0.872048970967),
  .PIECEWISE_BEZIER_KNOTS.);
#230 = CARTESIAN_POINT('',(16.645279085511,-3.913768501301E-02,
    16.72979732472));
#231 = CARTESIAN_POINT('',(15.913665440699,2.202370122408,
    16.012705976116));
#232 = CARTESIAN_POINT('',(15.182046660214,4.444233617513,
    15.296715944898));
#233 = CARTESIAN_POINT('',(14.450485374394,6.686637026142,
    14.582331975458));
#234 = CARTESIAN_POINT('',(16.651652109443,-7.808855500461E-02,
    11.555869168809));
#235 = CARTESIAN_POINT('',(15.92020704735,2.043359129205,11.081061897542
    ));
#236 = CARTESIAN_POINT('',(15.188775283718,4.165102905484,
    10.607461895787));
#237 = CARTESIAN_POINT('',(14.457435564907,6.287314072396,
    10.135655602384));
#238 = CARTESIAN_POINT('',(16.659352894813,-0.119682609823,
    6.381950924654));
#239 = CARTESIAN_POINT('',(15.928159256054,1.881510939413,6.149489917616
    ));
#240 = CARTESIAN_POINT('',(15.197009091004,3.88291146542,5.918362986853)
  );
#241 = CARTESIAN_POINT('',(14.466004406444,5.88466374986,5.689261663136)
  );
#242 = CARTESIAN_POINT('',(16.669521879587,-0.165254741374,
    1.208047598004));
#243 = CARTESIAN_POINT('',(15.938804634681,1.715317950536,1.21802672866)
  );
#244 = CARTESIAN_POINT('',(15.208206728155,3.595937784505,1.229501975645
    ));
#245 = CARTESIAN_POINT('',(14.477898704905,5.476671465877,1.243321160434
    ));
#246 = ADVANCED_FACE('',(#247),#269,.F.);
#247 = FACE_BOUND('',#248,.T.);
#248 = EDGE_LOOP('',(#249,#261,#267,#268));
#249 = ORIENTED_EDGE('',*,*,#250,.F.);
#250 = EDGE_CURVE('',#251,#115,#253,.T.);
#251 = VERTEX_POINT('',#252);
#252 = CARTESIAN_POINT('',(1.39448302463,-1.08E-13,1.300572433796));
#253 = B_SPLINE_CURVE_WITH_KNOTS('',3,(#254,#255,#256,#257,#258,#259,
    #260),.UNSPECIFIED.,.F.,.F.,(4,3,4),(0.,2.288059480949E-03,
    5.730880945495E-03),.UNSPECIFIED.);
#254 = CARTESIAN_POINT('',(1.39448302463,-1.0777E-13,1.300572433796));
#255 = CARTESIAN_POINT('',(1.670297220562,0.710754690639,1.321667140555)
  );
#256 = CARTESIAN_POINT('',(1.945923796904,1.421582162372,1.342764007406)
  );
#257 = CARTESIAN_POINT('',(2.221333302071,2.132493625974,1.363863367078)
  );
#258 = CARTESIAN_POINT('',(2.635739346536,3.202195295916,1.395611371479)
  );
#259 = CARTESIAN_POINT('',(3.049656027197,4.272086581962,1.427365003555)
  );
#260 = CARTESIAN_POINT('',(3.46295504951,5.342216080719,1.45912570562));
#261 = ORIENTED_EDGE('',*,*,#262,.T.);
#262 = EDGE_CURVE('',#251,#190,#263,.T.);
#263 = LINE('',#264,#265);
#264 = CARTESIAN_POINT('',(9.,0.,1.300572433796));
#265 = VECTOR('',#266,1.);
#266 = DIRECTION('',(1.,0.,-8.E-17));
#267 = ORIENTED_EDGE('',*,*,#189,.T.);
#268 = ORIENTED_EDGE('',*,*,#114,.T.);
#269 = PLANE('',#270);
#270 = AXIS2_PLACEMENT_3D('',#271,#272,#273);
#271 = CARTESIAN_POINT('',(9.,5.961433882689,1.477503660946));
#272 = DIRECTION('',(-8.E-17,2.966624408511E-02,-0.999559860119));
#273 = DIRECTION('',(0.,0.999559860119,2.966624408511E-02));
#274 = ADVANCED_FACE('',(#275),#307,.F.);
#275 = FACE_BOUND('',#276,.F.);
#276 = EDGE_LOOP('',(#277,#292,#293,#294));
#277 = ORIENTED_EDGE('',*,*,#278,.T.);
#278 = EDGE_CURVE('',#279,#130,#281,.T.);
#279 = VERTEX_POINT('',#280);
#280 = CARTESIAN_POINT('',(1.367620250853,0.,16.625093114457));
#281 = B_SPLINE_CURVE_WITH_KNOTS('',3,(#282,#283,#284,#285,#286,#287,
    #288,#289,#290,#291),.UNSPECIFIED.,.F.,.F.,(4,3,3,4),(0.,
    2.288059418371E-03,4.811018382988E-03,7.333977770764E-03),
  .UNSPECIFIED.);
#282 = CARTESIAN_POINT('',(1.367620250853,-8.E-17,16.625093114457));
#283 = CARTESIAN_POINT('',(1.592743988661,0.689003452816,16.3878502));
#284 = CARTESIAN_POINT('',(1.81797218537,1.377976402477,16.150617788623)
  );
#285 = CARTESIAN_POINT('',(2.04331856397,2.066914785419,15.913397279521)
  );
#286 = CARTESIAN_POINT('',(2.291799725931,2.826581796605,15.651822950664
    ));
#287 = CARTESIAN_POINT('',(2.540424481926,3.586206835285,15.3902630741)
  );
#288 = CARTESIAN_POINT('',(2.78921482256,4.34578337413,15.128719897369)
  );
#289 = CARTESIAN_POINT('',(3.038005203883,5.105360037203,14.867176677863
    ));
#290 = CARTESIAN_POINT('',(3.286961101944,5.864888257208,14.605650138642
    ));
#291 = CARTESIAN_POINT('',(3.536109275311,6.624360068713,14.344143022426
    ));
#292 = ORIENTED_EDGE('',*,*,#129,.F.);
#293 = ORIENTED_EDGE('',*,*,#250,.F.);
#294 = ORIENTED_EDGE('',*,*,#295,.F.);
#295 = EDGE_CURVE('',#279,#251,#296,.T.);
#296 = B_SPLINE_CURVE_WITH_KNOTS('',3,(#297,#298,#299,#300,#301,#302,
    #303,#304,#305,#306),.UNSPECIFIED.,.F.,.F.,(4,3,3,4),(0.,
    4.576118808349E-03,9.152237635115E-03,1.532454475167E-02),
  .UNSPECIFIED.);
#297 = CARTESIAN_POINT('',(1.367620250853,-8.E-17,16.625093114457));
#298 = CARTESIAN_POINT('',(1.369692528833,-1.6E-16,15.099721585976));
#299 = CARTESIAN_POINT('',(1.371907250545,-5.E-17,13.574350241382));
#300 = CARTESIAN_POINT('',(1.374294225084,-5.E-17,12.048979172891));
#301 = CARTESIAN_POINT('',(1.376681199628,-5.E-17,10.523608100819));
#302 = CARTESIAN_POINT('',(1.379240261927,2.2E-16,8.998237283713));
#303 = CARTESIAN_POINT('',(1.38200951983,2.2E-16,7.472866857759));
#304 = CARTESIAN_POINT('',(1.385744717865,2.2E-16,5.415434572413));
#305 = CARTESIAN_POINT('',(1.389860131537,1.1E-16,3.35800291606));
#306 = CARTESIAN_POINT('',(1.39448302463,-1.0777E-13,1.300572433796));
#307 = B_SPLINE_SURFACE_WITH_KNOTS('',3,3,(
    (#308,#309,#310,#311)
    ,(#312,#313,#314,#315)
    ,(#316,#317,#318,#319)
    ,(#320,#321,#322,#323
    )),.UNSPECIFIED.,.F.,.F.,.F.,(4,4),(4,4),(6.702441172139E-02,
    0.935907398407),(4.480836665586E-02,0.872048970967),
  .PIECEWISE_BEZIER_KNOTS.);
#308 = CARTESIAN_POINT('',(1.330478120413,-0.165254741374,1.208047598004
    ));
#309 = CARTESIAN_POINT('',(2.061195365319,1.715317950536,1.21802672866)
  );
#310 = CARTESIAN_POINT('',(2.791793271845,3.595937784505,1.229501975645)
  );
#311 = CARTESIAN_POINT('',(3.522101295095,5.476671465877,1.243321160434)
  );
#312 = CARTESIAN_POINT('',(1.340647105187,-0.119682609823,6.381950924654
    ));
#313 = CARTESIAN_POINT('',(2.071840743946,1.881510939413,6.149489917616)
  );
#314 = CARTESIAN_POINT('',(2.802990908996,3.88291146542,5.918362986853)
  );
#315 = CARTESIAN_POINT('',(3.533995593556,5.88466374986,5.689261663136)
  );
#316 = CARTESIAN_POINT('',(1.348347890557,-7.808855500461E-02,
    11.555869168809));
#317 = CARTESIAN_POINT('',(2.07979295265,2.043359129205,11.081061897542)
  );
#318 = CARTESIAN_POINT('',(2.811224716282,4.165102905484,10.607461895787
    ));
#319 = CARTESIAN_POINT('',(3.542564435093,6.287314072396,10.135655602384
    ));
#320 = CARTESIAN_POINT('',(1.354720914489,-3.913768501301E-02,
    16.72979732472));
#321 = CARTESIAN_POINT('',(2.086334559301,2.202370122408,16.012705976116
    ));
#322 = CARTESIAN_POINT('',(2.817953339786,4.444233617513,15.296715944898
    ));
#323 = CARTESIAN_POINT('',(3.549514625606,6.686637026142,14.582331975458
    ));
#324 = ADVANCED_FACE('',(#325),#336,.T.);
#325 = FACE_BOUND('',#326,.T.);
#326 = EDGE_LOOP('',(#327,#328,#334,#335));
#327 = ORIENTED_EDGE('',*,*,#202,.F.);
#328 = ORIENTED_EDGE('',*,*,#329,.F.);
#329 = EDGE_CURVE('',#279,#203,#330,.T.);
#330 = LINE('',#331,#332);
#331 = CARTESIAN_POINT('',(9.,0.,16.625093114457));
#332 = VECTOR('',#333,1.);
#333 = DIRECTION('',(1.,0.,8.29E-15));
#334 = ORIENTED_EDGE('',*,*,#278,.T.);
#335 = ORIENTED_EDGE('',*,*,#144,.T.);
#336 = PLANE('',#337);
#337 = AXIS2_PLACEMENT_3D('',#338,#339,#340);
#338 = CARTESIAN_POINT('',(9.,7.129613313538,14.170170378529));
#339 = DIRECTION('',(7.84E-15,-0.325568154457,-0.945518575599));
#340 = DIRECTION('',(0.,0.945518575599,-0.325568154457));
#341 = ADVANCED_FACE('',(#342,#376),#382,.F.);
#342 = FACE_BOUND('',#343,.T.);
#343 = EDGE_LOOP('',(#344,#354,#362,#370));
#344 = ORIENTED_EDGE('',*,*,#345,.T.);
#345 = EDGE_CURVE('',#346,#348,#350,.T.);
#346 = VERTEX_POINT('',#347);
#347 = CARTESIAN_POINT('',(0.,0.,0.));
#348 = VERTEX_POINT('',#349);
#349 = CARTESIAN_POINT('',(18.,0.,0.));
#350 = LINE('',#351,#352);
#351 = CARTESIAN_POINT('',(0.,0.,0.));
#352 = VECTOR('',#353,1.);
#353 = DIRECTION('',(1.,0.,0.));
#354 = ORIENTED_EDGE('',*,*,#355,.F.);
#355 = EDGE_CURVE('',#356,#348,#358,.T.);
#356 = VERTEX_POINT('',#357);
#357 = CARTESIAN_POINT('',(18.,0.,18.));
#358 = LINE('',#359,#360);
#359 = CARTESIAN_POINT('',(18.,0.,18.));
#360 = VECTOR('',#361,1.);
#361 = DIRECTION('',(0.,0.,-1.));
#362 = ORIENTED_EDGE('',*,*,#363,.F.);
#363 = EDGE_CURVE('',#364,#356,#366,.T.);
#364 = VERTEX_POINT('',#365);
#365 = CARTESIAN_POINT('',(0.,0.,18.));
#366 = LINE('',#367,#368);
#367 = CARTESIAN_POINT('',(0.,0.,18.));
#368 = VECTOR('',#369,1.);
#369 = DIRECTION('',(1.,0.,0.));
#370 = ORIENTED_EDGE('',*,*,#371,.T.);
#371 = EDGE_CURVE('',#364,#346,#372,.T.);
#372 = LINE('',#373,#374);
#373 = CARTESIAN_POINT('',(0.,0.,18.));
#374 = VECTOR('',#375,1.);
#375 = DIRECTION('',(0.,0.,-1.));
#376 = FACE_BOUND('',#377,.T.);
#377 = EDGE_LOOP('',(#378,#379,#380,#381));
#378 = ORIENTED_EDGE('',*,*,#262,.F.);
#379 = ORIENTED_EDGE('',*,*,#295,.F.);
#380 = ORIENTED_EDGE('',*,*,#329,.T.);
#381 = ORIENTED_EDGE('',*,*,#217,.T.);
#382 = PLANE('',#383);
#383 = AXIS2_PLACEMENT_3D('',#384,#385,#386);
#384 = CARTESIAN_POINT('',(0.,0.,0.));
#385 = DIRECTION('',(0.,1.,0.));
#386 = DIRECTION('',(0.,0.,1.));
#387 = ADVANCED_FACE('',(#388),#422,.T.);
#388 = FACE_BOUND('',#389,.T.);
#389 = EDGE_LOOP('',(#390,#399,#414,#421));
#390 = ORIENTED_EDGE('',*,*,#391,.T.);
#391 = EDGE_CURVE('',#346,#392,#394,.T.);
#392 = VERTEX_POINT('',#393);
#393 = CARTESIAN_POINT('',(3.55160284697,6.438531778026,0.191091162118)
  );
#394 = B_SPLINE_CURVE_WITH_KNOTS('',3,(#395,#396,#397,#398),
  .UNSPECIFIED.,.F.,.F.,(4,4),(0.,0.986561333602),
  .PIECEWISE_BEZIER_KNOTS.);
#395 = CARTESIAN_POINT('',(0.,0.,0.));
#396 = CARTESIAN_POINT('',(1.286786937412,2.306978376974,
    6.846951979664E-02));
#397 = CARTESIAN_POINT('',(2.470654524026,4.453155652114,0.132166574305)
  );
#398 = CARTESIAN_POINT('',(3.55160284697,6.438531778026,0.191091162118)
  );
#399 = ORIENTED_EDGE('',*,*,#400,.T.);
#400 = EDGE_CURVE('',#392,#401,#403,.T.);
#401 = VERTEX_POINT('',#402);
#402 = CARTESIAN_POINT('',(14.448397286443,6.438531803993,0.191091162889
    ));
#403 = B_SPLINE_CURVE_WITH_KNOTS('',3,(#404,#405,#406,#407,#408,#409,
    #410,#411,#412,#413),.UNSPECIFIED.,.F.,.F.,(4,2,2,2,4),(0.,
    2.736798747652E-03,5.473597495304E-03,8.210396242957E-03,
    1.094719499061E-02),.UNSPECIFIED.);
#404 = CARTESIAN_POINT('',(3.55160284697,6.438531778026,0.191091162118)
  );
#405 = CARTESIAN_POINT('',(4.449781389857,6.263708794148,0.185902537086)
  );
#406 = CARTESIAN_POINT('',(5.352999371547,6.132758822,0.182016032643));
#407 = CARTESIAN_POINT('',(7.169339190679,5.957082756726,0.176802088746)
  );
#408 = CARTESIAN_POINT('',(8.084455705434,5.912438233296,0.175477070224)
  );
#409 = CARTESIAN_POINT('',(9.911940122487,5.912321177027,0.175473596075)
  );
#410 = CARTESIAN_POINT('',(10.826083404595,5.956728388641,0.176791571347
    ));
#411 = CARTESIAN_POINT('',(12.64610046996,6.132583666667,0.182010834155)
  );
#412 = CARTESIAN_POINT('',(13.55022483948,6.263710002175,0.185902572939)
  );
#413 = CARTESIAN_POINT('',(14.448397286443,6.438531803993,0.191091162889
    ));
#414 = ORIENTED_EDGE('',*,*,#415,.T.);
#415 = EDGE_CURVE('',#401,#348,#416,.T.);
#416 = B_SPLINE_CURVE_WITH_KNOTS('',3,(#417,#418,#419,#420),
  .UNSPECIFIED.,.F.,.F.,(4,4),(1.343881831846E-02,1.),
  .PIECEWISE_BEZIER_KNOTS.);
#417 = CARTESIAN_POINT('',(14.448397286443,6.438531803993,0.191091162889
    ));
#418 = CARTESIAN_POINT('',(15.529345569696,4.453155671361,0.132166574876
    ));
#419 = CARTESIAN_POINT('',(16.713213111838,2.306978387564,
    6.846952011096E-02));
#420 = CARTESIAN_POINT('',(18.,0.,0.));
#421 = ORIENTED_EDGE('',*,*,#345,.F.);
#422 = PLANE('',#423);
#423 = AXIS2_PLACEMENT_3D('',#424,#425,#426);
#424 = CARTESIAN_POINT('',(9.,6.,0.178075842791));
#425 = DIRECTION('',(-8.E-17,2.966624408511E-02,-0.999559860119));
#426 = DIRECTION('',(0.,0.999559860119,2.966624408511E-02));
#427 = ADVANCED_FACE('',(#428),#481,.T.);
#428 = FACE_BOUND('',#429,.T.);
#429 = EDGE_LOOP('',(#430,#458,#473,#480));
#430 = ORIENTED_EDGE('',*,*,#431,.T.);
#431 = EDGE_CURVE('',#348,#432,#434,.T.);
#432 = VERTEX_POINT('',#433);
#433 = CARTESIAN_POINT('',(15.381295117311,6.732864915154,1.137154733758
    ));
#434 = B_SPLINE_CURVE_WITH_KNOTS('',3,(#435,#436,#437,#438,#439,#440,
    #441,#442,#443,#444,#445,#446,#447,#448,#449,#450,#451,#452,#453,
    #454,#455,#456,#457),.UNSPECIFIED.,.F.,.F.,(4,2,2,1,2,2,2,1,1,2,2,1,
    1,4),(0.,0.486350884698,0.547144745285,0.607938605872,0.729526327046
    ,0.851114048221,0.911907908808,0.927106373955,0.934705606528,
    0.936605414672,0.937555318743,0.938505222815,0.942304839102,
    0.972701769395),.UNSPECIFIED.);
#435 = CARTESIAN_POINT('',(18.,0.,0.));
#436 = CARTESIAN_POINT('',(17.551241676619,1.137929706146,0.198312053849
    ));
#437 = CARTESIAN_POINT('',(17.118211223885,2.242930802757,0.388263025863
    ));
#438 = CARTESIAN_POINT('',(16.648745819039,3.449105528562,0.592362932944
    ));
#439 = CARTESIAN_POINT('',(16.593421086354,3.591373191015,0.616387815714
    ));
#440 = CARTESIAN_POINT('',(16.48499127668,3.870471207992,0.663413495497)
  );
#441 = CARTESIAN_POINT('',(16.323139867078,4.28747022425,0.733520309967)
  );
#442 = CARTESIAN_POINT('',(16.1636683722,4.699526029052,0.802330355784)
  );
#443 = CARTESIAN_POINT('',(15.953155192118,5.244540166708,0.89292366375)
  );
#444 = CARTESIAN_POINT('',(15.844953495376,5.525232213309,0.939362336647
    ));
#445 = CARTESIAN_POINT('',(15.686288886903,5.937713838026,1.007261641928
    ));
#446 = CARTESIAN_POINT('',(15.633119701135,6.076084355513,1.029982249449
    ));
#447 = CARTESIAN_POINT('',(15.566842051755,6.248757992124,1.058262362893
    ));
#448 = CARTESIAN_POINT('',(15.5469839391,6.300508609036,1.066732494588)
  );
#449 = CARTESIAN_POINT('',(15.525511904734,6.35648813586,1.075885871452)
  );
#450 = CARTESIAN_POINT('',(15.517259987832,6.378005319295,1.07940277879)
  );
#451 = CARTESIAN_POINT('',(15.514784806232,6.384459670101,1.080457633649
    ));
#452 = CARTESIAN_POINT('',(15.514640690495,6.384835439537,1.080519076663
    ));
#453 = CARTESIAN_POINT('',(15.511340491347,6.393441437987,1.081925422868
    ));
#454 = CARTESIAN_POINT('',(15.503152638669,6.414793736503,1.085413599836
    ));
#455 = CARTESIAN_POINT('',(15.444880401021,6.566780776193,1.11020195294)
  );
#456 = CARTESIAN_POINT('',(15.404420722918,6.672443338313,1.12723563361)
  );
#457 = CARTESIAN_POINT('',(15.381295117311,6.732864915154,1.137154733758
    ));
#458 = ORIENTED_EDGE('',*,*,#459,.T.);
#459 = EDGE_CURVE('',#432,#460,#462,.T.);
#460 = VERTEX_POINT('',#461);
#461 = CARTESIAN_POINT('',(15.377536377368,8.036521158906,
    14.259331565908));
#462 = B_SPLINE_CURVE_WITH_KNOTS('',3,(#463,#464,#465,#466,#467,#468,
    #469,#470,#471,#472),.UNSPECIFIED.,.F.,.F.,(4,3,3,4),(0.,
    4.541606390189E-03,8.864250932751E-03,1.318689549219E-02),
  .UNSPECIFIED.);
#463 = CARTESIAN_POINT('',(15.381295117311,6.732864915154,1.137154733758
    ));
#464 = CARTESIAN_POINT('',(15.380828449733,6.882354598309,2.643504692367
    ));
#465 = CARTESIAN_POINT('',(15.380372248384,7.031919969862,4.149967016074
    ));
#466 = CARTESIAN_POINT('',(15.37992872962,7.181540087545,5.656423904733)
  );
#467 = CARTESIAN_POINT('',(15.37950659397,7.323946656878,7.090250857185)
  );
#468 = CARTESIAN_POINT('',(15.379095917013,7.466402854012,8.524072884693
    ));
#469 = CARTESIAN_POINT('',(15.378696874564,7.608901543217,9.957890691495
    ));
#470 = CARTESIAN_POINT('',(15.378297832114,7.751400232991,
    11.391708504024));
#471 = CARTESIAN_POINT('',(15.377910409903,7.893941431111,
    12.825522095646));
#472 = CARTESIAN_POINT('',(15.377536377368,8.036521158906,
    14.259331565908));
#473 = ORIENTED_EDGE('',*,*,#474,.T.);
#474 = EDGE_CURVE('',#460,#356,#475,.T.);
#475 = B_SPLINE_CURVE_WITH_KNOTS('',3,(#476,#477,#478,#479),
  .UNSPECIFIED.,.F.,.F.,(4,4),(1.132987968736E-02,1.),
  .PIECEWISE_BEZIER_KNOTS.);
#476 = CARTESIAN_POINT('',(15.377536377368,8.036521158906,
    14.259331565908));
#477 = CARTESIAN_POINT('',(16.178772954577,5.614784620576,15.39837649948
    ));
#478 = CARTESIAN_POINT('',(17.052928286684,2.935820426825,
    16.645517296226));
#479 = CARTESIAN_POINT('',(18.,0.,18.));
#480 = ORIENTED_EDGE('',*,*,#355,.T.);
#481 = B_SPLINE_SURFACE_WITH_KNOTS('',3,1,(
    (#482,#483)
    ,(#484,#485)
    ,(#486,#487)
    ,(#488,#489)
    ,(#490,#491)
    ,(#492,#493
    )),.UNSPECIFIED.,.F.,.F.,.F.,(4,2,4),(2,2),(0.,0.5,1.),(0.,1.),
  .UNSPECIFIED.);
#482 = CARTESIAN_POINT('',(18.,0.,18.));
#483 = CARTESIAN_POINT('',(15.35,8.214714917252,15.171446818688));
#484 = CARTESIAN_POINT('',(18.,0.,15.));
#485 = CARTESIAN_POINT('',(15.35,7.965542947591,12.676111605328));
#486 = CARTESIAN_POINT('',(18.,0.,12.));
#487 = CARTESIAN_POINT('',(15.35,7.71637097793,10.180776391969));
#488 = CARTESIAN_POINT('',(18.,0.,6.));
#489 = CARTESIAN_POINT('',(15.35,7.218027038608,5.190105965251));
#490 = CARTESIAN_POINT('',(18.,0.,3.));
#491 = CARTESIAN_POINT('',(15.35,6.968855068947,2.694770751891));
#492 = CARTESIAN_POINT('',(18.,0.,0.));
#493 = CARTESIAN_POINT('',(15.35,6.719683099286,0.199435538532));
#494 = ADVANCED_FACE('',(#495),#529,.F.);
#495 = FACE_BOUND('',#496,.T.);
#496 = EDGE_LOOP('',(#497,#506,#521,#528));
#497 = ORIENTED_EDGE('',*,*,#498,.T.);
#498 = EDGE_CURVE('',#356,#499,#501,.T.);
#499 = VERTEX_POINT('',#500);
#500 = CARTESIAN_POINT('',(14.475994870715,7.967120106574,
    15.256700548912));
#501 = B_SPLINE_CURVE_WITH_KNOTS('',3,(#502,#503,#504,#505),
  .UNSPECIFIED.,.F.,.F.,(4,4),(0.,0.990315304047),
  .PIECEWISE_BEZIER_KNOTS.);
#502 = CARTESIAN_POINT('',(18.,0.,18.));
#503 = CARTESIAN_POINT('',(16.730113955406,2.895297195927,
    17.003069226762));
#504 = CARTESIAN_POINT('',(15.555445562345,5.551003891474,
    16.088636078687));
#505 = CARTESIAN_POINT('',(14.475994870715,7.967120106574,
    15.256700548912));
#506 = ORIENTED_EDGE('',*,*,#507,.T.);
#507 = EDGE_CURVE('',#499,#508,#510,.T.);
#508 = VERTEX_POINT('',#509);
#509 = CARTESIAN_POINT('',(3.524005120229,7.967120086311,15.256700555888
    ));
#510 = B_SPLINE_CURVE_WITH_KNOTS('',3,(#511,#512,#513,#514,#515,#516,
    #517,#518,#519,#520),.UNSPECIFIED.,.F.,.F.,(4,2,2,2,4),(0.,
    2.753899071234E-03,5.507798142468E-03,8.261697213702E-03,
    1.101559628494E-02),.UNSPECIFIED.);
#511 = CARTESIAN_POINT('',(14.475994870715,7.967120106574,
    15.256700548912));
#512 = CARTESIAN_POINT('',(13.572837555053,7.804528557244,
    15.312685309033));
#513 = CARTESIAN_POINT('',(12.663944594896,7.682582006126,
    15.354674873928));
#514 = CARTESIAN_POINT('',(10.834813493397,7.51908451273,15.410971575608
    ));
#515 = CARTESIAN_POINT('',(9.916331575535,7.477822405261,15.425179258593
    ));
#516 = CARTESIAN_POINT('',(8.080006955132,7.477932375696,15.425141392735
    ));
#517 = CARTESIAN_POINT('',(7.160606375907,7.51941250592,15.410858638496)
  );
#518 = CARTESIAN_POINT('',(5.335153726797,7.682744251082,15.35461900851)
  );
#519 = CARTESIAN_POINT('',(4.427168181988,7.804527524429,15.31268566466)
  );
#520 = CARTESIAN_POINT('',(3.524005120229,7.967120086311,15.256700555888
    ));
#521 = ORIENTED_EDGE('',*,*,#522,.T.);
#522 = EDGE_CURVE('',#508,#364,#523,.T.);
#523 = B_SPLINE_CURVE_WITH_KNOTS('',3,(#524,#525,#526,#527),
  .UNSPECIFIED.,.F.,.F.,(4,4),(9.684412003345E-03,1.),
  .PIECEWISE_BEZIER_KNOTS.);
#524 = CARTESIAN_POINT('',(3.524005120229,7.967120086311,15.256700555888
    ));
#525 = CARTESIAN_POINT('',(2.444554441016,5.551003899398,16.088636075958
    ));
#526 = CARTESIAN_POINT('',(1.269886050974,2.895297210604,17.003069221708
    ));
#527 = CARTESIAN_POINT('',(0.,0.,18.));
#528 = ORIENTED_EDGE('',*,*,#363,.T.);
#529 = PLANE('',#530);
#530 = AXIS2_PLACEMENT_3D('',#531,#532,#533);
#531 = CARTESIAN_POINT('',(9.,7.552851914332,15.399344526808));
#532 = DIRECTION('',(7.84E-15,-0.325568154457,-0.945518575599));
#533 = DIRECTION('',(0.,0.945518575599,-0.325568154457));
#534 = ADVANCED_FACE('',(#535),#592,.T.);
#535 = FACE_BOUND('',#536,.T.);
#536 = EDGE_LOOP('',(#537,#569,#584,#591));
#537 = ORIENTED_EDGE('',*,*,#538,.T.);
#538 = EDGE_CURVE('',#364,#539,#541,.T.);
#539 = VERTEX_POINT('',#540);
#540 = CARTESIAN_POINT('',(2.622463460863,8.036533882741,14.259465772687
    ));
#541 = B_SPLINE_CURVE_WITH_KNOTS('',3,(#542,#543,#544,#545,#546,#547,
    #548,#549,#550,#551,#552,#553,#554,#555,#556,#557,#558,#559,#560,
    #561,#562,#563,#564,#565,#566,#567,#568),.UNSPECIFIED.,.F.,.F.,(4,2,
    2,1,2,2,1,2,2,1,1,2,2,1,1,1,4),(0.,0.487328153513,0.548244172702,
    0.609160191891,0.730992230269,0.761450239864,0.791908249458,
    0.852824268647,0.913740287837,0.928969292634,0.936583795033,
    0.937059701432,0.937535607832,0.938487420632,0.940391046232,
    0.944198297431,0.974656307026),.UNSPECIFIED.);
#542 = CARTESIAN_POINT('',(0.,0.,18.));
#543 = CARTESIAN_POINT('',(0.44608150859,1.382804687897,17.362023298049)
  );
#544 = CARTESIAN_POINT('',(0.874683494649,2.704625603412,16.749781907044
    ));
#545 = CARTESIAN_POINT('',(1.337196266118,4.123091934924,16.089912853343
    ));
#546 = CARTESIAN_POINT('',(1.393545218522,4.295782001095,16.009532023257
    ));
#547 = CARTESIAN_POINT('',(1.502821338794,4.630395447257,15.853681223696
    ));
#548 = CARTESIAN_POINT('',(1.665897862094,5.129348999338,15.621142075294
    ));
#549 = CARTESIAN_POINT('',(1.826461414068,5.619400816303,15.392317894736
    ));
#550 = CARTESIAN_POINT('',(1.958868278864,6.022830629301,15.203697566909
    ));
#551 = CARTESIAN_POINT('',(1.985406038722,6.103654416299,15.16589696739)
  );
#552 = CARTESIAN_POINT('',(2.040060329312,6.270034490657,15.088055542275
    ));
#553 = CARTESIAN_POINT('',(2.121830552598,6.518849131395,14.97160698787)
  );
#554 = CARTESIAN_POINT('',(2.202967138091,6.765396976692,14.856099959065
    ));
#555 = CARTESIAN_POINT('',(2.310586018486,7.092111918907,14.702928691709
    ));
#556 = CARTESIAN_POINT('',(2.365019753575,7.257210338216,14.625472869908
    ));
#557 = CARTESIAN_POINT('',(2.432832384223,7.46268515657,14.529004465276)
  );
#558 = CARTESIAN_POINT('',(2.453150197877,7.524233837859,14.500102749331
    ));
#559 = CARTESIAN_POINT('',(2.473851524271,7.586921190483,14.470658368359
    ));
#560 = CARTESIAN_POINT('',(2.481028729777,7.608652219011,14.460450278232
    ));
#561 = CARTESIAN_POINT('',(2.481873073073,7.611208688492,14.459249377023
    ));
#562 = CARTESIAN_POINT('',(2.481964095255,7.611484289744,14.459119909795
    ));
#563 = CARTESIAN_POINT('',(2.484511634091,7.619197501834,14.455496607239
    ));
#564 = CARTESIAN_POINT('',(2.489567893167,7.634505967843,14.448305833715
    ));
#565 = CARTESIAN_POINT('',(2.501094100831,7.669400143351,14.431917922645
    ));
#566 = CARTESIAN_POINT('',(2.560714729056,7.849863995507,14.347191799771
    ));
#567 = CARTESIAN_POINT('',(2.600427795532,7.969935029678,14.29091617066)
  );
#568 = CARTESIAN_POINT('',(2.622463460863,8.036533882741,14.259465772687
    ));
#569 = ORIENTED_EDGE('',*,*,#570,.T.);
#570 = EDGE_CURVE('',#539,#571,#573,.T.);
#571 = VERTEX_POINT('',#572);
#572 = CARTESIAN_POINT('',(2.618704823847,6.732876472894,1.137273673671)
  );
#573 = B_SPLINE_CURVE_WITH_KNOTS('',3,(#574,#575,#576,#577,#578,#579,
    #580,#581,#582,#583),.UNSPECIFIED.,.F.,.F.,(4,3,3,4),(0.,
    4.541606388251E-03,8.864266022971E-03,1.31869256795E-02),
  .UNSPECIFIED.);
#574 = CARTESIAN_POINT('',(2.622463460863,8.036533882741,14.259465772687
    ));
#575 = CARTESIAN_POINT('',(2.62207061425,7.886745840821,12.753160874658)
  );
#576 = CARTESIAN_POINT('',(2.621662959378,7.736986206387,11.246717838338
    ));
#577 = CARTESIAN_POINT('',(2.621242470943,7.58727384903,9.740270107749)
  );
#578 = CARTESIAN_POINT('',(2.620842253876,7.444778989588,8.306446865521)
  );
#579 = CARTESIAN_POINT('',(2.620430398733,7.302326951611,6.87261936998)
  );
#580 = CARTESIAN_POINT('',(2.620007107889,7.15992493859,5.43878691024));
#581 = CARTESIAN_POINT('',(2.619583817044,7.017522924868,4.004954443447)
  );
#582 = CARTESIAN_POINT('',(2.619149067369,6.875170916947,2.571117012434)
  );
#583 = CARTESIAN_POINT('',(2.618704823847,6.732876472894,1.137273673671)
  );
#584 = ORIENTED_EDGE('',*,*,#585,.T.);
#585 = EDGE_CURVE('',#571,#346,#586,.T.);
#586 = B_SPLINE_CURVE_WITH_KNOTS('',3,(#587,#588,#589,#590),
  .UNSPECIFIED.,.F.,.F.,(4,4),(1.280762934894E-02,1.),
  .PIECEWISE_BEZIER_KNOTS.);
#587 = CARTESIAN_POINT('',(2.618704823847,6.732876472894,1.137273673671)
  );
#588 = CARTESIAN_POINT('',(1.814005028301,4.630557771114,0.795218828901)
  );
#589 = CARTESIAN_POINT('',(0.941103856804,2.386384785374,0.415885902369)
  );
#590 = CARTESIAN_POINT('',(0.,0.,0.));
#591 = ORIENTED_EDGE('',*,*,#371,.F.);
#592 = B_SPLINE_SURFACE_WITH_KNOTS('',3,1,(
    (#593,#594)
    ,(#595,#596)
    ,(#597,#598)
    ,(#599,#600)
    ,(#601,#602)
    ,(#603,#604
    )),.UNSPECIFIED.,.F.,.F.,.F.,(4,2,4),(2,2),(0.,0.5,1.),(0.,1.),
  .UNSPECIFIED.);
#593 = CARTESIAN_POINT('',(0.,0.,0.));
#594 = CARTESIAN_POINT('',(2.65,6.719683099286,0.199435538532));
#595 = CARTESIAN_POINT('',(0.,0.,3.));
#596 = CARTESIAN_POINT('',(2.65,6.968855068947,2.694770751891));
#597 = CARTESIAN_POINT('',(0.,0.,6.));
#598 = CARTESIAN_POINT('',(2.65,7.218027038608,5.190105965251));
#599 = CARTESIAN_POINT('',(0.,0.,12.));
#600 = CARTESIAN_POINT('',(2.65,7.71637097793,10.180776391969));
#601 = CARTESIAN_POINT('',(0.,0.,15.));
#602 = CARTESIAN_POINT('',(2.65,7.965542947591,12.676111605328));
#603 = CARTESIAN_POINT('',(0.,0.,18.));
#604 = CARTESIAN_POINT('',(2.65,8.214714917252,15.171446818688));
#605 = ADVANCED_FACE('',(#606),#623,.T.);
#606 = FACE_BOUND('',#607,.T.);
#607 = EDGE_LOOP('',(#608,#609,#622));
#608 = ORIENTED_EDGE('',*,*,#585,.F.);
#609 = ORIENTED_EDGE('',*,*,#610,.T.);
#610 = EDGE_CURVE('',#571,#392,#611,.T.);
#611 = B_SPLINE_CURVE_WITH_KNOTS('',3,(#612,#613,#614,#615,#616,#617,
    #618,#619,#620,#621),.UNSPECIFIED.,.F.,.F.,(4,2,2,2,4),(
    -5.999999992E-08,3.786705033333E-04,7.574010066664E-04,
    1.13613151E-03,1.514862013333E-03),.UNSPECIFIED.);
#612 = CARTESIAN_POINT('',(2.618704823847,6.732876472894,1.137273673671)
  );
#613 = CARTESIAN_POINT('',(2.619784721059,6.723257885769,1.011401726604)
  );
#614 = CARTESIAN_POINT('',(2.644344341224,6.707680410914,0.885896493469)
  );
#615 = CARTESIAN_POINT('',(2.737023635551,6.667290984462,0.656864898461)
  );
#616 = CARTESIAN_POINT('',(2.805932713365,6.642154160776,0.551464563776)
  );
#617 = CARTESIAN_POINT('',(2.978161219882,6.586795124325,0.377399666196)
  );
#618 = CARTESIAN_POINT('',(3.08112331661,6.55666804634,0.30859965794));
#619 = CARTESIAN_POINT('',(3.307384394241,6.496149825989,0.215549182491)
  );
#620 = CARTESIAN_POINT('',(3.428462396121,6.466337200278,0.191916407785)
  );
#621 = CARTESIAN_POINT('',(3.55160284697,6.438531778026,0.191091162118)
  );
#622 = ORIENTED_EDGE('',*,*,#391,.F.);
#623 = ( BOUNDED_SURFACE() B_SPLINE_SURFACE(2,3,(
    (#624,#625,#626,#627)
    ,(#628,#629,#630,#631)
    ,(#632,#633,#634,#635
)),.UNSPECIFIED.,.F.,.F.,.F.) B_SPLINE_SURFACE_WITH_KNOTS((3,3),(4,4),(
    0.,1.),(0.,7.755997330645E-03),.PIECEWISE_BEZIER_KNOTS.) 
GEOMETRIC_REPRESENTATION_ITEM() RATIONAL_B_SPLINE_SURFACE((
    (1.,1.,1.,1.)
    ,(0.710944282311,0.714751850299,0.719126362584,0.724313676412)
,(1.,1.,1.,1.))) REPRESENTATION_ITEM('') SURFACE() );
#624 = CARTESIAN_POINT('',(0.,1.1E-16,-3.85E-15));
#625 = CARTESIAN_POINT('',(1.270194620978,2.277231327072,
    6.758664796635E-02));
#626 = CARTESIAN_POINT('',(2.530197684152,4.558495823601,0.135292997608)
  );
#627 = CARTESIAN_POINT('',(3.773436855353,6.84636802536,0.203195459362)
  );
#628 = CARTESIAN_POINT('',(0.,6.E-17,-1.92E-15));
#629 = CARTESIAN_POINT('',(0.943050174875,2.391320121454,
    7.097272434133E-02));
#630 = CARTESIAN_POINT('',(1.888937832131,4.789634552281,0.142153034921)
  );
#631 = CARTESIAN_POINT('',(2.841340233223,7.207007950921,0.213899002477)
  );
#632 = CARTESIAN_POINT('',(0.,0.,0.));
#633 = CARTESIAN_POINT('',(0.94458815816,2.395220031008,0.417425659967)
  );
#634 = CARTESIAN_POINT('',(1.878512609922,4.793541180152,0.823864817539)
  );
#635 = CARTESIAN_POINT('',(2.795424590933,7.195158181021,1.212263250372)
  );
#636 = ADVANCED_FACE('',(#637),#675,.T.);
#637 = FACE_BOUND('',#638,.T.);
#638 = EDGE_LOOP('',(#639,#650,#665,#674));
#639 = ORIENTED_EDGE('',*,*,#640,.T.);
#640 = EDGE_CURVE('',#392,#641,#643,.T.);
#641 = VERTEX_POINT('',#642);
#642 = CARTESIAN_POINT('',(3.570561730689,6.533259844784,0.281233179753)
  );
#643 = B_SPLINE_CURVE_WITH_KNOTS('',3,(#644,#645,#646,#647,#648,#649),
  .UNSPECIFIED.,.F.,.F.,(4,2,4),(0.,0.5,1.),.UNSPECIFIED.);
#644 = CARTESIAN_POINT('',(3.55160284697,6.438531778026,0.191091162118)
  );
#645 = CARTESIAN_POINT('',(3.556200799886,6.462134131401,0.191791663613)
  );
#646 = CARTESIAN_POINT('',(3.560778561804,6.485364224945,0.201523055607)
  );
#647 = CARTESIAN_POINT('',(3.567681991306,6.519857420915,0.234346342668)
  );
#648 = CARTESIAN_POINT('',(3.569977213608,6.530968402558,0.257293481529)
  );
#649 = CARTESIAN_POINT('',(3.570561730689,6.533259844784,0.281233179753)
  );
#650 = ORIENTED_EDGE('',*,*,#651,.F.);
#651 = EDGE_CURVE('',#652,#641,#654,.T.);
#652 = VERTEX_POINT('',#653);
#653 = CARTESIAN_POINT('',(14.429438402255,6.533259870662,0.281233180541
    ));
#654 = B_SPLINE_CURVE_WITH_KNOTS('',3,(#655,#656,#657,#658,#659,#660,
    #661,#662,#663,#664),.UNSPECIFIED.,.F.,.F.,(4,2,2,2,4),(0.,
    2.729541059122E-03,5.459082118244E-03,8.188623177365E-03,
    1.091816423649E-02),.UNSPECIFIED.);
#655 = CARTESIAN_POINT('',(14.429438402255,6.533259870662,0.281233180541
    ));
#656 = CARTESIAN_POINT('',(13.534916029404,6.359135436952,0.275935618462
    ));
#657 = CARTESIAN_POINT('',(12.634468274155,6.228507166815,0.271962502807
    ));
#658 = CARTESIAN_POINT('',(10.821857203573,6.053250565315,0.266631583407
    ));
#659 = CARTESIAN_POINT('',(9.911425347004,6.00894200684,0.265283519775)
  );
#660 = CARTESIAN_POINT('',(8.091366211709,6.008851384399,0.265280762262)
  );
#661 = CARTESIAN_POINT('',(7.180048133001,6.053103314885,0.266627104281)
  );
#662 = CARTESIAN_POINT('',(5.365919678711,6.228432731822,0.271960238751)
  );
#663 = CARTESIAN_POINT('',(4.465093477685,6.359133590782,0.275935562294)
  );
#664 = CARTESIAN_POINT('',(3.570561730689,6.533259844784,0.281233179753)
  );
#665 = ORIENTED_EDGE('',*,*,#666,.F.);
#666 = EDGE_CURVE('',#401,#652,#667,.T.);
#667 = B_SPLINE_CURVE_WITH_KNOTS('',3,(#668,#669,#670,#671,#672,#673),
  .UNSPECIFIED.,.F.,.F.,(4,2,4),(0.,0.5,1.),.UNSPECIFIED.);
#668 = CARTESIAN_POINT('',(14.448397286443,6.438531803993,0.191091162889
    ));
#669 = CARTESIAN_POINT('',(14.443799129356,6.462134117627,0.191791663204
    ));
#670 = CARTESIAN_POINT('',(14.439221367499,6.485364211181,0.201523055197
    ));
#671 = CARTESIAN_POINT('',(14.432317938086,6.519857407168,0.234346342254
    ));
#672 = CARTESIAN_POINT('',(14.430022715815,6.530968388817,0.257293481113
    ));
#673 = CARTESIAN_POINT('',(14.429438402255,6.533259870662,0.281233180541
    ));
#674 = ORIENTED_EDGE('',*,*,#400,.F.);
#675 = ( BOUNDED_SURFACE() B_SPLINE_SURFACE(3,2,(
    (#676,#677,#678)
    ,(#679,#680,#681)
    ,(#682,#683,#684)
    ,(#685,#686,#687)
    ,(#688,#689,#690)
    ,(#691,#692,#693)
    ,(#694,#695,#696)
    ,(#697,#698,#699
)),.UNSPECIFIED.,.F.,.F.,.F.) B_SPLINE_SURFACE_WITH_KNOTS((4,2,2,4),(3,3
    ),(0.,5.481340523635E-03,8.222010785453E-03,1.096268104727E-02),(0.,
1.),.UNSPECIFIED.) GEOMETRIC_REPRESENTATION_ITEM() 
RATIONAL_B_SPLINE_SURFACE((
    (1.,0.750692624724,1.)
    ,(1.,0.75155062459,1.)
    ,(1.,0.75198438692,1.)
    ,(1.,0.751983951244,1.)
    ,(1.,0.751873809156,1.)
    ,(1.,0.751443966693,1.)
    ,(1.,0.75112406521,1.)
,(1.,0.750692624788,1.))) REPRESENTATION_ITEM('') SURFACE() );
#676 = CARTESIAN_POINT('',(14.448397373576,6.43853185139,0.191091164295)
  );
#677 = CARTESIAN_POINT('',(14.431576218536,6.524876910159,0.193653825814
    ));
#678 = CARTESIAN_POINT('',(14.429438605774,6.533259910279,0.281233181746
    ));
#679 = CARTESIAN_POINT('',(12.654135975612,6.089293722446,0.180726018604
    ));
#680 = CARTESIAN_POINT('',(12.644962544212,6.176891627953,0.183325863741
    ));
#681 = CARTESIAN_POINT('',(12.64145176909,6.185216957939,0.270644322387)
  );
#682 = CARTESIAN_POINT('',(10.825682331009,5.912262648989,0.175471859003
    ));
#683 = CARTESIAN_POINT('',(10.819990822476,5.999883288434,0.178072378871
    ));
#684 = CARTESIAN_POINT('',(10.819246257406,6.008780065833,0.265278592152
    ));
#685 = CARTESIAN_POINT('',(8.084455705437,5.912438233248,0.175477070222)
  );
#686 = CARTESIAN_POINT('',(8.087309357925,6.000058442177,0.178077577315)
  );
#687 = CARTESIAN_POINT('',(8.087683271669,6.008955044663,0.265283916491)
  );
#688 = CARTESIAN_POINT('',(7.169339190681,5.957082756746,0.176802088747)
  );
#689 = CARTESIAN_POINT('',(7.174742924134,6.044619423179,0.179400116356)
  );
#690 = CARTESIAN_POINT('',(7.175743214607,6.053446638432,0.266637547612)
  );
#691 = CARTESIAN_POINT('',(5.352999371546,6.13275882198,0.182016032643)
  );
#692 = CARTESIAN_POINT('',(5.363980011919,6.219871928996,0.184601489301)
  );
#693 = CARTESIAN_POINT('',(5.365694446147,6.228527414398,0.2719631186));
#694 = CARTESIAN_POINT('',(4.449775501683,6.263709940417,0.185902571106)
  );
#695 = CARTESIAN_POINT('',(4.46327531586,6.350583407193,0.18848091541));
#696 = CARTESIAN_POINT('',(4.465592281552,6.359036488654,0.275932608084)
  );
#697 = CARTESIAN_POINT('',(3.55160275984,6.438531825422,0.191091163525)
  );
#698 = CARTESIAN_POINT('',(3.568423914462,6.524876884255,0.193653825045)
  );
#699 = CARTESIAN_POINT('',(3.570561527175,6.533259884399,0.281233180959)
  );
#700 = ADVANCED_FACE('',(#701),#718,.T.);
#701 = FACE_BOUND('',#702,.T.);
#702 = EDGE_LOOP('',(#703,#704,#717));
#703 = ORIENTED_EDGE('',*,*,#415,.F.);
#704 = ORIENTED_EDGE('',*,*,#705,.T.);
#705 = EDGE_CURVE('',#401,#432,#706,.T.);
#706 = B_SPLINE_CURVE_WITH_KNOTS('',3,(#707,#708,#709,#710,#711,#712,
    #713,#714,#715,#716),.UNSPECIFIED.,.F.,.F.,(4,2,2,2,4),(
    -5.999999992E-08,3.782653626015E-04,7.565907252029E-04,
    1.134916087804E-03,1.513241450406E-03),.UNSPECIFIED.);
#707 = CARTESIAN_POINT('',(14.448397286443,6.438531803993,0.191091162889
    ));
#708 = CARTESIAN_POINT('',(14.571406009493,6.466307482732,0.191915525789
    ));
#709 = CARTESIAN_POINT('',(14.694360879733,6.496603303832,0.216130267316
    ));
#710 = CARTESIAN_POINT('',(14.918918689051,6.556692707173,0.308754602817
    ));
#711 = CARTESIAN_POINT('',(15.022780513167,6.587081382039,0.378155646833
    ));
#712 = CARTESIAN_POINT('',(15.194578793787,6.642335137559,0.5521788278)
  );
#713 = CARTESIAN_POINT('',(15.263187133755,6.66735796456,0.657056851414)
  );
#714 = CARTESIAN_POINT('',(15.356163381294,6.707926719262,0.887482434094
    ));
#715 = CARTESIAN_POINT('',(15.380216432688,6.7232681616,1.011536243443)
  );
#716 = CARTESIAN_POINT('',(15.381295117311,6.732864915154,1.137154733758
    ));
#717 = ORIENTED_EDGE('',*,*,#431,.F.);
#718 = ( BOUNDED_SURFACE() B_SPLINE_SURFACE(2,3,(
    (#719,#720,#721,#722)
    ,(#723,#724,#725,#726)
    ,(#727,#728,#729,#730
)),.UNSPECIFIED.,.F.,.F.,.F.) B_SPLINE_SURFACE_WITH_KNOTS((3,3),(4,4),(
    0.,1.),(-3.613046342384E-03,4.142952062879E-03),
.PIECEWISE_BEZIER_KNOTS.) GEOMETRIC_REPRESENTATION_ITEM() 
RATIONAL_B_SPLINE_SURFACE((
    (1.,1.,1.,1.)
    ,(0.710944282311,0.714751850831,0.719126363815,0.724313678646)
,(1.,1.,1.,1.))) REPRESENTATION_ITEM('') SURFACE() );
#719 = CARTESIAN_POINT('',(18.,0.,0.));
#720 = CARTESIAN_POINT('',(17.055411710483,2.395220364095,0.417425669844
    ));
#721 = CARTESIAN_POINT('',(16.121487128677,4.793541846964,0.823864835908
    ));
#722 = CARTESIAN_POINT('',(15.204575020953,7.195159182517,1.212263273297
    ));
#723 = CARTESIAN_POINT('',(18.,4.E-17,-1.22E-15));
#724 = CARTESIAN_POINT('',(17.056949695174,2.391320450995,
    7.097273411659E-02));
#725 = CARTESIAN_POINT('',(16.111061907329,4.789635212775,0.142153054534
    ));
#726 = CARTESIAN_POINT('',(15.158659372922,7.207008950012,0.213899032129
    ));
#727 = CARTESIAN_POINT('',(18.,7.E-17,-2.44E-15));
#728 = CARTESIAN_POINT('',(16.72980524767,2.277231660176,
    6.758665785263E-02));
#729 = CARTESIAN_POINT('',(15.469802054426,4.558496490318,0.135293017395
    ));
#730 = CARTESIAN_POINT('',(14.226562756721,6.846369027097,0.203195489093
    ));
#731 = ADVANCED_FACE('',(#732),#770,.T.);
#732 = FACE_BOUND('',#733,.T.);
#733 = EDGE_LOOP('',(#734,#745,#746,#757));
#734 = ORIENTED_EDGE('',*,*,#735,.T.);
#735 = EDGE_CURVE('',#736,#460,#738,.T.);
#736 = VERTEX_POINT('',#737);
#737 = CARTESIAN_POINT('',(15.261249248843,8.103674831695,
    14.252582621631));
#738 = B_SPLINE_CURVE_WITH_KNOTS('',3,(#739,#740,#741,#742,#743,#744),
  .UNSPECIFIED.,.F.,.F.,(4,2,4),(0.,0.5,1.),.UNSPECIFIED.);
#739 = CARTESIAN_POINT('',(15.261249248843,8.103674831695,
    14.252582621631));
#740 = CARTESIAN_POINT('',(15.285273478386,8.108806490982,
    14.252079603436));
#741 = CARTESIAN_POINT('',(15.311170029276,8.104722298491,
    14.252497367026));
#742 = CARTESIAN_POINT('',(15.353681561492,8.08017295612,14.254964682915
    ));
#743 = CARTESIAN_POINT('',(15.370092533521,8.059825616488,
    14.257002394772));
#744 = CARTESIAN_POINT('',(15.377536377368,8.036521158906,
    14.259331565908));
#745 = ORIENTED_EDGE('',*,*,#459,.F.);
#746 = ORIENTED_EDGE('',*,*,#747,.F.);
#747 = EDGE_CURVE('',#748,#432,#750,.T.);
#748 = VERTEX_POINT('',#749);
#749 = CARTESIAN_POINT('',(15.266303776757,6.793746392634,1.131138336467
    ));
#750 = B_SPLINE_CURVE_WITH_KNOTS('',3,(#751,#752,#753,#754,#755,#756),
  .UNSPECIFIED.,.F.,.F.,(4,2,4),(0.,0.5,1.),.UNSPECIFIED.);
#751 = CARTESIAN_POINT('',(15.266303776757,6.793746392634,1.131138336467
    ));
#752 = CARTESIAN_POINT('',(15.289371420604,6.7988883126,1.130637354532)
  );
#753 = CARTESIAN_POINT('',(15.314252155094,6.795544419039,1.130984175582
    ));
#754 = CARTESIAN_POINT('',(15.355995967055,6.773447928784,1.133211313381
    ));
#755 = CARTESIAN_POINT('',(15.372687159665,6.754786316885,1.13508245964)
  );
#756 = CARTESIAN_POINT('',(15.381295117311,6.732864915154,1.137154733758
    ));
#757 = ORIENTED_EDGE('',*,*,#758,.F.);
#758 = EDGE_CURVE('',#736,#748,#759,.T.);
#759 = B_SPLINE_CURVE_WITH_KNOTS('',3,(#760,#761,#762,#763,#764,#765,
    #766,#767,#768,#769),.UNSPECIFIED.,.F.,.F.,(4,3,3,4),(0.,
    6.593334467343E-03,8.865476646826E-03,1.31866689654E-02),
  .UNSPECIFIED.);
#760 = CARTESIAN_POINT('',(15.261249248843,8.103674831695,
    14.252582621631));
#761 = CARTESIAN_POINT('',(15.261946000073,7.885314721551,
    12.065679057469));
#762 = CARTESIAN_POINT('',(15.262708374599,7.666971738332,9.878773802905
    ));
#763 = CARTESIAN_POINT('',(15.263546033446,7.448648932982,7.691866563669
    ));
#764 = CARTESIAN_POINT('',(15.263834700737,7.373412274283,6.938232085116
    ));
#765 = CARTESIAN_POINT('',(15.264132343245,7.298178021748,6.184597369722
    ));
#766 = CARTESIAN_POINT('',(15.264439676641,7.222946377416,5.430962397973
    ));
#767 = CARTESIAN_POINT('',(15.265024167666,7.079869766079,3.997688688491
    ));
#768 = CARTESIAN_POINT('',(15.265643644663,6.936802569463,2.564414052835
    ));
#769 = CARTESIAN_POINT('',(15.266303776757,6.793746392634,1.131138336467
    ));
#770 = ( BOUNDED_SURFACE() B_SPLINE_SURFACE(3,2,(
    (#771,#772,#773)
    ,(#774,#775,#776)
    ,(#777,#778,#779)
    ,(#780,#781,#782
)),.UNSPECIFIED.,.F.,.F.,.F.) B_SPLINE_SURFACE_WITH_KNOTS((4,4),(3,3),(
    0.,1.326602974084E-02),(0.,1.),.PIECEWISE_BEZIER_KNOTS.) 
GEOMETRIC_REPRESENTATION_ITEM() RATIONAL_B_SPLINE_SURFACE((
    (1.,0.74029279683,1.)
    ,(1.,0.745389307283,1.)
    ,(1.,0.751428160529,1.)
,(1.,0.758984667491,1.))) REPRESENTATION_ITEM('') SURFACE() );
#771 = CARTESIAN_POINT('',(15.377534381279,8.036519208443,
    14.259332052146));
#772 = CARTESIAN_POINT('',(15.350035627964,8.1226399121,14.250723615703)
  );
#773 = CARTESIAN_POINT('',(15.261244345063,8.103673784262,14.25258272463
    ));
#774 = CARTESIAN_POINT('',(15.378688397725,7.598953845242,9.859027978319
    ));
#775 = CARTESIAN_POINT('',(15.350039619464,7.686272388818,9.880684599252
    ));
#776 = CARTESIAN_POINT('',(15.262656100522,7.664327395304,9.852452877741
    ));
#777 = CARTESIAN_POINT('',(15.379952959744,7.161724535255,5.458691170733
    ));
#778 = CARTESIAN_POINT('',(15.350044653126,7.248316136483,5.494723894149
    ));
#779 = CARTESIAN_POINT('',(15.264308986982,7.225044760151,5.452316767977
    ));
#780 = CARTESIAN_POINT('',(15.381320783362,6.725040510287,1.058301341694
    ));
#781 = CARTESIAN_POINT('',(15.350052169962,6.804529230711,1.050352220143
    ));
#782 = CARTESIAN_POINT('',(15.266340188625,6.785864588498,1.052170654595
    ));
#783 = ADVANCED_FACE('',(#784),#799,.T.);
#784 = FACE_BOUND('',#785,.T.);
#785 = EDGE_LOOP('',(#786,#787,#798));
#786 = ORIENTED_EDGE('',*,*,#474,.F.);
#787 = ORIENTED_EDGE('',*,*,#788,.T.);
#788 = EDGE_CURVE('',#460,#499,#789,.T.);
#789 = B_SPLINE_CURVE_WITH_KNOTS('',3,(#790,#791,#792,#793,#794,#795,
    #796,#797),.UNSPECIFIED.,.F.,.F.,(4,2,2,4),(-5.999999993E-08,
    7.457137208547E-04,1.118600581282E-03,1.491487441709E-03),
  .UNSPECIFIED.);
#790 = CARTESIAN_POINT('',(15.377536377368,8.036521158906,
    14.259331565908));
#791 = CARTESIAN_POINT('',(15.37511866605,8.068482838467,14.505847844655
    ));
#792 = CARTESIAN_POINT('',(15.283537934178,8.079451601487,
    14.754540227515));
#793 = CARTESIAN_POINT('',(15.037461488225,8.05971302118,15.03100606546)
  );
#794 = CARTESIAN_POINT('',(14.937730834885,8.047316719249,
    15.107476191773));
#795 = CARTESIAN_POINT('',(14.717353877195,8.013150201656,
    15.216215310633));
#796 = CARTESIAN_POINT('',(14.59757427095,7.991555221896,15.248286863968
    ));
#797 = CARTESIAN_POINT('',(14.475994870715,7.967120106574,
    15.256700548912));
#798 = ORIENTED_EDGE('',*,*,#498,.F.);
#799 = ( BOUNDED_SURFACE() B_SPLINE_SURFACE(2,3,(
    (#800,#801,#802,#803)
    ,(#804,#805,#806,#807)
    ,(#808,#809,#810,#811
)),.UNSPECIFIED.,.F.,.F.,.F.) B_SPLINE_SURFACE_WITH_KNOTS((3,3),(4,4),(
    0.,1.),(0.,9.754232850319E-03),.PIECEWISE_BEZIER_KNOTS.) 
GEOMETRIC_REPRESENTATION_ITEM() RATIONAL_B_SPLINE_SURFACE((
    (1.,1.,1.,1.)
    ,(0.741604163351,0.738581462247,0.735088456913,0.730691618335)
,(1.,1.,1.,1.))) REPRESENTATION_ITEM('') SURFACE() );
#800 = CARTESIAN_POINT('',(18.,8.246E-14,18.));
#801 = CARTESIAN_POINT('',(16.748579991908,2.853195257781,
    17.017566086639));
#802 = CARTESIAN_POINT('',(15.489053679185,5.704052642284,
    16.035937167604));
#803 = CARTESIAN_POINT('',(14.215036399201,8.550712036988,
    15.055753732377));
#804 = CARTESIAN_POINT('',(18.,4.123E-14,18.));
#805 = CARTESIAN_POINT('',(17.047518378239,2.95259056076,16.983341537103
    ));
#806 = CARTESIAN_POINT('',(16.096593279503,5.899266743816,
    15.968719561942));
#807 = CARTESIAN_POINT('',(15.152232625225,8.824940248601,
    14.961329386776));
#808 = CARTESIAN_POINT('',(18.,0.,18.));
#809 = CARTESIAN_POINT('',(17.081669460936,2.846725878573,
    16.686622339132));
#810 = CARTESIAN_POINT('',(16.15592771441,5.689203247553,15.365216068639
    ));
#811 = CARTESIAN_POINT('',(15.215793725199,8.524876174656,
    14.029462779767));
#812 = ADVANCED_FACE('',(#813),#845,.T.);
#813 = FACE_BOUND('',#814,.T.);
#814 = EDGE_LOOP('',(#815,#824,#825,#834));
#815 = ORIENTED_EDGE('',*,*,#816,.T.);
#816 = EDGE_CURVE('',#817,#508,#819,.T.);
#817 = VERTEX_POINT('',#818);
#818 = CARTESIAN_POINT('',(3.542226848697,8.032396891745,15.152322536668
    ));
#819 = B_SPLINE_CURVE_WITH_KNOTS('',3,(#820,#821,#822,#823),
  .UNSPECIFIED.,.F.,.F.,(4,4),(0.,1.),.PIECEWISE_BEZIER_KNOTS.);
#820 = CARTESIAN_POINT('',(3.542226848697,8.032396891745,15.152322536668
    ));
#821 = CARTESIAN_POINT('',(3.540337493953,8.037215660283,15.196796706245
    ));
#822 = CARTESIAN_POINT('',(3.532379721314,8.008707955593,15.242380704117
    ));
#823 = CARTESIAN_POINT('',(3.524005120229,7.967120086311,15.256700555888
    ));
#824 = ORIENTED_EDGE('',*,*,#507,.F.);
#825 = ORIENTED_EDGE('',*,*,#826,.F.);
#826 = EDGE_CURVE('',#827,#499,#829,.T.);
#827 = VERTEX_POINT('',#828);
#828 = CARTESIAN_POINT('',(14.45777325978,8.032396911272,15.152322529934
    ));
#829 = B_SPLINE_CURVE_WITH_KNOTS('',3,(#830,#831,#832,#833),
  .UNSPECIFIED.,.F.,.F.,(4,4),(0.,1.),.PIECEWISE_BEZIER_KNOTS.);
#830 = CARTESIAN_POINT('',(14.45777325978,8.032396911272,15.152322529934
    ));
#831 = CARTESIAN_POINT('',(14.459662614561,8.037215679822,
    15.196796699511));
#832 = CARTESIAN_POINT('',(14.467620387361,8.00870797516,15.242380697379
    ));
#833 = CARTESIAN_POINT('',(14.475994870715,7.967120106574,
    15.256700548912));
#834 = ORIENTED_EDGE('',*,*,#835,.F.);
#835 = EDGE_CURVE('',#817,#827,#836,.T.);
#836 = B_SPLINE_CURVE_WITH_KNOTS('',3,(#837,#838,#839,#840,#841,#842,
    #843,#844),.UNSPECIFIED.,.F.,.F.,(4,2,2,4),(0.,2.740276688698E-03,
    5.480553377396E-03,1.096110675479E-02),.UNSPECIFIED.);
#837 = CARTESIAN_POINT('',(3.542226848697,8.032396891745,15.152322536668
    ));
#838 = CARTESIAN_POINT('',(4.442187853138,7.870388745117,15.208188548876
    ));
#839 = CARTESIAN_POINT('',(5.346954340249,7.749034592841,15.25003461061)
  );
#840 = CARTESIAN_POINT('',(7.165934972367,7.586253672618,15.306166074816
    ));
#841 = CARTESIAN_POINT('',(8.082076122739,7.544894773783,15.320428061656
    ));
#842 = CARTESIAN_POINT('',(10.826809394469,7.544623373436,15.32052165107
    ));
#843 = CARTESIAN_POINT('',(12.6578708089,7.708384132085,15.264053342578)
  );
#844 = CARTESIAN_POINT('',(14.45777325978,8.032396911272,15.152322529934
    ));
#845 = ( BOUNDED_SURFACE() B_SPLINE_SURFACE(3,2,(
    (#846,#847,#848)
    ,(#849,#850,#851)
    ,(#852,#853,#854)
    ,(#855,#856,#857)
    ,(#858,#859,#860)
    ,(#861,#862,#863)
    ,(#864,#865,#866)
    ,(#867,#868,#869
)),.UNSPECIFIED.,.F.,.F.,.F.) B_SPLINE_SURFACE_WITH_KNOTS((4,2,2,4),(3,3
    ),(-1.106321E-10,5.507798087152E-03,8.261697186044E-03,
    1.101559628494E-02),(0.,1.),.UNSPECIFIED.) 
GEOMETRIC_REPRESENTATION_ITEM() RATIONAL_B_SPLINE_SURFACE((
    (1.,0.782817644846,1.)
    ,(1.,0.783309507282,1.)
    ,(1.,0.783557660568,1.)
    ,(1.,0.783557406981,1.)
    ,(1.,0.783494163669,1.)
    ,(1.,0.783248241894,1.)
    ,(1.,0.783065385792,1.)
,(1.,0.782817644846,1.))) REPRESENTATION_ITEM('') SURFACE() );
#846 = CARTESIAN_POINT('',(14.457773151297,8.032396891744,
    15.152322536668));
#847 = CARTESIAN_POINT('',(14.461127354689,8.040951732932,
    15.231278281222));
#848 = CARTESIAN_POINT('',(14.475994820816,7.967120086643,
    15.256700555774));
#849 = CARTESIAN_POINT('',(12.659444753259,7.708667475447,
    15.263955637539));
#850 = CARTESIAN_POINT('',(12.662836800582,7.717088175783,
    15.342793446899));
#851 = CARTESIAN_POINT('',(12.671631616448,7.642288310465,
    15.368549105986));
#852 = CARTESIAN_POINT('',(10.828314381953,7.544694621512,15.32049708194
    ));
#853 = CARTESIAN_POINT('',(10.829461026446,7.55274226178,15.399382283214
    ));
#854 = CARTESIAN_POINT('',(10.834493959429,7.477767423446,15.42519819035
    ));
#855 = CARTESIAN_POINT('',(8.083106040197,7.544859008255,15.320440395012
    ));
#856 = CARTESIAN_POINT('',(8.082530704618,7.552906822654,15.399325620354
    ));
#857 = CARTESIAN_POINT('',(8.080007001278,7.477932373989,15.425141393323
    ));
#858 = CARTESIAN_POINT('',(7.166757051586,7.586198244245,15.306185188124
    ));
#859 = CARTESIAN_POINT('',(7.165472564028,7.594302401961,15.385071979332
    ));
#860 = CARTESIAN_POINT('',(7.160606412672,7.519412503465,15.410858639341
    ));
#861 = CARTESIAN_POINT('',(5.347351609663,7.748980913627,15.250053120682
    ));
#862 = CARTESIAN_POINT('',(5.344951640167,7.7572541145,15.328963205074)
  );
#863 = CARTESIAN_POINT('',(5.335153745033,7.682744248616,15.354619009359
    ));
#864 = CARTESIAN_POINT('',(4.442362787347,7.870357254006,15.208199408046
    ));
#865 = CARTESIAN_POINT('',(4.439270438421,7.878794385553,15.2871135336)
  );
#866 = CARTESIAN_POINT('',(4.427162726568,7.804528506706,15.312685326435
    ));
#867 = CARTESIAN_POINT('',(3.542226848697,8.032396891745,15.152322536668
    ));
#868 = CARTESIAN_POINT('',(3.538872645304,8.040951732934,15.231278281222
    ));
#869 = CARTESIAN_POINT('',(3.524005179177,7.967120086644,15.256700555774
    ));
#870 = ADVANCED_FACE('',(#871),#888,.T.);
#871 = FACE_BOUND('',#872,.T.);
#872 = EDGE_LOOP('',(#873,#874,#887));
#873 = ORIENTED_EDGE('',*,*,#522,.F.);
#874 = ORIENTED_EDGE('',*,*,#875,.T.);
#875 = EDGE_CURVE('',#508,#539,#876,.T.);
#876 = B_SPLINE_CURVE_WITH_KNOTS('',3,(#877,#878,#879,#880,#881,#882,
    #883,#884,#885,#886),.UNSPECIFIED.,.F.,.F.,(4,2,2,2,4),(
    -5.999999992E-08,3.744044408847E-04,7.488688817692E-04,
    1.123333322654E-03,1.497797763538E-03),.UNSPECIFIED.);
#877 = CARTESIAN_POINT('',(3.524005120229,7.967120086311,15.256700555888
    ));
#878 = CARTESIAN_POINT('',(3.401911360717,7.991658600065,15.248251268008
    ));
#879 = CARTESIAN_POINT('',(3.281610686632,8.013324599504,15.215827548192
    ));
#880 = CARTESIAN_POINT('',(3.061776661025,8.047379111528,15.107109174207
    ));
#881 = CARTESIAN_POINT('',(2.962232649229,8.059761613248,15.030856859279
    ));
#882 = CARTESIAN_POINT('',(2.797426761443,8.072932905724,14.845307670674
    ));
#883 = CARTESIAN_POINT('',(2.733431850396,8.073686232899,14.738099665185
    ));
#884 = CARTESIAN_POINT('',(2.645930769762,8.063393189367,14.505018749004
    ));
#885 = CARTESIAN_POINT('',(2.623676410789,8.052570012013,14.383111201322
    ));
#886 = CARTESIAN_POINT('',(2.622463460863,8.036533882741,14.259465772687
    ));
#887 = ORIENTED_EDGE('',*,*,#538,.F.);
#888 = ( BOUNDED_SURFACE() B_SPLINE_SURFACE(2,3,(
    (#889,#890,#891,#892)
    ,(#893,#894,#895,#896)
    ,(#897,#898,#899,#900
)),.UNSPECIFIED.,.F.,.F.,.F.) B_SPLINE_SURFACE_WITH_KNOTS((3,3),(4,4),(
    0.,1.),(0.,9.754232850319E-03),.PIECEWISE_BEZIER_KNOTS.) 
GEOMETRIC_REPRESENTATION_ITEM() RATIONAL_B_SPLINE_SURFACE((
    (1.,1.,1.,1.)
    ,(0.741604163351,0.738581462247,0.735088456913,0.730691618335)
,(1.,1.,1.,1.))) REPRESENTATION_ITEM('') SURFACE() );
#889 = CARTESIAN_POINT('',(0.,0.,18.));
#890 = CARTESIAN_POINT('',(0.918330538989,2.846725878339,16.686622338558
    ));
#891 = CARTESIAN_POINT('',(1.844072285587,5.689203247542,15.365216068631
    ));
#892 = CARTESIAN_POINT('',(2.784206274801,8.524876174656,14.029462779767
    ));
#893 = CARTESIAN_POINT('',(0.,6.424E-14,18.));
#894 = CARTESIAN_POINT('',(0.952481621685,2.952590560492,16.983341536256
    ));
#895 = CARTESIAN_POINT('',(1.903406720491,5.899266743809,15.968719561914
    ));
#896 = CARTESIAN_POINT('',(2.847767374775,8.824940248601,14.961329386775
    ));
#897 = CARTESIAN_POINT('',(0.,1.2849E-13,18.));
#898 = CARTESIAN_POINT('',(1.251420008044,2.853195257799,17.017566086633
    ));
#899 = CARTESIAN_POINT('',(2.510946320818,5.704052642283,16.035937167604
    ));
#900 = CARTESIAN_POINT('',(3.784963600799,8.550712036988,15.055753732377
    ));
#901 = ADVANCED_FACE('',(#902),#940,.T.);
#902 = FACE_BOUND('',#903,.T.);
#903 = EDGE_LOOP('',(#904,#915,#930,#939));
#904 = ORIENTED_EDGE('',*,*,#905,.T.);
#905 = EDGE_CURVE('',#539,#906,#908,.T.);
#906 = VERTEX_POINT('',#907);
#907 = CARTESIAN_POINT('',(2.738755654821,8.103673748318,14.252582364641
    ));
#908 = B_SPLINE_CURVE_WITH_KNOTS('',3,(#909,#910,#911,#912,#913,#914),
  .UNSPECIFIED.,.F.,.F.,(4,2,4),(0.,0.5,1.),.UNSPECIFIED.);
#909 = CARTESIAN_POINT('',(2.622463460863,8.036533882741,14.259465772687
    ));
#910 = CARTESIAN_POINT('',(2.629907490977,8.059838927278,14.257136137223
    ));
#911 = CARTESIAN_POINT('',(2.646318459851,8.080186281162,14.255098423957
    ));
#912 = CARTESIAN_POINT('',(2.688829997428,8.104735644764,14.252631105986
    ));
#913 = CARTESIAN_POINT('',(2.714726556555,8.108819843987,14.25221334175)
  );
#914 = CARTESIAN_POINT('',(2.738755654821,8.103673748318,14.252582364641
    ));
#915 = ORIENTED_EDGE('',*,*,#916,.F.);
#916 = EDGE_CURVE('',#917,#906,#919,.T.);
#917 = VERTEX_POINT('',#918);
#918 = CARTESIAN_POINT('',(2.733698982793,6.793745814329,1.131138764869)
  );
#919 = B_SPLINE_CURVE_WITH_KNOTS('',3,(#920,#921,#922,#923,#924,#925,
    #926,#927,#928,#929),.UNSPECIFIED.,.F.,.F.,(4,3,3,4),(0.,
    6.593334098894E-03,8.865599321034E-03,1.318666823131E-02),
  .UNSPECIFIED.);
#920 = CARTESIAN_POINT('',(2.733698982793,6.793745814329,1.131138764869)
  );
#921 = CARTESIAN_POINT('',(2.734703461943,7.012023492533,3.318050315071)
  );
#922 = CARTESIAN_POINT('',(2.735616307742,7.230326136869,5.504959416948)
  );
#923 = CARTESIAN_POINT('',(2.736453966543,7.448648930018,7.691866533975)
  );
#924 = CARTESIAN_POINT('',(2.736742649466,7.523889663001,8.445541824026)
  );
#925 = CARTESIAN_POINT('',(2.73702235573,7.59913280256,9.199216877312));
#926 = CARTESIAN_POINT('',(2.737293736044,7.674378165323,9.952891711578)
  );
#927 = CARTESIAN_POINT('',(2.737809808298,7.817469030976,11.386122684177
    ));
#928 = CARTESIAN_POINT('',(2.738295811673,7.960567924957,12.819352866325
    ));
#929 = CARTESIAN_POINT('',(2.738755654821,8.103673748318,14.252582364641
    ));
#930 = ORIENTED_EDGE('',*,*,#931,.F.);
#931 = EDGE_CURVE('',#571,#917,#932,.T.);
#932 = B_SPLINE_CURVE_WITH_KNOTS('',3,(#933,#934,#935,#936,#937,#938),
  .UNSPECIFIED.,.F.,.F.,(4,2,4),(0.,0.5,1.),.UNSPECIFIED.);
#933 = CARTESIAN_POINT('',(2.618704823847,6.732876472894,1.137273673671)
  );
#934 = CARTESIAN_POINT('',(2.627312840353,6.754786330066,1.135082592246)
  );
#935 = CARTESIAN_POINT('',(2.64400403296,6.773447941985,1.133211445986)
  );
#936 = CARTESIAN_POINT('',(2.685747844931,6.795544432269,1.130984308184)
  );
#937 = CARTESIAN_POINT('',(2.710628579433,6.798888325838,1.130637487133)
  );
#938 = CARTESIAN_POINT('',(2.733698982793,6.793745814329,1.131138764869)
  );
#939 = ORIENTED_EDGE('',*,*,#570,.F.);
#940 = ( BOUNDED_SURFACE() B_SPLINE_SURFACE(3,2,(
    (#941,#942,#943)
    ,(#944,#945,#946)
    ,(#947,#948,#949)
    ,(#950,#951,#952
)),.UNSPECIFIED.,.F.,.F.,.F.) B_SPLINE_SURFACE_WITH_KNOTS((4,4),(3,3),(
    0.,1.326606010445E-02),(0.,1.),.PIECEWISE_BEZIER_KNOTS.) 
GEOMETRIC_REPRESENTATION_ITEM() RATIONAL_B_SPLINE_SURFACE((
    (1.,0.758849110636,1.)
    ,(1.,0.751311119146,1.)
    ,(1.,0.745286373585,1.)
,(1.,0.740201500206,1.))) REPRESENTATION_ITEM('') SURFACE() );
#941 = CARTESIAN_POINT('',(2.618703753955,6.732877602029,1.13727376098)
  );
#942 = CARTESIAN_POINT('',(2.649947963334,6.812414441042,1.129319859946)
  );
#943 = CARTESIAN_POINT('',(2.733696223412,6.793746429393,1.13113870475)
  );
#944 = CARTESIAN_POINT('',(2.620070400436,7.169569267192,5.537673016395)
  );
#945 = CARTESIAN_POINT('',(2.64995545042,7.256192246904,5.573600170375)
  );
#946 = CARTESIAN_POINT('',(2.735722828752,7.232928853725,5.531294767906)
  );
#947 = CARTESIAN_POINT('',(2.62133358815,7.606804605773,9.938019406941)
  );
#948 = CARTESIAN_POINT('',(2.649960466049,7.694153213528,9.959607916684)
  );
#949 = CARTESIAN_POINT('',(2.737372169623,7.672213443802,9.931440856352)
  );
#950 = CARTESIAN_POINT('',(2.622486325915,8.044375099455,14.338333150912
    ));
#951 = CARTESIAN_POINT('',(2.649964444069,8.130528195869,14.329721491215
    ));
#952 = CARTESIAN_POINT('',(2.738780974439,8.111561620957,14.331580698248
    ));
#953 = ADVANCED_FACE('',(#954),#970,.T.);
#954 = FACE_BOUND('',#955,.T.);
#955 = EDGE_LOOP('',(#956,#957,#968,#969));
#956 = ORIENTED_EDGE('',*,*,#931,.T.);
#957 = ORIENTED_EDGE('',*,*,#958,.F.);
#958 = EDGE_CURVE('',#641,#917,#959,.T.);
#959 = B_SPLINE_CURVE_WITH_KNOTS('',3,(#960,#961,#962,#963,#964,#965,
    #966,#967),.UNSPECIFIED.,.F.,.F.,(4,2,2,4),(0.,3.368903037148E-04,
    6.737806074296E-04,1.347561214859E-03),.UNSPECIFIED.);
#960 = CARTESIAN_POINT('',(3.570561730689,6.533259844784,0.281233179753)
  );
#961 = CARTESIAN_POINT('',(3.458802895721,6.555014407828,0.281895040618)
  );
#962 = CARTESIAN_POINT('',(3.349761639472,6.57899682691,0.302877911959)
  );
#963 = CARTESIAN_POINT('',(3.145350168138,6.629487757901,0.386242644305)
  );
#964 = CARTESIAN_POINT('',(3.052483512097,6.655422745185,0.448066213358)
  );
#965 = CARTESIAN_POINT('',(2.820476453172,6.729120361448,0.683033215266)
  );
#966 = CARTESIAN_POINT('',(2.733594562469,6.771118594554,0.904437289963)
  );
#967 = CARTESIAN_POINT('',(2.733698982793,6.793745814329,1.131138764869)
  );
#968 = ORIENTED_EDGE('',*,*,#640,.F.);
#969 = ORIENTED_EDGE('',*,*,#610,.F.);
#970 = ( BOUNDED_SURFACE() B_SPLINE_SURFACE(3,2,(
    (#971,#972,#973)
    ,(#974,#975,#976)
    ,(#977,#978,#979)
    ,(#980,#981,#982)
    ,(#983,#984,#985)
    ,(#986,#987,#988)
    ,(#989,#990,#991)
    ,(#992,#993,#994)
    ,(#995,#996,#997)
    ,(#998,#999,#1000
)),.UNSPECIFIED.,.F.,.F.,.F.) B_SPLINE_SURFACE_WITH_KNOTS((4,2,2,2,4),(3
    ,3),(0.,3.37477556985E-04,6.749551139699E-04,1.012432670955E-03,
    1.34991022794E-03),(0.,1.),.UNSPECIFIED.) 
GEOMETRIC_REPRESENTATION_ITEM() RATIONAL_B_SPLINE_SURFACE((
    (1.,0.750692624886,1.)
    ,(1.,0.762978497376,1.)
    ,(1.,0.772650036916,1.)
    ,(1.,0.78598294762,1.)
    ,(1.,0.789529670576,1.)
    ,(1.,0.79045350217,1.)
    ,(1.,0.787796435629,1.)
    ,(1.,0.77713136214,1.)
    ,(1.,0.76908293384,1.)
,(1.,0.758845656694,1.))) REPRESENTATION_ITEM('') SURFACE() );
#971 = CARTESIAN_POINT('',(3.551602964068,6.438531785671,0.191091162345)
  );
#972 = CARTESIAN_POINT('',(3.568424118052,6.524876844601,0.193653823868)
  );
#973 = CARTESIAN_POINT('',(3.570561730689,6.533259844784,0.281233179753)
  );
#974 = CARTESIAN_POINT('',(3.429644734165,6.466069736439,0.191908469643)
  );
#975 = CARTESIAN_POINT('',(3.449435095992,6.548377126625,0.197583658977)
  );
#976 = CARTESIAN_POINT('',(3.459868955909,6.554806893648,0.281888738806)
  );
#977 = CARTESIAN_POINT('',(3.308408069496,6.495891292369,0.21528466746)
  );
#978 = CARTESIAN_POINT('',(3.329322153628,6.575038392455,0.222577509966)
  );
#979 = CARTESIAN_POINT('',(3.350156341789,6.578908762212,0.302792502465)
  );
#980 = CARTESIAN_POINT('',(3.082116741829,6.55638720009,0.30803602393));
#981 = CARTESIAN_POINT('',(3.107731198048,6.630370473912,0.316534524918)
  );
#982 = CARTESIAN_POINT('',(3.145931263758,6.629334839263,0.385930456221)
  );
#983 = CARTESIAN_POINT('',(2.97889969065,6.586568733115,0.376783943019)
  );
#984 = CARTESIAN_POINT('',(3.006170292363,6.658957219592,0.384868710124)
  );
#985 = CARTESIAN_POINT('',(3.053079010038,6.65524937051,0.447606142661)
  );
#986 = CARTESIAN_POINT('',(2.806154693881,6.642071897056,0.551110319325)
  );
#987 = CARTESIAN_POINT('',(2.83738829559,6.712886657438,0.555819460596)
  );
#988 = CARTESIAN_POINT('',(2.898252700744,6.704398862591,0.60412262902)
  );
#989 = CARTESIAN_POINT('',(2.737047534687,6.667278579479,0.656779500736)
  );
#990 = CARTESIAN_POINT('',(2.769314558612,6.738514074541,0.659690519393)
  );
#991 = CARTESIAN_POINT('',(2.836661450772,6.727541236565,0.699044064883)
  );
#992 = CARTESIAN_POINT('',(2.644262782041,6.707717945252,0.88612439864)
  );
#993 = CARTESIAN_POINT('',(2.677313744816,6.78163125705,0.88368372505));
#994 = CARTESIAN_POINT('',(2.754715380058,6.766415364471,0.905183560812)
  );
#995 = CARTESIAN_POINT('',(2.619786683708,6.723238436534,1.011152898344)
  );
#996 = CARTESIAN_POINT('',(2.652521405745,6.799602651426,1.006821816717)
  );
#997 = CARTESIAN_POINT('',(2.733646698337,6.782415000447,1.01761567257)
  );
#998 = CARTESIAN_POINT('',(2.618706133196,6.732875969354,1.137273688149)
  );
#999 = CARTESIAN_POINT('',(2.649949822028,6.812413994735,1.129319668414)
  );
#1000 = CARTESIAN_POINT('',(2.733698982685,6.793745790805,1.131138529188
    ));
#1001 = ADVANCED_FACE('',(#1002,#1044),#1081,.T.);
#1002 = FACE_BOUND('',#1003,.T.);
#1003 = EDGE_LOOP('',(#1004,#1005,#1018,#1019,#1020,#1021,#1032,#1033));
#1004 = ORIENTED_EDGE('',*,*,#758,.T.);
#1005 = ORIENTED_EDGE('',*,*,#1006,.T.);
#1006 = EDGE_CURVE('',#748,#652,#1007,.T.);
#1007 = B_SPLINE_CURVE_WITH_KNOTS('',3,(#1008,#1009,#1010,#1011,#1012,
    #1013,#1014,#1015,#1016,#1017),.UNSPECIFIED.,.F.,.F.,(4,2,2,2,4),(0.
    ,3.369180969176E-04,6.738361938352E-04,1.010754290753E-03,
    1.34767238767E-03),.UNSPECIFIED.);
#1008 = CARTESIAN_POINT('',(15.266303776757,6.793746392634,
    1.131138336467));
#1009 = CARTESIAN_POINT('',(15.266353204447,6.782437172968,1.01783780693
    ));
#1010 = CARTESIAN_POINT('',(15.245813869868,6.766716448993,
    0.907007976421));
#1011 = CARTESIAN_POINT('',(15.163830755337,6.727725314434,0.69979505789
    ));
#1012 = CARTESIAN_POINT('',(15.10264599235,6.704719991249,0.605355873792
    ));
#1013 = CARTESIAN_POINT('',(14.948369767719,6.655673970326,
    0.448750743765));
#1014 = CARTESIAN_POINT('',(14.854676563707,6.629510049025,0.38637927994
    ));
#1015 = CARTESIAN_POINT('',(14.651842767836,6.579377554724,0.3034074235)
  );
#1016 = CARTESIAN_POINT('',(14.541207377814,6.555016408192,
    0.281895101477));
#1017 = CARTESIAN_POINT('',(14.429438402255,6.533259870662,
    0.281233180541));
#1018 = ORIENTED_EDGE('',*,*,#651,.T.);
#1019 = ORIENTED_EDGE('',*,*,#958,.T.);
#1020 = ORIENTED_EDGE('',*,*,#916,.T.);
#1021 = ORIENTED_EDGE('',*,*,#1022,.T.);
#1022 = EDGE_CURVE('',#906,#817,#1023,.T.);
#1023 = B_SPLINE_CURVE_WITH_KNOTS('',3,(#1024,#1025,#1026,#1027,#1028,
    #1029,#1030,#1031),.UNSPECIFIED.,.F.,.F.,(4,2,2,4),(0.,
    3.325386796695E-04,6.65077359339E-04,1.330154718678E-03),
  .UNSPECIFIED.);
#1024 = CARTESIAN_POINT('',(2.738755654821,8.103673748318,
    14.252582364641));
#1025 = CARTESIAN_POINT('',(2.738786846016,8.114838800258,
    14.364392174165));
#1026 = CARTESIAN_POINT('',(2.757426176537,8.121769942237,
    14.474196351197));
#1027 = CARTESIAN_POINT('',(2.833482015743,8.126601978541,
    14.684914335166));
#1028 = CARTESIAN_POINT('',(2.889770498704,8.1243601948,14.781928826933)
  );
#1029 = CARTESIAN_POINT('',(3.109782331871,8.104017277948,
    15.034053682597));
#1030 = CARTESIAN_POINT('',(3.32116064067,8.072192534519,15.138599622647
    ));
#1031 = CARTESIAN_POINT('',(3.542226848697,8.032396891745,
    15.152322536668));
#1032 = ORIENTED_EDGE('',*,*,#835,.T.);
#1033 = ORIENTED_EDGE('',*,*,#1034,.T.);
#1034 = EDGE_CURVE('',#827,#736,#1035,.T.);
#1035 = B_SPLINE_CURVE_WITH_KNOTS('',3,(#1036,#1037,#1038,#1039,#1040,
    #1041,#1042,#1043),.UNSPECIFIED.,.F.,.F.,(4,2,2,4),(0.,
    3.324854902669E-04,6.649709805338E-04,1.329941961068E-03),
  .UNSPECIFIED.);
#1036 = CARTESIAN_POINT('',(14.45777325978,8.032396911272,
    15.152322529934));
#1037 = CARTESIAN_POINT('',(14.568179121603,8.052271827332,
    15.145468971475));
#1038 = CARTESIAN_POINT('',(14.675664125644,8.070112583895,
    15.117117342062));
#1039 = CARTESIAN_POINT('',(14.873931871169,8.099487116794,
    15.019339290319));
#1040 = CARTESIAN_POINT('',(14.963304223759,8.110758325735,
    14.950114972874));
#1041 = CARTESIAN_POINT('',(15.182205169983,8.131048539939,
    14.699814030377));
#1042 = CARTESIAN_POINT('',(15.261177016768,8.125990678093,
    14.47608081128));
#1043 = CARTESIAN_POINT('',(15.261249248843,8.103674831695,
    14.252582621631));
#1044 = FACE_BOUND('',#1045,.T.);
#1045 = EDGE_LOOP('',(#1046,#1061,#1072));
#1046 = ORIENTED_EDGE('',*,*,#1047,.T.);
#1047 = EDGE_CURVE('',#1048,#1050,#1052,.T.);
#1048 = VERTEX_POINT('',#1049);
#1049 = CARTESIAN_POINT('',(11.59807683722,7.040663227714,9.240052611432
    ));
#1050 = VERTEX_POINT('',#1051);
#1051 = CARTESIAN_POINT('',(6.401924414487,7.040663103393,9.240052488652
    ));
#1052 = B_SPLINE_CURVE_WITH_KNOTS('',4,(#1053,#1054,#1055,#1056,#1057,
    #1058,#1059,#1060),.UNSPECIFIED.,.F.,.F.,(5,3,5),(0.,0.500000040795,
    1.),.UNSPECIFIED.);
#1053 = CARTESIAN_POINT('',(11.59807683722,7.040663227714,9.240052611432
    ));
#1054 = CARTESIAN_POINT('',(10.950262369722,6.983363417996,
    9.245772912867));
#1055 = CARTESIAN_POINT('',(10.300753439116,6.944987312107,9.24960403505
    ));
#1056 = CARTESIAN_POINT('',(9.650378061418,6.925661082823,9.251533382003
    ));
#1057 = CARTESIAN_POINT('',(8.349622877077,6.925661060855,9.251533350353
    ));
#1058 = CARTESIAN_POINT('',(7.699247604659,6.944987262463,9.249603972321
    ));
#1059 = CARTESIAN_POINT('',(7.049738778748,6.983363333321,9.245772819838
    ));
#1060 = CARTESIAN_POINT('',(6.401924414487,7.040663103393,9.240052488652
    ));
#1061 = ORIENTED_EDGE('',*,*,#1062,.T.);
#1062 = EDGE_CURVE('',#1050,#1063,#1065,.T.);
#1063 = VERTEX_POINT('',#1064);
#1064 = CARTESIAN_POINT('',(9.000000744503,6.468947014425,4.77475917058)
  );
#1065 = B_SPLINE_CURVE_WITH_KNOTS('',5,(#1066,#1067,#1068,#1069,#1070,
    #1071),.UNSPECIFIED.,.F.,.F.,(6,6),(0.,1.),
  .PIECEWISE_BEZIER_KNOTS.);
#1066 = CARTESIAN_POINT('',(6.401924414487,7.040663103393,9.240052488652
    ));
#1067 = CARTESIAN_POINT('',(6.921173599893,6.903768799081,8.349882353469
    ));
#1068 = CARTESIAN_POINT('',(7.440687776046,6.77798071079,7.458142210346)
  );
#1069 = CARTESIAN_POINT('',(7.960387639047,6.663431247111,6.564956881903
    ));
#1070 = CARTESIAN_POINT('',(8.480188604733,6.560324419498,5.670453233695
    ));
#1071 = CARTESIAN_POINT('',(9.000000744503,6.468947014425,4.77475917058)
  );
#1072 = ORIENTED_EDGE('',*,*,#1073,.F.);
#1073 = EDGE_CURVE('',#1048,#1063,#1074,.T.);
#1074 = B_SPLINE_CURVE_WITH_KNOTS('',5,(#1075,#1076,#1077,#1078,#1079,
    #1080),.UNSPECIFIED.,.F.,.F.,(6,6),(0.,1.),
  .PIECEWISE_BEZIER_KNOTS.);
#1075 = CARTESIAN_POINT('',(11.59807683722,7.040663227714,9.240052611432
    ));
#1076 = CARTESIAN_POINT('',(11.078827699974,6.903768903101,
    8.349882451204));
#1077 = CARTESIAN_POINT('',(10.559313571676,6.777980792312,
    7.458142283324));
#1078 = CARTESIAN_POINT('',(10.039613756182,6.663431303864,6.56495693037
    ));
#1079 = CARTESIAN_POINT('',(9.519812837609,6.56032444912,5.670453257853)
  );
#1080 = CARTESIAN_POINT('',(9.000000744503,6.468947014425,4.77475917058)
  );
#1081 = B_SPLINE_SURFACE_WITH_KNOTS('',3,1,(
    (#1082,#1083)
    ,(#1084,#1085)
    ,(#1086,#1087)
    ,(#1088,#1089)
    ,(#1090,#1091)
    ,(#1092,#1093
  )),.UNSPECIFIED.,.F.,.F.,.F.,(4,2,4),(2,2),(0.,0.5,1.),(0.,1.),
  .UNSPECIFIED.);
#1082 = CARTESIAN_POINT('',(2.65,8.214714917252,15.171446818688));
#1083 = CARTESIAN_POINT('',(2.65,6.719683099286,0.199435538532));
#1084 = CARTESIAN_POINT('',(4.715840735069,7.778770522189,
    15.321554511767));
#1085 = CARTESIAN_POINT('',(4.712932297444,6.245984400662,0.185376489368
    ));
#1086 = CARTESIAN_POINT('',(6.857611548556,7.552851914332,
    15.399344526808));
#1087 = CARTESIAN_POINT('',(6.856120734908,6.,0.178075842791));
#1088 = CARTESIAN_POINT('',(11.142388451444,7.552851914332,
    15.399344526808));
#1089 = CARTESIAN_POINT('',(11.143879265092,6.,0.178075842791));
#1090 = CARTESIAN_POINT('',(13.284159264931,7.778770522189,
    15.321554511767));
#1091 = CARTESIAN_POINT('',(13.287067702556,6.245984400662,
    0.185376489368));
#1092 = CARTESIAN_POINT('',(15.35,8.214714917252,15.171446818688));
#1093 = CARTESIAN_POINT('',(15.35,6.719683099286,0.199435538532));
#1094 = ADVANCED_FACE('',(#1095),#1101,.T.);
#1095 = FACE_BOUND('',#1096,.T.);
#1096 = EDGE_LOOP('',(#1097,#1098,#1099,#1100));
#1097 = ORIENTED_EDGE('',*,*,#747,.T.);
#1098 = ORIENTED_EDGE('',*,*,#705,.F.);
#1099 = ORIENTED_EDGE('',*,*,#666,.T.);
#1100 = ORIENTED_EDGE('',*,*,#1006,.F.);
#1101 = ( BOUNDED_SURFACE() B_SPLINE_SURFACE(3,2,(
    (#1102,#1103,#1104)
    ,(#1105,#1106,#1107)
    ,(#1108,#1109,#1110)
    ,(#1111,#1112,#1113)
    ,(#1114,#1115,#1116)
    ,(#1117,#1118,#1119)
    ,(#1120,#1121,#1122)
    ,(#1123,#1124,#1125)
    ,(#1126,#1127,#1128)
    ,(#1129,#1130,#1131
)),.UNSPECIFIED.,.F.,.F.,.F.) B_SPLINE_SURFACE_WITH_KNOTS((4,2,2,2,4),(3
    ,3),(-0.,3.374767805157E-04,6.749535610315E-04,1.012430341547E-03,
    1.349907122063E-03),(0.,1.),.UNSPECIFIED.) 
GEOMETRIC_REPRESENTATION_ITEM() RATIONAL_B_SPLINE_SURFACE((
    (1.,0.758845656915,1.)
    ,(1.,0.768993445557,1.)
    ,(1.,0.777045293419,1.)
    ,(1.,0.7877991297,1.)
    ,(1.,0.790439282535,1.)
    ,(1.,0.789551585408,1.)
    ,(1.,0.785971282155,1.)
    ,(1.,0.772768285549,1.)
    ,(1.,0.763050147415,1.)
,(1.,0.750692624822,1.))) REPRESENTATION_ITEM('') SURFACE() );
#1102 = CARTESIAN_POINT('',(15.381293866834,6.732875956189,1.13727355554
    ));
#1103 = CARTESIAN_POINT('',(15.350050177962,6.812413981492,
    1.129319535814));
#1104 = CARTESIAN_POINT('',(15.266301017364,6.793745777567,
    1.131138396586));
#1105 = CARTESIAN_POINT('',(15.380223100878,6.723325699582,
    1.012294878869));
#1106 = CARTESIAN_POINT('',(15.347501528944,6.799716946887,
    1.007914689566));
#1107 = CARTESIAN_POINT('',(15.266352818524,6.782517547144,1.01864310734
    ));
#1108 = CARTESIAN_POINT('',(15.356249123793,6.707966321524,
    0.887723884583));
#1109 = CARTESIAN_POINT('',(15.3232015395,6.78190523585,0.88525783822));
#1110 = CARTESIAN_POINT('',(15.245733865115,6.76665970861,0.906621501972
    ));
#1111 = CARTESIAN_POINT('',(15.263164068962,6.667345712224,
    0.656970756287));
#1112 = CARTESIAN_POINT('',(15.23089490535,6.73858042731,0.659887532526)
  );
#1113 = CARTESIAN_POINT('',(15.163528276289,6.72760023292,0.699215661807
    ));
#1114 = CARTESIAN_POINT('',(15.194349466766,6.642250620538,
    0.551818353948));
#1115 = CARTESIAN_POINT('',(15.163107249916,6.713066334286,0.55651269912
    ));
#1116 = CARTESIAN_POINT('',(15.102197231516,6.704561685937,
    0.604758601812));
#1117 = CARTESIAN_POINT('',(15.022062808688,6.586861374165,
    0.377557531275));
#1118 = CARTESIAN_POINT('',(14.994771295024,6.659236879025,0.38563232563
    ));
#1119 = CARTESIAN_POINT('',(14.947785573077,6.655503993342,
    0.448300418938));
#1120 = CARTESIAN_POINT('',(14.917912908359,6.556408716828,
    0.308187452208));
#1121 = CARTESIAN_POINT('',(14.892312000689,6.630398107151,0.31668516404
    ));
#1122 = CARTESIAN_POINT('',(14.854093910134,6.629356750308,
    0.386066474495));
#1123 = CARTESIAN_POINT('',(14.693373306821,6.496354025349,
    0.215876569062));
#1124 = CARTESIAN_POINT('',(14.672441079655,6.575461672934,
    0.223191549665));
#1125 = CARTESIAN_POINT('',(14.65145291511,6.579290533036,0.303322770633
    ));
#1126 = CARTESIAN_POINT('',(14.570983481992,6.466211581975,
    0.191912679521));
#1127 = CARTESIAN_POINT('',(14.551165219269,6.548495687664,
    0.197603473282));
#1128 = CARTESIAN_POINT('',(14.540702052526,6.554918043746,
    0.281892111965));
#1129 = CARTESIAN_POINT('',(14.448397169342,6.438531811638,
    0.191091163116));
#1130 = CARTESIAN_POINT('',(14.431576014941,6.524876870504,
    0.193653824637));
#1131 = CARTESIAN_POINT('',(14.429438402255,6.533259870662,
    0.281233180541));
#1132 = ADVANCED_FACE('',(#1133),#1139,.T.);
#1133 = FACE_BOUND('',#1134,.T.);
#1134 = EDGE_LOOP('',(#1135,#1136,#1137,#1138));
#1135 = ORIENTED_EDGE('',*,*,#826,.T.);
#1136 = ORIENTED_EDGE('',*,*,#788,.F.);
#1137 = ORIENTED_EDGE('',*,*,#735,.F.);
#1138 = ORIENTED_EDGE('',*,*,#1034,.F.);
#1139 = ( BOUNDED_SURFACE() B_SPLINE_SURFACE(3,2,(
    (#1140,#1141,#1142)
    ,(#1143,#1144,#1145)
    ,(#1146,#1147,#1148)
    ,(#1149,#1150,#1151)
    ,(#1152,#1153,#1154)
    ,(#1155,#1156,#1157)
    ,(#1158,#1159,#1160)
    ,(#1161,#1162,#1163)
    ,(#1164,#1165,#1166)
    ,(#1167,#1168,#1169
)),.UNSPECIFIED.,.F.,.F.,.F.) B_SPLINE_SURFACE_WITH_KNOTS((4,2,2,2,4),(3
    ,3),(0.,3.330412944491E-04,6.660825888982E-04,9.991238833472E-04,
    1.332165177796E-03),(0.,1.),.UNSPECIFIED.) 
GEOMETRIC_REPRESENTATION_ITEM() RATIONAL_B_SPLINE_SURFACE((
    (1.,0.782817644818,1.)
    ,(1.,0.791013649871,1.)
    ,(1.,0.796182592168,1.)
    ,(1.,0.800017884955,1.)
    ,(1.,0.798659961637,1.)
    ,(1.,0.7902044717,1.)
    ,(1.,0.783055515696,1.)
    ,(1.,0.764620295627,1.)
    ,(1.,0.753152876223,1.)
,(1.,0.740298852334,1.))) REPRESENTATION_ITEM('') SURFACE() );
#1140 = CARTESIAN_POINT('',(14.475994929666,7.967120106239,
    15.256700549027));
#1141 = CARTESIAN_POINT('',(14.46112746324,8.040951752482,15.23127827449
    ));
#1142 = CARTESIAN_POINT('',(14.45777325978,8.032396911272,
    15.152322529934));
#1143 = CARTESIAN_POINT('',(14.597051810727,7.991449413627,
    15.248323296677));
#1144 = CARTESIAN_POINT('',(14.578833679442,8.061936609271,
    15.221860579354));
#1145 = CARTESIAN_POINT('',(14.566906316193,8.052042699429,
    15.145547967493));
#1146 = CARTESIAN_POINT('',(14.717637351414,8.013204751558,
    15.216169553308));
#1147 = CARTESIAN_POINT('',(14.697527589899,8.081603677621,
    15.189715106295));
#1148 = CARTESIAN_POINT('',(14.675294142149,8.07005188214,
    15.117224795716));
#1149 = CARTESIAN_POINT('',(14.938608306965,8.047442102821,
    15.106948615482));
#1150 = CARTESIAN_POINT('',(14.91308506557,8.113655978268,
    15.082463277694));
#1151 = CARTESIAN_POINT('',(14.873398389558,8.099413938093,
    15.019677049712));
#1152 = CARTESIAN_POINT('',(15.038609151202,8.059844964227,
    15.030038965745));
#1153 = CARTESIAN_POINT('',(15.011253964583,8.126228759223,
    15.00692048196));
#1154 = CARTESIAN_POINT('',(14.96276989333,8.110696387052,
    14.950589206904));
#1155 = CARTESIAN_POINT('',(15.202644701488,8.072922453099,
    14.845096628179));
#1156 = CARTESIAN_POINT('',(15.17201875148,8.141773535455,
    14.826619733093));
#1157 = CARTESIAN_POINT('',(15.10884865721,8.124261361719,
    14.783828964778));
#1158 = CARTESIAN_POINT('',(15.267430143704,8.073617614522,
    14.736054305029));
#1159 = CARTESIAN_POINT('',(15.236122950415,8.144796915011,
    14.719408768028));
#1160 = CARTESIAN_POINT('',(15.166222325481,8.126572622458,
    14.685244650828));
#1161 = CARTESIAN_POINT('',(15.353731926528,8.063399886961,
    14.505664937814));
#1162 = CARTESIAN_POINT('',(15.323091912776,8.140977435211,
    14.493379734767));
#1163 = CARTESIAN_POINT('',(15.241925424572,8.121858679095,
    14.476475542805));
#1164 = CARTESIAN_POINT('',(15.376335865606,8.05240871126,
    14.381869088103));
#1165 = CARTESIAN_POINT('',(15.346649790247,8.133882136928,
    14.370616677241));
#1166 = CARTESIAN_POINT('',(15.261213251315,8.114807146777,
    14.364075168547));
#1167 = CARTESIAN_POINT('',(15.377538751082,8.036521968003,
    14.259331616502));
#1168 = CARTESIAN_POINT('',(15.350038921567,8.122640613633,
    14.25072336767));
#1169 = CARTESIAN_POINT('',(15.26124924896,8.10367479575,14.252582261638
    ));
#1170 = ADVANCED_FACE('',(#1171),#1177,.T.);
#1171 = FACE_BOUND('',#1172,.T.);
#1172 = EDGE_LOOP('',(#1173,#1174,#1175,#1176));
#1173 = ORIENTED_EDGE('',*,*,#905,.F.);
#1174 = ORIENTED_EDGE('',*,*,#875,.F.);
#1175 = ORIENTED_EDGE('',*,*,#816,.F.);
#1176 = ORIENTED_EDGE('',*,*,#1022,.F.);
#1177 = ( BOUNDED_SURFACE() B_SPLINE_SURFACE(3,2,(
    (#1178,#1179,#1180)
    ,(#1181,#1182,#1183)
    ,(#1184,#1185,#1186)
    ,(#1187,#1188,#1189)
    ,(#1190,#1191,#1192)
    ,(#1193,#1194,#1195)
    ,(#1196,#1197,#1198)
    ,(#1199,#1200,#1201)
    ,(#1202,#1203,#1204)
    ,(#1205,#1206,#1207
)),.UNSPECIFIED.,.F.,.F.,.F.) B_SPLINE_SURFACE_WITH_KNOTS((4,2,2,2,4),(3
    ,3),(-7.99362292085E-06,1.595393907952E-04,3.270724045113E-04,
    6.621384319435E-04,1.332270486808E-03),(0.,1.),.UNSPECIFIED.) 
GEOMETRIC_REPRESENTATION_ITEM() RATIONAL_B_SPLINE_SURFACE((
    (1.,0.740306678168,1.)
    ,(1.,0.74515797976,1.)
    ,(1.,0.751983491223,1.)
    ,(1.,0.763284416755,1.)
    ,(1.,0.768525469157,1.)
    ,(1.,0.78272251425,1.)
    ,(1.,0.789873685052,1.)
    ,(1.,0.802976540849,1.)
    ,(1.,0.799668855547,1.)
,(1.,0.78281764482,1.))) REPRESENTATION_ITEM('') SURFACE() );
#1178 = CARTESIAN_POINT('',(2.622459036135,8.035719500585,
    14.251266133299));
#1179 = CARTESIAN_POINT('',(2.649960709331,8.121835357398,
    14.242658282249));
#1180 = CARTESIAN_POINT('',(2.738748201736,8.102869624518,
    14.244518414426));
#1181 = CARTESIAN_POINT('',(2.622475280202,8.041758386215,
    14.311961223436));
#1182 = CARTESIAN_POINT('',(2.649963050178,8.127820795109,
    14.302604860149));
#1183 = CARTESIAN_POINT('',(2.738765655269,8.108501300259,
    14.300919234444));
#1184 = CARTESIAN_POINT('',(2.627919474864,8.050328779388,
    14.373713430682));
#1185 = CARTESIAN_POINT('',(2.657263430833,8.13235203381,14.363885615118
    ));
#1186 = CARTESIAN_POINT('',(2.742686942371,8.113218252355,
    14.356605422096));
#1187 = CARTESIAN_POINT('',(2.649236942791,8.061293124531,
    14.494804998513));
#1188 = CARTESIAN_POINT('',(2.679976536124,8.139354104775,
    14.483463148821));
#1189 = CARTESIAN_POINT('',(2.760839180349,8.120301755188,
    14.466568375182));
#1190 = CARTESIAN_POINT('',(2.665237985971,8.065462547286,
    14.554904791723));
#1191 = CARTESIAN_POINT('',(2.696385555719,8.141702708651,
    14.542674723581));
#1192 = CARTESIAN_POINT('',(2.774726780867,8.122766712758,
    14.521089671641));
#1193 = CARTESIAN_POINT('',(2.729753960488,8.073618900604,14.73109666217
    ));
#1194 = CARTESIAN_POINT('',(2.761076124837,8.144907204802,
    14.714506845982));
#1195 = CARTESIAN_POINT('',(2.8312857238,8.12665277986,14.68076127563));
#1196 = CARTESIAN_POINT('',(2.793170394663,8.073121917204,14.83929491256
    ));
#1197 = CARTESIAN_POINT('',(2.82384740757,8.142079608268,14.820936730843
    ));
#1198 = CARTESIAN_POINT('',(2.887434239587,8.124516080638,
    14.778589751533));
#1199 = CARTESIAN_POINT('',(3.040812010258,8.053772881647,
    15.121679244857));
#1200 = CARTESIAN_POINT('',(3.065275715516,8.11900715622,15.094742717942
    ));
#1201 = CARTESIAN_POINT('',(3.107938382931,8.104305416491,
    15.033235369321));
#1202 = CARTESIAN_POINT('',(3.276527479699,8.016856705461,
    15.239574864511));
#1203 = CARTESIAN_POINT('',(3.30096621583,8.083366082504,15.212243376559
    ));
#1204 = CARTESIAN_POINT('',(3.319134166408,8.072557334639,
    15.138473824612));
#1205 = CARTESIAN_POINT('',(3.524005070333,7.96712010624,15.256700549027
    ));
#1206 = CARTESIAN_POINT('',(3.538872536759,8.040951752482,
    15.231278274491));
#1207 = CARTESIAN_POINT('',(3.542226740222,8.032396911272,
    15.152322529935));
#1208 = ADVANCED_FACE('',(#1209),#1234,.F.);
#1209 = FACE_BOUND('',#1210,.F.);
#1210 = EDGE_LOOP('',(#1211,#1212,#1220,#1228));
#1211 = ORIENTED_EDGE('',*,*,#1047,.T.);
#1212 = ORIENTED_EDGE('',*,*,#1213,.T.);
#1213 = EDGE_CURVE('',#1050,#1214,#1216,.T.);
#1214 = VERTEX_POINT('',#1215);
#1215 = CARTESIAN_POINT('',(6.401924430272,6.105094927317,9.333451537883
    ));
#1216 = LINE('',#1217,#1218);
#1217 = CARTESIAN_POINT('',(6.40192440509,7.597675612569,9.184445168846)
  );
#1218 = VECTOR('',#1219,1.);
#1219 = DIRECTION('',(1.678837885E-08,-0.995053790168,9.933757935845E-02
    ));
#1220 = ORIENTED_EDGE('',*,*,#1221,.T.);
#1221 = EDGE_CURVE('',#1214,#1222,#1224,.T.);
#1222 = VERTEX_POINT('',#1223);
#1223 = CARTESIAN_POINT('',(11.598076853005,6.105095027484,
    9.333451663075));
#1224 = LINE('',#1225,#1226);
#1225 = CARTESIAN_POINT('',(6.401924430272,6.105094927317,9.333451537883
    ));
#1226 = VECTOR('',#1227,1.);
#1227 = DIRECTION('',(1.,1.927707463594E-08,2.409307513367E-08));
#1228 = ORIENTED_EDGE('',*,*,#1229,.F.);
#1229 = EDGE_CURVE('',#1048,#1222,#1230,.T.);
#1230 = LINE('',#1231,#1232);
#1231 = CARTESIAN_POINT('',(11.598076827823,7.597675712736,
    9.184445294037));
#1232 = VECTOR('',#1233,1.);
#1233 = DIRECTION('',(1.678837885E-08,-0.995053790168,9.933757935845E-02
    ));
#1234 = PLANE('',#1235);
#1235 = AXIS2_PLACEMENT_3D('',#1236,#1237,#1238);
#1236 = CARTESIAN_POINT('',(6.40192440509,7.597675612569,9.184445168846)
  );
#1237 = DIRECTION('',(-2.588884348E-08,9.933757935845E-02,0.995053790168
    ));
#1238 = DIRECTION('',(1.,1.927707510955E-08,2.409307490549E-08));
#1239 = ADVANCED_FACE('',(#1240),#1258,.F.);
#1240 = FACE_BOUND('',#1241,.F.);
#1241 = EDGE_LOOP('',(#1242,#1243,#1244,#1252));
#1242 = ORIENTED_EDGE('',*,*,#1073,.F.);
#1243 = ORIENTED_EDGE('',*,*,#1229,.T.);
#1244 = ORIENTED_EDGE('',*,*,#1245,.T.);
#1245 = EDGE_CURVE('',#1222,#1246,#1248,.T.);
#1246 = VERTEX_POINT('',#1247);
#1247 = CARTESIAN_POINT('',(9.000000758184,5.65807587029,4.855709544747)
  );
#1248 = LINE('',#1249,#1250);
#1249 = CARTESIAN_POINT('',(11.598076853005,6.105095027484,
    9.333451663075));
#1250 = VECTOR('',#1251,1.);
#1251 = DIRECTION('',(-0.499999977577,-8.602887691356E-02,
    -0.861741872465));
#1252 = ORIENTED_EDGE('',*,*,#1253,.F.);
#1253 = EDGE_CURVE('',#1063,#1246,#1254,.T.);
#1254 = LINE('',#1255,#1256);
#1255 = CARTESIAN_POINT('',(9.000000733001,7.150656555542,4.706703175709
    ));
#1256 = VECTOR('',#1257,1.);
#1257 = DIRECTION('',(1.678837885E-08,-0.995053790168,9.933757935845E-02
    ));
#1258 = PLANE('',#1259);
#1259 = AXIS2_PLACEMENT_3D('',#1260,#1261,#1262);
#1260 = CARTESIAN_POINT('',(11.598076827823,7.597675712736,
    9.184445294037));
#1261 = DIRECTION('',(0.86602541673,-4.966877298452E-02,-0.497526874216)
  );
#1262 = DIRECTION('',(-0.499999977577,-8.602887691356E-02,
    -0.861741872465));
#1263 = ADVANCED_FACE('',(#1264),#1275,.F.);
#1264 = FACE_BOUND('',#1265,.F.);
#1265 = EDGE_LOOP('',(#1266,#1267,#1268,#1274));
#1266 = ORIENTED_EDGE('',*,*,#1062,.T.);
#1267 = ORIENTED_EDGE('',*,*,#1253,.T.);
#1268 = ORIENTED_EDGE('',*,*,#1269,.T.);
#1269 = EDGE_CURVE('',#1246,#1214,#1270,.T.);
#1270 = LINE('',#1271,#1272);
#1271 = CARTESIAN_POINT('',(9.000000758184,5.65807587029,4.855709544747)
  );
#1272 = VECTOR('',#1273,1.);
#1273 = DIRECTION('',(-0.500000022431,8.602885763574E-02,0.861741848365)
  );
#1274 = ORIENTED_EDGE('',*,*,#1213,.F.);
#1275 = PLANE('',#1276);
#1276 = AXIS2_PLACEMENT_3D('',#1277,#1278,#1279);
#1277 = CARTESIAN_POINT('',(9.000000733001,7.150656555542,4.706703175709
    ));
#1278 = DIRECTION('',(-0.866025390834,-4.966880637469E-02,
    -0.497526915959));
#1279 = DIRECTION('',(-0.500000022431,8.602885763574E-02,0.861741848365)
  );
#1280 = ADVANCED_FACE('',(#1281),#1286,.T.);
#1281 = FACE_BOUND('',#1282,.T.);
#1282 = EDGE_LOOP('',(#1283,#1284,#1285));
#1283 = ORIENTED_EDGE('',*,*,#1269,.T.);
#1284 = ORIENTED_EDGE('',*,*,#1221,.T.);
#1285 = ORIENTED_EDGE('',*,*,#1245,.T.);
#1286 = PLANE('',#1287);
#1287 = AXIS2_PLACEMENT_3D('',#1288,#1289,#1290);
#1288 = CARTESIAN_POINT('',(9.000000680483,5.956088608364,7.840870915239
    ));
#1289 = DIRECTION('',(-1.678837895E-08,0.995053790168,
    -9.933757935845E-02));
#1290 = DIRECTION('',(0.,9.933757935845E-02,0.995053790168));
#1291 = ADVANCED_FACE('',(#1292),#1320,.T.);
#1292 = FACE_BOUND('',#1293,.T.);
#1293 = EDGE_LOOP('',(#1294,#1295,#1302,#1311,#1318,#1319));
#1294 = ORIENTED_EDGE('',*,*,#60,.F.);
#1295 = ORIENTED_EDGE('',*,*,#1296,.T.);
#1296 = EDGE_CURVE('',#24,#1297,#1299,.T.);
#1297 = VERTEX_POINT('',#1298);
#1298 = CARTESIAN_POINT('',(9.,0.,6.252832774126));
#1299 = B_SPLINE_CURVE_WITH_KNOTS('',1,(#1300,#1301),.UNSPECIFIED.,.F.,
  .F.,(2,2),(3.057272464412,8.370262869645),.PIECEWISE_BEZIER_KNOTS.);
#1300 = CARTESIAN_POINT('',(9.,5.312990405233,6.252832774126));
#1301 = CARTESIAN_POINT('',(9.,0.,6.252832774126));
#1302 = ORIENTED_EDGE('',*,*,#1303,.F.);
#1303 = EDGE_CURVE('',#1304,#1297,#1306,.T.);
#1304 = VERTEX_POINT('',#1305);
#1305 = CARTESIAN_POINT('',(9.,0.,11.672832774126));
#1306 = CIRCLE('',#1307,2.71);
#1307 = AXIS2_PLACEMENT_3D('',#1308,#1309,#1310);
#1308 = CARTESIAN_POINT('',(9.,0.,8.962832774126));
#1309 = DIRECTION('',(0.,-1.,0.));
#1310 = DIRECTION('',(0.,0.,-1.));
#1311 = ORIENTED_EDGE('',*,*,#1312,.F.);
#1312 = EDGE_CURVE('',#1297,#1304,#1313,.T.);
#1313 = CIRCLE('',#1314,2.71);
#1314 = AXIS2_PLACEMENT_3D('',#1315,#1316,#1317);
#1315 = CARTESIAN_POINT('',(9.,0.,8.962832774126));
#1316 = DIRECTION('',(0.,-1.,0.));
#1317 = DIRECTION('',(0.,0.,-1.));
#1318 = ORIENTED_EDGE('',*,*,#1296,.F.);
#1319 = ORIENTED_EDGE('',*,*,#21,.F.);
#1320 = CYLINDRICAL_SURFACE('',#1321,2.71);
#1321 = AXIS2_PLACEMENT_3D('',#1322,#1323,#1324);
#1322 = CARTESIAN_POINT('',(9.,8.370262869645,8.962832774126));
#1323 = DIRECTION('',(0.,-1.,0.));
#1324 = DIRECTION('',(0.,0.,-1.));
#1325 = ADVANCED_FACE('',(#1326,#1424),#1428,.T.);
#1326 = FACE_BOUND('',#1327,.T.);
#1327 = EDGE_LOOP('',(#1328,#1338,#1346,#1354,#1362,#1370,#1378,#1386,
    #1394,#1402,#1410,#1418));
#1328 = ORIENTED_EDGE('',*,*,#1329,.F.);
#1329 = EDGE_CURVE('',#1330,#1332,#1334,.T.);
#1330 = VERTEX_POINT('',#1331);
#1331 = CARTESIAN_POINT('',(11.5,0.,9.562832774126));
#1332 = VERTEX_POINT('',#1333);
#1333 = CARTESIAN_POINT('',(9.6,0.,9.562832774126));
#1334 = LINE('',#1335,#1336);
#1335 = CARTESIAN_POINT('',(9.6,0.,9.562832774126));
#1336 = VECTOR('',#1337,1.);
#1337 = DIRECTION('',(-1.,-0.,-0.));
#1338 = ORIENTED_EDGE('',*,*,#1339,.T.);
#1339 = EDGE_CURVE('',#1330,#1340,#1342,.T.);
#1340 = VERTEX_POINT('',#1341);
#1341 = CARTESIAN_POINT('',(11.5,0.,8.362832774126));
#1342 = LINE('',#1343,#1344);
#1343 = CARTESIAN_POINT('',(11.5,0.,8.362832774126));
#1344 = VECTOR('',#1345,1.);
#1345 = DIRECTION('',(0.,0.,-1.));
#1346 = ORIENTED_EDGE('',*,*,#1347,.F.);
#1347 = EDGE_CURVE('',#1348,#1340,#1350,.T.);
#1348 = VERTEX_POINT('',#1349);
#1349 = CARTESIAN_POINT('',(9.6,0.,8.362832774126));
#1350 = LINE('',#1351,#1352);
#1351 = CARTESIAN_POINT('',(9.6,0.,8.362832774126));
#1352 = VECTOR('',#1353,1.);
#1353 = DIRECTION('',(1.,0.,0.));
#1354 = ORIENTED_EDGE('',*,*,#1355,.F.);
#1355 = EDGE_CURVE('',#1356,#1348,#1358,.T.);
#1356 = VERTEX_POINT('',#1357);
#1357 = CARTESIAN_POINT('',(9.6,0.,6.462832774126));
#1358 = LINE('',#1359,#1360);
#1359 = CARTESIAN_POINT('',(9.6,0.,6.962832774126));
#1360 = VECTOR('',#1361,1.);
#1361 = DIRECTION('',(0.,0.,1.));
#1362 = ORIENTED_EDGE('',*,*,#1363,.T.);
#1363 = EDGE_CURVE('',#1356,#1364,#1366,.T.);
#1364 = VERTEX_POINT('',#1365);
#1365 = CARTESIAN_POINT('',(8.4,0.,6.462832774126));
#1366 = LINE('',#1367,#1368);
#1367 = CARTESIAN_POINT('',(8.4,0.,6.462832774126));
#1368 = VECTOR('',#1369,1.);
#1369 = DIRECTION('',(-1.,0.,0.));
#1370 = ORIENTED_EDGE('',*,*,#1371,.F.);
#1371 = EDGE_CURVE('',#1372,#1364,#1374,.T.);
#1372 = VERTEX_POINT('',#1373);
#1373 = CARTESIAN_POINT('',(8.4,0.,8.362832774126));
#1374 = LINE('',#1375,#1376);
#1375 = CARTESIAN_POINT('',(8.4,0.,6.962832774126));
#1376 = VECTOR('',#1377,1.);
#1377 = DIRECTION('',(-0.,-0.,-1.));
#1378 = ORIENTED_EDGE('',*,*,#1379,.F.);
#1379 = EDGE_CURVE('',#1380,#1372,#1382,.T.);
#1380 = VERTEX_POINT('',#1381);
#1381 = CARTESIAN_POINT('',(6.5,0.,8.362832774126));
#1382 = LINE('',#1383,#1384);
#1383 = CARTESIAN_POINT('',(7.,0.,8.362832774126));
#1384 = VECTOR('',#1385,1.);
#1385 = DIRECTION('',(1.,0.,0.));
#1386 = ORIENTED_EDGE('',*,*,#1387,.T.);
#1387 = EDGE_CURVE('',#1380,#1388,#1390,.T.);
#1388 = VERTEX_POINT('',#1389);
#1389 = CARTESIAN_POINT('',(6.5,0.,9.562832774126));
#1390 = LINE('',#1391,#1392);
#1391 = CARTESIAN_POINT('',(6.5,0.,9.562832774126));
#1392 = VECTOR('',#1393,1.);
#1393 = DIRECTION('',(0.,0.,1.));
#1394 = ORIENTED_EDGE('',*,*,#1395,.F.);
#1395 = EDGE_CURVE('',#1396,#1388,#1398,.T.);
#1396 = VERTEX_POINT('',#1397);
#1397 = CARTESIAN_POINT('',(8.4,0.,9.562832774126));
#1398 = LINE('',#1399,#1400);
#1399 = CARTESIAN_POINT('',(7.,0.,9.562832774126));
#1400 = VECTOR('',#1401,1.);
#1401 = DIRECTION('',(-1.,-0.,-0.));
#1402 = ORIENTED_EDGE('',*,*,#1403,.F.);
#1403 = EDGE_CURVE('',#1404,#1396,#1406,.T.);
#1404 = VERTEX_POINT('',#1405);
#1405 = CARTESIAN_POINT('',(8.4,0.,11.462832774126));
#1406 = LINE('',#1407,#1408);
#1407 = CARTESIAN_POINT('',(8.4,0.,9.562832774126));
#1408 = VECTOR('',#1409,1.);
#1409 = DIRECTION('',(-0.,-0.,-1.));
#1410 = ORIENTED_EDGE('',*,*,#1411,.T.);
#1411 = EDGE_CURVE('',#1404,#1412,#1414,.T.);
#1412 = VERTEX_POINT('',#1413);
#1413 = CARTESIAN_POINT('',(9.6,0.,11.462832774126));
#1414 = LINE('',#1415,#1416);
#1415 = CARTESIAN_POINT('',(9.6,0.,11.462832774126));
#1416 = VECTOR('',#1417,1.);
#1417 = DIRECTION('',(1.,0.,0.));
#1418 = ORIENTED_EDGE('',*,*,#1419,.F.);
#1419 = EDGE_CURVE('',#1332,#1412,#1420,.T.);
#1420 = LINE('',#1421,#1422);
#1421 = CARTESIAN_POINT('',(9.6,0.,9.562832774126));
#1422 = VECTOR('',#1423,1.);
#1423 = DIRECTION('',(0.,0.,1.));
#1424 = FACE_BOUND('',#1425,.T.);
#1425 = EDGE_LOOP('',(#1426,#1427));
#1426 = ORIENTED_EDGE('',*,*,#1312,.T.);
#1427 = ORIENTED_EDGE('',*,*,#1303,.T.);
#1428 = PLANE('',#1429);
#1429 = AXIS2_PLACEMENT_3D('',#1430,#1431,#1432);
#1430 = CARTESIAN_POINT('',(9.,0.,8.962832774126));
#1431 = DIRECTION('',(0.,-1.,0.));
#1432 = DIRECTION('',(0.,0.,-1.));
#1433 = ADVANCED_FACE('',(#1434),#1468,.F.);
#1434 = FACE_BOUND('',#1435,.T.);
#1435 = EDGE_LOOP('',(#1436,#1444,#1453,#1461,#1467));
#1436 = ORIENTED_EDGE('',*,*,#1437,.F.);
#1437 = EDGE_CURVE('',#1438,#1332,#1440,.T.);
#1438 = VERTEX_POINT('',#1439);
#1439 = CARTESIAN_POINT('',(9.6,5.65662170669,9.562832774126));
#1440 = LINE('',#1441,#1442);
#1441 = CARTESIAN_POINT('',(9.6,8.370262869645,9.562832774126));
#1442 = VECTOR('',#1443,1.);
#1443 = DIRECTION('',(0.,-1.,0.));
#1444 = ORIENTED_EDGE('',*,*,#1445,.T.);
#1445 = EDGE_CURVE('',#1438,#1446,#1448,.T.);
#1446 = VERTEX_POINT('',#1447);
#1447 = CARTESIAN_POINT('',(11.,5.71659468704,9.562832774126));
#1448 = B_SPLINE_CURVE_WITH_KNOTS('',3,(#1449,#1450,#1451,#1452),
  .UNSPECIFIED.,.F.,.F.,(4,4),(0.,1.401283967785E-03),
  .PIECEWISE_BEZIER_KNOTS.);
#1449 = CARTESIAN_POINT('',(9.6,5.65662170669,9.562832774126));
#1450 = CARTESIAN_POINT('',(10.067126492505,5.665878596707,
    9.562832774126));
#1451 = CARTESIAN_POINT('',(10.533791802031,5.685901271051,
    9.562832774126));
#1452 = CARTESIAN_POINT('',(11.,5.71659468704,9.562832774126));
#1453 = ORIENTED_EDGE('',*,*,#1454,.T.);
#1454 = EDGE_CURVE('',#1446,#1455,#1457,.T.);
#1455 = VERTEX_POINT('',#1456);
#1456 = CARTESIAN_POINT('',(11.,0.5,9.562832774126));
#1457 = LINE('',#1458,#1459);
#1458 = CARTESIAN_POINT('',(11.,8.370262869645,9.562832774126));
#1459 = VECTOR('',#1460,1.);
#1460 = DIRECTION('',(0.,-1.,0.));
#1461 = ORIENTED_EDGE('',*,*,#1462,.T.);
#1462 = EDGE_CURVE('',#1455,#1330,#1463,.T.);
#1463 = LINE('',#1464,#1465);
#1464 = CARTESIAN_POINT('',(6.364868565177,5.135131434823,9.562832774126
    ));
#1465 = VECTOR('',#1466,1.);
#1466 = DIRECTION('',(0.707106781187,-0.707106781187,0.));
#1467 = ORIENTED_EDGE('',*,*,#1329,.T.);
#1468 = PLANE('',#1469);
#1469 = AXIS2_PLACEMENT_3D('',#1470,#1471,#1472);
#1470 = CARTESIAN_POINT('',(9.6,8.370262869645,9.562832774126));
#1471 = DIRECTION('',(0.,0.,1.));
#1472 = DIRECTION('',(1.,0.,0.));
#1473 = ADVANCED_FACE('',(#1474),#1492,.T.);
#1474 = FACE_BOUND('',#1475,.T.);
#1475 = EDGE_LOOP('',(#1476,#1484,#1485,#1486));
#1476 = ORIENTED_EDGE('',*,*,#1477,.F.);
#1477 = EDGE_CURVE('',#1340,#1478,#1480,.T.);
#1478 = VERTEX_POINT('',#1479);
#1479 = CARTESIAN_POINT('',(11.,0.5,8.362832774126));
#1480 = LINE('',#1481,#1482);
#1481 = CARTESIAN_POINT('',(6.364868565177,5.135131434823,8.362832774126
    ));
#1482 = VECTOR('',#1483,1.);
#1483 = DIRECTION('',(-0.707106781187,0.707106781187,0.));
#1484 = ORIENTED_EDGE('',*,*,#1339,.F.);
#1485 = ORIENTED_EDGE('',*,*,#1462,.F.);
#1486 = ORIENTED_EDGE('',*,*,#1487,.F.);
#1487 = EDGE_CURVE('',#1478,#1455,#1488,.T.);
#1488 = LINE('',#1489,#1490);
#1489 = CARTESIAN_POINT('',(11.,0.5,9.562832774126));
#1490 = VECTOR('',#1491,1.);
#1491 = DIRECTION('',(0.,0.,1.));
#1492 = PLANE('',#1493);
#1493 = AXIS2_PLACEMENT_3D('',#1494,#1495,#1496);
#1494 = CARTESIAN_POINT('',(11.,0.5,8.362832774126));
#1495 = DIRECTION('',(-0.707106781187,-0.707106781187,-0.));
#1496 = DIRECTION('',(0.,0.,-1.));
#1497 = ADVANCED_FACE('',(#1498),#1525,.F.);
#1498 = FACE_BOUND('',#1499,.T.);
#1499 = EDGE_LOOP('',(#1500,#1508,#1517,#1523,#1524));
#1500 = ORIENTED_EDGE('',*,*,#1501,.F.);
#1501 = EDGE_CURVE('',#1502,#1478,#1504,.T.);
#1502 = VERTEX_POINT('',#1503);
#1503 = CARTESIAN_POINT('',(11.,5.594402251034,8.362832774126));
#1504 = LINE('',#1505,#1506);
#1505 = CARTESIAN_POINT('',(11.,8.370262869645,8.362832774126));
#1506 = VECTOR('',#1507,1.);
#1507 = DIRECTION('',(0.,-1.,0.));
#1508 = ORIENTED_EDGE('',*,*,#1509,.T.);
#1509 = EDGE_CURVE('',#1502,#1510,#1512,.T.);
#1510 = VERTEX_POINT('',#1511);
#1511 = CARTESIAN_POINT('',(9.6,5.53422021422,8.362832774126));
#1512 = B_SPLINE_CURVE_WITH_KNOTS('',3,(#1513,#1514,#1515,#1516),
  .UNSPECIFIED.,.F.,.F.,(4,4),(0.,1.401292930673E-03),
  .PIECEWISE_BEZIER_KNOTS.);
#1513 = CARTESIAN_POINT('',(11.,5.594402251034,8.362832774126));
#1514 = CARTESIAN_POINT('',(10.53379499604,5.563602025492,8.362832774126
    ));
#1515 = CARTESIAN_POINT('',(10.067129699544,5.5435094726,8.362832774126)
  );
#1516 = CARTESIAN_POINT('',(9.6,5.53422021422,8.362832774126));
#1517 = ORIENTED_EDGE('',*,*,#1518,.T.);
#1518 = EDGE_CURVE('',#1510,#1348,#1519,.T.);
#1519 = LINE('',#1520,#1521);
#1520 = CARTESIAN_POINT('',(9.6,8.370262869645,8.362832774126));
#1521 = VECTOR('',#1522,1.);
#1522 = DIRECTION('',(0.,-1.,0.));
#1523 = ORIENTED_EDGE('',*,*,#1347,.T.);
#1524 = ORIENTED_EDGE('',*,*,#1477,.T.);
#1525 = PLANE('',#1526);
#1526 = AXIS2_PLACEMENT_3D('',#1527,#1528,#1529);
#1527 = CARTESIAN_POINT('',(9.6,8.370262869645,8.362832774126));
#1528 = DIRECTION('',(0.,0.,-1.));
#1529 = DIRECTION('',(-1.,0.,0.));
#1530 = ADVANCED_FACE('',(#1531),#1558,.F.);
#1531 = FACE_BOUND('',#1532,.T.);
#1532 = EDGE_LOOP('',(#1533,#1534,#1543,#1551,#1557));
#1533 = ORIENTED_EDGE('',*,*,#1518,.F.);
#1534 = ORIENTED_EDGE('',*,*,#1535,.T.);
#1535 = EDGE_CURVE('',#1510,#1536,#1538,.T.);
#1536 = VERTEX_POINT('',#1537);
#1537 = CARTESIAN_POINT('',(9.6,5.391418459125,6.962832774126));
#1538 = B_SPLINE_CURVE_WITH_KNOTS('',3,(#1539,#1540,#1541,#1542),
  .UNSPECIFIED.,.F.,.F.,(4,4),(0.,1.407264133437E-03),
  .PIECEWISE_BEZIER_KNOTS.);
#1539 = CARTESIAN_POINT('',(9.6,5.53422021422,8.362832774126));
#1540 = CARTESIAN_POINT('',(9.6,5.486619631654,7.896166107208));
#1541 = CARTESIAN_POINT('',(9.6,5.439019046621,7.429499440542));
#1542 = CARTESIAN_POINT('',(9.6,5.391418459125,6.962832774126));
#1543 = ORIENTED_EDGE('',*,*,#1544,.T.);
#1544 = EDGE_CURVE('',#1536,#1545,#1547,.T.);
#1545 = VERTEX_POINT('',#1546);
#1546 = CARTESIAN_POINT('',(9.6,0.5,6.962832774126));
#1547 = LINE('',#1548,#1549);
#1548 = CARTESIAN_POINT('',(9.6,8.370262869645,6.962832774126));
#1549 = VECTOR('',#1550,1.);
#1550 = DIRECTION('',(0.,-1.,0.));
#1551 = ORIENTED_EDGE('',*,*,#1552,.T.);
#1552 = EDGE_CURVE('',#1545,#1356,#1553,.T.);
#1553 = LINE('',#1554,#1555);
#1554 = CARTESIAN_POINT('',(9.6,4.435131434823,10.897964208949));
#1555 = VECTOR('',#1556,1.);
#1556 = DIRECTION('',(0.,-0.707106781187,-0.707106781187));
#1557 = ORIENTED_EDGE('',*,*,#1355,.T.);
#1558 = PLANE('',#1559);
#1559 = AXIS2_PLACEMENT_3D('',#1560,#1561,#1562);
#1560 = CARTESIAN_POINT('',(9.6,8.370262869645,6.962832774126));
#1561 = DIRECTION('',(1.,0.,0.));
#1562 = DIRECTION('',(0.,0.,-1.));
#1563 = ADVANCED_FACE('',(#1564),#1582,.T.);
#1564 = FACE_BOUND('',#1565,.T.);
#1565 = EDGE_LOOP('',(#1566,#1574,#1575,#1576));
#1566 = ORIENTED_EDGE('',*,*,#1567,.F.);
#1567 = EDGE_CURVE('',#1364,#1568,#1570,.T.);
#1568 = VERTEX_POINT('',#1569);
#1569 = CARTESIAN_POINT('',(8.4,0.5,6.962832774126));
#1570 = LINE('',#1571,#1572);
#1571 = CARTESIAN_POINT('',(8.4,4.435131434823,10.897964208949));
#1572 = VECTOR('',#1573,1.);
#1573 = DIRECTION('',(0.,0.707106781187,0.707106781187));
#1574 = ORIENTED_EDGE('',*,*,#1363,.F.);
#1575 = ORIENTED_EDGE('',*,*,#1552,.F.);
#1576 = ORIENTED_EDGE('',*,*,#1577,.F.);
#1577 = EDGE_CURVE('',#1568,#1545,#1578,.T.);
#1578 = LINE('',#1579,#1580);
#1579 = CARTESIAN_POINT('',(9.6,0.5,6.962832774126));
#1580 = VECTOR('',#1581,1.);
#1581 = DIRECTION('',(1.,0.,0.));
#1582 = PLANE('',#1583);
#1583 = AXIS2_PLACEMENT_3D('',#1584,#1585,#1586);
#1584 = CARTESIAN_POINT('',(8.4,0.5,6.962832774126));
#1585 = DIRECTION('',(0.,-0.707106781187,0.707106781187));
#1586 = DIRECTION('',(-1.,0.,0.));
#1587 = ADVANCED_FACE('',(#1588),#1615,.F.);
#1588 = FACE_BOUND('',#1589,.T.);
#1589 = EDGE_LOOP('',(#1590,#1598,#1607,#1613,#1614));
#1590 = ORIENTED_EDGE('',*,*,#1591,.F.);
#1591 = EDGE_CURVE('',#1592,#1568,#1594,.T.);
#1592 = VERTEX_POINT('',#1593);
#1593 = CARTESIAN_POINT('',(8.4,5.391418459125,6.962832774126));
#1594 = LINE('',#1595,#1596);
#1595 = CARTESIAN_POINT('',(8.4,8.370262869645,6.962832774126));
#1596 = VECTOR('',#1597,1.);
#1597 = DIRECTION('',(0.,-1.,0.));
#1598 = ORIENTED_EDGE('',*,*,#1599,.T.);
#1599 = EDGE_CURVE('',#1592,#1600,#1602,.T.);
#1600 = VERTEX_POINT('',#1601);
#1601 = CARTESIAN_POINT('',(8.4,5.534220214221,8.362832774126));
#1602 = B_SPLINE_CURVE_WITH_KNOTS('',3,(#1603,#1604,#1605,#1606),
  .UNSPECIFIED.,.F.,.F.,(4,4),(0.,1.407264133437E-03),
  .PIECEWISE_BEZIER_KNOTS.);
#1603 = CARTESIAN_POINT('',(8.4,5.391418459125,6.962832774126));
#1604 = CARTESIAN_POINT('',(8.4,5.439019046621,7.429499440542));
#1605 = CARTESIAN_POINT('',(8.4,5.486619631654,7.896166107208));
#1606 = CARTESIAN_POINT('',(8.4,5.534220214221,8.362832774126));
#1607 = ORIENTED_EDGE('',*,*,#1608,.T.);
#1608 = EDGE_CURVE('',#1600,#1372,#1609,.T.);
#1609 = LINE('',#1610,#1611);
#1610 = CARTESIAN_POINT('',(8.4,8.370262869645,8.362832774126));
#1611 = VECTOR('',#1612,1.);
#1612 = DIRECTION('',(0.,-1.,0.));
#1613 = ORIENTED_EDGE('',*,*,#1371,.T.);
#1614 = ORIENTED_EDGE('',*,*,#1567,.T.);
#1615 = PLANE('',#1616);
#1616 = AXIS2_PLACEMENT_3D('',#1617,#1618,#1619);
#1617 = CARTESIAN_POINT('',(8.4,8.370262869645,6.962832774126));
#1618 = DIRECTION('',(-1.,0.,0.));
#1619 = DIRECTION('',(0.,0.,1.));
#1620 = ADVANCED_FACE('',(#1621),#1648,.F.);
#1621 = FACE_BOUND('',#1622,.T.);
#1622 = EDGE_LOOP('',(#1623,#1624,#1633,#1641,#1647));
#1623 = ORIENTED_EDGE('',*,*,#1608,.F.);
#1624 = ORIENTED_EDGE('',*,*,#1625,.T.);
#1625 = EDGE_CURVE('',#1600,#1626,#1628,.T.);
#1626 = VERTEX_POINT('',#1627);
#1627 = CARTESIAN_POINT('',(7.,5.594402251034,8.362832774126));
#1628 = B_SPLINE_CURVE_WITH_KNOTS('',3,(#1629,#1630,#1631,#1632),
  .UNSPECIFIED.,.F.,.F.,(4,4),(0.,1.401292930673E-03),
  .PIECEWISE_BEZIER_KNOTS.);
#1629 = CARTESIAN_POINT('',(8.4,5.534220214221,8.362832774126));
#1630 = CARTESIAN_POINT('',(7.932870300456,5.5435094726,8.362832774126)
  );
#1631 = CARTESIAN_POINT('',(7.46620500396,5.563602025492,8.362832774126)
  );
#1632 = CARTESIAN_POINT('',(7.,5.594402251034,8.362832774126));
#1633 = ORIENTED_EDGE('',*,*,#1634,.T.);
#1634 = EDGE_CURVE('',#1626,#1635,#1637,.T.);
#1635 = VERTEX_POINT('',#1636);
#1636 = CARTESIAN_POINT('',(7.,0.5,8.362832774126));
#1637 = LINE('',#1638,#1639);
#1638 = CARTESIAN_POINT('',(7.,8.370262869645,8.362832774126));
#1639 = VECTOR('',#1640,1.);
#1640 = DIRECTION('',(0.,-1.,0.));
#1641 = ORIENTED_EDGE('',*,*,#1642,.T.);
#1642 = EDGE_CURVE('',#1635,#1380,#1643,.T.);
#1643 = LINE('',#1644,#1645);
#1644 = CARTESIAN_POINT('',(10.935131434823,4.435131434823,
    8.362832774126));
#1645 = VECTOR('',#1646,1.);
#1646 = DIRECTION('',(-0.707106781187,-0.707106781187,0.));
#1647 = ORIENTED_EDGE('',*,*,#1379,.T.);
#1648 = PLANE('',#1649);
#1649 = AXIS2_PLACEMENT_3D('',#1650,#1651,#1652);
#1650 = CARTESIAN_POINT('',(7.,8.370262869645,8.362832774126));
#1651 = DIRECTION('',(0.,0.,-1.));
#1652 = DIRECTION('',(-1.,0.,0.));
#1653 = ADVANCED_FACE('',(#1654),#1672,.T.);
#1654 = FACE_BOUND('',#1655,.T.);
#1655 = EDGE_LOOP('',(#1656,#1664,#1665,#1666));
#1656 = ORIENTED_EDGE('',*,*,#1657,.F.);
#1657 = EDGE_CURVE('',#1388,#1658,#1660,.T.);
#1658 = VERTEX_POINT('',#1659);
#1659 = CARTESIAN_POINT('',(7.,0.5,9.562832774126));
#1660 = LINE('',#1661,#1662);
#1661 = CARTESIAN_POINT('',(10.935131434823,4.435131434823,
    9.562832774126));
#1662 = VECTOR('',#1663,1.);
#1663 = DIRECTION('',(0.707106781187,0.707106781187,0.));
#1664 = ORIENTED_EDGE('',*,*,#1387,.F.);
#1665 = ORIENTED_EDGE('',*,*,#1642,.F.);
#1666 = ORIENTED_EDGE('',*,*,#1667,.F.);
#1667 = EDGE_CURVE('',#1658,#1635,#1668,.T.);
#1668 = LINE('',#1669,#1670);
#1669 = CARTESIAN_POINT('',(7.,0.5,8.362832774126));
#1670 = VECTOR('',#1671,1.);
#1671 = DIRECTION('',(0.,0.,-1.));
#1672 = PLANE('',#1673);
#1673 = AXIS2_PLACEMENT_3D('',#1674,#1675,#1676);
#1674 = CARTESIAN_POINT('',(7.,0.5,8.362832774126));
#1675 = DIRECTION('',(0.707106781187,-0.707106781187,0.));
#1676 = DIRECTION('',(0.,0.,1.));
#1677 = ADVANCED_FACE('',(#1678),#1705,.F.);
#1678 = FACE_BOUND('',#1679,.T.);
#1679 = EDGE_LOOP('',(#1680,#1688,#1697,#1703,#1704));
#1680 = ORIENTED_EDGE('',*,*,#1681,.F.);
#1681 = EDGE_CURVE('',#1682,#1658,#1684,.T.);
#1682 = VERTEX_POINT('',#1683);
#1683 = CARTESIAN_POINT('',(7.,5.71659468704,9.562832774126));
#1684 = LINE('',#1685,#1686);
#1685 = CARTESIAN_POINT('',(7.,8.370262869645,9.562832774126));
#1686 = VECTOR('',#1687,1.);
#1687 = DIRECTION('',(0.,-1.,0.));
#1688 = ORIENTED_EDGE('',*,*,#1689,.T.);
#1689 = EDGE_CURVE('',#1682,#1690,#1692,.T.);
#1690 = VERTEX_POINT('',#1691);
#1691 = CARTESIAN_POINT('',(8.4,5.65662170669,9.562832774126));
#1692 = B_SPLINE_CURVE_WITH_KNOTS('',3,(#1693,#1694,#1695,#1696),
  .UNSPECIFIED.,.F.,.F.,(4,4),(0.,1.401283967785E-03),
  .PIECEWISE_BEZIER_KNOTS.);
#1693 = CARTESIAN_POINT('',(7.,5.71659468704,9.562832774126));
#1694 = CARTESIAN_POINT('',(7.466208197969,5.685901271051,9.562832774126
    ));
#1695 = CARTESIAN_POINT('',(7.932873507495,5.665878596707,9.562832774126
    ));
#1696 = CARTESIAN_POINT('',(8.4,5.65662170669,9.562832774126));
#1697 = ORIENTED_EDGE('',*,*,#1698,.T.);
#1698 = EDGE_CURVE('',#1690,#1396,#1699,.T.);
#1699 = LINE('',#1700,#1701);
#1700 = CARTESIAN_POINT('',(8.4,8.370262869645,9.562832774126));
#1701 = VECTOR('',#1702,1.);
#1702 = DIRECTION('',(0.,-1.,0.));
#1703 = ORIENTED_EDGE('',*,*,#1395,.T.);
#1704 = ORIENTED_EDGE('',*,*,#1657,.T.);
#1705 = PLANE('',#1706);
#1706 = AXIS2_PLACEMENT_3D('',#1707,#1708,#1709);
#1707 = CARTESIAN_POINT('',(7.,8.370262869645,9.562832774126));
#1708 = DIRECTION('',(0.,0.,1.));
#1709 = DIRECTION('',(1.,0.,0.));
#1710 = ADVANCED_FACE('',(#1711),#1738,.F.);
#1711 = FACE_BOUND('',#1712,.T.);
#1712 = EDGE_LOOP('',(#1713,#1714,#1723,#1731,#1737));
#1713 = ORIENTED_EDGE('',*,*,#1698,.F.);
#1714 = ORIENTED_EDGE('',*,*,#1715,.T.);
#1715 = EDGE_CURVE('',#1690,#1716,#1718,.T.);
#1716 = VERTEX_POINT('',#1717);
#1717 = CARTESIAN_POINT('',(8.4,5.79942343401,10.962832774126));
#1718 = B_SPLINE_CURVE_WITH_KNOTS('',3,(#1719,#1720,#1721,#1722),
  .UNSPECIFIED.,.F.,.F.,(4,4),(0.,1.407264130619E-03),
  .PIECEWISE_BEZIER_KNOTS.);
#1719 = CARTESIAN_POINT('',(8.4,5.65662170669,9.562832774126));
#1720 = CARTESIAN_POINT('',(8.4,5.704222284932,10.029499440541));
#1721 = CARTESIAN_POINT('',(8.4,5.751822860706,10.496166107208));
#1722 = CARTESIAN_POINT('',(8.4,5.79942343401,10.962832774126));
#1723 = ORIENTED_EDGE('',*,*,#1724,.T.);
#1724 = EDGE_CURVE('',#1716,#1725,#1727,.T.);
#1725 = VERTEX_POINT('',#1726);
#1726 = CARTESIAN_POINT('',(8.4,0.5,10.962832774126));
#1727 = LINE('',#1728,#1729);
#1728 = CARTESIAN_POINT('',(8.4,8.370262869645,10.962832774126));
#1729 = VECTOR('',#1730,1.);
#1730 = DIRECTION('',(0.,-1.,0.));
#1731 = ORIENTED_EDGE('',*,*,#1732,.T.);
#1732 = EDGE_CURVE('',#1725,#1404,#1733,.T.);
#1733 = LINE('',#1734,#1735);
#1734 = CARTESIAN_POINT('',(8.4,5.135131434823,6.327701339304));
#1735 = VECTOR('',#1736,1.);
#1736 = DIRECTION('',(0.,-0.707106781187,0.707106781187));
#1737 = ORIENTED_EDGE('',*,*,#1403,.T.);
#1738 = PLANE('',#1739);
#1739 = AXIS2_PLACEMENT_3D('',#1740,#1741,#1742);
#1740 = CARTESIAN_POINT('',(8.4,8.370262869645,9.562832774126));
#1741 = DIRECTION('',(-1.,0.,0.));
#1742 = DIRECTION('',(0.,0.,1.));
#1743 = ADVANCED_FACE('',(#1744),#1762,.T.);
#1744 = FACE_BOUND('',#1745,.T.);
#1745 = EDGE_LOOP('',(#1746,#1754,#1755,#1756));
#1746 = ORIENTED_EDGE('',*,*,#1747,.F.);
#1747 = EDGE_CURVE('',#1412,#1748,#1750,.T.);
#1748 = VERTEX_POINT('',#1749);
#1749 = CARTESIAN_POINT('',(9.6,0.5,10.962832774126));
#1750 = LINE('',#1751,#1752);
#1751 = CARTESIAN_POINT('',(9.6,5.135131434823,6.327701339304));
#1752 = VECTOR('',#1753,1.);
#1753 = DIRECTION('',(0.,0.707106781187,-0.707106781187));
#1754 = ORIENTED_EDGE('',*,*,#1411,.F.);
#1755 = ORIENTED_EDGE('',*,*,#1732,.F.);
#1756 = ORIENTED_EDGE('',*,*,#1757,.F.);
#1757 = EDGE_CURVE('',#1748,#1725,#1758,.T.);
#1758 = LINE('',#1759,#1760);
#1759 = CARTESIAN_POINT('',(8.4,0.5,10.962832774126));
#1760 = VECTOR('',#1761,1.);
#1761 = DIRECTION('',(-1.,0.,0.));
#1762 = PLANE('',#1763);
#1763 = AXIS2_PLACEMENT_3D('',#1764,#1765,#1766);
#1764 = CARTESIAN_POINT('',(8.4,0.5,10.962832774126));
#1765 = DIRECTION('',(0.,-0.707106781187,-0.707106781187));
#1766 = DIRECTION('',(1.,0.,0.));
#1767 = ADVANCED_FACE('',(#1768),#1788,.F.);
#1768 = FACE_BOUND('',#1769,.T.);
#1769 = EDGE_LOOP('',(#1770,#1778,#1785,#1786,#1787));
#1770 = ORIENTED_EDGE('',*,*,#1771,.F.);
#1771 = EDGE_CURVE('',#1772,#1748,#1774,.T.);
#1772 = VERTEX_POINT('',#1773);
#1773 = CARTESIAN_POINT('',(9.6,5.79942343401,10.962832774126));
#1774 = LINE('',#1775,#1776);
#1775 = CARTESIAN_POINT('',(9.6,8.370262869645,10.962832774126));
#1776 = VECTOR('',#1777,1.);
#1777 = DIRECTION('',(0.,-1.,0.));
#1778 = ORIENTED_EDGE('',*,*,#1779,.T.);
#1779 = EDGE_CURVE('',#1772,#1438,#1780,.T.);
#1780 = B_SPLINE_CURVE_WITH_KNOTS('',3,(#1781,#1782,#1783,#1784),
  .UNSPECIFIED.,.F.,.F.,(4,4),(0.,1.407264130619E-03),
  .PIECEWISE_BEZIER_KNOTS.);
#1781 = CARTESIAN_POINT('',(9.6,5.79942343401,10.962832774126));
#1782 = CARTESIAN_POINT('',(9.6,5.751822860706,10.496166107208));
#1783 = CARTESIAN_POINT('',(9.6,5.704222284932,10.029499440541));
#1784 = CARTESIAN_POINT('',(9.6,5.65662170669,9.562832774126));
#1785 = ORIENTED_EDGE('',*,*,#1437,.T.);
#1786 = ORIENTED_EDGE('',*,*,#1419,.T.);
#1787 = ORIENTED_EDGE('',*,*,#1747,.T.);
#1788 = PLANE('',#1789);
#1789 = AXIS2_PLACEMENT_3D('',#1790,#1791,#1792);
#1790 = CARTESIAN_POINT('',(9.6,8.370262869645,9.562832774126));
#1791 = DIRECTION('',(1.,0.,0.));
#1792 = DIRECTION('',(0.,0.,-1.));
#1793 = ADVANCED_FACE('',(#1794),#1832,.F.);
#1794 = FACE_BOUND('',#1795,.F.);
#1795 = EDGE_LOOP('',(#1796,#1797,#1798,#1805,#1806,#1807,#1814,#1815,
    #1816,#1823,#1824,#1825));
#1796 = ORIENTED_EDGE('',*,*,#1779,.T.);
#1797 = ORIENTED_EDGE('',*,*,#1445,.T.);
#1798 = ORIENTED_EDGE('',*,*,#1799,.T.);
#1799 = EDGE_CURVE('',#1446,#1502,#1800,.T.);
#1800 = B_SPLINE_CURVE_WITH_KNOTS('',3,(#1801,#1802,#1803,#1804),
  .UNSPECIFIED.,.F.,.F.,(4,4),(0.,1.206205202864E-03),
  .PIECEWISE_BEZIER_KNOTS.);
#1801 = CARTESIAN_POINT('',(11.,5.71659468704,9.562832774126));
#1802 = CARTESIAN_POINT('',(11.,5.675863894255,9.16283277217));
#1803 = CARTESIAN_POINT('',(11.,5.635133082249,8.76283277217));
#1804 = CARTESIAN_POINT('',(11.,5.594402251034,8.362832774126));
#1805 = ORIENTED_EDGE('',*,*,#1509,.T.);
#1806 = ORIENTED_EDGE('',*,*,#1535,.T.);
#1807 = ORIENTED_EDGE('',*,*,#1808,.T.);
#1808 = EDGE_CURVE('',#1536,#1592,#1809,.T.);
#1809 = B_SPLINE_CURVE_WITH_KNOTS('',3,(#1810,#1811,#1812,#1813),
  .UNSPECIFIED.,.F.,.F.,(4,4),(0.,1.2E-03),.PIECEWISE_BEZIER_KNOTS.);
#1810 = CARTESIAN_POINT('',(9.6,5.391418459125,6.962832774126));
#1811 = CARTESIAN_POINT('',(9.2,5.383431875624,6.962832774126));
#1812 = CARTESIAN_POINT('',(8.8,5.383431875624,6.962832774126));
#1813 = CARTESIAN_POINT('',(8.4,5.391418459125,6.962832774126));
#1814 = ORIENTED_EDGE('',*,*,#1599,.T.);
#1815 = ORIENTED_EDGE('',*,*,#1625,.T.);
#1816 = ORIENTED_EDGE('',*,*,#1817,.T.);
#1817 = EDGE_CURVE('',#1626,#1682,#1818,.T.);
#1818 = B_SPLINE_CURVE_WITH_KNOTS('',3,(#1819,#1820,#1821,#1822),
  .UNSPECIFIED.,.F.,.F.,(4,4),(0.,1.206205202864E-03),
  .PIECEWISE_BEZIER_KNOTS.);
#1819 = CARTESIAN_POINT('',(7.,5.594402251034,8.362832774126));
#1820 = CARTESIAN_POINT('',(7.,5.635133082249,8.76283277217));
#1821 = CARTESIAN_POINT('',(7.,5.675863894255,9.16283277217));
#1822 = CARTESIAN_POINT('',(7.,5.71659468704,9.562832774126));
#1823 = ORIENTED_EDGE('',*,*,#1689,.T.);
#1824 = ORIENTED_EDGE('',*,*,#1715,.T.);
#1825 = ORIENTED_EDGE('',*,*,#1826,.T.);
#1826 = EDGE_CURVE('',#1716,#1772,#1827,.T.);
#1827 = B_SPLINE_CURVE_WITH_KNOTS('',3,(#1828,#1829,#1830,#1831),
  .UNSPECIFIED.,.F.,.F.,(4,4),(0.,1.2E-03),.PIECEWISE_BEZIER_KNOTS.);
#1828 = CARTESIAN_POINT('',(8.4,5.79942343401,10.962832774126));
#1829 = CARTESIAN_POINT('',(8.8,5.791529058491,10.962832774126));
#1830 = CARTESIAN_POINT('',(9.2,5.791529058491,10.962832774126));
#1831 = CARTESIAN_POINT('',(9.6,5.79942343401,10.962832774126));
#1832 = B_SPLINE_SURFACE_WITH_KNOTS('',3,3,(
    (#1833,#1834,#1835,#1836)
    ,(#1837,#1838,#1839,#1840)
    ,(#1841,#1842,#1843,#1844)
    ,(#1845,#1846,#1847,#1848
    )),.UNSPECIFIED.,.F.,.F.,.F.,(4,4),(4,4),(0.349099255603,
    0.650900744397),(0.29847354172,0.564503460402),
  .PIECEWISE_BEZIER_KNOTS.);
#1833 = CARTESIAN_POINT('',(6.976544836955,5.86177380605,10.973385541623
    ));
#1834 = CARTESIAN_POINT('',(6.97608240456,5.724575839615,9.625659420013)
  );
#1835 = CARTESIAN_POINT('',(6.975620048008,5.587378013711,8.277933284088
    ));
#1836 = CARTESIAN_POINT('',(6.975157767609,5.450180328155,6.930207133867
    ));
#1837 = CARTESIAN_POINT('',(8.322102617391,5.77451333531,10.992983093262
    ));
#1838 = CARTESIAN_POINT('',(8.321928933174,5.636647965016,9.642540260162
    ));
#1839 = CARTESIAN_POINT('',(8.321755260842,5.498782551203,8.292097431457
    ));
#1840 = CARTESIAN_POINT('',(8.321581600047,5.360917093962,6.941654607138
    ));
#1841 = CARTESIAN_POINT('',(9.677897382609,5.77451333531,10.992983093262
    ));
#1842 = CARTESIAN_POINT('',(9.678071066826,5.636647965016,9.642540260162
    ));
#1843 = CARTESIAN_POINT('',(9.678244739158,5.498782551203,8.292097431457
    ));
#1844 = CARTESIAN_POINT('',(9.678418399953,5.360917093962,6.941654607138
    ));
#1845 = CARTESIAN_POINT('',(11.023455163045,5.86177380605,
    10.973385541623));
#1846 = CARTESIAN_POINT('',(11.02391759544,5.724575839615,9.625659420013
    ));
#1847 = CARTESIAN_POINT('',(11.024379951992,5.587378013711,
    8.277933284088));
#1848 = CARTESIAN_POINT('',(11.024842232391,5.450180328155,
    6.930207133867));
#1849 = ADVANCED_FACE('',(#1850),#1856,.F.);
#1850 = FACE_BOUND('',#1851,.T.);
#1851 = EDGE_LOOP('',(#1852,#1853,#1854,#1855));
#1852 = ORIENTED_EDGE('',*,*,#1501,.T.);
#1853 = ORIENTED_EDGE('',*,*,#1487,.T.);
#1854 = ORIENTED_EDGE('',*,*,#1454,.F.);
#1855 = ORIENTED_EDGE('',*,*,#1799,.T.);
#1856 = PLANE('',#1857);
#1857 = AXIS2_PLACEMENT_3D('',#1858,#1859,#1860);
#1858 = CARTESIAN_POINT('',(11.,8.370262869645,8.362832774126));
#1859 = DIRECTION('',(1.,0.,0.));
#1860 = DIRECTION('',(0.,0.,-1.));
#1861 = ADVANCED_FACE('',(#1862),#1868,.F.);
#1862 = FACE_BOUND('',#1863,.T.);
#1863 = EDGE_LOOP('',(#1864,#1865,#1866,#1867));
#1864 = ORIENTED_EDGE('',*,*,#1591,.T.);
#1865 = ORIENTED_EDGE('',*,*,#1577,.T.);
#1866 = ORIENTED_EDGE('',*,*,#1544,.F.);
#1867 = ORIENTED_EDGE('',*,*,#1808,.T.);
#1868 = PLANE('',#1869);
#1869 = AXIS2_PLACEMENT_3D('',#1870,#1871,#1872);
#1870 = CARTESIAN_POINT('',(8.4,8.370262869645,6.962832774126));
#1871 = DIRECTION('',(0.,0.,-1.));
#1872 = DIRECTION('',(-1.,0.,0.));
#1873 = ADVANCED_FACE('',(#1874),#1880,.F.);
#1874 = FACE_BOUND('',#1875,.T.);
#1875 = EDGE_LOOP('',(#1876,#1877,#1878,#1879));
#1876 = ORIENTED_EDGE('',*,*,#1681,.T.);
#1877 = ORIENTED_EDGE('',*,*,#1667,.T.);
#1878 = ORIENTED_EDGE('',*,*,#1634,.F.);
#1879 = ORIENTED_EDGE('',*,*,#1817,.T.);
#1880 = PLANE('',#1881);
#1881 = AXIS2_PLACEMENT_3D('',#1882,#1883,#1884);
#1882 = CARTESIAN_POINT('',(7.,8.370262869645,8.362832774126));
#1883 = DIRECTION('',(-1.,0.,0.));
#1884 = DIRECTION('',(0.,0.,1.));
#1885 = ADVANCED_FACE('',(#1886),#1892,.F.);
#1886 = FACE_BOUND('',#1887,.T.);
#1887 = EDGE_LOOP('',(#1888,#1889,#1890,#1891));
#1888 = ORIENTED_EDGE('',*,*,#1771,.T.);
#1889 = ORIENTED_EDGE('',*,*,#1757,.T.);
#1890 = ORIENTED_EDGE('',*,*,#1724,.F.);
#1891 = ORIENTED_EDGE('',*,*,#1826,.T.);
#1892 = PLANE('',#1893);
#1893 = AXIS2_PLACEMENT_3D('',#1894,#1895,#1896);
#1894 = CARTESIAN_POINT('',(8.4,8.370262869645,10.962832774126));
#1895 = DIRECTION('',(0.,0.,1.));
#1896 = DIRECTION('',(1.,0.,0.));
#1897 = ( GEOMETRIC_REPRESENTATION_CONTEXT(3) 
GLOBAL_UNCERTAINTY_ASSIGNED_CONTEXT((#1901)) 
GLOBAL_UNIT_ASSIGNED_CONTEXT((#1898,#1899,#1900)) REPRESENTATION_CONTEXT
('Context #1','3D Context with UNIT and UNCERTAINTY') );
#1898 = ( LENGTH_UNIT() NAMED_UNIT(*) SI_UNIT(.MILLI.,.METRE.) );
#1899 = ( NAMED_UNIT(*) PLANE_ANGLE_UNIT() SI_UNIT($,.RADIAN.) );
#1900 = ( NAMED_UNIT(*) SI_UNIT($,.STERADIAN.) SOLID_ANGLE_UNIT() );
#1901 = UNCERTAINTY_MEASURE_WITH_UNIT(LENGTH_MEASURE(2.E-04),#1898,
  'distance_accuracy_value','confusion accuracy');
#1902 = PRODUCT_RELATED_PRODUCT_CATEGORY('part',$,(#7));
#1903 = MECHANICAL_DESIGN_GEOMETRIC_PRESENTATION_REPRESENTATION('',(
    #1904),#1897);
#1904 = STYLED_ITEM('color',(#1905),#15);
#1905 = PRESENTATION_STYLE_ASSIGNMENT((#1906,#1912));
#1906 = SURFACE_STYLE_USAGE(.BOTH.,#1907);
#1907 = SURFACE_SIDE_STYLE('',(#1908));
#1908 = SURFACE_STYLE_FILL_AREA(#1909);
#1909 = FILL_AREA_STYLE('',(#1910));
#1910 = FILL_AREA_STYLE_COLOUR('',#1911);
#1911 = COLOUR_RGB('',0.800000010877,0.800000010877,0.901960800373);
#1912 = CURVE_STYLE('',#1913,POSITIVE_LENGTH_MEASURE(0.1),#1914);
#1913 = DRAUGHTING_PRE_DEFINED_CURVE_FONT('continuous');
#1914 = COLOUR_RGB('',9.803921802644E-02,9.803921802644E-02,
  9.803921802644E-02);
ENDSEC;
END-ISO-10303-21;
