ISO-10303-21;
HEADER;
FILE_DESCRIPTION(('FreeCAD Model'),'2;1');
FILE_NAME('Open CASCADE Shape Model','2025-01-17T19:11:46',(''),(''),
  'Open CASCADE STEP processor 7.7','FreeCAD','Unknown');
FILE_SCHEMA(('AUTOMOTIVE_DESIGN { 1 0 10303 214 1 1 1 1 }'));
ENDSEC;
DATA;
#1 = APPLICATION_PROTOCOL_DEFINITION('international standard',
  'automotive_design',2000,#2);
#2 = APPLICATION_CONTEXT(
  'core data for automotive mechanical design processes');
#3 = SHAPE_DEFINITION_REPRESENTATION(#4,#10);
#4 = PRODUCT_DEFINITION_SHAPE('','',#5);
#5 = PRODUCT_DEFINITION('design','',#6,#9);
#6 = PRODUCT_DEFINITION_FORMATION('','',#7);
#7 = PRODUCT('Body','Body','',(#8));
#8 = PRODUCT_CONTEXT('',#2,'mechanical');
#9 = PRODUCT_DEFINITION_CONTEXT('part definition',#2,'design');
#10 = ADVANCED_BREP_SHAPE_REPRESENTATION('',(#11,#15),#2051);
#11 = AXIS2_PLACEMENT_3D('',#12,#13,#14);
#12 = CARTESIAN_POINT('',(0.,0.,0.));
#13 = DIRECTION('',(0.,0.,1.));
#14 = DIRECTION('',(1.,0.,-0.));
#15 = MANIFOLD_SOLID_BREP('',#16);
#16 = CLOSED_SHELL('',(#17,#185,#246,#274,#324,#341,#387,#427,#494,#534,
    #605,#636,#700,#731,#783,#812,#870,#901,#953,#1001,#1140,#1178,#1216
    ,#1254,#1285,#1309,#1333,#1350,#1381,#1405,#1422,#1434,#1445,#1479,
    #1587,#1627,#1651,#1684,#1717,#1741,#1774,#1807,#1831,#1864,#1897,
    #1921,#1947,#2003,#2015,#2027,#2039));
#17 = ADVANCED_FACE('',(#18,#94),#156,.F.);
#18 = FACE_BOUND('',#19,.F.);
#19 = EDGE_LOOP('',(#20,#59));
#20 = ORIENTED_EDGE('',*,*,#21,.F.);
#21 = EDGE_CURVE('',#22,#24,#26,.T.);
#22 = VERTEX_POINT('',#23);
#23 = CARTESIAN_POINT('',(8.999999999976,5.86593100108,11.672832774126)
  );
#24 = VERTEX_POINT('',#25);
#25 = CARTESIAN_POINT('',(9.,5.312990405233,6.252832774126));
#26 = B_SPLINE_CURVE_WITH_KNOTS('',3,(#27,#28,#29,#30,#31,#32,#33,#34,
    #35,#36,#37,#38,#39,#40,#41,#42,#43,#44,#45,#46,#47,#48,#49,#50,#51,
    #52,#53,#54,#55,#56,#57,#58),.UNSPECIFIED.,.F.,.F.,(4,2,2,2,2,2,2,2,
    2,2,2,2,2,2,2,4),(8.499163835205E-03,9.030256449196E-03,
    9.561349063187E-03,1.009244167718E-02,1.062353429117E-02,
    1.115462690516E-02,1.168571951915E-02,1.221681213314E-02,
    1.274790474713E-02,1.327899736113E-02,1.381008997512E-02,
    1.434118258911E-02,1.48722752031E-02,1.540336781709E-02,
    1.593446043108E-02,1.699664565906E-02),.UNSPECIFIED.);
#27 = CARTESIAN_POINT('',(8.999999999976,5.86593100108,11.672832774126)
  );
#28 = CARTESIAN_POINT('',(9.1773057241,5.86593100108,11.672832774128));
#29 = CARTESIAN_POINT('',(9.353644513587,5.865724590641,11.655600903625)
  );
#30 = CARTESIAN_POINT('',(9.704339206305,5.864696915922,11.585802641223)
  );
#31 = CARTESIAN_POINT('',(9.875751777236,5.86387551022,11.533532090485)
  );
#32 = CARTESIAN_POINT('',(10.202725080925,5.861176130701,11.397763682833
    ));
#33 = CARTESIAN_POINT('',(10.360759588343,5.859276182793,11.313234108592
    ));
#34 = CARTESIAN_POINT('',(10.657696315871,5.853677830873,11.114133779256
    ));
#35 = CARTESIAN_POINT('',(10.794344095631,5.850031608201,11.001421227505
    ));
#36 = CARTESIAN_POINT('',(11.044578200245,5.840213931014,10.750348815692
    ));
#37 = CARTESIAN_POINT('',(11.159037589255,5.833946876819,10.610301554102
    ));
#38 = CARTESIAN_POINT('',(11.355455845755,5.818411599927,10.314655414678
    ));
#39 = CARTESIAN_POINT('',(11.438444273975,5.80914494715,10.158537738851)
  );
#40 = CARTESIAN_POINT('',(11.573781100685,5.786839550248,9.829649759253)
  );
#41 = CARTESIAN_POINT('',(11.625431627555,5.773792225177,9.657354365988)
  );
#42 = CARTESIAN_POINT('',(11.69333707851,5.744514901574,9.310951796951)
  );
#43 = CARTESIAN_POINT('',(11.710419798216,5.728158947715,9.134918982998)
  );
#44 = CARTESIAN_POINT('',(11.709564665986,5.691772226391,8.777769361524)
  );
#45 = CARTESIAN_POINT('',(11.691667371228,5.672320016177,8.602307643957)
  );
#46 = CARTESIAN_POINT('',(11.62246113649,5.631169360589,8.257319348019)
  );
#47 = CARTESIAN_POINT('',(11.570320194589,5.60922115309,8.08602868519));
#48 = CARTESIAN_POINT('',(11.434680218784,5.56479709638,7.759643867368)
  );
#49 = CARTESIAN_POINT('',(11.351795150812,5.542397999775,7.604812356396)
  );
#50 = CARTESIAN_POINT('',(11.156099226529,5.497955448177,7.31165258659)
  );
#51 = CARTESIAN_POINT('',(11.042254640908,5.475799681001,7.172775463718)
  );
#52 = CARTESIAN_POINT('',(10.793425314977,5.434591299229,6.923535141985)
  );
#53 = CARTESIAN_POINT('',(10.657602471797,5.415299063969,6.811543369156)
  );
#54 = CARTESIAN_POINT('',(10.362416804022,5.38030871819,6.613468496165)
  );
#55 = CARTESIAN_POINT('',(10.204757942068,5.364884300364,6.528943777761)
  );
#56 = CARTESIAN_POINT('',(9.715908064782,5.32717959817,6.325370921286));
#57 = CARTESIAN_POINT('',(9.359211261011,5.312990405233,6.252832774126)
  );
#58 = CARTESIAN_POINT('',(9.,5.312990405233,6.252832774126));
#59 = ORIENTED_EDGE('',*,*,#60,.F.);
#60 = EDGE_CURVE('',#24,#22,#61,.T.);
#61 = B_SPLINE_CURVE_WITH_KNOTS('',3,(#62,#63,#64,#65,#66,#67,#68,#69,
    #70,#71,#72,#73,#74,#75,#76,#77,#78,#79,#80,#81,#82,#83,#84,#85,#86,
    #87,#88,#89,#90,#91,#92,#93),.UNSPECIFIED.,.F.,.F.,(4,2,2,2,2,2,2,2,
    2,2,2,2,2,2,2,4),(0.,5.311977397003E-04,1.062395479401E-03,
    1.593593219101E-03,2.124790958801E-03,3.187186438202E-03,
    3.718384177902E-03,4.249581917602E-03,4.780779657303E-03,
    5.311977397003E-03,5.843175136703E-03,6.374372876404E-03,
    6.905570616104E-03,7.436768355804E-03,7.967966095505E-03,
    8.499163835205E-03),.UNSPECIFIED.);
#62 = CARTESIAN_POINT('',(9.,5.312990405233,6.252832774126));
#63 = CARTESIAN_POINT('',(8.820358817938,5.312990405233,6.252832774126)
  );
#64 = CARTESIAN_POINT('',(8.643800899859,5.31641163953,6.270517681475));
#65 = CARTESIAN_POINT('',(8.296580066417,5.32960724998,6.339735605873));
#66 = CARTESIAN_POINT('',(8.124078622275,5.339545636633,6.392146488736)
  );
#67 = CARTESIAN_POINT('',(7.79594786437,5.364805824098,6.528510549659));
#68 = CARTESIAN_POINT('',(7.640419186639,5.380021073711,6.611882502803)
  );
#69 = CARTESIAN_POINT('',(7.346183890014,5.414802796733,6.80869270425));
#70 = CARTESIAN_POINT('',(7.207325022755,5.434479180938,6.922874783061)
  );
#71 = CARTESIAN_POINT('',(6.833926641667,5.496280991124,7.296617024673)
  );
#72 = CARTESIAN_POINT('',(6.632910843421,5.542701294068,7.597389211676)
  );
#73 = CARTESIAN_POINT('',(6.430452769937,5.60894747174,8.0839762262));
#74 = CARTESIAN_POINT('',(6.378239230893,5.63080564357,8.254343424376));
#75 = CARTESIAN_POINT('',(6.30823945371,5.672323147164,8.602261213162));
#76 = CARTESIAN_POINT('',(6.290599658219,5.691724848178,8.777447772277)
  );
#77 = CARTESIAN_POINT('',(6.28943012206,5.727697743749,9.130250657756));
#78 = CARTESIAN_POINT('',(6.306462934263,5.744403279512,9.309680136662)
  );
#79 = CARTESIAN_POINT('',(6.374484257627,5.773781251326,9.657175703775)
  );
#80 = CARTESIAN_POINT('',(6.425107390671,5.786596909484,9.826333588655)
  );
#81 = CARTESIAN_POINT('',(6.559982877437,5.808943998813,10.155318433524)
  );
#82 = CARTESIAN_POINT('',(6.644499672424,5.818401358787,10.314510671107)
  );
#83 = CARTESIAN_POINT('',(6.840278776281,5.833899504226,10.609350058037)
  );
#84 = CARTESIAN_POINT('',(6.952219707966,5.840072035049,10.746904745109)
  );
#85 = CARTESIAN_POINT('',(7.205403311144,5.850037742869,11.001395906933)
  );
#86 = CARTESIAN_POINT('',(7.342554200818,5.853676906465,11.114190756187)
  );
#87 = CARTESIAN_POINT('',(7.636656257706,5.859233064916,11.311611517335)
  );
#88 = CARTESIAN_POINT('',(7.795551114632,5.86116027178,11.396997041164)
  );
#89 = CARTESIAN_POINT('',(8.124654989214,5.863880489627,11.533751658198)
  );
#90 = CARTESIAN_POINT('',(8.294068772835,5.864688867454,11.585299861085)
  );
#91 = CARTESIAN_POINT('',(8.642534959876,5.865716726081,11.655023566911)
  );
#92 = CARTESIAN_POINT('',(8.822659179545,5.86593100108,11.672832774125)
  );
#93 = CARTESIAN_POINT('',(8.999999999976,5.86593100108,11.672832774126)
  );
#94 = FACE_BOUND('',#95,.F.);
#95 = EDGE_LOOP('',(#96,#113,#128,#143));
#96 = ORIENTED_EDGE('',*,*,#97,.T.);
#97 = EDGE_CURVE('',#98,#100,#102,.T.);
#98 = VERTEX_POINT('',#99);
#99 = CARTESIAN_POINT('',(14.463890724689,6.624360068713,14.344143022426
    ));
#100 = VERTEX_POINT('',#101);
#101 = CARTESIAN_POINT('',(14.53704495049,5.342216080719,1.45912570562)
  );
#102 = B_SPLINE_CURVE_WITH_KNOTS('',3,(#103,#104,#105,#106,#107,#108,
    #109,#110,#111,#112),.UNSPECIFIED.,.F.,.F.,(4,3,3,4),(0.,
    4.573320356696E-03,8.761089032248E-03,1.294885914096E-02),
  .UNSPECIFIED.);
#103 = CARTESIAN_POINT('',(14.463890724689,6.624360068713,
    14.344143022426));
#104 = CARTESIAN_POINT('',(14.471321942508,6.473139997339,
    12.827239946048));
#105 = CARTESIAN_POINT('',(14.479115316578,6.322003598595,
    11.310330242354));
#106 = CARTESIAN_POINT('',(14.487325907825,6.170964693619,9.793413134704
    ));
#107 = CARTESIAN_POINT('',(14.49484430893,6.032659054492,8.404379030486)
  );
#108 = CARTESIAN_POINT('',(14.502712558512,5.894435154672,7.015338620616
    ));
#109 = CARTESIAN_POINT('',(14.510980854559,5.756305754871,5.62629124092)
  );
#110 = CARTESIAN_POINT('',(14.51924915337,5.618176308898,4.237243396914)
  );
#111 = CARTESIAN_POINT('',(14.527917381744,5.480141314971,2.848188461147
    ));
#112 = CARTESIAN_POINT('',(14.53704495049,5.342216080719,1.45912570562)
  );
#113 = ORIENTED_EDGE('',*,*,#114,.T.);
#114 = EDGE_CURVE('',#100,#115,#117,.T.);
#115 = VERTEX_POINT('',#116);
#116 = CARTESIAN_POINT('',(3.46295504951,5.342216080719,1.45912570562));
#117 = B_SPLINE_CURVE_WITH_KNOTS('',3,(#118,#119,#120,#121,#122,#123,
    #124,#125,#126,#127),.UNSPECIFIED.,.F.,.F.,(4,2,2,2,4),(0.,
    2.784027906095E-03,5.56805581219E-03,8.352083718284E-03,
    1.113611162438E-02),.UNSPECIFIED.);
#118 = CARTESIAN_POINT('',(14.53704495049,5.342216080719,1.45912570562)
  );
#119 = CARTESIAN_POINT('',(13.623737699781,5.169503135751,1.453999705081
    ));
#120 = CARTESIAN_POINT('',(12.704780450721,5.039928649526,1.450154024107
    ));
#121 = CARTESIAN_POINT('',(10.855678285483,4.866198943881,1.444997846816
    ));
#122 = CARTESIAN_POINT('',(9.926842860014,4.822329296841,1.443695826087)
  );
#123 = CARTESIAN_POINT('',(8.07062007704,4.82240935687,1.443698202214));
#124 = CARTESIAN_POINT('',(7.14083618732,4.866461299311,1.445005633343)
  );
#125 = CARTESIAN_POINT('',(5.294534213162,5.040058308774,1.450157872304)
  );
#126 = CARTESIAN_POINT('',(4.376266991911,5.169502248518,1.453999678748)
  );
#127 = CARTESIAN_POINT('',(3.46295504951,5.342216080719,1.45912570562));
#128 = ORIENTED_EDGE('',*,*,#129,.T.);
#129 = EDGE_CURVE('',#115,#130,#132,.T.);
#130 = VERTEX_POINT('',#131);
#131 = CARTESIAN_POINT('',(3.536109275311,6.624360068713,14.344143022426
    ));
#132 = B_SPLINE_CURVE_WITH_KNOTS('',3,(#133,#134,#135,#136,#137,#138,
    #139,#140,#141,#142),.UNSPECIFIED.,.F.,.F.,(4,3,3,4),(0.,
    4.576119069436E-03,8.762488441776E-03,1.29488589304E-02),
  .UNSPECIFIED.);
#133 = CARTESIAN_POINT('',(3.46295504951,5.342216080719,1.45912570562));
#134 = CARTESIAN_POINT('',(3.472929054925,5.492931684356,2.977001914596)
  );
#135 = CARTESIAN_POINT('',(3.482354767622,5.643778296094,4.494868794729)
  );
#136 = CARTESIAN_POINT('',(3.49130910902,5.794736108975,6.012727292166)
  );
#137 = CARTESIAN_POINT('',(3.499500806102,5.932836793353,7.401309262749)
  );
#138 = CARTESIAN_POINT('',(3.50729772616,6.071030637194,8.789884342126)
  );
#139 = CARTESIAN_POINT('',(3.514749250775,6.209305102082,10.178453187771
    ));
#140 = CARTESIAN_POINT('',(3.522200777419,6.347579604632,11.56702241162)
  );
#141 = CARTESIAN_POINT('',(3.529306814678,6.485934765153,12.955585492257
    ));
#142 = CARTESIAN_POINT('',(3.536109275311,6.624360068713,14.344143022426
    ));
#143 = ORIENTED_EDGE('',*,*,#144,.T.);
#144 = EDGE_CURVE('',#130,#98,#145,.T.);
#145 = B_SPLINE_CURVE_WITH_KNOTS('',3,(#146,#147,#148,#149,#150,#151,
    #152,#153,#154,#155),.UNSPECIFIED.,.F.,.F.,(4,2,2,2,4),(0.,
    2.746111323442E-03,5.492222646884E-03,8.238333970327E-03,
    1.098444529377E-02),.UNSPECIFIED.);
#146 = CARTESIAN_POINT('',(3.536109275311,6.624360068713,14.344143022426
    ));
#147 = CARTESIAN_POINT('',(4.437938391999,6.468381747691,14.397850665428
    ));
#148 = CARTESIAN_POINT('',(5.344953597332,6.351361876746,14.438143838298
    ));
#149 = CARTESIAN_POINT('',(7.169259392872,6.194511920072,14.492151609524
    ));
#150 = CARTESIAN_POINT('',(8.085525934271,6.154916107807,14.505785541058
    ));
#151 = CARTESIAN_POINT('',(9.916393306651,6.154971502838,14.505766467019
    ));
#152 = CARTESIAN_POINT('',(10.833496887394,6.194701758362,
    14.492086242959));
#153 = CARTESIAN_POINT('',(12.655588406959,6.351455703401,14.43811153119
    ));
#154 = CARTESIAN_POINT('',(13.562057758418,6.468381081876,
    14.397850894687));
#155 = CARTESIAN_POINT('',(14.463890724689,6.624360068713,
    14.344143022426));
#156 = B_SPLINE_SURFACE_WITH_KNOTS('',3,3,(
    (#157,#158,#159,#160)
    ,(#161,#162,#163,#164)
    ,(#165,#166,#167,#168)
    ,(#169,#170,#171,#172)
    ,(#173,#174,#175,#176)
    ,(#177,#178,#179,#180)
    ,(#181,#182,#183,#184
    )),.UNSPECIFIED.,.F.,.F.,.F.,(4,3,4),(4,4),(7.95274065755E-02,0.5,
    0.920472593424),(6.218352264908E-02,0.930717018309),
  .PIECEWISE_BEZIER_KNOTS.);
#157 = CARTESIAN_POINT('',(3.407955932348,6.656192905043,14.429935086714
    ));
#158 = CARTESIAN_POINT('',(3.404499983132,6.21911082377,10.074379348357)
  );
#159 = CARTESIAN_POINT('',(3.401048245071,5.782039899861,5.718822488576)
  );
#160 = CARTESIAN_POINT('',(3.397600960535,5.34498003884,1.363264516847)
  );
#161 = CARTESIAN_POINT('',(5.240604593916,6.330636717046,14.532134274593
    ));
#162 = CARTESIAN_POINT('',(5.237766054051,5.885368939167,10.142808998151
    ));
#163 = CARTESIAN_POINT('',(5.234928811205,5.440105005091,5.7534833237));
#164 = CARTESIAN_POINT('',(5.232092866031,4.994844918281,1.364157250964)
  );
#165 = CARTESIAN_POINT('',(7.118910403416,6.163002820328,14.584771728179
    ));
#166 = CARTESIAN_POINT('',(7.117447983222,5.713434853195,10.178044495343
    ));
#167 = CARTESIAN_POINT('',(7.115986227494,5.263866886063,5.771317262507)
  );
#168 = CARTESIAN_POINT('',(7.114525135029,4.81429891893,1.364590029671)
  );
#169 = CARTESIAN_POINT('',(9.,6.163002820328,14.584771728179));
#170 = CARTESIAN_POINT('',(9.,5.713434853195,10.178044495343));
#171 = CARTESIAN_POINT('',(9.,5.263866886063,5.771317262507));
#172 = CARTESIAN_POINT('',(9.,4.81429891893,1.364590029671));
#173 = CARTESIAN_POINT('',(10.881089596584,6.163002820328,
    14.584771728179));
#174 = CARTESIAN_POINT('',(10.882552016778,5.713434853195,
    10.178044495343));
#175 = CARTESIAN_POINT('',(10.884013772506,5.263866886063,5.771317262507
    ));
#176 = CARTESIAN_POINT('',(10.885474864971,4.81429891893,1.364590029671)
  );
#177 = CARTESIAN_POINT('',(12.759395406084,6.330636717046,
    14.532134274593));
#178 = CARTESIAN_POINT('',(12.762233945949,5.885368939167,
    10.142808998151));
#179 = CARTESIAN_POINT('',(12.765071188795,5.440105005091,5.7534833237)
  );
#180 = CARTESIAN_POINT('',(12.767907133969,4.994844918281,1.364157250964
    ));
#181 = CARTESIAN_POINT('',(14.592044067652,6.656192905043,
    14.429935086714));
#182 = CARTESIAN_POINT('',(14.595500016868,6.21911082377,10.074379348357
    ));
#183 = CARTESIAN_POINT('',(14.598951754929,5.782039899861,5.718822488576
    ));
#184 = CARTESIAN_POINT('',(14.602399039465,5.34498003884,1.363264516847)
  );
#185 = ADVANCED_FACE('',(#186),#229,.F.);
#186 = FACE_BOUND('',#187,.F.);
#187 = EDGE_LOOP('',(#188,#200,#201,#216));
#188 = ORIENTED_EDGE('',*,*,#189,.T.);
#189 = EDGE_CURVE('',#190,#100,#192,.T.);
#190 = VERTEX_POINT('',#191);
#191 = CARTESIAN_POINT('',(16.60551697537,-5.5E-14,1.300572433796));
#192 = B_SPLINE_CURVE_WITH_KNOTS('',3,(#193,#194,#195,#196,#197,#198,
    #199),.UNSPECIFIED.,.F.,.F.,(4,3,4),(0.,2.286660191282E-03,
    5.730880945986E-03),.UNSPECIFIED.);
#193 = CARTESIAN_POINT('',(16.60551697537,-5.464E-14,1.300572433796));
#194 = CARTESIAN_POINT('',(16.329871456851,0.710320020254,1.321654239839
    ));
#195 = CARTESIAN_POINT('',(16.0544133291,1.420712732809,1.342738203339)
  );
#196 = CARTESIAN_POINT('',(15.779171987953,2.13118932723,1.363824656395)
  );
#197 = CARTESIAN_POINT('',(15.36459711308,3.201325608379,1.395585559756)
  );
#198 = CARTESIAN_POINT('',(14.950511952775,4.271651641851,1.427352094834
    ));
#199 = CARTESIAN_POINT('',(14.53704495049,5.342216080719,1.45912570562)
  );
#200 = ORIENTED_EDGE('',*,*,#97,.F.);
#201 = ORIENTED_EDGE('',*,*,#202,.F.);
#202 = EDGE_CURVE('',#203,#98,#205,.T.);
#203 = VERTEX_POINT('',#204);
#204 = CARTESIAN_POINT('',(16.632379749147,-4.E-15,16.625093114457));
#205 = B_SPLINE_CURVE_WITH_KNOTS('',3,(#206,#207,#208,#209,#210,#211,
    #212,#213,#214,#215),.UNSPECIFIED.,.F.,.F.,(4,3,3,4),(0.,
    2.286660128823E-03,4.810318738119E-03,7.333977770891E-03),
  .UNSPECIFIED.);
#206 = CARTESIAN_POINT('',(16.632379749147,-3.83E-15,16.625093114457));
#207 = CARTESIAN_POINT('',(16.407393688399,0.688582084681,
    16.387995288685));
#208 = CARTESIAN_POINT('',(16.182303296243,1.377133703428,
    16.150907953175));
#209 = CARTESIAN_POINT('',(15.957094875557,2.065650800342,
    15.913832504486));
#210 = CARTESIAN_POINT('',(15.708544966697,2.825528522348,
    15.652185622075));
#211 = CARTESIAN_POINT('',(15.459851395398,3.58536425189,15.39055319883)
  );
#212 = CARTESIAN_POINT('',(15.210992154494,4.345151456726,
    15.128937483981));
#213 = CARTESIAN_POINT('',(14.962132872871,5.104938785882,
    14.867321726325));
#214 = CARTESIAN_POINT('',(14.713107989638,5.864677647159,
    14.605722657498));
#215 = CARTESIAN_POINT('',(14.463890724689,6.624360068713,
    14.344143022426));
#216 = ORIENTED_EDGE('',*,*,#217,.T.);
#217 = EDGE_CURVE('',#203,#190,#218,.T.);
#218 = B_SPLINE_CURVE_WITH_KNOTS('',3,(#219,#220,#221,#222,#223,#224,
    #225,#226,#227,#228),.UNSPECIFIED.,.F.,.F.,(4,3,3,4),(0.,
    4.573320229305E-03,9.146640476977E-03,1.532454475191E-02),
  .UNSPECIFIED.);
#219 = CARTESIAN_POINT('',(16.632379749147,-3.83E-15,16.625093114457));
#220 = CARTESIAN_POINT('',(16.630308738493,-1.6E-16,15.100654444797));
#221 = CARTESIAN_POINT('',(16.628095457533,-2.2E-16,13.576215958807));
#222 = CARTESIAN_POINT('',(16.625710154069,-2.2E-16,12.051777748525));
#223 = CARTESIAN_POINT('',(16.623324850599,-2.2E-16,10.527339534671));
#224 = CARTESIAN_POINT('',(16.620767689156,-1.19E-15,9.002901575433));
#225 = CARTESIAN_POINT('',(16.618000640655,-1.19E-15,7.478464006697));
#226 = CARTESIAN_POINT('',(16.61426275229,-1.19E-15,5.419166003813));
#227 = CARTESIAN_POINT('',(16.610144060585,1.19E-15,3.359868630697));
#228 = CARTESIAN_POINT('',(16.60551697537,-5.464E-14,1.300572433796));
#229 = B_SPLINE_SURFACE_WITH_KNOTS('',3,3,(
    (#230,#231,#232,#233)
    ,(#234,#235,#236,#237)
    ,(#238,#239,#240,#241)
    ,(#242,#243,#244,#245
    )),.UNSPECIFIED.,.F.,.F.,.F.,(4,4),(4,4),(6.409260159295E-02,
    0.932975588279),(4.480836665586E-02,0.872048970967),
  .PIECEWISE_BEZIER_KNOTS.);
#230 = CARTESIAN_POINT('',(16.645279085511,-3.913768501301E-02,
    16.72979732472));
#231 = CARTESIAN_POINT('',(15.913665440699,2.202370122408,
    16.012705976116));
#232 = CARTESIAN_POINT('',(15.182046660214,4.444233617513,
    15.296715944898));
#233 = CARTESIAN_POINT('',(14.450485374394,6.686637026142,
    14.582331975458));
#234 = CARTESIAN_POINT('',(16.651652109443,-7.808855500461E-02,
    11.555869168809));
#235 = CARTESIAN_POINT('',(15.92020704735,2.043359129205,11.081061897542
    ));
#236 = CARTESIAN_POINT('',(15.188775283718,4.165102905484,
    10.607461895787));
#237 = CARTESIAN_POINT('',(14.457435564907,6.287314072396,
    10.135655602384));
#238 = CARTESIAN_POINT('',(16.659352894813,-0.119682609823,
    6.381950924654));
#239 = CARTESIAN_POINT('',(15.928159256054,1.881510939413,6.149489917616
    ));
#240 = CARTESIAN_POINT('',(15.197009091004,3.88291146542,5.918362986853)
  );
#241 = CARTESIAN_POINT('',(14.466004406444,5.88466374986,5.689261663136)
  );
#242 = CARTESIAN_POINT('',(16.669521879587,-0.165254741374,
    1.208047598004));
#243 = CARTESIAN_POINT('',(15.938804634681,1.715317950536,1.21802672866)
  );
#244 = CARTESIAN_POINT('',(15.208206728155,3.595937784505,1.229501975645
    ));
#245 = CARTESIAN_POINT('',(14.477898704905,5.476671465877,1.243321160434
    ));
#246 = ADVANCED_FACE('',(#247),#269,.F.);
#247 = FACE_BOUND('',#248,.T.);
#248 = EDGE_LOOP('',(#249,#261,#267,#268));
#249 = ORIENTED_EDGE('',*,*,#250,.F.);
#250 = EDGE_CURVE('',#251,#115,#253,.T.);
#251 = VERTEX_POINT('',#252);
#252 = CARTESIAN_POINT('',(1.39448302463,-1.08E-13,1.300572433796));
#253 = B_SPLINE_CURVE_WITH_KNOTS('',3,(#254,#255,#256,#257,#258,#259,
    #260),.UNSPECIFIED.,.F.,.F.,(4,3,4),(0.,2.288059480949E-03,
    5.730880945495E-03),.UNSPECIFIED.);
#254 = CARTESIAN_POINT('',(1.39448302463,-1.0777E-13,1.300572433796));
#255 = CARTESIAN_POINT('',(1.670297220562,0.710754690639,1.321667140555)
  );
#256 = CARTESIAN_POINT('',(1.945923796904,1.421582162372,1.342764007406)
  );
#257 = CARTESIAN_POINT('',(2.221333302071,2.132493625974,1.363863367078)
  );
#258 = CARTESIAN_POINT('',(2.635739346536,3.202195295916,1.395611371479)
  );
#259 = CARTESIAN_POINT('',(3.049656027197,4.272086581962,1.427365003555)
  );
#260 = CARTESIAN_POINT('',(3.46295504951,5.342216080719,1.45912570562));
#261 = ORIENTED_EDGE('',*,*,#262,.T.);
#262 = EDGE_CURVE('',#251,#190,#263,.T.);
#263 = LINE('',#264,#265);
#264 = CARTESIAN_POINT('',(9.,0.,1.300572433796));
#265 = VECTOR('',#266,1.);
#266 = DIRECTION('',(1.,0.,-8.E-17));
#267 = ORIENTED_EDGE('',*,*,#189,.T.);
#268 = ORIENTED_EDGE('',*,*,#114,.T.);
#269 = PLANE('',#270);
#270 = AXIS2_PLACEMENT_3D('',#271,#272,#273);
#271 = CARTESIAN_POINT('',(9.,5.961433882689,1.477503660946));
#272 = DIRECTION('',(-8.E-17,2.966624408511E-02,-0.999559860119));
#273 = DIRECTION('',(0.,0.999559860119,2.966624408511E-02));
#274 = ADVANCED_FACE('',(#275),#307,.F.);
#275 = FACE_BOUND('',#276,.F.);
#276 = EDGE_LOOP('',(#277,#292,#293,#294));
#277 = ORIENTED_EDGE('',*,*,#278,.T.);
#278 = EDGE_CURVE('',#279,#130,#281,.T.);
#279 = VERTEX_POINT('',#280);
#280 = CARTESIAN_POINT('',(1.367620250853,0.,16.625093114457));
#281 = B_SPLINE_CURVE_WITH_KNOTS('',3,(#282,#283,#284,#285,#286,#287,
    #288,#289,#290,#291),.UNSPECIFIED.,.F.,.F.,(4,3,3,4),(0.,
    2.288059418371E-03,4.811018382988E-03,7.333977770764E-03),
  .UNSPECIFIED.);
#282 = CARTESIAN_POINT('',(1.367620250853,-8.E-17,16.625093114457));
#283 = CARTESIAN_POINT('',(1.592743988661,0.689003452816,16.3878502));
#284 = CARTESIAN_POINT('',(1.81797218537,1.377976402477,16.150617788623)
  );
#285 = CARTESIAN_POINT('',(2.04331856397,2.066914785419,15.913397279521)
  );
#286 = CARTESIAN_POINT('',(2.291799725931,2.826581796605,15.651822950664
    ));
#287 = CARTESIAN_POINT('',(2.540424481926,3.586206835285,15.3902630741)
  );
#288 = CARTESIAN_POINT('',(2.78921482256,4.34578337413,15.128719897369)
  );
#289 = CARTESIAN_POINT('',(3.038005203883,5.105360037203,14.867176677863
    ));
#290 = CARTESIAN_POINT('',(3.286961101944,5.864888257208,14.605650138642
    ));
#291 = CARTESIAN_POINT('',(3.536109275311,6.624360068713,14.344143022426
    ));
#292 = ORIENTED_EDGE('',*,*,#129,.F.);
#293 = ORIENTED_EDGE('',*,*,#250,.F.);
#294 = ORIENTED_EDGE('',*,*,#295,.F.);
#295 = EDGE_CURVE('',#279,#251,#296,.T.);
#296 = B_SPLINE_CURVE_WITH_KNOTS('',3,(#297,#298,#299,#300,#301,#302,
    #303,#304,#305,#306),.UNSPECIFIED.,.F.,.F.,(4,3,3,4),(0.,
    4.576118808349E-03,9.152237635115E-03,1.532454475167E-02),
  .UNSPECIFIED.);
#297 = CARTESIAN_POINT('',(1.367620250853,-8.E-17,16.625093114457));
#298 = CARTESIAN_POINT('',(1.369692528833,-1.6E-16,15.099721585976));
#299 = CARTESIAN_POINT('',(1.371907250545,-5.E-17,13.574350241382));
#300 = CARTESIAN_POINT('',(1.374294225084,-5.E-17,12.048979172891));
#301 = CARTESIAN_POINT('',(1.376681199628,-5.E-17,10.523608100819));
#302 = CARTESIAN_POINT('',(1.379240261927,2.2E-16,8.998237283713));
#303 = CARTESIAN_POINT('',(1.38200951983,2.2E-16,7.472866857759));
#304 = CARTESIAN_POINT('',(1.385744717865,2.2E-16,5.415434572413));
#305 = CARTESIAN_POINT('',(1.389860131537,1.1E-16,3.35800291606));
#306 = CARTESIAN_POINT('',(1.39448302463,-1.0777E-13,1.300572433796));
#307 = B_SPLINE_SURFACE_WITH_KNOTS('',3,3,(
    (#308,#309,#310,#311)
    ,(#312,#313,#314,#315)
    ,(#316,#317,#318,#319)
    ,(#320,#321,#322,#323
    )),.UNSPECIFIED.,.F.,.F.,.F.,(4,4),(4,4),(6.702441172139E-02,
    0.935907398407),(4.480836665586E-02,0.872048970967),
  .PIECEWISE_BEZIER_KNOTS.);
#308 = CARTESIAN_POINT('',(1.330478120413,-0.165254741374,1.208047598004
    ));
#309 = CARTESIAN_POINT('',(2.061195365319,1.715317950536,1.21802672866)
  );
#310 = CARTESIAN_POINT('',(2.791793271845,3.595937784505,1.229501975645)
  );
#311 = CARTESIAN_POINT('',(3.522101295095,5.476671465877,1.243321160434)
  );
#312 = CARTESIAN_POINT('',(1.340647105187,-0.119682609823,6.381950924654
    ));
#313 = CARTESIAN_POINT('',(2.071840743946,1.881510939413,6.149489917616)
  );
#314 = CARTESIAN_POINT('',(2.802990908996,3.88291146542,5.918362986853)
  );
#315 = CARTESIAN_POINT('',(3.533995593556,5.88466374986,5.689261663136)
  );
#316 = CARTESIAN_POINT('',(1.348347890557,-7.808855500461E-02,
    11.555869168809));
#317 = CARTESIAN_POINT('',(2.07979295265,2.043359129205,11.081061897542)
  );
#318 = CARTESIAN_POINT('',(2.811224716282,4.165102905484,10.607461895787
    ));
#319 = CARTESIAN_POINT('',(3.542564435093,6.287314072396,10.135655602384
    ));
#320 = CARTESIAN_POINT('',(1.354720914489,-3.913768501301E-02,
    16.72979732472));
#321 = CARTESIAN_POINT('',(2.086334559301,2.202370122408,16.012705976116
    ));
#322 = CARTESIAN_POINT('',(2.817953339786,4.444233617513,15.296715944898
    ));
#323 = CARTESIAN_POINT('',(3.549514625606,6.686637026142,14.582331975458
    ));
#324 = ADVANCED_FACE('',(#325),#336,.T.);
#325 = FACE_BOUND('',#326,.T.);
#326 = EDGE_LOOP('',(#327,#328,#334,#335));
#327 = ORIENTED_EDGE('',*,*,#202,.F.);
#328 = ORIENTED_EDGE('',*,*,#329,.F.);
#329 = EDGE_CURVE('',#279,#203,#330,.T.);
#330 = LINE('',#331,#332);
#331 = CARTESIAN_POINT('',(9.,0.,16.625093114457));
#332 = VECTOR('',#333,1.);
#333 = DIRECTION('',(1.,0.,8.29E-15));
#334 = ORIENTED_EDGE('',*,*,#278,.T.);
#335 = ORIENTED_EDGE('',*,*,#144,.T.);
#336 = PLANE('',#337);
#337 = AXIS2_PLACEMENT_3D('',#338,#339,#340);
#338 = CARTESIAN_POINT('',(9.,7.129613313538,14.170170378529));
#339 = DIRECTION('',(7.84E-15,-0.325568154457,-0.945518575599));
#340 = DIRECTION('',(0.,0.945518575599,-0.325568154457));
#341 = ADVANCED_FACE('',(#342,#376),#382,.F.);
#342 = FACE_BOUND('',#343,.T.);
#343 = EDGE_LOOP('',(#344,#354,#362,#370));
#344 = ORIENTED_EDGE('',*,*,#345,.T.);
#345 = EDGE_CURVE('',#346,#348,#350,.T.);
#346 = VERTEX_POINT('',#347);
#347 = CARTESIAN_POINT('',(0.,0.,0.));
#348 = VERTEX_POINT('',#349);
#349 = CARTESIAN_POINT('',(18.,0.,0.));
#350 = LINE('',#351,#352);
#351 = CARTESIAN_POINT('',(0.,0.,0.));
#352 = VECTOR('',#353,1.);
#353 = DIRECTION('',(1.,0.,0.));
#354 = ORIENTED_EDGE('',*,*,#355,.F.);
#355 = EDGE_CURVE('',#356,#348,#358,.T.);
#356 = VERTEX_POINT('',#357);
#357 = CARTESIAN_POINT('',(18.,0.,18.));
#358 = LINE('',#359,#360);
#359 = CARTESIAN_POINT('',(18.,0.,18.));
#360 = VECTOR('',#361,1.);
#361 = DIRECTION('',(0.,0.,-1.));
#362 = ORIENTED_EDGE('',*,*,#363,.F.);
#363 = EDGE_CURVE('',#364,#356,#366,.T.);
#364 = VERTEX_POINT('',#365);
#365 = CARTESIAN_POINT('',(0.,0.,18.));
#366 = LINE('',#367,#368);
#367 = CARTESIAN_POINT('',(0.,0.,18.));
#368 = VECTOR('',#369,1.);
#369 = DIRECTION('',(1.,0.,0.));
#370 = ORIENTED_EDGE('',*,*,#371,.T.);
#371 = EDGE_CURVE('',#364,#346,#372,.T.);
#372 = LINE('',#373,#374);
#373 = CARTESIAN_POINT('',(0.,0.,18.));
#374 = VECTOR('',#375,1.);
#375 = DIRECTION('',(0.,0.,-1.));
#376 = FACE_BOUND('',#377,.T.);
#377 = EDGE_LOOP('',(#378,#379,#380,#381));
#378 = ORIENTED_EDGE('',*,*,#262,.F.);
#379 = ORIENTED_EDGE('',*,*,#295,.F.);
#380 = ORIENTED_EDGE('',*,*,#329,.T.);
#381 = ORIENTED_EDGE('',*,*,#217,.T.);
#382 = PLANE('',#383);
#383 = AXIS2_PLACEMENT_3D('',#384,#385,#386);
#384 = CARTESIAN_POINT('',(0.,0.,0.));
#385 = DIRECTION('',(0.,1.,0.));
#386 = DIRECTION('',(0.,0.,1.));
#387 = ADVANCED_FACE('',(#388),#422,.T.);
#388 = FACE_BOUND('',#389,.T.);
#389 = EDGE_LOOP('',(#390,#399,#414,#421));
#390 = ORIENTED_EDGE('',*,*,#391,.T.);
#391 = EDGE_CURVE('',#346,#392,#394,.T.);
#392 = VERTEX_POINT('',#393);
#393 = CARTESIAN_POINT('',(3.55160284697,6.438531778026,0.191091162118)
  );
#394 = B_SPLINE_CURVE_WITH_KNOTS('',3,(#395,#396,#397,#398),
  .UNSPECIFIED.,.F.,.F.,(4,4),(0.,0.986561333602),
  .PIECEWISE_BEZIER_KNOTS.);
#395 = CARTESIAN_POINT('',(0.,0.,0.));
#396 = CARTESIAN_POINT('',(1.286786937412,2.306978376974,
    6.846951979664E-02));
#397 = CARTESIAN_POINT('',(2.470654524026,4.453155652114,0.132166574305)
  );
#398 = CARTESIAN_POINT('',(3.55160284697,6.438531778026,0.191091162118)
  );
#399 = ORIENTED_EDGE('',*,*,#400,.T.);
#400 = EDGE_CURVE('',#392,#401,#403,.T.);
#401 = VERTEX_POINT('',#402);
#402 = CARTESIAN_POINT('',(14.448397286443,6.438531803993,0.191091162889
    ));
#403 = B_SPLINE_CURVE_WITH_KNOTS('',3,(#404,#405,#406,#407,#408,#409,
    #410,#411,#412,#413),.UNSPECIFIED.,.F.,.F.,(4,2,2,2,4),(0.,
    2.736798747652E-03,5.473597495304E-03,8.210396242957E-03,
    1.094719499061E-02),.UNSPECIFIED.);
#404 = CARTESIAN_POINT('',(3.55160284697,6.438531778026,0.191091162118)
  );
#405 = CARTESIAN_POINT('',(4.449781389857,6.263708794148,0.185902537086)
  );
#406 = CARTESIAN_POINT('',(5.352999371547,6.132758822,0.182016032643));
#407 = CARTESIAN_POINT('',(7.169339190679,5.957082756726,0.176802088746)
  );
#408 = CARTESIAN_POINT('',(8.084455705434,5.912438233296,0.175477070224)
  );
#409 = CARTESIAN_POINT('',(9.911940122487,5.912321177027,0.175473596075)
  );
#410 = CARTESIAN_POINT('',(10.826083404595,5.956728388641,0.176791571347
    ));
#411 = CARTESIAN_POINT('',(12.64610046996,6.132583666667,0.182010834155)
  );
#412 = CARTESIAN_POINT('',(13.55022483948,6.263710002175,0.185902572939)
  );
#413 = CARTESIAN_POINT('',(14.448397286443,6.438531803993,0.191091162889
    ));
#414 = ORIENTED_EDGE('',*,*,#415,.T.);
#415 = EDGE_CURVE('',#401,#348,#416,.T.);
#416 = B_SPLINE_CURVE_WITH_KNOTS('',3,(#417,#418,#419,#420),
  .UNSPECIFIED.,.F.,.F.,(4,4),(1.343881831846E-02,1.),
  .PIECEWISE_BEZIER_KNOTS.);
#417 = CARTESIAN_POINT('',(14.448397286443,6.438531803993,0.191091162889
    ));
#418 = CARTESIAN_POINT('',(15.529345569696,4.453155671361,0.132166574876
    ));
#419 = CARTESIAN_POINT('',(16.713213111838,2.306978387564,
    6.846952011096E-02));
#420 = CARTESIAN_POINT('',(18.,0.,0.));
#421 = ORIENTED_EDGE('',*,*,#345,.F.);
#422 = PLANE('',#423);
#423 = AXIS2_PLACEMENT_3D('',#424,#425,#426);
#424 = CARTESIAN_POINT('',(9.,6.,0.178075842791));
#425 = DIRECTION('',(-8.E-17,2.966624408511E-02,-0.999559860119));
#426 = DIRECTION('',(0.,0.999559860119,2.966624408511E-02));
#427 = ADVANCED_FACE('',(#428),#481,.T.);
#428 = FACE_BOUND('',#429,.T.);
#429 = EDGE_LOOP('',(#430,#458,#473,#480));
#430 = ORIENTED_EDGE('',*,*,#431,.T.);
#431 = EDGE_CURVE('',#348,#432,#434,.T.);
#432 = VERTEX_POINT('',#433);
#433 = CARTESIAN_POINT('',(15.381295117311,6.732864915154,1.137154733758
    ));
#434 = B_SPLINE_CURVE_WITH_KNOTS('',3,(#435,#436,#437,#438,#439,#440,
    #441,#442,#443,#444,#445,#446,#447,#448,#449,#450,#451,#452,#453,
    #454,#455,#456,#457),.UNSPECIFIED.,.F.,.F.,(4,2,2,1,2,2,2,1,1,2,2,1,
    1,4),(0.,0.486350884698,0.547144745285,0.607938605872,0.729526327046
    ,0.851114048221,0.911907908808,0.927106373955,0.934705606528,
    0.936605414672,0.937555318743,0.938505222815,0.942304839102,
    0.972701769395),.UNSPECIFIED.);
#435 = CARTESIAN_POINT('',(18.,0.,0.));
#436 = CARTESIAN_POINT('',(17.551241676619,1.137929706146,0.198312053849
    ));
#437 = CARTESIAN_POINT('',(17.118211223885,2.242930802757,0.388263025863
    ));
#438 = CARTESIAN_POINT('',(16.648745819039,3.449105528562,0.592362932944
    ));
#439 = CARTESIAN_POINT('',(16.593421086354,3.591373191015,0.616387815714
    ));
#440 = CARTESIAN_POINT('',(16.48499127668,3.870471207992,0.663413495497)
  );
#441 = CARTESIAN_POINT('',(16.323139867078,4.28747022425,0.733520309967)
  );
#442 = CARTESIAN_POINT('',(16.1636683722,4.699526029052,0.802330355784)
  );
#443 = CARTESIAN_POINT('',(15.953155192118,5.244540166708,0.89292366375)
  );
#444 = CARTESIAN_POINT('',(15.844953495376,5.525232213309,0.939362336647
    ));
#445 = CARTESIAN_POINT('',(15.686288886903,5.937713838026,1.007261641928
    ));
#446 = CARTESIAN_POINT('',(15.633119701135,6.076084355513,1.029982249449
    ));
#447 = CARTESIAN_POINT('',(15.566842051755,6.248757992124,1.058262362893
    ));
#448 = CARTESIAN_POINT('',(15.5469839391,6.300508609036,1.066732494588)
  );
#449 = CARTESIAN_POINT('',(15.525511904734,6.35648813586,1.075885871452)
  );
#450 = CARTESIAN_POINT('',(15.517259987832,6.378005319295,1.07940277879)
  );
#451 = CARTESIAN_POINT('',(15.514784806232,6.384459670101,1.080457633649
    ));
#452 = CARTESIAN_POINT('',(15.514640690495,6.384835439537,1.080519076663
    ));
#453 = CARTESIAN_POINT('',(15.511340491347,6.393441437987,1.081925422868
    ));
#454 = CARTESIAN_POINT('',(15.503152638669,6.414793736503,1.085413599836
    ));
#455 = CARTESIAN_POINT('',(15.444880401021,6.566780776193,1.11020195294)
  );
#456 = CARTESIAN_POINT('',(15.404420722918,6.672443338313,1.12723563361)
  );
#457 = CARTESIAN_POINT('',(15.381295117311,6.732864915154,1.137154733758
    ));
#458 = ORIENTED_EDGE('',*,*,#459,.T.);
#459 = EDGE_CURVE('',#432,#460,#462,.T.);
#460 = VERTEX_POINT('',#461);
#461 = CARTESIAN_POINT('',(15.377536377368,8.036521158906,
    14.259331565908));
#462 = B_SPLINE_CURVE_WITH_KNOTS('',3,(#463,#464,#465,#466,#467,#468,
    #469,#470,#471,#472),.UNSPECIFIED.,.F.,.F.,(4,3,3,4),(0.,
    4.541606390189E-03,8.864250932751E-03,1.318689549219E-02),
  .UNSPECIFIED.);
#463 = CARTESIAN_POINT('',(15.381295117311,6.732864915154,1.137154733758
    ));
#464 = CARTESIAN_POINT('',(15.380828449733,6.882354598309,2.643504692367
    ));
#465 = CARTESIAN_POINT('',(15.380372248384,7.031919969862,4.149967016074
    ));
#466 = CARTESIAN_POINT('',(15.37992872962,7.181540087545,5.656423904733)
  );
#467 = CARTESIAN_POINT('',(15.37950659397,7.323946656878,7.090250857185)
  );
#468 = CARTESIAN_POINT('',(15.379095917013,7.466402854012,8.524072884693
    ));
#469 = CARTESIAN_POINT('',(15.378696874564,7.608901543217,9.957890691495
    ));
#470 = CARTESIAN_POINT('',(15.378297832114,7.751400232991,
    11.391708504024));
#471 = CARTESIAN_POINT('',(15.377910409903,7.893941431111,
    12.825522095646));
#472 = CARTESIAN_POINT('',(15.377536377368,8.036521158906,
    14.259331565908));
#473 = ORIENTED_EDGE('',*,*,#474,.T.);
#474 = EDGE_CURVE('',#460,#356,#475,.T.);
#475 = B_SPLINE_CURVE_WITH_KNOTS('',3,(#476,#477,#478,#479),
  .UNSPECIFIED.,.F.,.F.,(4,4),(1.132987968736E-02,1.),
  .PIECEWISE_BEZIER_KNOTS.);
#476 = CARTESIAN_POINT('',(15.377536377368,8.036521158906,
    14.259331565908));
#477 = CARTESIAN_POINT('',(16.178772954577,5.614784620576,15.39837649948
    ));
#478 = CARTESIAN_POINT('',(17.052928286684,2.935820426825,
    16.645517296226));
#479 = CARTESIAN_POINT('',(18.,0.,18.));
#480 = ORIENTED_EDGE('',*,*,#355,.T.);
#481 = B_SPLINE_SURFACE_WITH_KNOTS('',3,1,(
    (#482,#483)
    ,(#484,#485)
    ,(#486,#487)
    ,(#488,#489)
    ,(#490,#491)
    ,(#492,#493
    )),.UNSPECIFIED.,.F.,.F.,.F.,(4,2,4),(2,2),(0.,0.5,1.),(0.,1.),
  .UNSPECIFIED.);
#482 = CARTESIAN_POINT('',(18.,0.,18.));
#483 = CARTESIAN_POINT('',(15.35,8.214714917252,15.171446818688));
#484 = CARTESIAN_POINT('',(18.,0.,15.));
#485 = CARTESIAN_POINT('',(15.35,7.965542947591,12.676111605328));
#486 = CARTESIAN_POINT('',(18.,0.,12.));
#487 = CARTESIAN_POINT('',(15.35,7.71637097793,10.180776391969));
#488 = CARTESIAN_POINT('',(18.,0.,6.));
#489 = CARTESIAN_POINT('',(15.35,7.218027038608,5.190105965251));
#490 = CARTESIAN_POINT('',(18.,0.,3.));
#491 = CARTESIAN_POINT('',(15.35,6.968855068947,2.694770751891));
#492 = CARTESIAN_POINT('',(18.,0.,0.));
#493 = CARTESIAN_POINT('',(15.35,6.719683099286,0.199435538532));
#494 = ADVANCED_FACE('',(#495),#529,.F.);
#495 = FACE_BOUND('',#496,.T.);
#496 = EDGE_LOOP('',(#497,#506,#521,#528));
#497 = ORIENTED_EDGE('',*,*,#498,.T.);
#498 = EDGE_CURVE('',#356,#499,#501,.T.);
#499 = VERTEX_POINT('',#500);
#500 = CARTESIAN_POINT('',(14.475994870715,7.967120106574,
    15.256700548912));
#501 = B_SPLINE_CURVE_WITH_KNOTS('',3,(#502,#503,#504,#505),
  .UNSPECIFIED.,.F.,.F.,(4,4),(0.,0.990315304047),
  .PIECEWISE_BEZIER_KNOTS.);
#502 = CARTESIAN_POINT('',(18.,0.,18.));
#503 = CARTESIAN_POINT('',(16.730113955406,2.895297195927,
    17.003069226762));
#504 = CARTESIAN_POINT('',(15.555445562345,5.551003891474,
    16.088636078687));
#505 = CARTESIAN_POINT('',(14.475994870715,7.967120106574,
    15.256700548912));
#506 = ORIENTED_EDGE('',*,*,#507,.T.);
#507 = EDGE_CURVE('',#499,#508,#510,.T.);
#508 = VERTEX_POINT('',#509);
#509 = CARTESIAN_POINT('',(3.524005120229,7.967120086311,15.256700555888
    ));
#510 = B_SPLINE_CURVE_WITH_KNOTS('',3,(#511,#512,#513,#514,#515,#516,
    #517,#518,#519,#520),.UNSPECIFIED.,.F.,.F.,(4,2,2,2,4),(0.,
    2.753899071234E-03,5.507798142468E-03,8.261697213702E-03,
    1.101559628494E-02),.UNSPECIFIED.);
#511 = CARTESIAN_POINT('',(14.475994870715,7.967120106574,
    15.256700548912));
#512 = CARTESIAN_POINT('',(13.572837555053,7.804528557244,
    15.312685309033));
#513 = CARTESIAN_POINT('',(12.663944594896,7.682582006126,
    15.354674873928));
#514 = CARTESIAN_POINT('',(10.834813493397,7.51908451273,15.410971575608
    ));
#515 = CARTESIAN_POINT('',(9.916331575535,7.477822405261,15.425179258593
    ));
#516 = CARTESIAN_POINT('',(8.080006955132,7.477932375696,15.425141392735
    ));
#517 = CARTESIAN_POINT('',(7.160606375907,7.51941250592,15.410858638496)
  );
#518 = CARTESIAN_POINT('',(5.335153726797,7.682744251082,15.35461900851)
  );
#519 = CARTESIAN_POINT('',(4.427168181988,7.804527524429,15.31268566466)
  );
#520 = CARTESIAN_POINT('',(3.524005120229,7.967120086311,15.256700555888
    ));
#521 = ORIENTED_EDGE('',*,*,#522,.T.);
#522 = EDGE_CURVE('',#508,#364,#523,.T.);
#523 = B_SPLINE_CURVE_WITH_KNOTS('',3,(#524,#525,#526,#527),
  .UNSPECIFIED.,.F.,.F.,(4,4),(9.684412003345E-03,1.),
  .PIECEWISE_BEZIER_KNOTS.);
#524 = CARTESIAN_POINT('',(3.524005120229,7.967120086311,15.256700555888
    ));
#525 = CARTESIAN_POINT('',(2.444554441016,5.551003899398,16.088636075958
    ));
#526 = CARTESIAN_POINT('',(1.269886050974,2.895297210604,17.003069221708
    ));
#527 = CARTESIAN_POINT('',(0.,0.,18.));
#528 = ORIENTED_EDGE('',*,*,#363,.T.);
#529 = PLANE('',#530);
#530 = AXIS2_PLACEMENT_3D('',#531,#532,#533);
#531 = CARTESIAN_POINT('',(9.,7.552851914332,15.399344526808));
#532 = DIRECTION('',(7.84E-15,-0.325568154457,-0.945518575599));
#533 = DIRECTION('',(0.,0.945518575599,-0.325568154457));
#534 = ADVANCED_FACE('',(#535),#592,.T.);
#535 = FACE_BOUND('',#536,.T.);
#536 = EDGE_LOOP('',(#537,#569,#584,#591));
#537 = ORIENTED_EDGE('',*,*,#538,.T.);
#538 = EDGE_CURVE('',#364,#539,#541,.T.);
#539 = VERTEX_POINT('',#540);
#540 = CARTESIAN_POINT('',(2.622463460863,8.036533882741,14.259465772687
    ));
#541 = B_SPLINE_CURVE_WITH_KNOTS('',3,(#542,#543,#544,#545,#546,#547,
    #548,#549,#550,#551,#552,#553,#554,#555,#556,#557,#558,#559,#560,
    #561,#562,#563,#564,#565,#566,#567,#568),.UNSPECIFIED.,.F.,.F.,(4,2,
    2,1,2,2,1,2,2,1,1,2,2,1,1,1,4),(0.,0.487328153513,0.548244172702,
    0.609160191891,0.730992230269,0.761450239864,0.791908249458,
    0.852824268647,0.913740287837,0.928969292634,0.936583795033,
    0.937059701432,0.937535607832,0.938487420632,0.940391046232,
    0.944198297431,0.974656307026),.UNSPECIFIED.);
#542 = CARTESIAN_POINT('',(0.,0.,18.));
#543 = CARTESIAN_POINT('',(0.44608150859,1.382804687897,17.362023298049)
  );
#544 = CARTESIAN_POINT('',(0.874683494649,2.704625603412,16.749781907044
    ));
#545 = CARTESIAN_POINT('',(1.337196266118,4.123091934924,16.089912853343
    ));
#546 = CARTESIAN_POINT('',(1.393545218522,4.295782001095,16.009532023257
    ));
#547 = CARTESIAN_POINT('',(1.502821338794,4.630395447257,15.853681223696
    ));
#548 = CARTESIAN_POINT('',(1.665897862094,5.129348999338,15.621142075294
    ));
#549 = CARTESIAN_POINT('',(1.826461414068,5.619400816303,15.392317894736
    ));
#550 = CARTESIAN_POINT('',(1.958868278864,6.022830629301,15.203697566909
    ));
#551 = CARTESIAN_POINT('',(1.985406038722,6.103654416299,15.16589696739)
  );
#552 = CARTESIAN_POINT('',(2.040060329312,6.270034490657,15.088055542275
    ));
#553 = CARTESIAN_POINT('',(2.121830552598,6.518849131395,14.97160698787)
  );
#554 = CARTESIAN_POINT('',(2.202967138091,6.765396976692,14.856099959065
    ));
#555 = CARTESIAN_POINT('',(2.310586018486,7.092111918907,14.702928691709
    ));
#556 = CARTESIAN_POINT('',(2.365019753575,7.257210338216,14.625472869908
    ));
#557 = CARTESIAN_POINT('',(2.432832384223,7.46268515657,14.529004465276)
  );
#558 = CARTESIAN_POINT('',(2.453150197877,7.524233837859,14.500102749331
    ));
#559 = CARTESIAN_POINT('',(2.473851524271,7.586921190483,14.470658368359
    ));
#560 = CARTESIAN_POINT('',(2.481028729777,7.608652219011,14.460450278232
    ));
#561 = CARTESIAN_POINT('',(2.481873073073,7.611208688492,14.459249377023
    ));
#562 = CARTESIAN_POINT('',(2.481964095255,7.611484289744,14.459119909795
    ));
#563 = CARTESIAN_POINT('',(2.484511634091,7.619197501834,14.455496607239
    ));
#564 = CARTESIAN_POINT('',(2.489567893167,7.634505967843,14.448305833715
    ));
#565 = CARTESIAN_POINT('',(2.501094100831,7.669400143351,14.431917922645
    ));
#566 = CARTESIAN_POINT('',(2.560714729056,7.849863995507,14.347191799771
    ));
#567 = CARTESIAN_POINT('',(2.600427795532,7.969935029678,14.29091617066)
  );
#568 = CARTESIAN_POINT('',(2.622463460863,8.036533882741,14.259465772687
    ));
#569 = ORIENTED_EDGE('',*,*,#570,.T.);
#570 = EDGE_CURVE('',#539,#571,#573,.T.);
#571 = VERTEX_POINT('',#572);
#572 = CARTESIAN_POINT('',(2.618704823847,6.732876472894,1.137273673671)
  );
#573 = B_SPLINE_CURVE_WITH_KNOTS('',3,(#574,#575,#576,#577,#578,#579,
    #580,#581,#582,#583),.UNSPECIFIED.,.F.,.F.,(4,3,3,4),(0.,
    4.541606388251E-03,8.864266022971E-03,1.31869256795E-02),
  .UNSPECIFIED.);
#574 = CARTESIAN_POINT('',(2.622463460863,8.036533882741,14.259465772687
    ));
#575 = CARTESIAN_POINT('',(2.62207061425,7.886745840821,12.753160874658)
  );
#576 = CARTESIAN_POINT('',(2.621662959378,7.736986206387,11.246717838338
    ));
#577 = CARTESIAN_POINT('',(2.621242470943,7.58727384903,9.740270107749)
  );
#578 = CARTESIAN_POINT('',(2.620842253876,7.444778989588,8.306446865521)
  );
#579 = CARTESIAN_POINT('',(2.620430398733,7.302326951611,6.87261936998)
  );
#580 = CARTESIAN_POINT('',(2.620007107889,7.15992493859,5.43878691024));
#581 = CARTESIAN_POINT('',(2.619583817044,7.017522924868,4.004954443447)
  );
#582 = CARTESIAN_POINT('',(2.619149067369,6.875170916947,2.571117012434)
  );
#583 = CARTESIAN_POINT('',(2.618704823847,6.732876472894,1.137273673671)
  );
#584 = ORIENTED_EDGE('',*,*,#585,.T.);
#585 = EDGE_CURVE('',#571,#346,#586,.T.);
#586 = B_SPLINE_CURVE_WITH_KNOTS('',3,(#587,#588,#589,#590),
  .UNSPECIFIED.,.F.,.F.,(4,4),(1.280762934894E-02,1.),
  .PIECEWISE_BEZIER_KNOTS.);
#587 = CARTESIAN_POINT('',(2.618704823847,6.732876472894,1.137273673671)
  );
#588 = CARTESIAN_POINT('',(1.814005028301,4.630557771114,0.795218828901)
  );
#589 = CARTESIAN_POINT('',(0.941103856804,2.386384785374,0.415885902369)
  );
#590 = CARTESIAN_POINT('',(0.,0.,0.));
#591 = ORIENTED_EDGE('',*,*,#371,.F.);
#592 = B_SPLINE_SURFACE_WITH_KNOTS('',3,1,(
    (#593,#594)
    ,(#595,#596)
    ,(#597,#598)
    ,(#599,#600)
    ,(#601,#602)
    ,(#603,#604
    )),.UNSPECIFIED.,.F.,.F.,.F.,(4,2,4),(2,2),(0.,0.5,1.),(0.,1.),
  .UNSPECIFIED.);
#593 = CARTESIAN_POINT('',(0.,0.,0.));
#594 = CARTESIAN_POINT('',(2.65,6.719683099286,0.199435538532));
#595 = CARTESIAN_POINT('',(0.,0.,3.));
#596 = CARTESIAN_POINT('',(2.65,6.968855068947,2.694770751891));
#597 = CARTESIAN_POINT('',(0.,0.,6.));
#598 = CARTESIAN_POINT('',(2.65,7.218027038608,5.190105965251));
#599 = CARTESIAN_POINT('',(0.,0.,12.));
#600 = CARTESIAN_POINT('',(2.65,7.71637097793,10.180776391969));
#601 = CARTESIAN_POINT('',(0.,0.,15.));
#602 = CARTESIAN_POINT('',(2.65,7.965542947591,12.676111605328));
#603 = CARTESIAN_POINT('',(0.,0.,18.));
#604 = CARTESIAN_POINT('',(2.65,8.214714917252,15.171446818688));
#605 = ADVANCED_FACE('',(#606),#623,.T.);
#606 = FACE_BOUND('',#607,.T.);
#607 = EDGE_LOOP('',(#608,#609,#622));
#608 = ORIENTED_EDGE('',*,*,#585,.F.);
#609 = ORIENTED_EDGE('',*,*,#610,.T.);
#610 = EDGE_CURVE('',#571,#392,#611,.T.);
#611 = B_SPLINE_CURVE_WITH_KNOTS('',3,(#612,#613,#614,#615,#616,#617,
    #618,#619,#620,#621),.UNSPECIFIED.,.F.,.F.,(4,2,2,2,4),(
    -5.999999992E-08,3.786705033333E-04,7.574010066664E-04,
    1.13613151E-03,1.514862013333E-03),.UNSPECIFIED.);
#612 = CARTESIAN_POINT('',(2.618704823847,6.732876472894,1.137273673671)
  );
#613 = CARTESIAN_POINT('',(2.619784721059,6.723257885769,1.011401726604)
  );
#614 = CARTESIAN_POINT('',(2.644344341224,6.707680410914,0.885896493469)
  );
#615 = CARTESIAN_POINT('',(2.737023635551,6.667290984462,0.656864898461)
  );
#616 = CARTESIAN_POINT('',(2.805932713365,6.642154160776,0.551464563776)
  );
#617 = CARTESIAN_POINT('',(2.978161219882,6.586795124325,0.377399666196)
  );
#618 = CARTESIAN_POINT('',(3.08112331661,6.55666804634,0.30859965794));
#619 = CARTESIAN_POINT('',(3.307384394241,6.496149825989,0.215549182491)
  );
#620 = CARTESIAN_POINT('',(3.428462396121,6.466337200278,0.191916407785)
  );
#621 = CARTESIAN_POINT('',(3.55160284697,6.438531778026,0.191091162118)
  );
#622 = ORIENTED_EDGE('',*,*,#391,.F.);
#623 = ( BOUNDED_SURFACE() B_SPLINE_SURFACE(2,3,(
    (#624,#625,#626,#627)
    ,(#628,#629,#630,#631)
    ,(#632,#633,#634,#635
)),.UNSPECIFIED.,.F.,.F.,.F.) B_SPLINE_SURFACE_WITH_KNOTS((3,3),(4,4),(
    0.,1.),(0.,7.755997330645E-03),.PIECEWISE_BEZIER_KNOTS.) 
GEOMETRIC_REPRESENTATION_ITEM() RATIONAL_B_SPLINE_SURFACE((
    (1.,1.,1.,1.)
    ,(0.710944282311,0.714751850299,0.719126362584,0.724313676412)
,(1.,1.,1.,1.))) REPRESENTATION_ITEM('') SURFACE() );
#624 = CARTESIAN_POINT('',(0.,1.1E-16,-3.85E-15));
#625 = CARTESIAN_POINT('',(1.270194620978,2.277231327072,
    6.758664796635E-02));
#626 = CARTESIAN_POINT('',(2.530197684152,4.558495823601,0.135292997608)
  );
#627 = CARTESIAN_POINT('',(3.773436855353,6.84636802536,0.203195459362)
  );
#628 = CARTESIAN_POINT('',(0.,6.E-17,-1.92E-15));
#629 = CARTESIAN_POINT('',(0.943050174875,2.391320121454,
    7.097272434133E-02));
#630 = CARTESIAN_POINT('',(1.888937832131,4.789634552281,0.142153034921)
  );
#631 = CARTESIAN_POINT('',(2.841340233223,7.207007950921,0.213899002477)
  );
#632 = CARTESIAN_POINT('',(0.,0.,0.));
#633 = CARTESIAN_POINT('',(0.94458815816,2.395220031008,0.417425659967)
  );
#634 = CARTESIAN_POINT('',(1.878512609922,4.793541180152,0.823864817539)
  );
#635 = CARTESIAN_POINT('',(2.795424590933,7.195158181021,1.212263250372)
  );
#636 = ADVANCED_FACE('',(#637),#675,.T.);
#637 = FACE_BOUND('',#638,.T.);
#638 = EDGE_LOOP('',(#639,#650,#665,#674));
#639 = ORIENTED_EDGE('',*,*,#640,.T.);
#640 = EDGE_CURVE('',#392,#641,#643,.T.);
#641 = VERTEX_POINT('',#642);
#642 = CARTESIAN_POINT('',(3.570561730689,6.533259844784,0.281233179753)
  );
#643 = B_SPLINE_CURVE_WITH_KNOTS('',3,(#644,#645,#646,#647,#648,#649),
  .UNSPECIFIED.,.F.,.F.,(4,2,4),(0.,0.5,1.),.UNSPECIFIED.);
#644 = CARTESIAN_POINT('',(3.55160284697,6.438531778026,0.191091162118)
  );
#645 = CARTESIAN_POINT('',(3.556200799886,6.462134131401,0.191791663613)
  );
#646 = CARTESIAN_POINT('',(3.560778561804,6.485364224945,0.201523055607)
  );
#647 = CARTESIAN_POINT('',(3.567681991306,6.519857420915,0.234346342668)
  );
#648 = CARTESIAN_POINT('',(3.569977213608,6.530968402558,0.257293481529)
  );
#649 = CARTESIAN_POINT('',(3.570561730689,6.533259844784,0.281233179753)
  );
#650 = ORIENTED_EDGE('',*,*,#651,.F.);
#651 = EDGE_CURVE('',#652,#641,#654,.T.);
#652 = VERTEX_POINT('',#653);
#653 = CARTESIAN_POINT('',(14.429438402255,6.533259870662,0.281233180541
    ));
#654 = B_SPLINE_CURVE_WITH_KNOTS('',3,(#655,#656,#657,#658,#659,#660,
    #661,#662,#663,#664),.UNSPECIFIED.,.F.,.F.,(4,2,2,2,4),(0.,
    2.729541059122E-03,5.459082118244E-03,8.188623177365E-03,
    1.091816423649E-02),.UNSPECIFIED.);
#655 = CARTESIAN_POINT('',(14.429438402255,6.533259870662,0.281233180541
    ));
#656 = CARTESIAN_POINT('',(13.534916029404,6.359135436952,0.275935618462
    ));
#657 = CARTESIAN_POINT('',(12.634468274155,6.228507166815,0.271962502807
    ));
#658 = CARTESIAN_POINT('',(10.821857203573,6.053250565315,0.266631583407
    ));
#659 = CARTESIAN_POINT('',(9.911425347004,6.00894200684,0.265283519775)
  );
#660 = CARTESIAN_POINT('',(8.091366211709,6.008851384399,0.265280762262)
  );
#661 = CARTESIAN_POINT('',(7.180048133001,6.053103314885,0.266627104281)
  );
#662 = CARTESIAN_POINT('',(5.365919678711,6.228432731822,0.271960238751)
  );
#663 = CARTESIAN_POINT('',(4.465093477685,6.359133590782,0.275935562294)
  );
#664 = CARTESIAN_POINT('',(3.570561730689,6.533259844784,0.281233179753)
  );
#665 = ORIENTED_EDGE('',*,*,#666,.F.);
#666 = EDGE_CURVE('',#401,#652,#667,.T.);
#667 = B_SPLINE_CURVE_WITH_KNOTS('',3,(#668,#669,#670,#671,#672,#673),
  .UNSPECIFIED.,.F.,.F.,(4,2,4),(0.,0.5,1.),.UNSPECIFIED.);
#668 = CARTESIAN_POINT('',(14.448397286443,6.438531803993,0.191091162889
    ));
#669 = CARTESIAN_POINT('',(14.443799129356,6.462134117627,0.191791663204
    ));
#670 = CARTESIAN_POINT('',(14.439221367499,6.485364211181,0.201523055197
    ));
#671 = CARTESIAN_POINT('',(14.432317938086,6.519857407168,0.234346342254
    ));
#672 = CARTESIAN_POINT('',(14.430022715815,6.530968388817,0.257293481113
    ));
#673 = CARTESIAN_POINT('',(14.429438402255,6.533259870662,0.281233180541
    ));
#674 = ORIENTED_EDGE('',*,*,#400,.F.);
#675 = ( BOUNDED_SURFACE() B_SPLINE_SURFACE(3,2,(
    (#676,#677,#678)
    ,(#679,#680,#681)
    ,(#682,#683,#684)
    ,(#685,#686,#687)
    ,(#688,#689,#690)
    ,(#691,#692,#693)
    ,(#694,#695,#696)
    ,(#697,#698,#699
)),.UNSPECIFIED.,.F.,.F.,.F.) B_SPLINE_SURFACE_WITH_KNOTS((4,2,2,4),(3,3
    ),(0.,5.481340523635E-03,8.222010785453E-03,1.096268104727E-02),(0.,
1.),.UNSPECIFIED.) GEOMETRIC_REPRESENTATION_ITEM() 
RATIONAL_B_SPLINE_SURFACE((
    (1.,0.750692624724,1.)
    ,(1.,0.75155062459,1.)
    ,(1.,0.75198438692,1.)
    ,(1.,0.751983951244,1.)
    ,(1.,0.751873809156,1.)
    ,(1.,0.751443966693,1.)
    ,(1.,0.75112406521,1.)
,(1.,0.750692624788,1.))) REPRESENTATION_ITEM('') SURFACE() );
#676 = CARTESIAN_POINT('',(14.448397373576,6.43853185139,0.191091164295)
  );
#677 = CARTESIAN_POINT('',(14.431576218536,6.524876910159,0.193653825814
    ));
#678 = CARTESIAN_POINT('',(14.429438605774,6.533259910279,0.281233181746
    ));
#679 = CARTESIAN_POINT('',(12.654135975612,6.089293722446,0.180726018604
    ));
#680 = CARTESIAN_POINT('',(12.644962544212,6.176891627953,0.183325863741
    ));
#681 = CARTESIAN_POINT('',(12.64145176909,6.185216957939,0.270644322387)
  );
#682 = CARTESIAN_POINT('',(10.825682331009,5.912262648989,0.175471859003
    ));
#683 = CARTESIAN_POINT('',(10.819990822476,5.999883288434,0.178072378871
    ));
#684 = CARTESIAN_POINT('',(10.819246257406,6.008780065833,0.265278592152
    ));
#685 = CARTESIAN_POINT('',(8.084455705437,5.912438233248,0.175477070222)
  );
#686 = CARTESIAN_POINT('',(8.087309357925,6.000058442177,0.178077577315)
  );
#687 = CARTESIAN_POINT('',(8.087683271669,6.008955044663,0.265283916491)
  );
#688 = CARTESIAN_POINT('',(7.169339190681,5.957082756746,0.176802088747)
  );
#689 = CARTESIAN_POINT('',(7.174742924134,6.044619423179,0.179400116356)
  );
#690 = CARTESIAN_POINT('',(7.175743214607,6.053446638432,0.266637547612)
  );
#691 = CARTESIAN_POINT('',(5.352999371546,6.13275882198,0.182016032643)
  );
#692 = CARTESIAN_POINT('',(5.363980011919,6.219871928996,0.184601489301)
  );
#693 = CARTESIAN_POINT('',(5.365694446147,6.228527414398,0.2719631186));
#694 = CARTESIAN_POINT('',(4.449775501683,6.263709940417,0.185902571106)
  );
#695 = CARTESIAN_POINT('',(4.46327531586,6.350583407193,0.18848091541));
#696 = CARTESIAN_POINT('',(4.465592281552,6.359036488654,0.275932608084)
  );
#697 = CARTESIAN_POINT('',(3.55160275984,6.438531825422,0.191091163525)
  );
#698 = CARTESIAN_POINT('',(3.568423914462,6.524876884255,0.193653825045)
  );
#699 = CARTESIAN_POINT('',(3.570561527175,6.533259884399,0.281233180959)
  );
#700 = ADVANCED_FACE('',(#701),#718,.T.);
#701 = FACE_BOUND('',#702,.T.);
#702 = EDGE_LOOP('',(#703,#704,#717));
#703 = ORIENTED_EDGE('',*,*,#415,.F.);
#704 = ORIENTED_EDGE('',*,*,#705,.T.);
#705 = EDGE_CURVE('',#401,#432,#706,.T.);
#706 = B_SPLINE_CURVE_WITH_KNOTS('',3,(#707,#708,#709,#710,#711,#712,
    #713,#714,#715,#716),.UNSPECIFIED.,.F.,.F.,(4,2,2,2,4),(
    -5.999999992E-08,3.782653626015E-04,7.565907252029E-04,
    1.134916087804E-03,1.513241450406E-03),.UNSPECIFIED.);
#707 = CARTESIAN_POINT('',(14.448397286443,6.438531803993,0.191091162889
    ));
#708 = CARTESIAN_POINT('',(14.571406009493,6.466307482732,0.191915525789
    ));
#709 = CARTESIAN_POINT('',(14.694360879733,6.496603303832,0.216130267316
    ));
#710 = CARTESIAN_POINT('',(14.918918689051,6.556692707173,0.308754602817
    ));
#711 = CARTESIAN_POINT('',(15.022780513167,6.587081382039,0.378155646833
    ));
#712 = CARTESIAN_POINT('',(15.194578793787,6.642335137559,0.5521788278)
  );
#713 = CARTESIAN_POINT('',(15.263187133755,6.66735796456,0.657056851414)
  );
#714 = CARTESIAN_POINT('',(15.356163381294,6.707926719262,0.887482434094
    ));
#715 = CARTESIAN_POINT('',(15.380216432688,6.7232681616,1.011536243443)
  );
#716 = CARTESIAN_POINT('',(15.381295117311,6.732864915154,1.137154733758
    ));
#717 = ORIENTED_EDGE('',*,*,#431,.F.);
#718 = ( BOUNDED_SURFACE() B_SPLINE_SURFACE(2,3,(
    (#719,#720,#721,#722)
    ,(#723,#724,#725,#726)
    ,(#727,#728,#729,#730
)),.UNSPECIFIED.,.F.,.F.,.F.) B_SPLINE_SURFACE_WITH_KNOTS((3,3),(4,4),(
    0.,1.),(-3.613046342384E-03,4.142952062879E-03),
.PIECEWISE_BEZIER_KNOTS.) GEOMETRIC_REPRESENTATION_ITEM() 
RATIONAL_B_SPLINE_SURFACE((
    (1.,1.,1.,1.)
    ,(0.710944282311,0.714751850831,0.719126363815,0.724313678646)
,(1.,1.,1.,1.))) REPRESENTATION_ITEM('') SURFACE() );
#719 = CARTESIAN_POINT('',(18.,0.,0.));
#720 = CARTESIAN_POINT('',(17.055411710483,2.395220364095,0.417425669844
    ));
#721 = CARTESIAN_POINT('',(16.121487128677,4.793541846964,0.823864835908
    ));
#722 = CARTESIAN_POINT('',(15.204575020953,7.195159182517,1.212263273297
    ));
#723 = CARTESIAN_POINT('',(18.,4.E-17,-1.22E-15));
#724 = CARTESIAN_POINT('',(17.056949695174,2.391320450995,
    7.097273411659E-02));
#725 = CARTESIAN_POINT('',(16.111061907329,4.789635212775,0.142153054534
    ));
#726 = CARTESIAN_POINT('',(15.158659372922,7.207008950012,0.213899032129
    ));
#727 = CARTESIAN_POINT('',(18.,7.E-17,-2.44E-15));
#728 = CARTESIAN_POINT('',(16.72980524767,2.277231660176,
    6.758665785263E-02));
#729 = CARTESIAN_POINT('',(15.469802054426,4.558496490318,0.135293017395
    ));
#730 = CARTESIAN_POINT('',(14.226562756721,6.846369027097,0.203195489093
    ));
#731 = ADVANCED_FACE('',(#732),#770,.T.);
#732 = FACE_BOUND('',#733,.T.);
#733 = EDGE_LOOP('',(#734,#745,#746,#757));
#734 = ORIENTED_EDGE('',*,*,#735,.T.);
#735 = EDGE_CURVE('',#736,#460,#738,.T.);
#736 = VERTEX_POINT('',#737);
#737 = CARTESIAN_POINT('',(15.261249248843,8.103674831695,
    14.252582621631));
#738 = B_SPLINE_CURVE_WITH_KNOTS('',3,(#739,#740,#741,#742,#743,#744),
  .UNSPECIFIED.,.F.,.F.,(4,2,4),(0.,0.5,1.),.UNSPECIFIED.);
#739 = CARTESIAN_POINT('',(15.261249248843,8.103674831695,
    14.252582621631));
#740 = CARTESIAN_POINT('',(15.285273478386,8.108806490982,
    14.252079603436));
#741 = CARTESIAN_POINT('',(15.311170029276,8.104722298491,
    14.252497367026));
#742 = CARTESIAN_POINT('',(15.353681561492,8.08017295612,14.254964682915
    ));
#743 = CARTESIAN_POINT('',(15.370092533521,8.059825616488,
    14.257002394772));
#744 = CARTESIAN_POINT('',(15.377536377368,8.036521158906,
    14.259331565908));
#745 = ORIENTED_EDGE('',*,*,#459,.F.);
#746 = ORIENTED_EDGE('',*,*,#747,.F.);
#747 = EDGE_CURVE('',#748,#432,#750,.T.);
#748 = VERTEX_POINT('',#749);
#749 = CARTESIAN_POINT('',(15.266303776757,6.793746392634,1.131138336467
    ));
#750 = B_SPLINE_CURVE_WITH_KNOTS('',3,(#751,#752,#753,#754,#755,#756),
  .UNSPECIFIED.,.F.,.F.,(4,2,4),(0.,0.5,1.),.UNSPECIFIED.);
#751 = CARTESIAN_POINT('',(15.266303776757,6.793746392634,1.131138336467
    ));
#752 = CARTESIAN_POINT('',(15.289371420604,6.7988883126,1.130637354532)
  );
#753 = CARTESIAN_POINT('',(15.314252155094,6.795544419039,1.130984175582
    ));
#754 = CARTESIAN_POINT('',(15.355995967055,6.773447928784,1.133211313381
    ));
#755 = CARTESIAN_POINT('',(15.372687159665,6.754786316885,1.13508245964)
  );
#756 = CARTESIAN_POINT('',(15.381295117311,6.732864915154,1.137154733758
    ));
#757 = ORIENTED_EDGE('',*,*,#758,.F.);
#758 = EDGE_CURVE('',#736,#748,#759,.T.);
#759 = B_SPLINE_CURVE_WITH_KNOTS('',3,(#760,#761,#762,#763,#764,#765,
    #766,#767,#768,#769),.UNSPECIFIED.,.F.,.F.,(4,3,3,4),(0.,
    6.593334467343E-03,8.865476646826E-03,1.31866689654E-02),
  .UNSPECIFIED.);
#760 = CARTESIAN_POINT('',(15.261249248843,8.103674831695,
    14.252582621631));
#761 = CARTESIAN_POINT('',(15.261946000073,7.885314721551,
    12.065679057469));
#762 = CARTESIAN_POINT('',(15.262708374599,7.666971738332,9.878773802905
    ));
#763 = CARTESIAN_POINT('',(15.263546033446,7.448648932982,7.691866563669
    ));
#764 = CARTESIAN_POINT('',(15.263834700737,7.373412274283,6.938232085116
    ));
#765 = CARTESIAN_POINT('',(15.264132343245,7.298178021748,6.184597369722
    ));
#766 = CARTESIAN_POINT('',(15.264439676641,7.222946377416,5.430962397973
    ));
#767 = CARTESIAN_POINT('',(15.265024167666,7.079869766079,3.997688688491
    ));
#768 = CARTESIAN_POINT('',(15.265643644663,6.936802569463,2.564414052835
    ));
#769 = CARTESIAN_POINT('',(15.266303776757,6.793746392634,1.131138336467
    ));
#770 = ( BOUNDED_SURFACE() B_SPLINE_SURFACE(3,2,(
    (#771,#772,#773)
    ,(#774,#775,#776)
    ,(#777,#778,#779)
    ,(#780,#781,#782
)),.UNSPECIFIED.,.F.,.F.,.F.) B_SPLINE_SURFACE_WITH_KNOTS((4,4),(3,3),(
    0.,1.326602974084E-02),(0.,1.),.PIECEWISE_BEZIER_KNOTS.) 
GEOMETRIC_REPRESENTATION_ITEM() RATIONAL_B_SPLINE_SURFACE((
    (1.,0.74029279683,1.)
    ,(1.,0.745389307283,1.)
    ,(1.,0.751428160529,1.)
,(1.,0.758984667491,1.))) REPRESENTATION_ITEM('') SURFACE() );
#771 = CARTESIAN_POINT('',(15.377534381279,8.036519208443,
    14.259332052146));
#772 = CARTESIAN_POINT('',(15.350035627964,8.1226399121,14.250723615703)
  );
#773 = CARTESIAN_POINT('',(15.261244345063,8.103673784262,14.25258272463
    ));
#774 = CARTESIAN_POINT('',(15.378688397725,7.598953845242,9.859027978319
    ));
#775 = CARTESIAN_POINT('',(15.350039619464,7.686272388818,9.880684599252
    ));
#776 = CARTESIAN_POINT('',(15.262656100522,7.664327395304,9.852452877741
    ));
#777 = CARTESIAN_POINT('',(15.379952959744,7.161724535255,5.458691170733
    ));
#778 = CARTESIAN_POINT('',(15.350044653126,7.248316136483,5.494723894149
    ));
#779 = CARTESIAN_POINT('',(15.264308986982,7.225044760151,5.452316767977
    ));
#780 = CARTESIAN_POINT('',(15.381320783362,6.725040510287,1.058301341694
    ));
#781 = CARTESIAN_POINT('',(15.350052169962,6.804529230711,1.050352220143
    ));
#782 = CARTESIAN_POINT('',(15.266340188625,6.785864588498,1.052170654595
    ));
#783 = ADVANCED_FACE('',(#784),#799,.T.);
#784 = FACE_BOUND('',#785,.T.);
#785 = EDGE_LOOP('',(#786,#787,#798));
#786 = ORIENTED_EDGE('',*,*,#474,.F.);
#787 = ORIENTED_EDGE('',*,*,#788,.T.);
#788 = EDGE_CURVE('',#460,#499,#789,.T.);
#789 = B_SPLINE_CURVE_WITH_KNOTS('',3,(#790,#791,#792,#793,#794,#795,
    #796,#797),.UNSPECIFIED.,.F.,.F.,(4,2,2,4),(-5.999999993E-08,
    7.457137208547E-04,1.118600581282E-03,1.491487441709E-03),
  .UNSPECIFIED.);
#790 = CARTESIAN_POINT('',(15.377536377368,8.036521158906,
    14.259331565908));
#791 = CARTESIAN_POINT('',(15.37511866605,8.068482838467,14.505847844655
    ));
#792 = CARTESIAN_POINT('',(15.283537934178,8.079451601487,
    14.754540227515));
#793 = CARTESIAN_POINT('',(15.037461488225,8.05971302118,15.03100606546)
  );
#794 = CARTESIAN_POINT('',(14.937730834885,8.047316719249,
    15.107476191773));
#795 = CARTESIAN_POINT('',(14.717353877195,8.013150201656,
    15.216215310633));
#796 = CARTESIAN_POINT('',(14.59757427095,7.991555221896,15.248286863968
    ));
#797 = CARTESIAN_POINT('',(14.475994870715,7.967120106574,
    15.256700548912));
#798 = ORIENTED_EDGE('',*,*,#498,.F.);
#799 = ( BOUNDED_SURFACE() B_SPLINE_SURFACE(2,3,(
    (#800,#801,#802,#803)
    ,(#804,#805,#806,#807)
    ,(#808,#809,#810,#811
)),.UNSPECIFIED.,.F.,.F.,.F.) B_SPLINE_SURFACE_WITH_KNOTS((3,3),(4,4),(
    0.,1.),(0.,9.754232850319E-03),.PIECEWISE_BEZIER_KNOTS.) 
GEOMETRIC_REPRESENTATION_ITEM() RATIONAL_B_SPLINE_SURFACE((
    (1.,1.,1.,1.)
    ,(0.741604163351,0.738581462247,0.735088456913,0.730691618335)
,(1.,1.,1.,1.))) REPRESENTATION_ITEM('') SURFACE() );
#800 = CARTESIAN_POINT('',(18.,8.246E-14,18.));
#801 = CARTESIAN_POINT('',(16.748579991908,2.853195257781,
    17.017566086639));
#802 = CARTESIAN_POINT('',(15.489053679185,5.704052642284,
    16.035937167604));
#803 = CARTESIAN_POINT('',(14.215036399201,8.550712036988,
    15.055753732377));
#804 = CARTESIAN_POINT('',(18.,4.123E-14,18.));
#805 = CARTESIAN_POINT('',(17.047518378239,2.95259056076,16.983341537103
    ));
#806 = CARTESIAN_POINT('',(16.096593279503,5.899266743816,
    15.968719561942));
#807 = CARTESIAN_POINT('',(15.152232625225,8.824940248601,
    14.961329386776));
#808 = CARTESIAN_POINT('',(18.,0.,18.));
#809 = CARTESIAN_POINT('',(17.081669460936,2.846725878573,
    16.686622339132));
#810 = CARTESIAN_POINT('',(16.15592771441,5.689203247553,15.365216068639
    ));
#811 = CARTESIAN_POINT('',(15.215793725199,8.524876174656,
    14.029462779767));
#812 = ADVANCED_FACE('',(#813),#845,.T.);
#813 = FACE_BOUND('',#814,.T.);
#814 = EDGE_LOOP('',(#815,#824,#825,#834));
#815 = ORIENTED_EDGE('',*,*,#816,.T.);
#816 = EDGE_CURVE('',#817,#508,#819,.T.);
#817 = VERTEX_POINT('',#818);
#818 = CARTESIAN_POINT('',(3.542226848697,8.032396891745,15.152322536668
    ));
#819 = B_SPLINE_CURVE_WITH_KNOTS('',3,(#820,#821,#822,#823),
  .UNSPECIFIED.,.F.,.F.,(4,4),(0.,1.),.PIECEWISE_BEZIER_KNOTS.);
#820 = CARTESIAN_POINT('',(3.542226848697,8.032396891745,15.152322536668
    ));
#821 = CARTESIAN_POINT('',(3.540337493953,8.037215660283,15.196796706245
    ));
#822 = CARTESIAN_POINT('',(3.532379721314,8.008707955593,15.242380704117
    ));
#823 = CARTESIAN_POINT('',(3.524005120229,7.967120086311,15.256700555888
    ));
#824 = ORIENTED_EDGE('',*,*,#507,.F.);
#825 = ORIENTED_EDGE('',*,*,#826,.F.);
#826 = EDGE_CURVE('',#827,#499,#829,.T.);
#827 = VERTEX_POINT('',#828);
#828 = CARTESIAN_POINT('',(14.45777325978,8.032396911272,15.152322529934
    ));
#829 = B_SPLINE_CURVE_WITH_KNOTS('',3,(#830,#831,#832,#833),
  .UNSPECIFIED.,.F.,.F.,(4,4),(0.,1.),.PIECEWISE_BEZIER_KNOTS.);
#830 = CARTESIAN_POINT('',(14.45777325978,8.032396911272,15.152322529934
    ));
#831 = CARTESIAN_POINT('',(14.459662614561,8.037215679822,
    15.196796699511));
#832 = CARTESIAN_POINT('',(14.467620387361,8.00870797516,15.242380697379
    ));
#833 = CARTESIAN_POINT('',(14.475994870715,7.967120106574,
    15.256700548912));
#834 = ORIENTED_EDGE('',*,*,#835,.F.);
#835 = EDGE_CURVE('',#817,#827,#836,.T.);
#836 = B_SPLINE_CURVE_WITH_KNOTS('',3,(#837,#838,#839,#840,#841,#842,
    #843,#844),.UNSPECIFIED.,.F.,.F.,(4,2,2,4),(0.,2.740276688698E-03,
    5.480553377396E-03,1.096110675479E-02),.UNSPECIFIED.);
#837 = CARTESIAN_POINT('',(3.542226848697,8.032396891745,15.152322536668
    ));
#838 = CARTESIAN_POINT('',(4.442187853138,7.870388745117,15.208188548876
    ));
#839 = CARTESIAN_POINT('',(5.346954340249,7.749034592841,15.25003461061)
  );
#840 = CARTESIAN_POINT('',(7.165934972367,7.586253672618,15.306166074816
    ));
#841 = CARTESIAN_POINT('',(8.082076122739,7.544894773783,15.320428061656
    ));
#842 = CARTESIAN_POINT('',(10.826809394469,7.544623373436,15.32052165107
    ));
#843 = CARTESIAN_POINT('',(12.6578708089,7.708384132085,15.264053342578)
  );
#844 = CARTESIAN_POINT('',(14.45777325978,8.032396911272,15.152322529934
    ));
#845 = ( BOUNDED_SURFACE() B_SPLINE_SURFACE(3,2,(
    (#846,#847,#848)
    ,(#849,#850,#851)
    ,(#852,#853,#854)
    ,(#855,#856,#857)
    ,(#858,#859,#860)
    ,(#861,#862,#863)
    ,(#864,#865,#866)
    ,(#867,#868,#869
)),.UNSPECIFIED.,.F.,.F.,.F.) B_SPLINE_SURFACE_WITH_KNOTS((4,2,2,4),(3,3
    ),(-1.106321E-10,5.507798087152E-03,8.261697186044E-03,
    1.101559628494E-02),(0.,1.),.UNSPECIFIED.) 
GEOMETRIC_REPRESENTATION_ITEM() RATIONAL_B_SPLINE_SURFACE((
    (1.,0.782817644846,1.)
    ,(1.,0.783309507282,1.)
    ,(1.,0.783557660568,1.)
    ,(1.,0.783557406981,1.)
    ,(1.,0.783494163669,1.)
    ,(1.,0.783248241894,1.)
    ,(1.,0.783065385792,1.)
,(1.,0.782817644846,1.))) REPRESENTATION_ITEM('') SURFACE() );
#846 = CARTESIAN_POINT('',(14.457773151297,8.032396891744,
    15.152322536668));
#847 = CARTESIAN_POINT('',(14.461127354689,8.040951732932,
    15.231278281222));
#848 = CARTESIAN_POINT('',(14.475994820816,7.967120086643,
    15.256700555774));
#849 = CARTESIAN_POINT('',(12.659444753259,7.708667475447,
    15.263955637539));
#850 = CARTESIAN_POINT('',(12.662836800582,7.717088175783,
    15.342793446899));
#851 = CARTESIAN_POINT('',(12.671631616448,7.642288310465,
    15.368549105986));
#852 = CARTESIAN_POINT('',(10.828314381953,7.544694621512,15.32049708194
    ));
#853 = CARTESIAN_POINT('',(10.829461026446,7.55274226178,15.399382283214
    ));
#854 = CARTESIAN_POINT('',(10.834493959429,7.477767423446,15.42519819035
    ));
#855 = CARTESIAN_POINT('',(8.083106040197,7.544859008255,15.320440395012
    ));
#856 = CARTESIAN_POINT('',(8.082530704618,7.552906822654,15.399325620354
    ));
#857 = CARTESIAN_POINT('',(8.080007001278,7.477932373989,15.425141393323
    ));
#858 = CARTESIAN_POINT('',(7.166757051586,7.586198244245,15.306185188124
    ));
#859 = CARTESIAN_POINT('',(7.165472564028,7.594302401961,15.385071979332
    ));
#860 = CARTESIAN_POINT('',(7.160606412672,7.519412503465,15.410858639341
    ));
#861 = CARTESIAN_POINT('',(5.347351609663,7.748980913627,15.250053120682
    ));
#862 = CARTESIAN_POINT('',(5.344951640167,7.7572541145,15.328963205074)
  );
#863 = CARTESIAN_POINT('',(5.335153745033,7.682744248616,15.354619009359
    ));
#864 = CARTESIAN_POINT('',(4.442362787347,7.870357254006,15.208199408046
    ));
#865 = CARTESIAN_POINT('',(4.439270438421,7.878794385553,15.2871135336)
  );
#866 = CARTESIAN_POINT('',(4.427162726568,7.804528506706,15.312685326435
    ));
#867 = CARTESIAN_POINT('',(3.542226848697,8.032396891745,15.152322536668
    ));
#868 = CARTESIAN_POINT('',(3.538872645304,8.040951732934,15.231278281222
    ));
#869 = CARTESIAN_POINT('',(3.524005179177,7.967120086644,15.256700555774
    ));
#870 = ADVANCED_FACE('',(#871),#888,.T.);
#871 = FACE_BOUND('',#872,.T.);
#872 = EDGE_LOOP('',(#873,#874,#887));
#873 = ORIENTED_EDGE('',*,*,#522,.F.);
#874 = ORIENTED_EDGE('',*,*,#875,.T.);
#875 = EDGE_CURVE('',#508,#539,#876,.T.);
#876 = B_SPLINE_CURVE_WITH_KNOTS('',3,(#877,#878,#879,#880,#881,#882,
    #883,#884,#885,#886),.UNSPECIFIED.,.F.,.F.,(4,2,2,2,4),(
    -5.999999992E-08,3.744044408847E-04,7.488688817692E-04,
    1.123333322654E-03,1.497797763538E-03),.UNSPECIFIED.);
#877 = CARTESIAN_POINT('',(3.524005120229,7.967120086311,15.256700555888
    ));
#878 = CARTESIAN_POINT('',(3.401911360717,7.991658600065,15.248251268008
    ));
#879 = CARTESIAN_POINT('',(3.281610686632,8.013324599504,15.215827548192
    ));
#880 = CARTESIAN_POINT('',(3.061776661025,8.047379111528,15.107109174207
    ));
#881 = CARTESIAN_POINT('',(2.962232649229,8.059761613248,15.030856859279
    ));
#882 = CARTESIAN_POINT('',(2.797426761443,8.072932905724,14.845307670674
    ));
#883 = CARTESIAN_POINT('',(2.733431850396,8.073686232899,14.738099665185
    ));
#884 = CARTESIAN_POINT('',(2.645930769762,8.063393189367,14.505018749004
    ));
#885 = CARTESIAN_POINT('',(2.623676410789,8.052570012013,14.383111201322
    ));
#886 = CARTESIAN_POINT('',(2.622463460863,8.036533882741,14.259465772687
    ));
#887 = ORIENTED_EDGE('',*,*,#538,.F.);
#888 = ( BOUNDED_SURFACE() B_SPLINE_SURFACE(2,3,(
    (#889,#890,#891,#892)
    ,(#893,#894,#895,#896)
    ,(#897,#898,#899,#900
)),.UNSPECIFIED.,.F.,.F.,.F.) B_SPLINE_SURFACE_WITH_KNOTS((3,3),(4,4),(
    0.,1.),(0.,9.754232850319E-03),.PIECEWISE_BEZIER_KNOTS.) 
GEOMETRIC_REPRESENTATION_ITEM() RATIONAL_B_SPLINE_SURFACE((
    (1.,1.,1.,1.)
    ,(0.741604163351,0.738581462247,0.735088456913,0.730691618335)
,(1.,1.,1.,1.))) REPRESENTATION_ITEM('') SURFACE() );
#889 = CARTESIAN_POINT('',(0.,0.,18.));
#890 = CARTESIAN_POINT('',(0.918330538989,2.846725878339,16.686622338558
    ));
#891 = CARTESIAN_POINT('',(1.844072285587,5.689203247542,15.365216068631
    ));
#892 = CARTESIAN_POINT('',(2.784206274801,8.524876174656,14.029462779767
    ));
#893 = CARTESIAN_POINT('',(0.,6.424E-14,18.));
#894 = CARTESIAN_POINT('',(0.952481621685,2.952590560492,16.983341536256
    ));
#895 = CARTESIAN_POINT('',(1.903406720491,5.899266743809,15.968719561914
    ));
#896 = CARTESIAN_POINT('',(2.847767374775,8.824940248601,14.961329386775
    ));
#897 = CARTESIAN_POINT('',(0.,1.2849E-13,18.));
#898 = CARTESIAN_POINT('',(1.251420008044,2.853195257799,17.017566086633
    ));
#899 = CARTESIAN_POINT('',(2.510946320818,5.704052642283,16.035937167604
    ));
#900 = CARTESIAN_POINT('',(3.784963600799,8.550712036988,15.055753732377
    ));
#901 = ADVANCED_FACE('',(#902),#940,.T.);
#902 = FACE_BOUND('',#903,.T.);
#903 = EDGE_LOOP('',(#904,#915,#930,#939));
#904 = ORIENTED_EDGE('',*,*,#905,.T.);
#905 = EDGE_CURVE('',#539,#906,#908,.T.);
#906 = VERTEX_POINT('',#907);
#907 = CARTESIAN_POINT('',(2.738755654821,8.103673748318,14.252582364641
    ));
#908 = B_SPLINE_CURVE_WITH_KNOTS('',3,(#909,#910,#911,#912,#913,#914),
  .UNSPECIFIED.,.F.,.F.,(4,2,4),(0.,0.5,1.),.UNSPECIFIED.);
#909 = CARTESIAN_POINT('',(2.622463460863,8.036533882741,14.259465772687
    ));
#910 = CARTESIAN_POINT('',(2.629907490977,8.059838927278,14.257136137223
    ));
#911 = CARTESIAN_POINT('',(2.646318459851,8.080186281162,14.255098423957
    ));
#912 = CARTESIAN_POINT('',(2.688829997428,8.104735644764,14.252631105986
    ));
#913 = CARTESIAN_POINT('',(2.714726556555,8.108819843987,14.25221334175)
  );
#914 = CARTESIAN_POINT('',(2.738755654821,8.103673748318,14.252582364641
    ));
#915 = ORIENTED_EDGE('',*,*,#916,.F.);
#916 = EDGE_CURVE('',#917,#906,#919,.T.);
#917 = VERTEX_POINT('',#918);
#918 = CARTESIAN_POINT('',(2.733698982793,6.793745814329,1.131138764869)
  );
#919 = B_SPLINE_CURVE_WITH_KNOTS('',3,(#920,#921,#922,#923,#924,#925,
    #926,#927,#928,#929),.UNSPECIFIED.,.F.,.F.,(4,3,3,4),(0.,
    6.593334098894E-03,8.865599321034E-03,1.318666823131E-02),
  .UNSPECIFIED.);
#920 = CARTESIAN_POINT('',(2.733698982793,6.793745814329,1.131138764869)
  );
#921 = CARTESIAN_POINT('',(2.734703461943,7.012023492533,3.318050315071)
  );
#922 = CARTESIAN_POINT('',(2.735616307742,7.230326136869,5.504959416948)
  );
#923 = CARTESIAN_POINT('',(2.736453966543,7.448648930018,7.691866533975)
  );
#924 = CARTESIAN_POINT('',(2.736742649466,7.523889663001,8.445541824026)
  );
#925 = CARTESIAN_POINT('',(2.73702235573,7.59913280256,9.199216877312));
#926 = CARTESIAN_POINT('',(2.737293736044,7.674378165323,9.952891711578)
  );
#927 = CARTESIAN_POINT('',(2.737809808298,7.817469030976,11.386122684177
    ));
#928 = CARTESIAN_POINT('',(2.738295811673,7.960567924957,12.819352866325
    ));
#929 = CARTESIAN_POINT('',(2.738755654821,8.103673748318,14.252582364641
    ));
#930 = ORIENTED_EDGE('',*,*,#931,.F.);
#931 = EDGE_CURVE('',#571,#917,#932,.T.);
#932 = B_SPLINE_CURVE_WITH_KNOTS('',3,(#933,#934,#935,#936,#937,#938),
  .UNSPECIFIED.,.F.,.F.,(4,2,4),(0.,0.5,1.),.UNSPECIFIED.);
#933 = CARTESIAN_POINT('',(2.618704823847,6.732876472894,1.137273673671)
  );
#934 = CARTESIAN_POINT('',(2.627312840353,6.754786330066,1.135082592246)
  );
#935 = CARTESIAN_POINT('',(2.64400403296,6.773447941985,1.133211445986)
  );
#936 = CARTESIAN_POINT('',(2.685747844931,6.795544432269,1.130984308184)
  );
#937 = CARTESIAN_POINT('',(2.710628579433,6.798888325838,1.130637487133)
  );
#938 = CARTESIAN_POINT('',(2.733698982793,6.793745814329,1.131138764869)
  );
#939 = ORIENTED_EDGE('',*,*,#570,.F.);
#940 = ( BOUNDED_SURFACE() B_SPLINE_SURFACE(3,2,(
    (#941,#942,#943)
    ,(#944,#945,#946)
    ,(#947,#948,#949)
    ,(#950,#951,#952
)),.UNSPECIFIED.,.F.,.F.,.F.) B_SPLINE_SURFACE_WITH_KNOTS((4,4),(3,3),(
    0.,1.326606010445E-02),(0.,1.),.PIECEWISE_BEZIER_KNOTS.) 
GEOMETRIC_REPRESENTATION_ITEM() RATIONAL_B_SPLINE_SURFACE((
    (1.,0.758849110636,1.)
    ,(1.,0.751311119146,1.)
    ,(1.,0.745286373585,1.)
,(1.,0.740201500206,1.))) REPRESENTATION_ITEM('') SURFACE() );
#941 = CARTESIAN_POINT('',(2.618703753955,6.732877602029,1.13727376098)
  );
#942 = CARTESIAN_POINT('',(2.649947963334,6.812414441042,1.129319859946)
  );
#943 = CARTESIAN_POINT('',(2.733696223412,6.793746429393,1.13113870475)
  );
#944 = CARTESIAN_POINT('',(2.620070400436,7.169569267192,5.537673016395)
  );
#945 = CARTESIAN_POINT('',(2.64995545042,7.256192246904,5.573600170375)
  );
#946 = CARTESIAN_POINT('',(2.735722828752,7.232928853725,5.531294767906)
  );
#947 = CARTESIAN_POINT('',(2.62133358815,7.606804605773,9.938019406941)
  );
#948 = CARTESIAN_POINT('',(2.649960466049,7.694153213528,9.959607916684)
  );
#949 = CARTESIAN_POINT('',(2.737372169623,7.672213443802,9.931440856352)
  );
#950 = CARTESIAN_POINT('',(2.622486325915,8.044375099455,14.338333150912
    ));
#951 = CARTESIAN_POINT('',(2.649964444069,8.130528195869,14.329721491215
    ));
#952 = CARTESIAN_POINT('',(2.738780974439,8.111561620957,14.331580698248
    ));
#953 = ADVANCED_FACE('',(#954),#970,.T.);
#954 = FACE_BOUND('',#955,.T.);
#955 = EDGE_LOOP('',(#956,#957,#968,#969));
#956 = ORIENTED_EDGE('',*,*,#931,.T.);
#957 = ORIENTED_EDGE('',*,*,#958,.F.);
#958 = EDGE_CURVE('',#641,#917,#959,.T.);
#959 = B_SPLINE_CURVE_WITH_KNOTS('',3,(#960,#961,#962,#963,#964,#965,
    #966,#967),.UNSPECIFIED.,.F.,.F.,(4,2,2,4),(0.,3.368903037148E-04,
    6.737806074296E-04,1.347561214859E-03),.UNSPECIFIED.);
#960 = CARTESIAN_POINT('',(3.570561730689,6.533259844784,0.281233179753)
  );
#961 = CARTESIAN_POINT('',(3.458802895721,6.555014407828,0.281895040618)
  );
#962 = CARTESIAN_POINT('',(3.349761639472,6.57899682691,0.302877911959)
  );
#963 = CARTESIAN_POINT('',(3.145350168138,6.629487757901,0.386242644305)
  );
#964 = CARTESIAN_POINT('',(3.052483512097,6.655422745185,0.448066213358)
  );
#965 = CARTESIAN_POINT('',(2.820476453172,6.729120361448,0.683033215266)
  );
#966 = CARTESIAN_POINT('',(2.733594562469,6.771118594554,0.904437289963)
  );
#967 = CARTESIAN_POINT('',(2.733698982793,6.793745814329,1.131138764869)
  );
#968 = ORIENTED_EDGE('',*,*,#640,.F.);
#969 = ORIENTED_EDGE('',*,*,#610,.F.);
#970 = ( BOUNDED_SURFACE() B_SPLINE_SURFACE(3,2,(
    (#971,#972,#973)
    ,(#974,#975,#976)
    ,(#977,#978,#979)
    ,(#980,#981,#982)
    ,(#983,#984,#985)
    ,(#986,#987,#988)
    ,(#989,#990,#991)
    ,(#992,#993,#994)
    ,(#995,#996,#997)
    ,(#998,#999,#1000
)),.UNSPECIFIED.,.F.,.F.,.F.) B_SPLINE_SURFACE_WITH_KNOTS((4,2,2,2,4),(3
    ,3),(0.,3.37477556985E-04,6.749551139699E-04,1.012432670955E-03,
    1.34991022794E-03),(0.,1.),.UNSPECIFIED.) 
GEOMETRIC_REPRESENTATION_ITEM() RATIONAL_B_SPLINE_SURFACE((
    (1.,0.750692624886,1.)
    ,(1.,0.762978497376,1.)
    ,(1.,0.772650036916,1.)
    ,(1.,0.78598294762,1.)
    ,(1.,0.789529670576,1.)
    ,(1.,0.79045350217,1.)
    ,(1.,0.787796435629,1.)
    ,(1.,0.77713136214,1.)
    ,(1.,0.76908293384,1.)
,(1.,0.758845656694,1.))) REPRESENTATION_ITEM('') SURFACE() );
#971 = CARTESIAN_POINT('',(3.551602964068,6.438531785671,0.191091162345)
  );
#972 = CARTESIAN_POINT('',(3.568424118052,6.524876844601,0.193653823868)
  );
#973 = CARTESIAN_POINT('',(3.570561730689,6.533259844784,0.281233179753)
  );
#974 = CARTESIAN_POINT('',(3.429644734165,6.466069736439,0.191908469643)
  );
#975 = CARTESIAN_POINT('',(3.449435095992,6.548377126625,0.197583658977)
  );
#976 = CARTESIAN_POINT('',(3.459868955909,6.554806893648,0.281888738806)
  );
#977 = CARTESIAN_POINT('',(3.308408069496,6.495891292369,0.21528466746)
  );
#978 = CARTESIAN_POINT('',(3.329322153628,6.575038392455,0.222577509966)
  );
#979 = CARTESIAN_POINT('',(3.350156341789,6.578908762212,0.302792502465)
  );
#980 = CARTESIAN_POINT('',(3.082116741829,6.55638720009,0.30803602393));
#981 = CARTESIAN_POINT('',(3.107731198048,6.630370473912,0.316534524918)
  );
#982 = CARTESIAN_POINT('',(3.145931263758,6.629334839263,0.385930456221)
  );
#983 = CARTESIAN_POINT('',(2.97889969065,6.586568733115,0.376783943019)
  );
#984 = CARTESIAN_POINT('',(3.006170292363,6.658957219592,0.384868710124)
  );
#985 = CARTESIAN_POINT('',(3.053079010038,6.65524937051,0.447606142661)
  );
#986 = CARTESIAN_POINT('',(2.806154693881,6.642071897056,0.551110319325)
  );
#987 = CARTESIAN_POINT('',(2.83738829559,6.712886657438,0.555819460596)
  );
#988 = CARTESIAN_POINT('',(2.898252700744,6.704398862591,0.60412262902)
  );
#989 = CARTESIAN_POINT('',(2.737047534687,6.667278579479,0.656779500736)
  );
#990 = CARTESIAN_POINT('',(2.769314558612,6.738514074541,0.659690519393)
  );
#991 = CARTESIAN_POINT('',(2.836661450772,6.727541236565,0.699044064883)
  );
#992 = CARTESIAN_POINT('',(2.644262782041,6.707717945252,0.88612439864)
  );
#993 = CARTESIAN_POINT('',(2.677313744816,6.78163125705,0.88368372505));
#994 = CARTESIAN_POINT('',(2.754715380058,6.766415364471,0.905183560812)
  );
#995 = CARTESIAN_POINT('',(2.619786683708,6.723238436534,1.011152898344)
  );
#996 = CARTESIAN_POINT('',(2.652521405745,6.799602651426,1.006821816717)
  );
#997 = CARTESIAN_POINT('',(2.733646698337,6.782415000447,1.01761567257)
  );
#998 = CARTESIAN_POINT('',(2.618706133196,6.732875969354,1.137273688149)
  );
#999 = CARTESIAN_POINT('',(2.649949822028,6.812413994735,1.129319668414)
  );
#1000 = CARTESIAN_POINT('',(2.733698982685,6.793745790805,1.131138529188
    ));
#1001 = ADVANCED_FACE('',(#1002,#1044,#1086),#1127,.T.);
#1002 = FACE_BOUND('',#1003,.T.);
#1003 = EDGE_LOOP('',(#1004,#1005,#1018,#1019,#1020,#1021,#1032,#1033));
#1004 = ORIENTED_EDGE('',*,*,#758,.T.);
#1005 = ORIENTED_EDGE('',*,*,#1006,.T.);
#1006 = EDGE_CURVE('',#748,#652,#1007,.T.);
#1007 = B_SPLINE_CURVE_WITH_KNOTS('',3,(#1008,#1009,#1010,#1011,#1012,
    #1013,#1014,#1015,#1016,#1017),.UNSPECIFIED.,.F.,.F.,(4,2,2,2,4),(0.
    ,3.369180969176E-04,6.738361938352E-04,1.010754290753E-03,
    1.34767238767E-03),.UNSPECIFIED.);
#1008 = CARTESIAN_POINT('',(15.266303776757,6.793746392634,
    1.131138336467));
#1009 = CARTESIAN_POINT('',(15.266353204447,6.782437172968,1.01783780693
    ));
#1010 = CARTESIAN_POINT('',(15.245813869868,6.766716448993,
    0.907007976421));
#1011 = CARTESIAN_POINT('',(15.163830755337,6.727725314434,0.69979505789
    ));
#1012 = CARTESIAN_POINT('',(15.10264599235,6.704719991249,0.605355873792
    ));
#1013 = CARTESIAN_POINT('',(14.948369767719,6.655673970326,
    0.448750743765));
#1014 = CARTESIAN_POINT('',(14.854676563707,6.629510049025,0.38637927994
    ));
#1015 = CARTESIAN_POINT('',(14.651842767836,6.579377554724,0.3034074235)
  );
#1016 = CARTESIAN_POINT('',(14.541207377814,6.555016408192,
    0.281895101477));
#1017 = CARTESIAN_POINT('',(14.429438402255,6.533259870662,
    0.281233180541));
#1018 = ORIENTED_EDGE('',*,*,#651,.T.);
#1019 = ORIENTED_EDGE('',*,*,#958,.T.);
#1020 = ORIENTED_EDGE('',*,*,#916,.T.);
#1021 = ORIENTED_EDGE('',*,*,#1022,.T.);
#1022 = EDGE_CURVE('',#906,#817,#1023,.T.);
#1023 = B_SPLINE_CURVE_WITH_KNOTS('',3,(#1024,#1025,#1026,#1027,#1028,
    #1029,#1030,#1031),.UNSPECIFIED.,.F.,.F.,(4,2,2,4),(0.,
    3.325386796695E-04,6.65077359339E-04,1.330154718678E-03),
  .UNSPECIFIED.);
#1024 = CARTESIAN_POINT('',(2.738755654821,8.103673748318,
    14.252582364641));
#1025 = CARTESIAN_POINT('',(2.738786846016,8.114838800258,
    14.364392174165));
#1026 = CARTESIAN_POINT('',(2.757426176537,8.121769942237,
    14.474196351197));
#1027 = CARTESIAN_POINT('',(2.833482015743,8.126601978541,
    14.684914335166));
#1028 = CARTESIAN_POINT('',(2.889770498704,8.1243601948,14.781928826933)
  );
#1029 = CARTESIAN_POINT('',(3.109782331871,8.104017277948,
    15.034053682597));
#1030 = CARTESIAN_POINT('',(3.32116064067,8.072192534519,15.138599622647
    ));
#1031 = CARTESIAN_POINT('',(3.542226848697,8.032396891745,
    15.152322536668));
#1032 = ORIENTED_EDGE('',*,*,#835,.T.);
#1033 = ORIENTED_EDGE('',*,*,#1034,.T.);
#1034 = EDGE_CURVE('',#827,#736,#1035,.T.);
#1035 = B_SPLINE_CURVE_WITH_KNOTS('',3,(#1036,#1037,#1038,#1039,#1040,
    #1041,#1042,#1043),.UNSPECIFIED.,.F.,.F.,(4,2,2,4),(0.,
    3.324854902669E-04,6.649709805338E-04,1.329941961068E-03),
  .UNSPECIFIED.);
#1036 = CARTESIAN_POINT('',(14.45777325978,8.032396911272,
    15.152322529934));
#1037 = CARTESIAN_POINT('',(14.568179121603,8.052271827332,
    15.145468971475));
#1038 = CARTESIAN_POINT('',(14.675664125644,8.070112583895,
    15.117117342062));
#1039 = CARTESIAN_POINT('',(14.873931871169,8.099487116794,
    15.019339290319));
#1040 = CARTESIAN_POINT('',(14.963304223759,8.110758325735,
    14.950114972874));
#1041 = CARTESIAN_POINT('',(15.182205169983,8.131048539939,
    14.699814030377));
#1042 = CARTESIAN_POINT('',(15.261177016768,8.125990678093,
    14.47608081128));
#1043 = CARTESIAN_POINT('',(15.261249248843,8.103674831695,
    14.252582621631));
#1044 = FACE_BOUND('',#1045,.T.);
#1045 = EDGE_LOOP('',(#1046,#1058,#1068,#1078));
#1046 = ORIENTED_EDGE('',*,*,#1047,.F.);
#1047 = EDGE_CURVE('',#1048,#1050,#1052,.T.);
#1048 = VERTEX_POINT('',#1049);
#1049 = CARTESIAN_POINT('',(7.500000621094,6.987574519533,9.478556707983
    ));
#1050 = VERTEX_POINT('',#1051);
#1051 = CARTESIAN_POINT('',(7.500000710947,6.636397108716,6.032294269589
    ));
#1052 = B_SPLINE_CURVE_WITH_KNOTS('',4,(#1053,#1054,#1055,#1056,#1057),
  .UNSPECIFIED.,.F.,.F.,(5,5),(0.,1.),.PIECEWISE_BEZIER_KNOTS.);
#1053 = CARTESIAN_POINT('',(7.500000621094,6.987574519533,9.478556707983
    ));
#1054 = CARTESIAN_POINT('',(7.500000643558,6.89978019673,8.616991096348)
  );
#1055 = CARTESIAN_POINT('',(7.500000666021,6.811985853989,7.755425486071
    ));
#1056 = CARTESIAN_POINT('',(7.500000688484,6.724191491316,6.893859877151
    ));
#1057 = CARTESIAN_POINT('',(7.500000710947,6.636397108716,6.032294269589
    ));
#1058 = ORIENTED_EDGE('',*,*,#1059,.T.);
#1059 = EDGE_CURVE('',#1048,#1060,#1062,.T.);
#1060 = VERTEX_POINT('',#1061);
#1061 = CARTESIAN_POINT('',(6.500000619946,7.05562879873,9.471762730279)
  );
#1062 = B_SPLINE_CURVE_WITH_KNOTS('',4,(#1063,#1064,#1065,#1066,#1067),
  .UNSPECIFIED.,.F.,.F.,(5,5),(0.,1.),.PIECEWISE_BEZIER_KNOTS.);
#1063 = CARTESIAN_POINT('',(7.500000621094,6.987574519533,9.478556707983
    ));
#1064 = CARTESIAN_POINT('',(7.249733128264,7.000357026243,9.477280606359
    ));
#1065 = CARTESIAN_POINT('',(6.999611992993,7.015966924466,9.475722242381
    ));
#1066 = CARTESIAN_POINT('',(6.74968526334,7.034393341462,9.473882701491)
  );
#1067 = CARTESIAN_POINT('',(6.500000619946,7.05562879873,9.471762730279)
  );
#1068 = ORIENTED_EDGE('',*,*,#1069,.T.);
#1069 = EDGE_CURVE('',#1060,#1070,#1072,.T.);
#1070 = VERTEX_POINT('',#1071);
#1071 = CARTESIAN_POINT('',(6.500000709787,6.705163317756,6.025429218957
    ));
#1072 = B_SPLINE_CURVE_WITH_KNOTS('',4,(#1073,#1074,#1075,#1076,#1077),
  .UNSPECIFIED.,.F.,.F.,(5,5),(0.,1.),.PIECEWISE_BEZIER_KNOTS.);
#1073 = CARTESIAN_POINT('',(6.500000619946,7.05562879873,9.471762730279)
  );
#1074 = CARTESIAN_POINT('',(6.500000642406,6.968012502921,8.610179347402
    ));
#1075 = CARTESIAN_POINT('',(6.500000664867,6.880396157481,7.74859596789)
  );
#1076 = CARTESIAN_POINT('',(6.500000687327,6.792779762423,6.887012591742
    ));
#1077 = CARTESIAN_POINT('',(6.500000709787,6.705163317756,6.025429218957
    ));
#1078 = ORIENTED_EDGE('',*,*,#1079,.F.);
#1079 = EDGE_CURVE('',#1050,#1070,#1080,.T.);
#1080 = B_SPLINE_CURVE_WITH_KNOTS('',4,(#1081,#1082,#1083,#1084,#1085),
  .UNSPECIFIED.,.F.,.F.,(5,5),(0.,1.),.PIECEWISE_BEZIER_KNOTS.);
#1081 = CARTESIAN_POINT('',(7.500000710947,6.636397108716,6.032294269589
    ));
#1082 = CARTESIAN_POINT('',(7.249727635086,6.649313502275,6.031004801858
    ));
#1083 = CARTESIAN_POINT('',(6.999603974311,6.665086816444,6.029430123843
    ));
#1084 = CARTESIAN_POINT('',(6.749678774596,6.683705956702,6.027571343127
    ));
#1085 = CARTESIAN_POINT('',(6.500000709787,6.705163317756,6.025429218957
    ));
#1086 = FACE_BOUND('',#1087,.T.);
#1087 = EDGE_LOOP('',(#1088,#1103,#1119));
#1088 = ORIENTED_EDGE('',*,*,#1089,.F.);
#1089 = EDGE_CURVE('',#1090,#1092,#1094,.T.);
#1090 = VERTEX_POINT('',#1091);
#1091 = CARTESIAN_POINT('',(11.500000664888,6.880396259222,
    7.748596084717));
#1092 = VERTEX_POINT('',#1093);
#1093 = CARTESIAN_POINT('',(8.500000711528,6.601951639513,6.035733033873
    ));
#1094 = B_SPLINE_CURVE_WITH_KNOTS('',4,(#1095,#1096,#1097,#1098,#1099,
    #1100,#1101,#1102),.UNSPECIFIED.,.F.,.F.,(5,3,5),(0.,0.833471023408,
    1.),.UNSPECIFIED.);
#1095 = CARTESIAN_POINT('',(11.500000664888,6.880396259222,
    7.748596084717));
#1096 = CARTESIAN_POINT('',(10.876169202724,6.790623401906,
    7.395598618838));
#1097 = CARTESIAN_POINT('',(10.251183520698,6.718287469063,
    7.040190699464));
#1098 = CARTESIAN_POINT('',(9.625591018502,6.663588869497,6.682669931869
    ));
#1099 = CARTESIAN_POINT('',(8.874980903167,6.619606324402,6.25154162227)
  );
#1100 = CARTESIAN_POINT('',(8.749981880652,6.613002147094,6.179673969156
    ));
#1101 = CARTESIAN_POINT('',(8.624986912955,6.60711740675,6.107736846362)
  );
#1102 = CARTESIAN_POINT('',(8.500000711528,6.601951639513,6.035733033873
    ));
#1103 = ORIENTED_EDGE('',*,*,#1104,.T.);
#1104 = EDGE_CURVE('',#1090,#1105,#1107,.T.);
#1105 = VERTEX_POINT('',#1106);
#1106 = CARTESIAN_POINT('',(8.50000062167,6.95348550223,9.481959887187)
  );
#1107 = B_SPLINE_CURVE_WITH_KNOTS('',4,(#1108,#1109,#1110,#1111,#1112,
    #1113,#1114,#1115,#1116,#1117,#1118),.UNSPECIFIED.,.F.,.F.,(5,3,3,5)
  ,(0.,0.385690522605,0.833441806366,1.),.UNSPECIFIED.);
#1108 = CARTESIAN_POINT('',(11.500000664888,6.880396259222,
    7.748596084717));
#1109 = CARTESIAN_POINT('',(11.211297463535,6.872577078829,
    7.916888092034));
#1110 = CARTESIAN_POINT('',(10.922349212739,6.868587415898,
    8.084939975971));
#1111 = CARTESIAN_POINT('',(10.633214147373,6.868417857892,
    8.252718887151));
#1112 = CARTESIAN_POINT('',(10.008139966547,6.876304988775,
    8.614612123792));
#1113 = CARTESIAN_POINT('',(9.672155926293,6.88568971076,8.808619936151)
  );
#1114 = CARTESIAN_POINT('',(9.336087058576,6.900220960714,9.002163182143
    ));
#1115 = CARTESIAN_POINT('',(8.875012123311,6.927237934466,9.266990997373
    ));
#1116 = CARTESIAN_POINT('',(8.750001319092,6.935277162055,9.338722214758
    ));
#1117 = CARTESIAN_POINT('',(8.624995966627,6.944027305066,9.410379297262
    ));
#1118 = CARTESIAN_POINT('',(8.50000062167,6.95348550223,9.481959887187)
  );
#1119 = ORIENTED_EDGE('',*,*,#1120,.T.);
#1120 = EDGE_CURVE('',#1105,#1092,#1121,.T.);
#1121 = B_SPLINE_CURVE_WITH_KNOTS('',4,(#1122,#1123,#1124,#1125,#1126),
  .UNSPECIFIED.,.F.,.F.,(5,5),(0.,1.),.PIECEWISE_BEZIER_KNOTS.);
#1122 = CARTESIAN_POINT('',(8.50000062167,6.95348550223,9.481959887187)
  );
#1123 = CARTESIAN_POINT('',(8.500000644134,6.865602040081,8.620403173617
    ));
#1124 = CARTESIAN_POINT('',(8.500000666599,6.777718575578,7.758846460208
    ));
#1125 = CARTESIAN_POINT('',(8.500000689064,6.689835108722,6.89728974696)
  );
#1126 = CARTESIAN_POINT('',(8.500000711528,6.601951639513,6.035733033873
    ));
#1127 = B_SPLINE_SURFACE_WITH_KNOTS('',3,1,(
    (#1128,#1129)
    ,(#1130,#1131)
    ,(#1132,#1133)
    ,(#1134,#1135)
    ,(#1136,#1137)
    ,(#1138,#1139
  )),.UNSPECIFIED.,.F.,.F.,.F.,(4,2,4),(2,2),(0.,0.5,1.),(0.,1.),
  .UNSPECIFIED.);
#1128 = CARTESIAN_POINT('',(2.65,8.214714917252,15.171446818688));
#1129 = CARTESIAN_POINT('',(2.65,6.719683099286,0.199435538532));
#1130 = CARTESIAN_POINT('',(4.715840735069,7.778770522189,
    15.321554511767));
#1131 = CARTESIAN_POINT('',(4.712932297444,6.245984400662,0.185376489368
    ));
#1132 = CARTESIAN_POINT('',(6.857611548556,7.552851914332,
    15.399344526808));
#1133 = CARTESIAN_POINT('',(6.856120734908,6.,0.178075842791));
#1134 = CARTESIAN_POINT('',(11.142388451444,7.552851914332,
    15.399344526808));
#1135 = CARTESIAN_POINT('',(11.143879265092,6.,0.178075842791));
#1136 = CARTESIAN_POINT('',(13.284159264931,7.778770522189,
    15.321554511767));
#1137 = CARTESIAN_POINT('',(13.287067702556,6.245984400662,
    0.185376489368));
#1138 = CARTESIAN_POINT('',(15.35,8.214714917252,15.171446818688));
#1139 = CARTESIAN_POINT('',(15.35,6.719683099286,0.199435538532));
#1140 = ADVANCED_FACE('',(#1141),#1147,.T.);
#1141 = FACE_BOUND('',#1142,.T.);
#1142 = EDGE_LOOP('',(#1143,#1144,#1145,#1146));
#1143 = ORIENTED_EDGE('',*,*,#747,.T.);
#1144 = ORIENTED_EDGE('',*,*,#705,.F.);
#1145 = ORIENTED_EDGE('',*,*,#666,.T.);
#1146 = ORIENTED_EDGE('',*,*,#1006,.F.);
#1147 = ( BOUNDED_SURFACE() B_SPLINE_SURFACE(3,2,(
    (#1148,#1149,#1150)
    ,(#1151,#1152,#1153)
    ,(#1154,#1155,#1156)
    ,(#1157,#1158,#1159)
    ,(#1160,#1161,#1162)
    ,(#1163,#1164,#1165)
    ,(#1166,#1167,#1168)
    ,(#1169,#1170,#1171)
    ,(#1172,#1173,#1174)
    ,(#1175,#1176,#1177
)),.UNSPECIFIED.,.F.,.F.,.F.) B_SPLINE_SURFACE_WITH_KNOTS((4,2,2,2,4),(3
    ,3),(-0.,3.374767805157E-04,6.749535610315E-04,1.012430341547E-03,
    1.349907122063E-03),(0.,1.),.UNSPECIFIED.) 
GEOMETRIC_REPRESENTATION_ITEM() RATIONAL_B_SPLINE_SURFACE((
    (1.,0.758845656915,1.)
    ,(1.,0.768993445557,1.)
    ,(1.,0.777045293419,1.)
    ,(1.,0.7877991297,1.)
    ,(1.,0.790439282535,1.)
    ,(1.,0.789551585408,1.)
    ,(1.,0.785971282155,1.)
    ,(1.,0.772768285549,1.)
    ,(1.,0.763050147415,1.)
,(1.,0.750692624822,1.))) REPRESENTATION_ITEM('') SURFACE() );
#1148 = CARTESIAN_POINT('',(15.381293866834,6.732875956189,1.13727355554
    ));
#1149 = CARTESIAN_POINT('',(15.350050177962,6.812413981492,
    1.129319535814));
#1150 = CARTESIAN_POINT('',(15.266301017364,6.793745777567,
    1.131138396586));
#1151 = CARTESIAN_POINT('',(15.380223100878,6.723325699582,
    1.012294878869));
#1152 = CARTESIAN_POINT('',(15.347501528944,6.799716946887,
    1.007914689566));
#1153 = CARTESIAN_POINT('',(15.266352818524,6.782517547144,1.01864310734
    ));
#1154 = CARTESIAN_POINT('',(15.356249123793,6.707966321524,
    0.887723884583));
#1155 = CARTESIAN_POINT('',(15.3232015395,6.78190523585,0.88525783822));
#1156 = CARTESIAN_POINT('',(15.245733865115,6.76665970861,0.906621501972
    ));
#1157 = CARTESIAN_POINT('',(15.263164068962,6.667345712224,
    0.656970756287));
#1158 = CARTESIAN_POINT('',(15.23089490535,6.73858042731,0.659887532526)
  );
#1159 = CARTESIAN_POINT('',(15.163528276289,6.72760023292,0.699215661807
    ));
#1160 = CARTESIAN_POINT('',(15.194349466766,6.642250620538,
    0.551818353948));
#1161 = CARTESIAN_POINT('',(15.163107249916,6.713066334286,0.55651269912
    ));
#1162 = CARTESIAN_POINT('',(15.102197231516,6.704561685937,
    0.604758601812));
#1163 = CARTESIAN_POINT('',(15.022062808688,6.586861374165,
    0.377557531275));
#1164 = CARTESIAN_POINT('',(14.994771295024,6.659236879025,0.38563232563
    ));
#1165 = CARTESIAN_POINT('',(14.947785573077,6.655503993342,
    0.448300418938));
#1166 = CARTESIAN_POINT('',(14.917912908359,6.556408716828,
    0.308187452208));
#1167 = CARTESIAN_POINT('',(14.892312000689,6.630398107151,0.31668516404
    ));
#1168 = CARTESIAN_POINT('',(14.854093910134,6.629356750308,
    0.386066474495));
#1169 = CARTESIAN_POINT('',(14.693373306821,6.496354025349,
    0.215876569062));
#1170 = CARTESIAN_POINT('',(14.672441079655,6.575461672934,
    0.223191549665));
#1171 = CARTESIAN_POINT('',(14.65145291511,6.579290533036,0.303322770633
    ));
#1172 = CARTESIAN_POINT('',(14.570983481992,6.466211581975,
    0.191912679521));
#1173 = CARTESIAN_POINT('',(14.551165219269,6.548495687664,
    0.197603473282));
#1174 = CARTESIAN_POINT('',(14.540702052526,6.554918043746,
    0.281892111965));
#1175 = CARTESIAN_POINT('',(14.448397169342,6.438531811638,
    0.191091163116));
#1176 = CARTESIAN_POINT('',(14.431576014941,6.524876870504,
    0.193653824637));
#1177 = CARTESIAN_POINT('',(14.429438402255,6.533259870662,
    0.281233180541));
#1178 = ADVANCED_FACE('',(#1179),#1185,.T.);
#1179 = FACE_BOUND('',#1180,.T.);
#1180 = EDGE_LOOP('',(#1181,#1182,#1183,#1184));
#1181 = ORIENTED_EDGE('',*,*,#826,.T.);
#1182 = ORIENTED_EDGE('',*,*,#788,.F.);
#1183 = ORIENTED_EDGE('',*,*,#735,.F.);
#1184 = ORIENTED_EDGE('',*,*,#1034,.F.);
#1185 = ( BOUNDED_SURFACE() B_SPLINE_SURFACE(3,2,(
    (#1186,#1187,#1188)
    ,(#1189,#1190,#1191)
    ,(#1192,#1193,#1194)
    ,(#1195,#1196,#1197)
    ,(#1198,#1199,#1200)
    ,(#1201,#1202,#1203)
    ,(#1204,#1205,#1206)
    ,(#1207,#1208,#1209)
    ,(#1210,#1211,#1212)
    ,(#1213,#1214,#1215
)),.UNSPECIFIED.,.F.,.F.,.F.) B_SPLINE_SURFACE_WITH_KNOTS((4,2,2,2,4),(3
    ,3),(0.,3.330412944491E-04,6.660825888982E-04,9.991238833472E-04,
    1.332165177796E-03),(0.,1.),.UNSPECIFIED.) 
GEOMETRIC_REPRESENTATION_ITEM() RATIONAL_B_SPLINE_SURFACE((
    (1.,0.782817644818,1.)
    ,(1.,0.791013649871,1.)
    ,(1.,0.796182592168,1.)
    ,(1.,0.800017884955,1.)
    ,(1.,0.798659961637,1.)
    ,(1.,0.7902044717,1.)
    ,(1.,0.783055515696,1.)
    ,(1.,0.764620295627,1.)
    ,(1.,0.753152876223,1.)
,(1.,0.740298852334,1.))) REPRESENTATION_ITEM('') SURFACE() );
#1186 = CARTESIAN_POINT('',(14.475994929666,7.967120106239,
    15.256700549027));
#1187 = CARTESIAN_POINT('',(14.46112746324,8.040951752482,15.23127827449
    ));
#1188 = CARTESIAN_POINT('',(14.45777325978,8.032396911272,
    15.152322529934));
#1189 = CARTESIAN_POINT('',(14.597051810727,7.991449413627,
    15.248323296677));
#1190 = CARTESIAN_POINT('',(14.578833679442,8.061936609271,
    15.221860579354));
#1191 = CARTESIAN_POINT('',(14.566906316193,8.052042699429,
    15.145547967493));
#1192 = CARTESIAN_POINT('',(14.717637351414,8.013204751558,
    15.216169553308));
#1193 = CARTESIAN_POINT('',(14.697527589899,8.081603677621,
    15.189715106295));
#1194 = CARTESIAN_POINT('',(14.675294142149,8.07005188214,
    15.117224795716));
#1195 = CARTESIAN_POINT('',(14.938608306965,8.047442102821,
    15.106948615482));
#1196 = CARTESIAN_POINT('',(14.91308506557,8.113655978268,
    15.082463277694));
#1197 = CARTESIAN_POINT('',(14.873398389558,8.099413938093,
    15.019677049712));
#1198 = CARTESIAN_POINT('',(15.038609151202,8.059844964227,
    15.030038965745));
#1199 = CARTESIAN_POINT('',(15.011253964583,8.126228759223,
    15.00692048196));
#1200 = CARTESIAN_POINT('',(14.96276989333,8.110696387052,
    14.950589206904));
#1201 = CARTESIAN_POINT('',(15.202644701488,8.072922453099,
    14.845096628179));
#1202 = CARTESIAN_POINT('',(15.17201875148,8.141773535455,
    14.826619733093));
#1203 = CARTESIAN_POINT('',(15.10884865721,8.124261361719,
    14.783828964778));
#1204 = CARTESIAN_POINT('',(15.267430143704,8.073617614522,
    14.736054305029));
#1205 = CARTESIAN_POINT('',(15.236122950415,8.144796915011,
    14.719408768028));
#1206 = CARTESIAN_POINT('',(15.166222325481,8.126572622458,
    14.685244650828));
#1207 = CARTESIAN_POINT('',(15.353731926528,8.063399886961,
    14.505664937814));
#1208 = CARTESIAN_POINT('',(15.323091912776,8.140977435211,
    14.493379734767));
#1209 = CARTESIAN_POINT('',(15.241925424572,8.121858679095,
    14.476475542805));
#1210 = CARTESIAN_POINT('',(15.376335865606,8.05240871126,
    14.381869088103));
#1211 = CARTESIAN_POINT('',(15.346649790247,8.133882136928,
    14.370616677241));
#1212 = CARTESIAN_POINT('',(15.261213251315,8.114807146777,
    14.364075168547));
#1213 = CARTESIAN_POINT('',(15.377538751082,8.036521968003,
    14.259331616502));
#1214 = CARTESIAN_POINT('',(15.350038921567,8.122640613633,
    14.25072336767));
#1215 = CARTESIAN_POINT('',(15.26124924896,8.10367479575,14.252582261638
    ));
#1216 = ADVANCED_FACE('',(#1217),#1223,.T.);
#1217 = FACE_BOUND('',#1218,.T.);
#1218 = EDGE_LOOP('',(#1219,#1220,#1221,#1222));
#1219 = ORIENTED_EDGE('',*,*,#905,.F.);
#1220 = ORIENTED_EDGE('',*,*,#875,.F.);
#1221 = ORIENTED_EDGE('',*,*,#816,.F.);
#1222 = ORIENTED_EDGE('',*,*,#1022,.F.);
#1223 = ( BOUNDED_SURFACE() B_SPLINE_SURFACE(3,2,(
    (#1224,#1225,#1226)
    ,(#1227,#1228,#1229)
    ,(#1230,#1231,#1232)
    ,(#1233,#1234,#1235)
    ,(#1236,#1237,#1238)
    ,(#1239,#1240,#1241)
    ,(#1242,#1243,#1244)
    ,(#1245,#1246,#1247)
    ,(#1248,#1249,#1250)
    ,(#1251,#1252,#1253
)),.UNSPECIFIED.,.F.,.F.,.F.) B_SPLINE_SURFACE_WITH_KNOTS((4,2,2,2,4),(3
    ,3),(-7.99362292085E-06,1.595393907952E-04,3.270724045113E-04,
    6.621384319435E-04,1.332270486808E-03),(0.,1.),.UNSPECIFIED.) 
GEOMETRIC_REPRESENTATION_ITEM() RATIONAL_B_SPLINE_SURFACE((
    (1.,0.740306678168,1.)
    ,(1.,0.74515797976,1.)
    ,(1.,0.751983491223,1.)
    ,(1.,0.763284416755,1.)
    ,(1.,0.768525469157,1.)
    ,(1.,0.78272251425,1.)
    ,(1.,0.789873685052,1.)
    ,(1.,0.802976540849,1.)
    ,(1.,0.799668855547,1.)
,(1.,0.78281764482,1.))) REPRESENTATION_ITEM('') SURFACE() );
#1224 = CARTESIAN_POINT('',(2.622459036135,8.035719500585,
    14.251266133299));
#1225 = CARTESIAN_POINT('',(2.649960709331,8.121835357398,
    14.242658282249));
#1226 = CARTESIAN_POINT('',(2.738748201736,8.102869624518,
    14.244518414426));
#1227 = CARTESIAN_POINT('',(2.622475280202,8.041758386215,
    14.311961223436));
#1228 = CARTESIAN_POINT('',(2.649963050178,8.127820795109,
    14.302604860149));
#1229 = CARTESIAN_POINT('',(2.738765655269,8.108501300259,
    14.300919234444));
#1230 = CARTESIAN_POINT('',(2.627919474864,8.050328779388,
    14.373713430682));
#1231 = CARTESIAN_POINT('',(2.657263430833,8.13235203381,14.363885615118
    ));
#1232 = CARTESIAN_POINT('',(2.742686942371,8.113218252355,
    14.356605422096));
#1233 = CARTESIAN_POINT('',(2.649236942791,8.061293124531,
    14.494804998513));
#1234 = CARTESIAN_POINT('',(2.679976536124,8.139354104775,
    14.483463148821));
#1235 = CARTESIAN_POINT('',(2.760839180349,8.120301755188,
    14.466568375182));
#1236 = CARTESIAN_POINT('',(2.665237985971,8.065462547286,
    14.554904791723));
#1237 = CARTESIAN_POINT('',(2.696385555719,8.141702708651,
    14.542674723581));
#1238 = CARTESIAN_POINT('',(2.774726780867,8.122766712758,
    14.521089671641));
#1239 = CARTESIAN_POINT('',(2.729753960488,8.073618900604,14.73109666217
    ));
#1240 = CARTESIAN_POINT('',(2.761076124837,8.144907204802,
    14.714506845982));
#1241 = CARTESIAN_POINT('',(2.8312857238,8.12665277986,14.68076127563));
#1242 = CARTESIAN_POINT('',(2.793170394663,8.073121917204,14.83929491256
    ));
#1243 = CARTESIAN_POINT('',(2.82384740757,8.142079608268,14.820936730843
    ));
#1244 = CARTESIAN_POINT('',(2.887434239587,8.124516080638,
    14.778589751533));
#1245 = CARTESIAN_POINT('',(3.040812010258,8.053772881647,
    15.121679244857));
#1246 = CARTESIAN_POINT('',(3.065275715516,8.11900715622,15.094742717942
    ));
#1247 = CARTESIAN_POINT('',(3.107938382931,8.104305416491,
    15.033235369321));
#1248 = CARTESIAN_POINT('',(3.276527479699,8.016856705461,
    15.239574864511));
#1249 = CARTESIAN_POINT('',(3.30096621583,8.083366082504,15.212243376559
    ));
#1250 = CARTESIAN_POINT('',(3.319134166408,8.072557334639,
    15.138473824612));
#1251 = CARTESIAN_POINT('',(3.524005070333,7.96712010624,15.256700549027
    ));
#1252 = CARTESIAN_POINT('',(3.538872536759,8.040951752482,
    15.231278274491));
#1253 = CARTESIAN_POINT('',(3.542226740222,8.032396911272,
    15.152322529935));
#1254 = ADVANCED_FACE('',(#1255),#1280,.F.);
#1255 = FACE_BOUND('',#1256,.F.);
#1256 = EDGE_LOOP('',(#1257,#1258,#1266,#1274));
#1257 = ORIENTED_EDGE('',*,*,#1047,.F.);
#1258 = ORIENTED_EDGE('',*,*,#1259,.T.);
#1259 = EDGE_CURVE('',#1048,#1260,#1262,.T.);
#1260 = VERTEX_POINT('',#1261);
#1261 = CARTESIAN_POINT('',(7.500000635595,6.128146313998,9.56435459993)
  );
#1262 = LINE('',#1263,#1264);
#1263 = CARTESIAN_POINT('',(7.500000610412,7.620726999249,9.415348230892
    ));
#1264 = VECTOR('',#1265,1.);
#1265 = DIRECTION('',(1.678837885E-08,-0.995053790168,9.933757935845E-02
    ));
#1266 = ORIENTED_EDGE('',*,*,#1267,.T.);
#1267 = EDGE_CURVE('',#1260,#1268,#1270,.T.);
#1268 = VERTEX_POINT('',#1269);
#1269 = CARTESIAN_POINT('',(7.500000725328,5.784030844897,6.117387158246
    ));
#1270 = LINE('',#1271,#1272);
#1271 = CARTESIAN_POINT('',(7.500000635595,6.128146313998,9.56435459993)
  );
#1272 = VECTOR('',#1273,1.);
#1273 = DIRECTION('',(2.5903877E-08,-9.933757935845E-02,-0.995053790168)
  );
#1274 = ORIENTED_EDGE('',*,*,#1275,.F.);
#1275 = EDGE_CURVE('',#1050,#1268,#1276,.T.);
#1276 = LINE('',#1277,#1278);
#1277 = CARTESIAN_POINT('',(7.500000700146,7.276611530149,5.968380789209
    ));
#1278 = VECTOR('',#1279,1.);
#1279 = DIRECTION('',(1.678837885E-08,-0.995053790168,9.933757935845E-02
    ));
#1280 = PLANE('',#1281);
#1281 = AXIS2_PLACEMENT_3D('',#1282,#1283,#1284);
#1282 = CARTESIAN_POINT('',(7.500000610412,7.620726999249,9.415348230892
    ));
#1283 = DIRECTION('',(1.,1.927856843E-08,2.410803389E-08));
#1284 = DIRECTION('',(2.590387681707E-08,-9.933757935845E-02,
    -0.995053790168));
#1285 = ADVANCED_FACE('',(#1286),#1304,.F.);
#1286 = FACE_BOUND('',#1287,.F.);
#1287 = EDGE_LOOP('',(#1288,#1289,#1290,#1298));
#1288 = ORIENTED_EDGE('',*,*,#1079,.F.);
#1289 = ORIENTED_EDGE('',*,*,#1275,.T.);
#1290 = ORIENTED_EDGE('',*,*,#1291,.T.);
#1291 = EDGE_CURVE('',#1268,#1292,#1294,.T.);
#1292 = VERTEX_POINT('',#1293);
#1293 = CARTESIAN_POINT('',(6.500000725328,5.784030825618,6.117387134138
    ));
#1294 = LINE('',#1295,#1296);
#1295 = CARTESIAN_POINT('',(7.500000725328,5.784030844897,6.117387158246
    ));
#1296 = VECTOR('',#1297,1.);
#1297 = DIRECTION('',(-1.,-1.927856801154E-08,-2.410803411562E-08));
#1298 = ORIENTED_EDGE('',*,*,#1299,.F.);
#1299 = EDGE_CURVE('',#1070,#1292,#1300,.T.);
#1300 = LINE('',#1301,#1302);
#1301 = CARTESIAN_POINT('',(6.500000700146,7.27661151087,5.968380765101)
  );
#1302 = VECTOR('',#1303,1.);
#1303 = DIRECTION('',(1.678837885E-08,-0.995053790168,9.933757935845E-02
    ));
#1304 = PLANE('',#1305);
#1305 = AXIS2_PLACEMENT_3D('',#1306,#1307,#1308);
#1306 = CARTESIAN_POINT('',(7.500000700146,7.276611530149,5.968380789209
    ));
#1307 = DIRECTION('',(2.590387682E-08,-9.933757935845E-02,
    -0.995053790168));
#1308 = DIRECTION('',(-1.,-1.92785684897E-08,-2.410803388699E-08));
#1309 = ADVANCED_FACE('',(#1310),#1328,.F.);
#1310 = FACE_BOUND('',#1311,.F.);
#1311 = EDGE_LOOP('',(#1312,#1313,#1314,#1322));
#1312 = ORIENTED_EDGE('',*,*,#1069,.T.);
#1313 = ORIENTED_EDGE('',*,*,#1299,.T.);
#1314 = ORIENTED_EDGE('',*,*,#1315,.T.);
#1315 = EDGE_CURVE('',#1292,#1316,#1318,.T.);
#1316 = VERTEX_POINT('',#1317);
#1317 = CARTESIAN_POINT('',(6.500000635595,6.128146294719,9.564354575822
    ));
#1318 = LINE('',#1319,#1320);
#1319 = CARTESIAN_POINT('',(6.500000725328,5.784030825618,6.117387134138
    ));
#1320 = VECTOR('',#1321,1.);
#1321 = DIRECTION('',(-2.5903877E-08,9.933757935845E-02,0.995053790168)
  );
#1322 = ORIENTED_EDGE('',*,*,#1323,.F.);
#1323 = EDGE_CURVE('',#1060,#1316,#1324,.T.);
#1324 = LINE('',#1325,#1326);
#1325 = CARTESIAN_POINT('',(6.500000610412,7.620726979971,9.415348206784
    ));
#1326 = VECTOR('',#1327,1.);
#1327 = DIRECTION('',(1.678837885E-08,-0.995053790168,9.933757935845E-02
    ));
#1328 = PLANE('',#1329);
#1329 = AXIS2_PLACEMENT_3D('',#1330,#1331,#1332);
#1330 = CARTESIAN_POINT('',(6.500000700146,7.27661151087,5.968380765101)
  );
#1331 = DIRECTION('',(-1.,-1.927856843E-08,-2.410803389E-08));
#1332 = DIRECTION('',(-2.590387681707E-08,9.933757935845E-02,
    0.995053790168));
#1333 = ADVANCED_FACE('',(#1334),#1345,.F.);
#1334 = FACE_BOUND('',#1335,.F.);
#1335 = EDGE_LOOP('',(#1336,#1337,#1338,#1344));
#1336 = ORIENTED_EDGE('',*,*,#1059,.T.);
#1337 = ORIENTED_EDGE('',*,*,#1323,.T.);
#1338 = ORIENTED_EDGE('',*,*,#1339,.T.);
#1339 = EDGE_CURVE('',#1316,#1260,#1340,.T.);
#1340 = LINE('',#1341,#1342);
#1341 = CARTESIAN_POINT('',(6.500000635595,6.128146294719,9.564354575822
    ));
#1342 = VECTOR('',#1343,1.);
#1343 = DIRECTION('',(1.,1.927856801154E-08,2.410803411562E-08));
#1344 = ORIENTED_EDGE('',*,*,#1259,.F.);
#1345 = PLANE('',#1346);
#1346 = AXIS2_PLACEMENT_3D('',#1347,#1348,#1349);
#1347 = CARTESIAN_POINT('',(6.500000610412,7.620726979971,9.415348206784
    ));
#1348 = DIRECTION('',(-2.590387682E-08,9.933757935845E-02,0.995053790168
    ));
#1349 = DIRECTION('',(1.,1.92785684897E-08,2.410803388699E-08));
#1350 = ADVANCED_FACE('',(#1351),#1376,.F.);
#1351 = FACE_BOUND('',#1352,.F.);
#1352 = EDGE_LOOP('',(#1353,#1354,#1362,#1370));
#1353 = ORIENTED_EDGE('',*,*,#1089,.F.);
#1354 = ORIENTED_EDGE('',*,*,#1355,.T.);
#1355 = EDGE_CURVE('',#1090,#1356,#1358,.T.);
#1356 = VERTEX_POINT('',#1357);
#1357 = CARTESIAN_POINT('',(11.500000680482,5.956088656562,7.84087097552
    ));
#1358 = LINE('',#1359,#1360);
#1359 = CARTESIAN_POINT('',(11.5000006553,7.448669341813,7.691864606483)
  );
#1360 = VECTOR('',#1361,1.);
#1361 = DIRECTION('',(1.678837885E-08,-0.995053790168,9.933757935845E-02
    ));
#1362 = ORIENTED_EDGE('',*,*,#1363,.T.);
#1363 = EDGE_CURVE('',#1356,#1364,#1366,.T.);
#1364 = VERTEX_POINT('',#1365);
#1365 = CARTESIAN_POINT('',(8.500000725328,5.784030864175,6.117387182354
    ));
#1366 = LINE('',#1367,#1368);
#1367 = CARTESIAN_POINT('',(11.500000680482,5.956088656562,7.84087097552
    ));
#1368 = VECTOR('',#1369,1.);
#1369 = DIRECTION('',(-0.866025390833,-4.966880637485E-02,
    -0.497526915961));
#1370 = ORIENTED_EDGE('',*,*,#1371,.F.);
#1371 = EDGE_CURVE('',#1092,#1364,#1372,.T.);
#1372 = LINE('',#1373,#1374);
#1373 = CARTESIAN_POINT('',(8.500000700146,7.276611549427,5.968380813317
    ));
#1374 = VECTOR('',#1375,1.);
#1375 = DIRECTION('',(1.678837885E-08,-0.995053790168,9.933757935845E-02
    ));
#1376 = PLANE('',#1377);
#1377 = AXIS2_PLACEMENT_3D('',#1378,#1379,#1380);
#1378 = CARTESIAN_POINT('',(11.5000006553,7.448669341813,7.691864606483)
  );
#1379 = DIRECTION('',(0.500000022432,-8.602885763565E-02,-0.861741848364
    ));
#1380 = DIRECTION('',(-0.866025390833,-4.966880637485E-02,
    -0.497526915961));
#1381 = ADVANCED_FACE('',(#1382),#1400,.F.);
#1382 = FACE_BOUND('',#1383,.F.);
#1383 = EDGE_LOOP('',(#1384,#1385,#1386,#1394));
#1384 = ORIENTED_EDGE('',*,*,#1120,.T.);
#1385 = ORIENTED_EDGE('',*,*,#1371,.T.);
#1386 = ORIENTED_EDGE('',*,*,#1387,.T.);
#1387 = EDGE_CURVE('',#1364,#1388,#1390,.T.);
#1388 = VERTEX_POINT('',#1389);
#1389 = CARTESIAN_POINT('',(8.500000635595,6.128146333276,9.564354624038
    ));
#1390 = LINE('',#1391,#1392);
#1391 = CARTESIAN_POINT('',(8.500000725328,5.784030864175,6.117387182354
    ));
#1392 = VECTOR('',#1393,1.);
#1393 = DIRECTION('',(-2.590387716E-08,9.933757935845E-02,0.995053790168
    ));
#1394 = ORIENTED_EDGE('',*,*,#1395,.F.);
#1395 = EDGE_CURVE('',#1105,#1388,#1396,.T.);
#1396 = LINE('',#1397,#1398);
#1397 = CARTESIAN_POINT('',(8.500000610412,7.620727018528,9.415348255));
#1398 = VECTOR('',#1399,1.);
#1399 = DIRECTION('',(1.678837885E-08,-0.995053790168,9.933757935845E-02
    ));
#1400 = PLANE('',#1401);
#1401 = AXIS2_PLACEMENT_3D('',#1402,#1403,#1404);
#1402 = CARTESIAN_POINT('',(8.500000700146,7.276611549427,5.968380813317
    ));
#1403 = DIRECTION('',(-1.,-1.927856844E-08,-2.410803405E-08));
#1404 = DIRECTION('',(-2.590387697727E-08,9.933757935845E-02,
    0.995053790168));
#1405 = ADVANCED_FACE('',(#1406),#1417,.F.);
#1406 = FACE_BOUND('',#1407,.F.);
#1407 = EDGE_LOOP('',(#1408,#1409,#1410,#1416));
#1408 = ORIENTED_EDGE('',*,*,#1104,.T.);
#1409 = ORIENTED_EDGE('',*,*,#1395,.T.);
#1410 = ORIENTED_EDGE('',*,*,#1411,.T.);
#1411 = EDGE_CURVE('',#1388,#1356,#1412,.T.);
#1412 = LINE('',#1413,#1414);
#1413 = CARTESIAN_POINT('',(8.500000635595,6.128146333276,9.564354624038
    ));
#1414 = VECTOR('',#1415,1.);
#1415 = DIRECTION('',(0.866025416737,-4.966877298339E-02,-0.497526874205
    ));
#1416 = ORIENTED_EDGE('',*,*,#1355,.F.);
#1417 = PLANE('',#1418);
#1418 = AXIS2_PLACEMENT_3D('',#1419,#1420,#1421);
#1419 = CARTESIAN_POINT('',(8.500000610412,7.620727018528,9.415348255));
#1420 = DIRECTION('',(0.499999977566,8.602887691421E-02,0.861741872472)
  );
#1421 = DIRECTION('',(0.866025416737,-4.966877298339E-02,-0.497526874205
    ));
#1422 = ADVANCED_FACE('',(#1423),#1429,.T.);
#1423 = FACE_BOUND('',#1424,.T.);
#1424 = EDGE_LOOP('',(#1425,#1426,#1427,#1428));
#1425 = ORIENTED_EDGE('',*,*,#1267,.T.);
#1426 = ORIENTED_EDGE('',*,*,#1291,.T.);
#1427 = ORIENTED_EDGE('',*,*,#1315,.T.);
#1428 = ORIENTED_EDGE('',*,*,#1339,.T.);
#1429 = PLANE('',#1430);
#1430 = AXIS2_PLACEMENT_3D('',#1431,#1432,#1433);
#1431 = CARTESIAN_POINT('',(8.344725260781,5.956088595732,7.840870899453
    ));
#1432 = DIRECTION('',(-1.678837887E-08,0.995053790168,
    -9.933757935845E-02));
#1433 = DIRECTION('',(0.,9.933757935845E-02,0.995053790168));
#1434 = ADVANCED_FACE('',(#1435),#1440,.T.);
#1435 = FACE_BOUND('',#1436,.T.);
#1436 = EDGE_LOOP('',(#1437,#1438,#1439));
#1437 = ORIENTED_EDGE('',*,*,#1363,.T.);
#1438 = ORIENTED_EDGE('',*,*,#1387,.T.);
#1439 = ORIENTED_EDGE('',*,*,#1411,.T.);
#1440 = PLANE('',#1441);
#1441 = AXIS2_PLACEMENT_3D('',#1442,#1443,#1444);
#1442 = CARTESIAN_POINT('',(8.344725260781,5.956088595732,7.840870899453
    ));
#1443 = DIRECTION('',(-1.678837887E-08,0.995053790168,
    -9.933757935845E-02));
#1444 = DIRECTION('',(0.,9.933757935845E-02,0.995053790168));
#1445 = ADVANCED_FACE('',(#1446),#1474,.T.);
#1446 = FACE_BOUND('',#1447,.T.);
#1447 = EDGE_LOOP('',(#1448,#1449,#1456,#1465,#1472,#1473));
#1448 = ORIENTED_EDGE('',*,*,#60,.F.);
#1449 = ORIENTED_EDGE('',*,*,#1450,.T.);
#1450 = EDGE_CURVE('',#24,#1451,#1453,.T.);
#1451 = VERTEX_POINT('',#1452);
#1452 = CARTESIAN_POINT('',(9.,0.,6.252832774126));
#1453 = B_SPLINE_CURVE_WITH_KNOTS('',1,(#1454,#1455),.UNSPECIFIED.,.F.,
  .F.,(2,2),(3.057272464412,8.370262869645),.PIECEWISE_BEZIER_KNOTS.);
#1454 = CARTESIAN_POINT('',(9.,5.312990405233,6.252832774126));
#1455 = CARTESIAN_POINT('',(9.,0.,6.252832774126));
#1456 = ORIENTED_EDGE('',*,*,#1457,.F.);
#1457 = EDGE_CURVE('',#1458,#1451,#1460,.T.);
#1458 = VERTEX_POINT('',#1459);
#1459 = CARTESIAN_POINT('',(9.,0.,11.672832774126));
#1460 = CIRCLE('',#1461,2.71);
#1461 = AXIS2_PLACEMENT_3D('',#1462,#1463,#1464);
#1462 = CARTESIAN_POINT('',(9.,0.,8.962832774126));
#1463 = DIRECTION('',(0.,-1.,0.));
#1464 = DIRECTION('',(0.,0.,-1.));
#1465 = ORIENTED_EDGE('',*,*,#1466,.F.);
#1466 = EDGE_CURVE('',#1451,#1458,#1467,.T.);
#1467 = CIRCLE('',#1468,2.71);
#1468 = AXIS2_PLACEMENT_3D('',#1469,#1470,#1471);
#1469 = CARTESIAN_POINT('',(9.,0.,8.962832774126));
#1470 = DIRECTION('',(0.,-1.,0.));
#1471 = DIRECTION('',(0.,0.,-1.));
#1472 = ORIENTED_EDGE('',*,*,#1450,.F.);
#1473 = ORIENTED_EDGE('',*,*,#21,.F.);
#1474 = CYLINDRICAL_SURFACE('',#1475,2.71);
#1475 = AXIS2_PLACEMENT_3D('',#1476,#1477,#1478);
#1476 = CARTESIAN_POINT('',(9.,8.370262869645,8.962832774126));
#1477 = DIRECTION('',(0.,-1.,0.));
#1478 = DIRECTION('',(0.,0.,-1.));
#1479 = ADVANCED_FACE('',(#1480,#1578),#1582,.T.);
#1480 = FACE_BOUND('',#1481,.T.);
#1481 = EDGE_LOOP('',(#1482,#1492,#1500,#1508,#1516,#1524,#1532,#1540,
    #1548,#1556,#1564,#1572));
#1482 = ORIENTED_EDGE('',*,*,#1483,.F.);
#1483 = EDGE_CURVE('',#1484,#1486,#1488,.T.);
#1484 = VERTEX_POINT('',#1485);
#1485 = CARTESIAN_POINT('',(11.5,0.,9.562832774126));
#1486 = VERTEX_POINT('',#1487);
#1487 = CARTESIAN_POINT('',(9.6,0.,9.562832774126));
#1488 = LINE('',#1489,#1490);
#1489 = CARTESIAN_POINT('',(9.6,0.,9.562832774126));
#1490 = VECTOR('',#1491,1.);
#1491 = DIRECTION('',(-1.,-0.,-0.));
#1492 = ORIENTED_EDGE('',*,*,#1493,.T.);
#1493 = EDGE_CURVE('',#1484,#1494,#1496,.T.);
#1494 = VERTEX_POINT('',#1495);
#1495 = CARTESIAN_POINT('',(11.5,0.,8.362832774126));
#1496 = LINE('',#1497,#1498);
#1497 = CARTESIAN_POINT('',(11.5,0.,8.362832774126));
#1498 = VECTOR('',#1499,1.);
#1499 = DIRECTION('',(0.,0.,-1.));
#1500 = ORIENTED_EDGE('',*,*,#1501,.F.);
#1501 = EDGE_CURVE('',#1502,#1494,#1504,.T.);
#1502 = VERTEX_POINT('',#1503);
#1503 = CARTESIAN_POINT('',(9.6,0.,8.362832774126));
#1504 = LINE('',#1505,#1506);
#1505 = CARTESIAN_POINT('',(9.6,0.,8.362832774126));
#1506 = VECTOR('',#1507,1.);
#1507 = DIRECTION('',(1.,0.,0.));
#1508 = ORIENTED_EDGE('',*,*,#1509,.F.);
#1509 = EDGE_CURVE('',#1510,#1502,#1512,.T.);
#1510 = VERTEX_POINT('',#1511);
#1511 = CARTESIAN_POINT('',(9.6,0.,6.462832774126));
#1512 = LINE('',#1513,#1514);
#1513 = CARTESIAN_POINT('',(9.6,0.,6.962832774126));
#1514 = VECTOR('',#1515,1.);
#1515 = DIRECTION('',(0.,0.,1.));
#1516 = ORIENTED_EDGE('',*,*,#1517,.T.);
#1517 = EDGE_CURVE('',#1510,#1518,#1520,.T.);
#1518 = VERTEX_POINT('',#1519);
#1519 = CARTESIAN_POINT('',(8.4,0.,6.462832774126));
#1520 = LINE('',#1521,#1522);
#1521 = CARTESIAN_POINT('',(8.4,0.,6.462832774126));
#1522 = VECTOR('',#1523,1.);
#1523 = DIRECTION('',(-1.,0.,0.));
#1524 = ORIENTED_EDGE('',*,*,#1525,.F.);
#1525 = EDGE_CURVE('',#1526,#1518,#1528,.T.);
#1526 = VERTEX_POINT('',#1527);
#1527 = CARTESIAN_POINT('',(8.4,0.,8.362832774126));
#1528 = LINE('',#1529,#1530);
#1529 = CARTESIAN_POINT('',(8.4,0.,6.962832774126));
#1530 = VECTOR('',#1531,1.);
#1531 = DIRECTION('',(-0.,-0.,-1.));
#1532 = ORIENTED_EDGE('',*,*,#1533,.F.);
#1533 = EDGE_CURVE('',#1534,#1526,#1536,.T.);
#1534 = VERTEX_POINT('',#1535);
#1535 = CARTESIAN_POINT('',(6.5,0.,8.362832774126));
#1536 = LINE('',#1537,#1538);
#1537 = CARTESIAN_POINT('',(7.,0.,8.362832774126));
#1538 = VECTOR('',#1539,1.);
#1539 = DIRECTION('',(1.,0.,0.));
#1540 = ORIENTED_EDGE('',*,*,#1541,.T.);
#1541 = EDGE_CURVE('',#1534,#1542,#1544,.T.);
#1542 = VERTEX_POINT('',#1543);
#1543 = CARTESIAN_POINT('',(6.5,0.,9.562832774126));
#1544 = LINE('',#1545,#1546);
#1545 = CARTESIAN_POINT('',(6.5,0.,9.562832774126));
#1546 = VECTOR('',#1547,1.);
#1547 = DIRECTION('',(0.,0.,1.));
#1548 = ORIENTED_EDGE('',*,*,#1549,.F.);
#1549 = EDGE_CURVE('',#1550,#1542,#1552,.T.);
#1550 = VERTEX_POINT('',#1551);
#1551 = CARTESIAN_POINT('',(8.4,0.,9.562832774126));
#1552 = LINE('',#1553,#1554);
#1553 = CARTESIAN_POINT('',(7.,0.,9.562832774126));
#1554 = VECTOR('',#1555,1.);
#1555 = DIRECTION('',(-1.,-0.,-0.));
#1556 = ORIENTED_EDGE('',*,*,#1557,.F.);
#1557 = EDGE_CURVE('',#1558,#1550,#1560,.T.);
#1558 = VERTEX_POINT('',#1559);
#1559 = CARTESIAN_POINT('',(8.4,0.,11.462832774126));
#1560 = LINE('',#1561,#1562);
#1561 = CARTESIAN_POINT('',(8.4,0.,9.562832774126));
#1562 = VECTOR('',#1563,1.);
#1563 = DIRECTION('',(-0.,-0.,-1.));
#1564 = ORIENTED_EDGE('',*,*,#1565,.T.);
#1565 = EDGE_CURVE('',#1558,#1566,#1568,.T.);
#1566 = VERTEX_POINT('',#1567);
#1567 = CARTESIAN_POINT('',(9.6,0.,11.462832774126));
#1568 = LINE('',#1569,#1570);
#1569 = CARTESIAN_POINT('',(9.6,0.,11.462832774126));
#1570 = VECTOR('',#1571,1.);
#1571 = DIRECTION('',(1.,0.,0.));
#1572 = ORIENTED_EDGE('',*,*,#1573,.F.);
#1573 = EDGE_CURVE('',#1486,#1566,#1574,.T.);
#1574 = LINE('',#1575,#1576);
#1575 = CARTESIAN_POINT('',(9.6,0.,9.562832774126));
#1576 = VECTOR('',#1577,1.);
#1577 = DIRECTION('',(0.,0.,1.));
#1578 = FACE_BOUND('',#1579,.T.);
#1579 = EDGE_LOOP('',(#1580,#1581));
#1580 = ORIENTED_EDGE('',*,*,#1466,.T.);
#1581 = ORIENTED_EDGE('',*,*,#1457,.T.);
#1582 = PLANE('',#1583);
#1583 = AXIS2_PLACEMENT_3D('',#1584,#1585,#1586);
#1584 = CARTESIAN_POINT('',(9.,0.,8.962832774126));
#1585 = DIRECTION('',(0.,-1.,0.));
#1586 = DIRECTION('',(0.,0.,-1.));
#1587 = ADVANCED_FACE('',(#1588),#1622,.F.);
#1588 = FACE_BOUND('',#1589,.T.);
#1589 = EDGE_LOOP('',(#1590,#1598,#1607,#1615,#1621));
#1590 = ORIENTED_EDGE('',*,*,#1591,.F.);
#1591 = EDGE_CURVE('',#1592,#1486,#1594,.T.);
#1592 = VERTEX_POINT('',#1593);
#1593 = CARTESIAN_POINT('',(9.6,5.65662170669,9.562832774126));
#1594 = LINE('',#1595,#1596);
#1595 = CARTESIAN_POINT('',(9.6,8.370262869645,9.562832774126));
#1596 = VECTOR('',#1597,1.);
#1597 = DIRECTION('',(0.,-1.,0.));
#1598 = ORIENTED_EDGE('',*,*,#1599,.T.);
#1599 = EDGE_CURVE('',#1592,#1600,#1602,.T.);
#1600 = VERTEX_POINT('',#1601);
#1601 = CARTESIAN_POINT('',(11.,5.71659468704,9.562832774126));
#1602 = B_SPLINE_CURVE_WITH_KNOTS('',3,(#1603,#1604,#1605,#1606),
  .UNSPECIFIED.,.F.,.F.,(4,4),(0.,1.401283967785E-03),
  .PIECEWISE_BEZIER_KNOTS.);
#1603 = CARTESIAN_POINT('',(9.6,5.65662170669,9.562832774126));
#1604 = CARTESIAN_POINT('',(10.067126492505,5.665878596707,
    9.562832774126));
#1605 = CARTESIAN_POINT('',(10.533791802031,5.685901271051,
    9.562832774126));
#1606 = CARTESIAN_POINT('',(11.,5.71659468704,9.562832774126));
#1607 = ORIENTED_EDGE('',*,*,#1608,.T.);
#1608 = EDGE_CURVE('',#1600,#1609,#1611,.T.);
#1609 = VERTEX_POINT('',#1610);
#1610 = CARTESIAN_POINT('',(11.,0.5,9.562832774126));
#1611 = LINE('',#1612,#1613);
#1612 = CARTESIAN_POINT('',(11.,8.370262869645,9.562832774126));
#1613 = VECTOR('',#1614,1.);
#1614 = DIRECTION('',(0.,-1.,0.));
#1615 = ORIENTED_EDGE('',*,*,#1616,.T.);
#1616 = EDGE_CURVE('',#1609,#1484,#1617,.T.);
#1617 = LINE('',#1618,#1619);
#1618 = CARTESIAN_POINT('',(6.364868565177,5.135131434823,9.562832774126
    ));
#1619 = VECTOR('',#1620,1.);
#1620 = DIRECTION('',(0.707106781187,-0.707106781187,0.));
#1621 = ORIENTED_EDGE('',*,*,#1483,.T.);
#1622 = PLANE('',#1623);
#1623 = AXIS2_PLACEMENT_3D('',#1624,#1625,#1626);
#1624 = CARTESIAN_POINT('',(9.6,8.370262869645,9.562832774126));
#1625 = DIRECTION('',(0.,0.,1.));
#1626 = DIRECTION('',(1.,0.,0.));
#1627 = ADVANCED_FACE('',(#1628),#1646,.T.);
#1628 = FACE_BOUND('',#1629,.T.);
#1629 = EDGE_LOOP('',(#1630,#1638,#1639,#1640));
#1630 = ORIENTED_EDGE('',*,*,#1631,.F.);
#1631 = EDGE_CURVE('',#1494,#1632,#1634,.T.);
#1632 = VERTEX_POINT('',#1633);
#1633 = CARTESIAN_POINT('',(11.,0.5,8.362832774126));
#1634 = LINE('',#1635,#1636);
#1635 = CARTESIAN_POINT('',(6.364868565177,5.135131434823,8.362832774126
    ));
#1636 = VECTOR('',#1637,1.);
#1637 = DIRECTION('',(-0.707106781187,0.707106781187,0.));
#1638 = ORIENTED_EDGE('',*,*,#1493,.F.);
#1639 = ORIENTED_EDGE('',*,*,#1616,.F.);
#1640 = ORIENTED_EDGE('',*,*,#1641,.F.);
#1641 = EDGE_CURVE('',#1632,#1609,#1642,.T.);
#1642 = LINE('',#1643,#1644);
#1643 = CARTESIAN_POINT('',(11.,0.5,9.562832774126));
#1644 = VECTOR('',#1645,1.);
#1645 = DIRECTION('',(0.,0.,1.));
#1646 = PLANE('',#1647);
#1647 = AXIS2_PLACEMENT_3D('',#1648,#1649,#1650);
#1648 = CARTESIAN_POINT('',(11.,0.5,8.362832774126));
#1649 = DIRECTION('',(-0.707106781187,-0.707106781187,-0.));
#1650 = DIRECTION('',(0.,0.,-1.));
#1651 = ADVANCED_FACE('',(#1652),#1679,.F.);
#1652 = FACE_BOUND('',#1653,.T.);
#1653 = EDGE_LOOP('',(#1654,#1662,#1671,#1677,#1678));
#1654 = ORIENTED_EDGE('',*,*,#1655,.F.);
#1655 = EDGE_CURVE('',#1656,#1632,#1658,.T.);
#1656 = VERTEX_POINT('',#1657);
#1657 = CARTESIAN_POINT('',(11.,5.594402251034,8.362832774126));
#1658 = LINE('',#1659,#1660);
#1659 = CARTESIAN_POINT('',(11.,8.370262869645,8.362832774126));
#1660 = VECTOR('',#1661,1.);
#1661 = DIRECTION('',(0.,-1.,0.));
#1662 = ORIENTED_EDGE('',*,*,#1663,.T.);
#1663 = EDGE_CURVE('',#1656,#1664,#1666,.T.);
#1664 = VERTEX_POINT('',#1665);
#1665 = CARTESIAN_POINT('',(9.6,5.53422021422,8.362832774126));
#1666 = B_SPLINE_CURVE_WITH_KNOTS('',3,(#1667,#1668,#1669,#1670),
  .UNSPECIFIED.,.F.,.F.,(4,4),(0.,1.401292930673E-03),
  .PIECEWISE_BEZIER_KNOTS.);
#1667 = CARTESIAN_POINT('',(11.,5.594402251034,8.362832774126));
#1668 = CARTESIAN_POINT('',(10.53379499604,5.563602025492,8.362832774126
    ));
#1669 = CARTESIAN_POINT('',(10.067129699544,5.5435094726,8.362832774126)
  );
#1670 = CARTESIAN_POINT('',(9.6,5.53422021422,8.362832774126));
#1671 = ORIENTED_EDGE('',*,*,#1672,.T.);
#1672 = EDGE_CURVE('',#1664,#1502,#1673,.T.);
#1673 = LINE('',#1674,#1675);
#1674 = CARTESIAN_POINT('',(9.6,8.370262869645,8.362832774126));
#1675 = VECTOR('',#1676,1.);
#1676 = DIRECTION('',(0.,-1.,0.));
#1677 = ORIENTED_EDGE('',*,*,#1501,.T.);
#1678 = ORIENTED_EDGE('',*,*,#1631,.T.);
#1679 = PLANE('',#1680);
#1680 = AXIS2_PLACEMENT_3D('',#1681,#1682,#1683);
#1681 = CARTESIAN_POINT('',(9.6,8.370262869645,8.362832774126));
#1682 = DIRECTION('',(0.,0.,-1.));
#1683 = DIRECTION('',(-1.,0.,0.));
#1684 = ADVANCED_FACE('',(#1685),#1712,.F.);
#1685 = FACE_BOUND('',#1686,.T.);
#1686 = EDGE_LOOP('',(#1687,#1688,#1697,#1705,#1711));
#1687 = ORIENTED_EDGE('',*,*,#1672,.F.);
#1688 = ORIENTED_EDGE('',*,*,#1689,.T.);
#1689 = EDGE_CURVE('',#1664,#1690,#1692,.T.);
#1690 = VERTEX_POINT('',#1691);
#1691 = CARTESIAN_POINT('',(9.6,5.391418459125,6.962832774126));
#1692 = B_SPLINE_CURVE_WITH_KNOTS('',3,(#1693,#1694,#1695,#1696),
  .UNSPECIFIED.,.F.,.F.,(4,4),(0.,1.407264133437E-03),
  .PIECEWISE_BEZIER_KNOTS.);
#1693 = CARTESIAN_POINT('',(9.6,5.53422021422,8.362832774126));
#1694 = CARTESIAN_POINT('',(9.6,5.486619631654,7.896166107208));
#1695 = CARTESIAN_POINT('',(9.6,5.439019046621,7.429499440542));
#1696 = CARTESIAN_POINT('',(9.6,5.391418459125,6.962832774126));
#1697 = ORIENTED_EDGE('',*,*,#1698,.T.);
#1698 = EDGE_CURVE('',#1690,#1699,#1701,.T.);
#1699 = VERTEX_POINT('',#1700);
#1700 = CARTESIAN_POINT('',(9.6,0.5,6.962832774126));
#1701 = LINE('',#1702,#1703);
#1702 = CARTESIAN_POINT('',(9.6,8.370262869645,6.962832774126));
#1703 = VECTOR('',#1704,1.);
#1704 = DIRECTION('',(0.,-1.,0.));
#1705 = ORIENTED_EDGE('',*,*,#1706,.T.);
#1706 = EDGE_CURVE('',#1699,#1510,#1707,.T.);
#1707 = LINE('',#1708,#1709);
#1708 = CARTESIAN_POINT('',(9.6,4.435131434823,10.897964208949));
#1709 = VECTOR('',#1710,1.);
#1710 = DIRECTION('',(0.,-0.707106781187,-0.707106781187));
#1711 = ORIENTED_EDGE('',*,*,#1509,.T.);
#1712 = PLANE('',#1713);
#1713 = AXIS2_PLACEMENT_3D('',#1714,#1715,#1716);
#1714 = CARTESIAN_POINT('',(9.6,8.370262869645,6.962832774126));
#1715 = DIRECTION('',(1.,0.,0.));
#1716 = DIRECTION('',(0.,0.,-1.));
#1717 = ADVANCED_FACE('',(#1718),#1736,.T.);
#1718 = FACE_BOUND('',#1719,.T.);
#1719 = EDGE_LOOP('',(#1720,#1728,#1729,#1730));
#1720 = ORIENTED_EDGE('',*,*,#1721,.F.);
#1721 = EDGE_CURVE('',#1518,#1722,#1724,.T.);
#1722 = VERTEX_POINT('',#1723);
#1723 = CARTESIAN_POINT('',(8.4,0.5,6.962832774126));
#1724 = LINE('',#1725,#1726);
#1725 = CARTESIAN_POINT('',(8.4,4.435131434823,10.897964208949));
#1726 = VECTOR('',#1727,1.);
#1727 = DIRECTION('',(0.,0.707106781187,0.707106781187));
#1728 = ORIENTED_EDGE('',*,*,#1517,.F.);
#1729 = ORIENTED_EDGE('',*,*,#1706,.F.);
#1730 = ORIENTED_EDGE('',*,*,#1731,.F.);
#1731 = EDGE_CURVE('',#1722,#1699,#1732,.T.);
#1732 = LINE('',#1733,#1734);
#1733 = CARTESIAN_POINT('',(9.6,0.5,6.962832774126));
#1734 = VECTOR('',#1735,1.);
#1735 = DIRECTION('',(1.,0.,0.));
#1736 = PLANE('',#1737);
#1737 = AXIS2_PLACEMENT_3D('',#1738,#1739,#1740);
#1738 = CARTESIAN_POINT('',(8.4,0.5,6.962832774126));
#1739 = DIRECTION('',(0.,-0.707106781187,0.707106781187));
#1740 = DIRECTION('',(-1.,0.,0.));
#1741 = ADVANCED_FACE('',(#1742),#1769,.F.);
#1742 = FACE_BOUND('',#1743,.T.);
#1743 = EDGE_LOOP('',(#1744,#1752,#1761,#1767,#1768));
#1744 = ORIENTED_EDGE('',*,*,#1745,.F.);
#1745 = EDGE_CURVE('',#1746,#1722,#1748,.T.);
#1746 = VERTEX_POINT('',#1747);
#1747 = CARTESIAN_POINT('',(8.4,5.391418459125,6.962832774126));
#1748 = LINE('',#1749,#1750);
#1749 = CARTESIAN_POINT('',(8.4,8.370262869645,6.962832774126));
#1750 = VECTOR('',#1751,1.);
#1751 = DIRECTION('',(0.,-1.,0.));
#1752 = ORIENTED_EDGE('',*,*,#1753,.T.);
#1753 = EDGE_CURVE('',#1746,#1754,#1756,.T.);
#1754 = VERTEX_POINT('',#1755);
#1755 = CARTESIAN_POINT('',(8.4,5.534220214221,8.362832774126));
#1756 = B_SPLINE_CURVE_WITH_KNOTS('',3,(#1757,#1758,#1759,#1760),
  .UNSPECIFIED.,.F.,.F.,(4,4),(0.,1.407264133437E-03),
  .PIECEWISE_BEZIER_KNOTS.);
#1757 = CARTESIAN_POINT('',(8.4,5.391418459125,6.962832774126));
#1758 = CARTESIAN_POINT('',(8.4,5.439019046621,7.429499440542));
#1759 = CARTESIAN_POINT('',(8.4,5.486619631654,7.896166107208));
#1760 = CARTESIAN_POINT('',(8.4,5.534220214221,8.362832774126));
#1761 = ORIENTED_EDGE('',*,*,#1762,.T.);
#1762 = EDGE_CURVE('',#1754,#1526,#1763,.T.);
#1763 = LINE('',#1764,#1765);
#1764 = CARTESIAN_POINT('',(8.4,8.370262869645,8.362832774126));
#1765 = VECTOR('',#1766,1.);
#1766 = DIRECTION('',(0.,-1.,0.));
#1767 = ORIENTED_EDGE('',*,*,#1525,.T.);
#1768 = ORIENTED_EDGE('',*,*,#1721,.T.);
#1769 = PLANE('',#1770);
#1770 = AXIS2_PLACEMENT_3D('',#1771,#1772,#1773);
#1771 = CARTESIAN_POINT('',(8.4,8.370262869645,6.962832774126));
#1772 = DIRECTION('',(-1.,0.,0.));
#1773 = DIRECTION('',(0.,0.,1.));
#1774 = ADVANCED_FACE('',(#1775),#1802,.F.);
#1775 = FACE_BOUND('',#1776,.T.);
#1776 = EDGE_LOOP('',(#1777,#1778,#1787,#1795,#1801));
#1777 = ORIENTED_EDGE('',*,*,#1762,.F.);
#1778 = ORIENTED_EDGE('',*,*,#1779,.T.);
#1779 = EDGE_CURVE('',#1754,#1780,#1782,.T.);
#1780 = VERTEX_POINT('',#1781);
#1781 = CARTESIAN_POINT('',(7.,5.594402251034,8.362832774126));
#1782 = B_SPLINE_CURVE_WITH_KNOTS('',3,(#1783,#1784,#1785,#1786),
  .UNSPECIFIED.,.F.,.F.,(4,4),(0.,1.401292930673E-03),
  .PIECEWISE_BEZIER_KNOTS.);
#1783 = CARTESIAN_POINT('',(8.4,5.534220214221,8.362832774126));
#1784 = CARTESIAN_POINT('',(7.932870300456,5.5435094726,8.362832774126)
  );
#1785 = CARTESIAN_POINT('',(7.46620500396,5.563602025492,8.362832774126)
  );
#1786 = CARTESIAN_POINT('',(7.,5.594402251034,8.362832774126));
#1787 = ORIENTED_EDGE('',*,*,#1788,.T.);
#1788 = EDGE_CURVE('',#1780,#1789,#1791,.T.);
#1789 = VERTEX_POINT('',#1790);
#1790 = CARTESIAN_POINT('',(7.,0.5,8.362832774126));
#1791 = LINE('',#1792,#1793);
#1792 = CARTESIAN_POINT('',(7.,8.370262869645,8.362832774126));
#1793 = VECTOR('',#1794,1.);
#1794 = DIRECTION('',(0.,-1.,0.));
#1795 = ORIENTED_EDGE('',*,*,#1796,.T.);
#1796 = EDGE_CURVE('',#1789,#1534,#1797,.T.);
#1797 = LINE('',#1798,#1799);
#1798 = CARTESIAN_POINT('',(10.935131434823,4.435131434823,
    8.362832774126));
#1799 = VECTOR('',#1800,1.);
#1800 = DIRECTION('',(-0.707106781187,-0.707106781187,0.));
#1801 = ORIENTED_EDGE('',*,*,#1533,.T.);
#1802 = PLANE('',#1803);
#1803 = AXIS2_PLACEMENT_3D('',#1804,#1805,#1806);
#1804 = CARTESIAN_POINT('',(7.,8.370262869645,8.362832774126));
#1805 = DIRECTION('',(0.,0.,-1.));
#1806 = DIRECTION('',(-1.,0.,0.));
#1807 = ADVANCED_FACE('',(#1808),#1826,.T.);
#1808 = FACE_BOUND('',#1809,.T.);
#1809 = EDGE_LOOP('',(#1810,#1818,#1819,#1820));
#1810 = ORIENTED_EDGE('',*,*,#1811,.F.);
#1811 = EDGE_CURVE('',#1542,#1812,#1814,.T.);
#1812 = VERTEX_POINT('',#1813);
#1813 = CARTESIAN_POINT('',(7.,0.5,9.562832774126));
#1814 = LINE('',#1815,#1816);
#1815 = CARTESIAN_POINT('',(10.935131434823,4.435131434823,
    9.562832774126));
#1816 = VECTOR('',#1817,1.);
#1817 = DIRECTION('',(0.707106781187,0.707106781187,0.));
#1818 = ORIENTED_EDGE('',*,*,#1541,.F.);
#1819 = ORIENTED_EDGE('',*,*,#1796,.F.);
#1820 = ORIENTED_EDGE('',*,*,#1821,.F.);
#1821 = EDGE_CURVE('',#1812,#1789,#1822,.T.);
#1822 = LINE('',#1823,#1824);
#1823 = CARTESIAN_POINT('',(7.,0.5,8.362832774126));
#1824 = VECTOR('',#1825,1.);
#1825 = DIRECTION('',(0.,0.,-1.));
#1826 = PLANE('',#1827);
#1827 = AXIS2_PLACEMENT_3D('',#1828,#1829,#1830);
#1828 = CARTESIAN_POINT('',(7.,0.5,8.362832774126));
#1829 = DIRECTION('',(0.707106781187,-0.707106781187,0.));
#1830 = DIRECTION('',(0.,0.,1.));
#1831 = ADVANCED_FACE('',(#1832),#1859,.F.);
#1832 = FACE_BOUND('',#1833,.T.);
#1833 = EDGE_LOOP('',(#1834,#1842,#1851,#1857,#1858));
#1834 = ORIENTED_EDGE('',*,*,#1835,.F.);
#1835 = EDGE_CURVE('',#1836,#1812,#1838,.T.);
#1836 = VERTEX_POINT('',#1837);
#1837 = CARTESIAN_POINT('',(7.,5.71659468704,9.562832774126));
#1838 = LINE('',#1839,#1840);
#1839 = CARTESIAN_POINT('',(7.,8.370262869645,9.562832774126));
#1840 = VECTOR('',#1841,1.);
#1841 = DIRECTION('',(0.,-1.,0.));
#1842 = ORIENTED_EDGE('',*,*,#1843,.T.);
#1843 = EDGE_CURVE('',#1836,#1844,#1846,.T.);
#1844 = VERTEX_POINT('',#1845);
#1845 = CARTESIAN_POINT('',(8.4,5.65662170669,9.562832774126));
#1846 = B_SPLINE_CURVE_WITH_KNOTS('',3,(#1847,#1848,#1849,#1850),
  .UNSPECIFIED.,.F.,.F.,(4,4),(0.,1.401283967785E-03),
  .PIECEWISE_BEZIER_KNOTS.);
#1847 = CARTESIAN_POINT('',(7.,5.71659468704,9.562832774126));
#1848 = CARTESIAN_POINT('',(7.466208197969,5.685901271051,9.562832774126
    ));
#1849 = CARTESIAN_POINT('',(7.932873507495,5.665878596707,9.562832774126
    ));
#1850 = CARTESIAN_POINT('',(8.4,5.65662170669,9.562832774126));
#1851 = ORIENTED_EDGE('',*,*,#1852,.T.);
#1852 = EDGE_CURVE('',#1844,#1550,#1853,.T.);
#1853 = LINE('',#1854,#1855);
#1854 = CARTESIAN_POINT('',(8.4,8.370262869645,9.562832774126));
#1855 = VECTOR('',#1856,1.);
#1856 = DIRECTION('',(0.,-1.,0.));
#1857 = ORIENTED_EDGE('',*,*,#1549,.T.);
#1858 = ORIENTED_EDGE('',*,*,#1811,.T.);
#1859 = PLANE('',#1860);
#1860 = AXIS2_PLACEMENT_3D('',#1861,#1862,#1863);
#1861 = CARTESIAN_POINT('',(7.,8.370262869645,9.562832774126));
#1862 = DIRECTION('',(0.,0.,1.));
#1863 = DIRECTION('',(1.,0.,0.));
#1864 = ADVANCED_FACE('',(#1865),#1892,.F.);
#1865 = FACE_BOUND('',#1866,.T.);
#1866 = EDGE_LOOP('',(#1867,#1868,#1877,#1885,#1891));
#1867 = ORIENTED_EDGE('',*,*,#1852,.F.);
#1868 = ORIENTED_EDGE('',*,*,#1869,.T.);
#1869 = EDGE_CURVE('',#1844,#1870,#1872,.T.);
#1870 = VERTEX_POINT('',#1871);
#1871 = CARTESIAN_POINT('',(8.4,5.79942343401,10.962832774126));
#1872 = B_SPLINE_CURVE_WITH_KNOTS('',3,(#1873,#1874,#1875,#1876),
  .UNSPECIFIED.,.F.,.F.,(4,4),(0.,1.407264130619E-03),
  .PIECEWISE_BEZIER_KNOTS.);
#1873 = CARTESIAN_POINT('',(8.4,5.65662170669,9.562832774126));
#1874 = CARTESIAN_POINT('',(8.4,5.704222284932,10.029499440541));
#1875 = CARTESIAN_POINT('',(8.4,5.751822860706,10.496166107208));
#1876 = CARTESIAN_POINT('',(8.4,5.79942343401,10.962832774126));
#1877 = ORIENTED_EDGE('',*,*,#1878,.T.);
#1878 = EDGE_CURVE('',#1870,#1879,#1881,.T.);
#1879 = VERTEX_POINT('',#1880);
#1880 = CARTESIAN_POINT('',(8.4,0.5,10.962832774126));
#1881 = LINE('',#1882,#1883);
#1882 = CARTESIAN_POINT('',(8.4,8.370262869645,10.962832774126));
#1883 = VECTOR('',#1884,1.);
#1884 = DIRECTION('',(0.,-1.,0.));
#1885 = ORIENTED_EDGE('',*,*,#1886,.T.);
#1886 = EDGE_CURVE('',#1879,#1558,#1887,.T.);
#1887 = LINE('',#1888,#1889);
#1888 = CARTESIAN_POINT('',(8.4,5.135131434823,6.327701339304));
#1889 = VECTOR('',#1890,1.);
#1890 = DIRECTION('',(0.,-0.707106781187,0.707106781187));
#1891 = ORIENTED_EDGE('',*,*,#1557,.T.);
#1892 = PLANE('',#1893);
#1893 = AXIS2_PLACEMENT_3D('',#1894,#1895,#1896);
#1894 = CARTESIAN_POINT('',(8.4,8.370262869645,9.562832774126));
#1895 = DIRECTION('',(-1.,0.,0.));
#1896 = DIRECTION('',(0.,0.,1.));
#1897 = ADVANCED_FACE('',(#1898),#1916,.T.);
#1898 = FACE_BOUND('',#1899,.T.);
#1899 = EDGE_LOOP('',(#1900,#1908,#1909,#1910));
#1900 = ORIENTED_EDGE('',*,*,#1901,.F.);
#1901 = EDGE_CURVE('',#1566,#1902,#1904,.T.);
#1902 = VERTEX_POINT('',#1903);
#1903 = CARTESIAN_POINT('',(9.6,0.5,10.962832774126));
#1904 = LINE('',#1905,#1906);
#1905 = CARTESIAN_POINT('',(9.6,5.135131434823,6.327701339304));
#1906 = VECTOR('',#1907,1.);
#1907 = DIRECTION('',(0.,0.707106781187,-0.707106781187));
#1908 = ORIENTED_EDGE('',*,*,#1565,.F.);
#1909 = ORIENTED_EDGE('',*,*,#1886,.F.);
#1910 = ORIENTED_EDGE('',*,*,#1911,.F.);
#1911 = EDGE_CURVE('',#1902,#1879,#1912,.T.);
#1912 = LINE('',#1913,#1914);
#1913 = CARTESIAN_POINT('',(8.4,0.5,10.962832774126));
#1914 = VECTOR('',#1915,1.);
#1915 = DIRECTION('',(-1.,0.,0.));
#1916 = PLANE('',#1917);
#1917 = AXIS2_PLACEMENT_3D('',#1918,#1919,#1920);
#1918 = CARTESIAN_POINT('',(8.4,0.5,10.962832774126));
#1919 = DIRECTION('',(0.,-0.707106781187,-0.707106781187));
#1920 = DIRECTION('',(1.,0.,0.));
#1921 = ADVANCED_FACE('',(#1922),#1942,.F.);
#1922 = FACE_BOUND('',#1923,.T.);
#1923 = EDGE_LOOP('',(#1924,#1932,#1939,#1940,#1941));
#1924 = ORIENTED_EDGE('',*,*,#1925,.F.);
#1925 = EDGE_CURVE('',#1926,#1902,#1928,.T.);
#1926 = VERTEX_POINT('',#1927);
#1927 = CARTESIAN_POINT('',(9.6,5.79942343401,10.962832774126));
#1928 = LINE('',#1929,#1930);
#1929 = CARTESIAN_POINT('',(9.6,8.370262869645,10.962832774126));
#1930 = VECTOR('',#1931,1.);
#1931 = DIRECTION('',(0.,-1.,0.));
#1932 = ORIENTED_EDGE('',*,*,#1933,.T.);
#1933 = EDGE_CURVE('',#1926,#1592,#1934,.T.);
#1934 = B_SPLINE_CURVE_WITH_KNOTS('',3,(#1935,#1936,#1937,#1938),
  .UNSPECIFIED.,.F.,.F.,(4,4),(0.,1.407264130619E-03),
  .PIECEWISE_BEZIER_KNOTS.);
#1935 = CARTESIAN_POINT('',(9.6,5.79942343401,10.962832774126));
#1936 = CARTESIAN_POINT('',(9.6,5.751822860706,10.496166107208));
#1937 = CARTESIAN_POINT('',(9.6,5.704222284932,10.029499440541));
#1938 = CARTESIAN_POINT('',(9.6,5.65662170669,9.562832774126));
#1939 = ORIENTED_EDGE('',*,*,#1591,.T.);
#1940 = ORIENTED_EDGE('',*,*,#1573,.T.);
#1941 = ORIENTED_EDGE('',*,*,#1901,.T.);
#1942 = PLANE('',#1943);
#1943 = AXIS2_PLACEMENT_3D('',#1944,#1945,#1946);
#1944 = CARTESIAN_POINT('',(9.6,8.370262869645,9.562832774126));
#1945 = DIRECTION('',(1.,0.,0.));
#1946 = DIRECTION('',(0.,0.,-1.));
#1947 = ADVANCED_FACE('',(#1948),#1986,.F.);
#1948 = FACE_BOUND('',#1949,.F.);
#1949 = EDGE_LOOP('',(#1950,#1951,#1952,#1959,#1960,#1961,#1968,#1969,
    #1970,#1977,#1978,#1979));
#1950 = ORIENTED_EDGE('',*,*,#1933,.T.);
#1951 = ORIENTED_EDGE('',*,*,#1599,.T.);
#1952 = ORIENTED_EDGE('',*,*,#1953,.T.);
#1953 = EDGE_CURVE('',#1600,#1656,#1954,.T.);
#1954 = B_SPLINE_CURVE_WITH_KNOTS('',3,(#1955,#1956,#1957,#1958),
  .UNSPECIFIED.,.F.,.F.,(4,4),(0.,1.206205202864E-03),
  .PIECEWISE_BEZIER_KNOTS.);
#1955 = CARTESIAN_POINT('',(11.,5.71659468704,9.562832774126));
#1956 = CARTESIAN_POINT('',(11.,5.675863894255,9.16283277217));
#1957 = CARTESIAN_POINT('',(11.,5.635133082249,8.76283277217));
#1958 = CARTESIAN_POINT('',(11.,5.594402251034,8.362832774126));
#1959 = ORIENTED_EDGE('',*,*,#1663,.T.);
#1960 = ORIENTED_EDGE('',*,*,#1689,.T.);
#1961 = ORIENTED_EDGE('',*,*,#1962,.T.);
#1962 = EDGE_CURVE('',#1690,#1746,#1963,.T.);
#1963 = B_SPLINE_CURVE_WITH_KNOTS('',3,(#1964,#1965,#1966,#1967),
  .UNSPECIFIED.,.F.,.F.,(4,4),(0.,1.2E-03),.PIECEWISE_BEZIER_KNOTS.);
#1964 = CARTESIAN_POINT('',(9.6,5.391418459125,6.962832774126));
#1965 = CARTESIAN_POINT('',(9.2,5.383431875624,6.962832774126));
#1966 = CARTESIAN_POINT('',(8.8,5.383431875624,6.962832774126));
#1967 = CARTESIAN_POINT('',(8.4,5.391418459125,6.962832774126));
#1968 = ORIENTED_EDGE('',*,*,#1753,.T.);
#1969 = ORIENTED_EDGE('',*,*,#1779,.T.);
#1970 = ORIENTED_EDGE('',*,*,#1971,.T.);
#1971 = EDGE_CURVE('',#1780,#1836,#1972,.T.);
#1972 = B_SPLINE_CURVE_WITH_KNOTS('',3,(#1973,#1974,#1975,#1976),
  .UNSPECIFIED.,.F.,.F.,(4,4),(0.,1.206205202864E-03),
  .PIECEWISE_BEZIER_KNOTS.);
#1973 = CARTESIAN_POINT('',(7.,5.594402251034,8.362832774126));
#1974 = CARTESIAN_POINT('',(7.,5.635133082249,8.76283277217));
#1975 = CARTESIAN_POINT('',(7.,5.675863894255,9.16283277217));
#1976 = CARTESIAN_POINT('',(7.,5.71659468704,9.562832774126));
#1977 = ORIENTED_EDGE('',*,*,#1843,.T.);
#1978 = ORIENTED_EDGE('',*,*,#1869,.T.);
#1979 = ORIENTED_EDGE('',*,*,#1980,.T.);
#1980 = EDGE_CURVE('',#1870,#1926,#1981,.T.);
#1981 = B_SPLINE_CURVE_WITH_KNOTS('',3,(#1982,#1983,#1984,#1985),
  .UNSPECIFIED.,.F.,.F.,(4,4),(0.,1.2E-03),.PIECEWISE_BEZIER_KNOTS.);
#1982 = CARTESIAN_POINT('',(8.4,5.79942343401,10.962832774126));
#1983 = CARTESIAN_POINT('',(8.8,5.791529058491,10.962832774126));
#1984 = CARTESIAN_POINT('',(9.2,5.791529058491,10.962832774126));
#1985 = CARTESIAN_POINT('',(9.6,5.79942343401,10.962832774126));
#1986 = B_SPLINE_SURFACE_WITH_KNOTS('',3,3,(
    (#1987,#1988,#1989,#1990)
    ,(#1991,#1992,#1993,#1994)
    ,(#1995,#1996,#1997,#1998)
    ,(#1999,#2000,#2001,#2002
    )),.UNSPECIFIED.,.F.,.F.,.F.,(4,4),(4,4),(0.349099255603,
    0.650900744397),(0.29847354172,0.564503460402),
  .PIECEWISE_BEZIER_KNOTS.);
#1987 = CARTESIAN_POINT('',(6.976544836955,5.86177380605,10.973385541623
    ));
#1988 = CARTESIAN_POINT('',(6.97608240456,5.724575839615,9.625659420013)
  );
#1989 = CARTESIAN_POINT('',(6.975620048008,5.587378013711,8.277933284088
    ));
#1990 = CARTESIAN_POINT('',(6.975157767609,5.450180328155,6.930207133867
    ));
#1991 = CARTESIAN_POINT('',(8.322102617391,5.77451333531,10.992983093262
    ));
#1992 = CARTESIAN_POINT('',(8.321928933174,5.636647965016,9.642540260162
    ));
#1993 = CARTESIAN_POINT('',(8.321755260842,5.498782551203,8.292097431457
    ));
#1994 = CARTESIAN_POINT('',(8.321581600047,5.360917093962,6.941654607138
    ));
#1995 = CARTESIAN_POINT('',(9.677897382609,5.77451333531,10.992983093262
    ));
#1996 = CARTESIAN_POINT('',(9.678071066826,5.636647965016,9.642540260162
    ));
#1997 = CARTESIAN_POINT('',(9.678244739158,5.498782551203,8.292097431457
    ));
#1998 = CARTESIAN_POINT('',(9.678418399953,5.360917093962,6.941654607138
    ));
#1999 = CARTESIAN_POINT('',(11.023455163045,5.86177380605,
    10.973385541623));
#2000 = CARTESIAN_POINT('',(11.02391759544,5.724575839615,9.625659420013
    ));
#2001 = CARTESIAN_POINT('',(11.024379951992,5.587378013711,
    8.277933284088));
#2002 = CARTESIAN_POINT('',(11.024842232391,5.450180328155,
    6.930207133867));
#2003 = ADVANCED_FACE('',(#2004),#2010,.F.);
#2004 = FACE_BOUND('',#2005,.T.);
#2005 = EDGE_LOOP('',(#2006,#2007,#2008,#2009));
#2006 = ORIENTED_EDGE('',*,*,#1655,.T.);
#2007 = ORIENTED_EDGE('',*,*,#1641,.T.);
#2008 = ORIENTED_EDGE('',*,*,#1608,.F.);
#2009 = ORIENTED_EDGE('',*,*,#1953,.T.);
#2010 = PLANE('',#2011);
#2011 = AXIS2_PLACEMENT_3D('',#2012,#2013,#2014);
#2012 = CARTESIAN_POINT('',(11.,8.370262869645,8.362832774126));
#2013 = DIRECTION('',(1.,0.,0.));
#2014 = DIRECTION('',(0.,0.,-1.));
#2015 = ADVANCED_FACE('',(#2016),#2022,.F.);
#2016 = FACE_BOUND('',#2017,.T.);
#2017 = EDGE_LOOP('',(#2018,#2019,#2020,#2021));
#2018 = ORIENTED_EDGE('',*,*,#1745,.T.);
#2019 = ORIENTED_EDGE('',*,*,#1731,.T.);
#2020 = ORIENTED_EDGE('',*,*,#1698,.F.);
#2021 = ORIENTED_EDGE('',*,*,#1962,.T.);
#2022 = PLANE('',#2023);
#2023 = AXIS2_PLACEMENT_3D('',#2024,#2025,#2026);
#2024 = CARTESIAN_POINT('',(8.4,8.370262869645,6.962832774126));
#2025 = DIRECTION('',(0.,0.,-1.));
#2026 = DIRECTION('',(-1.,0.,0.));
#2027 = ADVANCED_FACE('',(#2028),#2034,.F.);
#2028 = FACE_BOUND('',#2029,.T.);
#2029 = EDGE_LOOP('',(#2030,#2031,#2032,#2033));
#2030 = ORIENTED_EDGE('',*,*,#1835,.T.);
#2031 = ORIENTED_EDGE('',*,*,#1821,.T.);
#2032 = ORIENTED_EDGE('',*,*,#1788,.F.);
#2033 = ORIENTED_EDGE('',*,*,#1971,.T.);
#2034 = PLANE('',#2035);
#2035 = AXIS2_PLACEMENT_3D('',#2036,#2037,#2038);
#2036 = CARTESIAN_POINT('',(7.,8.370262869645,8.362832774126));
#2037 = DIRECTION('',(-1.,0.,0.));
#2038 = DIRECTION('',(0.,0.,1.));
#2039 = ADVANCED_FACE('',(#2040),#2046,.F.);
#2040 = FACE_BOUND('',#2041,.T.);
#2041 = EDGE_LOOP('',(#2042,#2043,#2044,#2045));
#2042 = ORIENTED_EDGE('',*,*,#1925,.T.);
#2043 = ORIENTED_EDGE('',*,*,#1911,.T.);
#2044 = ORIENTED_EDGE('',*,*,#1878,.F.);
#2045 = ORIENTED_EDGE('',*,*,#1980,.T.);
#2046 = PLANE('',#2047);
#2047 = AXIS2_PLACEMENT_3D('',#2048,#2049,#2050);
#2048 = CARTESIAN_POINT('',(8.4,8.370262869645,10.962832774126));
#2049 = DIRECTION('',(0.,0.,1.));
#2050 = DIRECTION('',(1.,0.,0.));
#2051 = ( GEOMETRIC_REPRESENTATION_CONTEXT(3) 
GLOBAL_UNCERTAINTY_ASSIGNED_CONTEXT((#2055)) 
GLOBAL_UNIT_ASSIGNED_CONTEXT((#2052,#2053,#2054)) REPRESENTATION_CONTEXT
('Context #1','3D Context with UNIT and UNCERTAINTY') );
#2052 = ( LENGTH_UNIT() NAMED_UNIT(*) SI_UNIT(.MILLI.,.METRE.) );
#2053 = ( NAMED_UNIT(*) PLANE_ANGLE_UNIT() SI_UNIT($,.RADIAN.) );
#2054 = ( NAMED_UNIT(*) SI_UNIT($,.STERADIAN.) SOLID_ANGLE_UNIT() );
#2055 = UNCERTAINTY_MEASURE_WITH_UNIT(LENGTH_MEASURE(1.E-04),#2052,
  'distance_accuracy_value','confusion accuracy');
#2056 = PRODUCT_RELATED_PRODUCT_CATEGORY('part',$,(#7));
#2057 = MECHANICAL_DESIGN_GEOMETRIC_PRESENTATION_REPRESENTATION('',(
    #2058),#2051);
#2058 = STYLED_ITEM('color',(#2059),#15);
#2059 = PRESENTATION_STYLE_ASSIGNMENT((#2060,#2066));
#2060 = SURFACE_STYLE_USAGE(.BOTH.,#2061);
#2061 = SURFACE_SIDE_STYLE('',(#2062));
#2062 = SURFACE_STYLE_FILL_AREA(#2063);
#2063 = FILL_AREA_STYLE('',(#2064));
#2064 = FILL_AREA_STYLE_COLOUR('',#2065);
#2065 = COLOUR_RGB('',0.800000010877,0.800000010877,0.901960800373);
#2066 = CURVE_STYLE('',#2067,POSITIVE_LENGTH_MEASURE(0.1),#2068);
#2067 = DRAUGHTING_PRE_DEFINED_CURVE_FONT('continuous');
#2068 = COLOUR_RGB('',9.803921802644E-02,9.803921802644E-02,
  9.803921802644E-02);
ENDSEC;
END-ISO-10303-21;
