ISO-10303-21;
HEADER;
FILE_DESCRIPTION(('FreeCAD Model'),'2;1');
FILE_NAME('Open CASCADE Shape Model','2025-01-17T19:11:25',(''),(''),
  'Open CASCADE STEP processor 7.7','FreeCAD','Unknown');
FILE_SCHEMA(('AUTOMOTIVE_DESIGN { 1 0 10303 214 1 1 1 1 }'));
ENDSEC;
DATA;
#1 = APPLICATION_PROTOCOL_DEFINITION('international standard',
  'automotive_design',2000,#2);
#2 = APPLICATION_CONTEXT(
  'core data for automotive mechanical design processes');
#3 = SHAPE_DEFINITION_REPRESENTATION(#4,#10);
#4 = PRODUCT_DEFINITION_SHAPE('','',#5);
#5 = PRODUCT_DEFINITION('design','',#6,#9);
#6 = PRODUCT_DEFINITION_FORMATION('','',#7);
#7 = PRODUCT('Body','Body','',(#8));
#8 = PRODUCT_CONTEXT('',#2,'mechanical');
#9 = PRODUCT_DEFINITION_CONTEXT('part definition',#2,'design');
#10 = ADVANCED_BREP_SHAPE_REPRESENTATION('',(#11,#15),#2029);
#11 = AXIS2_PLACEMENT_3D('',#12,#13,#14);
#12 = CARTESIAN_POINT('',(0.,0.,0.));
#13 = DIRECTION('',(0.,0.,1.));
#14 = DIRECTION('',(1.,0.,-0.));
#15 = MANIFOLD_SOLID_BREP('',#16);
#16 = CLOSED_SHELL('',(#17,#185,#246,#274,#324,#341,#387,#427,#494,#534,
    #605,#636,#700,#731,#783,#812,#870,#901,#953,#1001,#1135,#1173,#1211
    ,#1249,#1280,#1304,#1321,#1352,#1376,#1387,#1409,#1423,#1457,#1565,
    #1605,#1629,#1662,#1695,#1719,#1752,#1785,#1809,#1842,#1875,#1899,
    #1925,#1981,#1993,#2005,#2017));
#17 = ADVANCED_FACE('',(#18,#94),#156,.F.);
#18 = FACE_BOUND('',#19,.F.);
#19 = EDGE_LOOP('',(#20,#59));
#20 = ORIENTED_EDGE('',*,*,#21,.F.);
#21 = EDGE_CURVE('',#22,#24,#26,.T.);
#22 = VERTEX_POINT('',#23);
#23 = CARTESIAN_POINT('',(8.999999999976,5.86593100108,11.672832774126)
  );
#24 = VERTEX_POINT('',#25);
#25 = CARTESIAN_POINT('',(9.,5.312990405233,6.252832774126));
#26 = B_SPLINE_CURVE_WITH_KNOTS('',3,(#27,#28,#29,#30,#31,#32,#33,#34,
    #35,#36,#37,#38,#39,#40,#41,#42,#43,#44,#45,#46,#47,#48,#49,#50,#51,
    #52,#53,#54,#55,#56,#57,#58),.UNSPECIFIED.,.F.,.F.,(4,2,2,2,2,2,2,2,
    2,2,2,2,2,2,2,4),(8.499163835205E-03,9.030256449196E-03,
    9.561349063187E-03,1.009244167718E-02,1.062353429117E-02,
    1.115462690516E-02,1.168571951915E-02,1.221681213314E-02,
    1.274790474713E-02,1.327899736113E-02,1.381008997512E-02,
    1.434118258911E-02,1.48722752031E-02,1.540336781709E-02,
    1.593446043108E-02,1.699664565906E-02),.UNSPECIFIED.);
#27 = CARTESIAN_POINT('',(8.999999999976,5.86593100108,11.672832774126)
  );
#28 = CARTESIAN_POINT('',(9.1773057241,5.86593100108,11.672832774128));
#29 = CARTESIAN_POINT('',(9.353644513587,5.865724590641,11.655600903625)
  );
#30 = CARTESIAN_POINT('',(9.704339206305,5.864696915922,11.585802641223)
  );
#31 = CARTESIAN_POINT('',(9.875751777236,5.86387551022,11.533532090485)
  );
#32 = CARTESIAN_POINT('',(10.202725080925,5.861176130701,11.397763682833
    ));
#33 = CARTESIAN_POINT('',(10.360759588343,5.859276182793,11.313234108592
    ));
#34 = CARTESIAN_POINT('',(10.657696315871,5.853677830873,11.114133779256
    ));
#35 = CARTESIAN_POINT('',(10.794344095631,5.850031608201,11.001421227505
    ));
#36 = CARTESIAN_POINT('',(11.044578200245,5.840213931014,10.750348815692
    ));
#37 = CARTESIAN_POINT('',(11.159037589255,5.833946876819,10.610301554102
    ));
#38 = CARTESIAN_POINT('',(11.355455845755,5.818411599927,10.314655414678
    ));
#39 = CARTESIAN_POINT('',(11.438444273975,5.80914494715,10.158537738851)
  );
#40 = CARTESIAN_POINT('',(11.573781100685,5.786839550248,9.829649759253)
  );
#41 = CARTESIAN_POINT('',(11.625431627555,5.773792225177,9.657354365988)
  );
#42 = CARTESIAN_POINT('',(11.69333707851,5.744514901574,9.310951796951)
  );
#43 = CARTESIAN_POINT('',(11.710419798216,5.728158947715,9.134918982998)
  );
#44 = CARTESIAN_POINT('',(11.709564665986,5.691772226391,8.777769361524)
  );
#45 = CARTESIAN_POINT('',(11.691667371228,5.672320016177,8.602307643957)
  );
#46 = CARTESIAN_POINT('',(11.62246113649,5.631169360589,8.257319348019)
  );
#47 = CARTESIAN_POINT('',(11.570320194589,5.60922115309,8.08602868519));
#48 = CARTESIAN_POINT('',(11.434680218784,5.56479709638,7.759643867368)
  );
#49 = CARTESIAN_POINT('',(11.351795150812,5.542397999775,7.604812356396)
  );
#50 = CARTESIAN_POINT('',(11.156099226529,5.497955448177,7.31165258659)
  );
#51 = CARTESIAN_POINT('',(11.042254640908,5.475799681001,7.172775463718)
  );
#52 = CARTESIAN_POINT('',(10.793425314977,5.434591299229,6.923535141985)
  );
#53 = CARTESIAN_POINT('',(10.657602471797,5.415299063969,6.811543369156)
  );
#54 = CARTESIAN_POINT('',(10.362416804022,5.38030871819,6.613468496165)
  );
#55 = CARTESIAN_POINT('',(10.204757942068,5.364884300364,6.528943777761)
  );
#56 = CARTESIAN_POINT('',(9.715908064782,5.32717959817,6.325370921286));
#57 = CARTESIAN_POINT('',(9.359211261011,5.312990405233,6.252832774126)
  );
#58 = CARTESIAN_POINT('',(9.,5.312990405233,6.252832774126));
#59 = ORIENTED_EDGE('',*,*,#60,.F.);
#60 = EDGE_CURVE('',#24,#22,#61,.T.);
#61 = B_SPLINE_CURVE_WITH_KNOTS('',3,(#62,#63,#64,#65,#66,#67,#68,#69,
    #70,#71,#72,#73,#74,#75,#76,#77,#78,#79,#80,#81,#82,#83,#84,#85,#86,
    #87,#88,#89,#90,#91,#92,#93),.UNSPECIFIED.,.F.,.F.,(4,2,2,2,2,2,2,2,
    2,2,2,2,2,2,2,4),(0.,5.311977397003E-04,1.062395479401E-03,
    1.593593219101E-03,2.124790958801E-03,3.187186438202E-03,
    3.718384177902E-03,4.249581917602E-03,4.780779657303E-03,
    5.311977397003E-03,5.843175136703E-03,6.374372876404E-03,
    6.905570616104E-03,7.436768355804E-03,7.967966095505E-03,
    8.499163835205E-03),.UNSPECIFIED.);
#62 = CARTESIAN_POINT('',(9.,5.312990405233,6.252832774126));
#63 = CARTESIAN_POINT('',(8.820358817938,5.312990405233,6.252832774126)
  );
#64 = CARTESIAN_POINT('',(8.643800899859,5.31641163953,6.270517681475));
#65 = CARTESIAN_POINT('',(8.296580066417,5.32960724998,6.339735605873));
#66 = CARTESIAN_POINT('',(8.124078622275,5.339545636633,6.392146488736)
  );
#67 = CARTESIAN_POINT('',(7.79594786437,5.364805824098,6.528510549659));
#68 = CARTESIAN_POINT('',(7.640419186639,5.380021073711,6.611882502803)
  );
#69 = CARTESIAN_POINT('',(7.346183890014,5.414802796733,6.80869270425));
#70 = CARTESIAN_POINT('',(7.207325022755,5.434479180938,6.922874783061)
  );
#71 = CARTESIAN_POINT('',(6.833926641667,5.496280991124,7.296617024673)
  );
#72 = CARTESIAN_POINT('',(6.632910843421,5.542701294068,7.597389211676)
  );
#73 = CARTESIAN_POINT('',(6.430452769937,5.60894747174,8.0839762262));
#74 = CARTESIAN_POINT('',(6.378239230893,5.63080564357,8.254343424376));
#75 = CARTESIAN_POINT('',(6.30823945371,5.672323147164,8.602261213162));
#76 = CARTESIAN_POINT('',(6.290599658219,5.691724848178,8.777447772277)
  );
#77 = CARTESIAN_POINT('',(6.28943012206,5.727697743749,9.130250657756));
#78 = CARTESIAN_POINT('',(6.306462934263,5.744403279512,9.309680136662)
  );
#79 = CARTESIAN_POINT('',(6.374484257627,5.773781251326,9.657175703775)
  );
#80 = CARTESIAN_POINT('',(6.425107390671,5.786596909484,9.826333588655)
  );
#81 = CARTESIAN_POINT('',(6.559982877437,5.808943998813,10.155318433524)
  );
#82 = CARTESIAN_POINT('',(6.644499672424,5.818401358787,10.314510671107)
  );
#83 = CARTESIAN_POINT('',(6.840278776281,5.833899504226,10.609350058037)
  );
#84 = CARTESIAN_POINT('',(6.952219707966,5.840072035049,10.746904745109)
  );
#85 = CARTESIAN_POINT('',(7.205403311144,5.850037742869,11.001395906933)
  );
#86 = CARTESIAN_POINT('',(7.342554200818,5.853676906465,11.114190756187)
  );
#87 = CARTESIAN_POINT('',(7.636656257706,5.859233064916,11.311611517335)
  );
#88 = CARTESIAN_POINT('',(7.795551114632,5.86116027178,11.396997041164)
  );
#89 = CARTESIAN_POINT('',(8.124654989214,5.863880489627,11.533751658198)
  );
#90 = CARTESIAN_POINT('',(8.294068772835,5.864688867454,11.585299861085)
  );
#91 = CARTESIAN_POINT('',(8.642534959876,5.865716726081,11.655023566911)
  );
#92 = CARTESIAN_POINT('',(8.822659179545,5.86593100108,11.672832774125)
  );
#93 = CARTESIAN_POINT('',(8.999999999976,5.86593100108,11.672832774126)
  );
#94 = FACE_BOUND('',#95,.F.);
#95 = EDGE_LOOP('',(#96,#113,#128,#143));
#96 = ORIENTED_EDGE('',*,*,#97,.T.);
#97 = EDGE_CURVE('',#98,#100,#102,.T.);
#98 = VERTEX_POINT('',#99);
#99 = CARTESIAN_POINT('',(14.463890724689,6.624360068713,14.344143022426
    ));
#100 = VERTEX_POINT('',#101);
#101 = CARTESIAN_POINT('',(14.53704495049,5.342216080719,1.45912570562)
  );
#102 = B_SPLINE_CURVE_WITH_KNOTS('',3,(#103,#104,#105,#106,#107,#108,
    #109,#110,#111,#112),.UNSPECIFIED.,.F.,.F.,(4,3,3,4),(0.,
    4.573320356696E-03,8.761089032248E-03,1.294885914096E-02),
  .UNSPECIFIED.);
#103 = CARTESIAN_POINT('',(14.463890724689,6.624360068713,
    14.344143022426));
#104 = CARTESIAN_POINT('',(14.471321942508,6.473139997339,
    12.827239946048));
#105 = CARTESIAN_POINT('',(14.479115316578,6.322003598595,
    11.310330242354));
#106 = CARTESIAN_POINT('',(14.487325907825,6.170964693619,9.793413134704
    ));
#107 = CARTESIAN_POINT('',(14.49484430893,6.032659054492,8.404379030486)
  );
#108 = CARTESIAN_POINT('',(14.502712558512,5.894435154672,7.015338620616
    ));
#109 = CARTESIAN_POINT('',(14.510980854559,5.756305754871,5.62629124092)
  );
#110 = CARTESIAN_POINT('',(14.51924915337,5.618176308898,4.237243396914)
  );
#111 = CARTESIAN_POINT('',(14.527917381744,5.480141314971,2.848188461147
    ));
#112 = CARTESIAN_POINT('',(14.53704495049,5.342216080719,1.45912570562)
  );
#113 = ORIENTED_EDGE('',*,*,#114,.T.);
#114 = EDGE_CURVE('',#100,#115,#117,.T.);
#115 = VERTEX_POINT('',#116);
#116 = CARTESIAN_POINT('',(3.46295504951,5.342216080719,1.45912570562));
#117 = B_SPLINE_CURVE_WITH_KNOTS('',3,(#118,#119,#120,#121,#122,#123,
    #124,#125,#126,#127),.UNSPECIFIED.,.F.,.F.,(4,2,2,2,4),(0.,
    2.784027906095E-03,5.56805581219E-03,8.352083718284E-03,
    1.113611162438E-02),.UNSPECIFIED.);
#118 = CARTESIAN_POINT('',(14.53704495049,5.342216080719,1.45912570562)
  );
#119 = CARTESIAN_POINT('',(13.623737699781,5.169503135751,1.453999705081
    ));
#120 = CARTESIAN_POINT('',(12.704780450721,5.039928649526,1.450154024107
    ));
#121 = CARTESIAN_POINT('',(10.855678285483,4.866198943881,1.444997846816
    ));
#122 = CARTESIAN_POINT('',(9.926842860014,4.822329296841,1.443695826087)
  );
#123 = CARTESIAN_POINT('',(8.07062007704,4.82240935687,1.443698202214));
#124 = CARTESIAN_POINT('',(7.14083618732,4.866461299311,1.445005633343)
  );
#125 = CARTESIAN_POINT('',(5.294534213162,5.040058308774,1.450157872304)
  );
#126 = CARTESIAN_POINT('',(4.376266991911,5.169502248518,1.453999678748)
  );
#127 = CARTESIAN_POINT('',(3.46295504951,5.342216080719,1.45912570562));
#128 = ORIENTED_EDGE('',*,*,#129,.T.);
#129 = EDGE_CURVE('',#115,#130,#132,.T.);
#130 = VERTEX_POINT('',#131);
#131 = CARTESIAN_POINT('',(3.536109275311,6.624360068713,14.344143022426
    ));
#132 = B_SPLINE_CURVE_WITH_KNOTS('',3,(#133,#134,#135,#136,#137,#138,
    #139,#140,#141,#142),.UNSPECIFIED.,.F.,.F.,(4,3,3,4),(0.,
    4.576119069436E-03,8.762488441776E-03,1.29488589304E-02),
  .UNSPECIFIED.);
#133 = CARTESIAN_POINT('',(3.46295504951,5.342216080719,1.45912570562));
#134 = CARTESIAN_POINT('',(3.472929054925,5.492931684356,2.977001914596)
  );
#135 = CARTESIAN_POINT('',(3.482354767622,5.643778296094,4.494868794729)
  );
#136 = CARTESIAN_POINT('',(3.49130910902,5.794736108975,6.012727292166)
  );
#137 = CARTESIAN_POINT('',(3.499500806102,5.932836793353,7.401309262749)
  );
#138 = CARTESIAN_POINT('',(3.50729772616,6.071030637194,8.789884342126)
  );
#139 = CARTESIAN_POINT('',(3.514749250775,6.209305102082,10.178453187771
    ));
#140 = CARTESIAN_POINT('',(3.522200777419,6.347579604632,11.56702241162)
  );
#141 = CARTESIAN_POINT('',(3.529306814678,6.485934765153,12.955585492257
    ));
#142 = CARTESIAN_POINT('',(3.536109275311,6.624360068713,14.344143022426
    ));
#143 = ORIENTED_EDGE('',*,*,#144,.T.);
#144 = EDGE_CURVE('',#130,#98,#145,.T.);
#145 = B_SPLINE_CURVE_WITH_KNOTS('',3,(#146,#147,#148,#149,#150,#151,
    #152,#153,#154,#155),.UNSPECIFIED.,.F.,.F.,(4,2,2,2,4),(0.,
    2.746111323442E-03,5.492222646884E-03,8.238333970327E-03,
    1.098444529377E-02),.UNSPECIFIED.);
#146 = CARTESIAN_POINT('',(3.536109275311,6.624360068713,14.344143022426
    ));
#147 = CARTESIAN_POINT('',(4.437938391999,6.468381747691,14.397850665428
    ));
#148 = CARTESIAN_POINT('',(5.344953597332,6.351361876746,14.438143838298
    ));
#149 = CARTESIAN_POINT('',(7.169259392872,6.194511920072,14.492151609524
    ));
#150 = CARTESIAN_POINT('',(8.085525934271,6.154916107807,14.505785541058
    ));
#151 = CARTESIAN_POINT('',(9.916393306651,6.154971502838,14.505766467019
    ));
#152 = CARTESIAN_POINT('',(10.833496887394,6.194701758362,
    14.492086242959));
#153 = CARTESIAN_POINT('',(12.655588406959,6.351455703401,14.43811153119
    ));
#154 = CARTESIAN_POINT('',(13.562057758418,6.468381081876,
    14.397850894687));
#155 = CARTESIAN_POINT('',(14.463890724689,6.624360068713,
    14.344143022426));
#156 = B_SPLINE_SURFACE_WITH_KNOTS('',3,3,(
    (#157,#158,#159,#160)
    ,(#161,#162,#163,#164)
    ,(#165,#166,#167,#168)
    ,(#169,#170,#171,#172)
    ,(#173,#174,#175,#176)
    ,(#177,#178,#179,#180)
    ,(#181,#182,#183,#184
    )),.UNSPECIFIED.,.F.,.F.,.F.,(4,3,4),(4,4),(7.95274065755E-02,0.5,
    0.920472593424),(6.218352264908E-02,0.930717018309),
  .PIECEWISE_BEZIER_KNOTS.);
#157 = CARTESIAN_POINT('',(3.407955932348,6.656192905043,14.429935086714
    ));
#158 = CARTESIAN_POINT('',(3.404499983132,6.21911082377,10.074379348357)
  );
#159 = CARTESIAN_POINT('',(3.401048245071,5.782039899861,5.718822488576)
  );
#160 = CARTESIAN_POINT('',(3.397600960535,5.34498003884,1.363264516847)
  );
#161 = CARTESIAN_POINT('',(5.240604593916,6.330636717046,14.532134274593
    ));
#162 = CARTESIAN_POINT('',(5.237766054051,5.885368939167,10.142808998151
    ));
#163 = CARTESIAN_POINT('',(5.234928811205,5.440105005091,5.7534833237));
#164 = CARTESIAN_POINT('',(5.232092866031,4.994844918281,1.364157250964)
  );
#165 = CARTESIAN_POINT('',(7.118910403416,6.163002820328,14.584771728179
    ));
#166 = CARTESIAN_POINT('',(7.117447983222,5.713434853195,10.178044495343
    ));
#167 = CARTESIAN_POINT('',(7.115986227494,5.263866886063,5.771317262507)
  );
#168 = CARTESIAN_POINT('',(7.114525135029,4.81429891893,1.364590029671)
  );
#169 = CARTESIAN_POINT('',(9.,6.163002820328,14.584771728179));
#170 = CARTESIAN_POINT('',(9.,5.713434853195,10.178044495343));
#171 = CARTESIAN_POINT('',(9.,5.263866886063,5.771317262507));
#172 = CARTESIAN_POINT('',(9.,4.81429891893,1.364590029671));
#173 = CARTESIAN_POINT('',(10.881089596584,6.163002820328,
    14.584771728179));
#174 = CARTESIAN_POINT('',(10.882552016778,5.713434853195,
    10.178044495343));
#175 = CARTESIAN_POINT('',(10.884013772506,5.263866886063,5.771317262507
    ));
#176 = CARTESIAN_POINT('',(10.885474864971,4.81429891893,1.364590029671)
  );
#177 = CARTESIAN_POINT('',(12.759395406084,6.330636717046,
    14.532134274593));
#178 = CARTESIAN_POINT('',(12.762233945949,5.885368939167,
    10.142808998151));
#179 = CARTESIAN_POINT('',(12.765071188795,5.440105005091,5.7534833237)
  );
#180 = CARTESIAN_POINT('',(12.767907133969,4.994844918281,1.364157250964
    ));
#181 = CARTESIAN_POINT('',(14.592044067652,6.656192905043,
    14.429935086714));
#182 = CARTESIAN_POINT('',(14.595500016868,6.21911082377,10.074379348357
    ));
#183 = CARTESIAN_POINT('',(14.598951754929,5.782039899861,5.718822488576
    ));
#184 = CARTESIAN_POINT('',(14.602399039465,5.34498003884,1.363264516847)
  );
#185 = ADVANCED_FACE('',(#186),#229,.F.);
#186 = FACE_BOUND('',#187,.F.);
#187 = EDGE_LOOP('',(#188,#200,#201,#216));
#188 = ORIENTED_EDGE('',*,*,#189,.T.);
#189 = EDGE_CURVE('',#190,#100,#192,.T.);
#190 = VERTEX_POINT('',#191);
#191 = CARTESIAN_POINT('',(16.60551697537,-5.5E-14,1.300572433796));
#192 = B_SPLINE_CURVE_WITH_KNOTS('',3,(#193,#194,#195,#196,#197,#198,
    #199),.UNSPECIFIED.,.F.,.F.,(4,3,4),(0.,2.286660191282E-03,
    5.730880945986E-03),.UNSPECIFIED.);
#193 = CARTESIAN_POINT('',(16.60551697537,-5.464E-14,1.300572433796));
#194 = CARTESIAN_POINT('',(16.329871456851,0.710320020254,1.321654239839
    ));
#195 = CARTESIAN_POINT('',(16.0544133291,1.420712732809,1.342738203339)
  );
#196 = CARTESIAN_POINT('',(15.779171987953,2.13118932723,1.363824656395)
  );
#197 = CARTESIAN_POINT('',(15.36459711308,3.201325608379,1.395585559756)
  );
#198 = CARTESIAN_POINT('',(14.950511952775,4.271651641851,1.427352094834
    ));
#199 = CARTESIAN_POINT('',(14.53704495049,5.342216080719,1.45912570562)
  );
#200 = ORIENTED_EDGE('',*,*,#97,.F.);
#201 = ORIENTED_EDGE('',*,*,#202,.F.);
#202 = EDGE_CURVE('',#203,#98,#205,.T.);
#203 = VERTEX_POINT('',#204);
#204 = CARTESIAN_POINT('',(16.632379749147,-4.E-15,16.625093114457));
#205 = B_SPLINE_CURVE_WITH_KNOTS('',3,(#206,#207,#208,#209,#210,#211,
    #212,#213,#214,#215),.UNSPECIFIED.,.F.,.F.,(4,3,3,4),(0.,
    2.286660128823E-03,4.810318738119E-03,7.333977770891E-03),
  .UNSPECIFIED.);
#206 = CARTESIAN_POINT('',(16.632379749147,-3.83E-15,16.625093114457));
#207 = CARTESIAN_POINT('',(16.407393688399,0.688582084681,
    16.387995288685));
#208 = CARTESIAN_POINT('',(16.182303296243,1.377133703428,
    16.150907953175));
#209 = CARTESIAN_POINT('',(15.957094875557,2.065650800342,
    15.913832504486));
#210 = CARTESIAN_POINT('',(15.708544966697,2.825528522348,
    15.652185622075));
#211 = CARTESIAN_POINT('',(15.459851395398,3.58536425189,15.39055319883)
  );
#212 = CARTESIAN_POINT('',(15.210992154494,4.345151456726,
    15.128937483981));
#213 = CARTESIAN_POINT('',(14.962132872871,5.104938785882,
    14.867321726325));
#214 = CARTESIAN_POINT('',(14.713107989638,5.864677647159,
    14.605722657498));
#215 = CARTESIAN_POINT('',(14.463890724689,6.624360068713,
    14.344143022426));
#216 = ORIENTED_EDGE('',*,*,#217,.T.);
#217 = EDGE_CURVE('',#203,#190,#218,.T.);
#218 = B_SPLINE_CURVE_WITH_KNOTS('',3,(#219,#220,#221,#222,#223,#224,
    #225,#226,#227,#228),.UNSPECIFIED.,.F.,.F.,(4,3,3,4),(0.,
    4.573320229305E-03,9.146640476977E-03,1.532454475191E-02),
  .UNSPECIFIED.);
#219 = CARTESIAN_POINT('',(16.632379749147,-3.83E-15,16.625093114457));
#220 = CARTESIAN_POINT('',(16.630308738493,-1.6E-16,15.100654444797));
#221 = CARTESIAN_POINT('',(16.628095457533,-2.2E-16,13.576215958807));
#222 = CARTESIAN_POINT('',(16.625710154069,-2.2E-16,12.051777748525));
#223 = CARTESIAN_POINT('',(16.623324850599,-2.2E-16,10.527339534671));
#224 = CARTESIAN_POINT('',(16.620767689156,-1.19E-15,9.002901575433));
#225 = CARTESIAN_POINT('',(16.618000640655,-1.19E-15,7.478464006697));
#226 = CARTESIAN_POINT('',(16.61426275229,-1.19E-15,5.419166003813));
#227 = CARTESIAN_POINT('',(16.610144060585,1.19E-15,3.359868630697));
#228 = CARTESIAN_POINT('',(16.60551697537,-5.464E-14,1.300572433796));
#229 = B_SPLINE_SURFACE_WITH_KNOTS('',3,3,(
    (#230,#231,#232,#233)
    ,(#234,#235,#236,#237)
    ,(#238,#239,#240,#241)
    ,(#242,#243,#244,#245
    )),.UNSPECIFIED.,.F.,.F.,.F.,(4,4),(4,4),(6.409260159295E-02,
    0.932975588279),(4.480836665586E-02,0.872048970967),
  .PIECEWISE_BEZIER_KNOTS.);
#230 = CARTESIAN_POINT('',(16.645279085511,-3.913768501301E-02,
    16.72979732472));
#231 = CARTESIAN_POINT('',(15.913665440699,2.202370122408,
    16.012705976116));
#232 = CARTESIAN_POINT('',(15.182046660214,4.444233617513,
    15.296715944898));
#233 = CARTESIAN_POINT('',(14.450485374394,6.686637026142,
    14.582331975458));
#234 = CARTESIAN_POINT('',(16.651652109443,-7.808855500461E-02,
    11.555869168809));
#235 = CARTESIAN_POINT('',(15.92020704735,2.043359129205,11.081061897542
    ));
#236 = CARTESIAN_POINT('',(15.188775283718,4.165102905484,
    10.607461895787));
#237 = CARTESIAN_POINT('',(14.457435564907,6.287314072396,
    10.135655602384));
#238 = CARTESIAN_POINT('',(16.659352894813,-0.119682609823,
    6.381950924654));
#239 = CARTESIAN_POINT('',(15.928159256054,1.881510939413,6.149489917616
    ));
#240 = CARTESIAN_POINT('',(15.197009091004,3.88291146542,5.918362986853)
  );
#241 = CARTESIAN_POINT('',(14.466004406444,5.88466374986,5.689261663136)
  );
#242 = CARTESIAN_POINT('',(16.669521879587,-0.165254741374,
    1.208047598004));
#243 = CARTESIAN_POINT('',(15.938804634681,1.715317950536,1.21802672866)
  );
#244 = CARTESIAN_POINT('',(15.208206728155,3.595937784505,1.229501975645
    ));
#245 = CARTESIAN_POINT('',(14.477898704905,5.476671465877,1.243321160434
    ));
#246 = ADVANCED_FACE('',(#247),#269,.F.);
#247 = FACE_BOUND('',#248,.T.);
#248 = EDGE_LOOP('',(#249,#261,#267,#268));
#249 = ORIENTED_EDGE('',*,*,#250,.F.);
#250 = EDGE_CURVE('',#251,#115,#253,.T.);
#251 = VERTEX_POINT('',#252);
#252 = CARTESIAN_POINT('',(1.39448302463,-1.08E-13,1.300572433796));
#253 = B_SPLINE_CURVE_WITH_KNOTS('',3,(#254,#255,#256,#257,#258,#259,
    #260),.UNSPECIFIED.,.F.,.F.,(4,3,4),(0.,2.288059480949E-03,
    5.730880945495E-03),.UNSPECIFIED.);
#254 = CARTESIAN_POINT('',(1.39448302463,-1.0777E-13,1.300572433796));
#255 = CARTESIAN_POINT('',(1.670297220562,0.710754690639,1.321667140555)
  );
#256 = CARTESIAN_POINT('',(1.945923796904,1.421582162372,1.342764007406)
  );
#257 = CARTESIAN_POINT('',(2.221333302071,2.132493625974,1.363863367078)
  );
#258 = CARTESIAN_POINT('',(2.635739346536,3.202195295916,1.395611371479)
  );
#259 = CARTESIAN_POINT('',(3.049656027197,4.272086581962,1.427365003555)
  );
#260 = CARTESIAN_POINT('',(3.46295504951,5.342216080719,1.45912570562));
#261 = ORIENTED_EDGE('',*,*,#262,.T.);
#262 = EDGE_CURVE('',#251,#190,#263,.T.);
#263 = LINE('',#264,#265);
#264 = CARTESIAN_POINT('',(9.,0.,1.300572433796));
#265 = VECTOR('',#266,1.);
#266 = DIRECTION('',(1.,0.,-8.E-17));
#267 = ORIENTED_EDGE('',*,*,#189,.T.);
#268 = ORIENTED_EDGE('',*,*,#114,.T.);
#269 = PLANE('',#270);
#270 = AXIS2_PLACEMENT_3D('',#271,#272,#273);
#271 = CARTESIAN_POINT('',(9.,5.961433882689,1.477503660946));
#272 = DIRECTION('',(-8.E-17,2.966624408511E-02,-0.999559860119));
#273 = DIRECTION('',(0.,0.999559860119,2.966624408511E-02));
#274 = ADVANCED_FACE('',(#275),#307,.F.);
#275 = FACE_BOUND('',#276,.F.);
#276 = EDGE_LOOP('',(#277,#292,#293,#294));
#277 = ORIENTED_EDGE('',*,*,#278,.T.);
#278 = EDGE_CURVE('',#279,#130,#281,.T.);
#279 = VERTEX_POINT('',#280);
#280 = CARTESIAN_POINT('',(1.367620250853,0.,16.625093114457));
#281 = B_SPLINE_CURVE_WITH_KNOTS('',3,(#282,#283,#284,#285,#286,#287,
    #288,#289,#290,#291),.UNSPECIFIED.,.F.,.F.,(4,3,3,4),(0.,
    2.288059418371E-03,4.811018382988E-03,7.333977770764E-03),
  .UNSPECIFIED.);
#282 = CARTESIAN_POINT('',(1.367620250853,-8.E-17,16.625093114457));
#283 = CARTESIAN_POINT('',(1.592743988661,0.689003452816,16.3878502));
#284 = CARTESIAN_POINT('',(1.81797218537,1.377976402477,16.150617788623)
  );
#285 = CARTESIAN_POINT('',(2.04331856397,2.066914785419,15.913397279521)
  );
#286 = CARTESIAN_POINT('',(2.291799725931,2.826581796605,15.651822950664
    ));
#287 = CARTESIAN_POINT('',(2.540424481926,3.586206835285,15.3902630741)
  );
#288 = CARTESIAN_POINT('',(2.78921482256,4.34578337413,15.128719897369)
  );
#289 = CARTESIAN_POINT('',(3.038005203883,5.105360037203,14.867176677863
    ));
#290 = CARTESIAN_POINT('',(3.286961101944,5.864888257208,14.605650138642
    ));
#291 = CARTESIAN_POINT('',(3.536109275311,6.624360068713,14.344143022426
    ));
#292 = ORIENTED_EDGE('',*,*,#129,.F.);
#293 = ORIENTED_EDGE('',*,*,#250,.F.);
#294 = ORIENTED_EDGE('',*,*,#295,.F.);
#295 = EDGE_CURVE('',#279,#251,#296,.T.);
#296 = B_SPLINE_CURVE_WITH_KNOTS('',3,(#297,#298,#299,#300,#301,#302,
    #303,#304,#305,#306),.UNSPECIFIED.,.F.,.F.,(4,3,3,4),(0.,
    4.576118808349E-03,9.152237635115E-03,1.532454475167E-02),
  .UNSPECIFIED.);
#297 = CARTESIAN_POINT('',(1.367620250853,-8.E-17,16.625093114457));
#298 = CARTESIAN_POINT('',(1.369692528833,-1.6E-16,15.099721585976));
#299 = CARTESIAN_POINT('',(1.371907250545,-5.E-17,13.574350241382));
#300 = CARTESIAN_POINT('',(1.374294225084,-5.E-17,12.048979172891));
#301 = CARTESIAN_POINT('',(1.376681199628,-5.E-17,10.523608100819));
#302 = CARTESIAN_POINT('',(1.379240261927,2.2E-16,8.998237283713));
#303 = CARTESIAN_POINT('',(1.38200951983,2.2E-16,7.472866857759));
#304 = CARTESIAN_POINT('',(1.385744717865,2.2E-16,5.415434572413));
#305 = CARTESIAN_POINT('',(1.389860131537,1.1E-16,3.35800291606));
#306 = CARTESIAN_POINT('',(1.39448302463,-1.0777E-13,1.300572433796));
#307 = B_SPLINE_SURFACE_WITH_KNOTS('',3,3,(
    (#308,#309,#310,#311)
    ,(#312,#313,#314,#315)
    ,(#316,#317,#318,#319)
    ,(#320,#321,#322,#323
    )),.UNSPECIFIED.,.F.,.F.,.F.,(4,4),(4,4),(6.702441172139E-02,
    0.935907398407),(4.480836665586E-02,0.872048970967),
  .PIECEWISE_BEZIER_KNOTS.);
#308 = CARTESIAN_POINT('',(1.330478120413,-0.165254741374,1.208047598004
    ));
#309 = CARTESIAN_POINT('',(2.061195365319,1.715317950536,1.21802672866)
  );
#310 = CARTESIAN_POINT('',(2.791793271845,3.595937784505,1.229501975645)
  );
#311 = CARTESIAN_POINT('',(3.522101295095,5.476671465877,1.243321160434)
  );
#312 = CARTESIAN_POINT('',(1.340647105187,-0.119682609823,6.381950924654
    ));
#313 = CARTESIAN_POINT('',(2.071840743946,1.881510939413,6.149489917616)
  );
#314 = CARTESIAN_POINT('',(2.802990908996,3.88291146542,5.918362986853)
  );
#315 = CARTESIAN_POINT('',(3.533995593556,5.88466374986,5.689261663136)
  );
#316 = CARTESIAN_POINT('',(1.348347890557,-7.808855500461E-02,
    11.555869168809));
#317 = CARTESIAN_POINT('',(2.07979295265,2.043359129205,11.081061897542)
  );
#318 = CARTESIAN_POINT('',(2.811224716282,4.165102905484,10.607461895787
    ));
#319 = CARTESIAN_POINT('',(3.542564435093,6.287314072396,10.135655602384
    ));
#320 = CARTESIAN_POINT('',(1.354720914489,-3.913768501301E-02,
    16.72979732472));
#321 = CARTESIAN_POINT('',(2.086334559301,2.202370122408,16.012705976116
    ));
#322 = CARTESIAN_POINT('',(2.817953339786,4.444233617513,15.296715944898
    ));
#323 = CARTESIAN_POINT('',(3.549514625606,6.686637026142,14.582331975458
    ));
#324 = ADVANCED_FACE('',(#325),#336,.T.);
#325 = FACE_BOUND('',#326,.T.);
#326 = EDGE_LOOP('',(#327,#328,#334,#335));
#327 = ORIENTED_EDGE('',*,*,#202,.F.);
#328 = ORIENTED_EDGE('',*,*,#329,.F.);
#329 = EDGE_CURVE('',#279,#203,#330,.T.);
#330 = LINE('',#331,#332);
#331 = CARTESIAN_POINT('',(9.,0.,16.625093114457));
#332 = VECTOR('',#333,1.);
#333 = DIRECTION('',(1.,0.,8.29E-15));
#334 = ORIENTED_EDGE('',*,*,#278,.T.);
#335 = ORIENTED_EDGE('',*,*,#144,.T.);
#336 = PLANE('',#337);
#337 = AXIS2_PLACEMENT_3D('',#338,#339,#340);
#338 = CARTESIAN_POINT('',(9.,7.129613313538,14.170170378529));
#339 = DIRECTION('',(7.84E-15,-0.325568154457,-0.945518575599));
#340 = DIRECTION('',(0.,0.945518575599,-0.325568154457));
#341 = ADVANCED_FACE('',(#342,#376),#382,.F.);
#342 = FACE_BOUND('',#343,.T.);
#343 = EDGE_LOOP('',(#344,#354,#362,#370));
#344 = ORIENTED_EDGE('',*,*,#345,.T.);
#345 = EDGE_CURVE('',#346,#348,#350,.T.);
#346 = VERTEX_POINT('',#347);
#347 = CARTESIAN_POINT('',(0.,0.,0.));
#348 = VERTEX_POINT('',#349);
#349 = CARTESIAN_POINT('',(18.,0.,0.));
#350 = LINE('',#351,#352);
#351 = CARTESIAN_POINT('',(0.,0.,0.));
#352 = VECTOR('',#353,1.);
#353 = DIRECTION('',(1.,0.,0.));
#354 = ORIENTED_EDGE('',*,*,#355,.F.);
#355 = EDGE_CURVE('',#356,#348,#358,.T.);
#356 = VERTEX_POINT('',#357);
#357 = CARTESIAN_POINT('',(18.,0.,18.));
#358 = LINE('',#359,#360);
#359 = CARTESIAN_POINT('',(18.,0.,18.));
#360 = VECTOR('',#361,1.);
#361 = DIRECTION('',(0.,0.,-1.));
#362 = ORIENTED_EDGE('',*,*,#363,.F.);
#363 = EDGE_CURVE('',#364,#356,#366,.T.);
#364 = VERTEX_POINT('',#365);
#365 = CARTESIAN_POINT('',(0.,0.,18.));
#366 = LINE('',#367,#368);
#367 = CARTESIAN_POINT('',(0.,0.,18.));
#368 = VECTOR('',#369,1.);
#369 = DIRECTION('',(1.,0.,0.));
#370 = ORIENTED_EDGE('',*,*,#371,.T.);
#371 = EDGE_CURVE('',#364,#346,#372,.T.);
#372 = LINE('',#373,#374);
#373 = CARTESIAN_POINT('',(0.,0.,18.));
#374 = VECTOR('',#375,1.);
#375 = DIRECTION('',(0.,0.,-1.));
#376 = FACE_BOUND('',#377,.T.);
#377 = EDGE_LOOP('',(#378,#379,#380,#381));
#378 = ORIENTED_EDGE('',*,*,#262,.F.);
#379 = ORIENTED_EDGE('',*,*,#295,.F.);
#380 = ORIENTED_EDGE('',*,*,#329,.T.);
#381 = ORIENTED_EDGE('',*,*,#217,.T.);
#382 = PLANE('',#383);
#383 = AXIS2_PLACEMENT_3D('',#384,#385,#386);
#384 = CARTESIAN_POINT('',(0.,0.,0.));
#385 = DIRECTION('',(0.,1.,0.));
#386 = DIRECTION('',(0.,0.,1.));
#387 = ADVANCED_FACE('',(#388),#422,.T.);
#388 = FACE_BOUND('',#389,.T.);
#389 = EDGE_LOOP('',(#390,#399,#414,#421));
#390 = ORIENTED_EDGE('',*,*,#391,.T.);
#391 = EDGE_CURVE('',#346,#392,#394,.T.);
#392 = VERTEX_POINT('',#393);
#393 = CARTESIAN_POINT('',(3.55160284697,6.438531778026,0.191091162118)
  );
#394 = B_SPLINE_CURVE_WITH_KNOTS('',3,(#395,#396,#397,#398),
  .UNSPECIFIED.,.F.,.F.,(4,4),(0.,0.986561333602),
  .PIECEWISE_BEZIER_KNOTS.);
#395 = CARTESIAN_POINT('',(0.,0.,0.));
#396 = CARTESIAN_POINT('',(1.286786937412,2.306978376974,
    6.846951979664E-02));
#397 = CARTESIAN_POINT('',(2.470654524026,4.453155652114,0.132166574305)
  );
#398 = CARTESIAN_POINT('',(3.55160284697,6.438531778026,0.191091162118)
  );
#399 = ORIENTED_EDGE('',*,*,#400,.T.);
#400 = EDGE_CURVE('',#392,#401,#403,.T.);
#401 = VERTEX_POINT('',#402);
#402 = CARTESIAN_POINT('',(14.448397286443,6.438531803993,0.191091162889
    ));
#403 = B_SPLINE_CURVE_WITH_KNOTS('',3,(#404,#405,#406,#407,#408,#409,
    #410,#411,#412,#413),.UNSPECIFIED.,.F.,.F.,(4,2,2,2,4),(0.,
    2.736798747652E-03,5.473597495304E-03,8.210396242957E-03,
    1.094719499061E-02),.UNSPECIFIED.);
#404 = CARTESIAN_POINT('',(3.55160284697,6.438531778026,0.191091162118)
  );
#405 = CARTESIAN_POINT('',(4.449781389857,6.263708794148,0.185902537086)
  );
#406 = CARTESIAN_POINT('',(5.352999371547,6.132758822,0.182016032643));
#407 = CARTESIAN_POINT('',(7.169339190679,5.957082756726,0.176802088746)
  );
#408 = CARTESIAN_POINT('',(8.084455705434,5.912438233296,0.175477070224)
  );
#409 = CARTESIAN_POINT('',(9.911940122487,5.912321177027,0.175473596075)
  );
#410 = CARTESIAN_POINT('',(10.826083404595,5.956728388641,0.176791571347
    ));
#411 = CARTESIAN_POINT('',(12.64610046996,6.132583666667,0.182010834155)
  );
#412 = CARTESIAN_POINT('',(13.55022483948,6.263710002175,0.185902572939)
  );
#413 = CARTESIAN_POINT('',(14.448397286443,6.438531803993,0.191091162889
    ));
#414 = ORIENTED_EDGE('',*,*,#415,.T.);
#415 = EDGE_CURVE('',#401,#348,#416,.T.);
#416 = B_SPLINE_CURVE_WITH_KNOTS('',3,(#417,#418,#419,#420),
  .UNSPECIFIED.,.F.,.F.,(4,4),(1.343881831846E-02,1.),
  .PIECEWISE_BEZIER_KNOTS.);
#417 = CARTESIAN_POINT('',(14.448397286443,6.438531803993,0.191091162889
    ));
#418 = CARTESIAN_POINT('',(15.529345569696,4.453155671361,0.132166574876
    ));
#419 = CARTESIAN_POINT('',(16.713213111838,2.306978387564,
    6.846952011096E-02));
#420 = CARTESIAN_POINT('',(18.,0.,0.));
#421 = ORIENTED_EDGE('',*,*,#345,.F.);
#422 = PLANE('',#423);
#423 = AXIS2_PLACEMENT_3D('',#424,#425,#426);
#424 = CARTESIAN_POINT('',(9.,6.,0.178075842791));
#425 = DIRECTION('',(-8.E-17,2.966624408511E-02,-0.999559860119));
#426 = DIRECTION('',(0.,0.999559860119,2.966624408511E-02));
#427 = ADVANCED_FACE('',(#428),#481,.T.);
#428 = FACE_BOUND('',#429,.T.);
#429 = EDGE_LOOP('',(#430,#458,#473,#480));
#430 = ORIENTED_EDGE('',*,*,#431,.T.);
#431 = EDGE_CURVE('',#348,#432,#434,.T.);
#432 = VERTEX_POINT('',#433);
#433 = CARTESIAN_POINT('',(15.381295117311,6.732864915154,1.137154733758
    ));
#434 = B_SPLINE_CURVE_WITH_KNOTS('',3,(#435,#436,#437,#438,#439,#440,
    #441,#442,#443,#444,#445,#446,#447,#448,#449,#450,#451,#452,#453,
    #454,#455,#456,#457),.UNSPECIFIED.,.F.,.F.,(4,2,2,1,2,2,2,1,1,2,2,1,
    1,4),(0.,0.486350884698,0.547144745285,0.607938605872,0.729526327046
    ,0.851114048221,0.911907908808,0.927106373955,0.934705606528,
    0.936605414672,0.937555318743,0.938505222815,0.942304839102,
    0.972701769395),.UNSPECIFIED.);
#435 = CARTESIAN_POINT('',(18.,0.,0.));
#436 = CARTESIAN_POINT('',(17.551241676619,1.137929706146,0.198312053849
    ));
#437 = CARTESIAN_POINT('',(17.118211223885,2.242930802757,0.388263025863
    ));
#438 = CARTESIAN_POINT('',(16.648745819039,3.449105528562,0.592362932944
    ));
#439 = CARTESIAN_POINT('',(16.593421086354,3.591373191015,0.616387815714
    ));
#440 = CARTESIAN_POINT('',(16.48499127668,3.870471207992,0.663413495497)
  );
#441 = CARTESIAN_POINT('',(16.323139867078,4.28747022425,0.733520309967)
  );
#442 = CARTESIAN_POINT('',(16.1636683722,4.699526029052,0.802330355784)
  );
#443 = CARTESIAN_POINT('',(15.953155192118,5.244540166708,0.89292366375)
  );
#444 = CARTESIAN_POINT('',(15.844953495376,5.525232213309,0.939362336647
    ));
#445 = CARTESIAN_POINT('',(15.686288886903,5.937713838026,1.007261641928
    ));
#446 = CARTESIAN_POINT('',(15.633119701135,6.076084355513,1.029982249449
    ));
#447 = CARTESIAN_POINT('',(15.566842051755,6.248757992124,1.058262362893
    ));
#448 = CARTESIAN_POINT('',(15.5469839391,6.300508609036,1.066732494588)
  );
#449 = CARTESIAN_POINT('',(15.525511904734,6.35648813586,1.075885871452)
  );
#450 = CARTESIAN_POINT('',(15.517259987832,6.378005319295,1.07940277879)
  );
#451 = CARTESIAN_POINT('',(15.514784806232,6.384459670101,1.080457633649
    ));
#452 = CARTESIAN_POINT('',(15.514640690495,6.384835439537,1.080519076663
    ));
#453 = CARTESIAN_POINT('',(15.511340491347,6.393441437987,1.081925422868
    ));
#454 = CARTESIAN_POINT('',(15.503152638669,6.414793736503,1.085413599836
    ));
#455 = CARTESIAN_POINT('',(15.444880401021,6.566780776193,1.11020195294)
  );
#456 = CARTESIAN_POINT('',(15.404420722918,6.672443338313,1.12723563361)
  );
#457 = CARTESIAN_POINT('',(15.381295117311,6.732864915154,1.137154733758
    ));
#458 = ORIENTED_EDGE('',*,*,#459,.T.);
#459 = EDGE_CURVE('',#432,#460,#462,.T.);
#460 = VERTEX_POINT('',#461);
#461 = CARTESIAN_POINT('',(15.377536377368,8.036521158906,
    14.259331565908));
#462 = B_SPLINE_CURVE_WITH_KNOTS('',3,(#463,#464,#465,#466,#467,#468,
    #469,#470,#471,#472),.UNSPECIFIED.,.F.,.F.,(4,3,3,4),(0.,
    4.541606390189E-03,8.864250932751E-03,1.318689549219E-02),
  .UNSPECIFIED.);
#463 = CARTESIAN_POINT('',(15.381295117311,6.732864915154,1.137154733758
    ));
#464 = CARTESIAN_POINT('',(15.380828449733,6.882354598309,2.643504692367
    ));
#465 = CARTESIAN_POINT('',(15.380372248384,7.031919969862,4.149967016074
    ));
#466 = CARTESIAN_POINT('',(15.37992872962,7.181540087545,5.656423904733)
  );
#467 = CARTESIAN_POINT('',(15.37950659397,7.323946656878,7.090250857185)
  );
#468 = CARTESIAN_POINT('',(15.379095917013,7.466402854012,8.524072884693
    ));
#469 = CARTESIAN_POINT('',(15.378696874564,7.608901543217,9.957890691495
    ));
#470 = CARTESIAN_POINT('',(15.378297832114,7.751400232991,
    11.391708504024));
#471 = CARTESIAN_POINT('',(15.377910409903,7.893941431111,
    12.825522095646));
#472 = CARTESIAN_POINT('',(15.377536377368,8.036521158906,
    14.259331565908));
#473 = ORIENTED_EDGE('',*,*,#474,.T.);
#474 = EDGE_CURVE('',#460,#356,#475,.T.);
#475 = B_SPLINE_CURVE_WITH_KNOTS('',3,(#476,#477,#478,#479),
  .UNSPECIFIED.,.F.,.F.,(4,4),(1.132987968736E-02,1.),
  .PIECEWISE_BEZIER_KNOTS.);
#476 = CARTESIAN_POINT('',(15.377536377368,8.036521158906,
    14.259331565908));
#477 = CARTESIAN_POINT('',(16.178772954577,5.614784620576,15.39837649948
    ));
#478 = CARTESIAN_POINT('',(17.052928286684,2.935820426825,
    16.645517296226));
#479 = CARTESIAN_POINT('',(18.,0.,18.));
#480 = ORIENTED_EDGE('',*,*,#355,.T.);
#481 = B_SPLINE_SURFACE_WITH_KNOTS('',3,1,(
    (#482,#483)
    ,(#484,#485)
    ,(#486,#487)
    ,(#488,#489)
    ,(#490,#491)
    ,(#492,#493
    )),.UNSPECIFIED.,.F.,.F.,.F.,(4,2,4),(2,2),(0.,0.5,1.),(0.,1.),
  .UNSPECIFIED.);
#482 = CARTESIAN_POINT('',(18.,0.,18.));
#483 = CARTESIAN_POINT('',(15.35,8.214714917252,15.171446818688));
#484 = CARTESIAN_POINT('',(18.,0.,15.));
#485 = CARTESIAN_POINT('',(15.35,7.965542947591,12.676111605328));
#486 = CARTESIAN_POINT('',(18.,0.,12.));
#487 = CARTESIAN_POINT('',(15.35,7.71637097793,10.180776391969));
#488 = CARTESIAN_POINT('',(18.,0.,6.));
#489 = CARTESIAN_POINT('',(15.35,7.218027038608,5.190105965251));
#490 = CARTESIAN_POINT('',(18.,0.,3.));
#491 = CARTESIAN_POINT('',(15.35,6.968855068947,2.694770751891));
#492 = CARTESIAN_POINT('',(18.,0.,0.));
#493 = CARTESIAN_POINT('',(15.35,6.719683099286,0.199435538532));
#494 = ADVANCED_FACE('',(#495),#529,.F.);
#495 = FACE_BOUND('',#496,.T.);
#496 = EDGE_LOOP('',(#497,#506,#521,#528));
#497 = ORIENTED_EDGE('',*,*,#498,.T.);
#498 = EDGE_CURVE('',#356,#499,#501,.T.);
#499 = VERTEX_POINT('',#500);
#500 = CARTESIAN_POINT('',(14.475994870715,7.967120106574,
    15.256700548912));
#501 = B_SPLINE_CURVE_WITH_KNOTS('',3,(#502,#503,#504,#505),
  .UNSPECIFIED.,.F.,.F.,(4,4),(0.,0.990315304047),
  .PIECEWISE_BEZIER_KNOTS.);
#502 = CARTESIAN_POINT('',(18.,0.,18.));
#503 = CARTESIAN_POINT('',(16.730113955406,2.895297195927,
    17.003069226762));
#504 = CARTESIAN_POINT('',(15.555445562345,5.551003891474,
    16.088636078687));
#505 = CARTESIAN_POINT('',(14.475994870715,7.967120106574,
    15.256700548912));
#506 = ORIENTED_EDGE('',*,*,#507,.T.);
#507 = EDGE_CURVE('',#499,#508,#510,.T.);
#508 = VERTEX_POINT('',#509);
#509 = CARTESIAN_POINT('',(3.524005120229,7.967120086311,15.256700555888
    ));
#510 = B_SPLINE_CURVE_WITH_KNOTS('',3,(#511,#512,#513,#514,#515,#516,
    #517,#518,#519,#520),.UNSPECIFIED.,.F.,.F.,(4,2,2,2,4),(0.,
    2.753899071234E-03,5.507798142468E-03,8.261697213702E-03,
    1.101559628494E-02),.UNSPECIFIED.);
#511 = CARTESIAN_POINT('',(14.475994870715,7.967120106574,
    15.256700548912));
#512 = CARTESIAN_POINT('',(13.572837555053,7.804528557244,
    15.312685309033));
#513 = CARTESIAN_POINT('',(12.663944594896,7.682582006126,
    15.354674873928));
#514 = CARTESIAN_POINT('',(10.834813493397,7.51908451273,15.410971575608
    ));
#515 = CARTESIAN_POINT('',(9.916331575535,7.477822405261,15.425179258593
    ));
#516 = CARTESIAN_POINT('',(8.080006955132,7.477932375696,15.425141392735
    ));
#517 = CARTESIAN_POINT('',(7.160606375907,7.51941250592,15.410858638496)
  );
#518 = CARTESIAN_POINT('',(5.335153726797,7.682744251082,15.35461900851)
  );
#519 = CARTESIAN_POINT('',(4.427168181988,7.804527524429,15.31268566466)
  );
#520 = CARTESIAN_POINT('',(3.524005120229,7.967120086311,15.256700555888
    ));
#521 = ORIENTED_EDGE('',*,*,#522,.T.);
#522 = EDGE_CURVE('',#508,#364,#523,.T.);
#523 = B_SPLINE_CURVE_WITH_KNOTS('',3,(#524,#525,#526,#527),
  .UNSPECIFIED.,.F.,.F.,(4,4),(9.684412003345E-03,1.),
  .PIECEWISE_BEZIER_KNOTS.);
#524 = CARTESIAN_POINT('',(3.524005120229,7.967120086311,15.256700555888
    ));
#525 = CARTESIAN_POINT('',(2.444554441016,5.551003899398,16.088636075958
    ));
#526 = CARTESIAN_POINT('',(1.269886050974,2.895297210604,17.003069221708
    ));
#527 = CARTESIAN_POINT('',(0.,0.,18.));
#528 = ORIENTED_EDGE('',*,*,#363,.T.);
#529 = PLANE('',#530);
#530 = AXIS2_PLACEMENT_3D('',#531,#532,#533);
#531 = CARTESIAN_POINT('',(9.,7.552851914332,15.399344526808));
#532 = DIRECTION('',(7.84E-15,-0.325568154457,-0.945518575599));
#533 = DIRECTION('',(0.,0.945518575599,-0.325568154457));
#534 = ADVANCED_FACE('',(#535),#592,.T.);
#535 = FACE_BOUND('',#536,.T.);
#536 = EDGE_LOOP('',(#537,#569,#584,#591));
#537 = ORIENTED_EDGE('',*,*,#538,.T.);
#538 = EDGE_CURVE('',#364,#539,#541,.T.);
#539 = VERTEX_POINT('',#540);
#540 = CARTESIAN_POINT('',(2.622463460863,8.036533882741,14.259465772687
    ));
#541 = B_SPLINE_CURVE_WITH_KNOTS('',3,(#542,#543,#544,#545,#546,#547,
    #548,#549,#550,#551,#552,#553,#554,#555,#556,#557,#558,#559,#560,
    #561,#562,#563,#564,#565,#566,#567,#568),.UNSPECIFIED.,.F.,.F.,(4,2,
    2,1,2,2,1,2,2,1,1,2,2,1,1,1,4),(0.,0.487328153513,0.548244172702,
    0.609160191891,0.730992230269,0.761450239864,0.791908249458,
    0.852824268647,0.913740287837,0.928969292634,0.936583795033,
    0.937059701432,0.937535607832,0.938487420632,0.940391046232,
    0.944198297431,0.974656307026),.UNSPECIFIED.);
#542 = CARTESIAN_POINT('',(0.,0.,18.));
#543 = CARTESIAN_POINT('',(0.44608150859,1.382804687897,17.362023298049)
  );
#544 = CARTESIAN_POINT('',(0.874683494649,2.704625603412,16.749781907044
    ));
#545 = CARTESIAN_POINT('',(1.337196266118,4.123091934924,16.089912853343
    ));
#546 = CARTESIAN_POINT('',(1.393545218522,4.295782001095,16.009532023257
    ));
#547 = CARTESIAN_POINT('',(1.502821338794,4.630395447257,15.853681223696
    ));
#548 = CARTESIAN_POINT('',(1.665897862094,5.129348999338,15.621142075294
    ));
#549 = CARTESIAN_POINT('',(1.826461414068,5.619400816303,15.392317894736
    ));
#550 = CARTESIAN_POINT('',(1.958868278864,6.022830629301,15.203697566909
    ));
#551 = CARTESIAN_POINT('',(1.985406038722,6.103654416299,15.16589696739)
  );
#552 = CARTESIAN_POINT('',(2.040060329312,6.270034490657,15.088055542275
    ));
#553 = CARTESIAN_POINT('',(2.121830552598,6.518849131395,14.97160698787)
  );
#554 = CARTESIAN_POINT('',(2.202967138091,6.765396976692,14.856099959065
    ));
#555 = CARTESIAN_POINT('',(2.310586018486,7.092111918907,14.702928691709
    ));
#556 = CARTESIAN_POINT('',(2.365019753575,7.257210338216,14.625472869908
    ));
#557 = CARTESIAN_POINT('',(2.432832384223,7.46268515657,14.529004465276)
  );
#558 = CARTESIAN_POINT('',(2.453150197877,7.524233837859,14.500102749331
    ));
#559 = CARTESIAN_POINT('',(2.473851524271,7.586921190483,14.470658368359
    ));
#560 = CARTESIAN_POINT('',(2.481028729777,7.608652219011,14.460450278232
    ));
#561 = CARTESIAN_POINT('',(2.481873073073,7.611208688492,14.459249377023
    ));
#562 = CARTESIAN_POINT('',(2.481964095255,7.611484289744,14.459119909795
    ));
#563 = CARTESIAN_POINT('',(2.484511634091,7.619197501834,14.455496607239
    ));
#564 = CARTESIAN_POINT('',(2.489567893167,7.634505967843,14.448305833715
    ));
#565 = CARTESIAN_POINT('',(2.501094100831,7.669400143351,14.431917922645
    ));
#566 = CARTESIAN_POINT('',(2.560714729056,7.849863995507,14.347191799771
    ));
#567 = CARTESIAN_POINT('',(2.600427795532,7.969935029678,14.29091617066)
  );
#568 = CARTESIAN_POINT('',(2.622463460863,8.036533882741,14.259465772687
    ));
#569 = ORIENTED_EDGE('',*,*,#570,.T.);
#570 = EDGE_CURVE('',#539,#571,#573,.T.);
#571 = VERTEX_POINT('',#572);
#572 = CARTESIAN_POINT('',(2.618704823847,6.732876472894,1.137273673671)
  );
#573 = B_SPLINE_CURVE_WITH_KNOTS('',3,(#574,#575,#576,#577,#578,#579,
    #580,#581,#582,#583),.UNSPECIFIED.,.F.,.F.,(4,3,3,4),(0.,
    4.541606388251E-03,8.864266022971E-03,1.31869256795E-02),
  .UNSPECIFIED.);
#574 = CARTESIAN_POINT('',(2.622463460863,8.036533882741,14.259465772687
    ));
#575 = CARTESIAN_POINT('',(2.62207061425,7.886745840821,12.753160874658)
  );
#576 = CARTESIAN_POINT('',(2.621662959378,7.736986206387,11.246717838338
    ));
#577 = CARTESIAN_POINT('',(2.621242470943,7.58727384903,9.740270107749)
  );
#578 = CARTESIAN_POINT('',(2.620842253876,7.444778989588,8.306446865521)
  );
#579 = CARTESIAN_POINT('',(2.620430398733,7.302326951611,6.87261936998)
  );
#580 = CARTESIAN_POINT('',(2.620007107889,7.15992493859,5.43878691024));
#581 = CARTESIAN_POINT('',(2.619583817044,7.017522924868,4.004954443447)
  );
#582 = CARTESIAN_POINT('',(2.619149067369,6.875170916947,2.571117012434)
  );
#583 = CARTESIAN_POINT('',(2.618704823847,6.732876472894,1.137273673671)
  );
#584 = ORIENTED_EDGE('',*,*,#585,.T.);
#585 = EDGE_CURVE('',#571,#346,#586,.T.);
#586 = B_SPLINE_CURVE_WITH_KNOTS('',3,(#587,#588,#589,#590),
  .UNSPECIFIED.,.F.,.F.,(4,4),(1.280762934894E-02,1.),
  .PIECEWISE_BEZIER_KNOTS.);
#587 = CARTESIAN_POINT('',(2.618704823847,6.732876472894,1.137273673671)
  );
#588 = CARTESIAN_POINT('',(1.814005028301,4.630557771114,0.795218828901)
  );
#589 = CARTESIAN_POINT('',(0.941103856804,2.386384785374,0.415885902369)
  );
#590 = CARTESIAN_POINT('',(0.,0.,0.));
#591 = ORIENTED_EDGE('',*,*,#371,.F.);
#592 = B_SPLINE_SURFACE_WITH_KNOTS('',3,1,(
    (#593,#594)
    ,(#595,#596)
    ,(#597,#598)
    ,(#599,#600)
    ,(#601,#602)
    ,(#603,#604
    )),.UNSPECIFIED.,.F.,.F.,.F.,(4,2,4),(2,2),(0.,0.5,1.),(0.,1.),
  .UNSPECIFIED.);
#593 = CARTESIAN_POINT('',(0.,0.,0.));
#594 = CARTESIAN_POINT('',(2.65,6.719683099286,0.199435538532));
#595 = CARTESIAN_POINT('',(0.,0.,3.));
#596 = CARTESIAN_POINT('',(2.65,6.968855068947,2.694770751891));
#597 = CARTESIAN_POINT('',(0.,0.,6.));
#598 = CARTESIAN_POINT('',(2.65,7.218027038608,5.190105965251));
#599 = CARTESIAN_POINT('',(0.,0.,12.));
#600 = CARTESIAN_POINT('',(2.65,7.71637097793,10.180776391969));
#601 = CARTESIAN_POINT('',(0.,0.,15.));
#602 = CARTESIAN_POINT('',(2.65,7.965542947591,12.676111605328));
#603 = CARTESIAN_POINT('',(0.,0.,18.));
#604 = CARTESIAN_POINT('',(2.65,8.214714917252,15.171446818688));
#605 = ADVANCED_FACE('',(#606),#623,.T.);
#606 = FACE_BOUND('',#607,.T.);
#607 = EDGE_LOOP('',(#608,#609,#622));
#608 = ORIENTED_EDGE('',*,*,#585,.F.);
#609 = ORIENTED_EDGE('',*,*,#610,.T.);
#610 = EDGE_CURVE('',#571,#392,#611,.T.);
#611 = B_SPLINE_CURVE_WITH_KNOTS('',3,(#612,#613,#614,#615,#616,#617,
    #618,#619,#620,#621),.UNSPECIFIED.,.F.,.F.,(4,2,2,2,4),(
    -5.999999992E-08,3.786705033333E-04,7.574010066664E-04,
    1.13613151E-03,1.514862013333E-03),.UNSPECIFIED.);
#612 = CARTESIAN_POINT('',(2.618704823847,6.732876472894,1.137273673671)
  );
#613 = CARTESIAN_POINT('',(2.619784721059,6.723257885769,1.011401726604)
  );
#614 = CARTESIAN_POINT('',(2.644344341224,6.707680410914,0.885896493469)
  );
#615 = CARTESIAN_POINT('',(2.737023635551,6.667290984462,0.656864898461)
  );
#616 = CARTESIAN_POINT('',(2.805932713365,6.642154160776,0.551464563776)
  );
#617 = CARTESIAN_POINT('',(2.978161219882,6.586795124325,0.377399666196)
  );
#618 = CARTESIAN_POINT('',(3.08112331661,6.55666804634,0.30859965794));
#619 = CARTESIAN_POINT('',(3.307384394241,6.496149825989,0.215549182491)
  );
#620 = CARTESIAN_POINT('',(3.428462396121,6.466337200278,0.191916407785)
  );
#621 = CARTESIAN_POINT('',(3.55160284697,6.438531778026,0.191091162118)
  );
#622 = ORIENTED_EDGE('',*,*,#391,.F.);
#623 = ( BOUNDED_SURFACE() B_SPLINE_SURFACE(2,3,(
    (#624,#625,#626,#627)
    ,(#628,#629,#630,#631)
    ,(#632,#633,#634,#635
)),.UNSPECIFIED.,.F.,.F.,.F.) B_SPLINE_SURFACE_WITH_KNOTS((3,3),(4,4),(
    0.,1.),(0.,7.755997330645E-03),.PIECEWISE_BEZIER_KNOTS.) 
GEOMETRIC_REPRESENTATION_ITEM() RATIONAL_B_SPLINE_SURFACE((
    (1.,1.,1.,1.)
    ,(0.710944282311,0.714751850299,0.719126362584,0.724313676412)
,(1.,1.,1.,1.))) REPRESENTATION_ITEM('') SURFACE() );
#624 = CARTESIAN_POINT('',(0.,1.1E-16,-3.85E-15));
#625 = CARTESIAN_POINT('',(1.270194620978,2.277231327072,
    6.758664796635E-02));
#626 = CARTESIAN_POINT('',(2.530197684152,4.558495823601,0.135292997608)
  );
#627 = CARTESIAN_POINT('',(3.773436855353,6.84636802536,0.203195459362)
  );
#628 = CARTESIAN_POINT('',(0.,6.E-17,-1.92E-15));
#629 = CARTESIAN_POINT('',(0.943050174875,2.391320121454,
    7.097272434133E-02));
#630 = CARTESIAN_POINT('',(1.888937832131,4.789634552281,0.142153034921)
  );
#631 = CARTESIAN_POINT('',(2.841340233223,7.207007950921,0.213899002477)
  );
#632 = CARTESIAN_POINT('',(0.,0.,0.));
#633 = CARTESIAN_POINT('',(0.94458815816,2.395220031008,0.417425659967)
  );
#634 = CARTESIAN_POINT('',(1.878512609922,4.793541180152,0.823864817539)
  );
#635 = CARTESIAN_POINT('',(2.795424590933,7.195158181021,1.212263250372)
  );
#636 = ADVANCED_FACE('',(#637),#675,.T.);
#637 = FACE_BOUND('',#638,.T.);
#638 = EDGE_LOOP('',(#639,#650,#665,#674));
#639 = ORIENTED_EDGE('',*,*,#640,.T.);
#640 = EDGE_CURVE('',#392,#641,#643,.T.);
#641 = VERTEX_POINT('',#642);
#642 = CARTESIAN_POINT('',(3.570561730689,6.533259844784,0.281233179753)
  );
#643 = B_SPLINE_CURVE_WITH_KNOTS('',3,(#644,#645,#646,#647,#648,#649),
  .UNSPECIFIED.,.F.,.F.,(4,2,4),(0.,0.5,1.),.UNSPECIFIED.);
#644 = CARTESIAN_POINT('',(3.55160284697,6.438531778026,0.191091162118)
  );
#645 = CARTESIAN_POINT('',(3.556200799886,6.462134131401,0.191791663613)
  );
#646 = CARTESIAN_POINT('',(3.560778561804,6.485364224945,0.201523055607)
  );
#647 = CARTESIAN_POINT('',(3.567681991306,6.519857420915,0.234346342668)
  );
#648 = CARTESIAN_POINT('',(3.569977213608,6.530968402558,0.257293481529)
  );
#649 = CARTESIAN_POINT('',(3.570561730689,6.533259844784,0.281233179753)
  );
#650 = ORIENTED_EDGE('',*,*,#651,.F.);
#651 = EDGE_CURVE('',#652,#641,#654,.T.);
#652 = VERTEX_POINT('',#653);
#653 = CARTESIAN_POINT('',(14.429438402255,6.533259870662,0.281233180541
    ));
#654 = B_SPLINE_CURVE_WITH_KNOTS('',3,(#655,#656,#657,#658,#659,#660,
    #661,#662,#663,#664),.UNSPECIFIED.,.F.,.F.,(4,2,2,2,4),(0.,
    2.729541059122E-03,5.459082118244E-03,8.188623177365E-03,
    1.091816423649E-02),.UNSPECIFIED.);
#655 = CARTESIAN_POINT('',(14.429438402255,6.533259870662,0.281233180541
    ));
#656 = CARTESIAN_POINT('',(13.534916029404,6.359135436952,0.275935618462
    ));
#657 = CARTESIAN_POINT('',(12.634468274155,6.228507166815,0.271962502807
    ));
#658 = CARTESIAN_POINT('',(10.821857203573,6.053250565315,0.266631583407
    ));
#659 = CARTESIAN_POINT('',(9.911425347004,6.00894200684,0.265283519775)
  );
#660 = CARTESIAN_POINT('',(8.091366211709,6.008851384399,0.265280762262)
  );
#661 = CARTESIAN_POINT('',(7.180048133001,6.053103314885,0.266627104281)
  );
#662 = CARTESIAN_POINT('',(5.365919678711,6.228432731822,0.271960238751)
  );
#663 = CARTESIAN_POINT('',(4.465093477685,6.359133590782,0.275935562294)
  );
#664 = CARTESIAN_POINT('',(3.570561730689,6.533259844784,0.281233179753)
  );
#665 = ORIENTED_EDGE('',*,*,#666,.F.);
#666 = EDGE_CURVE('',#401,#652,#667,.T.);
#667 = B_SPLINE_CURVE_WITH_KNOTS('',3,(#668,#669,#670,#671,#672,#673),
  .UNSPECIFIED.,.F.,.F.,(4,2,4),(0.,0.5,1.),.UNSPECIFIED.);
#668 = CARTESIAN_POINT('',(14.448397286443,6.438531803993,0.191091162889
    ));
#669 = CARTESIAN_POINT('',(14.443799129356,6.462134117627,0.191791663204
    ));
#670 = CARTESIAN_POINT('',(14.439221367499,6.485364211181,0.201523055197
    ));
#671 = CARTESIAN_POINT('',(14.432317938086,6.519857407168,0.234346342254
    ));
#672 = CARTESIAN_POINT('',(14.430022715815,6.530968388817,0.257293481113
    ));
#673 = CARTESIAN_POINT('',(14.429438402255,6.533259870662,0.281233180541
    ));
#674 = ORIENTED_EDGE('',*,*,#400,.F.);
#675 = ( BOUNDED_SURFACE() B_SPLINE_SURFACE(3,2,(
    (#676,#677,#678)
    ,(#679,#680,#681)
    ,(#682,#683,#684)
    ,(#685,#686,#687)
    ,(#688,#689,#690)
    ,(#691,#692,#693)
    ,(#694,#695,#696)
    ,(#697,#698,#699
)),.UNSPECIFIED.,.F.,.F.,.F.) B_SPLINE_SURFACE_WITH_KNOTS((4,2,2,4),(3,3
    ),(0.,5.481340523635E-03,8.222010785453E-03,1.096268104727E-02),(0.,
1.),.UNSPECIFIED.) GEOMETRIC_REPRESENTATION_ITEM() 
RATIONAL_B_SPLINE_SURFACE((
    (1.,0.750692624724,1.)
    ,(1.,0.75155062459,1.)
    ,(1.,0.75198438692,1.)
    ,(1.,0.751983951244,1.)
    ,(1.,0.751873809156,1.)
    ,(1.,0.751443966693,1.)
    ,(1.,0.75112406521,1.)
,(1.,0.750692624788,1.))) REPRESENTATION_ITEM('') SURFACE() );
#676 = CARTESIAN_POINT('',(14.448397373576,6.43853185139,0.191091164295)
  );
#677 = CARTESIAN_POINT('',(14.431576218536,6.524876910159,0.193653825814
    ));
#678 = CARTESIAN_POINT('',(14.429438605774,6.533259910279,0.281233181746
    ));
#679 = CARTESIAN_POINT('',(12.654135975612,6.089293722446,0.180726018604
    ));
#680 = CARTESIAN_POINT('',(12.644962544212,6.176891627953,0.183325863741
    ));
#681 = CARTESIAN_POINT('',(12.64145176909,6.185216957939,0.270644322387)
  );
#682 = CARTESIAN_POINT('',(10.825682331009,5.912262648989,0.175471859003
    ));
#683 = CARTESIAN_POINT('',(10.819990822476,5.999883288434,0.178072378871
    ));
#684 = CARTESIAN_POINT('',(10.819246257406,6.008780065833,0.265278592152
    ));
#685 = CARTESIAN_POINT('',(8.084455705437,5.912438233248,0.175477070222)
  );
#686 = CARTESIAN_POINT('',(8.087309357925,6.000058442177,0.178077577315)
  );
#687 = CARTESIAN_POINT('',(8.087683271669,6.008955044663,0.265283916491)
  );
#688 = CARTESIAN_POINT('',(7.169339190681,5.957082756746,0.176802088747)
  );
#689 = CARTESIAN_POINT('',(7.174742924134,6.044619423179,0.179400116356)
  );
#690 = CARTESIAN_POINT('',(7.175743214607,6.053446638432,0.266637547612)
  );
#691 = CARTESIAN_POINT('',(5.352999371546,6.13275882198,0.182016032643)
  );
#692 = CARTESIAN_POINT('',(5.363980011919,6.219871928996,0.184601489301)
  );
#693 = CARTESIAN_POINT('',(5.365694446147,6.228527414398,0.2719631186));
#694 = CARTESIAN_POINT('',(4.449775501683,6.263709940417,0.185902571106)
  );
#695 = CARTESIAN_POINT('',(4.46327531586,6.350583407193,0.18848091541));
#696 = CARTESIAN_POINT('',(4.465592281552,6.359036488654,0.275932608084)
  );
#697 = CARTESIAN_POINT('',(3.55160275984,6.438531825422,0.191091163525)
  );
#698 = CARTESIAN_POINT('',(3.568423914462,6.524876884255,0.193653825045)
  );
#699 = CARTESIAN_POINT('',(3.570561527175,6.533259884399,0.281233180959)
  );
#700 = ADVANCED_FACE('',(#701),#718,.T.);
#701 = FACE_BOUND('',#702,.T.);
#702 = EDGE_LOOP('',(#703,#704,#717));
#703 = ORIENTED_EDGE('',*,*,#415,.F.);
#704 = ORIENTED_EDGE('',*,*,#705,.T.);
#705 = EDGE_CURVE('',#401,#432,#706,.T.);
#706 = B_SPLINE_CURVE_WITH_KNOTS('',3,(#707,#708,#709,#710,#711,#712,
    #713,#714,#715,#716),.UNSPECIFIED.,.F.,.F.,(4,2,2,2,4),(
    -5.999999992E-08,3.782653626015E-04,7.565907252029E-04,
    1.134916087804E-03,1.513241450406E-03),.UNSPECIFIED.);
#707 = CARTESIAN_POINT('',(14.448397286443,6.438531803993,0.191091162889
    ));
#708 = CARTESIAN_POINT('',(14.571406009493,6.466307482732,0.191915525789
    ));
#709 = CARTESIAN_POINT('',(14.694360879733,6.496603303832,0.216130267316
    ));
#710 = CARTESIAN_POINT('',(14.918918689051,6.556692707173,0.308754602817
    ));
#711 = CARTESIAN_POINT('',(15.022780513167,6.587081382039,0.378155646833
    ));
#712 = CARTESIAN_POINT('',(15.194578793787,6.642335137559,0.5521788278)
  );
#713 = CARTESIAN_POINT('',(15.263187133755,6.66735796456,0.657056851414)
  );
#714 = CARTESIAN_POINT('',(15.356163381294,6.707926719262,0.887482434094
    ));
#715 = CARTESIAN_POINT('',(15.380216432688,6.7232681616,1.011536243443)
  );
#716 = CARTESIAN_POINT('',(15.381295117311,6.732864915154,1.137154733758
    ));
#717 = ORIENTED_EDGE('',*,*,#431,.F.);
#718 = ( BOUNDED_SURFACE() B_SPLINE_SURFACE(2,3,(
    (#719,#720,#721,#722)
    ,(#723,#724,#725,#726)
    ,(#727,#728,#729,#730
)),.UNSPECIFIED.,.F.,.F.,.F.) B_SPLINE_SURFACE_WITH_KNOTS((3,3),(4,4),(
    0.,1.),(-3.613046342384E-03,4.142952062879E-03),
.PIECEWISE_BEZIER_KNOTS.) GEOMETRIC_REPRESENTATION_ITEM() 
RATIONAL_B_SPLINE_SURFACE((
    (1.,1.,1.,1.)
    ,(0.710944282311,0.714751850831,0.719126363815,0.724313678646)
,(1.,1.,1.,1.))) REPRESENTATION_ITEM('') SURFACE() );
#719 = CARTESIAN_POINT('',(18.,0.,0.));
#720 = CARTESIAN_POINT('',(17.055411710483,2.395220364095,0.417425669844
    ));
#721 = CARTESIAN_POINT('',(16.121487128677,4.793541846964,0.823864835908
    ));
#722 = CARTESIAN_POINT('',(15.204575020953,7.195159182517,1.212263273297
    ));
#723 = CARTESIAN_POINT('',(18.,4.E-17,-1.22E-15));
#724 = CARTESIAN_POINT('',(17.056949695174,2.391320450995,
    7.097273411659E-02));
#725 = CARTESIAN_POINT('',(16.111061907329,4.789635212775,0.142153054534
    ));
#726 = CARTESIAN_POINT('',(15.158659372922,7.207008950012,0.213899032129
    ));
#727 = CARTESIAN_POINT('',(18.,7.E-17,-2.44E-15));
#728 = CARTESIAN_POINT('',(16.72980524767,2.277231660176,
    6.758665785263E-02));
#729 = CARTESIAN_POINT('',(15.469802054426,4.558496490318,0.135293017395
    ));
#730 = CARTESIAN_POINT('',(14.226562756721,6.846369027097,0.203195489093
    ));
#731 = ADVANCED_FACE('',(#732),#770,.T.);
#732 = FACE_BOUND('',#733,.T.);
#733 = EDGE_LOOP('',(#734,#745,#746,#757));
#734 = ORIENTED_EDGE('',*,*,#735,.T.);
#735 = EDGE_CURVE('',#736,#460,#738,.T.);
#736 = VERTEX_POINT('',#737);
#737 = CARTESIAN_POINT('',(15.261249248843,8.103674831695,
    14.252582621631));
#738 = B_SPLINE_CURVE_WITH_KNOTS('',3,(#739,#740,#741,#742,#743,#744),
  .UNSPECIFIED.,.F.,.F.,(4,2,4),(0.,0.5,1.),.UNSPECIFIED.);
#739 = CARTESIAN_POINT('',(15.261249248843,8.103674831695,
    14.252582621631));
#740 = CARTESIAN_POINT('',(15.285273478386,8.108806490982,
    14.252079603436));
#741 = CARTESIAN_POINT('',(15.311170029276,8.104722298491,
    14.252497367026));
#742 = CARTESIAN_POINT('',(15.353681561492,8.08017295612,14.254964682915
    ));
#743 = CARTESIAN_POINT('',(15.370092533521,8.059825616488,
    14.257002394772));
#744 = CARTESIAN_POINT('',(15.377536377368,8.036521158906,
    14.259331565908));
#745 = ORIENTED_EDGE('',*,*,#459,.F.);
#746 = ORIENTED_EDGE('',*,*,#747,.F.);
#747 = EDGE_CURVE('',#748,#432,#750,.T.);
#748 = VERTEX_POINT('',#749);
#749 = CARTESIAN_POINT('',(15.266303776757,6.793746392634,1.131138336467
    ));
#750 = B_SPLINE_CURVE_WITH_KNOTS('',3,(#751,#752,#753,#754,#755,#756),
  .UNSPECIFIED.,.F.,.F.,(4,2,4),(0.,0.5,1.),.UNSPECIFIED.);
#751 = CARTESIAN_POINT('',(15.266303776757,6.793746392634,1.131138336467
    ));
#752 = CARTESIAN_POINT('',(15.289371420604,6.7988883126,1.130637354532)
  );
#753 = CARTESIAN_POINT('',(15.314252155094,6.795544419039,1.130984175582
    ));
#754 = CARTESIAN_POINT('',(15.355995967055,6.773447928784,1.133211313381
    ));
#755 = CARTESIAN_POINT('',(15.372687159665,6.754786316885,1.13508245964)
  );
#756 = CARTESIAN_POINT('',(15.381295117311,6.732864915154,1.137154733758
    ));
#757 = ORIENTED_EDGE('',*,*,#758,.F.);
#758 = EDGE_CURVE('',#736,#748,#759,.T.);
#759 = B_SPLINE_CURVE_WITH_KNOTS('',3,(#760,#761,#762,#763,#764,#765,
    #766,#767,#768,#769),.UNSPECIFIED.,.F.,.F.,(4,3,3,4),(0.,
    6.593334467343E-03,8.865476646826E-03,1.31866689654E-02),
  .UNSPECIFIED.);
#760 = CARTESIAN_POINT('',(15.261249248843,8.103674831695,
    14.252582621631));
#761 = CARTESIAN_POINT('',(15.261946000073,7.885314721551,
    12.065679057469));
#762 = CARTESIAN_POINT('',(15.262708374599,7.666971738332,9.878773802905
    ));
#763 = CARTESIAN_POINT('',(15.263546033446,7.448648932982,7.691866563669
    ));
#764 = CARTESIAN_POINT('',(15.263834700737,7.373412274283,6.938232085116
    ));
#765 = CARTESIAN_POINT('',(15.264132343245,7.298178021748,6.184597369722
    ));
#766 = CARTESIAN_POINT('',(15.264439676641,7.222946377416,5.430962397973
    ));
#767 = CARTESIAN_POINT('',(15.265024167666,7.079869766079,3.997688688491
    ));
#768 = CARTESIAN_POINT('',(15.265643644663,6.936802569463,2.564414052835
    ));
#769 = CARTESIAN_POINT('',(15.266303776757,6.793746392634,1.131138336467
    ));
#770 = ( BOUNDED_SURFACE() B_SPLINE_SURFACE(3,2,(
    (#771,#772,#773)
    ,(#774,#775,#776)
    ,(#777,#778,#779)
    ,(#780,#781,#782
)),.UNSPECIFIED.,.F.,.F.,.F.) B_SPLINE_SURFACE_WITH_KNOTS((4,4),(3,3),(
    0.,1.326602974084E-02),(0.,1.),.PIECEWISE_BEZIER_KNOTS.) 
GEOMETRIC_REPRESENTATION_ITEM() RATIONAL_B_SPLINE_SURFACE((
    (1.,0.74029279683,1.)
    ,(1.,0.745389307283,1.)
    ,(1.,0.751428160529,1.)
,(1.,0.758984667491,1.))) REPRESENTATION_ITEM('') SURFACE() );
#771 = CARTESIAN_POINT('',(15.377534381279,8.036519208443,
    14.259332052146));
#772 = CARTESIAN_POINT('',(15.350035627964,8.1226399121,14.250723615703)
  );
#773 = CARTESIAN_POINT('',(15.261244345063,8.103673784262,14.25258272463
    ));
#774 = CARTESIAN_POINT('',(15.378688397725,7.598953845242,9.859027978319
    ));
#775 = CARTESIAN_POINT('',(15.350039619464,7.686272388818,9.880684599252
    ));
#776 = CARTESIAN_POINT('',(15.262656100522,7.664327395304,9.852452877741
    ));
#777 = CARTESIAN_POINT('',(15.379952959744,7.161724535255,5.458691170733
    ));
#778 = CARTESIAN_POINT('',(15.350044653126,7.248316136483,5.494723894149
    ));
#779 = CARTESIAN_POINT('',(15.264308986982,7.225044760151,5.452316767977
    ));
#780 = CARTESIAN_POINT('',(15.381320783362,6.725040510287,1.058301341694
    ));
#781 = CARTESIAN_POINT('',(15.350052169962,6.804529230711,1.050352220143
    ));
#782 = CARTESIAN_POINT('',(15.266340188625,6.785864588498,1.052170654595
    ));
#783 = ADVANCED_FACE('',(#784),#799,.T.);
#784 = FACE_BOUND('',#785,.T.);
#785 = EDGE_LOOP('',(#786,#787,#798));
#786 = ORIENTED_EDGE('',*,*,#474,.F.);
#787 = ORIENTED_EDGE('',*,*,#788,.T.);
#788 = EDGE_CURVE('',#460,#499,#789,.T.);
#789 = B_SPLINE_CURVE_WITH_KNOTS('',3,(#790,#791,#792,#793,#794,#795,
    #796,#797),.UNSPECIFIED.,.F.,.F.,(4,2,2,4),(-5.999999993E-08,
    7.457137208547E-04,1.118600581282E-03,1.491487441709E-03),
  .UNSPECIFIED.);
#790 = CARTESIAN_POINT('',(15.377536377368,8.036521158906,
    14.259331565908));
#791 = CARTESIAN_POINT('',(15.37511866605,8.068482838467,14.505847844655
    ));
#792 = CARTESIAN_POINT('',(15.283537934178,8.079451601487,
    14.754540227515));
#793 = CARTESIAN_POINT('',(15.037461488225,8.05971302118,15.03100606546)
  );
#794 = CARTESIAN_POINT('',(14.937730834885,8.047316719249,
    15.107476191773));
#795 = CARTESIAN_POINT('',(14.717353877195,8.013150201656,
    15.216215310633));
#796 = CARTESIAN_POINT('',(14.59757427095,7.991555221896,15.248286863968
    ));
#797 = CARTESIAN_POINT('',(14.475994870715,7.967120106574,
    15.256700548912));
#798 = ORIENTED_EDGE('',*,*,#498,.F.);
#799 = ( BOUNDED_SURFACE() B_SPLINE_SURFACE(2,3,(
    (#800,#801,#802,#803)
    ,(#804,#805,#806,#807)
    ,(#808,#809,#810,#811
)),.UNSPECIFIED.,.F.,.F.,.F.) B_SPLINE_SURFACE_WITH_KNOTS((3,3),(4,4),(
    0.,1.),(0.,9.754232850319E-03),.PIECEWISE_BEZIER_KNOTS.) 
GEOMETRIC_REPRESENTATION_ITEM() RATIONAL_B_SPLINE_SURFACE((
    (1.,1.,1.,1.)
    ,(0.741604163351,0.738581462247,0.735088456913,0.730691618335)
,(1.,1.,1.,1.))) REPRESENTATION_ITEM('') SURFACE() );
#800 = CARTESIAN_POINT('',(18.,8.246E-14,18.));
#801 = CARTESIAN_POINT('',(16.748579991908,2.853195257781,
    17.017566086639));
#802 = CARTESIAN_POINT('',(15.489053679185,5.704052642284,
    16.035937167604));
#803 = CARTESIAN_POINT('',(14.215036399201,8.550712036988,
    15.055753732377));
#804 = CARTESIAN_POINT('',(18.,4.123E-14,18.));
#805 = CARTESIAN_POINT('',(17.047518378239,2.95259056076,16.983341537103
    ));
#806 = CARTESIAN_POINT('',(16.096593279503,5.899266743816,
    15.968719561942));
#807 = CARTESIAN_POINT('',(15.152232625225,8.824940248601,
    14.961329386776));
#808 = CARTESIAN_POINT('',(18.,0.,18.));
#809 = CARTESIAN_POINT('',(17.081669460936,2.846725878573,
    16.686622339132));
#810 = CARTESIAN_POINT('',(16.15592771441,5.689203247553,15.365216068639
    ));
#811 = CARTESIAN_POINT('',(15.215793725199,8.524876174656,
    14.029462779767));
#812 = ADVANCED_FACE('',(#813),#845,.T.);
#813 = FACE_BOUND('',#814,.T.);
#814 = EDGE_LOOP('',(#815,#824,#825,#834));
#815 = ORIENTED_EDGE('',*,*,#816,.T.);
#816 = EDGE_CURVE('',#817,#508,#819,.T.);
#817 = VERTEX_POINT('',#818);
#818 = CARTESIAN_POINT('',(3.542226848697,8.032396891745,15.152322536668
    ));
#819 = B_SPLINE_CURVE_WITH_KNOTS('',3,(#820,#821,#822,#823),
  .UNSPECIFIED.,.F.,.F.,(4,4),(0.,1.),.PIECEWISE_BEZIER_KNOTS.);
#820 = CARTESIAN_POINT('',(3.542226848697,8.032396891745,15.152322536668
    ));
#821 = CARTESIAN_POINT('',(3.540337493953,8.037215660283,15.196796706245
    ));
#822 = CARTESIAN_POINT('',(3.532379721314,8.008707955593,15.242380704117
    ));
#823 = CARTESIAN_POINT('',(3.524005120229,7.967120086311,15.256700555888
    ));
#824 = ORIENTED_EDGE('',*,*,#507,.F.);
#825 = ORIENTED_EDGE('',*,*,#826,.F.);
#826 = EDGE_CURVE('',#827,#499,#829,.T.);
#827 = VERTEX_POINT('',#828);
#828 = CARTESIAN_POINT('',(14.45777325978,8.032396911272,15.152322529934
    ));
#829 = B_SPLINE_CURVE_WITH_KNOTS('',3,(#830,#831,#832,#833),
  .UNSPECIFIED.,.F.,.F.,(4,4),(0.,1.),.PIECEWISE_BEZIER_KNOTS.);
#830 = CARTESIAN_POINT('',(14.45777325978,8.032396911272,15.152322529934
    ));
#831 = CARTESIAN_POINT('',(14.459662614561,8.037215679822,
    15.196796699511));
#832 = CARTESIAN_POINT('',(14.467620387361,8.00870797516,15.242380697379
    ));
#833 = CARTESIAN_POINT('',(14.475994870715,7.967120106574,
    15.256700548912));
#834 = ORIENTED_EDGE('',*,*,#835,.F.);
#835 = EDGE_CURVE('',#817,#827,#836,.T.);
#836 = B_SPLINE_CURVE_WITH_KNOTS('',3,(#837,#838,#839,#840,#841,#842,
    #843,#844),.UNSPECIFIED.,.F.,.F.,(4,2,2,4),(0.,2.740276688698E-03,
    5.480553377396E-03,1.096110675479E-02),.UNSPECIFIED.);
#837 = CARTESIAN_POINT('',(3.542226848697,8.032396891745,15.152322536668
    ));
#838 = CARTESIAN_POINT('',(4.442187853138,7.870388745117,15.208188548876
    ));
#839 = CARTESIAN_POINT('',(5.346954340249,7.749034592841,15.25003461061)
  );
#840 = CARTESIAN_POINT('',(7.165934972367,7.586253672618,15.306166074816
    ));
#841 = CARTESIAN_POINT('',(8.082076122739,7.544894773783,15.320428061656
    ));
#842 = CARTESIAN_POINT('',(10.826809394469,7.544623373436,15.32052165107
    ));
#843 = CARTESIAN_POINT('',(12.6578708089,7.708384132085,15.264053342578)
  );
#844 = CARTESIAN_POINT('',(14.45777325978,8.032396911272,15.152322529934
    ));
#845 = ( BOUNDED_SURFACE() B_SPLINE_SURFACE(3,2,(
    (#846,#847,#848)
    ,(#849,#850,#851)
    ,(#852,#853,#854)
    ,(#855,#856,#857)
    ,(#858,#859,#860)
    ,(#861,#862,#863)
    ,(#864,#865,#866)
    ,(#867,#868,#869
)),.UNSPECIFIED.,.F.,.F.,.F.) B_SPLINE_SURFACE_WITH_KNOTS((4,2,2,4),(3,3
    ),(-1.106321E-10,5.507798087152E-03,8.261697186044E-03,
    1.101559628494E-02),(0.,1.),.UNSPECIFIED.) 
GEOMETRIC_REPRESENTATION_ITEM() RATIONAL_B_SPLINE_SURFACE((
    (1.,0.782817644846,1.)
    ,(1.,0.783309507282,1.)
    ,(1.,0.783557660568,1.)
    ,(1.,0.783557406981,1.)
    ,(1.,0.783494163669,1.)
    ,(1.,0.783248241894,1.)
    ,(1.,0.783065385792,1.)
,(1.,0.782817644846,1.))) REPRESENTATION_ITEM('') SURFACE() );
#846 = CARTESIAN_POINT('',(14.457773151297,8.032396891744,
    15.152322536668));
#847 = CARTESIAN_POINT('',(14.461127354689,8.040951732932,
    15.231278281222));
#848 = CARTESIAN_POINT('',(14.475994820816,7.967120086643,
    15.256700555774));
#849 = CARTESIAN_POINT('',(12.659444753259,7.708667475447,
    15.263955637539));
#850 = CARTESIAN_POINT('',(12.662836800582,7.717088175783,
    15.342793446899));
#851 = CARTESIAN_POINT('',(12.671631616448,7.642288310465,
    15.368549105986));
#852 = CARTESIAN_POINT('',(10.828314381953,7.544694621512,15.32049708194
    ));
#853 = CARTESIAN_POINT('',(10.829461026446,7.55274226178,15.399382283214
    ));
#854 = CARTESIAN_POINT('',(10.834493959429,7.477767423446,15.42519819035
    ));
#855 = CARTESIAN_POINT('',(8.083106040197,7.544859008255,15.320440395012
    ));
#856 = CARTESIAN_POINT('',(8.082530704618,7.552906822654,15.399325620354
    ));
#857 = CARTESIAN_POINT('',(8.080007001278,7.477932373989,15.425141393323
    ));
#858 = CARTESIAN_POINT('',(7.166757051586,7.586198244245,15.306185188124
    ));
#859 = CARTESIAN_POINT('',(7.165472564028,7.594302401961,15.385071979332
    ));
#860 = CARTESIAN_POINT('',(7.160606412672,7.519412503465,15.410858639341
    ));
#861 = CARTESIAN_POINT('',(5.347351609663,7.748980913627,15.250053120682
    ));
#862 = CARTESIAN_POINT('',(5.344951640167,7.7572541145,15.328963205074)
  );
#863 = CARTESIAN_POINT('',(5.335153745033,7.682744248616,15.354619009359
    ));
#864 = CARTESIAN_POINT('',(4.442362787347,7.870357254006,15.208199408046
    ));
#865 = CARTESIAN_POINT('',(4.439270438421,7.878794385553,15.2871135336)
  );
#866 = CARTESIAN_POINT('',(4.427162726568,7.804528506706,15.312685326435
    ));
#867 = CARTESIAN_POINT('',(3.542226848697,8.032396891745,15.152322536668
    ));
#868 = CARTESIAN_POINT('',(3.538872645304,8.040951732934,15.231278281222
    ));
#869 = CARTESIAN_POINT('',(3.524005179177,7.967120086644,15.256700555774
    ));
#870 = ADVANCED_FACE('',(#871),#888,.T.);
#871 = FACE_BOUND('',#872,.T.);
#872 = EDGE_LOOP('',(#873,#874,#887));
#873 = ORIENTED_EDGE('',*,*,#522,.F.);
#874 = ORIENTED_EDGE('',*,*,#875,.T.);
#875 = EDGE_CURVE('',#508,#539,#876,.T.);
#876 = B_SPLINE_CURVE_WITH_KNOTS('',3,(#877,#878,#879,#880,#881,#882,
    #883,#884,#885,#886),.UNSPECIFIED.,.F.,.F.,(4,2,2,2,4),(
    -5.999999992E-08,3.744044408847E-04,7.488688817692E-04,
    1.123333322654E-03,1.497797763538E-03),.UNSPECIFIED.);
#877 = CARTESIAN_POINT('',(3.524005120229,7.967120086311,15.256700555888
    ));
#878 = CARTESIAN_POINT('',(3.401911360717,7.991658600065,15.248251268008
    ));
#879 = CARTESIAN_POINT('',(3.281610686632,8.013324599504,15.215827548192
    ));
#880 = CARTESIAN_POINT('',(3.061776661025,8.047379111528,15.107109174207
    ));
#881 = CARTESIAN_POINT('',(2.962232649229,8.059761613248,15.030856859279
    ));
#882 = CARTESIAN_POINT('',(2.797426761443,8.072932905724,14.845307670674
    ));
#883 = CARTESIAN_POINT('',(2.733431850396,8.073686232899,14.738099665185
    ));
#884 = CARTESIAN_POINT('',(2.645930769762,8.063393189367,14.505018749004
    ));
#885 = CARTESIAN_POINT('',(2.623676410789,8.052570012013,14.383111201322
    ));
#886 = CARTESIAN_POINT('',(2.622463460863,8.036533882741,14.259465772687
    ));
#887 = ORIENTED_EDGE('',*,*,#538,.F.);
#888 = ( BOUNDED_SURFACE() B_SPLINE_SURFACE(2,3,(
    (#889,#890,#891,#892)
    ,(#893,#894,#895,#896)
    ,(#897,#898,#899,#900
)),.UNSPECIFIED.,.F.,.F.,.F.) B_SPLINE_SURFACE_WITH_KNOTS((3,3),(4,4),(
    0.,1.),(0.,9.754232850319E-03),.PIECEWISE_BEZIER_KNOTS.) 
GEOMETRIC_REPRESENTATION_ITEM() RATIONAL_B_SPLINE_SURFACE((
    (1.,1.,1.,1.)
    ,(0.741604163351,0.738581462247,0.735088456913,0.730691618335)
,(1.,1.,1.,1.))) REPRESENTATION_ITEM('') SURFACE() );
#889 = CARTESIAN_POINT('',(0.,0.,18.));
#890 = CARTESIAN_POINT('',(0.918330538989,2.846725878339,16.686622338558
    ));
#891 = CARTESIAN_POINT('',(1.844072285587,5.689203247542,15.365216068631
    ));
#892 = CARTESIAN_POINT('',(2.784206274801,8.524876174656,14.029462779767
    ));
#893 = CARTESIAN_POINT('',(0.,6.424E-14,18.));
#894 = CARTESIAN_POINT('',(0.952481621685,2.952590560492,16.983341536256
    ));
#895 = CARTESIAN_POINT('',(1.903406720491,5.899266743809,15.968719561914
    ));
#896 = CARTESIAN_POINT('',(2.847767374775,8.824940248601,14.961329386775
    ));
#897 = CARTESIAN_POINT('',(0.,1.2849E-13,18.));
#898 = CARTESIAN_POINT('',(1.251420008044,2.853195257799,17.017566086633
    ));
#899 = CARTESIAN_POINT('',(2.510946320818,5.704052642283,16.035937167604
    ));
#900 = CARTESIAN_POINT('',(3.784963600799,8.550712036988,15.055753732377
    ));
#901 = ADVANCED_FACE('',(#902),#940,.T.);
#902 = FACE_BOUND('',#903,.T.);
#903 = EDGE_LOOP('',(#904,#915,#930,#939));
#904 = ORIENTED_EDGE('',*,*,#905,.T.);
#905 = EDGE_CURVE('',#539,#906,#908,.T.);
#906 = VERTEX_POINT('',#907);
#907 = CARTESIAN_POINT('',(2.738755654821,8.103673748318,14.252582364641
    ));
#908 = B_SPLINE_CURVE_WITH_KNOTS('',3,(#909,#910,#911,#912,#913,#914),
  .UNSPECIFIED.,.F.,.F.,(4,2,4),(0.,0.5,1.),.UNSPECIFIED.);
#909 = CARTESIAN_POINT('',(2.622463460863,8.036533882741,14.259465772687
    ));
#910 = CARTESIAN_POINT('',(2.629907490977,8.059838927278,14.257136137223
    ));
#911 = CARTESIAN_POINT('',(2.646318459851,8.080186281162,14.255098423957
    ));
#912 = CARTESIAN_POINT('',(2.688829997428,8.104735644764,14.252631105986
    ));
#913 = CARTESIAN_POINT('',(2.714726556555,8.108819843987,14.25221334175)
  );
#914 = CARTESIAN_POINT('',(2.738755654821,8.103673748318,14.252582364641
    ));
#915 = ORIENTED_EDGE('',*,*,#916,.F.);
#916 = EDGE_CURVE('',#917,#906,#919,.T.);
#917 = VERTEX_POINT('',#918);
#918 = CARTESIAN_POINT('',(2.733698982793,6.793745814329,1.131138764869)
  );
#919 = B_SPLINE_CURVE_WITH_KNOTS('',3,(#920,#921,#922,#923,#924,#925,
    #926,#927,#928,#929),.UNSPECIFIED.,.F.,.F.,(4,3,3,4),(0.,
    6.593334098894E-03,8.865599321034E-03,1.318666823131E-02),
  .UNSPECIFIED.);
#920 = CARTESIAN_POINT('',(2.733698982793,6.793745814329,1.131138764869)
  );
#921 = CARTESIAN_POINT('',(2.734703461943,7.012023492533,3.318050315071)
  );
#922 = CARTESIAN_POINT('',(2.735616307742,7.230326136869,5.504959416948)
  );
#923 = CARTESIAN_POINT('',(2.736453966543,7.448648930018,7.691866533975)
  );
#924 = CARTESIAN_POINT('',(2.736742649466,7.523889663001,8.445541824026)
  );
#925 = CARTESIAN_POINT('',(2.73702235573,7.59913280256,9.199216877312));
#926 = CARTESIAN_POINT('',(2.737293736044,7.674378165323,9.952891711578)
  );
#927 = CARTESIAN_POINT('',(2.737809808298,7.817469030976,11.386122684177
    ));
#928 = CARTESIAN_POINT('',(2.738295811673,7.960567924957,12.819352866325
    ));
#929 = CARTESIAN_POINT('',(2.738755654821,8.103673748318,14.252582364641
    ));
#930 = ORIENTED_EDGE('',*,*,#931,.F.);
#931 = EDGE_CURVE('',#571,#917,#932,.T.);
#932 = B_SPLINE_CURVE_WITH_KNOTS('',3,(#933,#934,#935,#936,#937,#938),
  .UNSPECIFIED.,.F.,.F.,(4,2,4),(0.,0.5,1.),.UNSPECIFIED.);
#933 = CARTESIAN_POINT('',(2.618704823847,6.732876472894,1.137273673671)
  );
#934 = CARTESIAN_POINT('',(2.627312840353,6.754786330066,1.135082592246)
  );
#935 = CARTESIAN_POINT('',(2.64400403296,6.773447941985,1.133211445986)
  );
#936 = CARTESIAN_POINT('',(2.685747844931,6.795544432269,1.130984308184)
  );
#937 = CARTESIAN_POINT('',(2.710628579433,6.798888325838,1.130637487133)
  );
#938 = CARTESIAN_POINT('',(2.733698982793,6.793745814329,1.131138764869)
  );
#939 = ORIENTED_EDGE('',*,*,#570,.F.);
#940 = ( BOUNDED_SURFACE() B_SPLINE_SURFACE(3,2,(
    (#941,#942,#943)
    ,(#944,#945,#946)
    ,(#947,#948,#949)
    ,(#950,#951,#952
)),.UNSPECIFIED.,.F.,.F.,.F.) B_SPLINE_SURFACE_WITH_KNOTS((4,4),(3,3),(
    0.,1.326606010445E-02),(0.,1.),.PIECEWISE_BEZIER_KNOTS.) 
GEOMETRIC_REPRESENTATION_ITEM() RATIONAL_B_SPLINE_SURFACE((
    (1.,0.758849110636,1.)
    ,(1.,0.751311119146,1.)
    ,(1.,0.745286373585,1.)
,(1.,0.740201500206,1.))) REPRESENTATION_ITEM('') SURFACE() );
#941 = CARTESIAN_POINT('',(2.618703753955,6.732877602029,1.13727376098)
  );
#942 = CARTESIAN_POINT('',(2.649947963334,6.812414441042,1.129319859946)
  );
#943 = CARTESIAN_POINT('',(2.733696223412,6.793746429393,1.13113870475)
  );
#944 = CARTESIAN_POINT('',(2.620070400436,7.169569267192,5.537673016395)
  );
#945 = CARTESIAN_POINT('',(2.64995545042,7.256192246904,5.573600170375)
  );
#946 = CARTESIAN_POINT('',(2.735722828752,7.232928853725,5.531294767906)
  );
#947 = CARTESIAN_POINT('',(2.62133358815,7.606804605773,9.938019406941)
  );
#948 = CARTESIAN_POINT('',(2.649960466049,7.694153213528,9.959607916684)
  );
#949 = CARTESIAN_POINT('',(2.737372169623,7.672213443802,9.931440856352)
  );
#950 = CARTESIAN_POINT('',(2.622486325915,8.044375099455,14.338333150912
    ));
#951 = CARTESIAN_POINT('',(2.649964444069,8.130528195869,14.329721491215
    ));
#952 = CARTESIAN_POINT('',(2.738780974439,8.111561620957,14.331580698248
    ));
#953 = ADVANCED_FACE('',(#954),#970,.T.);
#954 = FACE_BOUND('',#955,.T.);
#955 = EDGE_LOOP('',(#956,#957,#968,#969));
#956 = ORIENTED_EDGE('',*,*,#931,.T.);
#957 = ORIENTED_EDGE('',*,*,#958,.F.);
#958 = EDGE_CURVE('',#641,#917,#959,.T.);
#959 = B_SPLINE_CURVE_WITH_KNOTS('',3,(#960,#961,#962,#963,#964,#965,
    #966,#967),.UNSPECIFIED.,.F.,.F.,(4,2,2,4),(0.,3.368903037148E-04,
    6.737806074296E-04,1.347561214859E-03),.UNSPECIFIED.);
#960 = CARTESIAN_POINT('',(3.570561730689,6.533259844784,0.281233179753)
  );
#961 = CARTESIAN_POINT('',(3.458802895721,6.555014407828,0.281895040618)
  );
#962 = CARTESIAN_POINT('',(3.349761639472,6.57899682691,0.302877911959)
  );
#963 = CARTESIAN_POINT('',(3.145350168138,6.629487757901,0.386242644305)
  );
#964 = CARTESIAN_POINT('',(3.052483512097,6.655422745185,0.448066213358)
  );
#965 = CARTESIAN_POINT('',(2.820476453172,6.729120361448,0.683033215266)
  );
#966 = CARTESIAN_POINT('',(2.733594562469,6.771118594554,0.904437289963)
  );
#967 = CARTESIAN_POINT('',(2.733698982793,6.793745814329,1.131138764869)
  );
#968 = ORIENTED_EDGE('',*,*,#640,.F.);
#969 = ORIENTED_EDGE('',*,*,#610,.F.);
#970 = ( BOUNDED_SURFACE() B_SPLINE_SURFACE(3,2,(
    (#971,#972,#973)
    ,(#974,#975,#976)
    ,(#977,#978,#979)
    ,(#980,#981,#982)
    ,(#983,#984,#985)
    ,(#986,#987,#988)
    ,(#989,#990,#991)
    ,(#992,#993,#994)
    ,(#995,#996,#997)
    ,(#998,#999,#1000
)),.UNSPECIFIED.,.F.,.F.,.F.) B_SPLINE_SURFACE_WITH_KNOTS((4,2,2,2,4),(3
    ,3),(0.,3.37477556985E-04,6.749551139699E-04,1.012432670955E-03,
    1.34991022794E-03),(0.,1.),.UNSPECIFIED.) 
GEOMETRIC_REPRESENTATION_ITEM() RATIONAL_B_SPLINE_SURFACE((
    (1.,0.750692624886,1.)
    ,(1.,0.762978497376,1.)
    ,(1.,0.772650036916,1.)
    ,(1.,0.78598294762,1.)
    ,(1.,0.789529670576,1.)
    ,(1.,0.79045350217,1.)
    ,(1.,0.787796435629,1.)
    ,(1.,0.77713136214,1.)
    ,(1.,0.76908293384,1.)
,(1.,0.758845656694,1.))) REPRESENTATION_ITEM('') SURFACE() );
#971 = CARTESIAN_POINT('',(3.551602964068,6.438531785671,0.191091162345)
  );
#972 = CARTESIAN_POINT('',(3.568424118052,6.524876844601,0.193653823868)
  );
#973 = CARTESIAN_POINT('',(3.570561730689,6.533259844784,0.281233179753)
  );
#974 = CARTESIAN_POINT('',(3.429644734165,6.466069736439,0.191908469643)
  );
#975 = CARTESIAN_POINT('',(3.449435095992,6.548377126625,0.197583658977)
  );
#976 = CARTESIAN_POINT('',(3.459868955909,6.554806893648,0.281888738806)
  );
#977 = CARTESIAN_POINT('',(3.308408069496,6.495891292369,0.21528466746)
  );
#978 = CARTESIAN_POINT('',(3.329322153628,6.575038392455,0.222577509966)
  );
#979 = CARTESIAN_POINT('',(3.350156341789,6.578908762212,0.302792502465)
  );
#980 = CARTESIAN_POINT('',(3.082116741829,6.55638720009,0.30803602393));
#981 = CARTESIAN_POINT('',(3.107731198048,6.630370473912,0.316534524918)
  );
#982 = CARTESIAN_POINT('',(3.145931263758,6.629334839263,0.385930456221)
  );
#983 = CARTESIAN_POINT('',(2.97889969065,6.586568733115,0.376783943019)
  );
#984 = CARTESIAN_POINT('',(3.006170292363,6.658957219592,0.384868710124)
  );
#985 = CARTESIAN_POINT('',(3.053079010038,6.65524937051,0.447606142661)
  );
#986 = CARTESIAN_POINT('',(2.806154693881,6.642071897056,0.551110319325)
  );
#987 = CARTESIAN_POINT('',(2.83738829559,6.712886657438,0.555819460596)
  );
#988 = CARTESIAN_POINT('',(2.898252700744,6.704398862591,0.60412262902)
  );
#989 = CARTESIAN_POINT('',(2.737047534687,6.667278579479,0.656779500736)
  );
#990 = CARTESIAN_POINT('',(2.769314558612,6.738514074541,0.659690519393)
  );
#991 = CARTESIAN_POINT('',(2.836661450772,6.727541236565,0.699044064883)
  );
#992 = CARTESIAN_POINT('',(2.644262782041,6.707717945252,0.88612439864)
  );
#993 = CARTESIAN_POINT('',(2.677313744816,6.78163125705,0.88368372505));
#994 = CARTESIAN_POINT('',(2.754715380058,6.766415364471,0.905183560812)
  );
#995 = CARTESIAN_POINT('',(2.619786683708,6.723238436534,1.011152898344)
  );
#996 = CARTESIAN_POINT('',(2.652521405745,6.799602651426,1.006821816717)
  );
#997 = CARTESIAN_POINT('',(2.733646698337,6.782415000447,1.01761567257)
  );
#998 = CARTESIAN_POINT('',(2.618706133196,6.732875969354,1.137273688149)
  );
#999 = CARTESIAN_POINT('',(2.649949822028,6.812413994735,1.129319668414)
  );
#1000 = CARTESIAN_POINT('',(2.733698982685,6.793745790805,1.131138529188
    ));
#1001 = ADVANCED_FACE('',(#1002,#1044,#1079),#1122,.T.);
#1002 = FACE_BOUND('',#1003,.T.);
#1003 = EDGE_LOOP('',(#1004,#1005,#1018,#1019,#1020,#1021,#1032,#1033));
#1004 = ORIENTED_EDGE('',*,*,#758,.T.);
#1005 = ORIENTED_EDGE('',*,*,#1006,.T.);
#1006 = EDGE_CURVE('',#748,#652,#1007,.T.);
#1007 = B_SPLINE_CURVE_WITH_KNOTS('',3,(#1008,#1009,#1010,#1011,#1012,
    #1013,#1014,#1015,#1016,#1017),.UNSPECIFIED.,.F.,.F.,(4,2,2,2,4),(0.
    ,3.369180969176E-04,6.738361938352E-04,1.010754290753E-03,
    1.34767238767E-03),.UNSPECIFIED.);
#1008 = CARTESIAN_POINT('',(15.266303776757,6.793746392634,
    1.131138336467));
#1009 = CARTESIAN_POINT('',(15.266353204447,6.782437172968,1.01783780693
    ));
#1010 = CARTESIAN_POINT('',(15.245813869868,6.766716448993,
    0.907007976421));
#1011 = CARTESIAN_POINT('',(15.163830755337,6.727725314434,0.69979505789
    ));
#1012 = CARTESIAN_POINT('',(15.10264599235,6.704719991249,0.605355873792
    ));
#1013 = CARTESIAN_POINT('',(14.948369767719,6.655673970326,
    0.448750743765));
#1014 = CARTESIAN_POINT('',(14.854676563707,6.629510049025,0.38637927994
    ));
#1015 = CARTESIAN_POINT('',(14.651842767836,6.579377554724,0.3034074235)
  );
#1016 = CARTESIAN_POINT('',(14.541207377814,6.555016408192,
    0.281895101477));
#1017 = CARTESIAN_POINT('',(14.429438402255,6.533259870662,
    0.281233180541));
#1018 = ORIENTED_EDGE('',*,*,#651,.T.);
#1019 = ORIENTED_EDGE('',*,*,#958,.T.);
#1020 = ORIENTED_EDGE('',*,*,#916,.T.);
#1021 = ORIENTED_EDGE('',*,*,#1022,.T.);
#1022 = EDGE_CURVE('',#906,#817,#1023,.T.);
#1023 = B_SPLINE_CURVE_WITH_KNOTS('',3,(#1024,#1025,#1026,#1027,#1028,
    #1029,#1030,#1031),.UNSPECIFIED.,.F.,.F.,(4,2,2,4),(0.,
    3.325386796695E-04,6.65077359339E-04,1.330154718678E-03),
  .UNSPECIFIED.);
#1024 = CARTESIAN_POINT('',(2.738755654821,8.103673748318,
    14.252582364641));
#1025 = CARTESIAN_POINT('',(2.738786846016,8.114838800258,
    14.364392174165));
#1026 = CARTESIAN_POINT('',(2.757426176537,8.121769942237,
    14.474196351197));
#1027 = CARTESIAN_POINT('',(2.833482015743,8.126601978541,
    14.684914335166));
#1028 = CARTESIAN_POINT('',(2.889770498704,8.1243601948,14.781928826933)
  );
#1029 = CARTESIAN_POINT('',(3.109782331871,8.104017277948,
    15.034053682597));
#1030 = CARTESIAN_POINT('',(3.32116064067,8.072192534519,15.138599622647
    ));
#1031 = CARTESIAN_POINT('',(3.542226848697,8.032396891745,
    15.152322536668));
#1032 = ORIENTED_EDGE('',*,*,#835,.T.);
#1033 = ORIENTED_EDGE('',*,*,#1034,.T.);
#1034 = EDGE_CURVE('',#827,#736,#1035,.T.);
#1035 = B_SPLINE_CURVE_WITH_KNOTS('',3,(#1036,#1037,#1038,#1039,#1040,
    #1041,#1042,#1043),.UNSPECIFIED.,.F.,.F.,(4,2,2,4),(0.,
    3.324854902669E-04,6.649709805338E-04,1.329941961068E-03),
  .UNSPECIFIED.);
#1036 = CARTESIAN_POINT('',(14.45777325978,8.032396911272,
    15.152322529934));
#1037 = CARTESIAN_POINT('',(14.568179121603,8.052271827332,
    15.145468971475));
#1038 = CARTESIAN_POINT('',(14.675664125644,8.070112583895,
    15.117117342062));
#1039 = CARTESIAN_POINT('',(14.873931871169,8.099487116794,
    15.019339290319));
#1040 = CARTESIAN_POINT('',(14.963304223759,8.110758325735,
    14.950114972874));
#1041 = CARTESIAN_POINT('',(15.182205169983,8.131048539939,
    14.699814030377));
#1042 = CARTESIAN_POINT('',(15.261177016768,8.125990678093,
    14.47608081128));
#1043 = CARTESIAN_POINT('',(15.261249248843,8.103674831695,
    14.252582621631));
#1044 = FACE_BOUND('',#1045,.T.);
#1045 = EDGE_LOOP('',(#1046,#1058,#1068));
#1046 = ORIENTED_EDGE('',*,*,#1047,.F.);
#1047 = EDGE_CURVE('',#1048,#1050,#1052,.T.);
#1048 = VERTEX_POINT('',#1049);
#1049 = CARTESIAN_POINT('',(12.000000619168,7.102413792976,
    9.467092263556));
#1050 = VERTEX_POINT('',#1051);
#1051 = CARTESIAN_POINT('',(12.000000709,6.75243913387,6.02070975283));
#1052 = B_SPLINE_CURVE_WITH_KNOTS('',4,(#1053,#1054,#1055,#1056,#1057),
  .UNSPECIFIED.,.F.,.F.,(5,5),(0.,1.),.PIECEWISE_BEZIER_KNOTS.);
#1053 = CARTESIAN_POINT('',(12.000000619168,7.102413792976,
    9.467092263556));
#1054 = CARTESIAN_POINT('',(12.000000641626,7.014920227125,
    8.605496629185));
#1055 = CARTESIAN_POINT('',(12.000000664084,6.927426595316,
    7.743900999275));
#1056 = CARTESIAN_POINT('',(12.000000686542,6.839932897561,
    6.882305373823));
#1057 = CARTESIAN_POINT('',(12.000000709,6.75243913387,6.02070975283));
#1058 = ORIENTED_EDGE('',*,*,#1059,.T.);
#1059 = EDGE_CURVE('',#1048,#1060,#1062,.T.);
#1060 = VERTEX_POINT('',#1061);
#1061 = CARTESIAN_POINT('',(9.000000666682,6.773423052703,7.759275300994
    ));
#1062 = B_SPLINE_CURVE_WITH_KNOTS('',4,(#1063,#1064,#1065,#1066,#1067),
  .UNSPECIFIED.,.F.,.F.,(5,5),(0.,1.),.PIECEWISE_BEZIER_KNOTS.);
#1063 = CARTESIAN_POINT('',(12.000000619168,7.102413792976,
    9.467092263556));
#1064 = CARTESIAN_POINT('',(11.25199994364,6.982411361571,9.045067171996
    ));
#1065 = CARTESIAN_POINT('',(10.502032920289,6.887324626442,
    8.619413797964));
#1066 = CARTESIAN_POINT('',(9.75103225242,6.817430850491,8.190645635221)
  );
#1067 = CARTESIAN_POINT('',(9.000000666682,6.773423052703,7.759275300994
    ));
#1068 = ORIENTED_EDGE('',*,*,#1069,.F.);
#1069 = EDGE_CURVE('',#1050,#1060,#1070,.T.);
#1070 = B_SPLINE_CURVE_WITH_KNOTS('',4,(#1071,#1072,#1073,#1074,#1075,
    #1076,#1077,#1078),.UNSPECIFIED.,.F.,.F.,(5,3,5),(0.,0.548244442182,
    1.),.UNSPECIFIED.);
#1071 = CARTESIAN_POINT('',(12.000000709,6.75243913387,6.02070975283));
#1072 = CARTESIAN_POINT('',(11.589908851466,6.734048409507,
    6.260489273277));
#1073 = CARTESIAN_POINT('',(11.179212799415,6.723457083433,
    6.499840734879));
#1074 = CARTESIAN_POINT('',(10.768083455421,6.720626692046,
    6.738668816397));
#1075 = CARTESIAN_POINT('',(10.017694094175,6.729616959337,
    7.173162315149));
#1076 = CARTESIAN_POINT('',(9.678520133932,6.73894671107,7.369026471042)
  );
#1077 = CARTESIAN_POINT('',(9.33925774023,6.753543804622,7.564416091825)
  );
#1078 = CARTESIAN_POINT('',(9.000000666682,6.773423052703,7.759275300994
    ));
#1079 = FACE_BOUND('',#1080,.T.);
#1080 = EDGE_LOOP('',(#1081,#1091,#1101,#1114));
#1081 = ORIENTED_EDGE('',*,*,#1082,.F.);
#1082 = EDGE_CURVE('',#1060,#1083,#1085,.T.);
#1083 = VERTEX_POINT('',#1084);
#1084 = CARTESIAN_POINT('',(9.000000711612,6.597633730042,6.036164109699
    ));
#1085 = B_SPLINE_CURVE_WITH_KNOTS('',4,(#1086,#1087,#1088,#1089,#1090),
  .UNSPECIFIED.,.F.,.F.,(5,5),(0.,1.),.PIECEWISE_BEZIER_KNOTS.);
#1086 = CARTESIAN_POINT('',(9.000000621752,6.949212375364,9.482386492289
    ));
#1087 = CARTESIAN_POINT('',(9.000000644217,6.861317714034,8.620830896641
    ));
#1088 = CARTESIAN_POINT('',(9.000000666682,6.773423052703,7.759275300994
    ));
#1089 = CARTESIAN_POINT('',(9.000000689147,6.685528391372,6.897719705346
    ));
#1090 = CARTESIAN_POINT('',(9.000000711612,6.597633730042,6.036164109699
    ));
#1091 = ORIENTED_EDGE('',*,*,#1092,.F.);
#1092 = EDGE_CURVE('',#1093,#1060,#1095,.T.);
#1093 = VERTEX_POINT('',#1094);
#1094 = CARTESIAN_POINT('',(9.000000621752,6.949212375364,9.482386492289
    ));
#1095 = B_SPLINE_CURVE_WITH_KNOTS('',4,(#1096,#1097,#1098,#1099,#1100),
  .UNSPECIFIED.,.F.,.F.,(5,5),(0.,1.),.PIECEWISE_BEZIER_KNOTS.);
#1096 = CARTESIAN_POINT('',(9.000000621752,6.949212375364,9.482386492289
    ));
#1097 = CARTESIAN_POINT('',(9.000000644217,6.861317714034,8.620830896641
    ));
#1098 = CARTESIAN_POINT('',(9.000000666682,6.773423052703,7.759275300994
    ));
#1099 = CARTESIAN_POINT('',(9.000000689147,6.685528391372,6.897719705346
    ));
#1100 = CARTESIAN_POINT('',(9.000000711612,6.597633730042,6.036164109699
    ));
#1101 = ORIENTED_EDGE('',*,*,#1102,.T.);
#1102 = EDGE_CURVE('',#1093,#1103,#1105,.T.);
#1103 = VERTEX_POINT('',#1104);
#1104 = CARTESIAN_POINT('',(6.000000664084,6.92742641,7.743900857331));
#1105 = B_SPLINE_CURVE_WITH_KNOTS('',4,(#1106,#1107,#1108,#1109,#1110,
    #1111,#1112,#1113),.UNSPECIFIED.,.F.,.F.,(5,3,5),(0.,0.447528768922,
    1.),.UNSPECIFIED.);
#1106 = CARTESIAN_POINT('',(9.000000621752,6.949212375364,9.482386492289
    ));
#1107 = CARTESIAN_POINT('',(8.663923651458,6.929519452707,9.289353818568
    ));
#1108 = CARTESIAN_POINT('',(8.327841086826,6.914983023611,9.095803119153
    ));
#1109 = CARTESIAN_POINT('',(7.991843139463,6.905589089435,8.901788134142
    ));
#1110 = CARTESIAN_POINT('',(7.241446987143,6.89609152901,8.467341287408)
  );
#1111 = CARTESIAN_POINT('',(6.827140291111,6.898683036122,8.226693462191
    ));
#1112 = CARTESIAN_POINT('',(6.413267154474,6.909114945761,7.985514478872
    ));
#1113 = CARTESIAN_POINT('',(6.000000664084,6.92742641,7.743900857331));
#1114 = ORIENTED_EDGE('',*,*,#1115,.F.);
#1115 = EDGE_CURVE('',#1083,#1103,#1116,.T.);
#1116 = B_SPLINE_CURVE_WITH_KNOTS('',4,(#1117,#1118,#1119,#1120,#1121),
  .UNSPECIFIED.,.F.,.F.,(5,5),(0.,1.),.PIECEWISE_BEZIER_KNOTS.);
#1117 = CARTESIAN_POINT('',(9.000000711612,6.597633730042,6.036164109699
    ));
#1118 = CARTESIAN_POINT('',(8.248961529426,6.641641931958,6.467538759038
    ));
#1119 = CARTESIAN_POINT('',(7.497951502074,6.711671923363,6.896298701106
    ));
#1120 = CARTESIAN_POINT('',(6.747983685093,6.807025589033,7.321925834492
    ));
#1121 = CARTESIAN_POINT('',(6.000000664084,6.92742641,7.743900857331));
#1122 = B_SPLINE_SURFACE_WITH_KNOTS('',3,1,(
    (#1123,#1124)
    ,(#1125,#1126)
    ,(#1127,#1128)
    ,(#1129,#1130)
    ,(#1131,#1132)
    ,(#1133,#1134
  )),.UNSPECIFIED.,.F.,.F.,.F.,(4,2,4),(2,2),(0.,0.5,1.),(0.,1.),
  .UNSPECIFIED.);
#1123 = CARTESIAN_POINT('',(2.65,8.214714917252,15.171446818688));
#1124 = CARTESIAN_POINT('',(2.65,6.719683099286,0.199435538532));
#1125 = CARTESIAN_POINT('',(4.715840735069,7.778770522189,
    15.321554511767));
#1126 = CARTESIAN_POINT('',(4.712932297444,6.245984400662,0.185376489368
    ));
#1127 = CARTESIAN_POINT('',(6.857611548556,7.552851914332,
    15.399344526808));
#1128 = CARTESIAN_POINT('',(6.856120734908,6.,0.178075842791));
#1129 = CARTESIAN_POINT('',(11.142388451444,7.552851914332,
    15.399344526808));
#1130 = CARTESIAN_POINT('',(11.143879265092,6.,0.178075842791));
#1131 = CARTESIAN_POINT('',(13.284159264931,7.778770522189,
    15.321554511767));
#1132 = CARTESIAN_POINT('',(13.287067702556,6.245984400662,
    0.185376489368));
#1133 = CARTESIAN_POINT('',(15.35,8.214714917252,15.171446818688));
#1134 = CARTESIAN_POINT('',(15.35,6.719683099286,0.199435538532));
#1135 = ADVANCED_FACE('',(#1136),#1142,.T.);
#1136 = FACE_BOUND('',#1137,.T.);
#1137 = EDGE_LOOP('',(#1138,#1139,#1140,#1141));
#1138 = ORIENTED_EDGE('',*,*,#747,.T.);
#1139 = ORIENTED_EDGE('',*,*,#705,.F.);
#1140 = ORIENTED_EDGE('',*,*,#666,.T.);
#1141 = ORIENTED_EDGE('',*,*,#1006,.F.);
#1142 = ( BOUNDED_SURFACE() B_SPLINE_SURFACE(3,2,(
    (#1143,#1144,#1145)
    ,(#1146,#1147,#1148)
    ,(#1149,#1150,#1151)
    ,(#1152,#1153,#1154)
    ,(#1155,#1156,#1157)
    ,(#1158,#1159,#1160)
    ,(#1161,#1162,#1163)
    ,(#1164,#1165,#1166)
    ,(#1167,#1168,#1169)
    ,(#1170,#1171,#1172
)),.UNSPECIFIED.,.F.,.F.,.F.) B_SPLINE_SURFACE_WITH_KNOTS((4,2,2,2,4),(3
    ,3),(-0.,3.374767805157E-04,6.749535610315E-04,1.012430341547E-03,
    1.349907122063E-03),(0.,1.),.UNSPECIFIED.) 
GEOMETRIC_REPRESENTATION_ITEM() RATIONAL_B_SPLINE_SURFACE((
    (1.,0.758845656915,1.)
    ,(1.,0.768993445557,1.)
    ,(1.,0.777045293419,1.)
    ,(1.,0.7877991297,1.)
    ,(1.,0.790439282535,1.)
    ,(1.,0.789551585408,1.)
    ,(1.,0.785971282155,1.)
    ,(1.,0.772768285549,1.)
    ,(1.,0.763050147415,1.)
,(1.,0.750692624822,1.))) REPRESENTATION_ITEM('') SURFACE() );
#1143 = CARTESIAN_POINT('',(15.381293866834,6.732875956189,1.13727355554
    ));
#1144 = CARTESIAN_POINT('',(15.350050177962,6.812413981492,
    1.129319535814));
#1145 = CARTESIAN_POINT('',(15.266301017364,6.793745777567,
    1.131138396586));
#1146 = CARTESIAN_POINT('',(15.380223100878,6.723325699582,
    1.012294878869));
#1147 = CARTESIAN_POINT('',(15.347501528944,6.799716946887,
    1.007914689566));
#1148 = CARTESIAN_POINT('',(15.266352818524,6.782517547144,1.01864310734
    ));
#1149 = CARTESIAN_POINT('',(15.356249123793,6.707966321524,
    0.887723884583));
#1150 = CARTESIAN_POINT('',(15.3232015395,6.78190523585,0.88525783822));
#1151 = CARTESIAN_POINT('',(15.245733865115,6.76665970861,0.906621501972
    ));
#1152 = CARTESIAN_POINT('',(15.263164068962,6.667345712224,
    0.656970756287));
#1153 = CARTESIAN_POINT('',(15.23089490535,6.73858042731,0.659887532526)
  );
#1154 = CARTESIAN_POINT('',(15.163528276289,6.72760023292,0.699215661807
    ));
#1155 = CARTESIAN_POINT('',(15.194349466766,6.642250620538,
    0.551818353948));
#1156 = CARTESIAN_POINT('',(15.163107249916,6.713066334286,0.55651269912
    ));
#1157 = CARTESIAN_POINT('',(15.102197231516,6.704561685937,
    0.604758601812));
#1158 = CARTESIAN_POINT('',(15.022062808688,6.586861374165,
    0.377557531275));
#1159 = CARTESIAN_POINT('',(14.994771295024,6.659236879025,0.38563232563
    ));
#1160 = CARTESIAN_POINT('',(14.947785573077,6.655503993342,
    0.448300418938));
#1161 = CARTESIAN_POINT('',(14.917912908359,6.556408716828,
    0.308187452208));
#1162 = CARTESIAN_POINT('',(14.892312000689,6.630398107151,0.31668516404
    ));
#1163 = CARTESIAN_POINT('',(14.854093910134,6.629356750308,
    0.386066474495));
#1164 = CARTESIAN_POINT('',(14.693373306821,6.496354025349,
    0.215876569062));
#1165 = CARTESIAN_POINT('',(14.672441079655,6.575461672934,
    0.223191549665));
#1166 = CARTESIAN_POINT('',(14.65145291511,6.579290533036,0.303322770633
    ));
#1167 = CARTESIAN_POINT('',(14.570983481992,6.466211581975,
    0.191912679521));
#1168 = CARTESIAN_POINT('',(14.551165219269,6.548495687664,
    0.197603473282));
#1169 = CARTESIAN_POINT('',(14.540702052526,6.554918043746,
    0.281892111965));
#1170 = CARTESIAN_POINT('',(14.448397169342,6.438531811638,
    0.191091163116));
#1171 = CARTESIAN_POINT('',(14.431576014941,6.524876870504,
    0.193653824637));
#1172 = CARTESIAN_POINT('',(14.429438402255,6.533259870662,
    0.281233180541));
#1173 = ADVANCED_FACE('',(#1174),#1180,.T.);
#1174 = FACE_BOUND('',#1175,.T.);
#1175 = EDGE_LOOP('',(#1176,#1177,#1178,#1179));
#1176 = ORIENTED_EDGE('',*,*,#826,.T.);
#1177 = ORIENTED_EDGE('',*,*,#788,.F.);
#1178 = ORIENTED_EDGE('',*,*,#735,.F.);
#1179 = ORIENTED_EDGE('',*,*,#1034,.F.);
#1180 = ( BOUNDED_SURFACE() B_SPLINE_SURFACE(3,2,(
    (#1181,#1182,#1183)
    ,(#1184,#1185,#1186)
    ,(#1187,#1188,#1189)
    ,(#1190,#1191,#1192)
    ,(#1193,#1194,#1195)
    ,(#1196,#1197,#1198)
    ,(#1199,#1200,#1201)
    ,(#1202,#1203,#1204)
    ,(#1205,#1206,#1207)
    ,(#1208,#1209,#1210
)),.UNSPECIFIED.,.F.,.F.,.F.) B_SPLINE_SURFACE_WITH_KNOTS((4,2,2,2,4),(3
    ,3),(0.,3.330412944491E-04,6.660825888982E-04,9.991238833472E-04,
    1.332165177796E-03),(0.,1.),.UNSPECIFIED.) 
GEOMETRIC_REPRESENTATION_ITEM() RATIONAL_B_SPLINE_SURFACE((
    (1.,0.782817644818,1.)
    ,(1.,0.791013649871,1.)
    ,(1.,0.796182592168,1.)
    ,(1.,0.800017884955,1.)
    ,(1.,0.798659961637,1.)
    ,(1.,0.7902044717,1.)
    ,(1.,0.783055515696,1.)
    ,(1.,0.764620295627,1.)
    ,(1.,0.753152876223,1.)
,(1.,0.740298852334,1.))) REPRESENTATION_ITEM('') SURFACE() );
#1181 = CARTESIAN_POINT('',(14.475994929666,7.967120106239,
    15.256700549027));
#1182 = CARTESIAN_POINT('',(14.46112746324,8.040951752482,15.23127827449
    ));
#1183 = CARTESIAN_POINT('',(14.45777325978,8.032396911272,
    15.152322529934));
#1184 = CARTESIAN_POINT('',(14.597051810727,7.991449413627,
    15.248323296677));
#1185 = CARTESIAN_POINT('',(14.578833679442,8.061936609271,
    15.221860579354));
#1186 = CARTESIAN_POINT('',(14.566906316193,8.052042699429,
    15.145547967493));
#1187 = CARTESIAN_POINT('',(14.717637351414,8.013204751558,
    15.216169553308));
#1188 = CARTESIAN_POINT('',(14.697527589899,8.081603677621,
    15.189715106295));
#1189 = CARTESIAN_POINT('',(14.675294142149,8.07005188214,
    15.117224795716));
#1190 = CARTESIAN_POINT('',(14.938608306965,8.047442102821,
    15.106948615482));
#1191 = CARTESIAN_POINT('',(14.91308506557,8.113655978268,
    15.082463277694));
#1192 = CARTESIAN_POINT('',(14.873398389558,8.099413938093,
    15.019677049712));
#1193 = CARTESIAN_POINT('',(15.038609151202,8.059844964227,
    15.030038965745));
#1194 = CARTESIAN_POINT('',(15.011253964583,8.126228759223,
    15.00692048196));
#1195 = CARTESIAN_POINT('',(14.96276989333,8.110696387052,
    14.950589206904));
#1196 = CARTESIAN_POINT('',(15.202644701488,8.072922453099,
    14.845096628179));
#1197 = CARTESIAN_POINT('',(15.17201875148,8.141773535455,
    14.826619733093));
#1198 = CARTESIAN_POINT('',(15.10884865721,8.124261361719,
    14.783828964778));
#1199 = CARTESIAN_POINT('',(15.267430143704,8.073617614522,
    14.736054305029));
#1200 = CARTESIAN_POINT('',(15.236122950415,8.144796915011,
    14.719408768028));
#1201 = CARTESIAN_POINT('',(15.166222325481,8.126572622458,
    14.685244650828));
#1202 = CARTESIAN_POINT('',(15.353731926528,8.063399886961,
    14.505664937814));
#1203 = CARTESIAN_POINT('',(15.323091912776,8.140977435211,
    14.493379734767));
#1204 = CARTESIAN_POINT('',(15.241925424572,8.121858679095,
    14.476475542805));
#1205 = CARTESIAN_POINT('',(15.376335865606,8.05240871126,
    14.381869088103));
#1206 = CARTESIAN_POINT('',(15.346649790247,8.133882136928,
    14.370616677241));
#1207 = CARTESIAN_POINT('',(15.261213251315,8.114807146777,
    14.364075168547));
#1208 = CARTESIAN_POINT('',(15.377538751082,8.036521968003,
    14.259331616502));
#1209 = CARTESIAN_POINT('',(15.350038921567,8.122640613633,
    14.25072336767));
#1210 = CARTESIAN_POINT('',(15.26124924896,8.10367479575,14.252582261638
    ));
#1211 = ADVANCED_FACE('',(#1212),#1218,.T.);
#1212 = FACE_BOUND('',#1213,.T.);
#1213 = EDGE_LOOP('',(#1214,#1215,#1216,#1217));
#1214 = ORIENTED_EDGE('',*,*,#905,.F.);
#1215 = ORIENTED_EDGE('',*,*,#875,.F.);
#1216 = ORIENTED_EDGE('',*,*,#816,.F.);
#1217 = ORIENTED_EDGE('',*,*,#1022,.F.);
#1218 = ( BOUNDED_SURFACE() B_SPLINE_SURFACE(3,2,(
    (#1219,#1220,#1221)
    ,(#1222,#1223,#1224)
    ,(#1225,#1226,#1227)
    ,(#1228,#1229,#1230)
    ,(#1231,#1232,#1233)
    ,(#1234,#1235,#1236)
    ,(#1237,#1238,#1239)
    ,(#1240,#1241,#1242)
    ,(#1243,#1244,#1245)
    ,(#1246,#1247,#1248
)),.UNSPECIFIED.,.F.,.F.,.F.) B_SPLINE_SURFACE_WITH_KNOTS((4,2,2,2,4),(3
    ,3),(-7.99362292085E-06,1.595393907952E-04,3.270724045113E-04,
    6.621384319435E-04,1.332270486808E-03),(0.,1.),.UNSPECIFIED.) 
GEOMETRIC_REPRESENTATION_ITEM() RATIONAL_B_SPLINE_SURFACE((
    (1.,0.740306678168,1.)
    ,(1.,0.74515797976,1.)
    ,(1.,0.751983491223,1.)
    ,(1.,0.763284416755,1.)
    ,(1.,0.768525469157,1.)
    ,(1.,0.78272251425,1.)
    ,(1.,0.789873685052,1.)
    ,(1.,0.802976540849,1.)
    ,(1.,0.799668855547,1.)
,(1.,0.78281764482,1.))) REPRESENTATION_ITEM('') SURFACE() );
#1219 = CARTESIAN_POINT('',(2.622459036135,8.035719500585,
    14.251266133299));
#1220 = CARTESIAN_POINT('',(2.649960709331,8.121835357398,
    14.242658282249));
#1221 = CARTESIAN_POINT('',(2.738748201736,8.102869624518,
    14.244518414426));
#1222 = CARTESIAN_POINT('',(2.622475280202,8.041758386215,
    14.311961223436));
#1223 = CARTESIAN_POINT('',(2.649963050178,8.127820795109,
    14.302604860149));
#1224 = CARTESIAN_POINT('',(2.738765655269,8.108501300259,
    14.300919234444));
#1225 = CARTESIAN_POINT('',(2.627919474864,8.050328779388,
    14.373713430682));
#1226 = CARTESIAN_POINT('',(2.657263430833,8.13235203381,14.363885615118
    ));
#1227 = CARTESIAN_POINT('',(2.742686942371,8.113218252355,
    14.356605422096));
#1228 = CARTESIAN_POINT('',(2.649236942791,8.061293124531,
    14.494804998513));
#1229 = CARTESIAN_POINT('',(2.679976536124,8.139354104775,
    14.483463148821));
#1230 = CARTESIAN_POINT('',(2.760839180349,8.120301755188,
    14.466568375182));
#1231 = CARTESIAN_POINT('',(2.665237985971,8.065462547286,
    14.554904791723));
#1232 = CARTESIAN_POINT('',(2.696385555719,8.141702708651,
    14.542674723581));
#1233 = CARTESIAN_POINT('',(2.774726780867,8.122766712758,
    14.521089671641));
#1234 = CARTESIAN_POINT('',(2.729753960488,8.073618900604,14.73109666217
    ));
#1235 = CARTESIAN_POINT('',(2.761076124837,8.144907204802,
    14.714506845982));
#1236 = CARTESIAN_POINT('',(2.8312857238,8.12665277986,14.68076127563));
#1237 = CARTESIAN_POINT('',(2.793170394663,8.073121917204,14.83929491256
    ));
#1238 = CARTESIAN_POINT('',(2.82384740757,8.142079608268,14.820936730843
    ));
#1239 = CARTESIAN_POINT('',(2.887434239587,8.124516080638,
    14.778589751533));
#1240 = CARTESIAN_POINT('',(3.040812010258,8.053772881647,
    15.121679244857));
#1241 = CARTESIAN_POINT('',(3.065275715516,8.11900715622,15.094742717942
    ));
#1242 = CARTESIAN_POINT('',(3.107938382931,8.104305416491,
    15.033235369321));
#1243 = CARTESIAN_POINT('',(3.276527479699,8.016856705461,
    15.239574864511));
#1244 = CARTESIAN_POINT('',(3.30096621583,8.083366082504,15.212243376559
    ));
#1245 = CARTESIAN_POINT('',(3.319134166408,8.072557334639,
    15.138473824612));
#1246 = CARTESIAN_POINT('',(3.524005070333,7.96712010624,15.256700549027
    ));
#1247 = CARTESIAN_POINT('',(3.538872536759,8.040951752482,
    15.231278274491));
#1248 = CARTESIAN_POINT('',(3.542226740222,8.032396911272,
    15.152322529935));
#1249 = ADVANCED_FACE('',(#1250),#1275,.F.);
#1250 = FACE_BOUND('',#1251,.F.);
#1251 = EDGE_LOOP('',(#1252,#1253,#1261,#1269));
#1252 = ORIENTED_EDGE('',*,*,#1047,.F.);
#1253 = ORIENTED_EDGE('',*,*,#1254,.T.);
#1254 = EDGE_CURVE('',#1048,#1255,#1257,.T.);
#1255 = VERTEX_POINT('',#1256);
#1256 = CARTESIAN_POINT('',(12.000000635605,6.128146400751,
    9.564354708409));
#1257 = LINE('',#1258,#1259);
#1258 = CARTESIAN_POINT('',(12.000000610423,7.620727086002,
    9.415348339371));
#1259 = VECTOR('',#1260,1.);
#1260 = DIRECTION('',(1.678837885E-08,-0.995053790168,9.933757935845E-02
    ));
#1261 = ORIENTED_EDGE('',*,*,#1262,.T.);
#1262 = EDGE_CURVE('',#1255,#1263,#1265,.T.);
#1263 = VERTEX_POINT('',#1264);
#1264 = CARTESIAN_POINT('',(12.000000725339,5.784030931651,6.11738726674
    ));
#1265 = LINE('',#1266,#1267);
#1266 = CARTESIAN_POINT('',(12.000000635605,6.128146400751,
    9.564354708409));
#1267 = VECTOR('',#1268,1.);
#1268 = DIRECTION('',(2.590385239E-08,-9.933757935845E-02,
    -0.995053790168));
#1269 = ORIENTED_EDGE('',*,*,#1270,.F.);
#1270 = EDGE_CURVE('',#1050,#1263,#1271,.T.);
#1271 = LINE('',#1272,#1273);
#1272 = CARTESIAN_POINT('',(12.000000700156,7.276611616903,
    5.968380897702));
#1273 = VECTOR('',#1274,1.);
#1274 = DIRECTION('',(1.678837885E-08,-0.995053790168,9.933757935845E-02
    ));
#1275 = PLANE('',#1276);
#1276 = AXIS2_PLACEMENT_3D('',#1277,#1278,#1279);
#1277 = CARTESIAN_POINT('',(12.000000610423,7.620727086002,
    9.415348339371));
#1278 = DIRECTION('',(1.,1.927856598E-08,2.410800941E-08));
#1279 = DIRECTION('',(2.590385221478E-08,-9.933757935845E-02,
    -0.995053790168));
#1280 = ADVANCED_FACE('',(#1281),#1299,.F.);
#1281 = FACE_BOUND('',#1282,.F.);
#1282 = EDGE_LOOP('',(#1283,#1284,#1285,#1293));
#1283 = ORIENTED_EDGE('',*,*,#1069,.F.);
#1284 = ORIENTED_EDGE('',*,*,#1270,.T.);
#1285 = ORIENTED_EDGE('',*,*,#1286,.T.);
#1286 = EDGE_CURVE('',#1263,#1287,#1289,.T.);
#1287 = VERTEX_POINT('',#1288);
#1288 = CARTESIAN_POINT('',(9.000000680472,5.956088608365,7.84087091525)
  );
#1289 = LINE('',#1290,#1291);
#1290 = CARTESIAN_POINT('',(12.000000725339,5.784030931651,6.11738726674
    ));
#1291 = VECTOR('',#1292,1.);
#1292 = DIRECTION('',(-0.866025416736,4.96687729835E-02,0.497526874206)
  );
#1293 = ORIENTED_EDGE('',*,*,#1294,.F.);
#1294 = EDGE_CURVE('',#1060,#1287,#1295,.T.);
#1295 = LINE('',#1296,#1297);
#1296 = CARTESIAN_POINT('',(9.000000655289,7.448669293617,7.691864546212
    ));
#1297 = VECTOR('',#1298,1.);
#1298 = DIRECTION('',(1.678837885E-08,-0.995053790168,9.933757935845E-02
    ));
#1299 = PLANE('',#1300);
#1300 = AXIS2_PLACEMENT_3D('',#1301,#1302,#1303);
#1301 = CARTESIAN_POINT('',(12.000000700156,7.276611616903,
    5.968380897702));
#1302 = DIRECTION('',(-0.499999977567,-8.602887691415E-02,
    -0.861741872471));
#1303 = DIRECTION('',(-0.866025416736,4.96687729835E-02,0.497526874206)
  );
#1304 = ADVANCED_FACE('',(#1305),#1316,.F.);
#1305 = FACE_BOUND('',#1306,.F.);
#1306 = EDGE_LOOP('',(#1307,#1308,#1309,#1315));
#1307 = ORIENTED_EDGE('',*,*,#1059,.T.);
#1308 = ORIENTED_EDGE('',*,*,#1294,.T.);
#1309 = ORIENTED_EDGE('',*,*,#1310,.T.);
#1310 = EDGE_CURVE('',#1287,#1255,#1311,.T.);
#1311 = LINE('',#1312,#1313);
#1312 = CARTESIAN_POINT('',(9.000000680472,5.956088608365,7.84087091525)
  );
#1313 = VECTOR('',#1314,1.);
#1314 = DIRECTION('',(0.866025390833,4.966880637495E-02,0.497526915962)
  );
#1315 = ORIENTED_EDGE('',*,*,#1254,.F.);
#1316 = PLANE('',#1317);
#1317 = AXIS2_PLACEMENT_3D('',#1318,#1319,#1320);
#1318 = CARTESIAN_POINT('',(9.000000655289,7.448669293617,7.691864546212
    ));
#1319 = DIRECTION('',(-0.500000022433,8.602885763559E-02,0.861741848363)
  );
#1320 = DIRECTION('',(0.866025390833,4.966880637495E-02,0.497526915962)
  );
#1321 = ADVANCED_FACE('',(#1322),#1347,.F.);
#1322 = FACE_BOUND('',#1323,.F.);
#1323 = EDGE_LOOP('',(#1324,#1325,#1333,#1341));
#1324 = ORIENTED_EDGE('',*,*,#1115,.F.);
#1325 = ORIENTED_EDGE('',*,*,#1326,.T.);
#1326 = EDGE_CURVE('',#1083,#1327,#1329,.T.);
#1327 = VERTEX_POINT('',#1328);
#1328 = CARTESIAN_POINT('',(9.000000725339,5.784030873816,6.117387194416
    ));
#1329 = LINE('',#1330,#1331);
#1330 = CARTESIAN_POINT('',(9.000000700156,7.276611559067,5.968380825378
    ));
#1331 = VECTOR('',#1332,1.);
#1332 = DIRECTION('',(1.678837885E-08,-0.995053790168,9.933757935845E-02
    ));
#1333 = ORIENTED_EDGE('',*,*,#1334,.T.);
#1334 = EDGE_CURVE('',#1327,#1335,#1337,.T.);
#1335 = VERTEX_POINT('',#1336);
#1336 = CARTESIAN_POINT('',(6.000000680472,5.95608855053,7.840870842926)
  );
#1337 = LINE('',#1338,#1339);
#1338 = CARTESIAN_POINT('',(9.000000725339,5.784030873816,6.117387194416
    ));
#1339 = VECTOR('',#1340,1.);
#1340 = DIRECTION('',(-0.866025416736,4.966877298349E-02,0.497526874206)
  );
#1341 = ORIENTED_EDGE('',*,*,#1342,.F.);
#1342 = EDGE_CURVE('',#1103,#1335,#1343,.T.);
#1343 = LINE('',#1344,#1345);
#1344 = CARTESIAN_POINT('',(6.000000655289,7.448669235781,7.691864473888
    ));
#1345 = VECTOR('',#1346,1.);
#1346 = DIRECTION('',(1.678837885E-08,-0.995053790168,9.933757935845E-02
    ));
#1347 = PLANE('',#1348);
#1348 = AXIS2_PLACEMENT_3D('',#1349,#1350,#1351);
#1349 = CARTESIAN_POINT('',(9.000000700156,7.276611559067,5.968380825378
    ));
#1350 = DIRECTION('',(-0.499999977567,-8.602887691415E-02,
    -0.861741872471));
#1351 = DIRECTION('',(-0.866025416736,4.966877298349E-02,0.497526874206)
  );
#1352 = ADVANCED_FACE('',(#1353),#1371,.F.);
#1353 = FACE_BOUND('',#1354,.F.);
#1354 = EDGE_LOOP('',(#1355,#1356,#1357,#1365));
#1355 = ORIENTED_EDGE('',*,*,#1102,.T.);
#1356 = ORIENTED_EDGE('',*,*,#1342,.T.);
#1357 = ORIENTED_EDGE('',*,*,#1358,.T.);
#1358 = EDGE_CURVE('',#1335,#1359,#1361,.T.);
#1359 = VERTEX_POINT('',#1360);
#1360 = CARTESIAN_POINT('',(9.000000635605,6.128146342915,9.564354636085
    ));
#1361 = LINE('',#1362,#1363);
#1362 = CARTESIAN_POINT('',(6.000000680472,5.95608855053,7.840870842926)
  );
#1363 = VECTOR('',#1364,1.);
#1364 = DIRECTION('',(0.866025390832,4.966880637495E-02,0.497526915962)
  );
#1365 = ORIENTED_EDGE('',*,*,#1366,.F.);
#1366 = EDGE_CURVE('',#1093,#1359,#1367,.T.);
#1367 = LINE('',#1368,#1369);
#1368 = CARTESIAN_POINT('',(9.000000610423,7.620727028167,9.415348267047
    ));
#1369 = VECTOR('',#1370,1.);
#1370 = DIRECTION('',(1.678837885E-08,-0.995053790168,9.933757935845E-02
    ));
#1371 = PLANE('',#1372);
#1372 = AXIS2_PLACEMENT_3D('',#1373,#1374,#1375);
#1373 = CARTESIAN_POINT('',(6.000000655289,7.448669235781,7.691864473888
    ));
#1374 = DIRECTION('',(-0.500000022433,8.602885763559E-02,0.861741848363)
  );
#1375 = DIRECTION('',(0.866025390832,4.966880637495E-02,0.497526915962)
  );
#1376 = ADVANCED_FACE('',(#1377),#1382,.T.);
#1377 = FACE_BOUND('',#1378,.T.);
#1378 = EDGE_LOOP('',(#1379,#1380,#1381));
#1379 = ORIENTED_EDGE('',*,*,#1310,.T.);
#1380 = ORIENTED_EDGE('',*,*,#1262,.T.);
#1381 = ORIENTED_EDGE('',*,*,#1286,.T.);
#1382 = PLANE('',#1383);
#1383 = AXIS2_PLACEMENT_3D('',#1384,#1385,#1386);
#1384 = CARTESIAN_POINT('',(9.500000680472,5.956088618005,7.840870927304
    ));
#1385 = DIRECTION('',(-1.678837884E-08,0.995053790168,
    -9.933757935845E-02));
#1386 = DIRECTION('',(-2.067951531383E-25,9.933757935845E-02,
    0.995053790168));
#1387 = ADVANCED_FACE('',(#1388),#1404,.T.);
#1388 = FACE_BOUND('',#1389,.T.);
#1389 = EDGE_LOOP('',(#1390,#1391,#1397,#1403));
#1390 = ORIENTED_EDGE('',*,*,#1358,.T.);
#1391 = ORIENTED_EDGE('',*,*,#1392,.T.);
#1392 = EDGE_CURVE('',#1359,#1287,#1393,.T.);
#1393 = LINE('',#1394,#1395);
#1394 = CARTESIAN_POINT('',(9.000000635605,6.128146342915,9.564354636085
    ));
#1395 = VECTOR('',#1396,1.);
#1396 = DIRECTION('',(2.590387691E-08,-9.933757935845E-02,
    -0.995053790168));
#1397 = ORIENTED_EDGE('',*,*,#1398,.T.);
#1398 = EDGE_CURVE('',#1287,#1327,#1399,.T.);
#1399 = LINE('',#1400,#1401);
#1400 = CARTESIAN_POINT('',(9.000000635605,6.128146342915,9.564354636085
    ));
#1401 = VECTOR('',#1402,1.);
#1402 = DIRECTION('',(2.590387691E-08,-9.933757935845E-02,
    -0.995053790168));
#1403 = ORIENTED_EDGE('',*,*,#1334,.T.);
#1404 = PLANE('',#1405);
#1405 = AXIS2_PLACEMENT_3D('',#1406,#1407,#1408);
#1406 = CARTESIAN_POINT('',(9.500000680472,5.956088618005,7.840870927304
    ));
#1407 = DIRECTION('',(-1.678837884E-08,0.995053790168,
    -9.933757935845E-02));
#1408 = DIRECTION('',(-2.067951531383E-25,9.933757935845E-02,
    0.995053790168));
#1409 = ADVANCED_FACE('',(#1410),#1418,.T.);
#1410 = FACE_BOUND('',#1411,.T.);
#1411 = EDGE_LOOP('',(#1412,#1413,#1414,#1415,#1416,#1417));
#1412 = ORIENTED_EDGE('',*,*,#1082,.T.);
#1413 = ORIENTED_EDGE('',*,*,#1326,.T.);
#1414 = ORIENTED_EDGE('',*,*,#1398,.F.);
#1415 = ORIENTED_EDGE('',*,*,#1392,.F.);
#1416 = ORIENTED_EDGE('',*,*,#1366,.F.);
#1417 = ORIENTED_EDGE('',*,*,#1092,.T.);
#1418 = PLANE('',#1419);
#1419 = AXIS2_PLACEMENT_3D('',#1420,#1421,#1422);
#1420 = CARTESIAN_POINT('',(9.000000673538,6.364908413833,7.801581084238
    ));
#1421 = DIRECTION('',(-1.,-1.927856877E-08,-2.410803356E-08));
#1422 = DIRECTION('',(2.410803356E-08,9.860761315263E-32,-1.));
#1423 = ADVANCED_FACE('',(#1424),#1452,.T.);
#1424 = FACE_BOUND('',#1425,.T.);
#1425 = EDGE_LOOP('',(#1426,#1427,#1434,#1443,#1450,#1451));
#1426 = ORIENTED_EDGE('',*,*,#60,.F.);
#1427 = ORIENTED_EDGE('',*,*,#1428,.T.);
#1428 = EDGE_CURVE('',#24,#1429,#1431,.T.);
#1429 = VERTEX_POINT('',#1430);
#1430 = CARTESIAN_POINT('',(9.,0.,6.252832774126));
#1431 = B_SPLINE_CURVE_WITH_KNOTS('',1,(#1432,#1433),.UNSPECIFIED.,.F.,
  .F.,(2,2),(3.057272464412,8.370262869645),.PIECEWISE_BEZIER_KNOTS.);
#1432 = CARTESIAN_POINT('',(9.,5.312990405233,6.252832774126));
#1433 = CARTESIAN_POINT('',(9.,0.,6.252832774126));
#1434 = ORIENTED_EDGE('',*,*,#1435,.F.);
#1435 = EDGE_CURVE('',#1436,#1429,#1438,.T.);
#1436 = VERTEX_POINT('',#1437);
#1437 = CARTESIAN_POINT('',(9.,0.,11.672832774126));
#1438 = CIRCLE('',#1439,2.71);
#1439 = AXIS2_PLACEMENT_3D('',#1440,#1441,#1442);
#1440 = CARTESIAN_POINT('',(9.,0.,8.962832774126));
#1441 = DIRECTION('',(0.,-1.,0.));
#1442 = DIRECTION('',(0.,0.,-1.));
#1443 = ORIENTED_EDGE('',*,*,#1444,.F.);
#1444 = EDGE_CURVE('',#1429,#1436,#1445,.T.);
#1445 = CIRCLE('',#1446,2.71);
#1446 = AXIS2_PLACEMENT_3D('',#1447,#1448,#1449);
#1447 = CARTESIAN_POINT('',(9.,0.,8.962832774126));
#1448 = DIRECTION('',(0.,-1.,0.));
#1449 = DIRECTION('',(0.,0.,-1.));
#1450 = ORIENTED_EDGE('',*,*,#1428,.F.);
#1451 = ORIENTED_EDGE('',*,*,#21,.F.);
#1452 = CYLINDRICAL_SURFACE('',#1453,2.71);
#1453 = AXIS2_PLACEMENT_3D('',#1454,#1455,#1456);
#1454 = CARTESIAN_POINT('',(9.,8.370262869645,8.962832774126));
#1455 = DIRECTION('',(0.,-1.,0.));
#1456 = DIRECTION('',(0.,0.,-1.));
#1457 = ADVANCED_FACE('',(#1458,#1556),#1560,.T.);
#1458 = FACE_BOUND('',#1459,.T.);
#1459 = EDGE_LOOP('',(#1460,#1470,#1478,#1486,#1494,#1502,#1510,#1518,
    #1526,#1534,#1542,#1550));
#1460 = ORIENTED_EDGE('',*,*,#1461,.F.);
#1461 = EDGE_CURVE('',#1462,#1464,#1466,.T.);
#1462 = VERTEX_POINT('',#1463);
#1463 = CARTESIAN_POINT('',(11.5,0.,9.562832774126));
#1464 = VERTEX_POINT('',#1465);
#1465 = CARTESIAN_POINT('',(9.6,0.,9.562832774126));
#1466 = LINE('',#1467,#1468);
#1467 = CARTESIAN_POINT('',(9.6,0.,9.562832774126));
#1468 = VECTOR('',#1469,1.);
#1469 = DIRECTION('',(-1.,-0.,-0.));
#1470 = ORIENTED_EDGE('',*,*,#1471,.T.);
#1471 = EDGE_CURVE('',#1462,#1472,#1474,.T.);
#1472 = VERTEX_POINT('',#1473);
#1473 = CARTESIAN_POINT('',(11.5,0.,8.362832774126));
#1474 = LINE('',#1475,#1476);
#1475 = CARTESIAN_POINT('',(11.5,0.,8.362832774126));
#1476 = VECTOR('',#1477,1.);
#1477 = DIRECTION('',(0.,0.,-1.));
#1478 = ORIENTED_EDGE('',*,*,#1479,.F.);
#1479 = EDGE_CURVE('',#1480,#1472,#1482,.T.);
#1480 = VERTEX_POINT('',#1481);
#1481 = CARTESIAN_POINT('',(9.6,0.,8.362832774126));
#1482 = LINE('',#1483,#1484);
#1483 = CARTESIAN_POINT('',(9.6,0.,8.362832774126));
#1484 = VECTOR('',#1485,1.);
#1485 = DIRECTION('',(1.,0.,0.));
#1486 = ORIENTED_EDGE('',*,*,#1487,.F.);
#1487 = EDGE_CURVE('',#1488,#1480,#1490,.T.);
#1488 = VERTEX_POINT('',#1489);
#1489 = CARTESIAN_POINT('',(9.6,0.,6.462832774126));
#1490 = LINE('',#1491,#1492);
#1491 = CARTESIAN_POINT('',(9.6,0.,6.962832774126));
#1492 = VECTOR('',#1493,1.);
#1493 = DIRECTION('',(0.,0.,1.));
#1494 = ORIENTED_EDGE('',*,*,#1495,.T.);
#1495 = EDGE_CURVE('',#1488,#1496,#1498,.T.);
#1496 = VERTEX_POINT('',#1497);
#1497 = CARTESIAN_POINT('',(8.4,0.,6.462832774126));
#1498 = LINE('',#1499,#1500);
#1499 = CARTESIAN_POINT('',(8.4,0.,6.462832774126));
#1500 = VECTOR('',#1501,1.);
#1501 = DIRECTION('',(-1.,0.,0.));
#1502 = ORIENTED_EDGE('',*,*,#1503,.F.);
#1503 = EDGE_CURVE('',#1504,#1496,#1506,.T.);
#1504 = VERTEX_POINT('',#1505);
#1505 = CARTESIAN_POINT('',(8.4,0.,8.362832774126));
#1506 = LINE('',#1507,#1508);
#1507 = CARTESIAN_POINT('',(8.4,0.,6.962832774126));
#1508 = VECTOR('',#1509,1.);
#1509 = DIRECTION('',(-0.,-0.,-1.));
#1510 = ORIENTED_EDGE('',*,*,#1511,.F.);
#1511 = EDGE_CURVE('',#1512,#1504,#1514,.T.);
#1512 = VERTEX_POINT('',#1513);
#1513 = CARTESIAN_POINT('',(6.5,0.,8.362832774126));
#1514 = LINE('',#1515,#1516);
#1515 = CARTESIAN_POINT('',(7.,0.,8.362832774126));
#1516 = VECTOR('',#1517,1.);
#1517 = DIRECTION('',(1.,0.,0.));
#1518 = ORIENTED_EDGE('',*,*,#1519,.T.);
#1519 = EDGE_CURVE('',#1512,#1520,#1522,.T.);
#1520 = VERTEX_POINT('',#1521);
#1521 = CARTESIAN_POINT('',(6.5,0.,9.562832774126));
#1522 = LINE('',#1523,#1524);
#1523 = CARTESIAN_POINT('',(6.5,0.,9.562832774126));
#1524 = VECTOR('',#1525,1.);
#1525 = DIRECTION('',(0.,0.,1.));
#1526 = ORIENTED_EDGE('',*,*,#1527,.F.);
#1527 = EDGE_CURVE('',#1528,#1520,#1530,.T.);
#1528 = VERTEX_POINT('',#1529);
#1529 = CARTESIAN_POINT('',(8.4,0.,9.562832774126));
#1530 = LINE('',#1531,#1532);
#1531 = CARTESIAN_POINT('',(7.,0.,9.562832774126));
#1532 = VECTOR('',#1533,1.);
#1533 = DIRECTION('',(-1.,-0.,-0.));
#1534 = ORIENTED_EDGE('',*,*,#1535,.F.);
#1535 = EDGE_CURVE('',#1536,#1528,#1538,.T.);
#1536 = VERTEX_POINT('',#1537);
#1537 = CARTESIAN_POINT('',(8.4,0.,11.462832774126));
#1538 = LINE('',#1539,#1540);
#1539 = CARTESIAN_POINT('',(8.4,0.,9.562832774126));
#1540 = VECTOR('',#1541,1.);
#1541 = DIRECTION('',(-0.,-0.,-1.));
#1542 = ORIENTED_EDGE('',*,*,#1543,.T.);
#1543 = EDGE_CURVE('',#1536,#1544,#1546,.T.);
#1544 = VERTEX_POINT('',#1545);
#1545 = CARTESIAN_POINT('',(9.6,0.,11.462832774126));
#1546 = LINE('',#1547,#1548);
#1547 = CARTESIAN_POINT('',(9.6,0.,11.462832774126));
#1548 = VECTOR('',#1549,1.);
#1549 = DIRECTION('',(1.,0.,0.));
#1550 = ORIENTED_EDGE('',*,*,#1551,.F.);
#1551 = EDGE_CURVE('',#1464,#1544,#1552,.T.);
#1552 = LINE('',#1553,#1554);
#1553 = CARTESIAN_POINT('',(9.6,0.,9.562832774126));
#1554 = VECTOR('',#1555,1.);
#1555 = DIRECTION('',(0.,0.,1.));
#1556 = FACE_BOUND('',#1557,.T.);
#1557 = EDGE_LOOP('',(#1558,#1559));
#1558 = ORIENTED_EDGE('',*,*,#1444,.T.);
#1559 = ORIENTED_EDGE('',*,*,#1435,.T.);
#1560 = PLANE('',#1561);
#1561 = AXIS2_PLACEMENT_3D('',#1562,#1563,#1564);
#1562 = CARTESIAN_POINT('',(9.,0.,8.962832774126));
#1563 = DIRECTION('',(0.,-1.,0.));
#1564 = DIRECTION('',(0.,0.,-1.));
#1565 = ADVANCED_FACE('',(#1566),#1600,.F.);
#1566 = FACE_BOUND('',#1567,.T.);
#1567 = EDGE_LOOP('',(#1568,#1576,#1585,#1593,#1599));
#1568 = ORIENTED_EDGE('',*,*,#1569,.F.);
#1569 = EDGE_CURVE('',#1570,#1464,#1572,.T.);
#1570 = VERTEX_POINT('',#1571);
#1571 = CARTESIAN_POINT('',(9.6,5.65662170669,9.562832774126));
#1572 = LINE('',#1573,#1574);
#1573 = CARTESIAN_POINT('',(9.6,8.370262869645,9.562832774126));
#1574 = VECTOR('',#1575,1.);
#1575 = DIRECTION('',(0.,-1.,0.));
#1576 = ORIENTED_EDGE('',*,*,#1577,.T.);
#1577 = EDGE_CURVE('',#1570,#1578,#1580,.T.);
#1578 = VERTEX_POINT('',#1579);
#1579 = CARTESIAN_POINT('',(11.,5.71659468704,9.562832774126));
#1580 = B_SPLINE_CURVE_WITH_KNOTS('',3,(#1581,#1582,#1583,#1584),
  .UNSPECIFIED.,.F.,.F.,(4,4),(0.,1.401283967785E-03),
  .PIECEWISE_BEZIER_KNOTS.);
#1581 = CARTESIAN_POINT('',(9.6,5.65662170669,9.562832774126));
#1582 = CARTESIAN_POINT('',(10.067126492505,5.665878596707,
    9.562832774126));
#1583 = CARTESIAN_POINT('',(10.533791802031,5.685901271051,
    9.562832774126));
#1584 = CARTESIAN_POINT('',(11.,5.71659468704,9.562832774126));
#1585 = ORIENTED_EDGE('',*,*,#1586,.T.);
#1586 = EDGE_CURVE('',#1578,#1587,#1589,.T.);
#1587 = VERTEX_POINT('',#1588);
#1588 = CARTESIAN_POINT('',(11.,0.5,9.562832774126));
#1589 = LINE('',#1590,#1591);
#1590 = CARTESIAN_POINT('',(11.,8.370262869645,9.562832774126));
#1591 = VECTOR('',#1592,1.);
#1592 = DIRECTION('',(0.,-1.,0.));
#1593 = ORIENTED_EDGE('',*,*,#1594,.T.);
#1594 = EDGE_CURVE('',#1587,#1462,#1595,.T.);
#1595 = LINE('',#1596,#1597);
#1596 = CARTESIAN_POINT('',(6.364868565177,5.135131434823,9.562832774126
    ));
#1597 = VECTOR('',#1598,1.);
#1598 = DIRECTION('',(0.707106781187,-0.707106781187,0.));
#1599 = ORIENTED_EDGE('',*,*,#1461,.T.);
#1600 = PLANE('',#1601);
#1601 = AXIS2_PLACEMENT_3D('',#1602,#1603,#1604);
#1602 = CARTESIAN_POINT('',(9.6,8.370262869645,9.562832774126));
#1603 = DIRECTION('',(0.,0.,1.));
#1604 = DIRECTION('',(1.,0.,0.));
#1605 = ADVANCED_FACE('',(#1606),#1624,.T.);
#1606 = FACE_BOUND('',#1607,.T.);
#1607 = EDGE_LOOP('',(#1608,#1616,#1617,#1618));
#1608 = ORIENTED_EDGE('',*,*,#1609,.F.);
#1609 = EDGE_CURVE('',#1472,#1610,#1612,.T.);
#1610 = VERTEX_POINT('',#1611);
#1611 = CARTESIAN_POINT('',(11.,0.5,8.362832774126));
#1612 = LINE('',#1613,#1614);
#1613 = CARTESIAN_POINT('',(6.364868565177,5.135131434823,8.362832774126
    ));
#1614 = VECTOR('',#1615,1.);
#1615 = DIRECTION('',(-0.707106781187,0.707106781187,0.));
#1616 = ORIENTED_EDGE('',*,*,#1471,.F.);
#1617 = ORIENTED_EDGE('',*,*,#1594,.F.);
#1618 = ORIENTED_EDGE('',*,*,#1619,.F.);
#1619 = EDGE_CURVE('',#1610,#1587,#1620,.T.);
#1620 = LINE('',#1621,#1622);
#1621 = CARTESIAN_POINT('',(11.,0.5,9.562832774126));
#1622 = VECTOR('',#1623,1.);
#1623 = DIRECTION('',(0.,0.,1.));
#1624 = PLANE('',#1625);
#1625 = AXIS2_PLACEMENT_3D('',#1626,#1627,#1628);
#1626 = CARTESIAN_POINT('',(11.,0.5,8.362832774126));
#1627 = DIRECTION('',(-0.707106781187,-0.707106781187,-0.));
#1628 = DIRECTION('',(0.,0.,-1.));
#1629 = ADVANCED_FACE('',(#1630),#1657,.F.);
#1630 = FACE_BOUND('',#1631,.T.);
#1631 = EDGE_LOOP('',(#1632,#1640,#1649,#1655,#1656));
#1632 = ORIENTED_EDGE('',*,*,#1633,.F.);
#1633 = EDGE_CURVE('',#1634,#1610,#1636,.T.);
#1634 = VERTEX_POINT('',#1635);
#1635 = CARTESIAN_POINT('',(11.,5.594402251034,8.362832774126));
#1636 = LINE('',#1637,#1638);
#1637 = CARTESIAN_POINT('',(11.,8.370262869645,8.362832774126));
#1638 = VECTOR('',#1639,1.);
#1639 = DIRECTION('',(0.,-1.,0.));
#1640 = ORIENTED_EDGE('',*,*,#1641,.T.);
#1641 = EDGE_CURVE('',#1634,#1642,#1644,.T.);
#1642 = VERTEX_POINT('',#1643);
#1643 = CARTESIAN_POINT('',(9.6,5.53422021422,8.362832774126));
#1644 = B_SPLINE_CURVE_WITH_KNOTS('',3,(#1645,#1646,#1647,#1648),
  .UNSPECIFIED.,.F.,.F.,(4,4),(0.,1.401292930673E-03),
  .PIECEWISE_BEZIER_KNOTS.);
#1645 = CARTESIAN_POINT('',(11.,5.594402251034,8.362832774126));
#1646 = CARTESIAN_POINT('',(10.53379499604,5.563602025492,8.362832774126
    ));
#1647 = CARTESIAN_POINT('',(10.067129699544,5.5435094726,8.362832774126)
  );
#1648 = CARTESIAN_POINT('',(9.6,5.53422021422,8.362832774126));
#1649 = ORIENTED_EDGE('',*,*,#1650,.T.);
#1650 = EDGE_CURVE('',#1642,#1480,#1651,.T.);
#1651 = LINE('',#1652,#1653);
#1652 = CARTESIAN_POINT('',(9.6,8.370262869645,8.362832774126));
#1653 = VECTOR('',#1654,1.);
#1654 = DIRECTION('',(0.,-1.,0.));
#1655 = ORIENTED_EDGE('',*,*,#1479,.T.);
#1656 = ORIENTED_EDGE('',*,*,#1609,.T.);
#1657 = PLANE('',#1658);
#1658 = AXIS2_PLACEMENT_3D('',#1659,#1660,#1661);
#1659 = CARTESIAN_POINT('',(9.6,8.370262869645,8.362832774126));
#1660 = DIRECTION('',(0.,0.,-1.));
#1661 = DIRECTION('',(-1.,0.,0.));
#1662 = ADVANCED_FACE('',(#1663),#1690,.F.);
#1663 = FACE_BOUND('',#1664,.T.);
#1664 = EDGE_LOOP('',(#1665,#1666,#1675,#1683,#1689));
#1665 = ORIENTED_EDGE('',*,*,#1650,.F.);
#1666 = ORIENTED_EDGE('',*,*,#1667,.T.);
#1667 = EDGE_CURVE('',#1642,#1668,#1670,.T.);
#1668 = VERTEX_POINT('',#1669);
#1669 = CARTESIAN_POINT('',(9.6,5.391418459125,6.962832774126));
#1670 = B_SPLINE_CURVE_WITH_KNOTS('',3,(#1671,#1672,#1673,#1674),
  .UNSPECIFIED.,.F.,.F.,(4,4),(0.,1.407264133437E-03),
  .PIECEWISE_BEZIER_KNOTS.);
#1671 = CARTESIAN_POINT('',(9.6,5.53422021422,8.362832774126));
#1672 = CARTESIAN_POINT('',(9.6,5.486619631654,7.896166107208));
#1673 = CARTESIAN_POINT('',(9.6,5.439019046621,7.429499440542));
#1674 = CARTESIAN_POINT('',(9.6,5.391418459125,6.962832774126));
#1675 = ORIENTED_EDGE('',*,*,#1676,.T.);
#1676 = EDGE_CURVE('',#1668,#1677,#1679,.T.);
#1677 = VERTEX_POINT('',#1678);
#1678 = CARTESIAN_POINT('',(9.6,0.5,6.962832774126));
#1679 = LINE('',#1680,#1681);
#1680 = CARTESIAN_POINT('',(9.6,8.370262869645,6.962832774126));
#1681 = VECTOR('',#1682,1.);
#1682 = DIRECTION('',(0.,-1.,0.));
#1683 = ORIENTED_EDGE('',*,*,#1684,.T.);
#1684 = EDGE_CURVE('',#1677,#1488,#1685,.T.);
#1685 = LINE('',#1686,#1687);
#1686 = CARTESIAN_POINT('',(9.6,4.435131434823,10.897964208949));
#1687 = VECTOR('',#1688,1.);
#1688 = DIRECTION('',(0.,-0.707106781187,-0.707106781187));
#1689 = ORIENTED_EDGE('',*,*,#1487,.T.);
#1690 = PLANE('',#1691);
#1691 = AXIS2_PLACEMENT_3D('',#1692,#1693,#1694);
#1692 = CARTESIAN_POINT('',(9.6,8.370262869645,6.962832774126));
#1693 = DIRECTION('',(1.,0.,0.));
#1694 = DIRECTION('',(0.,0.,-1.));
#1695 = ADVANCED_FACE('',(#1696),#1714,.T.);
#1696 = FACE_BOUND('',#1697,.T.);
#1697 = EDGE_LOOP('',(#1698,#1706,#1707,#1708));
#1698 = ORIENTED_EDGE('',*,*,#1699,.F.);
#1699 = EDGE_CURVE('',#1496,#1700,#1702,.T.);
#1700 = VERTEX_POINT('',#1701);
#1701 = CARTESIAN_POINT('',(8.4,0.5,6.962832774126));
#1702 = LINE('',#1703,#1704);
#1703 = CARTESIAN_POINT('',(8.4,4.435131434823,10.897964208949));
#1704 = VECTOR('',#1705,1.);
#1705 = DIRECTION('',(0.,0.707106781187,0.707106781187));
#1706 = ORIENTED_EDGE('',*,*,#1495,.F.);
#1707 = ORIENTED_EDGE('',*,*,#1684,.F.);
#1708 = ORIENTED_EDGE('',*,*,#1709,.F.);
#1709 = EDGE_CURVE('',#1700,#1677,#1710,.T.);
#1710 = LINE('',#1711,#1712);
#1711 = CARTESIAN_POINT('',(9.6,0.5,6.962832774126));
#1712 = VECTOR('',#1713,1.);
#1713 = DIRECTION('',(1.,0.,0.));
#1714 = PLANE('',#1715);
#1715 = AXIS2_PLACEMENT_3D('',#1716,#1717,#1718);
#1716 = CARTESIAN_POINT('',(8.4,0.5,6.962832774126));
#1717 = DIRECTION('',(0.,-0.707106781187,0.707106781187));
#1718 = DIRECTION('',(-1.,0.,0.));
#1719 = ADVANCED_FACE('',(#1720),#1747,.F.);
#1720 = FACE_BOUND('',#1721,.T.);
#1721 = EDGE_LOOP('',(#1722,#1730,#1739,#1745,#1746));
#1722 = ORIENTED_EDGE('',*,*,#1723,.F.);
#1723 = EDGE_CURVE('',#1724,#1700,#1726,.T.);
#1724 = VERTEX_POINT('',#1725);
#1725 = CARTESIAN_POINT('',(8.4,5.391418459125,6.962832774126));
#1726 = LINE('',#1727,#1728);
#1727 = CARTESIAN_POINT('',(8.4,8.370262869645,6.962832774126));
#1728 = VECTOR('',#1729,1.);
#1729 = DIRECTION('',(0.,-1.,0.));
#1730 = ORIENTED_EDGE('',*,*,#1731,.T.);
#1731 = EDGE_CURVE('',#1724,#1732,#1734,.T.);
#1732 = VERTEX_POINT('',#1733);
#1733 = CARTESIAN_POINT('',(8.4,5.534220214221,8.362832774126));
#1734 = B_SPLINE_CURVE_WITH_KNOTS('',3,(#1735,#1736,#1737,#1738),
  .UNSPECIFIED.,.F.,.F.,(4,4),(0.,1.407264133437E-03),
  .PIECEWISE_BEZIER_KNOTS.);
#1735 = CARTESIAN_POINT('',(8.4,5.391418459125,6.962832774126));
#1736 = CARTESIAN_POINT('',(8.4,5.439019046621,7.429499440542));
#1737 = CARTESIAN_POINT('',(8.4,5.486619631654,7.896166107208));
#1738 = CARTESIAN_POINT('',(8.4,5.534220214221,8.362832774126));
#1739 = ORIENTED_EDGE('',*,*,#1740,.T.);
#1740 = EDGE_CURVE('',#1732,#1504,#1741,.T.);
#1741 = LINE('',#1742,#1743);
#1742 = CARTESIAN_POINT('',(8.4,8.370262869645,8.362832774126));
#1743 = VECTOR('',#1744,1.);
#1744 = DIRECTION('',(0.,-1.,0.));
#1745 = ORIENTED_EDGE('',*,*,#1503,.T.);
#1746 = ORIENTED_EDGE('',*,*,#1699,.T.);
#1747 = PLANE('',#1748);
#1748 = AXIS2_PLACEMENT_3D('',#1749,#1750,#1751);
#1749 = CARTESIAN_POINT('',(8.4,8.370262869645,6.962832774126));
#1750 = DIRECTION('',(-1.,0.,0.));
#1751 = DIRECTION('',(0.,0.,1.));
#1752 = ADVANCED_FACE('',(#1753),#1780,.F.);
#1753 = FACE_BOUND('',#1754,.T.);
#1754 = EDGE_LOOP('',(#1755,#1756,#1765,#1773,#1779));
#1755 = ORIENTED_EDGE('',*,*,#1740,.F.);
#1756 = ORIENTED_EDGE('',*,*,#1757,.T.);
#1757 = EDGE_CURVE('',#1732,#1758,#1760,.T.);
#1758 = VERTEX_POINT('',#1759);
#1759 = CARTESIAN_POINT('',(7.,5.594402251034,8.362832774126));
#1760 = B_SPLINE_CURVE_WITH_KNOTS('',3,(#1761,#1762,#1763,#1764),
  .UNSPECIFIED.,.F.,.F.,(4,4),(0.,1.401292930673E-03),
  .PIECEWISE_BEZIER_KNOTS.);
#1761 = CARTESIAN_POINT('',(8.4,5.534220214221,8.362832774126));
#1762 = CARTESIAN_POINT('',(7.932870300456,5.5435094726,8.362832774126)
  );
#1763 = CARTESIAN_POINT('',(7.46620500396,5.563602025492,8.362832774126)
  );
#1764 = CARTESIAN_POINT('',(7.,5.594402251034,8.362832774126));
#1765 = ORIENTED_EDGE('',*,*,#1766,.T.);
#1766 = EDGE_CURVE('',#1758,#1767,#1769,.T.);
#1767 = VERTEX_POINT('',#1768);
#1768 = CARTESIAN_POINT('',(7.,0.5,8.362832774126));
#1769 = LINE('',#1770,#1771);
#1770 = CARTESIAN_POINT('',(7.,8.370262869645,8.362832774126));
#1771 = VECTOR('',#1772,1.);
#1772 = DIRECTION('',(0.,-1.,0.));
#1773 = ORIENTED_EDGE('',*,*,#1774,.T.);
#1774 = EDGE_CURVE('',#1767,#1512,#1775,.T.);
#1775 = LINE('',#1776,#1777);
#1776 = CARTESIAN_POINT('',(10.935131434823,4.435131434823,
    8.362832774126));
#1777 = VECTOR('',#1778,1.);
#1778 = DIRECTION('',(-0.707106781187,-0.707106781187,0.));
#1779 = ORIENTED_EDGE('',*,*,#1511,.T.);
#1780 = PLANE('',#1781);
#1781 = AXIS2_PLACEMENT_3D('',#1782,#1783,#1784);
#1782 = CARTESIAN_POINT('',(7.,8.370262869645,8.362832774126));
#1783 = DIRECTION('',(0.,0.,-1.));
#1784 = DIRECTION('',(-1.,0.,0.));
#1785 = ADVANCED_FACE('',(#1786),#1804,.T.);
#1786 = FACE_BOUND('',#1787,.T.);
#1787 = EDGE_LOOP('',(#1788,#1796,#1797,#1798));
#1788 = ORIENTED_EDGE('',*,*,#1789,.F.);
#1789 = EDGE_CURVE('',#1520,#1790,#1792,.T.);
#1790 = VERTEX_POINT('',#1791);
#1791 = CARTESIAN_POINT('',(7.,0.5,9.562832774126));
#1792 = LINE('',#1793,#1794);
#1793 = CARTESIAN_POINT('',(10.935131434823,4.435131434823,
    9.562832774126));
#1794 = VECTOR('',#1795,1.);
#1795 = DIRECTION('',(0.707106781187,0.707106781187,0.));
#1796 = ORIENTED_EDGE('',*,*,#1519,.F.);
#1797 = ORIENTED_EDGE('',*,*,#1774,.F.);
#1798 = ORIENTED_EDGE('',*,*,#1799,.F.);
#1799 = EDGE_CURVE('',#1790,#1767,#1800,.T.);
#1800 = LINE('',#1801,#1802);
#1801 = CARTESIAN_POINT('',(7.,0.5,8.362832774126));
#1802 = VECTOR('',#1803,1.);
#1803 = DIRECTION('',(0.,0.,-1.));
#1804 = PLANE('',#1805);
#1805 = AXIS2_PLACEMENT_3D('',#1806,#1807,#1808);
#1806 = CARTESIAN_POINT('',(7.,0.5,8.362832774126));
#1807 = DIRECTION('',(0.707106781187,-0.707106781187,0.));
#1808 = DIRECTION('',(0.,0.,1.));
#1809 = ADVANCED_FACE('',(#1810),#1837,.F.);
#1810 = FACE_BOUND('',#1811,.T.);
#1811 = EDGE_LOOP('',(#1812,#1820,#1829,#1835,#1836));
#1812 = ORIENTED_EDGE('',*,*,#1813,.F.);
#1813 = EDGE_CURVE('',#1814,#1790,#1816,.T.);
#1814 = VERTEX_POINT('',#1815);
#1815 = CARTESIAN_POINT('',(7.,5.71659468704,9.562832774126));
#1816 = LINE('',#1817,#1818);
#1817 = CARTESIAN_POINT('',(7.,8.370262869645,9.562832774126));
#1818 = VECTOR('',#1819,1.);
#1819 = DIRECTION('',(0.,-1.,0.));
#1820 = ORIENTED_EDGE('',*,*,#1821,.T.);
#1821 = EDGE_CURVE('',#1814,#1822,#1824,.T.);
#1822 = VERTEX_POINT('',#1823);
#1823 = CARTESIAN_POINT('',(8.4,5.65662170669,9.562832774126));
#1824 = B_SPLINE_CURVE_WITH_KNOTS('',3,(#1825,#1826,#1827,#1828),
  .UNSPECIFIED.,.F.,.F.,(4,4),(0.,1.401283967785E-03),
  .PIECEWISE_BEZIER_KNOTS.);
#1825 = CARTESIAN_POINT('',(7.,5.71659468704,9.562832774126));
#1826 = CARTESIAN_POINT('',(7.466208197969,5.685901271051,9.562832774126
    ));
#1827 = CARTESIAN_POINT('',(7.932873507495,5.665878596707,9.562832774126
    ));
#1828 = CARTESIAN_POINT('',(8.4,5.65662170669,9.562832774126));
#1829 = ORIENTED_EDGE('',*,*,#1830,.T.);
#1830 = EDGE_CURVE('',#1822,#1528,#1831,.T.);
#1831 = LINE('',#1832,#1833);
#1832 = CARTESIAN_POINT('',(8.4,8.370262869645,9.562832774126));
#1833 = VECTOR('',#1834,1.);
#1834 = DIRECTION('',(0.,-1.,0.));
#1835 = ORIENTED_EDGE('',*,*,#1527,.T.);
#1836 = ORIENTED_EDGE('',*,*,#1789,.T.);
#1837 = PLANE('',#1838);
#1838 = AXIS2_PLACEMENT_3D('',#1839,#1840,#1841);
#1839 = CARTESIAN_POINT('',(7.,8.370262869645,9.562832774126));
#1840 = DIRECTION('',(0.,0.,1.));
#1841 = DIRECTION('',(1.,0.,0.));
#1842 = ADVANCED_FACE('',(#1843),#1870,.F.);
#1843 = FACE_BOUND('',#1844,.T.);
#1844 = EDGE_LOOP('',(#1845,#1846,#1855,#1863,#1869));
#1845 = ORIENTED_EDGE('',*,*,#1830,.F.);
#1846 = ORIENTED_EDGE('',*,*,#1847,.T.);
#1847 = EDGE_CURVE('',#1822,#1848,#1850,.T.);
#1848 = VERTEX_POINT('',#1849);
#1849 = CARTESIAN_POINT('',(8.4,5.79942343401,10.962832774126));
#1850 = B_SPLINE_CURVE_WITH_KNOTS('',3,(#1851,#1852,#1853,#1854),
  .UNSPECIFIED.,.F.,.F.,(4,4),(0.,1.407264130619E-03),
  .PIECEWISE_BEZIER_KNOTS.);
#1851 = CARTESIAN_POINT('',(8.4,5.65662170669,9.562832774126));
#1852 = CARTESIAN_POINT('',(8.4,5.704222284932,10.029499440541));
#1853 = CARTESIAN_POINT('',(8.4,5.751822860706,10.496166107208));
#1854 = CARTESIAN_POINT('',(8.4,5.79942343401,10.962832774126));
#1855 = ORIENTED_EDGE('',*,*,#1856,.T.);
#1856 = EDGE_CURVE('',#1848,#1857,#1859,.T.);
#1857 = VERTEX_POINT('',#1858);
#1858 = CARTESIAN_POINT('',(8.4,0.5,10.962832774126));
#1859 = LINE('',#1860,#1861);
#1860 = CARTESIAN_POINT('',(8.4,8.370262869645,10.962832774126));
#1861 = VECTOR('',#1862,1.);
#1862 = DIRECTION('',(0.,-1.,0.));
#1863 = ORIENTED_EDGE('',*,*,#1864,.T.);
#1864 = EDGE_CURVE('',#1857,#1536,#1865,.T.);
#1865 = LINE('',#1866,#1867);
#1866 = CARTESIAN_POINT('',(8.4,5.135131434823,6.327701339304));
#1867 = VECTOR('',#1868,1.);
#1868 = DIRECTION('',(0.,-0.707106781187,0.707106781187));
#1869 = ORIENTED_EDGE('',*,*,#1535,.T.);
#1870 = PLANE('',#1871);
#1871 = AXIS2_PLACEMENT_3D('',#1872,#1873,#1874);
#1872 = CARTESIAN_POINT('',(8.4,8.370262869645,9.562832774126));
#1873 = DIRECTION('',(-1.,0.,0.));
#1874 = DIRECTION('',(0.,0.,1.));
#1875 = ADVANCED_FACE('',(#1876),#1894,.T.);
#1876 = FACE_BOUND('',#1877,.T.);
#1877 = EDGE_LOOP('',(#1878,#1886,#1887,#1888));
#1878 = ORIENTED_EDGE('',*,*,#1879,.F.);
#1879 = EDGE_CURVE('',#1544,#1880,#1882,.T.);
#1880 = VERTEX_POINT('',#1881);
#1881 = CARTESIAN_POINT('',(9.6,0.5,10.962832774126));
#1882 = LINE('',#1883,#1884);
#1883 = CARTESIAN_POINT('',(9.6,5.135131434823,6.327701339304));
#1884 = VECTOR('',#1885,1.);
#1885 = DIRECTION('',(0.,0.707106781187,-0.707106781187));
#1886 = ORIENTED_EDGE('',*,*,#1543,.F.);
#1887 = ORIENTED_EDGE('',*,*,#1864,.F.);
#1888 = ORIENTED_EDGE('',*,*,#1889,.F.);
#1889 = EDGE_CURVE('',#1880,#1857,#1890,.T.);
#1890 = LINE('',#1891,#1892);
#1891 = CARTESIAN_POINT('',(8.4,0.5,10.962832774126));
#1892 = VECTOR('',#1893,1.);
#1893 = DIRECTION('',(-1.,0.,0.));
#1894 = PLANE('',#1895);
#1895 = AXIS2_PLACEMENT_3D('',#1896,#1897,#1898);
#1896 = CARTESIAN_POINT('',(8.4,0.5,10.962832774126));
#1897 = DIRECTION('',(0.,-0.707106781187,-0.707106781187));
#1898 = DIRECTION('',(1.,0.,0.));
#1899 = ADVANCED_FACE('',(#1900),#1920,.F.);
#1900 = FACE_BOUND('',#1901,.T.);
#1901 = EDGE_LOOP('',(#1902,#1910,#1917,#1918,#1919));
#1902 = ORIENTED_EDGE('',*,*,#1903,.F.);
#1903 = EDGE_CURVE('',#1904,#1880,#1906,.T.);
#1904 = VERTEX_POINT('',#1905);
#1905 = CARTESIAN_POINT('',(9.6,5.79942343401,10.962832774126));
#1906 = LINE('',#1907,#1908);
#1907 = CARTESIAN_POINT('',(9.6,8.370262869645,10.962832774126));
#1908 = VECTOR('',#1909,1.);
#1909 = DIRECTION('',(0.,-1.,0.));
#1910 = ORIENTED_EDGE('',*,*,#1911,.T.);
#1911 = EDGE_CURVE('',#1904,#1570,#1912,.T.);
#1912 = B_SPLINE_CURVE_WITH_KNOTS('',3,(#1913,#1914,#1915,#1916),
  .UNSPECIFIED.,.F.,.F.,(4,4),(0.,1.407264130619E-03),
  .PIECEWISE_BEZIER_KNOTS.);
#1913 = CARTESIAN_POINT('',(9.6,5.79942343401,10.962832774126));
#1914 = CARTESIAN_POINT('',(9.6,5.751822860706,10.496166107208));
#1915 = CARTESIAN_POINT('',(9.6,5.704222284932,10.029499440541));
#1916 = CARTESIAN_POINT('',(9.6,5.65662170669,9.562832774126));
#1917 = ORIENTED_EDGE('',*,*,#1569,.T.);
#1918 = ORIENTED_EDGE('',*,*,#1551,.T.);
#1919 = ORIENTED_EDGE('',*,*,#1879,.T.);
#1920 = PLANE('',#1921);
#1921 = AXIS2_PLACEMENT_3D('',#1922,#1923,#1924);
#1922 = CARTESIAN_POINT('',(9.6,8.370262869645,9.562832774126));
#1923 = DIRECTION('',(1.,0.,0.));
#1924 = DIRECTION('',(0.,0.,-1.));
#1925 = ADVANCED_FACE('',(#1926),#1964,.F.);
#1926 = FACE_BOUND('',#1927,.F.);
#1927 = EDGE_LOOP('',(#1928,#1929,#1930,#1937,#1938,#1939,#1946,#1947,
    #1948,#1955,#1956,#1957));
#1928 = ORIENTED_EDGE('',*,*,#1911,.T.);
#1929 = ORIENTED_EDGE('',*,*,#1577,.T.);
#1930 = ORIENTED_EDGE('',*,*,#1931,.T.);
#1931 = EDGE_CURVE('',#1578,#1634,#1932,.T.);
#1932 = B_SPLINE_CURVE_WITH_KNOTS('',3,(#1933,#1934,#1935,#1936),
  .UNSPECIFIED.,.F.,.F.,(4,4),(0.,1.206205202864E-03),
  .PIECEWISE_BEZIER_KNOTS.);
#1933 = CARTESIAN_POINT('',(11.,5.71659468704,9.562832774126));
#1934 = CARTESIAN_POINT('',(11.,5.675863894255,9.16283277217));
#1935 = CARTESIAN_POINT('',(11.,5.635133082249,8.76283277217));
#1936 = CARTESIAN_POINT('',(11.,5.594402251034,8.362832774126));
#1937 = ORIENTED_EDGE('',*,*,#1641,.T.);
#1938 = ORIENTED_EDGE('',*,*,#1667,.T.);
#1939 = ORIENTED_EDGE('',*,*,#1940,.T.);
#1940 = EDGE_CURVE('',#1668,#1724,#1941,.T.);
#1941 = B_SPLINE_CURVE_WITH_KNOTS('',3,(#1942,#1943,#1944,#1945),
  .UNSPECIFIED.,.F.,.F.,(4,4),(0.,1.2E-03),.PIECEWISE_BEZIER_KNOTS.);
#1942 = CARTESIAN_POINT('',(9.6,5.391418459125,6.962832774126));
#1943 = CARTESIAN_POINT('',(9.2,5.383431875624,6.962832774126));
#1944 = CARTESIAN_POINT('',(8.8,5.383431875624,6.962832774126));
#1945 = CARTESIAN_POINT('',(8.4,5.391418459125,6.962832774126));
#1946 = ORIENTED_EDGE('',*,*,#1731,.T.);
#1947 = ORIENTED_EDGE('',*,*,#1757,.T.);
#1948 = ORIENTED_EDGE('',*,*,#1949,.T.);
#1949 = EDGE_CURVE('',#1758,#1814,#1950,.T.);
#1950 = B_SPLINE_CURVE_WITH_KNOTS('',3,(#1951,#1952,#1953,#1954),
  .UNSPECIFIED.,.F.,.F.,(4,4),(0.,1.206205202864E-03),
  .PIECEWISE_BEZIER_KNOTS.);
#1951 = CARTESIAN_POINT('',(7.,5.594402251034,8.362832774126));
#1952 = CARTESIAN_POINT('',(7.,5.635133082249,8.76283277217));
#1953 = CARTESIAN_POINT('',(7.,5.675863894255,9.16283277217));
#1954 = CARTESIAN_POINT('',(7.,5.71659468704,9.562832774126));
#1955 = ORIENTED_EDGE('',*,*,#1821,.T.);
#1956 = ORIENTED_EDGE('',*,*,#1847,.T.);
#1957 = ORIENTED_EDGE('',*,*,#1958,.T.);
#1958 = EDGE_CURVE('',#1848,#1904,#1959,.T.);
#1959 = B_SPLINE_CURVE_WITH_KNOTS('',3,(#1960,#1961,#1962,#1963),
  .UNSPECIFIED.,.F.,.F.,(4,4),(0.,1.2E-03),.PIECEWISE_BEZIER_KNOTS.);
#1960 = CARTESIAN_POINT('',(8.4,5.79942343401,10.962832774126));
#1961 = CARTESIAN_POINT('',(8.8,5.791529058491,10.962832774126));
#1962 = CARTESIAN_POINT('',(9.2,5.791529058491,10.962832774126));
#1963 = CARTESIAN_POINT('',(9.6,5.79942343401,10.962832774126));
#1964 = B_SPLINE_SURFACE_WITH_KNOTS('',3,3,(
    (#1965,#1966,#1967,#1968)
    ,(#1969,#1970,#1971,#1972)
    ,(#1973,#1974,#1975,#1976)
    ,(#1977,#1978,#1979,#1980
    )),.UNSPECIFIED.,.F.,.F.,.F.,(4,4),(4,4),(0.349099255603,
    0.650900744397),(0.29847354172,0.564503460402),
  .PIECEWISE_BEZIER_KNOTS.);
#1965 = CARTESIAN_POINT('',(6.976544836955,5.86177380605,10.973385541623
    ));
#1966 = CARTESIAN_POINT('',(6.97608240456,5.724575839615,9.625659420013)
  );
#1967 = CARTESIAN_POINT('',(6.975620048008,5.587378013711,8.277933284088
    ));
#1968 = CARTESIAN_POINT('',(6.975157767609,5.450180328155,6.930207133867
    ));
#1969 = CARTESIAN_POINT('',(8.322102617391,5.77451333531,10.992983093262
    ));
#1970 = CARTESIAN_POINT('',(8.321928933174,5.636647965016,9.642540260162
    ));
#1971 = CARTESIAN_POINT('',(8.321755260842,5.498782551203,8.292097431457
    ));
#1972 = CARTESIAN_POINT('',(8.321581600047,5.360917093962,6.941654607138
    ));
#1973 = CARTESIAN_POINT('',(9.677897382609,5.77451333531,10.992983093262
    ));
#1974 = CARTESIAN_POINT('',(9.678071066826,5.636647965016,9.642540260162
    ));
#1975 = CARTESIAN_POINT('',(9.678244739158,5.498782551203,8.292097431457
    ));
#1976 = CARTESIAN_POINT('',(9.678418399953,5.360917093962,6.941654607138
    ));
#1977 = CARTESIAN_POINT('',(11.023455163045,5.86177380605,
    10.973385541623));
#1978 = CARTESIAN_POINT('',(11.02391759544,5.724575839615,9.625659420013
    ));
#1979 = CARTESIAN_POINT('',(11.024379951992,5.587378013711,
    8.277933284088));
#1980 = CARTESIAN_POINT('',(11.024842232391,5.450180328155,
    6.930207133867));
#1981 = ADVANCED_FACE('',(#1982),#1988,.F.);
#1982 = FACE_BOUND('',#1983,.T.);
#1983 = EDGE_LOOP('',(#1984,#1985,#1986,#1987));
#1984 = ORIENTED_EDGE('',*,*,#1633,.T.);
#1985 = ORIENTED_EDGE('',*,*,#1619,.T.);
#1986 = ORIENTED_EDGE('',*,*,#1586,.F.);
#1987 = ORIENTED_EDGE('',*,*,#1931,.T.);
#1988 = PLANE('',#1989);
#1989 = AXIS2_PLACEMENT_3D('',#1990,#1991,#1992);
#1990 = CARTESIAN_POINT('',(11.,8.370262869645,8.362832774126));
#1991 = DIRECTION('',(1.,0.,0.));
#1992 = DIRECTION('',(0.,0.,-1.));
#1993 = ADVANCED_FACE('',(#1994),#2000,.F.);
#1994 = FACE_BOUND('',#1995,.T.);
#1995 = EDGE_LOOP('',(#1996,#1997,#1998,#1999));
#1996 = ORIENTED_EDGE('',*,*,#1723,.T.);
#1997 = ORIENTED_EDGE('',*,*,#1709,.T.);
#1998 = ORIENTED_EDGE('',*,*,#1676,.F.);
#1999 = ORIENTED_EDGE('',*,*,#1940,.T.);
#2000 = PLANE('',#2001);
#2001 = AXIS2_PLACEMENT_3D('',#2002,#2003,#2004);
#2002 = CARTESIAN_POINT('',(8.4,8.370262869645,6.962832774126));
#2003 = DIRECTION('',(0.,0.,-1.));
#2004 = DIRECTION('',(-1.,0.,0.));
#2005 = ADVANCED_FACE('',(#2006),#2012,.F.);
#2006 = FACE_BOUND('',#2007,.T.);
#2007 = EDGE_LOOP('',(#2008,#2009,#2010,#2011));
#2008 = ORIENTED_EDGE('',*,*,#1813,.T.);
#2009 = ORIENTED_EDGE('',*,*,#1799,.T.);
#2010 = ORIENTED_EDGE('',*,*,#1766,.F.);
#2011 = ORIENTED_EDGE('',*,*,#1949,.T.);
#2012 = PLANE('',#2013);
#2013 = AXIS2_PLACEMENT_3D('',#2014,#2015,#2016);
#2014 = CARTESIAN_POINT('',(7.,8.370262869645,8.362832774126));
#2015 = DIRECTION('',(-1.,0.,0.));
#2016 = DIRECTION('',(0.,0.,1.));
#2017 = ADVANCED_FACE('',(#2018),#2024,.F.);
#2018 = FACE_BOUND('',#2019,.T.);
#2019 = EDGE_LOOP('',(#2020,#2021,#2022,#2023));
#2020 = ORIENTED_EDGE('',*,*,#1903,.T.);
#2021 = ORIENTED_EDGE('',*,*,#1889,.T.);
#2022 = ORIENTED_EDGE('',*,*,#1856,.F.);
#2023 = ORIENTED_EDGE('',*,*,#1958,.T.);
#2024 = PLANE('',#2025);
#2025 = AXIS2_PLACEMENT_3D('',#2026,#2027,#2028);
#2026 = CARTESIAN_POINT('',(8.4,8.370262869645,10.962832774126));
#2027 = DIRECTION('',(0.,0.,1.));
#2028 = DIRECTION('',(1.,0.,0.));
#2029 = ( GEOMETRIC_REPRESENTATION_CONTEXT(3) 
GLOBAL_UNCERTAINTY_ASSIGNED_CONTEXT((#2033)) 
GLOBAL_UNIT_ASSIGNED_CONTEXT((#2030,#2031,#2032)) REPRESENTATION_CONTEXT
('Context #1','3D Context with UNIT and UNCERTAINTY') );
#2030 = ( LENGTH_UNIT() NAMED_UNIT(*) SI_UNIT(.MILLI.,.METRE.) );
#2031 = ( NAMED_UNIT(*) PLANE_ANGLE_UNIT() SI_UNIT($,.RADIAN.) );
#2032 = ( NAMED_UNIT(*) SI_UNIT($,.STERADIAN.) SOLID_ANGLE_UNIT() );
#2033 = UNCERTAINTY_MEASURE_WITH_UNIT(LENGTH_MEASURE(1.E-04),#2030,
  'distance_accuracy_value','confusion accuracy');
#2034 = PRODUCT_RELATED_PRODUCT_CATEGORY('part',$,(#7));
#2035 = MECHANICAL_DESIGN_GEOMETRIC_PRESENTATION_REPRESENTATION('',(
    #2036),#2029);
#2036 = STYLED_ITEM('color',(#2037),#15);
#2037 = PRESENTATION_STYLE_ASSIGNMENT((#2038,#2044));
#2038 = SURFACE_STYLE_USAGE(.BOTH.,#2039);
#2039 = SURFACE_SIDE_STYLE('',(#2040));
#2040 = SURFACE_STYLE_FILL_AREA(#2041);
#2041 = FILL_AREA_STYLE('',(#2042));
#2042 = FILL_AREA_STYLE_COLOUR('',#2043);
#2043 = COLOUR_RGB('',0.800000010877,0.800000010877,0.901960800373);
#2044 = CURVE_STYLE('',#2045,POSITIVE_LENGTH_MEASURE(0.1),#2046);
#2045 = DRAUGHTING_PRE_DEFINED_CURVE_FONT('continuous');
#2046 = COLOUR_RGB('',9.803921802644E-02,9.803921802644E-02,
  9.803921802644E-02);
ENDSEC;
END-ISO-10303-21;
