ISO-10303-21;
HEADER;
FILE_DESCRIPTION(('FreeCAD Model'),'2;1');
FILE_NAME('Open CASCADE Shape Model','2025-01-18T11:21:59',(''),(''),
  'Open CASCADE STEP processor 7.7','FreeCAD','Unknown');
FILE_SCHEMA(('AUTOMOTIVE_DESIGN { 1 0 10303 214 1 1 1 1 }'));
ENDSEC;
DATA;
#1 = APPLICATION_PROTOCOL_DEFINITION('international standard',
  'automotive_design',2000,#2);
#2 = APPLICATION_CONTEXT(
  'core data for automotive mechanical design processes');
#3 = SHAPE_DEFINITION_REPRESENTATION(#4,#10);
#4 = PRODUCT_DEFINITION_SHAPE('','',#5);
#5 = PRODUCT_DEFINITION('design','',#6,#9);
#6 = PRODUCT_DEFINITION_FORMATION('','',#7);
#7 = PRODUCT('Body','Body','',(#8));
#8 = PRODUCT_CONTEXT('',#2,'mechanical');
#9 = PRODUCT_DEFINITION_CONTEXT('part definition',#2,'design');
#10 = ADVANCED_BREP_SHAPE_REPRESENTATION('',(#11,#15),#2526);
#11 = AXIS2_PLACEMENT_3D('',#12,#13,#14);
#12 = CARTESIAN_POINT('',(0.,0.,0.));
#13 = DIRECTION('',(0.,0.,1.));
#14 = DIRECTION('',(1.,0.,-0.));
#15 = MANIFOLD_SOLID_BREP('',#16);
#16 = CLOSED_SHELL('',(#17,#173,#234,#262,#312,#329,#375,#415,#463,#503,
    #551,#580,#640,#671,#723,#752,#814,#845,#897,#945,#1275,#1307,#1345,
    #1371,#1402,#1426,#1452,#1476,#1500,#1526,#1552,#1578,#1602,#1619,
    #1650,#1674,#1698,#1722,#1746,#1770,#1794,#1818,#1842,#1866,#1883,
    #1901,#1920,#1954,#2062,#2102,#2126,#2159,#2192,#2216,#2249,#2282,
    #2306,#2339,#2372,#2396,#2422,#2478,#2490,#2502,#2514));
#17 = ADVANCED_FACE('',(#18,#94),#144,.F.);
#18 = FACE_BOUND('',#19,.F.);
#19 = EDGE_LOOP('',(#20,#59));
#20 = ORIENTED_EDGE('',*,*,#21,.F.);
#21 = EDGE_CURVE('',#22,#24,#26,.T.);
#22 = VERTEX_POINT('',#23);
#23 = CARTESIAN_POINT('',(8.999999999979,7.018572779972,11.672832774127)
  );
#24 = VERTEX_POINT('',#25);
#25 = CARTESIAN_POINT('',(9.,5.912691588279,6.252832774127));
#26 = B_SPLINE_CURVE_WITH_KNOTS('',3,(#27,#28,#29,#30,#31,#32,#33,#34,
    #35,#36,#37,#38,#39,#40,#41,#42,#43,#44,#45,#46,#47,#48,#49,#50,#51,
    #52,#53,#54,#55,#56,#57,#58),.UNSPECIFIED.,.F.,.F.,(4,2,2,2,2,2,2,2,
    2,2,2,2,2,2,2,4),(8.56567777683E-03,9.100928105104E-03,
    9.636178433379E-03,1.017142876165E-02,1.070667908993E-02,
    1.12419294182E-02,1.177717974648E-02,1.231243007475E-02,
    1.284768040303E-02,1.33829307313E-02,1.391818105958E-02,
    1.445343138785E-02,1.498868171612E-02,1.55239320444E-02,
    1.605918237267E-02,1.712968302922E-02),.UNSPECIFIED.);
#27 = CARTESIAN_POINT('',(8.999999999979,7.018572779972,11.672832774127)
  );
#28 = CARTESIAN_POINT('',(9.178679543776,7.018572779973,11.672832774128)
  );
#29 = CARTESIAN_POINT('',(9.356403563267,7.016615941219,11.655335699857)
  );
#30 = CARTESIAN_POINT('',(9.709887968587,7.008478763073,11.584407601788)
  );
#31 = CARTESIAN_POINT('',(9.882172339785,7.002344453147,11.531419886134)
  );
#32 = CARTESIAN_POINT('',(10.210987244642,6.985805397179,11.393753933351
    ));
#33 = CARTESIAN_POINT('',(10.370082422071,6.975251464448,11.307866635974
    ));
#34 = CARTESIAN_POINT('',(10.667361853448,6.949349526735,11.106711060352
    ));
#35 = CARTESIAN_POINT('',(10.804048607659,6.934191658822,10.992902338694
    ));
#36 = CARTESIAN_POINT('',(11.054047178829,6.898666604222,10.739533087327
    ));
#37 = CARTESIAN_POINT('',(11.167967917676,6.878063598202,10.598522995692
    ));
#38 = CARTESIAN_POINT('',(11.362692530183,6.832352107237,10.301956144402
    ));
#39 = CARTESIAN_POINT('',(11.444810258014,6.807129408315,10.145454093101
    ));
#40 = CARTESIAN_POINT('',(11.578329137415,6.751173367453,9.816008747148)
  );
#41 = CARTESIAN_POINT('',(11.628666170712,6.720695124882,9.644760608713)
  );
#42 = CARTESIAN_POINT('',(11.694672150151,6.656259445208,9.299957990973)
  );
#43 = CARTESIAN_POINT('',(11.710971588661,6.621866830805,9.123999178258)
  );
#44 = CARTESIAN_POINT('',(11.708938799636,6.549581798385,8.770499354839)
  );
#45 = CARTESIAN_POINT('',(11.690813098769,6.512465782322,8.596671025925)
  );
#46 = CARTESIAN_POINT('',(11.621632422226,6.436529389349,8.25460046684)
  );
#47 = CARTESIAN_POINT('',(11.56973446989,6.397287493218,8.084644455735)
  );
#48 = CARTESIAN_POINT('',(11.435380672347,6.3200495514,7.761304185593));
#49 = CARTESIAN_POINT('',(11.353315791068,6.282017653889,7.60759266691)
  );
#50 = CARTESIAN_POINT('',(11.159307547176,6.207833527729,7.315968518212)
  );
#51 = CARTESIAN_POINT('',(11.046376931933,6.171524703428,7.177553758777)
  );
#52 = CARTESIAN_POINT('',(10.799107447542,6.104768322353,6.928602673475)
  );
#53 = CARTESIAN_POINT('',(10.66392540658,6.07391290613,6.816436345929));
#54 = CARTESIAN_POINT('',(10.369453999493,6.018326490427,6.617569222004)
  );
#55 = CARTESIAN_POINT('',(10.211444804032,5.993969644051,6.532217997186)
  );
#56 = CARTESIAN_POINT('',(9.721311917556,5.934740703074,6.326669663469)
  );
#57 = CARTESIAN_POINT('',(9.362083663935,5.912691588279,6.252832774127)
  );
#58 = CARTESIAN_POINT('',(9.,5.912691588279,6.252832774127));
#59 = ORIENTED_EDGE('',*,*,#60,.F.);
#60 = EDGE_CURVE('',#24,#22,#61,.T.);
#61 = B_SPLINE_CURVE_WITH_KNOTS('',3,(#62,#63,#64,#65,#66,#67,#68,#69,
    #70,#71,#72,#73,#74,#75,#76,#77,#78,#79,#80,#81,#82,#83,#84,#85,#86,
    #87,#88,#89,#90,#91,#92,#93),.UNSPECIFIED.,.F.,.F.,(4,2,2,2,2,2,2,2,
    2,2,2,2,2,2,2,4),(0.,5.353548610519E-04,1.070709722104E-03,
    1.606064583156E-03,2.141419444207E-03,3.212129166311E-03,
    3.747484027363E-03,4.282838888415E-03,4.818193749467E-03,
    5.353548610519E-03,5.88890347157E-03,6.424258332622E-03,
    6.959613193674E-03,7.494968054726E-03,8.030322915778E-03,
    8.56567777683E-03),.UNSPECIFIED.);
#62 = CARTESIAN_POINT('',(9.,5.912691588279,6.252832774127));
#63 = CARTESIAN_POINT('',(8.818922811108,5.912691588279,6.252832774127)
  );
#64 = CARTESIAN_POINT('',(8.641071801829,5.918018160493,6.27079817676));
#65 = CARTESIAN_POINT('',(8.291516971066,5.938636245768,6.341014412269)
  );
#66 = CARTESIAN_POINT('',(8.117936513461,5.954199797215,6.394205975976)
  );
#67 = CARTESIAN_POINT('',(7.78905617932,5.99387596676,6.5318875494));
#68 = CARTESIAN_POINT('',(7.6333597751,6.017867234532,6.615950112538));
#69 = CARTESIAN_POINT('',(7.33910494422,6.07327039963,6.814114238518));
#70 = CARTESIAN_POINT('',(7.20114182344,6.104707175322,6.928377796104));
#71 = CARTESIAN_POINT('',(6.830089538734,6.204863284597,7.301875285808)
  );
#72 = CARTESIAN_POINT('',(6.631211440237,6.281764239448,7.601029335986)
  );
#73 = CARTESIAN_POINT('',(6.430537185942,6.397132585469,8.083996720916)
  );
#74 = CARTESIAN_POINT('',(6.378586004806,6.436295089819,8.253547099641)
  );
#75 = CARTESIAN_POINT('',(6.309000831059,6.512664567778,8.597564413895)
  );
#76 = CARTESIAN_POINT('',(6.291117785834,6.549709136577,8.771148901311)
  );
#77 = CARTESIAN_POINT('',(6.28898284922,6.621358844424,9.121488267251));
#78 = CARTESIAN_POINT('',(6.305283044586,6.656229447675,9.299791514486)
  );
#79 = CARTESIAN_POINT('',(6.371452298733,6.720797018795,9.645311817513)
  );
#80 = CARTESIAN_POINT('',(6.421024097153,6.750813502327,9.813966916266)
  );
#81 = CARTESIAN_POINT('',(6.553929224686,6.806688691865,10.142783534767)
  );
#82 = CARTESIAN_POINT('',(6.637481156179,6.832390137671,10.302206153748)
  );
#83 = CARTESIAN_POINT('',(6.831724514465,6.877994137274,10.598069073955)
  );
#84 = CARTESIAN_POINT('',(6.943082778336,6.898221977137,10.736411138978)
  );
#85 = CARTESIAN_POINT('',(7.195674803215,6.934188691003,10.992832591194)
  );
#86 = CARTESIAN_POINT('',(7.333028398892,6.949370728913,11.106891189055)
  );
#87 = CARTESIAN_POINT('',(7.627779501327,6.975077898787,11.30650333727)
  );
#88 = CARTESIAN_POINT('',(7.787259023652,6.985710385156,11.39296849354)
  );
#89 = CARTESIAN_POINT('',(8.11826826406,7.002373389247,11.531655351947)
  );
#90 = CARTESIAN_POINT('',(8.288784202675,7.008426996091,11.583962067845)
  );
#91 = CARTESIAN_POINT('',(8.6397502455,7.01654829254,11.654740424685));
#92 = CARTESIAN_POINT('',(8.821285560606,7.018572779972,11.672832774125)
  );
#93 = CARTESIAN_POINT('',(8.999999999979,7.018572779972,11.672832774127)
  );
#94 = FACE_BOUND('',#95,.F.);
#95 = EDGE_LOOP('',(#96,#107,#122,#131));
#96 = ORIENTED_EDGE('',*,*,#97,.T.);
#97 = EDGE_CURVE('',#98,#100,#102,.T.);
#98 = VERTEX_POINT('',#99);
#99 = CARTESIAN_POINT('',(14.411411078204,7.960907456884,13.883932850209
    ));
#100 = VERTEX_POINT('',#101);
#101 = CARTESIAN_POINT('',(14.534585742384,5.453266679819,1.462421610458
    ));
#102 = B_SPLINE_CURVE_WITH_KNOTS('',3,(#103,#104,#105,#106),
  .UNSPECIFIED.,.F.,.F.,(4,4),(0.,1.267272035858E-02),
  .PIECEWISE_BEZIER_KNOTS.);
#103 = CARTESIAN_POINT('',(14.411411078204,7.960907456884,
    13.883932850209));
#104 = CARTESIAN_POINT('',(14.44247673425,7.123111394975,9.743721421984)
  );
#105 = CARTESIAN_POINT('',(14.480536287879,6.286622170157,5.603295653733
    ));
#106 = CARTESIAN_POINT('',(14.534585742384,5.453266679819,1.462421610458
    ));
#107 = ORIENTED_EDGE('',*,*,#108,.T.);
#108 = EDGE_CURVE('',#100,#109,#111,.T.);
#109 = VERTEX_POINT('',#110);
#110 = CARTESIAN_POINT('',(3.465414257616,5.453266679819,1.462421610458)
  );
#111 = B_SPLINE_CURVE_WITH_KNOTS('',3,(#112,#113,#114,#115,#116,#117,
    #118,#119,#120,#121),.UNSPECIFIED.,.F.,.F.,(4,2,2,2,4),(0.,
    2.782880849927E-03,5.565761699855E-03,8.348642549782E-03,
    1.113152339971E-02),.UNSPECIFIED.);
#112 = CARTESIAN_POINT('',(14.534585742384,5.453266679819,1.462421610458
    ));
#113 = CARTESIAN_POINT('',(13.621740233032,5.280124607274,1.457282873709
    ));
#114 = CARTESIAN_POINT('',(12.70321470824,5.150225153012,1.45342754791)
  );
#115 = CARTESIAN_POINT('',(10.854916020941,4.976055818816,1.448258322747
    ));
#116 = CARTESIAN_POINT('',(9.926456712327,4.932073715342,1.44695296439)
  );
#117 = CARTESIAN_POINT('',(8.070998712822,4.932154250618,1.446955354621)
  );
#118 = CARTESIAN_POINT('',(7.141586058868,4.976319888116,1.448266160141)
  );
#119 = CARTESIAN_POINT('',(5.296097532299,5.150355658535,1.453431421223)
  );
#120 = CARTESIAN_POINT('',(4.378264430497,5.280123722729,1.457282847457)
  );
#121 = CARTESIAN_POINT('',(3.465414257616,5.453266679819,1.462421610458)
  );
#122 = ORIENTED_EDGE('',*,*,#123,.T.);
#123 = EDGE_CURVE('',#109,#124,#126,.T.);
#124 = VERTEX_POINT('',#125);
#125 = CARTESIAN_POINT('',(3.588588921796,7.960907456884,13.883932850209
    ));
#126 = B_SPLINE_CURVE_WITH_KNOTS('',3,(#127,#128,#129,#130),
  .UNSPECIFIED.,.F.,.F.,(4,4),(0.,1.26727146114E-02),
  .PIECEWISE_BEZIER_KNOTS.);
#127 = CARTESIAN_POINT('',(3.465414257616,5.453266679819,1.462421610458)
  );
#128 = CARTESIAN_POINT('',(3.519463696404,6.286621927823,5.603294449593)
  );
#129 = CARTESIAN_POINT('',(3.557523270693,7.123111528271,9.743722080704)
  );
#130 = CARTESIAN_POINT('',(3.588588921796,7.960907456884,13.883932850209
    ));
#131 = ORIENTED_EDGE('',*,*,#132,.T.);
#132 = EDGE_CURVE('',#124,#98,#133,.T.);
#133 = B_SPLINE_CURVE_WITH_KNOTS('',3,(#134,#135,#136,#137,#138,#139,
    #140,#141,#142,#143),.UNSPECIFIED.,.F.,.F.,(4,2,2,2,4),(0.,
    2.719216559863E-03,5.438433119727E-03,8.15764967959E-03,
    1.087686623945E-02),.UNSPECIFIED.);
#134 = CARTESIAN_POINT('',(3.588588921796,7.960907456884,13.883932850209
    ));
#135 = CARTESIAN_POINT('',(4.481952057109,7.808414172519,13.936440498857
    ));
#136 = CARTESIAN_POINT('',(5.380297866108,7.694003690166,13.975835187181
    ));
#137 = CARTESIAN_POINT('',(7.186864662747,7.540659165768,14.028635941278
    ));
#138 = CARTESIAN_POINT('',(8.094181016469,7.501954292748,14.041963097827
    ));
#139 = CARTESIAN_POINT('',(9.906410646607,7.501971143702,14.041957295578
    ));
#140 = CARTESIAN_POINT('',(10.814395737378,7.540744872822,
    14.028606429972));
#141 = CARTESIAN_POINT('',(12.619948393518,7.694045888768,
    13.975820657037));
#142 = CARTESIAN_POINT('',(13.518044969486,7.808413664972,
    13.936440673619));
#143 = CARTESIAN_POINT('',(14.411411078204,7.960907456884,
    13.883932850209));
#144 = B_SPLINE_SURFACE_WITH_KNOTS('',3,3,(
    (#145,#146,#147,#148)
    ,(#149,#150,#151,#152)
    ,(#153,#154,#155,#156)
    ,(#157,#158,#159,#160)
    ,(#161,#162,#163,#164)
    ,(#165,#166,#167,#168)
    ,(#169,#170,#171,#172
    )),.UNSPECIFIED.,.F.,.F.,.F.,(4,3,4),(4,4),(7.944069753893E-02,0.5,
    0.920559302461),(7.074088250734E-02,0.93664467264),
  .PIECEWISE_BEZIER_KNOTS.);
#145 = CARTESIAN_POINT('',(3.403128440471,8.01172633712,13.964143831038)
  );
#146 = CARTESIAN_POINT('',(3.402132954052,7.156743350768,9.766027297806)
  );
#147 = CARTESIAN_POINT('',(3.401137310524,6.30176095103,5.567910645099)
  );
#148 = CARTESIAN_POINT('',(3.400141512486,5.446779138697,1.369793872755)
  );
#149 = CARTESIAN_POINT('',(5.23729973079,7.685507942619,14.065856146218)
  );
#150 = CARTESIAN_POINT('',(5.236147848388,6.822651977072,9.834038673243)
  );
#151 = CARTESIAN_POINT('',(5.234996240815,5.95979609665,5.602221182795)
  );
#152 = CARTESIAN_POINT('',(5.233844908253,5.096940299616,1.370403675228)
  );
#153 = CARTESIAN_POINT('',(7.117237826207,7.517523135518,14.118222882368
    ));
#154 = CARTESIAN_POINT('',(7.116631892771,6.650531547117,9.869037305806)
  );
#155 = CARTESIAN_POINT('',(7.11602610635,5.783539958716,5.619851729243)
  );
#156 = CARTESIAN_POINT('',(7.11542046668,4.916548370315,1.37066615268));
#157 = CARTESIAN_POINT('',(9.,7.517523135518,14.118222882368));
#158 = CARTESIAN_POINT('',(9.,6.650531547117,9.869037305806));
#159 = CARTESIAN_POINT('',(9.,5.783539958716,5.619851729243));
#160 = CARTESIAN_POINT('',(9.,4.916548370315,1.37066615268));
#161 = CARTESIAN_POINT('',(10.882762173793,7.517523135518,
    14.118222882368));
#162 = CARTESIAN_POINT('',(10.883368107229,6.650531547117,9.869037305806
    ));
#163 = CARTESIAN_POINT('',(10.88397389365,5.783539958716,5.619851729243)
  );
#164 = CARTESIAN_POINT('',(10.88457953332,4.916548370315,1.37066615268)
  );
#165 = CARTESIAN_POINT('',(12.76270026921,7.685507942619,14.065856146218
    ));
#166 = CARTESIAN_POINT('',(12.763852151612,6.822651977072,9.834038673243
    ));
#167 = CARTESIAN_POINT('',(12.765003759185,5.95979609665,5.602221182795)
  );
#168 = CARTESIAN_POINT('',(12.766155091747,5.096940299616,1.370403675228
    ));
#169 = CARTESIAN_POINT('',(14.596871559529,8.01172633712,13.964143831038
    ));
#170 = CARTESIAN_POINT('',(14.597867045948,7.156743350768,9.766027297806
    ));
#171 = CARTESIAN_POINT('',(14.598862689476,6.30176095103,5.567910645099)
  );
#172 = CARTESIAN_POINT('',(14.599858487514,5.446779138697,1.369793872755
    ));
#173 = ADVANCED_FACE('',(#174),#217,.F.);
#174 = FACE_BOUND('',#175,.F.);
#175 = EDGE_LOOP('',(#176,#188,#189,#204));
#176 = ORIENTED_EDGE('',*,*,#177,.T.);
#177 = EDGE_CURVE('',#178,#100,#180,.T.);
#178 = VERTEX_POINT('',#179);
#179 = CARTESIAN_POINT('',(16.608264436775,0.,1.300572433796));
#180 = B_SPLINE_CURVE_WITH_KNOTS('',3,(#181,#182,#183,#184,#185,#186,
    #187),.UNSPECIFIED.,.F.,.F.,(4,3,4),(0.,2.918235205631E-03,
    5.836478767755E-03),.UNSPECIFIED.);
#181 = CARTESIAN_POINT('',(16.608264436775,-4.3E-16,1.300572433796));
#182 = CARTESIAN_POINT('',(16.261187696872,0.908319302738,1.327530721355
    ));
#183 = CARTESIAN_POINT('',(15.914748475743,1.81688236647,1.354496243573)
  );
#184 = CARTESIAN_POINT('',(15.569084072418,2.72573960406,1.381470496666)
  );
#185 = CARTESIAN_POINT('',(15.223418712981,3.634599355558,1.40844482437)
  );
#186 = CARTESIAN_POINT('',(14.878527161311,4.543753709778,1.43542789568)
  );
#187 = CARTESIAN_POINT('',(14.534585742384,5.453266679819,1.462421610458
    ));
#188 = ORIENTED_EDGE('',*,*,#97,.F.);
#189 = ORIENTED_EDGE('',*,*,#190,.F.);
#190 = EDGE_CURVE('',#191,#98,#193,.T.);
#191 = VERTEX_POINT('',#192);
#192 = CARTESIAN_POINT('',(16.649947780587,-9.E-15,16.625093114457));
#193 = B_SPLINE_CURVE_WITH_KNOTS('',3,(#194,#195,#196,#197,#198,#199,
    #200,#201,#202,#203),.UNSPECIFIED.,.F.,.F.,(4,3,3,4),(0.,
    2.678437876009E-03,5.356875794639E-03,8.712122415678E-03),
  .UNSPECIFIED.);
#194 = CARTESIAN_POINT('',(16.649947780587,-9.38E-15,16.625093114457));
#195 = CARTESIAN_POINT('',(16.421306558618,0.816020096205,
    16.344114862335));
#196 = CARTESIAN_POINT('',(16.192464829083,1.631989997585,
    16.063153893676));
#197 = CARTESIAN_POINT('',(15.963393648721,2.447902284277,
    15.782212763346));
#198 = CARTESIAN_POINT('',(15.734322466217,3.263814578599,
    15.501271630388));
#199 = CARTESIAN_POINT('',(15.505021909367,4.07966934156,15.220350307067
    ));
#200 = CARTESIAN_POINT('',(15.275457119898,4.895457599507,
    14.939451883258));
#201 = CARTESIAN_POINT('',(14.987884110527,5.917385591556,
    14.587573856802));
#202 = CARTESIAN_POINT('',(14.699897280752,6.939209592338,
    14.235731637411));
#203 = CARTESIAN_POINT('',(14.411411078204,7.960907456884,
    13.883932850209));
#204 = ORIENTED_EDGE('',*,*,#205,.T.);
#205 = EDGE_CURVE('',#191,#178,#206,.T.);
#206 = B_SPLINE_CURVE_WITH_KNOTS('',3,(#207,#208,#209,#210,#211,#212,
    #213,#214,#215,#216),.UNSPECIFIED.,.F.,.F.,(4,3,3,4),(0.,
    5.356875782447E-03,1.034072637193E-02,1.532458137414E-02),
  .UNSPECIFIED.);
#207 = CARTESIAN_POINT('',(16.649947780587,-9.38E-15,16.625093114457));
#208 = CARTESIAN_POINT('',(16.646901679951,-8.9E-16,14.839470451817));
#209 = CARTESIAN_POINT('',(16.643445862967,3.3E-16,13.053848389326));
#210 = CARTESIAN_POINT('',(16.639385525809,3.3E-16,11.268227744921));
#211 = CARTESIAN_POINT('',(16.635607929662,3.3E-16,9.606948544707));
#212 = CARTESIAN_POINT('',(16.631309937772,2.17E-15,7.945670352676));
#213 = CARTESIAN_POINT('',(16.626234833605,2.17E-15,6.284394609576));
#214 = CARTESIAN_POINT('',(16.621159725275,2.17E-15,4.623117503637));
#215 = CARTESIAN_POINT('',(16.615315264058,-1.08E-15,2.961842329169));
#216 = CARTESIAN_POINT('',(16.608264436775,-4.3E-16,1.300572433796));
#217 = B_SPLINE_SURFACE_WITH_KNOTS('',3,3,(
    (#218,#219,#220,#221)
    ,(#222,#223,#224,#225)
    ,(#226,#227,#228,#229)
    ,(#230,#231,#232,#233
    )),.UNSPECIFIED.,.F.,.F.,.F.,(4,4),(4,4),(6.502262653888E-02,
    0.932973070678),(3.194653065274E-02,0.885686415684),
  .PIECEWISE_BEZIER_KNOTS.);
#218 = CARTESIAN_POINT('',(16.663239730725,-4.696056119848E-02,
    16.732437250983));
#219 = CARTESIAN_POINT('',(15.907730587005,2.654173333375,
    15.867052427732));
#220 = CARTESIAN_POINT('',(15.152361904649,5.356010744508,
    15.003698392681));
#221 = CARTESIAN_POINT('',(14.397423357503,8.058937661453,
    14.143307533655));
#222 = CARTESIAN_POINT('',(16.671424594073,-0.103500434635,
    11.557493053834));
#223 = CARTESIAN_POINT('',(15.916027638932,2.354243791271,
    10.983934001618));
#224 = CARTESIAN_POINT('',(15.160803031868,4.812655809205,10.41274458977
    ));
#225 = CARTESIAN_POINT('',(14.406119493226,7.272163866055,9.845119722847
    ));
#226 = CARTESIAN_POINT('',(16.682113490849,-0.166573625951,
    6.382583231291));
#227 = CARTESIAN_POINT('',(15.926899796492,2.047370982507,6.101160245489
    ));
#228 = CARTESIAN_POINT('',(15.171890169055,4.261909800069,5.82255148694)
  );
#229 = CARTESIAN_POINT('',(14.417523118557,6.47753471724,5.548309737895)
  );
#230 = CARTESIAN_POINT('',(16.701377410279,-0.24408556576,1.207749377238
    ));
#231 = CARTESIAN_POINT('',(15.947239862257,1.724511251471,1.219151594931
    ));
#232 = CARTESIAN_POINT('',(15.19355278779,3.693299669675,1.234109221497)
  );
#233 = CARTESIAN_POINT('',(14.441202664098,5.662632322794,1.255055672141
    ));
#234 = ADVANCED_FACE('',(#235),#257,.F.);
#235 = FACE_BOUND('',#236,.T.);
#236 = EDGE_LOOP('',(#237,#249,#255,#256));
#237 = ORIENTED_EDGE('',*,*,#238,.F.);
#238 = EDGE_CURVE('',#239,#109,#241,.T.);
#239 = VERTEX_POINT('',#240);
#240 = CARTESIAN_POINT('',(1.391735563225,0.,1.300572433796));
#241 = B_SPLINE_CURVE_WITH_KNOTS('',3,(#242,#243,#244,#245,#246,#247,
    #248),.UNSPECIFIED.,.F.,.F.,(4,3,4),(0.,2.918235205631E-03,
    5.836478767755E-03),.UNSPECIFIED.);
#242 = CARTESIAN_POINT('',(1.391735563225,-2.2E-16,1.300572433796));
#243 = CARTESIAN_POINT('',(1.738812303128,0.908319302738,1.327530721355)
  );
#244 = CARTESIAN_POINT('',(2.085251524257,1.81688236647,1.354496243573)
  );
#245 = CARTESIAN_POINT('',(2.430915927582,2.72573960406,1.381470496666)
  );
#246 = CARTESIAN_POINT('',(2.776581287019,3.634599355558,1.40844482437)
  );
#247 = CARTESIAN_POINT('',(3.121472838689,4.543753709778,1.43542789568)
  );
#248 = CARTESIAN_POINT('',(3.465414257616,5.453266679819,1.462421610458)
  );
#249 = ORIENTED_EDGE('',*,*,#250,.T.);
#250 = EDGE_CURVE('',#239,#178,#251,.T.);
#251 = LINE('',#252,#253);
#252 = CARTESIAN_POINT('',(9.,0.,1.300572433796));
#253 = VECTOR('',#254,1.);
#254 = DIRECTION('',(1.,0.,1.E-17));
#255 = ORIENTED_EDGE('',*,*,#177,.T.);
#256 = ORIENTED_EDGE('',*,*,#108,.T.);
#257 = PLANE('',#258);
#258 = AXIS2_PLACEMENT_3D('',#259,#260,#261);
#259 = CARTESIAN_POINT('',(9.,5.961433882689,1.477503660946));
#260 = DIRECTION('',(1.E-17,2.966624408511E-02,-0.999559860119));
#261 = DIRECTION('',(0.,0.999559860119,2.966624408511E-02));
#262 = ADVANCED_FACE('',(#263),#295,.F.);
#263 = FACE_BOUND('',#264,.F.);
#264 = EDGE_LOOP('',(#265,#280,#281,#282));
#265 = ORIENTED_EDGE('',*,*,#266,.T.);
#266 = EDGE_CURVE('',#267,#124,#269,.T.);
#267 = VERTEX_POINT('',#268);
#268 = CARTESIAN_POINT('',(1.350052219413,-9.E-15,16.625093114457));
#269 = B_SPLINE_CURVE_WITH_KNOTS('',3,(#270,#271,#272,#273,#274,#275,
    #276,#277,#278,#279),.UNSPECIFIED.,.F.,.F.,(4,3,3,4),(0.,
    2.683908998455E-03,5.367818039906E-03,8.712122413613E-03),
  .UNSPECIFIED.);
#270 = CARTESIAN_POINT('',(1.350052219413,-8.61E-15,16.625093114457));
#271 = CARTESIAN_POINT('',(1.579160476341,0.817686943103,16.343540920921
    ));
#272 = CARTESIAN_POINT('',(1.808470058982,1.635323486645,16.062006081344
    ));
#273 = CARTESIAN_POINT('',(2.038010093846,2.452902163758,15.780491166778
    ));
#274 = CARTESIAN_POINT('',(2.267550130871,3.270480848567,15.498976249561
    ));
#275 = CARTESIAN_POINT('',(2.497320542738,4.088001750937,15.217481228433
    ));
#276 = CARTESIAN_POINT('',(2.727356422429,4.905455836669,14.936009214119
    ));
#277 = CARTESIAN_POINT('',(3.013994291205,5.924050402316,14.58527897842)
  );
#278 = CARTESIAN_POINT('',(3.301043540328,6.942541588393,14.234584339162
    ));
#279 = CARTESIAN_POINT('',(3.588588921796,7.960907456884,13.883932850209
    ));
#280 = ORIENTED_EDGE('',*,*,#123,.F.);
#281 = ORIENTED_EDGE('',*,*,#238,.F.);
#282 = ORIENTED_EDGE('',*,*,#283,.F.);
#283 = EDGE_CURVE('',#267,#239,#284,.T.);
#284 = B_SPLINE_CURVE_WITH_KNOTS('',3,(#285,#286,#287,#288,#289,#290,
    #291,#292,#293,#294),.UNSPECIFIED.,.F.,.F.,(4,3,3,4),(0.,
    5.367818027601E-03,1.0346197498E-02,1.532458137049E-02),
  .UNSPECIFIED.);
#285 = CARTESIAN_POINT('',(1.350052219413,-8.61E-15,16.625093114457));
#286 = CARTESIAN_POINT('',(1.35310454218,-8.E-17,14.835823042073));
#287 = CARTESIAN_POINT('',(1.356568222558,5.E-17,13.04655357189));
#288 = CARTESIAN_POINT('',(1.360639363461,5.E-17,11.257285527573));
#289 = CARTESIAN_POINT('',(1.364415140465,5.E-17,9.597830033781));
#290 = CARTESIAN_POINT('',(1.36871062059,-1.1E-16,7.938375547724));
#291 = CARTESIAN_POINT('',(1.373781883156,-1.1E-16,6.278923507242));
#292 = CARTESIAN_POINT('',(1.378853149878,-1.1E-16,4.619470107093));
#293 = CARTESIAN_POINT('',(1.38469247613,5.E-17,2.96001863658));
#294 = CARTESIAN_POINT('',(1.391735563225,-2.2E-16,1.300572433796));
#295 = B_SPLINE_SURFACE_WITH_KNOTS('',3,3,(
    (#296,#297,#298,#299)
    ,(#300,#301,#302,#303)
    ,(#304,#305,#306,#307)
    ,(#308,#309,#310,#311
    )),.UNSPECIFIED.,.F.,.F.,.F.,(4,4),(4,4),(6.702692932246E-02,
    0.934977373461),(3.194653065274E-02,0.885686415684),
  .PIECEWISE_BEZIER_KNOTS.);
#296 = CARTESIAN_POINT('',(1.298622589721,-0.24408556576,1.207749377238)
  );
#297 = CARTESIAN_POINT('',(2.052760137743,1.724511251471,1.219151594931)
  );
#298 = CARTESIAN_POINT('',(2.80644721221,3.693299669675,1.234109221497)
  );
#299 = CARTESIAN_POINT('',(3.558797335902,5.662632322794,1.255055672141)
  );
#300 = CARTESIAN_POINT('',(1.317886509151,-0.166573625951,6.382583231291
    ));
#301 = CARTESIAN_POINT('',(2.073100203508,2.047370982507,6.101160245489)
  );
#302 = CARTESIAN_POINT('',(2.828109830945,4.261909800069,5.82255148694)
  );
#303 = CARTESIAN_POINT('',(3.582476881443,6.47753471724,5.548309737895)
  );
#304 = CARTESIAN_POINT('',(1.328575405927,-0.103500434635,
    11.557493053834));
#305 = CARTESIAN_POINT('',(2.083972361068,2.354243791271,10.983934001618
    ));
#306 = CARTESIAN_POINT('',(2.839196968132,4.812655809205,10.41274458977)
  );
#307 = CARTESIAN_POINT('',(3.593880506774,7.272163866055,9.845119722847)
  );
#308 = CARTESIAN_POINT('',(1.336760269275,-4.696056119848E-02,
    16.732437250983));
#309 = CARTESIAN_POINT('',(2.092269412995,2.654173333375,15.867052427732
    ));
#310 = CARTESIAN_POINT('',(2.847638095351,5.356010744508,15.003698392681
    ));
#311 = CARTESIAN_POINT('',(3.602576642497,8.058937661453,14.143307533655
    ));
#312 = ADVANCED_FACE('',(#313),#324,.T.);
#313 = FACE_BOUND('',#314,.T.);
#314 = EDGE_LOOP('',(#315,#316,#322,#323));
#315 = ORIENTED_EDGE('',*,*,#190,.F.);
#316 = ORIENTED_EDGE('',*,*,#317,.F.);
#317 = EDGE_CURVE('',#267,#191,#318,.T.);
#318 = LINE('',#319,#320);
#319 = CARTESIAN_POINT('',(9.,0.,16.625093114457));
#320 = VECTOR('',#321,1.);
#321 = DIRECTION('',(1.,0.,3.1E-16));
#322 = ORIENTED_EDGE('',*,*,#266,.T.);
#323 = ORIENTED_EDGE('',*,*,#132,.T.);
#324 = PLANE('',#325);
#325 = AXIS2_PLACEMENT_3D('',#326,#327,#328);
#326 = CARTESIAN_POINT('',(9.,8.580530172183,13.67057963951));
#327 = DIRECTION('',(2.9E-16,-0.325568154457,-0.945518575599));
#328 = DIRECTION('',(0.,0.945518575599,-0.325568154457));
#329 = ADVANCED_FACE('',(#330,#364),#370,.F.);
#330 = FACE_BOUND('',#331,.T.);
#331 = EDGE_LOOP('',(#332,#342,#350,#358));
#332 = ORIENTED_EDGE('',*,*,#333,.T.);
#333 = EDGE_CURVE('',#334,#336,#338,.T.);
#334 = VERTEX_POINT('',#335);
#335 = CARTESIAN_POINT('',(0.,0.,0.));
#336 = VERTEX_POINT('',#337);
#337 = CARTESIAN_POINT('',(18.,0.,0.));
#338 = LINE('',#339,#340);
#339 = CARTESIAN_POINT('',(0.,0.,0.));
#340 = VECTOR('',#341,1.);
#341 = DIRECTION('',(1.,0.,0.));
#342 = ORIENTED_EDGE('',*,*,#343,.F.);
#343 = EDGE_CURVE('',#344,#336,#346,.T.);
#344 = VERTEX_POINT('',#345);
#345 = CARTESIAN_POINT('',(18.,0.,18.));
#346 = LINE('',#347,#348);
#347 = CARTESIAN_POINT('',(18.,0.,18.));
#348 = VECTOR('',#349,1.);
#349 = DIRECTION('',(0.,0.,-1.));
#350 = ORIENTED_EDGE('',*,*,#351,.F.);
#351 = EDGE_CURVE('',#352,#344,#354,.T.);
#352 = VERTEX_POINT('',#353);
#353 = CARTESIAN_POINT('',(0.,0.,18.));
#354 = LINE('',#355,#356);
#355 = CARTESIAN_POINT('',(0.,0.,18.));
#356 = VECTOR('',#357,1.);
#357 = DIRECTION('',(1.,0.,0.));
#358 = ORIENTED_EDGE('',*,*,#359,.T.);
#359 = EDGE_CURVE('',#352,#334,#360,.T.);
#360 = LINE('',#361,#362);
#361 = CARTESIAN_POINT('',(0.,0.,18.));
#362 = VECTOR('',#363,1.);
#363 = DIRECTION('',(0.,0.,-1.));
#364 = FACE_BOUND('',#365,.T.);
#365 = EDGE_LOOP('',(#366,#367,#368,#369));
#366 = ORIENTED_EDGE('',*,*,#250,.F.);
#367 = ORIENTED_EDGE('',*,*,#283,.F.);
#368 = ORIENTED_EDGE('',*,*,#317,.T.);
#369 = ORIENTED_EDGE('',*,*,#205,.T.);
#370 = PLANE('',#371);
#371 = AXIS2_PLACEMENT_3D('',#372,#373,#374);
#372 = CARTESIAN_POINT('',(0.,0.,0.));
#373 = DIRECTION('',(0.,1.,0.));
#374 = DIRECTION('',(0.,0.,1.));
#375 = ADVANCED_FACE('',(#376),#410,.T.);
#376 = FACE_BOUND('',#377,.T.);
#377 = EDGE_LOOP('',(#378,#387,#402,#409));
#378 = ORIENTED_EDGE('',*,*,#379,.T.);
#379 = EDGE_CURVE('',#334,#380,#382,.T.);
#380 = VERTEX_POINT('',#381);
#381 = CARTESIAN_POINT('',(3.514561242989,6.454354475665,0.191560768821)
  );
#382 = B_SPLINE_CURVE_WITH_KNOTS('',3,(#383,#384,#385,#386),
  .UNSPECIFIED.,.F.,.F.,(4,4),(0.,0.987862766321),
  .PIECEWISE_BEZIER_KNOTS.);
#383 = CARTESIAN_POINT('',(0.,0.,0.));
#384 = CARTESIAN_POINT('',(1.285027911966,2.308729489573,
    6.852149160531E-02));
#385 = CARTESIAN_POINT('',(2.456548279302,4.460181006372,0.132375081952)
  );
#386 = CARTESIAN_POINT('',(3.514561242989,6.454354475665,0.191560768821)
  );
#387 = ORIENTED_EDGE('',*,*,#388,.T.);
#388 = EDGE_CURVE('',#380,#389,#391,.T.);
#389 = VERTEX_POINT('',#390);
#390 = CARTESIAN_POINT('',(14.48543875702,6.454354475665,0.191560768821)
  );
#391 = B_SPLINE_CURVE_WITH_KNOTS('',3,(#392,#393,#394,#395,#396,#397,
    #398,#399,#400,#401),.UNSPECIFIED.,.F.,.F.,(4,2,2,2,4),(0.,
    2.755448588217E-03,5.510897176434E-03,8.266345764651E-03,
    1.102179435287E-02),.UNSPECIFIED.);
#392 = CARTESIAN_POINT('',(3.514561242989,6.454354475665,0.191560768821)
  );
#393 = CARTESIAN_POINT('',(4.418712579588,6.277072004639,0.186299147914)
  );
#394 = CARTESIAN_POINT('',(5.327977851624,6.144299409664,0.182358549289)
  );
#395 = CARTESIAN_POINT('',(7.156551466843,5.966168097294,0.17707173536)
  );
#396 = CARTESIAN_POINT('',(8.077921979255,5.920886536615,0.175727810013)
  );
#397 = CARTESIAN_POINT('',(9.918108745039,5.920756691528,0.175723956301)
  );
#398 = CARTESIAN_POINT('',(10.838511205526,5.965783143477,0.177060310197
    ));
#399 = CARTESIAN_POINT('',(12.671050879658,6.144109084029,0.182352900556
    ));
#400 = CARTESIAN_POINT('',(13.581293827081,6.277073260833,0.186299185197
    ));
#401 = CARTESIAN_POINT('',(14.48543875702,6.454354475665,0.191560768821)
  );
#402 = ORIENTED_EDGE('',*,*,#403,.T.);
#403 = EDGE_CURVE('',#389,#336,#404,.T.);
#404 = B_SPLINE_CURVE_WITH_KNOTS('',3,(#405,#406,#407,#408),
  .UNSPECIFIED.,.F.,.F.,(4,4),(1.21374247227E-02,1.),
  .PIECEWISE_BEZIER_KNOTS.);
#405 = CARTESIAN_POINT('',(14.48543875702,6.454354475665,0.191560768821)
  );
#406 = CARTESIAN_POINT('',(15.543451727667,4.460180993859,0.13237508158)
  );
#407 = CARTESIAN_POINT('',(16.714972094998,2.308729477059,
    6.85214912339E-02));
#408 = CARTESIAN_POINT('',(18.,0.,0.));
#409 = ORIENTED_EDGE('',*,*,#333,.F.);
#410 = PLANE('',#411);
#411 = AXIS2_PLACEMENT_3D('',#412,#413,#414);
#412 = CARTESIAN_POINT('',(9.,6.,0.178075842791));
#413 = DIRECTION('',(1.E-17,2.966624408511E-02,-0.999559860119));
#414 = DIRECTION('',(0.,0.999559860119,2.966624408511E-02));
#415 = ADVANCED_FACE('',(#416),#450,.T.);
#416 = FACE_BOUND('',#417,.T.);
#417 = EDGE_LOOP('',(#418,#427,#442,#449));
#418 = ORIENTED_EDGE('',*,*,#419,.T.);
#419 = EDGE_CURVE('',#336,#420,#422,.T.);
#420 = VERTEX_POINT('',#421);
#421 = CARTESIAN_POINT('',(15.381211249591,6.823568218758,1.109583654018
    ));
#422 = B_SPLINE_CURVE_WITH_KNOTS('',3,(#423,#424,#425,#426),
  .UNSPECIFIED.,.F.,.F.,(4,4),(0.,0.98723161044),
  .PIECEWISE_BEZIER_KNOTS.);
#423 = CARTESIAN_POINT('',(18.,0.,0.));
#424 = CARTESIAN_POINT('',(17.059441441391,2.385002056668,0.413266646036
    ));
#425 = CARTESIAN_POINT('',(16.186512166802,4.658632889647,0.784195991036
    ));
#426 = CARTESIAN_POINT('',(15.381211249591,6.823568218758,1.109583654018
    ));
#427 = ORIENTED_EDGE('',*,*,#428,.T.);
#428 = EDGE_CURVE('',#420,#429,#431,.T.);
#429 = VERTEX_POINT('',#430);
#430 = CARTESIAN_POINT('',(15.374713926731,9.385088387274,
    13.756448376781));
#431 = B_SPLINE_CURVE_WITH_KNOTS('',3,(#432,#433,#434,#435,#436,#437,
    #438,#439,#440,#441),.UNSPECIFIED.,.F.,.F.,(4,3,3,4),(0.,
    5.280233972899E-03,7.617551316541E-03,1.29036673644E-02),
  .UNSPECIFIED.);
#432 = CARTESIAN_POINT('',(15.381211249591,6.823568218758,1.109583654018
    ));
#433 = CARTESIAN_POINT('',(15.3801695678,7.172327870567,2.83476198414));
#434 = CARTESIAN_POINT('',(15.379186996246,7.521430598993,4.559870976705
    ));
#435 = CARTESIAN_POINT('',(15.378272315359,7.870764815124,6.284933092422
    ));
#436 = CARTESIAN_POINT('',(15.377867428088,8.025399048247,7.04853896049)
  );
#437 = CARTESIAN_POINT('',(15.377475520335,8.180079334328,7.81213551061)
  );
#438 = CARTESIAN_POINT('',(15.377096237594,8.334798747733,8.575724137422
    ));
#439 = CARTESIAN_POINT('',(15.376238445397,8.68471476267,10.302668956197
    ));
#440 = CARTESIAN_POINT('',(15.37544538649,9.03482926956,12.029573594904)
  );
#441 = CARTESIAN_POINT('',(15.374713926731,9.385088387274,
    13.756448376781));
#442 = ORIENTED_EDGE('',*,*,#443,.T.);
#443 = EDGE_CURVE('',#429,#344,#444,.T.);
#444 = B_SPLINE_CURVE_WITH_KNOTS('',3,(#445,#446,#447,#448),
  .UNSPECIFIED.,.F.,.F.,(4,4),(1.022663056862E-02,1.),
  .PIECEWISE_BEZIER_KNOTS.);
#445 = CARTESIAN_POINT('',(15.374713926731,9.385088387274,
    13.756448376781));
#446 = CARTESIAN_POINT('',(16.172622870705,6.602257669887,
    15.035247800375));
#447 = CARTESIAN_POINT('',(17.047720153399,3.473353337681,
    16.450414059923));
#448 = CARTESIAN_POINT('',(18.,0.,18.));
#449 = ORIENTED_EDGE('',*,*,#343,.T.);
#450 = B_SPLINE_SURFACE_WITH_KNOTS('',3,1,(
    (#451,#452)
    ,(#453,#454)
    ,(#455,#456)
    ,(#457,#458)
    ,(#459,#460)
    ,(#461,#462
    )),.UNSPECIFIED.,.F.,.F.,.F.,(4,2,4),(2,2),(0.,0.5,1.),(0.,1.),
  .UNSPECIFIED.);
#451 = CARTESIAN_POINT('',(18.,0.,18.));
#452 = CARTESIAN_POINT('',(15.35,9.665631775897,14.671856079669));
#453 = CARTESIAN_POINT('',(18.,0.,15.));
#454 = CARTESIAN_POINT('',(15.35,9.174640329795,12.259785989479));
#455 = CARTESIAN_POINT('',(18.,0.,12.));
#456 = CARTESIAN_POINT('',(15.35,8.683648883693,9.84771589929));
#457 = CARTESIAN_POINT('',(18.,0.,6.));
#458 = CARTESIAN_POINT('',(15.35,7.701665991489,5.023575718911));
#459 = CARTESIAN_POINT('',(18.,0.,3.));
#460 = CARTESIAN_POINT('',(15.35,7.210674545388,2.611505628722));
#461 = CARTESIAN_POINT('',(18.,0.,0.));
#462 = CARTESIAN_POINT('',(15.35,6.719683099286,0.199435538532));
#463 = ADVANCED_FACE('',(#464),#498,.F.);
#464 = FACE_BOUND('',#465,.T.);
#465 = EDGE_LOOP('',(#466,#475,#490,#497));
#466 = ORIENTED_EDGE('',*,*,#467,.T.);
#467 = EDGE_CURVE('',#344,#468,#470,.T.);
#468 = VERTEX_POINT('',#469);
#469 = CARTESIAN_POINT('',(14.438111653367,9.403128244433,
    14.762243294138));
#470 = B_SPLINE_CURVE_WITH_KNOTS('',3,(#471,#472,#473,#474),
  .UNSPECIFIED.,.F.,.F.,(4,4),(0.,0.990706185784),
  .PIECEWISE_BEZIER_KNOTS.);
#471 = CARTESIAN_POINT('',(18.,0.,18.));
#472 = CARTESIAN_POINT('',(16.710712657937,3.453368819203,
    16.810909756675));
#473 = CARTESIAN_POINT('',(15.52341650719,6.587744888548,15.731657525565
    ));
#474 = CARTESIAN_POINT('',(14.438111653367,9.403128244433,
    14.762243294138));
#475 = ORIENTED_EDGE('',*,*,#476,.T.);
#476 = EDGE_CURVE('',#468,#477,#479,.T.);
#477 = VERTEX_POINT('',#478);
#478 = CARTESIAN_POINT('',(3.561888333986,9.403128211642,14.762243305428
    ));
#479 = B_SPLINE_CURVE_WITH_KNOTS('',3,(#480,#481,#482,#483,#484,#485,
    #486,#487,#488,#489),.UNSPECIFIED.,.F.,.F.,(4,2,2,2,4),(0.,
    2.734530250135E-03,5.469060500271E-03,8.203590750406E-03,
    1.093812100054E-02),.UNSPECIFIED.);
#480 = CARTESIAN_POINT('',(14.438111653367,9.403128244433,
    14.762243294138));
#481 = CARTESIAN_POINT('',(13.541074656209,9.242841411165,
    14.817434476879));
#482 = CARTESIAN_POINT('',(12.638442234169,9.122617452497,
    14.858830905627));
#483 = CARTESIAN_POINT('',(10.822106523967,8.961434641285,
    14.914330598315));
#484 = CARTESIAN_POINT('',(9.910021030225,8.920752668005,14.928338525078
    ));
#485 = CARTESIAN_POINT('',(8.086663690203,8.920851513144,14.928304489968
    ));
#486 = CARTESIAN_POINT('',(7.173657416097,8.961735805324,14.91422689922)
  );
#487 = CARTESIAN_POINT('',(5.360723996558,9.122766397716,14.858779619675
    ));
#488 = CARTESIAN_POINT('',(4.458930785139,9.242840438879,14.817434811664
    ));
#489 = CARTESIAN_POINT('',(3.561888333986,9.403128211642,14.762243305428
    ));
#490 = ORIENTED_EDGE('',*,*,#491,.T.);
#491 = EDGE_CURVE('',#477,#352,#492,.T.);
#492 = B_SPLINE_CURVE_WITH_KNOTS('',3,(#493,#494,#495,#496),
  .UNSPECIFIED.,.F.,.F.,(4,4),(9.293595966627E-03,1.),
  .PIECEWISE_BEZIER_KNOTS.);
#493 = CARTESIAN_POINT('',(3.561888333986,9.403128211642,14.762243305428
    ));
#494 = CARTESIAN_POINT('',(2.476583494106,6.587744892585,15.731657524175
    ));
#495 = CARTESIAN_POINT('',(1.289287347576,3.453368834169,16.810909751522
    ));
#496 = CARTESIAN_POINT('',(0.,0.,18.));
#497 = ORIENTED_EDGE('',*,*,#351,.T.);
#498 = PLANE('',#499);
#499 = AXIS2_PLACEMENT_3D('',#500,#501,#502);
#500 = CARTESIAN_POINT('',(9.,9.003768772977,14.899753787789));
#501 = DIRECTION('',(2.9E-16,-0.325568154457,-0.945518575599));
#502 = DIRECTION('',(0.,0.945518575599,-0.325568154457));
#503 = ADVANCED_FACE('',(#504),#538,.T.);
#504 = FACE_BOUND('',#505,.T.);
#505 = EDGE_LOOP('',(#506,#515,#530,#537));
#506 = ORIENTED_EDGE('',*,*,#507,.T.);
#507 = EDGE_CURVE('',#352,#508,#510,.T.);
#508 = VERTEX_POINT('',#509);
#509 = CARTESIAN_POINT('',(2.625285247603,9.385085507868,13.756449699976
    ));
#510 = B_SPLINE_CURVE_WITH_KNOTS('',3,(#511,#512,#513,#514),
  .UNSPECIFIED.,.F.,.F.,(4,4),(0.,0.989773028056),
  .PIECEWISE_BEZIER_KNOTS.);
#511 = CARTESIAN_POINT('',(0.,0.,18.));
#512 = CARTESIAN_POINT('',(0.95227951803,3.473352139249,16.450414594596)
  );
#513 = CARTESIAN_POINT('',(1.82737652552,6.602255511477,15.035248776312)
  );
#514 = CARTESIAN_POINT('',(2.625285247603,9.385085507868,13.756449699976
    ));
#515 = ORIENTED_EDGE('',*,*,#516,.T.);
#516 = EDGE_CURVE('',#508,#517,#519,.T.);
#517 = VERTEX_POINT('',#518);
#518 = CARTESIAN_POINT('',(2.618788612234,6.823567847291,1.109583598186)
  );
#519 = B_SPLINE_CURVE_WITH_KNOTS('',3,(#520,#521,#522,#523,#524,#525,
    #526,#527,#528,#529),.UNSPECIFIED.,.F.,.F.,(4,3,3,4),(0.,
    5.280233911907E-03,9.091950577761E-03,1.290366743312E-02),
  .UNSPECIFIED.);
#520 = CARTESIAN_POINT('',(2.625285247603,9.385085507868,13.756449699976
    ));
#521 = CARTESIAN_POINT('',(2.624555432955,9.035219018422,12.031495191286
    ));
#522 = CARTESIAN_POINT('',(2.623763320166,8.685493953644,10.306512211177
    ));
#523 = CARTESIAN_POINT('',(2.622906625714,8.335966864656,8.58148915543)
  );
#524 = CARTESIAN_POINT('',(2.622288191648,8.083648832089,7.336222515811)
  );
#525 = CARTESIAN_POINT('',(2.621636024969,7.831434268691,6.09093491983)
  );
#526 = CARTESIAN_POINT('',(2.620949171793,7.5793552325,4.845619914093));
#527 = CARTESIAN_POINT('',(2.620262318584,7.327276184338,3.600304849219)
  );
#528 = CARTESIAN_POINT('',(2.619540466198,7.075332357095,2.354962418328)
  );
#529 = CARTESIAN_POINT('',(2.618788612234,6.823567847291,1.109583598186)
  );
#530 = ORIENTED_EDGE('',*,*,#531,.T.);
#531 = EDGE_CURVE('',#517,#334,#532,.T.);
#532 = B_SPLINE_CURVE_WITH_KNOTS('',3,(#533,#534,#535,#536),
  .UNSPECIFIED.,.F.,.F.,(4,4),(1.276844602476E-02,1.),
  .PIECEWISE_BEZIER_KNOTS.);
#533 = CARTESIAN_POINT('',(2.618788612234,6.823567847291,1.109583598186)
  );
#534 = CARTESIAN_POINT('',(1.813487733356,4.65863262955,0.784195948667)
  );
#535 = CARTESIAN_POINT('',(0.940558504826,2.385001920289,0.413266622403)
  );
#536 = CARTESIAN_POINT('',(0.,0.,0.));
#537 = ORIENTED_EDGE('',*,*,#359,.F.);
#538 = B_SPLINE_SURFACE_WITH_KNOTS('',3,1,(
    (#539,#540)
    ,(#541,#542)
    ,(#543,#544)
    ,(#545,#546)
    ,(#547,#548)
    ,(#549,#550
    )),.UNSPECIFIED.,.F.,.F.,.F.,(4,2,4),(2,2),(0.,0.5,1.),(0.,1.),
  .UNSPECIFIED.);
#539 = CARTESIAN_POINT('',(0.,0.,0.));
#540 = CARTESIAN_POINT('',(2.65,6.719683099286,0.199435538532));
#541 = CARTESIAN_POINT('',(0.,0.,3.));
#542 = CARTESIAN_POINT('',(2.65,7.210674545388,2.611505628722));
#543 = CARTESIAN_POINT('',(0.,0.,6.));
#544 = CARTESIAN_POINT('',(2.65,7.701665991489,5.023575718911));
#545 = CARTESIAN_POINT('',(0.,0.,12.));
#546 = CARTESIAN_POINT('',(2.65,8.683648883693,9.84771589929));
#547 = CARTESIAN_POINT('',(0.,0.,15.));
#548 = CARTESIAN_POINT('',(2.65,9.174640329795,12.259785989479));
#549 = CARTESIAN_POINT('',(0.,0.,18.));
#550 = CARTESIAN_POINT('',(2.65,9.665631775897,14.671856079669));
#551 = ADVANCED_FACE('',(#552),#567,.T.);
#552 = FACE_BOUND('',#553,.T.);
#553 = EDGE_LOOP('',(#554,#555,#566));
#554 = ORIENTED_EDGE('',*,*,#531,.F.);
#555 = ORIENTED_EDGE('',*,*,#556,.T.);
#556 = EDGE_CURVE('',#517,#380,#557,.T.);
#557 = B_SPLINE_CURVE_WITH_KNOTS('',3,(#558,#559,#560,#561,#562,#563,
    #564,#565),.UNSPECIFIED.,.F.,.F.,(4,2,2,4),(-5.999999993E-08,
    7.403139915628E-04,1.110500987344E-03,1.480687983125E-03),
  .UNSPECIFIED.);
#558 = CARTESIAN_POINT('',(2.618788612234,6.823567847291,1.109583598186)
  );
#559 = CARTESIAN_POINT('',(2.621470876389,6.78177112512,0.866372132972)
  );
#560 = CARTESIAN_POINT('',(2.712328050561,6.718305371386,0.627810382384)
  );
#561 = CARTESIAN_POINT('',(2.957922581671,6.615246679555,0.373771749625)
  );
#562 = CARTESIAN_POINT('',(3.057008553489,6.579891951851,0.306321714584)
  );
#563 = CARTESIAN_POINT('',(3.275925585047,6.512846156912,0.215439632957)
  );
#564 = CARTESIAN_POINT('',(3.394211755075,6.481590358413,0.192369110951)
  );
#565 = CARTESIAN_POINT('',(3.514561242989,6.454354475665,0.191560768821)
  );
#566 = ORIENTED_EDGE('',*,*,#379,.F.);
#567 = ( BOUNDED_SURFACE() B_SPLINE_SURFACE(2,3,(
    (#568,#569,#570,#571)
    ,(#572,#573,#574,#575)
    ,(#576,#577,#578,#579
)),.UNSPECIFIED.,.F.,.F.,.F.) B_SPLINE_SURFACE_WITH_KNOTS((3,3),(4,4),(
    0.,1.),(0.,7.809657899165E-03),.PIECEWISE_BEZIER_KNOTS.) 
GEOMETRIC_REPRESENTATION_ITEM() RATIONAL_B_SPLINE_SURFACE((
    (1.,1.,1.,1.)
    ,(0.710944282311,0.718493622043,0.727223278395,0.737386476189)
,(1.,1.,1.,1.))) REPRESENTATION_ITEM('') SURFACE() );
#568 = CARTESIAN_POINT('',(0.,-1.E-17,1.9E-16));
#569 = CARTESIAN_POINT('',(1.276747654008,2.293852866621,
    6.807996374363E-02));
#570 = CARTESIAN_POINT('',(2.533225917336,4.595739170035,0.136398354326)
  );
#571 = CARTESIAN_POINT('',(3.75621345271,6.910808092621,0.20510799591));
#572 = CARTESIAN_POINT('',(0.,0.,9.E-17));
#573 = CARTESIAN_POINT('',(0.944627324687,2.395319346681,
    7.109141856862E-02));
#574 = CARTESIAN_POINT('',(1.895336639035,4.805042486198,0.142610331745)
  );
#575 = CARTESIAN_POINT('',(2.857092126739,7.252284361023,0.215242774958)
  );
#576 = CARTESIAN_POINT('',(0.,0.,0.));
#577 = CARTESIAN_POINT('',(0.951135282244,2.411821766502,0.417913892144)
  );
#578 = CARTESIAN_POINT('',(1.880879815278,4.829886046357,0.813861836382)
  );
#579 = CARTESIAN_POINT('',(2.778439123582,7.253731228952,1.173856109996)
  );
#580 = ADVANCED_FACE('',(#581),#615,.T.);
#581 = FACE_BOUND('',#582,.T.);
#582 = EDGE_LOOP('',(#583,#592,#607,#614));
#583 = ORIENTED_EDGE('',*,*,#584,.T.);
#584 = EDGE_CURVE('',#380,#585,#587,.T.);
#585 = VERTEX_POINT('',#586);
#586 = CARTESIAN_POINT('',(3.533319391563,6.547636443814,0.271911926297)
  );
#587 = B_SPLINE_CURVE_WITH_KNOTS('',3,(#588,#589,#590,#591),
  .UNSPECIFIED.,.F.,.F.,(4,4),(0.,1.),.PIECEWISE_BEZIER_KNOTS.);
#588 = CARTESIAN_POINT('',(3.514561242989,6.454354475665,0.191560768821)
  );
#589 = CARTESIAN_POINT('',(3.523187078705,6.498308824542,0.192865303441)
  );
#590 = CARTESIAN_POINT('',(3.531382401394,6.53906355483,0.227970588887)
  );
#591 = CARTESIAN_POINT('',(3.533319391563,6.547636443815,0.271911926297)
  );
#592 = ORIENTED_EDGE('',*,*,#593,.F.);
#593 = EDGE_CURVE('',#594,#585,#596,.T.);
#594 = VERTEX_POINT('',#595);
#595 = CARTESIAN_POINT('',(14.46668060844,6.547636443815,0.271911926297)
  );
#596 = B_SPLINE_CURVE_WITH_KNOTS('',3,(#597,#598,#599,#600,#601,#602,
    #603,#604,#605,#606),.UNSPECIFIED.,.F.,.F.,(4,2,2,2,4),(0.,
    2.748537296583E-03,5.497074593165E-03,8.245611889748E-03,
    1.099414918633E-02),.UNSPECIFIED.);
#597 = CARTESIAN_POINT('',(14.46668060844,6.547636443815,0.271911926297)
  );
#598 = CARTESIAN_POINT('',(13.566177950643,6.371039216442,0.266523571281
    ));
#599 = CARTESIAN_POINT('',(12.659603220766,6.238561955802,0.262483488334
    ));
#600 = CARTESIAN_POINT('',(10.83445158573,6.06081599938,0.257062310164)
  );
#601 = CARTESIAN_POINT('',(9.917750094051,6.015880674234,0.255691410653)
  );
#602 = CARTESIAN_POINT('',(8.084969268851,6.015791751578,0.255688697172)
  );
#603 = CARTESIAN_POINT('',(7.167186166085,6.060688550257,0.257058422958)
  );
#604 = CARTESIAN_POINT('',(5.340732674679,6.238497232043,0.262481514346)
  );
#605 = CARTESIAN_POINT('',(4.433832191146,6.37103722754,0.266523510595)
  );
#606 = CARTESIAN_POINT('',(3.533319391563,6.547636443815,0.271911926297)
  );
#607 = ORIENTED_EDGE('',*,*,#608,.F.);
#608 = EDGE_CURVE('',#389,#594,#609,.T.);
#609 = B_SPLINE_CURVE_WITH_KNOTS('',3,(#610,#611,#612,#613),
  .UNSPECIFIED.,.F.,.F.,(4,4),(0.,1.),.PIECEWISE_BEZIER_KNOTS.);
#610 = CARTESIAN_POINT('',(14.48543875702,6.454354475665,0.191560768821)
  );
#611 = CARTESIAN_POINT('',(14.476812594602,6.498308760466,0.19286530154)
  );
#612 = CARTESIAN_POINT('',(14.468617272407,6.539063490839,0.227970586958
    ));
#613 = CARTESIAN_POINT('',(14.46668060844,6.547636443815,0.271911926297)
  );
#614 = ORIENTED_EDGE('',*,*,#388,.F.);
#615 = ( BOUNDED_SURFACE() B_SPLINE_SURFACE(3,2,(
    (#616,#617,#618)
    ,(#619,#620,#621)
    ,(#622,#623,#624)
    ,(#625,#626,#627)
    ,(#628,#629,#630)
    ,(#631,#632,#633)
    ,(#634,#635,#636)
    ,(#637,#638,#639
)),.UNSPECIFIED.,.F.,.F.,.F.) B_SPLINE_SURFACE_WITH_KNOTS((4,2,2,4),(3,3
    ),(0.,5.51927301435E-03,8.278909521525E-03,1.10385460287E-02),(0.,1.
),.UNSPECIFIED.) GEOMETRIC_REPRESENTATION_ITEM() 
RATIONAL_B_SPLINE_SURFACE((
    (1.,0.782468957389,1.)
    ,(1.,0.783400601125,1.)
    ,(1.,0.78386816184,1.)
    ,(1.,0.783867644623,1.)
    ,(1.,0.783748402078,1.)
    ,(1.,0.783283892048,1.)
    ,(1.,0.782938294184,1.)
,(1.,0.782468957389,1.))) REPRESENTATION_ITEM('') SURFACE() );
#616 = CARTESIAN_POINT('',(14.485438898005,6.454354550397,0.191560771039
    ));
#617 = CARTESIAN_POINT('',(14.470120214054,6.53241198756,0.19387746169)
  );
#618 = CARTESIAN_POINT('',(14.466680934541,6.547636507767,0.271911928248
    ));
#619 = CARTESIAN_POINT('',(12.679198982966,6.100193972184,0.181049530464
    ));
#620 = CARTESIAN_POINT('',(12.671135077477,6.179423351442,0.183401003544
    ));
#621 = CARTESIAN_POINT('',(12.666656828868,6.194634455761,0.261141088897
    ));
#622 = CARTESIAN_POINT('',(10.838202127928,5.920691769081,0.175722029447
    ));
#623 = CARTESIAN_POINT('',(10.833022150236,5.99987050044,0.178071999334)
  );
#624 = CARTESIAN_POINT('',(10.831837458204,6.015706832006,0.255686105868
    ));
#625 = CARTESIAN_POINT('',(8.077921979257,5.920886536567,0.175727810011)
  );
#626 = CARTESIAN_POINT('',(8.080519750438,6.000064854628,0.178077767631)
  );
#627 = CARTESIAN_POINT('',(8.081114621775,6.015900958562,0.25569202962)
  );
#628 = CARTESIAN_POINT('',(7.156551466845,5.966168097312,0.17707173536)
  );
#629 = CARTESIAN_POINT('',(7.161435115543,6.045277394336,0.179419644483)
  );
#630 = CARTESIAN_POINT('',(7.162884919626,6.061034513446,0.257068974832)
  );
#631 = CARTESIAN_POINT('',(5.327977851622,6.144299409645,0.182358549289)
  );
#632 = CARTESIAN_POINT('',(5.337938743568,6.22303639999,0.184695408608)
  );
#633 = CARTESIAN_POINT('',(5.340534116713,6.238589513186,0.262484328743)
  );
#634 = CARTESIAN_POINT('',(4.41870641481,6.277073213588,0.186299183795)
  );
#635 = CARTESIAN_POINT('',(4.430924448862,6.355613124615,0.188630193936)
  );
#636 = CARTESIAN_POINT('',(4.434351870733,6.370935302388,0.266520400682)
  );
#637 = CARTESIAN_POINT('',(3.514561102008,6.454354550394,0.191560771039)
  );
#638 = CARTESIAN_POINT('',(3.529879785959,6.532411987558,0.19387746169)
  );
#639 = CARTESIAN_POINT('',(3.533319065472,6.547636507764,0.271911928248)
  );
#640 = ADVANCED_FACE('',(#641),#658,.T.);
#641 = FACE_BOUND('',#642,.T.);
#642 = EDGE_LOOP('',(#643,#644,#657));
#643 = ORIENTED_EDGE('',*,*,#403,.F.);
#644 = ORIENTED_EDGE('',*,*,#645,.T.);
#645 = EDGE_CURVE('',#389,#420,#646,.T.);
#646 = B_SPLINE_CURVE_WITH_KNOTS('',3,(#647,#648,#649,#650,#651,#652,
    #653,#654,#655,#656),.UNSPECIFIED.,.F.,.F.,(4,2,2,2,4),(
    -5.999999992E-08,3.71098231849E-04,7.42256463698E-04,
    1.113414695547E-03,1.484572927396E-03),.UNSPECIFIED.);
#647 = CARTESIAN_POINT('',(14.48543875702,6.454354475665,0.191560768821)
  );
#648 = CARTESIAN_POINT('',(14.606103998711,6.481661815437,0.192371231746
    ));
#649 = CARTESIAN_POINT('',(14.725371234338,6.513217817796,0.215843913755
    ));
#650 = CARTESIAN_POINT('',(14.943405051893,6.580044328546,0.306628562032
    ));
#651 = CARTESIAN_POINT('',(15.04267353424,6.615456452091,0.374160903137)
  );
#652 = CARTESIAN_POINT('',(15.206829328362,6.684422203798,0.544417917323
    ));
#653 = CARTESIAN_POINT('',(15.270706010629,6.717416660692,0.645441310598
    ));
#654 = CARTESIAN_POINT('',(15.357784233069,6.776954065826,0.868822045397
    ));
#655 = CARTESIAN_POINT('',(15.379866274939,6.802614481884,0.987658834576
    ));
#656 = CARTESIAN_POINT('',(15.381211249591,6.823568218758,1.109583654018
    ));
#657 = ORIENTED_EDGE('',*,*,#419,.F.);
#658 = ( BOUNDED_SURFACE() B_SPLINE_SURFACE(2,3,(
    (#659,#660,#661,#662)
    ,(#663,#664,#665,#666)
    ,(#667,#668,#669,#670
)),.UNSPECIFIED.,.F.,.F.,.F.) B_SPLINE_SURFACE_WITH_KNOTS((3,3),(4,4),(
    0.,1.),(-3.613046342384E-03,4.196611556781E-03),
.PIECEWISE_BEZIER_KNOTS.) GEOMETRIC_REPRESENTATION_ITEM() 
RATIONAL_B_SPLINE_SURFACE((
    (1.,1.,1.,1.)
    ,(0.710944282311,0.718493622043,0.727223278395,0.737386476189)
,(1.,1.,1.,1.))) REPRESENTATION_ITEM('') SURFACE() );
#659 = CARTESIAN_POINT('',(18.,0.,0.));
#660 = CARTESIAN_POINT('',(17.048864717756,2.411821766502,0.417913892146
    ));
#661 = CARTESIAN_POINT('',(16.119120184722,4.829886046356,0.813861836386
    ));
#662 = CARTESIAN_POINT('',(15.221560876418,7.253731228952,1.173856109996
    ));
#663 = CARTESIAN_POINT('',(18.,0.,4.E-17));
#664 = CARTESIAN_POINT('',(17.055372675309,2.395319346679,
    7.109141857006E-02));
#665 = CARTESIAN_POINT('',(16.104663360983,4.805042486205,0.142610331746
    ));
#666 = CARTESIAN_POINT('',(15.142907873261,7.252284361023,0.215242774958
    ));
#667 = CARTESIAN_POINT('',(18.,0.,8.E-17));
#668 = CARTESIAN_POINT('',(16.723252345991,2.293852866622,
    6.807996374364E-02));
#669 = CARTESIAN_POINT('',(15.466774082679,4.595739170042,0.136398354326
    ));
#670 = CARTESIAN_POINT('',(14.24378654729,6.910808092621,0.20510799591)
  );
#671 = ADVANCED_FACE('',(#672),#710,.T.);
#672 = FACE_BOUND('',#673,.T.);
#673 = EDGE_LOOP('',(#674,#685,#686,#697));
#674 = ORIENTED_EDGE('',*,*,#675,.T.);
#675 = EDGE_CURVE('',#676,#429,#678,.T.);
#676 = VERTEX_POINT('',#677);
#677 = CARTESIAN_POINT('',(15.256818490854,9.455473812624,
    13.742060347885));
#678 = B_SPLINE_CURVE_WITH_KNOTS('',3,(#679,#680,#681,#682,#683,#684),
  .UNSPECIFIED.,.F.,.F.,(4,2,4),(0.,0.5,1.),.UNSPECIFIED.);
#679 = CARTESIAN_POINT('',(15.256818490854,9.455473812624,
    13.742060347885));
#680 = CARTESIAN_POINT('',(15.281627214999,9.460776008916,
    13.740996250158));
#681 = CARTESIAN_POINT('',(15.308460882957,9.456364574509,
    13.741909490341));
#682 = CARTESIAN_POINT('',(15.351836221422,9.430467823403,
    13.747203442244));
#683 = CARTESIAN_POINT('',(15.368140918735,9.409123988844,13.75155523143
    ));
#684 = CARTESIAN_POINT('',(15.374713926731,9.385088387274,
    13.756448376781));
#685 = ORIENTED_EDGE('',*,*,#428,.F.);
#686 = ORIENTED_EDGE('',*,*,#687,.F.);
#687 = EDGE_CURVE('',#688,#420,#690,.T.);
#688 = VERTEX_POINT('',#689);
#689 = CARTESIAN_POINT('',(15.26656261665,6.883544542,1.0972679503));
#690 = B_SPLINE_CURVE_WITH_KNOTS('',3,(#691,#692,#693,#694,#695,#696),
  .UNSPECIFIED.,.F.,.F.,(4,2,4),(0.,0.5,1.),.UNSPECIFIED.);
#691 = CARTESIAN_POINT('',(15.26656261665,6.883544542,1.0972679503));
#692 = CARTESIAN_POINT('',(15.289588713034,6.888521915374,1.096280047183
    ));
#693 = CARTESIAN_POINT('',(15.314389093188,6.885181439882,1.096985306416
    ));
#694 = CARTESIAN_POINT('',(15.355989671022,6.863418974959,1.101454011289
    ));
#695 = CARTESIAN_POINT('',(15.372620322143,6.845085680235,1.105199244357
    ));
#696 = CARTESIAN_POINT('',(15.381211249591,6.823568218758,1.109583654018
    ));
#697 = ORIENTED_EDGE('',*,*,#698,.F.);
#698 = EDGE_CURVE('',#676,#688,#699,.T.);
#699 = B_SPLINE_CURVE_WITH_KNOTS('',3,(#700,#701,#702,#703,#704,#705,
    #706,#707,#708,#709),.UNSPECIFIED.,.F.,.F.,(4,3,3,4),(0.,
    6.451854083138E-03,9.094919010354E-03,1.29037084643E-02),
  .UNSPECIFIED.);
#700 = CARTESIAN_POINT('',(15.256818490854,9.455473812624,
    13.742060347885));
#701 = CARTESIAN_POINT('',(15.258015949957,9.026724285648,
    11.634613952203));
#702 = CARTESIAN_POINT('',(15.259374735638,8.598010457559,9.527160372974
    ));
#703 = CARTESIAN_POINT('',(15.260966062802,8.169348275242,7.41969647002)
  );
#704 = CARTESIAN_POINT('',(15.261617965491,7.993742632389,6.556353332386
    ));
#705 = CARTESIAN_POINT('',(15.262309340048,7.818145756335,5.693008440033
    ));
#706 = CARTESIAN_POINT('',(15.2630478247,7.642559355018,4.829661458575)
  );
#707 = CARTESIAN_POINT('',(15.264112018212,7.389530522813,3.585535052044
    ));
#708 = CARTESIAN_POINT('',(15.265273530597,7.136523325785,2.341404321874
    ));
#709 = CARTESIAN_POINT('',(15.26656261665,6.883544542,1.0972679503));
#710 = ( BOUNDED_SURFACE() B_SPLINE_SURFACE(3,2,(
    (#711,#712,#713)
    ,(#714,#715,#716)
    ,(#717,#718,#719)
    ,(#720,#721,#722
)),.UNSPECIFIED.,.F.,.F.,.F.) B_SPLINE_SURFACE_WITH_KNOTS((4,4),(3,3),(
    0.,1.290370913129E-02),(0.,1.),.PIECEWISE_BEZIER_KNOTS.) 
GEOMETRIC_REPRESENTATION_ITEM() RATIONAL_B_SPLINE_SURFACE((
    (1.,0.723513019676,1.)
    ,(1.,0.732399674992,1.)
    ,(1.,0.743449820078,1.)
,(1.,0.760044167806,1.))) REPRESENTATION_ITEM('') SURFACE() );
#711 = CARTESIAN_POINT('',(15.374708977584,9.38508390801,13.756449822766
    ));
#712 = CARTESIAN_POINT('',(15.350034493615,9.475396221408,
    13.738062119755));
#713 = CARTESIAN_POINT('',(15.256812651735,9.455472564675,
    13.742060598367));
#714 = CARTESIAN_POINT('',(15.376506589535,8.530094353462,9.541056292681
    ));
#715 = CARTESIAN_POINT('',(15.350039500155,8.627867972103,9.57440759646)
  );
#716 = CARTESIAN_POINT('',(15.259219248373,8.597975966531,9.527167108895
    ));
#717 = CARTESIAN_POINT('',(15.378664286599,7.675854217633,5.32551350489)
  );
#718 = CARTESIAN_POINT('',(15.35004599939,7.778672276998,5.402550989929)
  );
#719 = CARTESIAN_POINT('',(15.262195352431,7.740605379361,5.312248133543
    ));
#720 = CARTESIAN_POINT('',(15.381212176235,6.823568568919,1.109583617487
    ));
#721 = CARTESIAN_POINT('',(15.350063397774,6.901594291697,1.093685584884
    ));
#722 = CARTESIAN_POINT('',(15.26656261698,6.883544477185,1.097267631544)
  );
#723 = ADVANCED_FACE('',(#724),#739,.T.);
#724 = FACE_BOUND('',#725,.T.);
#725 = EDGE_LOOP('',(#726,#727,#738));
#726 = ORIENTED_EDGE('',*,*,#443,.F.);
#727 = ORIENTED_EDGE('',*,*,#728,.T.);
#728 = EDGE_CURVE('',#429,#468,#729,.T.);
#729 = B_SPLINE_CURVE_WITH_KNOTS('',3,(#730,#731,#732,#733,#734,#735,
    #736,#737),.UNSPECIFIED.,.F.,.F.,(4,2,2,4),(-5.999999992E-08,
    7.632426039213E-04,1.144893905882E-03,1.526545207842E-03),
  .UNSPECIFIED.);
#730 = CARTESIAN_POINT('',(15.374713926731,9.385088387274,
    13.756448376781));
#731 = CARTESIAN_POINT('',(15.373160481602,9.440961373623,
    14.004667350586));
#732 = CARTESIAN_POINT('',(15.274345746208,9.474146747175,
    14.256264875855));
#733 = CARTESIAN_POINT('',(15.016955282686,9.478053570825,
    14.534739043919));
#734 = CARTESIAN_POINT('',(14.913377681545,9.472020402807,14.61171050171
    ));
#735 = CARTESIAN_POINT('',(14.685763784596,9.446606865862,
    14.721400387378));
#736 = CARTESIAN_POINT('',(14.56271185295,9.427400843315,14.753885568096
    ));
#737 = CARTESIAN_POINT('',(14.438111653367,9.403128244433,
    14.762243294138));
#738 = ORIENTED_EDGE('',*,*,#467,.F.);
#739 = ( BOUNDED_SURFACE() B_SPLINE_SURFACE(2,3,(
    (#740,#741,#742,#743)
    ,(#744,#745,#746,#747)
    ,(#748,#749,#750,#751
)),.UNSPECIFIED.,.F.,.F.,.F.) B_SPLINE_SURFACE_WITH_KNOTS((3,3),(4,4),(
    0.,1.),(0.,1.121159812184E-02),.PIECEWISE_BEZIER_KNOTS.) 
GEOMETRIC_REPRESENTATION_ITEM() RATIONAL_B_SPLINE_SURFACE((
    (1.,1.,1.,1.)
    ,(0.736913633281,0.731752167521,0.725732665936,0.717812230557)
,(1.,1.,1.,1.))) REPRESENTATION_ITEM('') SURFACE() );
#740 = CARTESIAN_POINT('',(18.,-5.22E-15,18.));
#741 = CARTESIAN_POINT('',(16.751409739627,3.344361285852,
    16.848444060464));
#742 = CARTESIAN_POINT('',(15.48901375273,6.685349534064,15.698049550929
    ));
#743 = CARTESIAN_POINT('',(14.200069026518,10.01978127287,
    14.549912628628));
#744 = CARTESIAN_POINT('',(18.,-2.61E-15,18.));
#745 = CARTESIAN_POINT('',(17.055569295295,3.444724312723,16.81388629906
    ));
#746 = CARTESIAN_POINT('',(16.113232836516,6.879289984335,
    15.631270498559));
#747 = CARTESIAN_POINT('',(15.184311638825,10.267222248567,
    14.464711868036));
#748 = CARTESIAN_POINT('',(18.,0.,18.));
#749 = CARTESIAN_POINT('',(17.088941959507,3.32300058335,16.51749174869)
  );
#750 = CARTESIAN_POINT('',(16.165283826362,6.639194310914,
    15.021511778779));
#751 = CARTESIAN_POINT('',(15.214339696563,9.943354140063,13.49960695665
    ));
#752 = ADVANCED_FACE('',(#753),#789,.T.);
#753 = FACE_BOUND('',#754,.T.);
#754 = EDGE_LOOP('',(#755,#766,#767,#778));
#755 = ORIENTED_EDGE('',*,*,#756,.T.);
#756 = EDGE_CURVE('',#757,#477,#759,.T.);
#757 = VERTEX_POINT('',#758);
#758 = CARTESIAN_POINT('',(3.580304930573,9.466883158792,14.648073166389
    ));
#759 = B_SPLINE_CURVE_WITH_KNOTS('',3,(#760,#761,#762,#763,#764,#765),
  .UNSPECIFIED.,.F.,.F.,(4,2,4),(0.,0.5,1.),.UNSPECIFIED.);
#760 = CARTESIAN_POINT('',(3.580304930573,9.466883158792,14.648073166389
    ));
#761 = CARTESIAN_POINT('',(3.579733242816,9.471784949988,14.671600796152
    ));
#762 = CARTESIAN_POINT('',(3.57750197602,9.467973012716,14.696795504122)
  );
#763 = CARTESIAN_POINT('',(3.570796841177,9.44476089074,14.738362961878)
  );
#764 = CARTESIAN_POINT('',(3.566352463439,9.425462796841,14.754552891013
    ));
#765 = CARTESIAN_POINT('',(3.561888333986,9.403128211642,14.762243305428
    ));
#766 = ORIENTED_EDGE('',*,*,#476,.F.);
#767 = ORIENTED_EDGE('',*,*,#768,.F.);
#768 = EDGE_CURVE('',#769,#468,#771,.T.);
#769 = VERTEX_POINT('',#770);
#770 = CARTESIAN_POINT('',(14.419695292513,9.466883198651,
    14.648073152648));
#771 = B_SPLINE_CURVE_WITH_KNOTS('',3,(#772,#773,#774,#775,#776,#777),
  .UNSPECIFIED.,.F.,.F.,(4,2,4),(0.,0.5,1.),.UNSPECIFIED.);
#772 = CARTESIAN_POINT('',(14.419695292513,9.466883198651,
    14.648073152648));
#773 = CARTESIAN_POINT('',(14.420266980294,9.471784989855,
    14.671600782411));
#774 = CARTESIAN_POINT('',(14.422498247182,9.467973052603,
    14.696795490379));
#775 = CARTESIAN_POINT('',(14.429203382302,9.444760930677,
    14.738362948125));
#776 = CARTESIAN_POINT('',(14.433647760224,9.425462836809,
    14.754552877251));
#777 = CARTESIAN_POINT('',(14.438111653367,9.403128244433,
    14.762243294138));
#778 = ORIENTED_EDGE('',*,*,#779,.F.);
#779 = EDGE_CURVE('',#757,#769,#780,.T.);
#780 = B_SPLINE_CURVE_WITH_KNOTS('',3,(#781,#782,#783,#784,#785,#786,
    #787,#788),.UNSPECIFIED.,.F.,.F.,(4,2,2,4),(0.,2.721107796384E-03,
    5.442215592767E-03,1.088443118553E-02),.UNSPECIFIED.);
#781 = CARTESIAN_POINT('',(3.580304930573,9.466883158792,14.648073166389
    ));
#782 = CARTESIAN_POINT('',(4.474112710433,9.307186095078,14.703128207273
    ));
#783 = CARTESIAN_POINT('',(5.372653701456,9.187546023113,14.744373512783
    ));
#784 = CARTESIAN_POINT('',(7.179047634816,9.027072826815,14.799696056904
    ));
#785 = CARTESIAN_POINT('',(8.088760278571,8.986311460941,14.81374855751)
  );
#786 = CARTESIAN_POINT('',(10.813940817139,8.98605694827,14.813836301268
    ));
#787 = CARTESIAN_POINT('',(12.632098206444,9.147492358246,
    14.758182101225));
#788 = CARTESIAN_POINT('',(14.419695292513,9.466883198651,
    14.648073152648));
#789 = ( BOUNDED_SURFACE() B_SPLINE_SURFACE(3,2,(
    (#790,#791,#792)
    ,(#793,#794,#795)
    ,(#796,#797,#798)
    ,(#799,#800,#801)
    ,(#802,#803,#804)
    ,(#805,#806,#807)
    ,(#808,#809,#810)
    ,(#811,#812,#813
)),.UNSPECIFIED.,.F.,.F.,.F.) B_SPLINE_SURFACE_WITH_KNOTS((4,2,2,4),(3,3
    ),(-2.2747239E-10,5.469060386534E-03,8.203590693538E-03,
    1.093812100054E-02),(0.,1.),.UNSPECIFIED.) 
GEOMETRIC_REPRESENTATION_ITEM() RATIONAL_B_SPLINE_SURFACE((
    (1.,0.751021282125,1.)
    ,(1.,0.751440646752,1.)
    ,(1.,0.751654794159,1.)
    ,(1.,0.751654596966,1.)
    ,(1.,0.751600421827,1.)
    ,(1.,0.751389071412,1.)
    ,(1.,0.751231827948,1.)
,(1.,0.751021282125,1.))) REPRESENTATION_ITEM('') SURFACE() );
#790 = CARTESIAN_POINT('',(14.419695069414,9.46688315879,14.64807316639)
  );
#791 = CARTESIAN_POINT('',(14.421785836809,9.484809911761,
    14.734118040577));
#792 = CARTESIAN_POINT('',(14.438111547757,9.403128208036,14.76224330667
    ));
#793 = CARTESIAN_POINT('',(12.633699160773,9.147778415551,
    14.758083485775));
#794 = CARTESIAN_POINT('',(12.63611343981,9.165628800259,14.844020910887
    ));
#795 = CARTESIAN_POINT('',(12.646020978497,9.082908970877,
    14.872503632331));
#796 = CARTESIAN_POINT('',(10.815452486446,8.98612804381,14.813811790924
    ));
#797 = CARTESIAN_POINT('',(10.816170742551,9.003670246139,
    14.899787713295));
#798 = CARTESIAN_POINT('',(10.821699851763,8.920703252296,
    14.928355540271));
#799 = CARTESIAN_POINT('',(8.089795994326,8.986275780959,14.813760858262
    ));
#800 = CARTESIAN_POINT('',(8.089435647094,9.003818103614,14.899736801891
    ));
#801 = CARTESIAN_POINT('',(8.086663785075,8.920851509704,14.928304491152
    ));
#802 = CARTESIAN_POINT('',(7.179875157275,9.027017456948,14.799715145505
    ));
#803 = CARTESIAN_POINT('',(7.179032963501,9.044604172184,14.885693032237
    ));
#804 = CARTESIAN_POINT('',(7.173657491699,8.961735800297,14.914226900951
    ));
#805 = CARTESIAN_POINT('',(5.373054778955,9.187492261145,14.74439204698)
  );
#806 = CARTESIAN_POINT('',(5.371516342221,9.205207494966,14.830392873427
    ));
#807 = CARTESIAN_POINT('',(5.360724034064,9.122766392696,14.858779621404
    ));
#808 = CARTESIAN_POINT('',(4.474290434588,9.307154341015,14.703139154366
    ));
#809 = CARTESIAN_POINT('',(4.472286310179,9.324998442512,14.789145542365
    ));
#810 = CARTESIAN_POINT('',(4.45892558932,9.242841367452,14.81743449193)
  );
#811 = CARTESIAN_POINT('',(3.580304930573,9.466883158792,14.648073166389
    ));
#812 = CARTESIAN_POINT('',(3.578214163179,9.484809911763,14.734118040576
    ));
#813 = CARTESIAN_POINT('',(3.561888452231,9.403128208038,14.76224330667)
  );
#814 = ADVANCED_FACE('',(#815),#832,.T.);
#815 = FACE_BOUND('',#816,.T.);
#816 = EDGE_LOOP('',(#817,#818,#831));
#817 = ORIENTED_EDGE('',*,*,#491,.F.);
#818 = ORIENTED_EDGE('',*,*,#819,.T.);
#819 = EDGE_CURVE('',#477,#508,#820,.T.);
#820 = B_SPLINE_CURVE_WITH_KNOTS('',3,(#821,#822,#823,#824,#825,#826,
    #827,#828,#829,#830),.UNSPECIFIED.,.F.,.F.,(4,2,2,2,4),(
    -5.999999992E-08,3.823004197184E-04,7.646608394366E-04,
    1.147021259155E-03,1.529381678873E-03),.UNSPECIFIED.);
#821 = CARTESIAN_POINT('',(3.561888333986,9.403128211642,14.762243305428
    ));
#822 = CARTESIAN_POINT('',(3.437056636949,9.427445942401,14.753870039236
    ));
#823 = CARTESIAN_POINT('',(3.312799001771,9.446791970704,14.720828125746
    ));
#824 = CARTESIAN_POINT('',(3.086504238212,9.472008779695,14.611532418614
    ));
#825 = CARTESIAN_POINT('',(2.982560386022,9.478078633189,14.534364437205
    ));
#826 = CARTESIAN_POINT('',(2.810821139169,9.475406835466,14.348257692815
    ));
#827 = CARTESIAN_POINT('',(2.74263748175,9.466753144575,14.239422831386)
  );
#828 = CARTESIAN_POINT('',(2.649990716965,9.435419293046,14.004635136643
    ));
#829 = CARTESIAN_POINT('',(2.62606135691,9.413077585315,13.880788401086)
  );
#830 = CARTESIAN_POINT('',(2.625285247603,9.385085507868,13.756449699976
    ));
#831 = ORIENTED_EDGE('',*,*,#507,.F.);
#832 = ( BOUNDED_SURFACE() B_SPLINE_SURFACE(2,3,(
    (#833,#834,#835,#836)
    ,(#837,#838,#839,#840)
    ,(#841,#842,#843,#844
)),.UNSPECIFIED.,.F.,.F.,.F.) B_SPLINE_SURFACE_WITH_KNOTS((3,3),(4,4),(
    0.,1.),(0.,1.121159812184E-02),.PIECEWISE_BEZIER_KNOTS.) 
GEOMETRIC_REPRESENTATION_ITEM() RATIONAL_B_SPLINE_SURFACE((
    (1.,1.,1.,1.)
    ,(0.736913633281,0.731752167521,0.725732665936,0.717812230557)
,(1.,1.,1.,1.))) REPRESENTATION_ITEM('') SURFACE() );
#833 = CARTESIAN_POINT('',(0.,0.,18.));
#834 = CARTESIAN_POINT('',(0.911058040494,3.323000583354,16.517491748698
    ));
#835 = CARTESIAN_POINT('',(1.834716173637,6.639194310908,15.021511778768
    ));
#836 = CARTESIAN_POINT('',(2.785660303437,9.943354140063,13.49960695665)
  );
#837 = CARTESIAN_POINT('',(0.,-1.76E-15,18.));
#838 = CARTESIAN_POINT('',(0.944430704607,3.44472431276,16.81388629909)
  );
#839 = CARTESIAN_POINT('',(1.886767163497,6.879289984334,15.631270498567
    ));
#840 = CARTESIAN_POINT('',(2.815688361175,10.267222248567,
    14.464711868036));
#841 = CARTESIAN_POINT('',(0.,-3.53E-15,18.));
#842 = CARTESIAN_POINT('',(1.248590260309,3.344361285872,16.848444060457
    ));
#843 = CARTESIAN_POINT('',(2.510986247267,6.685349534066,15.698049550928
    ));
#844 = CARTESIAN_POINT('',(3.799930973482,10.01978127287,14.549912628628
    ));
#845 = ADVANCED_FACE('',(#846),#884,.T.);
#846 = FACE_BOUND('',#847,.T.);
#847 = EDGE_LOOP('',(#848,#859,#874,#883));
#848 = ORIENTED_EDGE('',*,*,#849,.T.);
#849 = EDGE_CURVE('',#508,#850,#852,.T.);
#850 = VERTEX_POINT('',#851);
#851 = CARTESIAN_POINT('',(2.743187347498,9.455472291484,13.74205925554)
  );
#852 = B_SPLINE_CURVE_WITH_KNOTS('',3,(#853,#854,#855,#856,#857,#858),
  .UNSPECIFIED.,.F.,.F.,(4,2,4),(0.,0.5,1.),.UNSPECIFIED.);
#853 = CARTESIAN_POINT('',(2.625285247603,9.385085507868,13.756449699976
    ));
#854 = CARTESIAN_POINT('',(2.631859080863,9.40912371627,13.75155388848)
  );
#855 = CARTESIAN_POINT('',(2.648163778216,9.430467550598,13.747202099341
    ));
#856 = CARTESIAN_POINT('',(2.691539116562,9.456364301383,13.741908147502
    ));
#857 = CARTESIAN_POINT('',(2.718372784368,9.460775735703,13.740994907336
    ));
#858 = CARTESIAN_POINT('',(2.743187347498,9.455472291484,13.74205925554)
  );
#859 = ORIENTED_EDGE('',*,*,#860,.F.);
#860 = EDGE_CURVE('',#861,#850,#863,.T.);
#861 = VERTEX_POINT('',#862);
#862 = CARTESIAN_POINT('',(2.733439334876,6.883544055275,1.097267715322)
  );
#863 = B_SPLINE_CURVE_WITH_KNOTS('',3,(#864,#865,#866,#867,#868,#869,
    #870,#871,#872,#873),.UNSPECIFIED.,.F.,.F.,(4,3,3,4),(0.,
    6.451853512292E-03,9.095339838723E-03,1.29037073784E-02),
  .UNSPECIFIED.);
#864 = CARTESIAN_POINT('',(2.733439334876,6.883544055275,1.097267715322)
  );
#865 = CARTESIAN_POINT('',(2.735621015013,7.312074873092,3.204757611166)
  );
#866 = CARTESIAN_POINT('',(2.737442609205,7.740685892959,5.312231583864)
  );
#867 = CARTESIAN_POINT('',(2.739033936315,8.16934803733,7.419695300358)
  );
#868 = CARTESIAN_POINT('',(2.73968594298,8.344981678694,8.283176089203)
  );
#869 = CARTESIAN_POINT('',(2.740298439428,8.520624095865,9.146655123537)
  );
#870 = CARTESIAN_POINT('',(2.74087756164,8.696273918573,10.010132672868)
  );
#871 = CARTESIAN_POINT('',(2.741711880399,8.949325760047,11.254111064425
    ));
#872 = CARTESIAN_POINT('',(2.742477070713,9.202392941111,12.49808638319)
  );
#873 = CARTESIAN_POINT('',(2.743187347498,9.455472291484,13.74205925554)
  );
#874 = ORIENTED_EDGE('',*,*,#875,.F.);
#875 = EDGE_CURVE('',#517,#861,#876,.T.);
#876 = B_SPLINE_CURVE_WITH_KNOTS('',3,(#877,#878,#879,#880,#881,#882),
  .UNSPECIFIED.,.F.,.F.,(4,2,4),(0.,0.5,1.),.UNSPECIFIED.);
#877 = CARTESIAN_POINT('',(2.618788612234,6.823567847291,1.109583598186)
  );
#878 = CARTESIAN_POINT('',(2.627379677857,6.845085680235,1.105199244356)
  );
#879 = CARTESIAN_POINT('',(2.644010328978,6.863418974959,1.101454011289)
  );
#880 = CARTESIAN_POINT('',(2.685610906812,6.885181439882,1.096985306416)
  );
#881 = CARTESIAN_POINT('',(2.710411286966,6.888521915374,1.096280047182)
  );
#882 = CARTESIAN_POINT('',(2.733439334876,6.883544055275,1.097267715322)
  );
#883 = ORIENTED_EDGE('',*,*,#516,.F.);
#884 = ( BOUNDED_SURFACE() B_SPLINE_SURFACE(3,2,(
    (#885,#886,#887)
    ,(#888,#889,#890)
    ,(#891,#892,#893)
    ,(#894,#895,#896
)),.UNSPECIFIED.,.F.,.F.,.F.) B_SPLINE_SURFACE_WITH_KNOTS((4,4),(3,3),(
    0.,1.290370909472E-02),(0.,1.),.PIECEWISE_BEZIER_KNOTS.) 
GEOMETRIC_REPRESENTATION_ITEM() RATIONAL_B_SPLINE_SURFACE((
    (1.,0.760044167806,1.)
    ,(1.,0.74344982011,1.)
    ,(1.,0.732399675013,1.)
,(1.,0.723513019676,1.))) REPRESENTATION_ITEM('') SURFACE() );
#885 = CARTESIAN_POINT('',(2.618787823765,6.823568568919,1.109583617487)
  );
#886 = CARTESIAN_POINT('',(2.649936602226,6.901594291696,1.093685584883)
  );
#887 = CARTESIAN_POINT('',(2.73343738302,6.883544477185,1.097267631544)
  );
#888 = CARTESIAN_POINT('',(2.621335713388,7.675854215765,5.325513495742)
  );
#889 = CARTESIAN_POINT('',(2.649954000608,7.778672275047,5.40255098039)
  );
#890 = CARTESIAN_POINT('',(2.737804647551,7.740605377503,5.312248124393)
  );
#891 = CARTESIAN_POINT('',(2.623493410462,8.530094351518,9.541056283085)
  );
#892 = CARTESIAN_POINT('',(2.64996049987,8.627867970265,9.574407587088)
  );
#893 = CARTESIAN_POINT('',(2.740780751689,8.597975964565,9.527167099303)
  );
#894 = CARTESIAN_POINT('',(2.625291022416,9.38508390801,13.756449822765)
  );
#895 = CARTESIAN_POINT('',(2.649965506384,9.475396221407,13.738062119753
    ));
#896 = CARTESIAN_POINT('',(2.743187348265,9.455472564675,13.742060598365
    ));
#897 = ADVANCED_FACE('',(#898),#914,.T.);
#898 = FACE_BOUND('',#899,.T.);
#899 = EDGE_LOOP('',(#900,#901,#912,#913));
#900 = ORIENTED_EDGE('',*,*,#875,.T.);
#901 = ORIENTED_EDGE('',*,*,#902,.F.);
#902 = EDGE_CURVE('',#585,#861,#903,.T.);
#903 = B_SPLINE_CURVE_WITH_KNOTS('',3,(#904,#905,#906,#907,#908,#909,
    #910,#911),.UNSPECIFIED.,.F.,.F.,(4,2,2,4),(0.,3.298873734005E-04,
    6.59774746801E-04,1.319549493602E-03),.UNSPECIFIED.);
#904 = CARTESIAN_POINT('',(3.533319391563,6.547636443815,0.271911926297)
  );
#905 = CARTESIAN_POINT('',(3.423925696608,6.569089598954,0.272566507447)
  );
#906 = CARTESIAN_POINT('',(3.317405132731,6.594727242135,0.293147149303)
  );
#907 = CARTESIAN_POINT('',(3.119780866344,6.652227911036,0.374968238356)
  );
#908 = CARTESIAN_POINT('',(3.030630393251,6.683619980886,0.435896092482)
  );
#909 = CARTESIAN_POINT('',(2.811396056532,6.777756956427,0.665163128813)
  );
#910 = CARTESIAN_POINT('',(2.733214224749,6.839128220968,0.878834319393)
  );
#911 = CARTESIAN_POINT('',(2.733439334876,6.883544055275,1.097267715322)
  );
#912 = ORIENTED_EDGE('',*,*,#584,.F.);
#913 = ORIENTED_EDGE('',*,*,#556,.F.);
#914 = ( BOUNDED_SURFACE() B_SPLINE_SURFACE(3,2,(
    (#915,#916,#917)
    ,(#918,#919,#920)
    ,(#921,#922,#923)
    ,(#924,#925,#926)
    ,(#927,#928,#929)
    ,(#930,#931,#932)
    ,(#933,#934,#935)
    ,(#936,#937,#938)
    ,(#939,#940,#941)
    ,(#942,#943,#944
)),.UNSPECIFIED.,.F.,.F.,.F.) B_SPLINE_SURFACE_WITH_KNOTS((4,2,2,2,4),(3
    ,3),(0.,3.304429308886E-04,6.608858617773E-04,9.913287926659E-04,
    1.321771723555E-03),(0.,1.),.UNSPECIFIED.) 
GEOMETRIC_REPRESENTATION_ITEM() RATIONAL_B_SPLINE_SURFACE((
    (1.,0.782468957559,1.)
    ,(1.,0.793466586007,1.)
    ,(1.,0.801444329741,1.)
    ,(1.,0.810453224843,1.)
    ,(1.,0.811421281443,1.)
    ,(1.,0.806664562946,1.)
    ,(1.,0.800909551486,1.)
    ,(1.,0.784170947211,1.)
    ,(1.,0.773065240622,1.)
,(1.,0.760042019983,1.))) REPRESENTATION_ITEM('') SURFACE() );
#915 = CARTESIAN_POINT('',(3.514561429225,6.454354486235,0.191560769135)
  );
#916 = CARTESIAN_POINT('',(3.529880112249,6.532411923535,0.193877459791)
  );
#917 = CARTESIAN_POINT('',(3.533319391563,6.547636443815,0.271911926297)
  );
#918 = CARTESIAN_POINT('',(3.39516011923,6.481374920442,0.192362716901)
  );
#919 = CARTESIAN_POINT('',(3.413964586025,6.555725071836,0.197350862717)
  );
#920 = CARTESIAN_POINT('',(3.425094333689,6.568860419774,0.272559523417)
  );
#921 = CARTESIAN_POINT('',(3.27632705833,6.512727736309,0.215296787904)
  );
#922 = CARTESIAN_POINT('',(3.296886314311,6.584250701507,0.221421332598)
  );
#923 = CARTESIAN_POINT('',(3.317788290107,6.594632697251,0.29306317163)
  );
#924 = CARTESIAN_POINT('',(3.056907932502,6.579918239275,0.30633969527)
  );
#925 = CARTESIAN_POINT('',(3.083105820621,6.647140104453,0.312239835818)
  );
#926 = CARTESIAN_POINT('',(3.120333966485,6.652050122979,0.374664936609)
  );
#927 = CARTESIAN_POINT('',(2.957432597322,6.61542022529,0.374097916891)
  );
#928 = CARTESIAN_POINT('',(2.985613970531,6.681622777306,0.378932388227)
  );
#929 = CARTESIAN_POINT('',(3.031186658239,6.683410787739,0.435453565191)
  );
#930 = CARTESIAN_POINT('',(2.793397290119,6.684318651335,0.544135881563)
  );
#931 = CARTESIAN_POINT('',(2.825660268027,6.750157198711,0.544073194507)
  );
#932 = CARTESIAN_POINT('',(2.884875945033,6.746175978298,0.588182335906)
  );
#933 = CARTESIAN_POINT('',(2.728677152735,6.717813896923,0.64687965325)
  );
#934 = CARTESIAN_POINT('',(2.761988325641,6.784824006445,0.644359842845)
  );
#935 = CARTESIAN_POINT('',(2.827573415756,6.777676745961,0.680540726966)
  );
#936 = CARTESIAN_POINT('',(2.642530489875,6.776763477816,0.868159217128)
  );
#937 = CARTESIAN_POINT('',(2.676117051151,6.847868799916,0.859081966687)
  );
#938 = CARTESIAN_POINT('',(2.752231986819,6.835000337112,0.87966700365)
  );
#939 = CARTESIAN_POINT('',(2.620123178897,6.802775908357,0.988600642214)
  );
#940 = CARTESIAN_POINT('',(2.653146416266,6.877137469912,0.977083049676)
  );
#941 = CARTESIAN_POINT('',(2.733326843635,6.86135569705,0.988147167541)
  );
#942 = CARTESIAN_POINT('',(2.618789538887,6.823567497148,1.10958363472)
  );
#943 = CARTESIAN_POINT('',(2.649937993943,6.901593959945,1.09368552333)
  );
#944 = CARTESIAN_POINT('',(2.733439335205,6.883544120088,1.097268034068)
  );
#945 = ADVANCED_FACE('',(#946,#986,#1132),#1262,.T.);
#946 = FACE_BOUND('',#947,.T.);
#947 = EDGE_LOOP('',(#948,#949,#960,#961,#962,#963,#974,#975));
#948 = ORIENTED_EDGE('',*,*,#698,.T.);
#949 = ORIENTED_EDGE('',*,*,#950,.T.);
#950 = EDGE_CURVE('',#688,#594,#951,.T.);
#951 = B_SPLINE_CURVE_WITH_KNOTS('',3,(#952,#953,#954,#955,#956,#957,
    #958,#959),.UNSPECIFIED.,.F.,.F.,(4,2,2,4),(0.,3.299193089608E-04,
    6.598386179215E-04,1.319677235843E-03),.UNSPECIFIED.);
#952 = CARTESIAN_POINT('',(15.26656261665,6.883544542,1.0972679503));
#953 = CARTESIAN_POINT('',(15.266673269752,6.861333546842,0.988038233411
    ));
#954 = CARTESIAN_POINT('',(15.248387909836,6.835576530757,0.881815483447
    ));
#955 = CARTESIAN_POINT('',(15.172792675615,6.777852094105,0.681004795295
    ));
#956 = CARTESIAN_POINT('',(15.116477655118,6.74683252458,0.589951392151)
  );
#957 = CARTESIAN_POINT('',(14.896594269289,6.652279970567,0.359363144424
    ));
#958 = CARTESIAN_POINT('',(14.685677384969,6.590583816823,0.273222341508
    ));
#959 = CARTESIAN_POINT('',(14.46668060844,6.547636443815,0.271911926297)
  );
#960 = ORIENTED_EDGE('',*,*,#593,.T.);
#961 = ORIENTED_EDGE('',*,*,#902,.T.);
#962 = ORIENTED_EDGE('',*,*,#860,.T.);
#963 = ORIENTED_EDGE('',*,*,#964,.T.);
#964 = EDGE_CURVE('',#850,#757,#965,.T.);
#965 = B_SPLINE_CURVE_WITH_KNOTS('',3,(#966,#967,#968,#969,#970,#971,
    #972,#973),.UNSPECIFIED.,.F.,.F.,(4,2,2,4),(0.,3.398930270205E-04,
    6.797860540409E-04,1.359572108082E-03),.UNSPECIFIED.);
#966 = CARTESIAN_POINT('',(2.743187347498,9.455472291484,13.74205925554)
  );
#967 = CARTESIAN_POINT('',(2.743241114487,9.478378689468,13.854640658985
    ));
#968 = CARTESIAN_POINT('',(2.763903072947,9.496408500686,13.965900578742
    ));
#969 = CARTESIAN_POINT('',(2.845535502862,9.521580379458,14.177796190104
    ));
#970 = CARTESIAN_POINT('',(2.906028417868,9.528355267778,14.276053907022
    ));
#971 = CARTESIAN_POINT('',(3.136037216003,9.530593110406,14.528081888349
    ));
#972 = CARTESIAN_POINT('',(3.354393298981,9.507246898107,14.634157899155
    ));
#973 = CARTESIAN_POINT('',(3.580304930573,9.466883158792,14.648073166389
    ));
#974 = ORIENTED_EDGE('',*,*,#779,.T.);
#975 = ORIENTED_EDGE('',*,*,#976,.T.);
#976 = EDGE_CURVE('',#769,#676,#977,.T.);
#977 = B_SPLINE_CURVE_WITH_KNOTS('',3,(#978,#979,#980,#981,#982,#983,
    #984,#985),.UNSPECIFIED.,.F.,.F.,(4,2,2,4),(0.,3.398596761338E-04,
    6.797193522675E-04,1.359438704535E-03),.UNSPECIFIED.);
#978 = CARTESIAN_POINT('',(14.419695292513,9.466883198651,
    14.648073152648));
#979 = CARTESIAN_POINT('',(14.532602002898,9.487056295485,
    14.641118543433));
#980 = CARTESIAN_POINT('',(14.642794601703,9.502981292809,
    14.612314376653));
#981 = CARTESIAN_POINT('',(14.847354838241,9.524495964669,
    14.513832911575));
#982 = CARTESIAN_POINT('',(14.940211737439,9.529824554473,
    14.444395223813));
#983 = CARTESIAN_POINT('',(15.169981925207,9.527668875584,
    14.193042102796));
#984 = CARTESIAN_POINT('',(15.256693135225,9.5012732318,13.96717691902)
  );
#985 = CARTESIAN_POINT('',(15.256818490854,9.455473812624,
    13.742060347885));
#986 = FACE_BOUND('',#987,.T.);
#987 = EDGE_LOOP('',(#988,#1000,#1013,#1023,#1044,#1059,#1076,#1086,
    #1098,#1121));
#988 = ORIENTED_EDGE('',*,*,#989,.F.);
#989 = EDGE_CURVE('',#990,#992,#994,.T.);
#990 = VERTEX_POINT('',#991);
#991 = CARTESIAN_POINT('',(12.698054160949,8.495714246696,
    11.236486202761));
#992 = VERTEX_POINT('',#993);
#993 = CARTESIAN_POINT('',(12.704724502562,7.098141050733,4.377420813848
    ));
#994 = B_SPLINE_CURVE_WITH_KNOTS('',4,(#995,#996,#997,#998,#999),
  .UNSPECIFIED.,.F.,.F.,(5,5),(0.,1.),.PIECEWISE_BEZIER_KNOTS.);
#995 = CARTESIAN_POINT('',(12.698054160949,8.495714246696,
    11.236486202761));
#996 = CARTESIAN_POINT('',(12.699721744486,8.146319909844,9.52171992052)
  );
#997 = CARTESIAN_POINT('',(12.701389329266,7.796926264398,7.806953594973
    ));
#998 = CARTESIAN_POINT('',(12.703056915291,7.44753331111,6.092187226094)
  );
#999 = CARTESIAN_POINT('',(12.704724502562,7.098141050733,4.377420813848
    ));
#1000 = ORIENTED_EDGE('',*,*,#1001,.T.);
#1001 = EDGE_CURVE('',#990,#1002,#1004,.T.);
#1002 = VERTEX_POINT('',#1003);
#1003 = CARTESIAN_POINT('',(10.948876480455,8.329450958928,
    11.268807677065));
#1004 = B_SPLINE_CURVE_WITH_KNOTS('',4,(#1005,#1006,#1007,#1008,#1009,
    #1010,#1011,#1012),.UNSPECIFIED.,.F.,.F.,(5,3,5),(0.,0.31454423307,
    1.),.UNSPECIFIED.);
#1005 = CARTESIAN_POINT('',(12.698054160949,8.495714246696,
    11.236486202761));
#1006 = CARTESIAN_POINT('',(12.560944720062,8.478628425547,
    11.239849081499));
#1007 = CARTESIAN_POINT('',(12.423726090849,8.462382119222,
    11.243040076972));
#1008 = CARTESIAN_POINT('',(12.286406388785,8.446975869869,
    11.246059086128));
#1009 = CARTESIAN_POINT('',(11.849543486328,8.400669735574,
    11.255109812251));
#1010 = CARTESIAN_POINT('',(11.549651659478,8.372922399549,
    11.260496132215));
#1011 = CARTESIAN_POINT('',(11.249401539525,8.349177482961,
    11.26506314962));
#1012 = CARTESIAN_POINT('',(10.948876480455,8.329450958928,
    11.268807677065));
#1013 = ORIENTED_EDGE('',*,*,#1014,.T.);
#1014 = EDGE_CURVE('',#1002,#1015,#1017,.T.);
#1015 = VERTEX_POINT('',#1016);
#1016 = CARTESIAN_POINT('',(10.952449968974,7.579872524645,7.59309944077
    ));
#1017 = B_SPLINE_CURVE_WITH_KNOTS('',4,(#1018,#1019,#1020,#1021,#1022),
  .UNSPECIFIED.,.F.,.F.,(5,5),(0.,1.),.PIECEWISE_BEZIER_KNOTS.);
#1018 = CARTESIAN_POINT('',(10.948876480455,8.329450958928,
    11.268807677065));
#1019 = CARTESIAN_POINT('',(10.94976985225,8.142056166337,
    10.349880632839));
#1020 = CARTESIAN_POINT('',(10.950663224268,7.954661496364,
    9.430953578715));
#1021 = CARTESIAN_POINT('',(10.951556596509,7.767266949103,
    8.512026514694));
#1022 = CARTESIAN_POINT('',(10.952449968974,7.579872524645,7.59309944077
    ));
#1023 = ORIENTED_EDGE('',*,*,#1024,.T.);
#1024 = EDGE_CURVE('',#1015,#1025,#1027,.T.);
#1025 = VERTEX_POINT('',#1026);
#1026 = CARTESIAN_POINT('',(10.914415718229,7.382191109922,
    6.636693691353));
#1027 = B_SPLINE_CURVE_WITH_KNOTS('',8,(#1028,#1029,#1030,#1031,#1032,
    #1033,#1034,#1035,#1036,#1037,#1038,#1039,#1040,#1041,#1042,#1043),
  .UNSPECIFIED.,.F.,.F.,(9,7,9),(0.,0.660707311789,1.),.UNSPECIFIED.);
#1028 = CARTESIAN_POINT('',(10.952449968974,7.579872524645,7.59309944077
    ));
#1029 = CARTESIAN_POINT('',(10.952545490138,7.559835939603,
    7.494845928068));
#1030 = CARTESIAN_POINT('',(10.952300092785,7.540122546189,
    7.398291153142));
#1031 = CARTESIAN_POINT('',(10.951667582898,7.520744154804,
    7.303508572638));
#1032 = CARTESIAN_POINT('',(10.950584799692,7.501762007228,
    7.210819530394));
#1033 = CARTESIAN_POINT('',(10.948972638068,7.483285122853,
    7.120784821282));
#1034 = CARTESIAN_POINT('',(10.946722971989,7.465485440709,7.03428296993
    ));
#1035 = CARTESIAN_POINT('',(10.943703111458,7.448592387468,
    6.952482100438));
#1036 = CARTESIAN_POINT('',(10.937639483489,7.424928420648,
    6.838501995234));
#1037 = CARTESIAN_POINT('',(10.935324796014,7.41724174425,6.801592595139
    ));
#1038 = CARTESIAN_POINT('',(10.932724588997,7.409944913965,
    6.766688348695));
#1039 = CARTESIAN_POINT('',(10.929809136149,7.403104415355,
    6.734124620612));
#1040 = CARTESIAN_POINT('',(10.926547171158,7.396805924454,
    6.704331174312));
#1041 = CARTESIAN_POINT('',(10.922908364308,7.391150218835,6.67781125587
    ));
#1042 = CARTESIAN_POINT('',(10.918868266149,7.386244783263,
    6.655098790471));
#1043 = CARTESIAN_POINT('',(10.914415718229,7.382191109922,
    6.636693691353));
#1044 = ORIENTED_EDGE('',*,*,#1045,.T.);
#1045 = EDGE_CURVE('',#1025,#1046,#1048,.T.);
#1046 = VERTEX_POINT('',#1047);
#1047 = CARTESIAN_POINT('',(10.700204992227,7.319440910392,
    6.395702454155));
#1048 = B_SPLINE_CURVE_WITH_KNOTS('',5,(#1049,#1050,#1051,#1052,#1053,
    #1054,#1055,#1056,#1057,#1058),.UNSPECIFIED.,.F.,.F.,(6,4,6),(0.,
    0.301189557167,1.),.UNSPECIFIED.);
#1049 = CARTESIAN_POINT('',(10.914415718229,7.382191109922,
    6.636693691353));
#1050 = CARTESIAN_POINT('',(10.909735013802,7.377929719119,
    6.617345482088));
#1051 = CARTESIAN_POINT('',(10.903802532556,7.373725194195,
    6.598683612302));
#1052 = CARTESIAN_POINT('',(10.896610833701,7.369581944475,
    6.580727109692));
#1053 = CARTESIAN_POINT('',(10.888159494861,7.365504625414,
    6.563491198447));
#1054 = CARTESIAN_POINT('',(10.855939311403,7.352202415149,
    6.508695476577));
#1055 = CARTESIAN_POINT('',(10.826676722331,7.343287345473,
    6.474341399436));
#1056 = CARTESIAN_POINT('',(10.790752651866,7.334815386374,
    6.444074469072));
#1057 = CARTESIAN_POINT('',(10.748455803782,7.32684824842,6.417894973174
    ));
#1058 = CARTESIAN_POINT('',(10.700204992227,7.319440910392,
    6.395702454155));
#1059 = ORIENTED_EDGE('',*,*,#1060,.T.);
#1060 = EDGE_CURVE('',#1046,#1061,#1063,.T.);
#1061 = VERTEX_POINT('',#1062);
#1062 = CARTESIAN_POINT('',(9.919006833928,7.267943995113,6.319467145015
    ));
#1063 = B_SPLINE_CURVE_WITH_KNOTS('',6,(#1064,#1065,#1066,#1067,#1068,
    #1069,#1070,#1071,#1072,#1073,#1074,#1075),.UNSPECIFIED.,.F.,.F.,(7,
    5,7),(0.,0.361767096152,1.),.UNSPECIFIED.);
#1064 = CARTESIAN_POINT('',(10.700204992227,7.319440910392,
    6.395702454155));
#1065 = CARTESIAN_POINT('',(10.67480978035,7.315538284544,6.384002455781
    ));
#1066 = CARTESIAN_POINT('',(10.644511888819,7.311643921783,
    6.373644693017));
#1067 = CARTESIAN_POINT('',(10.609842787628,7.307799968403,
    6.364584184179));
#1068 = CARTESIAN_POINT('',(10.571400328125,7.304044480407,
    6.356723703263));
#1069 = CARTESIAN_POINT('',(10.529712253467,7.300406345976,
    6.349957486642));
#1070 = CARTESIAN_POINT('',(10.406674658336,7.290731590779,
    6.333993243667));
#1071 = CARTESIAN_POINT('',(10.319439134265,7.284992780151,
    6.326898445121));
#1072 = CARTESIAN_POINT('',(10.225717963851,7.279792902604,
    6.322304100137));
#1073 = CARTESIAN_POINT('',(10.12711427302,7.275200108466,6.319754014932
    ));
#1074 = CARTESIAN_POINT('',(10.024697952014,7.271243848234,
    6.318894573199));
#1075 = CARTESIAN_POINT('',(9.919006833928,7.267943995113,6.319467145015
    ));
#1076 = ORIENTED_EDGE('',*,*,#1077,.T.);
#1077 = EDGE_CURVE('',#1061,#1078,#1080,.T.);
#1078 = VERTEX_POINT('',#1079);
#1079 = CARTESIAN_POINT('',(9.74584388185,7.263042378009,6.320301945686)
  );
#1080 = B_SPLINE_CURVE_WITH_KNOTS('',4,(#1081,#1082,#1083,#1084,#1085),
  .UNSPECIFIED.,.F.,.F.,(5,5),(0.,1.),.PIECEWISE_BEZIER_KNOTS.);
#1081 = CARTESIAN_POINT('',(9.919006833928,7.267943995113,6.319467145015
    ));
#1082 = CARTESIAN_POINT('',(9.875719930457,7.266592505683,6.319701647807
    ));
#1083 = CARTESIAN_POINT('',(9.832430301624,7.265325028941,6.319918957706
    ));
#1084 = CARTESIAN_POINT('',(9.789138200259,7.264141630202,6.320119061591
    ));
#1085 = CARTESIAN_POINT('',(9.74584388185,7.263042378009,6.320301945686)
  );
#1086 = ORIENTED_EDGE('',*,*,#1087,.T.);
#1087 = EDGE_CURVE('',#1078,#1088,#1090,.T.);
#1088 = VERTEX_POINT('',#1089);
#1089 = CARTESIAN_POINT('',(9.746613498438,7.101523342649,5.528562099416
    ));
#1090 = B_SPLINE_CURVE_WITH_KNOTS('',3,(#1091,#1092,#1093,#1094,#1095,
    #1096,#1097),.UNSPECIFIED.,.F.,.F.,(4,1,1,1,4),(0.,0.177745997546,
    0.453525925845,0.729305783432,1.),.UNSPECIFIED.);
#1091 = CARTESIAN_POINT('',(9.74584388185,7.263042378009,6.320301945686)
  );
#1092 = CARTESIAN_POINT('',(9.745889480603,7.253472589475,6.273392416235
    ));
#1093 = CARTESIAN_POINT('',(9.746005827624,7.229054896983,6.153700900926
    ));
#1094 = CARTESIAN_POINT('',(9.746192922897,7.189789306324,5.961227418185
    ));
#1095 = CARTESIAN_POINT('',(9.746403863005,7.145519416222,5.744223665567
    ));
#1096 = CARTESIAN_POINT('',(9.746544054848,7.116097430432,5.600001898767
    ));
#1097 = CARTESIAN_POINT('',(9.746613498438,7.101523342649,5.528562099416
    ));
#1098 = ORIENTED_EDGE('',*,*,#1099,.T.);
#1099 = EDGE_CURVE('',#1088,#1100,#1102,.T.);
#1100 = VERTEX_POINT('',#1101);
#1101 = CARTESIAN_POINT('',(11.67424213054,6.986993772995,4.399162592703
    ));
#1102 = B_SPLINE_CURVE_WITH_KNOTS('',5,(#1103,#1104,#1105,#1106,#1107,
    #1108,#1109,#1110,#1111,#1112,#1113,#1114,#1115,#1116,#1117,#1118,
    #1119,#1120),.UNSPECIFIED.,.F.,.F.,(6,4,4,4,6),(0.,0.342274861601,
    0.615212868985,0.877868731025,1.),.UNSPECIFIED.);
#1103 = CARTESIAN_POINT('',(9.746613498438,7.101523342649,5.528562099416
    ));
#1104 = CARTESIAN_POINT('',(9.902455108973,7.098725421873,5.494766208881
    ));
#1105 = CARTESIAN_POINT('',(10.056302551277,7.095642568487,
    5.454605055128));
#1106 = CARTESIAN_POINT('',(10.207644154393,7.092101746567,
    5.407568587154));
#1107 = CARTESIAN_POINT('',(10.355779843011,7.087894935216,
    5.353134981822));
#1108 = CARTESIAN_POINT('',(10.614808857904,7.078740121032,
    5.241334124035));
#1109 = CARTESIAN_POINT('',(10.727166827264,7.074114981338,
    5.186795470281));
#1110 = CARTESIAN_POINT('',(10.836539217457,7.068815879736,
    5.127138577916));
#1111 = CARTESIAN_POINT('',(10.942455398687,7.062728320698,5.06225129787
    ));
#1112 = CARTESIAN_POINT('',(11.142614682582,7.049051020716,4.92474274347
    ));
#1113 = CARTESIAN_POINT('',(11.237153669475,7.041526132102,
    4.852500664461));
#1114 = CARTESIAN_POINT('',(11.3276545054,7.033100834541,4.775495349909)
  );
#1115 = CARTESIAN_POINT('',(11.413758399087,7.023708807762,
    4.693880448343));
#1116 = CARTESIAN_POINT('',(11.533068131526,7.008491065428,4.56800009812
    ));
#1117 = CARTESIAN_POINT('',(11.569929698041,7.003445586451,
    4.527112617784));
#1118 = CARTESIAN_POINT('',(11.605758125425,6.998181659209,
    4.485321034903));
#1119 = CARTESIAN_POINT('',(11.640533557592,6.992697731489,
    4.442658557531));
#1120 = CARTESIAN_POINT('',(11.67424213054,6.986993772995,4.399162592703
    ));
#1121 = ORIENTED_EDGE('',*,*,#1122,.F.);
#1122 = EDGE_CURVE('',#992,#1100,#1123,.T.);
#1123 = B_SPLINE_CURVE_WITH_KNOTS('',4,(#1124,#1125,#1126,#1127,#1128,
    #1129,#1130,#1131),.UNSPECIFIED.,.F.,.F.,(5,3,5),(0.,0.600027491208,
    1.),.UNSPECIFIED.);
#1124 = CARTESIAN_POINT('',(12.704724502562,7.098141050733,
    4.377420813848));
#1125 = CARTESIAN_POINT('',(12.550462155024,7.078796326256,
    4.381229242194));
#1126 = CARTESIAN_POINT('',(12.396060018599,7.060519401673,
    4.384819047035));
#1127 = CARTESIAN_POINT('',(12.241529781682,7.04331094488,4.388190103059
    ));
#1128 = CARTESIAN_POINT('',(11.983797029477,7.016414226684,
    4.393443310889));
#1129 = CARTESIAN_POINT('',(11.880659249446,7.006131585731,
    4.395447144466));
#1130 = CARTESIAN_POINT('',(11.777473139197,6.996324612599,4.39735360239
    ));
#1131 = CARTESIAN_POINT('',(11.67424213054,6.986993772995,4.399162592703
    ));
#1132 = FACE_BOUND('',#1133,.T.);
#1133 = EDGE_LOOP('',(#1134,#1149,#1162,#1175,#1185,#1195,#1208,#1218,
    #1231,#1241,#1251));
#1134 = ORIENTED_EDGE('',*,*,#1135,.F.);
#1135 = EDGE_CURVE('',#1136,#1138,#1140,.T.);
#1136 = VERTEX_POINT('',#1137);
#1137 = CARTESIAN_POINT('',(8.589735305241,7.500423501755,7.517218497383
    ));
#1138 = VERTEX_POINT('',#1139);
#1139 = CARTESIAN_POINT('',(9.636001901778,6.872760967998,4.420557171911
    ));
#1140 = B_SPLINE_CURVE_WITH_KNOTS('',4,(#1141,#1142,#1143,#1144,#1145,
    #1146,#1147,#1148),.UNSPECIFIED.,.F.,.F.,(5,3,5),(0.,0.394282480381,
    1.),.UNSPECIFIED.);
#1141 = CARTESIAN_POINT('',(8.589735305241,7.500423501755,7.517218497383
    ));
#1142 = CARTESIAN_POINT('',(8.69286326787,7.436729613226,7.212350696375)
  );
#1143 = CARTESIAN_POINT('',(8.79599269736,7.373513154879,6.907383609845)
  );
#1144 = CARTESIAN_POINT('',(8.899123225684,7.310775756687,6.602318047326
    ));
#1145 = CARTESIAN_POINT('',(9.160690142381,7.152877739674,5.828346894197
    ));
#1146 = CARTESIAN_POINT('',(9.319127511808,7.058371232196,5.359308442761
    ));
#1147 = CARTESIAN_POINT('',(9.477565218453,6.96499883926,4.890043832662)
  );
#1148 = CARTESIAN_POINT('',(9.636001901778,6.872760967998,4.420557171911
    ));
#1149 = ORIENTED_EDGE('',*,*,#1150,.F.);
#1150 = EDGE_CURVE('',#1151,#1136,#1153,.T.);
#1151 = VERTEX_POINT('',#1152);
#1152 = CARTESIAN_POINT('',(9.728902559172,8.274311560415,
    11.278905410834));
#1153 = B_SPLINE_CURVE_WITH_KNOTS('',4,(#1154,#1155,#1156,#1157,#1158,
    #1159,#1160,#1161),.UNSPECIFIED.,.F.,.F.,(5,3,5),(0.,0.639530427159,
    1.),.UNSPECIFIED.);
#1154 = CARTESIAN_POINT('',(9.728902559172,8.274311560415,
    11.278905410834));
#1155 = CARTESIAN_POINT('',(9.546766392671,8.147091728128,
    10.678203977189));
#1156 = CARTESIAN_POINT('',(9.36462978093,8.021350601145,10.077188328425
    ));
#1157 = CARTESIAN_POINT('',(9.182494413849,7.897095970054,9.475862640209
    ));
#1158 = CARTESIAN_POINT('',(8.897703618044,7.705146422199,8.535122484001
    ));
#1159 = CARTESIAN_POINT('',(8.795046152246,7.63643006812,8.195916985603)
  );
#1160 = CARTESIAN_POINT('',(8.692389945441,7.568189093979,7.856615303546
    ));
#1161 = CARTESIAN_POINT('',(8.589735305241,7.500423501755,7.517218497383
    ));
#1162 = ORIENTED_EDGE('',*,*,#1163,.T.);
#1163 = EDGE_CURVE('',#1151,#1164,#1166,.T.);
#1164 = VERTEX_POINT('',#1165);
#1165 = CARTESIAN_POINT('',(7.845887357301,8.287426616855,
    11.274393445402));
#1166 = B_SPLINE_CURVE_WITH_KNOTS('',4,(#1167,#1168,#1169,#1170,#1171,
    #1172,#1173,#1174),.UNSPECIFIED.,.F.,.F.,(5,3,5),(0.,0.387055519583,
    1.),.UNSPECIFIED.);
#1167 = CARTESIAN_POINT('',(9.728902559172,8.274311560415,
    11.278905410834));
#1168 = CARTESIAN_POINT('',(9.546715309998,8.269804219325,
    11.279650774061));
#1169 = CARTESIAN_POINT('',(9.3644899356,8.266782434723,11.280092133276)
  );
#1170 = CARTESIAN_POINT('',(9.182245290477,8.265251255238,
    11.280228473761));
#1171 = CARTESIAN_POINT('',(8.711396373123,8.265161698196,
    11.279789598739));
#1172 = CARTESIAN_POINT('',(8.422792222928,8.268859796327,
    11.278752674803));
#1173 = CARTESIAN_POINT('',(8.134264507171,8.276287428642,
    11.276952706822));
#1174 = CARTESIAN_POINT('',(7.845887357301,8.287426616855,
    11.274393445402));
#1175 = ORIENTED_EDGE('',*,*,#1176,.T.);
#1176 = EDGE_CURVE('',#1164,#1177,#1179,.T.);
#1177 = VERTEX_POINT('',#1178);
#1178 = CARTESIAN_POINT('',(7.112918354415,7.724951781138,8.325856639601
    ));
#1179 = B_SPLINE_CURVE_WITH_KNOTS('',4,(#1180,#1181,#1182,#1183,#1184),
  .UNSPECIFIED.,.F.,.F.,(5,5),(0.,1.),.PIECEWISE_BEZIER_KNOTS.);
#1180 = CARTESIAN_POINT('',(7.845887357301,8.287426616855,
    11.274393445402));
#1181 = CARTESIAN_POINT('',(7.662633651255,8.144534445439,
    10.537695369972));
#1182 = CARTESIAN_POINT('',(7.479386723724,8.003155261985,9.800703515667
    ));
#1183 = CARTESIAN_POINT('',(7.296147854318,7.86329236952,9.063422535792)
  );
#1184 = CARTESIAN_POINT('',(7.112918354415,7.724951781138,8.325856639601
    ));
#1185 = ORIENTED_EDGE('',*,*,#1186,.F.);
#1186 = EDGE_CURVE('',#1187,#1177,#1189,.T.);
#1187 = VERTEX_POINT('',#1188);
#1188 = CARTESIAN_POINT('',(7.110060641102,8.324921798638,
    11.266006876307));
#1189 = B_SPLINE_CURVE_WITH_KNOTS('',4,(#1190,#1191,#1192,#1193,#1194),
  .UNSPECIFIED.,.F.,.F.,(5,5),(0.,1.),.PIECEWISE_BEZIER_KNOTS.);
#1190 = CARTESIAN_POINT('',(7.110060641102,8.324921798638,
    11.266006876307));
#1191 = CARTESIAN_POINT('',(7.110775069532,8.174929356281,
    10.530969321119));
#1192 = CARTESIAN_POINT('',(7.111489497893,8.024936872521,9.795931763274
    ));
#1193 = CARTESIAN_POINT('',(7.112203926188,7.874944347443,9.060894202769
    ));
#1194 = CARTESIAN_POINT('',(7.112918354415,7.724951781138,8.325856639601
    ));
#1195 = ORIENTED_EDGE('',*,*,#1196,.T.);
#1196 = EDGE_CURVE('',#1187,#1197,#1199,.T.);
#1197 = VERTEX_POINT('',#1198);
#1198 = CARTESIAN_POINT('',(5.287962857968,8.496049163827,
    11.229222389641));
#1199 = B_SPLINE_CURVE_WITH_KNOTS('',4,(#1200,#1201,#1202,#1203,#1204,
    #1205,#1206,#1207),.UNSPECIFIED.,.F.,.F.,(5,3,5),(0.,0.688751495898,
    1.),.UNSPECIFIED.);
#1200 = CARTESIAN_POINT('',(7.110060641102,8.324921798638,
    11.266006876307));
#1201 = CARTESIAN_POINT('',(6.795479584899,8.344829948793,
    11.261627910322));
#1202 = CARTESIAN_POINT('',(6.48119074587,8.369141879632,11.256348148939
    ));
#1203 = CARTESIAN_POINT('',(6.16728972394,8.397838933653,11.25017150259)
  );
#1204 = CARTESIAN_POINT('',(5.712237827027,8.445856166762,
    11.239904600602));
#1205 = CARTESIAN_POINT('',(5.570702322795,8.461694880976,
    11.236526331071));
#1206 = CARTESIAN_POINT('',(5.429274369827,8.478426074081,
    11.232965551494));
#1207 = CARTESIAN_POINT('',(5.287962857968,8.496049163827,
    11.229222389641));
#1208 = ORIENTED_EDGE('',*,*,#1209,.T.);
#1209 = EDGE_CURVE('',#1197,#1210,#1212,.T.);
#1210 = VERTEX_POINT('',#1211);
#1211 = CARTESIAN_POINT('',(5.294629898436,7.096813653961,4.370497131716
    ));
#1212 = B_SPLINE_CURVE_WITH_KNOTS('',4,(#1213,#1214,#1215,#1216,#1217),
  .UNSPECIFIED.,.F.,.F.,(5,5),(0.,1.),.PIECEWISE_BEZIER_KNOTS.);
#1213 = CARTESIAN_POINT('',(5.287962857968,8.496049163827,
    11.229222389641));
#1214 = CARTESIAN_POINT('',(5.289629619616,8.146241181817,9.514541078837
    ));
#1215 = CARTESIAN_POINT('',(5.291296380242,7.796432602042,7.799859765614
    ));
#1216 = CARTESIAN_POINT('',(5.292963139848,7.446623425693,6.08517844992)
  );
#1217 = CARTESIAN_POINT('',(5.294629898436,7.096813653961,4.370497131716
    ));
#1218 = ORIENTED_EDGE('',*,*,#1219,.F.);
#1219 = EDGE_CURVE('',#1220,#1210,#1222,.T.);
#1220 = VERTEX_POINT('',#1221);
#1221 = CARTESIAN_POINT('',(7.116726988389,6.925337232772,4.407353039768
    ));
#1222 = B_SPLINE_CURVE_WITH_KNOTS('',4,(#1223,#1224,#1225,#1226,#1227,
    #1228,#1229,#1230),.UNSPECIFIED.,.F.,.F.,(5,3,5),(0.,0.660820875695,
    1.),.UNSPECIFIED.);
#1223 = CARTESIAN_POINT('',(7.116726988389,6.925337232772,4.407353039768
    ));
#1224 = CARTESIAN_POINT('',(6.814897944832,6.944455049877,4.403148170052
    ));
#1225 = CARTESIAN_POINT('',(6.513339374603,6.967644521521,4.398110441783
    ));
#1226 = CARTESIAN_POINT('',(6.212136484559,6.994889097868,4.39224332404)
  );
#1227 = CARTESIAN_POINT('',(5.757002524364,7.04224045101,4.38211259133)
  );
#1228 = CARTESIAN_POINT('',(5.60274674341,7.059366992191,4.378458461677)
  );
#1229 = CARTESIAN_POINT('',(5.448618658959,7.077558279546,4.374586593088
    ));
#1230 = CARTESIAN_POINT('',(5.294629898436,7.096813653961,4.370497131716
    ));
#1231 = ORIENTED_EDGE('',*,*,#1232,.F.);
#1232 = EDGE_CURVE('',#1233,#1220,#1235,.T.);
#1233 = VERTEX_POINT('',#1234);
#1234 = CARTESIAN_POINT('',(7.11413696356,7.469107528313,7.072093815399)
  );
#1235 = B_SPLINE_CURVE_WITH_KNOTS('',4,(#1236,#1237,#1238,#1239,#1240),
  .UNSPECIFIED.,.F.,.F.,(5,5),(0.,1.),.PIECEWISE_BEZIER_KNOTS.);
#1236 = CARTESIAN_POINT('',(7.11413696356,7.469107528313,7.072093815399)
  );
#1237 = CARTESIAN_POINT('',(7.11478446985,7.333165005068,6.405908624776)
  );
#1238 = CARTESIAN_POINT('',(7.115431976084,7.197222448019,5.739723431966
    ));
#1239 = CARTESIAN_POINT('',(7.116079482264,7.061279857232,5.073538236962
    ));
#1240 = CARTESIAN_POINT('',(7.116726988389,6.925337232772,4.407353039768
    ));
#1241 = ORIENTED_EDGE('',*,*,#1242,.T.);
#1242 = EDGE_CURVE('',#1233,#1243,#1245,.T.);
#1243 = VERTEX_POINT('',#1244);
#1244 = CARTESIAN_POINT('',(7.926138364279,6.885093639762,4.416373426304
    ));
#1245 = B_SPLINE_CURVE_WITH_KNOTS('',4,(#1246,#1247,#1248,#1249,#1250),
  .UNSPECIFIED.,.F.,.F.,(5,5),(0.,1.),.PIECEWISE_BEZIER_KNOTS.);
#1246 = CARTESIAN_POINT('',(7.11413696356,7.469107528313,7.072093815399)
  );
#1247 = CARTESIAN_POINT('',(7.317119289425,7.320361835766,6.408767741221
    ));
#1248 = CARTESIAN_POINT('',(7.520115180763,7.173440064884,5.745034533448
    ));
#1249 = CARTESIAN_POINT('',(7.723122317302,7.028347540872,5.080901057363
    ));
#1250 = CARTESIAN_POINT('',(7.926138364279,6.885093639762,4.416373426304
    ));
#1251 = ORIENTED_EDGE('',*,*,#1252,.F.);
#1252 = EDGE_CURVE('',#1138,#1243,#1253,.T.);
#1253 = B_SPLINE_CURVE_WITH_KNOTS('',4,(#1254,#1255,#1256,#1257,#1258,
    #1259,#1260,#1261),.UNSPECIFIED.,.F.,.F.,(5,3,5),(0.,0.372953320547,
    1.),.UNSPECIFIED.);
#1254 = CARTESIAN_POINT('',(9.636001901778,6.872760967998,4.420557171911
    ));
#1255 = CARTESIAN_POINT('',(9.476587884187,6.869299336325,4.42111068048)
  );
#1256 = CARTESIAN_POINT('',(9.317148134974,6.866980929208,4.421430243286
    ));
#1257 = CARTESIAN_POINT('',(9.157695425531,6.865809281809,4.421515149383
    ));
#1258 = CARTESIAN_POINT('',(8.730154903385,6.865753474856,4.421111421541
    ));
#1259 = CARTESIAN_POINT('',(8.462067324432,6.868971504891,4.420192648517
    ));
#1260 = CARTESIAN_POINT('',(8.194041796418,6.875423216832,4.418612276246
    ));
#1261 = CARTESIAN_POINT('',(7.926138364279,6.885093639762,4.416373426304
    ));
#1262 = B_SPLINE_SURFACE_WITH_KNOTS('',3,1,(
    (#1263,#1264)
    ,(#1265,#1266)
    ,(#1267,#1268)
    ,(#1269,#1270)
    ,(#1271,#1272)
    ,(#1273,#1274
  )),.UNSPECIFIED.,.F.,.F.,.F.,(4,2,4),(2,2),(0.,0.5,1.),(0.,1.),
  .UNSPECIFIED.);
#1263 = CARTESIAN_POINT('',(2.65,9.665631775897,14.671856079669));
#1264 = CARTESIAN_POINT('',(2.65,6.719683099286,0.199435538532));
#1265 = CARTESIAN_POINT('',(4.715840735069,9.229687380834,
    14.821963772748));
#1266 = CARTESIAN_POINT('',(4.712932297444,6.245984400662,0.185376489368
    ));
#1267 = CARTESIAN_POINT('',(6.857611548556,9.003768772977,
    14.899753787789));
#1268 = CARTESIAN_POINT('',(6.856120734908,6.,0.178075842791));
#1269 = CARTESIAN_POINT('',(11.142388451444,9.003768772977,
    14.899753787789));
#1270 = CARTESIAN_POINT('',(11.143879265092,6.,0.178075842791));
#1271 = CARTESIAN_POINT('',(13.284159264931,9.229687380834,
    14.821963772748));
#1272 = CARTESIAN_POINT('',(13.287067702556,6.245984400662,
    0.185376489368));
#1273 = CARTESIAN_POINT('',(15.35,9.665631775897,14.671856079669));
#1274 = CARTESIAN_POINT('',(15.35,6.719683099286,0.199435538532));
#1275 = ADVANCED_FACE('',(#1276),#1282,.T.);
#1276 = FACE_BOUND('',#1277,.T.);
#1277 = EDGE_LOOP('',(#1278,#1279,#1280,#1281));
#1278 = ORIENTED_EDGE('',*,*,#687,.T.);
#1279 = ORIENTED_EDGE('',*,*,#645,.F.);
#1280 = ORIENTED_EDGE('',*,*,#608,.T.);
#1281 = ORIENTED_EDGE('',*,*,#950,.F.);
#1282 = ( BOUNDED_SURFACE() B_SPLINE_SURFACE(3,2,(
    (#1283,#1284,#1285)
    ,(#1286,#1287,#1288)
    ,(#1289,#1290,#1291)
    ,(#1292,#1293,#1294)
    ,(#1295,#1296,#1297)
    ,(#1298,#1299,#1300)
    ,(#1301,#1302,#1303)
    ,(#1304,#1305,#1306
)),.UNSPECIFIED.,.F.,.F.,.F.) B_SPLINE_SURFACE_WITH_KNOTS((4,2,2,4),(3,3
    ),(0.,6.608957094963E-04,9.913435642445E-04,1.321791418993E-03),(0.,
1.),.UNSPECIFIED.) GEOMETRIC_REPRESENTATION_ITEM() 
RATIONAL_B_SPLINE_SURFACE((
    (1.,0.760042019982,1.)
    ,(1.,0.785969818517,1.)
    ,(1.,0.804197480852,1.)
    ,(1.,0.811429644554,1.)
    ,(1.,0.810454040245,1.)
    ,(1.,0.80151467497,1.)
    ,(1.,0.793590861352,1.)
,(1.,0.782468957559,1.))) REPRESENTATION_ITEM('') SURFACE() );
#1283 = CARTESIAN_POINT('',(15.381210461113,6.823567497148,1.10958363472
    ));
#1284 = CARTESIAN_POINT('',(15.350062006057,6.901593959945,
    1.093685523331));
#1285 = CARTESIAN_POINT('',(15.266560664795,6.883544120088,
    1.097268034068));
#1286 = CARTESIAN_POINT('',(15.378559892379,6.782244866195,
    0.869133716393));
#1287 = CARTESIAN_POINT('',(15.34379033574,6.853787708096,0.86575719962)
  );
#1288 = CARTESIAN_POINT('',(15.266784233476,6.839443047575,0.8803825511)
  );
#1289 = CARTESIAN_POINT('',(15.289912700069,6.719393879712,
    0.630963261068));
#1290 = CARTESIAN_POINT('',(15.256306205974,6.785373080605,
    0.629146455165));
#1291 = CARTESIAN_POINT('',(15.189426482895,6.778141831207,
    0.666172013485));
#1292 = CARTESIAN_POINT('',(15.043156023201,6.615626167303,
    0.374475446332));
#1293 = CARTESIAN_POINT('',(15.014961783443,6.681822157946,0.37930611975
    ));
#1294 = CARTESIAN_POINT('',(14.969341150587,6.68359196099,0.435792175923
    ));
#1295 = CARTESIAN_POINT('',(14.94350759144,6.580071633235,0.306649569429
    ));
#1296 = CARTESIAN_POINT('',(14.917304601276,6.647290643341,
    0.312544094007));
#1297 = CARTESIAN_POINT('',(14.88003801907,6.652186496557,0.374942986504
    ));
#1298 = CARTESIAN_POINT('',(14.724993725171,6.51310624119,0.215708442162
    ));
#1299 = CARTESIAN_POINT('',(14.704409068864,6.584601878094,0.22184132717
    ));
#1300 = CARTESIAN_POINT('',(14.683402204541,6.594950897954,
    0.293431830144));
#1301 = CARTESIAN_POINT('',(14.606395653378,6.48172698773,0.192373166014
    ));
#1302 = CARTESIAN_POINT('',(14.58752434189,6.556024524916,0.197395466353
    ));
#1303 = CARTESIAN_POINT('',(14.576313329944,6.569136473786,
    0.272567934904));
#1304 = CARTESIAN_POINT('',(14.485438570778,6.454354486236,
    0.191560769134));
#1305 = CARTESIAN_POINT('',(14.470119887754,6.532411923535,0.19387745979
    ));
#1306 = CARTESIAN_POINT('',(14.46668060844,6.547636443815,0.271911926297
    ));
#1307 = ADVANCED_FACE('',(#1308),#1314,.T.);
#1308 = FACE_BOUND('',#1309,.T.);
#1309 = EDGE_LOOP('',(#1310,#1311,#1312,#1313));
#1310 = ORIENTED_EDGE('',*,*,#768,.T.);
#1311 = ORIENTED_EDGE('',*,*,#728,.F.);
#1312 = ORIENTED_EDGE('',*,*,#675,.F.);
#1313 = ORIENTED_EDGE('',*,*,#976,.F.);
#1314 = ( BOUNDED_SURFACE() B_SPLINE_SURFACE(3,2,(
    (#1315,#1316,#1317)
    ,(#1318,#1319,#1320)
    ,(#1321,#1322,#1323)
    ,(#1324,#1325,#1326)
    ,(#1327,#1328,#1329)
    ,(#1330,#1331,#1332)
    ,(#1333,#1334,#1335)
    ,(#1336,#1337,#1338)
    ,(#1339,#1340,#1341)
    ,(#1342,#1343,#1344
)),.UNSPECIFIED.,.F.,.F.,.F.) B_SPLINE_SURFACE_WITH_KNOTS((4,2,2,2,4),(3
    ,3),(-0.,3.404432121299E-04,6.808864242597E-04,1.02132963639E-03,
    1.361772848519E-03),(0.,1.),.UNSPECIFIED.) 
GEOMETRIC_REPRESENTATION_ITEM() RATIONAL_B_SPLINE_SURFACE((
    (1.,0.751021282072,1.)
    ,(1.,0.757875451639,1.)
    ,(1.,0.76230743909,1.)
    ,(1.,0.766110322718,1.)
    ,(1.,0.765461426873,1.)
    ,(1.,0.759754545094,1.)
    ,(1.,0.754657528025,1.)
    ,(1.,0.741312739599,1.)
    ,(1.,0.732935652275,1.)
,(1.,0.723526150729,1.))) REPRESENTATION_ITEM('') SURFACE() );
#1315 = CARTESIAN_POINT('',(14.438111771618,9.403128248036,
    14.762243292897));
#1316 = CARTESIAN_POINT('',(14.421786059992,9.484809951654,
    14.734118026841));
#1317 = CARTESIAN_POINT('',(14.419695292513,9.466883198651,
    14.648073152648));
#1318 = CARTESIAN_POINT('',(14.562182513584,9.427297234216,
    14.75392124357));
#1319 = CARTESIAN_POINT('',(14.543336527838,9.506171473047,
    14.724848087765));
#1320 = CARTESIAN_POINT('',(14.531336706315,9.486830220403,
    14.64119646145));
#1321 = CARTESIAN_POINT('',(14.685838338134,9.446621767752,
    14.721396580811));
#1322 = CARTESIAN_POINT('',(14.665720587753,9.523780205815,
    14.692177167266));
#1323 = CARTESIAN_POINT('',(14.642411319441,9.502927530232,
    14.612424040825));
#1324 = CARTESIAN_POINT('',(14.91371451072,9.47205142072,14.61151599994)
  );
#1325 = CARTESIAN_POINT('',(14.88958203865,9.547376393211,
    14.583445810767));
#1326 = CARTESIAN_POINT('',(14.846795373737,9.524450511727,
    14.514176769609));
#1327 = CARTESIAN_POINT('',(15.017422721093,9.478074164369,
    14.534360926288));
#1328 = CARTESIAN_POINT('',(14.992001236113,9.553479577738,
    14.507144716094));
#1329 = CARTESIAN_POINT('',(14.939645150262,9.529803552223,
    14.444878744494));
#1330 = CARTESIAN_POINT('',(15.189033704648,9.475413820862,
    14.348436789037));
#1331 = CARTESIAN_POINT('',(15.161261315177,9.55271493368,
    14.324355782766));
#1332 = CARTESIAN_POINT('',(15.092970679219,9.528417535551,
    14.277422634804));
#1333 = CARTESIAN_POINT('',(15.257670088812,9.466635295096,
    14.238581941845));
#1334 = CARTESIAN_POINT('',(15.229519647444,9.545677947691,
    14.215633948395));
#1335 = CARTESIAN_POINT('',(15.154099290308,9.521600477008,
    14.178286000731));
#1336 = CARTESIAN_POINT('',(15.349566149912,9.435582970443,
    14.005819481559));
#1337 = CARTESIAN_POINT('',(15.322209791668,9.519487483392,
    13.985565633929));
#1338 = CARTESIAN_POINT('',(15.235498232855,9.496684537012,
    13.967907389798));
#1339 = CARTESIAN_POINT('',(15.373940747244,9.413003224146,
    13.880458585618));
#1340 = CARTESIAN_POINT('',(15.347460709189,9.499761433553,
    13.860572623777));
#1341 = CARTESIAN_POINT('',(15.25675898554,9.478339972584,
    13.854450361491));
#1342 = CARTESIAN_POINT('',(15.374719701651,9.38508998655,
    13.756448254242));
#1343 = CARTESIAN_POINT('',(15.350042613279,9.475397920814,
    13.738061393199));
#1344 = CARTESIAN_POINT('',(15.256824330753,9.455474787358,
    13.742058754439));
#1345 = ADVANCED_FACE('',(#1346),#1352,.T.);
#1346 = FACE_BOUND('',#1347,.T.);
#1347 = EDGE_LOOP('',(#1348,#1349,#1350,#1351));
#1348 = ORIENTED_EDGE('',*,*,#849,.F.);
#1349 = ORIENTED_EDGE('',*,*,#819,.F.);
#1350 = ORIENTED_EDGE('',*,*,#756,.F.);
#1351 = ORIENTED_EDGE('',*,*,#964,.F.);
#1352 = ( BOUNDED_SURFACE() B_SPLINE_SURFACE(3,2,(
    (#1353,#1354,#1355)
    ,(#1356,#1357,#1358)
    ,(#1359,#1360,#1361)
    ,(#1362,#1363,#1364)
    ,(#1365,#1366,#1367)
    ,(#1368,#1369,#1370
)),.UNSPECIFIED.,.F.,.F.,.F.) B_SPLINE_SURFACE_WITH_KNOTS((4,2,4),(3,3),
  (0.,6.808953109559E-04,1.361790621912E-03),(0.,1.),.UNSPECIFIED.) 
GEOMETRIC_REPRESENTATION_ITEM() RATIONAL_B_SPLINE_SURFACE((
    (1.,0.723526150729,1.)
    ,(1.,0.742232144906,1.)
    ,(1.,0.756853063432,1.)
    ,(1.,0.768325664935,1.)
    ,(1.,0.765013069542,1.)
,(1.,0.751021282072,1.))) REPRESENTATION_ITEM('') SURFACE() );
#1353 = CARTESIAN_POINT('',(2.625280298349,9.38508998655,13.75644825424)
  );
#1354 = CARTESIAN_POINT('',(2.649957386721,9.475397920814,
    13.738061393198));
#1355 = CARTESIAN_POINT('',(2.743175669247,9.455474787358,
    13.742058754437));
#1356 = CARTESIAN_POINT('',(2.626828602767,9.440572290167,14.00293986074
    ));
#1357 = CARTESIAN_POINT('',(2.655025337334,9.523220236441,
    13.978534566947));
#1358 = CARTESIAN_POINT('',(2.743305571609,9.500923482388,
    13.965457438735));
#1359 = CARTESIAN_POINT('',(2.724439380964,9.47400696602,14.254391247222
    ));
#1360 = CARTESIAN_POINT('',(2.752428330723,9.552268395765,
    14.230851315762));
#1361 = CARTESIAN_POINT('',(2.829723673684,9.527665538482,
    14.192717070881));
#1362 = CARTESIAN_POINT('',(3.067986593442,9.479463481359,
    14.627194675182));
#1363 = CARTESIAN_POINT('',(3.091291177475,9.553911455313,14.59738466524
    ));
#1364 = CARTESIAN_POINT('',(3.136661984651,9.530546350409,14.5284928787)
  );
#1365 = CARTESIAN_POINT('',(3.310747137119,9.452050540804,
    14.745397996592));
#1366 = CARTESIAN_POINT('',(3.334588636368,9.527625151849,
    14.715538181658));
#1367 = CARTESIAN_POINT('',(3.354329960133,9.507258213183,
    14.634153980271));
#1368 = CARTESIAN_POINT('',(3.561888228381,9.403128248036,
    14.762243292897));
#1369 = CARTESIAN_POINT('',(3.578213940006,9.484809951654,
    14.734118026841));
#1370 = CARTESIAN_POINT('',(3.580304707485,9.466883198651,
    14.648073152648));
#1371 = ADVANCED_FACE('',(#1372),#1397,.T.);
#1372 = FACE_BOUND('',#1373,.T.);
#1373 = EDGE_LOOP('',(#1374,#1375,#1383,#1391));
#1374 = ORIENTED_EDGE('',*,*,#989,.T.);
#1375 = ORIENTED_EDGE('',*,*,#1376,.T.);
#1376 = EDGE_CURVE('',#992,#1377,#1379,.T.);
#1377 = VERTEX_POINT('',#1378);
#1378 = CARTESIAN_POINT('',(12.703087752566,6.273944411806,
    4.546062137384));
#1379 = LINE('',#1380,#1381);
#1380 = CARTESIAN_POINT('',(12.705033312693,7.253644501191,
    4.345602790744));
#1381 = VECTOR('',#1382,1.);
#1382 = DIRECTION('',(-1.945560127085E-03,-0.979700089385,0.20045934664)
  );
#1383 = ORIENTED_EDGE('',*,*,#1384,.T.);
#1384 = EDGE_CURVE('',#1377,#1385,#1387,.T.);
#1385 = VERTEX_POINT('',#1386);
#1386 = CARTESIAN_POINT('',(12.696428644927,7.677174551822,
    11.403970042163));
#1387 = LINE('',#1388,#1389);
#1388 = CARTESIAN_POINT('',(12.703087752566,6.273944411806,
    4.546062137384));
#1389 = VECTOR('',#1390,1.);
#1390 = DIRECTION('',(-9.513010912701E-04,0.200461448574,0.979701129254)
  );
#1391 = ORIENTED_EDGE('',*,*,#1392,.F.);
#1392 = EDGE_CURVE('',#990,#1385,#1393,.T.);
#1393 = LINE('',#1394,#1395);
#1394 = CARTESIAN_POINT('',(12.698374205054,8.656874641207,
    11.203510695524));
#1395 = VECTOR('',#1396,1.);
#1396 = DIRECTION('',(-1.945560127085E-03,-0.979700089385,0.20045934664)
  );
#1397 = PLANE('',#1398);
#1398 = AXIS2_PLACEMENT_3D('',#1399,#1400,#1401);
#1399 = CARTESIAN_POINT('',(12.705033312693,7.253644501191,
    4.345602790744));
#1400 = DIRECTION('',(-0.999997654908,1.715370258324E-03,
    -1.321999565512E-03));
#1401 = DIRECTION('',(-9.513010912701E-04,0.200461448574,0.979701129254)
  );
#1402 = ADVANCED_FACE('',(#1403),#1421,.T.);
#1403 = FACE_BOUND('',#1404,.T.);
#1404 = EDGE_LOOP('',(#1405,#1406,#1414,#1420));
#1405 = ORIENTED_EDGE('',*,*,#1122,.T.);
#1406 = ORIENTED_EDGE('',*,*,#1407,.T.);
#1407 = EDGE_CURVE('',#1100,#1408,#1410,.T.);
#1408 = VERTEX_POINT('',#1409);
#1409 = CARTESIAN_POINT('',(11.672829614531,6.275711690119,
    4.544700133379));
#1410 = LINE('',#1411,#1412);
#1411 = CARTESIAN_POINT('',(11.674775174658,7.255411779504,4.34424078674
    ));
#1412 = VECTOR('',#1413,1.);
#1413 = DIRECTION('',(-1.945560127085E-03,-0.979700089385,0.20045934664)
  );
#1414 = ORIENTED_EDGE('',*,*,#1415,.T.);
#1415 = EDGE_CURVE('',#1408,#1377,#1416,.T.);
#1416 = LINE('',#1417,#1418);
#1417 = CARTESIAN_POINT('',(11.672829614531,6.275711690119,
    4.544700133379));
#1418 = VECTOR('',#1419,1.);
#1419 = DIRECTION('',(0.999997654908,-1.715370258324E-03,
    1.321999565512E-03));
#1420 = ORIENTED_EDGE('',*,*,#1376,.F.);
#1421 = PLANE('',#1422);
#1422 = AXIS2_PLACEMENT_3D('',#1423,#1424,#1425);
#1423 = CARTESIAN_POINT('',(11.674775174658,7.255411779504,4.34424078674
    ));
#1424 = DIRECTION('',(-9.513010912701E-04,0.200461448574,0.979701129254)
  );
#1425 = DIRECTION('',(0.999997654908,-1.715370258324E-03,
    1.321999565512E-03));
#1426 = ADVANCED_FACE('',(#1427),#1445,.T.);
#1427 = FACE_BOUND('',#1428,.T.);
#1428 = EDGE_LOOP('',(#1429,#1430,#1438,#1444));
#1429 = ORIENTED_EDGE('',*,*,#1099,.F.);
#1430 = ORIENTED_EDGE('',*,*,#1431,.T.);
#1431 = EDGE_CURVE('',#1088,#1432,#1434,.T.);
#1432 = VERTEX_POINT('',#1433);
#1433 = CARTESIAN_POINT('',(9.745430450303,6.505791374493,5.650456587742
    ));
#1434 = LINE('',#1435,#1436);
#1435 = CARTESIAN_POINT('',(9.74737601043,7.485491463878,5.449997241103)
  );
#1436 = VECTOR('',#1437,1.);
#1437 = DIRECTION('',(-1.945560127085E-03,-0.979700089385,0.20045934664)
  );
#1438 = ORIENTED_EDGE('',*,*,#1439,.T.);
#1439 = EDGE_CURVE('',#1432,#1408,#1440,.T.);
#1440 = B_SPLINE_CURVE_WITH_KNOTS('',2,(#1441,#1442,#1443),
  .UNSPECIFIED.,.F.,.F.,(3,3),(0.,1.),.PIECEWISE_BEZIER_KNOTS.);
#1441 = CARTESIAN_POINT('',(9.745430450303,6.505791374493,5.650456587742
    ));
#1442 = CARTESIAN_POINT('',(11.014035358034,6.44842598368,5.382408565623
    ));
#1443 = CARTESIAN_POINT('',(11.672829614531,6.275711690119,
    4.544700133379));
#1444 = ORIENTED_EDGE('',*,*,#1407,.F.);
#1445 = SURFACE_OF_LINEAR_EXTRUSION('',#1446,#1450);
#1446 = B_SPLINE_CURVE_WITH_KNOTS('',2,(#1447,#1448,#1449),
  .UNSPECIFIED.,.F.,.F.,(3,3),(0.,1.),.PIECEWISE_BEZIER_KNOTS.);
#1447 = CARTESIAN_POINT('',(9.74737601043,7.485491463878,5.449997241103)
  );
#1448 = CARTESIAN_POINT('',(11.015980918161,7.428126073065,
    5.181949218984));
#1449 = CARTESIAN_POINT('',(11.674775174658,7.255411779504,4.34424078674
    ));
#1450 = VECTOR('',#1451,1.);
#1451 = DIRECTION('',(1.945560127085E-03,0.979700089385,-0.20045934664)
  );
#1452 = ADVANCED_FACE('',(#1453),#1471,.T.);
#1453 = FACE_BOUND('',#1454,.T.);
#1454 = EDGE_LOOP('',(#1455,#1456,#1464,#1470));
#1455 = ORIENTED_EDGE('',*,*,#1087,.F.);
#1456 = ORIENTED_EDGE('',*,*,#1457,.T.);
#1457 = EDGE_CURVE('',#1078,#1458,#1460,.T.);
#1458 = VERTEX_POINT('',#1459);
#1459 = CARTESIAN_POINT('',(9.74466175384,6.667773745537,6.442101629521)
  );
#1460 = LINE('',#1461,#1462);
#1461 = CARTESIAN_POINT('',(9.746607313967,7.647473834922,6.241642282881
    ));
#1462 = VECTOR('',#1463,1.);
#1463 = DIRECTION('',(-1.945560127085E-03,-0.979700089385,0.20045934664)
  );
#1464 = ORIENTED_EDGE('',*,*,#1465,.T.);
#1465 = EDGE_CURVE('',#1458,#1432,#1466,.T.);
#1466 = LINE('',#1467,#1468);
#1467 = CARTESIAN_POINT('',(9.74466175384,6.667773745537,6.442101629521)
  );
#1468 = VECTOR('',#1469,1.);
#1469 = DIRECTION('',(9.513010912701E-04,-0.200461448574,-0.979701129254
    ));
#1470 = ORIENTED_EDGE('',*,*,#1431,.F.);
#1471 = PLANE('',#1472);
#1472 = AXIS2_PLACEMENT_3D('',#1473,#1474,#1475);
#1473 = CARTESIAN_POINT('',(9.746607313967,7.647473834922,6.241642282881
    ));
#1474 = DIRECTION('',(0.999997654908,-1.715370258324E-03,
    1.321999565512E-03));
#1475 = DIRECTION('',(9.513010912701E-04,-0.200461448574,-0.979701129254
    ));
#1476 = ADVANCED_FACE('',(#1477),#1495,.T.);
#1477 = FACE_BOUND('',#1478,.T.);
#1478 = EDGE_LOOP('',(#1479,#1480,#1488,#1494));
#1479 = ORIENTED_EDGE('',*,*,#1077,.F.);
#1480 = ORIENTED_EDGE('',*,*,#1481,.T.);
#1481 = EDGE_CURVE('',#1061,#1482,#1484,.T.);
#1482 = VERTEX_POINT('',#1483);
#1483 = CARTESIAN_POINT('',(9.917814382081,6.667476723972,6.442330537757
    ));
#1484 = LINE('',#1485,#1486);
#1485 = CARTESIAN_POINT('',(9.919759942208,7.647176813357,6.241871191118
    ));
#1486 = VECTOR('',#1487,1.);
#1487 = DIRECTION('',(-1.945560127085E-03,-0.979700089385,0.20045934664)
  );
#1488 = ORIENTED_EDGE('',*,*,#1489,.T.);
#1489 = EDGE_CURVE('',#1482,#1458,#1490,.T.);
#1490 = LINE('',#1491,#1492);
#1491 = CARTESIAN_POINT('',(9.917814382081,6.667476723972,6.442330537757
    ));
#1492 = VECTOR('',#1493,1.);
#1493 = DIRECTION('',(-0.999997654908,1.715370258324E-03,
    -1.321999565512E-03));
#1494 = ORIENTED_EDGE('',*,*,#1457,.F.);
#1495 = PLANE('',#1496);
#1496 = AXIS2_PLACEMENT_3D('',#1497,#1498,#1499);
#1497 = CARTESIAN_POINT('',(9.919759942208,7.647176813357,6.241871191118
    ));
#1498 = DIRECTION('',(9.513010912701E-04,-0.200461448574,-0.979701129254
    ));
#1499 = DIRECTION('',(-0.999997654908,1.715370258324E-03,
    -1.321999565512E-03));
#1500 = ADVANCED_FACE('',(#1501),#1519,.T.);
#1501 = FACE_BOUND('',#1502,.T.);
#1502 = EDGE_LOOP('',(#1503,#1504,#1512,#1518));
#1503 = ORIENTED_EDGE('',*,*,#1060,.F.);
#1504 = ORIENTED_EDGE('',*,*,#1505,.T.);
#1505 = EDGE_CURVE('',#1046,#1506,#1508,.T.);
#1506 = VERTEX_POINT('',#1507);
#1507 = CARTESIAN_POINT('',(10.698941159103,6.683029108943,
    6.525920564058));
#1508 = LINE('',#1509,#1510);
#1509 = CARTESIAN_POINT('',(10.70088671923,7.662729198328,6.325461217419
    ));
#1510 = VECTOR('',#1511,1.);
#1511 = DIRECTION('',(-1.945560127085E-03,-0.979700089385,0.20045934664)
  );
#1512 = ORIENTED_EDGE('',*,*,#1513,.T.);
#1513 = EDGE_CURVE('',#1506,#1482,#1514,.T.);
#1514 = B_SPLINE_CURVE_WITH_KNOTS('',2,(#1515,#1516,#1517),
  .UNSPECIFIED.,.F.,.F.,(3,3),(0.,1.),.PIECEWISE_BEZIER_KNOTS.);
#1515 = CARTESIAN_POINT('',(10.698941159103,6.683029108943,
    6.525920564058));
#1516 = CARTESIAN_POINT('',(10.523848580925,6.666437148494,
    6.443131716584));
#1517 = CARTESIAN_POINT('',(9.917814382081,6.667476723972,6.442330537757
    ));
#1518 = ORIENTED_EDGE('',*,*,#1481,.F.);
#1519 = SURFACE_OF_LINEAR_EXTRUSION('',#1520,#1524);
#1520 = B_SPLINE_CURVE_WITH_KNOTS('',2,(#1521,#1522,#1523),
  .UNSPECIFIED.,.F.,.F.,(3,3),(0.,1.),.PIECEWISE_BEZIER_KNOTS.);
#1521 = CARTESIAN_POINT('',(10.70088671923,7.662729198328,6.325461217419
    ));
#1522 = CARTESIAN_POINT('',(10.525794141052,7.646137237879,
    6.242672369944));
#1523 = CARTESIAN_POINT('',(9.919759942208,7.647176813357,6.241871191118
    ));
#1524 = VECTOR('',#1525,1.);
#1525 = DIRECTION('',(1.945560127085E-03,0.979700089385,-0.20045934664)
  );
#1526 = ADVANCED_FACE('',(#1527),#1545,.T.);
#1527 = FACE_BOUND('',#1528,.T.);
#1528 = EDGE_LOOP('',(#1529,#1530,#1538,#1544));
#1529 = ORIENTED_EDGE('',*,*,#1045,.F.);
#1530 = ORIENTED_EDGE('',*,*,#1531,.T.);
#1531 = EDGE_CURVE('',#1025,#1532,#1534,.T.);
#1532 = VERTEX_POINT('',#1533);
#1533 = CARTESIAN_POINT('',(10.913125456246,6.732470876334,
    6.769634879104));
#1534 = LINE('',#1535,#1536);
#1535 = CARTESIAN_POINT('',(10.915071016373,7.712170965719,
    6.569175532465));
#1536 = VECTOR('',#1537,1.);
#1537 = DIRECTION('',(-1.945560127085E-03,-0.979700089385,0.20045934664)
  );
#1538 = ORIENTED_EDGE('',*,*,#1539,.T.);
#1539 = EDGE_CURVE('',#1532,#1506,#1540,.T.);
#1540 = B_SPLINE_CURVE_WITH_KNOTS('',2,(#1541,#1542,#1543),
  .UNSPECIFIED.,.F.,.F.,(3,3),(0.,1.),.PIECEWISE_BEZIER_KNOTS.);
#1541 = CARTESIAN_POINT('',(10.913125456246,6.732470876334,
    6.769634879104));
#1542 = CARTESIAN_POINT('',(10.874322324994,6.699620574357,
    6.608709793047));
#1543 = CARTESIAN_POINT('',(10.698941159103,6.683029108943,
    6.525920564058));
#1544 = ORIENTED_EDGE('',*,*,#1505,.F.);
#1545 = SURFACE_OF_LINEAR_EXTRUSION('',#1546,#1550);
#1546 = B_SPLINE_CURVE_WITH_KNOTS('',2,(#1547,#1548,#1549),
  .UNSPECIFIED.,.F.,.F.,(3,3),(0.,1.),.PIECEWISE_BEZIER_KNOTS.);
#1547 = CARTESIAN_POINT('',(10.915071016373,7.712170965719,
    6.569175532465));
#1548 = CARTESIAN_POINT('',(10.876267885121,7.679320663741,
    6.408250446407));
#1549 = CARTESIAN_POINT('',(10.70088671923,7.662729198328,6.325461217419
    ));
#1550 = VECTOR('',#1551,1.);
#1551 = DIRECTION('',(1.945560127085E-03,0.979700089385,-0.20045934664)
  );
#1552 = ADVANCED_FACE('',(#1553),#1571,.T.);
#1553 = FACE_BOUND('',#1554,.T.);
#1554 = EDGE_LOOP('',(#1555,#1556,#1564,#1570));
#1555 = ORIENTED_EDGE('',*,*,#1024,.F.);
#1556 = ORIENTED_EDGE('',*,*,#1557,.T.);
#1557 = EDGE_CURVE('',#1015,#1558,#1560,.T.);
#1558 = VERTEX_POINT('',#1559);
#1559 = CARTESIAN_POINT('',(10.951155773018,6.928171312058,
    7.726445962521));
#1560 = LINE('',#1561,#1562);
#1561 = CARTESIAN_POINT('',(10.953101333145,7.907871401443,
    7.525986615882));
#1562 = VECTOR('',#1563,1.);
#1563 = DIRECTION('',(-1.945560127085E-03,-0.979700089385,0.20045934664)
  );
#1564 = ORIENTED_EDGE('',*,*,#1565,.T.);
#1565 = EDGE_CURVE('',#1558,#1532,#1566,.T.);
#1566 = B_SPLINE_CURVE_WITH_KNOTS('',2,(#1567,#1568,#1569),
  .UNSPECIFIED.,.F.,.F.,(3,3),(0.,1.),.PIECEWISE_BEZIER_KNOTS.);
#1567 = CARTESIAN_POINT('',(10.951155773018,6.928171312058,
    7.726445962521));
#1568 = CARTESIAN_POINT('',(10.951928587497,6.765321178312,
    6.930559965162));
#1569 = CARTESIAN_POINT('',(10.913125456246,6.732470876334,
    6.769634879104));
#1570 = ORIENTED_EDGE('',*,*,#1531,.F.);
#1571 = SURFACE_OF_LINEAR_EXTRUSION('',#1572,#1576);
#1572 = B_SPLINE_CURVE_WITH_KNOTS('',2,(#1573,#1574,#1575),
  .UNSPECIFIED.,.F.,.F.,(3,3),(0.,1.),.PIECEWISE_BEZIER_KNOTS.);
#1573 = CARTESIAN_POINT('',(10.953101333145,7.907871401443,
    7.525986615882));
#1574 = CARTESIAN_POINT('',(10.953874147624,7.745021267697,
    6.730100618522));
#1575 = CARTESIAN_POINT('',(10.915071016373,7.712170965719,
    6.569175532465));
#1576 = VECTOR('',#1577,1.);
#1577 = DIRECTION('',(1.945560127085E-03,0.979700089385,-0.20045934664)
  );
#1578 = ADVANCED_FACE('',(#1579),#1597,.T.);
#1579 = FACE_BOUND('',#1580,.T.);
#1580 = EDGE_LOOP('',(#1581,#1582,#1590,#1596));
#1581 = ORIENTED_EDGE('',*,*,#1014,.F.);
#1582 = ORIENTED_EDGE('',*,*,#1583,.T.);
#1583 = EDGE_CURVE('',#1002,#1584,#1586,.T.);
#1584 = VERTEX_POINT('',#1585);
#1585 = CARTESIAN_POINT('',(10.947587099692,7.68017446963,
    11.401658068979));
#1586 = LINE('',#1587,#1588);
#1587 = CARTESIAN_POINT('',(10.949532659819,8.659874559015,
    11.201198722339));
#1588 = VECTOR('',#1589,1.);
#1589 = DIRECTION('',(-1.945560127085E-03,-0.979700089385,0.20045934664)
  );
#1590 = ORIENTED_EDGE('',*,*,#1591,.T.);
#1591 = EDGE_CURVE('',#1584,#1558,#1592,.T.);
#1592 = LINE('',#1593,#1594);
#1593 = CARTESIAN_POINT('',(10.947587099692,7.68017446963,
    11.401658068979));
#1594 = VECTOR('',#1595,1.);
#1595 = DIRECTION('',(9.513010912701E-04,-0.200461448574,-0.979701129254
    ));
#1596 = ORIENTED_EDGE('',*,*,#1557,.F.);
#1597 = PLANE('',#1598);
#1598 = AXIS2_PLACEMENT_3D('',#1599,#1600,#1601);
#1599 = CARTESIAN_POINT('',(10.949532659819,8.659874559015,
    11.201198722339));
#1600 = DIRECTION('',(0.999997654908,-1.715370258324E-03,
    1.321999565512E-03));
#1601 = DIRECTION('',(9.513010912701E-04,-0.200461448574,-0.979701129254
    ));
#1602 = ADVANCED_FACE('',(#1603),#1614,.T.);
#1603 = FACE_BOUND('',#1604,.T.);
#1604 = EDGE_LOOP('',(#1605,#1606,#1607,#1613));
#1605 = ORIENTED_EDGE('',*,*,#1001,.F.);
#1606 = ORIENTED_EDGE('',*,*,#1392,.T.);
#1607 = ORIENTED_EDGE('',*,*,#1608,.T.);
#1608 = EDGE_CURVE('',#1385,#1584,#1609,.T.);
#1609 = LINE('',#1610,#1611);
#1610 = CARTESIAN_POINT('',(12.696428644927,7.677174551822,
    11.403970042163));
#1611 = VECTOR('',#1612,1.);
#1612 = DIRECTION('',(-0.999997654908,1.715370258324E-03,
    -1.321999565512E-03));
#1613 = ORIENTED_EDGE('',*,*,#1583,.F.);
#1614 = PLANE('',#1615);
#1615 = AXIS2_PLACEMENT_3D('',#1616,#1617,#1618);
#1616 = CARTESIAN_POINT('',(12.698374205054,8.656874641207,
    11.203510695524));
#1617 = DIRECTION('',(9.513010912701E-04,-0.200461448574,-0.979701129254
    ));
#1618 = DIRECTION('',(-0.999997654908,1.715370258324E-03,
    -1.321999565512E-03));
#1619 = ADVANCED_FACE('',(#1620),#1645,.T.);
#1620 = FACE_BOUND('',#1621,.T.);
#1621 = EDGE_LOOP('',(#1622,#1623,#1631,#1639));
#1622 = ORIENTED_EDGE('',*,*,#1135,.T.);
#1623 = ORIENTED_EDGE('',*,*,#1624,.T.);
#1624 = EDGE_CURVE('',#1138,#1625,#1627,.T.);
#1625 = VERTEX_POINT('',#1626);
#1626 = CARTESIAN_POINT('',(9.634823180134,6.279207633941,4.54200588344)
  );
#1627 = LINE('',#1628,#1629);
#1628 = CARTESIAN_POINT('',(9.636768740261,7.258907723326,4.3415465368)
  );
#1629 = VECTOR('',#1630,1.);
#1630 = DIRECTION('',(-1.945560127085E-03,-0.979700089385,0.20045934664)
  );
#1631 = ORIENTED_EDGE('',*,*,#1632,.T.);
#1632 = EDGE_CURVE('',#1625,#1633,#1635,.T.);
#1633 = VERTEX_POINT('',#1634);
#1634 = CARTESIAN_POINT('',(8.588571893677,6.914579663041,7.63708974616)
  );
#1635 = LINE('',#1636,#1637);
#1636 = CARTESIAN_POINT('',(9.634823180134,6.279207633941,4.54200588344)
  );
#1637 = VECTOR('',#1638,1.);
#1638 = DIRECTION('',(-0.314345761188,0.190897260257,0.929916651345));
#1639 = ORIENTED_EDGE('',*,*,#1640,.F.);
#1640 = EDGE_CURVE('',#1136,#1633,#1641,.T.);
#1641 = LINE('',#1642,#1643);
#1642 = CARTESIAN_POINT('',(8.590517453804,7.894279752426,7.436630399521
    ));
#1643 = VECTOR('',#1644,1.);
#1644 = DIRECTION('',(-1.945560127085E-03,-0.979700089385,0.20045934664)
  );
#1645 = PLANE('',#1646);
#1646 = AXIS2_PLACEMENT_3D('',#1647,#1648,#1649);
#1647 = CARTESIAN_POINT('',(9.636768740261,7.258907723326,4.3415465368)
  );
#1648 = DIRECTION('',(-0.94930656651,-6.120433714837E-02,-0.308335972432
    ));
#1649 = DIRECTION('',(-0.314345761188,0.190897260257,0.929916651345));
#1650 = ADVANCED_FACE('',(#1651),#1669,.T.);
#1651 = FACE_BOUND('',#1652,.T.);
#1652 = EDGE_LOOP('',(#1653,#1654,#1662,#1668));
#1653 = ORIENTED_EDGE('',*,*,#1252,.T.);
#1654 = ORIENTED_EDGE('',*,*,#1655,.T.);
#1655 = EDGE_CURVE('',#1243,#1656,#1658,.T.);
#1656 = VERTEX_POINT('',#1657);
#1657 = CARTESIAN_POINT('',(7.924940976254,6.282140721897,4.539745414608
    ));
#1658 = LINE('',#1659,#1660);
#1659 = CARTESIAN_POINT('',(7.926886536381,7.261840811282,4.339286067969
    ));
#1660 = VECTOR('',#1661,1.);
#1661 = DIRECTION('',(-1.945560127085E-03,-0.979700089385,0.20045934664)
  );
#1662 = ORIENTED_EDGE('',*,*,#1663,.T.);
#1663 = EDGE_CURVE('',#1656,#1625,#1664,.T.);
#1664 = LINE('',#1665,#1666);
#1665 = CARTESIAN_POINT('',(7.924940976254,6.282140721897,4.539745414608
    ));
#1666 = VECTOR('',#1667,1.);
#1667 = DIRECTION('',(0.999997654908,-1.715370258324E-03,
    1.321999565512E-03));
#1668 = ORIENTED_EDGE('',*,*,#1624,.F.);
#1669 = PLANE('',#1670);
#1670 = AXIS2_PLACEMENT_3D('',#1671,#1672,#1673);
#1671 = CARTESIAN_POINT('',(7.926886536381,7.261840811282,4.339286067969
    ));
#1672 = DIRECTION('',(-9.513010912701E-04,0.200461448574,0.979701129254)
  );
#1673 = DIRECTION('',(0.999997654908,-1.715370258324E-03,
    1.321999565512E-03));
#1674 = ADVANCED_FACE('',(#1675),#1693,.T.);
#1675 = FACE_BOUND('',#1676,.T.);
#1676 = EDGE_LOOP('',(#1677,#1678,#1686,#1692));
#1677 = ORIENTED_EDGE('',*,*,#1242,.F.);
#1678 = ORIENTED_EDGE('',*,*,#1679,.T.);
#1679 = EDGE_CURVE('',#1233,#1680,#1682,.T.);
#1680 = VERTEX_POINT('',#1681);
#1681 = CARTESIAN_POINT('',(7.112865226563,6.828715677971,7.203126294934
    ));
#1682 = LINE('',#1683,#1684);
#1683 = CARTESIAN_POINT('',(7.11481078669,7.808415767356,7.002666948294)
  );
#1684 = VECTOR('',#1685,1.);
#1685 = DIRECTION('',(-1.945560127085E-03,-0.979700089385,0.20045934664)
  );
#1686 = ORIENTED_EDGE('',*,*,#1687,.T.);
#1687 = EDGE_CURVE('',#1680,#1656,#1688,.T.);
#1688 = LINE('',#1689,#1690);
#1689 = CARTESIAN_POINT('',(7.112865226563,6.828715677971,7.203126294934
    ));
#1690 = VECTOR('',#1691,1.);
#1691 = DIRECTION('',(0.28618694046,-0.192620718536,-0.938612962781));
#1692 = ORIENTED_EDGE('',*,*,#1655,.F.);
#1693 = PLANE('',#1694);
#1694 = AXIS2_PLACEMENT_3D('',#1695,#1696,#1697);
#1695 = CARTESIAN_POINT('',(7.11481078669,7.808415767356,7.002666948294)
  );
#1696 = DIRECTION('',(0.958171826921,5.554271914629E-02,0.280752126339)
  );
#1697 = DIRECTION('',(0.28618694046,-0.192620718536,-0.938612962781));
#1698 = ADVANCED_FACE('',(#1699),#1717,.T.);
#1699 = FACE_BOUND('',#1700,.T.);
#1700 = EDGE_LOOP('',(#1701,#1702,#1710,#1716));
#1701 = ORIENTED_EDGE('',*,*,#1232,.T.);
#1702 = ORIENTED_EDGE('',*,*,#1703,.T.);
#1703 = EDGE_CURVE('',#1220,#1704,#1706,.T.);
#1704 = VERTEX_POINT('',#1705);
#1705 = CARTESIAN_POINT('',(7.115452439227,6.283529297714,4.538675268605
    ));
#1706 = LINE('',#1707,#1708);
#1707 = CARTESIAN_POINT('',(7.117397999354,7.263229387099,4.338215921965
    ));
#1708 = VECTOR('',#1709,1.);
#1709 = DIRECTION('',(-1.945560127085E-03,-0.979700089385,0.20045934664)
  );
#1710 = ORIENTED_EDGE('',*,*,#1711,.T.);
#1711 = EDGE_CURVE('',#1704,#1680,#1712,.T.);
#1712 = LINE('',#1713,#1714);
#1713 = CARTESIAN_POINT('',(7.115452439227,6.283529297714,4.538675268605
    ));
#1714 = VECTOR('',#1715,1.);
#1715 = DIRECTION('',(-9.513010912701E-04,0.200461448574,0.979701129254)
  );
#1716 = ORIENTED_EDGE('',*,*,#1679,.F.);
#1717 = PLANE('',#1718);
#1718 = AXIS2_PLACEMENT_3D('',#1719,#1720,#1721);
#1719 = CARTESIAN_POINT('',(7.117397999354,7.263229387099,4.338215921965
    ));
#1720 = DIRECTION('',(-0.999997654908,1.715370258324E-03,
    -1.321999565512E-03));
#1721 = DIRECTION('',(-9.513010912701E-04,0.200461448574,0.979701129254)
  );
#1722 = ADVANCED_FACE('',(#1723),#1741,.T.);
#1723 = FACE_BOUND('',#1724,.T.);
#1724 = EDGE_LOOP('',(#1725,#1726,#1734,#1740));
#1725 = ORIENTED_EDGE('',*,*,#1219,.T.);
#1726 = ORIENTED_EDGE('',*,*,#1727,.T.);
#1727 = EDGE_CURVE('',#1210,#1728,#1730,.T.);
#1728 = VERTEX_POINT('',#1729);
#1729 = CARTESIAN_POINT('',(5.29302102699,6.286655449688,4.53626600942)
  );
#1730 = LINE('',#1731,#1732);
#1731 = CARTESIAN_POINT('',(5.294966587117,7.266355539073,4.33580666278)
  );
#1732 = VECTOR('',#1733,1.);
#1733 = DIRECTION('',(-1.945560127085E-03,-0.979700089385,0.20045934664)
  );
#1734 = ORIENTED_EDGE('',*,*,#1735,.T.);
#1735 = EDGE_CURVE('',#1728,#1704,#1736,.T.);
#1736 = LINE('',#1737,#1738);
#1737 = CARTESIAN_POINT('',(5.29302102699,6.286655449688,4.53626600942)
  );
#1738 = VECTOR('',#1739,1.);
#1739 = DIRECTION('',(0.999997654908,-1.715370258324E-03,
    1.321999565512E-03));
#1740 = ORIENTED_EDGE('',*,*,#1703,.F.);
#1741 = PLANE('',#1742);
#1742 = AXIS2_PLACEMENT_3D('',#1743,#1744,#1745);
#1743 = CARTESIAN_POINT('',(5.294966587117,7.266355539073,4.33580666278)
  );
#1744 = DIRECTION('',(-9.513010912701E-04,0.200461448574,0.979701129254)
  );
#1745 = DIRECTION('',(0.999997654908,-1.715370258324E-03,
    1.321999565512E-03));
#1746 = ADVANCED_FACE('',(#1747),#1765,.T.);
#1747 = FACE_BOUND('',#1748,.T.);
#1748 = EDGE_LOOP('',(#1749,#1750,#1758,#1764));
#1749 = ORIENTED_EDGE('',*,*,#1209,.F.);
#1750 = ORIENTED_EDGE('',*,*,#1751,.T.);
#1751 = EDGE_CURVE('',#1197,#1752,#1754,.T.);
#1752 = VERTEX_POINT('',#1753);
#1753 = CARTESIAN_POINT('',(5.286361919351,7.689885589704,
    11.394173914199));
#1754 = LINE('',#1755,#1756);
#1755 = CARTESIAN_POINT('',(5.288307479478,8.669585679089,
    11.193714567559));
#1756 = VECTOR('',#1757,1.);
#1757 = DIRECTION('',(-1.945560127085E-03,-0.979700089385,0.20045934664)
  );
#1758 = ORIENTED_EDGE('',*,*,#1759,.T.);
#1759 = EDGE_CURVE('',#1752,#1728,#1760,.T.);
#1760 = LINE('',#1761,#1762);
#1761 = CARTESIAN_POINT('',(5.286361919351,7.689885589704,
    11.394173914199));
#1762 = VECTOR('',#1763,1.);
#1763 = DIRECTION('',(9.513010912701E-04,-0.200461448574,-0.979701129254
    ));
#1764 = ORIENTED_EDGE('',*,*,#1727,.F.);
#1765 = PLANE('',#1766);
#1766 = AXIS2_PLACEMENT_3D('',#1767,#1768,#1769);
#1767 = CARTESIAN_POINT('',(5.288307479478,8.669585679089,
    11.193714567559));
#1768 = DIRECTION('',(0.999997654908,-1.715370258324E-03,
    1.321999565512E-03));
#1769 = DIRECTION('',(9.513010912701E-04,-0.200461448574,-0.979701129254
    ));
#1770 = ADVANCED_FACE('',(#1771),#1789,.T.);
#1771 = FACE_BOUND('',#1772,.T.);
#1772 = EDGE_LOOP('',(#1773,#1774,#1782,#1788));
#1773 = ORIENTED_EDGE('',*,*,#1196,.F.);
#1774 = ORIENTED_EDGE('',*,*,#1775,.T.);
#1775 = EDGE_CURVE('',#1187,#1776,#1778,.T.);
#1776 = VERTEX_POINT('',#1777);
#1777 = CARTESIAN_POINT('',(7.108793331588,7.68675943773,11.396583173384
    ));
#1778 = LINE('',#1779,#1780);
#1779 = CARTESIAN_POINT('',(7.110738891715,8.666459527115,
    11.196123826744));
#1780 = VECTOR('',#1781,1.);
#1781 = DIRECTION('',(-1.945560127085E-03,-0.979700089385,0.20045934664)
  );
#1782 = ORIENTED_EDGE('',*,*,#1783,.T.);
#1783 = EDGE_CURVE('',#1776,#1752,#1784,.T.);
#1784 = LINE('',#1785,#1786);
#1785 = CARTESIAN_POINT('',(7.108793331588,7.68675943773,11.396583173384
    ));
#1786 = VECTOR('',#1787,1.);
#1787 = DIRECTION('',(-0.999997654908,1.715370258324E-03,
    -1.321999565512E-03));
#1788 = ORIENTED_EDGE('',*,*,#1751,.F.);
#1789 = PLANE('',#1790);
#1790 = AXIS2_PLACEMENT_3D('',#1791,#1792,#1793);
#1791 = CARTESIAN_POINT('',(7.110738891715,8.666459527115,
    11.196123826744));
#1792 = DIRECTION('',(9.513010912701E-04,-0.200461448574,-0.979701129254
    ));
#1793 = DIRECTION('',(-0.999997654908,1.715370258324E-03,
    -1.321999565512E-03));
#1794 = ADVANCED_FACE('',(#1795),#1813,.T.);
#1795 = FACE_BOUND('',#1796,.T.);
#1796 = EDGE_LOOP('',(#1797,#1798,#1806,#1812));
#1797 = ORIENTED_EDGE('',*,*,#1186,.T.);
#1798 = ORIENTED_EDGE('',*,*,#1799,.T.);
#1799 = EDGE_CURVE('',#1177,#1800,#1802,.T.);
#1800 = VERTEX_POINT('',#1801);
#1801 = CARTESIAN_POINT('',(7.111647940808,7.085226332689,8.456752764665
    ));
#1802 = LINE('',#1803,#1804);
#1803 = CARTESIAN_POINT('',(7.113593500935,8.064926422074,8.256293418025
    ));
#1804 = VECTOR('',#1805,1.);
#1805 = DIRECTION('',(-1.945560127085E-03,-0.979700089385,0.20045934664)
  );
#1806 = ORIENTED_EDGE('',*,*,#1807,.T.);
#1807 = EDGE_CURVE('',#1800,#1776,#1808,.T.);
#1808 = LINE('',#1809,#1810);
#1809 = CARTESIAN_POINT('',(7.111647940808,7.085226332689,8.456752764665
    ));
#1810 = VECTOR('',#1811,1.);
#1811 = DIRECTION('',(-9.513010912701E-04,0.200461448574,0.979701129254)
  );
#1812 = ORIENTED_EDGE('',*,*,#1775,.F.);
#1813 = PLANE('',#1814);
#1814 = AXIS2_PLACEMENT_3D('',#1815,#1816,#1817);
#1815 = CARTESIAN_POINT('',(7.113593500935,8.064926422074,8.256293418025
    ));
#1816 = DIRECTION('',(-0.999997654908,1.715370258324E-03,
    -1.321999565512E-03));
#1817 = DIRECTION('',(-9.513010912701E-04,0.200461448574,0.979701129254)
  );
#1818 = ADVANCED_FACE('',(#1819),#1837,.T.);
#1819 = FACE_BOUND('',#1820,.T.);
#1820 = EDGE_LOOP('',(#1821,#1822,#1830,#1836));
#1821 = ORIENTED_EDGE('',*,*,#1176,.F.);
#1822 = ORIENTED_EDGE('',*,*,#1823,.T.);
#1823 = EDGE_CURVE('',#1164,#1824,#1826,.T.);
#1824 = VERTEX_POINT('',#1825);
#1825 = CARTESIAN_POINT('',(7.844692001613,7.685497096078,
    11.397556033388));
#1826 = LINE('',#1827,#1828);
#1827 = CARTESIAN_POINT('',(7.84663756174,8.665197185463,11.197096686748
    ));
#1828 = VECTOR('',#1829,1.);
#1829 = DIRECTION('',(-1.945560127085E-03,-0.979700089385,0.20045934664)
  );
#1830 = ORIENTED_EDGE('',*,*,#1831,.T.);
#1831 = EDGE_CURVE('',#1824,#1800,#1832,.T.);
#1832 = LINE('',#1833,#1834);
#1833 = CARTESIAN_POINT('',(7.844692001613,7.685497096078,
    11.397556033388));
#1834 = VECTOR('',#1835,1.);
#1835 = DIRECTION('',(-0.237257149689,-0.19428372451,-0.951820823113));
#1836 = ORIENTED_EDGE('',*,*,#1799,.F.);
#1837 = PLANE('',#1838);
#1838 = AXIS2_PLACEMENT_3D('',#1839,#1840,#1841);
#1839 = CARTESIAN_POINT('',(7.84663756174,8.665197185463,11.197096686748
    ));
#1840 = DIRECTION('',(0.97144493396,-4.941223785383E-02,-0.23206286009)
  );
#1841 = DIRECTION('',(-0.237257149689,-0.19428372451,-0.951820823113));
#1842 = ADVANCED_FACE('',(#1843),#1861,.T.);
#1843 = FACE_BOUND('',#1844,.T.);
#1844 = EDGE_LOOP('',(#1845,#1846,#1854,#1860));
#1845 = ORIENTED_EDGE('',*,*,#1163,.F.);
#1846 = ORIENTED_EDGE('',*,*,#1847,.T.);
#1847 = EDGE_CURVE('',#1151,#1848,#1850,.T.);
#1848 = VERTEX_POINT('',#1849);
#1849 = CARTESIAN_POINT('',(9.727726833734,7.682266986557,
    11.400045410455));
#1850 = LINE('',#1851,#1852);
#1851 = CARTESIAN_POINT('',(9.729672393861,8.661967075942,
    11.199586063816));
#1852 = VECTOR('',#1853,1.);
#1853 = DIRECTION('',(-1.945560127085E-03,-0.979700089385,0.20045934664)
  );
#1854 = ORIENTED_EDGE('',*,*,#1855,.T.);
#1855 = EDGE_CURVE('',#1848,#1824,#1856,.T.);
#1856 = LINE('',#1857,#1858);
#1857 = CARTESIAN_POINT('',(9.727726833734,7.682266986557,
    11.400045410455));
#1858 = VECTOR('',#1859,1.);
#1859 = DIRECTION('',(-0.999997654908,1.715370258324E-03,
    -1.321999565512E-03));
#1860 = ORIENTED_EDGE('',*,*,#1823,.F.);
#1861 = PLANE('',#1862);
#1862 = AXIS2_PLACEMENT_3D('',#1863,#1864,#1865);
#1863 = CARTESIAN_POINT('',(9.729672393861,8.661967075942,
    11.199586063816));
#1864 = DIRECTION('',(9.513010912701E-04,-0.200461448574,-0.979701129254
    ));
#1865 = DIRECTION('',(-0.999997654908,1.715370258324E-03,
    -1.321999565512E-03));
#1866 = ADVANCED_FACE('',(#1867),#1878,.T.);
#1867 = FACE_BOUND('',#1868,.T.);
#1868 = EDGE_LOOP('',(#1869,#1870,#1871,#1877));
#1869 = ORIENTED_EDGE('',*,*,#1150,.T.);
#1870 = ORIENTED_EDGE('',*,*,#1640,.T.);
#1871 = ORIENTED_EDGE('',*,*,#1872,.T.);
#1872 = EDGE_CURVE('',#1633,#1848,#1873,.T.);
#1873 = LINE('',#1874,#1875);
#1874 = CARTESIAN_POINT('',(8.588571893677,6.914579663041,7.63708974616)
  );
#1875 = VECTOR('',#1876,1.);
#1876 = DIRECTION('',(0.284372672153,0.191641442169,0.939364541047));
#1877 = ORIENTED_EDGE('',*,*,#1847,.F.);
#1878 = PLANE('',#1879);
#1879 = AXIS2_PLACEMENT_3D('',#1880,#1881,#1882);
#1880 = CARTESIAN_POINT('',(8.590517453804,7.894279752426,7.436630399521
    ));
#1881 = DIRECTION('',(-0.958711843115,5.883275025777E-02,0.278227082378)
  );
#1882 = DIRECTION('',(0.284372672153,0.191641442169,0.939364541047));
#1883 = ADVANCED_FACE('',(#1884),#1896,.T.);
#1884 = FACE_BOUND('',#1885,.T.);
#1885 = EDGE_LOOP('',(#1886,#1887,#1888,#1889,#1890,#1891,#1892,#1893,
    #1894,#1895));
#1886 = ORIENTED_EDGE('',*,*,#1384,.F.);
#1887 = ORIENTED_EDGE('',*,*,#1415,.F.);
#1888 = ORIENTED_EDGE('',*,*,#1439,.F.);
#1889 = ORIENTED_EDGE('',*,*,#1465,.F.);
#1890 = ORIENTED_EDGE('',*,*,#1489,.F.);
#1891 = ORIENTED_EDGE('',*,*,#1513,.F.);
#1892 = ORIENTED_EDGE('',*,*,#1539,.F.);
#1893 = ORIENTED_EDGE('',*,*,#1565,.F.);
#1894 = ORIENTED_EDGE('',*,*,#1591,.F.);
#1895 = ORIENTED_EDGE('',*,*,#1608,.F.);
#1896 = PLANE('',#1897);
#1897 = AXIS2_PLACEMENT_3D('',#1898,#1899,#1900);
#1898 = CARTESIAN_POINT('',(11.63265928146,6.955005456515,7.864206162972
    ));
#1899 = DIRECTION('',(1.945560127085E-03,0.979700089385,-0.20045934664)
  );
#1900 = DIRECTION('',(0.999997654908,-1.715370258324E-03,
    1.321999565512E-03));
#1901 = ADVANCED_FACE('',(#1902),#1915,.T.);
#1902 = FACE_BOUND('',#1903,.T.);
#1903 = EDGE_LOOP('',(#1904,#1905,#1906,#1907,#1908,#1909,#1910,#1911,
    #1912,#1913,#1914));
#1904 = ORIENTED_EDGE('',*,*,#1632,.F.);
#1905 = ORIENTED_EDGE('',*,*,#1663,.F.);
#1906 = ORIENTED_EDGE('',*,*,#1687,.F.);
#1907 = ORIENTED_EDGE('',*,*,#1711,.F.);
#1908 = ORIENTED_EDGE('',*,*,#1735,.F.);
#1909 = ORIENTED_EDGE('',*,*,#1759,.F.);
#1910 = ORIENTED_EDGE('',*,*,#1783,.F.);
#1911 = ORIENTED_EDGE('',*,*,#1807,.F.);
#1912 = ORIENTED_EDGE('',*,*,#1831,.F.);
#1913 = ORIENTED_EDGE('',*,*,#1855,.F.);
#1914 = ORIENTED_EDGE('',*,*,#1872,.F.);
#1915 = PLANE('',#1916);
#1916 = AXIS2_PLACEMENT_3D('',#1917,#1918,#1919);
#1917 = CARTESIAN_POINT('',(7.324713431399,6.989801852684,7.992454933568
    ));
#1918 = DIRECTION('',(1.945560127085E-03,0.979700089385,-0.20045934664)
  );
#1919 = DIRECTION('',(0.999997654908,-1.715370258324E-03,
    1.321999565512E-03));
#1920 = ADVANCED_FACE('',(#1921),#1949,.T.);
#1921 = FACE_BOUND('',#1922,.T.);
#1922 = EDGE_LOOP('',(#1923,#1924,#1931,#1940,#1947,#1948));
#1923 = ORIENTED_EDGE('',*,*,#60,.F.);
#1924 = ORIENTED_EDGE('',*,*,#1925,.T.);
#1925 = EDGE_CURVE('',#24,#1926,#1928,.T.);
#1926 = VERTEX_POINT('',#1927);
#1927 = CARTESIAN_POINT('',(9.,0.,6.252832774127));
#1928 = B_SPLINE_CURVE_WITH_KNOTS('',1,(#1929,#1930),.UNSPECIFIED.,.F.,
  .F.,(2,2),(3.83616915466,9.748860742939),.PIECEWISE_BEZIER_KNOTS.);
#1929 = CARTESIAN_POINT('',(9.,5.912691588279,6.252832774127));
#1930 = CARTESIAN_POINT('',(9.,0.,6.252832774127));
#1931 = ORIENTED_EDGE('',*,*,#1932,.F.);
#1932 = EDGE_CURVE('',#1933,#1926,#1935,.T.);
#1933 = VERTEX_POINT('',#1934);
#1934 = CARTESIAN_POINT('',(9.,0.,11.672832774127));
#1935 = CIRCLE('',#1936,2.71);
#1936 = AXIS2_PLACEMENT_3D('',#1937,#1938,#1939);
#1937 = CARTESIAN_POINT('',(9.,0.,8.962832774127));
#1938 = DIRECTION('',(0.,-1.,0.));
#1939 = DIRECTION('',(0.,0.,-1.));
#1940 = ORIENTED_EDGE('',*,*,#1941,.F.);
#1941 = EDGE_CURVE('',#1926,#1933,#1942,.T.);
#1942 = CIRCLE('',#1943,2.71);
#1943 = AXIS2_PLACEMENT_3D('',#1944,#1945,#1946);
#1944 = CARTESIAN_POINT('',(9.,0.,8.962832774127));
#1945 = DIRECTION('',(0.,-1.,0.));
#1946 = DIRECTION('',(0.,0.,-1.));
#1947 = ORIENTED_EDGE('',*,*,#1925,.F.);
#1948 = ORIENTED_EDGE('',*,*,#21,.F.);
#1949 = CYLINDRICAL_SURFACE('',#1950,2.71);
#1950 = AXIS2_PLACEMENT_3D('',#1951,#1952,#1953);
#1951 = CARTESIAN_POINT('',(9.,9.748860742939,8.962832774127));
#1952 = DIRECTION('',(0.,-1.,0.));
#1953 = DIRECTION('',(0.,0.,-1.));
#1954 = ADVANCED_FACE('',(#1955,#2053),#2057,.T.);
#1955 = FACE_BOUND('',#1956,.T.);
#1956 = EDGE_LOOP('',(#1957,#1967,#1975,#1983,#1991,#1999,#2007,#2015,
    #2023,#2031,#2039,#2047));
#1957 = ORIENTED_EDGE('',*,*,#1958,.F.);
#1958 = EDGE_CURVE('',#1959,#1961,#1963,.T.);
#1959 = VERTEX_POINT('',#1960);
#1960 = CARTESIAN_POINT('',(11.5,0.,9.562832774127));
#1961 = VERTEX_POINT('',#1962);
#1962 = CARTESIAN_POINT('',(9.6,0.,9.562832774127));
#1963 = LINE('',#1964,#1965);
#1964 = CARTESIAN_POINT('',(9.6,0.,9.562832774127));
#1965 = VECTOR('',#1966,1.);
#1966 = DIRECTION('',(-1.,-0.,-0.));
#1967 = ORIENTED_EDGE('',*,*,#1968,.T.);
#1968 = EDGE_CURVE('',#1959,#1969,#1971,.T.);
#1969 = VERTEX_POINT('',#1970);
#1970 = CARTESIAN_POINT('',(11.5,0.,8.362832774127));
#1971 = LINE('',#1972,#1973);
#1972 = CARTESIAN_POINT('',(11.5,0.,8.362832774127));
#1973 = VECTOR('',#1974,1.);
#1974 = DIRECTION('',(0.,0.,-1.));
#1975 = ORIENTED_EDGE('',*,*,#1976,.F.);
#1976 = EDGE_CURVE('',#1977,#1969,#1979,.T.);
#1977 = VERTEX_POINT('',#1978);
#1978 = CARTESIAN_POINT('',(9.6,0.,8.362832774127));
#1979 = LINE('',#1980,#1981);
#1980 = CARTESIAN_POINT('',(9.6,0.,8.362832774127));
#1981 = VECTOR('',#1982,1.);
#1982 = DIRECTION('',(1.,0.,0.));
#1983 = ORIENTED_EDGE('',*,*,#1984,.F.);
#1984 = EDGE_CURVE('',#1985,#1977,#1987,.T.);
#1985 = VERTEX_POINT('',#1986);
#1986 = CARTESIAN_POINT('',(9.6,0.,6.462832774127));
#1987 = LINE('',#1988,#1989);
#1988 = CARTESIAN_POINT('',(9.6,0.,6.962832774127));
#1989 = VECTOR('',#1990,1.);
#1990 = DIRECTION('',(0.,0.,1.));
#1991 = ORIENTED_EDGE('',*,*,#1992,.T.);
#1992 = EDGE_CURVE('',#1985,#1993,#1995,.T.);
#1993 = VERTEX_POINT('',#1994);
#1994 = CARTESIAN_POINT('',(8.4,0.,6.462832774127));
#1995 = LINE('',#1996,#1997);
#1996 = CARTESIAN_POINT('',(8.4,0.,6.462832774127));
#1997 = VECTOR('',#1998,1.);
#1998 = DIRECTION('',(-1.,0.,0.));
#1999 = ORIENTED_EDGE('',*,*,#2000,.F.);
#2000 = EDGE_CURVE('',#2001,#1993,#2003,.T.);
#2001 = VERTEX_POINT('',#2002);
#2002 = CARTESIAN_POINT('',(8.4,0.,8.362832774127));
#2003 = LINE('',#2004,#2005);
#2004 = CARTESIAN_POINT('',(8.4,0.,6.962832774127));
#2005 = VECTOR('',#2006,1.);
#2006 = DIRECTION('',(-0.,-0.,-1.));
#2007 = ORIENTED_EDGE('',*,*,#2008,.F.);
#2008 = EDGE_CURVE('',#2009,#2001,#2011,.T.);
#2009 = VERTEX_POINT('',#2010);
#2010 = CARTESIAN_POINT('',(6.5,0.,8.362832774127));
#2011 = LINE('',#2012,#2013);
#2012 = CARTESIAN_POINT('',(7.,0.,8.362832774127));
#2013 = VECTOR('',#2014,1.);
#2014 = DIRECTION('',(1.,0.,0.));
#2015 = ORIENTED_EDGE('',*,*,#2016,.T.);
#2016 = EDGE_CURVE('',#2009,#2017,#2019,.T.);
#2017 = VERTEX_POINT('',#2018);
#2018 = CARTESIAN_POINT('',(6.5,0.,9.562832774127));
#2019 = LINE('',#2020,#2021);
#2020 = CARTESIAN_POINT('',(6.5,0.,9.562832774127));
#2021 = VECTOR('',#2022,1.);
#2022 = DIRECTION('',(0.,0.,1.));
#2023 = ORIENTED_EDGE('',*,*,#2024,.F.);
#2024 = EDGE_CURVE('',#2025,#2017,#2027,.T.);
#2025 = VERTEX_POINT('',#2026);
#2026 = CARTESIAN_POINT('',(8.4,0.,9.562832774127));
#2027 = LINE('',#2028,#2029);
#2028 = CARTESIAN_POINT('',(7.,0.,9.562832774127));
#2029 = VECTOR('',#2030,1.);
#2030 = DIRECTION('',(-1.,-0.,-0.));
#2031 = ORIENTED_EDGE('',*,*,#2032,.F.);
#2032 = EDGE_CURVE('',#2033,#2025,#2035,.T.);
#2033 = VERTEX_POINT('',#2034);
#2034 = CARTESIAN_POINT('',(8.4,0.,11.462832774127));
#2035 = LINE('',#2036,#2037);
#2036 = CARTESIAN_POINT('',(8.4,0.,9.562832774127));
#2037 = VECTOR('',#2038,1.);
#2038 = DIRECTION('',(-0.,-0.,-1.));
#2039 = ORIENTED_EDGE('',*,*,#2040,.T.);
#2040 = EDGE_CURVE('',#2033,#2041,#2043,.T.);
#2041 = VERTEX_POINT('',#2042);
#2042 = CARTESIAN_POINT('',(9.6,0.,11.462832774127));
#2043 = LINE('',#2044,#2045);
#2044 = CARTESIAN_POINT('',(9.6,0.,11.462832774127));
#2045 = VECTOR('',#2046,1.);
#2046 = DIRECTION('',(1.,0.,0.));
#2047 = ORIENTED_EDGE('',*,*,#2048,.F.);
#2048 = EDGE_CURVE('',#1961,#2041,#2049,.T.);
#2049 = LINE('',#2050,#2051);
#2050 = CARTESIAN_POINT('',(9.6,0.,9.562832774127));
#2051 = VECTOR('',#2052,1.);
#2052 = DIRECTION('',(0.,0.,1.));
#2053 = FACE_BOUND('',#2054,.T.);
#2054 = EDGE_LOOP('',(#2055,#2056));
#2055 = ORIENTED_EDGE('',*,*,#1941,.T.);
#2056 = ORIENTED_EDGE('',*,*,#1932,.T.);
#2057 = PLANE('',#2058);
#2058 = AXIS2_PLACEMENT_3D('',#2059,#2060,#2061);
#2059 = CARTESIAN_POINT('',(9.,0.,8.962832774127));
#2060 = DIRECTION('',(0.,-1.,0.));
#2061 = DIRECTION('',(0.,0.,-1.));
#2062 = ADVANCED_FACE('',(#2063),#2097,.F.);
#2063 = FACE_BOUND('',#2064,.T.);
#2064 = EDGE_LOOP('',(#2065,#2073,#2082,#2090,#2096));
#2065 = ORIENTED_EDGE('',*,*,#2066,.F.);
#2066 = EDGE_CURVE('',#2067,#1961,#2069,.T.);
#2067 = VERTEX_POINT('',#2068);
#2068 = CARTESIAN_POINT('',(9.6,6.59411588823,9.562832774127));
#2069 = LINE('',#2070,#2071);
#2070 = CARTESIAN_POINT('',(9.6,9.748860742939,9.562832774127));
#2071 = VECTOR('',#2072,1.);
#2072 = DIRECTION('',(0.,-1.,0.));
#2073 = ORIENTED_EDGE('',*,*,#2074,.T.);
#2074 = EDGE_CURVE('',#2067,#2075,#2077,.T.);
#2075 = VERTEX_POINT('',#2076);
#2076 = CARTESIAN_POINT('',(11.,6.655215433949,9.562832774127));
#2077 = B_SPLINE_CURVE_WITH_KNOTS('',3,(#2078,#2079,#2080,#2081),
  .UNSPECIFIED.,.F.,.F.,(4,4),(0.,1.401332635204E-03),
  .PIECEWISE_BEZIER_KNOTS.);
#2078 = CARTESIAN_POINT('',(9.6,6.59411588823,9.562832774127));
#2079 = CARTESIAN_POINT('',(10.067143926749,6.603546739251,
    9.562832774127));
#2080 = CARTESIAN_POINT('',(10.533809174986,6.623945755589,
    9.562832774127));
#2081 = CARTESIAN_POINT('',(11.,6.655215433949,9.562832774127));
#2082 = ORIENTED_EDGE('',*,*,#2083,.T.);
#2083 = EDGE_CURVE('',#2075,#2084,#2086,.T.);
#2084 = VERTEX_POINT('',#2085);
#2085 = CARTESIAN_POINT('',(11.,0.5,9.562832774127));
#2086 = LINE('',#2087,#2088);
#2087 = CARTESIAN_POINT('',(11.,9.748860742939,9.562832774127));
#2088 = VECTOR('',#2089,1.);
#2089 = DIRECTION('',(0.,-1.,0.));
#2090 = ORIENTED_EDGE('',*,*,#2091,.T.);
#2091 = EDGE_CURVE('',#2084,#1959,#2092,.T.);
#2092 = LINE('',#2093,#2094);
#2093 = CARTESIAN_POINT('',(5.67556962853,5.82443037147,9.562832774127)
  );
#2094 = VECTOR('',#2095,1.);
#2095 = DIRECTION('',(0.707106781187,-0.707106781187,0.));
#2096 = ORIENTED_EDGE('',*,*,#1958,.T.);
#2097 = PLANE('',#2098);
#2098 = AXIS2_PLACEMENT_3D('',#2099,#2100,#2101);
#2099 = CARTESIAN_POINT('',(9.6,9.748860742939,9.562832774127));
#2100 = DIRECTION('',(0.,0.,1.));
#2101 = DIRECTION('',(1.,0.,0.));
#2102 = ADVANCED_FACE('',(#2103),#2121,.T.);
#2103 = FACE_BOUND('',#2104,.T.);
#2104 = EDGE_LOOP('',(#2105,#2113,#2114,#2115));
#2105 = ORIENTED_EDGE('',*,*,#2106,.F.);
#2106 = EDGE_CURVE('',#1969,#2107,#2109,.T.);
#2107 = VERTEX_POINT('',#2108);
#2108 = CARTESIAN_POINT('',(11.,0.5,8.362832774127));
#2109 = LINE('',#2110,#2111);
#2110 = CARTESIAN_POINT('',(5.67556962853,5.82443037147,8.362832774127)
  );
#2111 = VECTOR('',#2112,1.);
#2112 = DIRECTION('',(-0.707106781187,0.707106781187,0.));
#2113 = ORIENTED_EDGE('',*,*,#1968,.F.);
#2114 = ORIENTED_EDGE('',*,*,#2091,.F.);
#2115 = ORIENTED_EDGE('',*,*,#2116,.F.);
#2116 = EDGE_CURVE('',#2107,#2084,#2117,.T.);
#2117 = LINE('',#2118,#2119);
#2118 = CARTESIAN_POINT('',(11.,0.5,9.562832774127));
#2119 = VECTOR('',#2120,1.);
#2120 = DIRECTION('',(0.,0.,1.));
#2121 = PLANE('',#2122);
#2122 = AXIS2_PLACEMENT_3D('',#2123,#2124,#2125);
#2123 = CARTESIAN_POINT('',(11.,0.5,8.362832774127));
#2124 = DIRECTION('',(-0.707106781187,-0.707106781187,-0.));
#2125 = DIRECTION('',(0.,0.,-1.));
#2126 = ADVANCED_FACE('',(#2127),#2154,.F.);
#2127 = FACE_BOUND('',#2128,.T.);
#2128 = EDGE_LOOP('',(#2129,#2137,#2146,#2152,#2153));
#2129 = ORIENTED_EDGE('',*,*,#2130,.F.);
#2130 = EDGE_CURVE('',#2131,#2107,#2133,.T.);
#2131 = VERTEX_POINT('',#2132);
#2132 = CARTESIAN_POINT('',(11.,6.41042069933,8.362832774127));
#2133 = LINE('',#2134,#2135);
#2134 = CARTESIAN_POINT('',(11.,9.748860742939,8.362832774127));
#2135 = VECTOR('',#2136,1.);
#2136 = DIRECTION('',(0.,-1.,0.));
#2137 = ORIENTED_EDGE('',*,*,#2138,.T.);
#2138 = EDGE_CURVE('',#2131,#2139,#2141,.T.);
#2139 = VERTEX_POINT('',#2140);
#2140 = CARTESIAN_POINT('',(9.6,6.349275905446,8.362832774127));
#2141 = B_SPLINE_CURVE_WITH_KNOTS('',3,(#2142,#2143,#2144,#2145),
  .UNSPECIFIED.,.F.,.F.,(4,4),(0.,1.401334608799E-03),
  .PIECEWISE_BEZIER_KNOTS.);
#2142 = CARTESIAN_POINT('',(11.,6.41042069933,8.362832774127));
#2143 = CARTESIAN_POINT('',(10.533809873434,6.379128014784,
    8.362832774127));
#2144 = CARTESIAN_POINT('',(10.067144629719,6.358713836248,
    8.362832774127));
#2145 = CARTESIAN_POINT('',(9.6,6.349275905446,8.362832774127));
#2146 = ORIENTED_EDGE('',*,*,#2147,.T.);
#2147 = EDGE_CURVE('',#2139,#1977,#2148,.T.);
#2148 = LINE('',#2149,#2150);
#2149 = CARTESIAN_POINT('',(9.6,9.748860742939,8.362832774127));
#2150 = VECTOR('',#2151,1.);
#2151 = DIRECTION('',(0.,-1.,0.));
#2152 = ORIENTED_EDGE('',*,*,#1976,.T.);
#2153 = ORIENTED_EDGE('',*,*,#2106,.T.);
#2154 = PLANE('',#2155);
#2155 = AXIS2_PLACEMENT_3D('',#2156,#2157,#2158);
#2156 = CARTESIAN_POINT('',(9.6,9.748860742939,8.362832774127));
#2157 = DIRECTION('',(0.,0.,-1.));
#2158 = DIRECTION('',(-1.,0.,0.));
#2159 = ADVANCED_FACE('',(#2160),#2187,.F.);
#2160 = FACE_BOUND('',#2161,.T.);
#2161 = EDGE_LOOP('',(#2162,#2163,#2172,#2180,#2186));
#2162 = ORIENTED_EDGE('',*,*,#2147,.F.);
#2163 = ORIENTED_EDGE('',*,*,#2164,.T.);
#2164 = EDGE_CURVE('',#2139,#2165,#2167,.T.);
#2165 = VERTEX_POINT('',#2166);
#2166 = CARTESIAN_POINT('',(9.6,6.063629257149,6.962832774127));
#2167 = B_SPLINE_CURVE_WITH_KNOTS('',3,(#2168,#2169,#2170,#2171),
  .UNSPECIFIED.,.F.,.F.,(4,4),(0.,1.42884359105E-03),
  .PIECEWISE_BEZIER_KNOTS.);
#2168 = CARTESIAN_POINT('',(9.6,6.349275905446,8.362832774127));
#2169 = CARTESIAN_POINT('',(9.6,6.254060356309,7.8961661074));
#2170 = CARTESIAN_POINT('',(9.6,6.158844806876,7.429499440733));
#2171 = CARTESIAN_POINT('',(9.6,6.063629257149,6.962832774127));
#2172 = ORIENTED_EDGE('',*,*,#2173,.T.);
#2173 = EDGE_CURVE('',#2165,#2174,#2176,.T.);
#2174 = VERTEX_POINT('',#2175);
#2175 = CARTESIAN_POINT('',(9.6,0.5,6.962832774127));
#2176 = LINE('',#2177,#2178);
#2177 = CARTESIAN_POINT('',(9.6,9.748860742939,6.962832774127));
#2178 = VECTOR('',#2179,1.);
#2179 = DIRECTION('',(0.,-1.,0.));
#2180 = ORIENTED_EDGE('',*,*,#2181,.T.);
#2181 = EDGE_CURVE('',#2174,#1985,#2182,.T.);
#2182 = LINE('',#2183,#2184);
#2183 = CARTESIAN_POINT('',(9.6,5.12443037147,11.587263145596));
#2184 = VECTOR('',#2185,1.);
#2185 = DIRECTION('',(0.,-0.707106781187,-0.707106781187));
#2186 = ORIENTED_EDGE('',*,*,#1984,.T.);
#2187 = PLANE('',#2188);
#2188 = AXIS2_PLACEMENT_3D('',#2189,#2190,#2191);
#2189 = CARTESIAN_POINT('',(9.6,9.748860742939,6.962832774127));
#2190 = DIRECTION('',(1.,0.,0.));
#2191 = DIRECTION('',(0.,0.,-1.));
#2192 = ADVANCED_FACE('',(#2193),#2211,.T.);
#2193 = FACE_BOUND('',#2194,.T.);
#2194 = EDGE_LOOP('',(#2195,#2203,#2204,#2205));
#2195 = ORIENTED_EDGE('',*,*,#2196,.F.);
#2196 = EDGE_CURVE('',#1993,#2197,#2199,.T.);
#2197 = VERTEX_POINT('',#2198);
#2198 = CARTESIAN_POINT('',(8.4,0.5,6.962832774127));
#2199 = LINE('',#2200,#2201);
#2200 = CARTESIAN_POINT('',(8.4,5.12443037147,11.587263145596));
#2201 = VECTOR('',#2202,1.);
#2202 = DIRECTION('',(0.,0.707106781187,0.707106781187));
#2203 = ORIENTED_EDGE('',*,*,#1992,.F.);
#2204 = ORIENTED_EDGE('',*,*,#2181,.F.);
#2205 = ORIENTED_EDGE('',*,*,#2206,.F.);
#2206 = EDGE_CURVE('',#2197,#2174,#2207,.T.);
#2207 = LINE('',#2208,#2209);
#2208 = CARTESIAN_POINT('',(9.6,0.5,6.962832774127));
#2209 = VECTOR('',#2210,1.);
#2210 = DIRECTION('',(1.,0.,0.));
#2211 = PLANE('',#2212);
#2212 = AXIS2_PLACEMENT_3D('',#2213,#2214,#2215);
#2213 = CARTESIAN_POINT('',(8.4,0.5,6.962832774127));
#2214 = DIRECTION('',(0.,-0.707106781187,0.707106781187));
#2215 = DIRECTION('',(-1.,0.,0.));
#2216 = ADVANCED_FACE('',(#2217),#2244,.F.);
#2217 = FACE_BOUND('',#2218,.T.);
#2218 = EDGE_LOOP('',(#2219,#2227,#2236,#2242,#2243));
#2219 = ORIENTED_EDGE('',*,*,#2220,.F.);
#2220 = EDGE_CURVE('',#2221,#2197,#2223,.T.);
#2221 = VERTEX_POINT('',#2222);
#2222 = CARTESIAN_POINT('',(8.4,6.063629257149,6.962832774127));
#2223 = LINE('',#2224,#2225);
#2224 = CARTESIAN_POINT('',(8.4,9.748860742939,6.962832774127));
#2225 = VECTOR('',#2226,1.);
#2226 = DIRECTION('',(0.,-1.,0.));
#2227 = ORIENTED_EDGE('',*,*,#2228,.T.);
#2228 = EDGE_CURVE('',#2221,#2229,#2231,.T.);
#2229 = VERTEX_POINT('',#2230);
#2230 = CARTESIAN_POINT('',(8.4,6.349275905446,8.362832774127));
#2231 = B_SPLINE_CURVE_WITH_KNOTS('',3,(#2232,#2233,#2234,#2235),
  .UNSPECIFIED.,.F.,.F.,(4,4),(0.,1.42884359105E-03),
  .PIECEWISE_BEZIER_KNOTS.);
#2232 = CARTESIAN_POINT('',(8.4,6.063629257149,6.962832774127));
#2233 = CARTESIAN_POINT('',(8.4,6.158844806876,7.429499440733));
#2234 = CARTESIAN_POINT('',(8.4,6.254060356309,7.8961661074));
#2235 = CARTESIAN_POINT('',(8.4,6.349275905446,8.362832774127));
#2236 = ORIENTED_EDGE('',*,*,#2237,.T.);
#2237 = EDGE_CURVE('',#2229,#2001,#2238,.T.);
#2238 = LINE('',#2239,#2240);
#2239 = CARTESIAN_POINT('',(8.4,9.748860742939,8.362832774127));
#2240 = VECTOR('',#2241,1.);
#2241 = DIRECTION('',(0.,-1.,0.));
#2242 = ORIENTED_EDGE('',*,*,#2000,.T.);
#2243 = ORIENTED_EDGE('',*,*,#2196,.T.);
#2244 = PLANE('',#2245);
#2245 = AXIS2_PLACEMENT_3D('',#2246,#2247,#2248);
#2246 = CARTESIAN_POINT('',(8.4,9.748860742939,6.962832774127));
#2247 = DIRECTION('',(-1.,0.,0.));
#2248 = DIRECTION('',(0.,0.,1.));
#2249 = ADVANCED_FACE('',(#2250),#2277,.F.);
#2250 = FACE_BOUND('',#2251,.T.);
#2251 = EDGE_LOOP('',(#2252,#2253,#2262,#2270,#2276));
#2252 = ORIENTED_EDGE('',*,*,#2237,.F.);
#2253 = ORIENTED_EDGE('',*,*,#2254,.T.);
#2254 = EDGE_CURVE('',#2229,#2255,#2257,.T.);
#2255 = VERTEX_POINT('',#2256);
#2256 = CARTESIAN_POINT('',(7.,6.41042069933,8.362832774127));
#2257 = B_SPLINE_CURVE_WITH_KNOTS('',3,(#2258,#2259,#2260,#2261),
  .UNSPECIFIED.,.F.,.F.,(4,4),(0.,1.401334608799E-03),
  .PIECEWISE_BEZIER_KNOTS.);
#2258 = CARTESIAN_POINT('',(8.4,6.349275905446,8.362832774127));
#2259 = CARTESIAN_POINT('',(7.932855370281,6.358713836248,8.362832774127
    ));
#2260 = CARTESIAN_POINT('',(7.466190126566,6.379128014784,8.362832774127
    ));
#2261 = CARTESIAN_POINT('',(7.,6.41042069933,8.362832774127));
#2262 = ORIENTED_EDGE('',*,*,#2263,.T.);
#2263 = EDGE_CURVE('',#2255,#2264,#2266,.T.);
#2264 = VERTEX_POINT('',#2265);
#2265 = CARTESIAN_POINT('',(7.,0.5,8.362832774127));
#2266 = LINE('',#2267,#2268);
#2267 = CARTESIAN_POINT('',(7.,9.748860742939,8.362832774127));
#2268 = VECTOR('',#2269,1.);
#2269 = DIRECTION('',(0.,-1.,0.));
#2270 = ORIENTED_EDGE('',*,*,#2271,.T.);
#2271 = EDGE_CURVE('',#2264,#2009,#2272,.T.);
#2272 = LINE('',#2273,#2274);
#2273 = CARTESIAN_POINT('',(11.62443037147,5.12443037147,8.362832774127)
  );
#2274 = VECTOR('',#2275,1.);
#2275 = DIRECTION('',(-0.707106781187,-0.707106781187,0.));
#2276 = ORIENTED_EDGE('',*,*,#2008,.T.);
#2277 = PLANE('',#2278);
#2278 = AXIS2_PLACEMENT_3D('',#2279,#2280,#2281);
#2279 = CARTESIAN_POINT('',(7.,9.748860742939,8.362832774127));
#2280 = DIRECTION('',(0.,0.,-1.));
#2281 = DIRECTION('',(-1.,0.,0.));
#2282 = ADVANCED_FACE('',(#2283),#2301,.T.);
#2283 = FACE_BOUND('',#2284,.T.);
#2284 = EDGE_LOOP('',(#2285,#2293,#2294,#2295));
#2285 = ORIENTED_EDGE('',*,*,#2286,.F.);
#2286 = EDGE_CURVE('',#2017,#2287,#2289,.T.);
#2287 = VERTEX_POINT('',#2288);
#2288 = CARTESIAN_POINT('',(7.,0.5,9.562832774127));
#2289 = LINE('',#2290,#2291);
#2290 = CARTESIAN_POINT('',(11.62443037147,5.12443037147,9.562832774127)
  );
#2291 = VECTOR('',#2292,1.);
#2292 = DIRECTION('',(0.707106781187,0.707106781187,0.));
#2293 = ORIENTED_EDGE('',*,*,#2016,.F.);
#2294 = ORIENTED_EDGE('',*,*,#2271,.F.);
#2295 = ORIENTED_EDGE('',*,*,#2296,.F.);
#2296 = EDGE_CURVE('',#2287,#2264,#2297,.T.);
#2297 = LINE('',#2298,#2299);
#2298 = CARTESIAN_POINT('',(7.,0.5,8.362832774127));
#2299 = VECTOR('',#2300,1.);
#2300 = DIRECTION('',(0.,0.,-1.));
#2301 = PLANE('',#2302);
#2302 = AXIS2_PLACEMENT_3D('',#2303,#2304,#2305);
#2303 = CARTESIAN_POINT('',(7.,0.5,8.362832774127));
#2304 = DIRECTION('',(0.707106781187,-0.707106781187,0.));
#2305 = DIRECTION('',(0.,0.,1.));
#2306 = ADVANCED_FACE('',(#2307),#2334,.F.);
#2307 = FACE_BOUND('',#2308,.T.);
#2308 = EDGE_LOOP('',(#2309,#2317,#2326,#2332,#2333));
#2309 = ORIENTED_EDGE('',*,*,#2310,.F.);
#2310 = EDGE_CURVE('',#2311,#2287,#2313,.T.);
#2311 = VERTEX_POINT('',#2312);
#2312 = CARTESIAN_POINT('',(7.,6.655215433949,9.562832774127));
#2313 = LINE('',#2314,#2315);
#2314 = CARTESIAN_POINT('',(7.,9.748860742939,9.562832774127));
#2315 = VECTOR('',#2316,1.);
#2316 = DIRECTION('',(0.,-1.,0.));
#2317 = ORIENTED_EDGE('',*,*,#2318,.T.);
#2318 = EDGE_CURVE('',#2311,#2319,#2321,.T.);
#2319 = VERTEX_POINT('',#2320);
#2320 = CARTESIAN_POINT('',(8.4,6.59411588823,9.562832774127));
#2321 = B_SPLINE_CURVE_WITH_KNOTS('',3,(#2322,#2323,#2324,#2325),
  .UNSPECIFIED.,.F.,.F.,(4,4),(0.,1.401332635204E-03),
  .PIECEWISE_BEZIER_KNOTS.);
#2322 = CARTESIAN_POINT('',(7.,6.655215433949,9.562832774127));
#2323 = CARTESIAN_POINT('',(7.466190825014,6.623945755589,9.562832774127
    ));
#2324 = CARTESIAN_POINT('',(7.932856073251,6.603546739251,9.562832774127
    ));
#2325 = CARTESIAN_POINT('',(8.4,6.59411588823,9.562832774127));
#2326 = ORIENTED_EDGE('',*,*,#2327,.T.);
#2327 = EDGE_CURVE('',#2319,#2025,#2328,.T.);
#2328 = LINE('',#2329,#2330);
#2329 = CARTESIAN_POINT('',(8.4,9.748860742939,9.562832774127));
#2330 = VECTOR('',#2331,1.);
#2331 = DIRECTION('',(0.,-1.,0.));
#2332 = ORIENTED_EDGE('',*,*,#2024,.T.);
#2333 = ORIENTED_EDGE('',*,*,#2286,.T.);
#2334 = PLANE('',#2335);
#2335 = AXIS2_PLACEMENT_3D('',#2336,#2337,#2338);
#2336 = CARTESIAN_POINT('',(7.,9.748860742939,9.562832774127));
#2337 = DIRECTION('',(0.,0.,1.));
#2338 = DIRECTION('',(1.,0.,0.));
#2339 = ADVANCED_FACE('',(#2340),#2367,.F.);
#2340 = FACE_BOUND('',#2341,.T.);
#2341 = EDGE_LOOP('',(#2342,#2343,#2352,#2360,#2366));
#2342 = ORIENTED_EDGE('',*,*,#2327,.F.);
#2343 = ORIENTED_EDGE('',*,*,#2344,.T.);
#2344 = EDGE_CURVE('',#2319,#2345,#2347,.T.);
#2345 = VERTEX_POINT('',#2346);
#2346 = CARTESIAN_POINT('',(8.4,6.879762533095,10.962832774127));
#2347 = B_SPLINE_CURVE_WITH_KNOTS('',3,(#2348,#2349,#2350,#2351),
  .UNSPECIFIED.,.F.,.F.,(4,4),(0.,1.428843590363E-03),
  .PIECEWISE_BEZIER_KNOTS.);
#2348 = CARTESIAN_POINT('',(8.4,6.59411588823,9.562832774127));
#2349 = CARTESIAN_POINT('',(8.4,6.689331436814,10.029499440733));
#2350 = CARTESIAN_POINT('',(8.4,6.784546985103,10.4961661074));
#2351 = CARTESIAN_POINT('',(8.4,6.879762533095,10.962832774127));
#2352 = ORIENTED_EDGE('',*,*,#2353,.T.);
#2353 = EDGE_CURVE('',#2345,#2354,#2356,.T.);
#2354 = VERTEX_POINT('',#2355);
#2355 = CARTESIAN_POINT('',(8.4,0.5,10.962832774127));
#2356 = LINE('',#2357,#2358);
#2357 = CARTESIAN_POINT('',(8.4,9.748860742939,10.962832774127));
#2358 = VECTOR('',#2359,1.);
#2359 = DIRECTION('',(0.,-1.,0.));
#2360 = ORIENTED_EDGE('',*,*,#2361,.T.);
#2361 = EDGE_CURVE('',#2354,#2033,#2362,.T.);
#2362 = LINE('',#2363,#2364);
#2363 = CARTESIAN_POINT('',(8.4,5.82443037147,5.638402402657));
#2364 = VECTOR('',#2365,1.);
#2365 = DIRECTION('',(0.,-0.707106781187,0.707106781187));
#2366 = ORIENTED_EDGE('',*,*,#2032,.T.);
#2367 = PLANE('',#2368);
#2368 = AXIS2_PLACEMENT_3D('',#2369,#2370,#2371);
#2369 = CARTESIAN_POINT('',(8.4,9.748860742939,9.562832774127));
#2370 = DIRECTION('',(-1.,0.,0.));
#2371 = DIRECTION('',(0.,0.,1.));
#2372 = ADVANCED_FACE('',(#2373),#2391,.T.);
#2373 = FACE_BOUND('',#2374,.T.);
#2374 = EDGE_LOOP('',(#2375,#2383,#2384,#2385));
#2375 = ORIENTED_EDGE('',*,*,#2376,.F.);
#2376 = EDGE_CURVE('',#2041,#2377,#2379,.T.);
#2377 = VERTEX_POINT('',#2378);
#2378 = CARTESIAN_POINT('',(9.6,0.5,10.962832774127));
#2379 = LINE('',#2380,#2381);
#2380 = CARTESIAN_POINT('',(9.6,5.82443037147,5.638402402657));
#2381 = VECTOR('',#2382,1.);
#2382 = DIRECTION('',(0.,0.707106781187,-0.707106781187));
#2383 = ORIENTED_EDGE('',*,*,#2040,.F.);
#2384 = ORIENTED_EDGE('',*,*,#2361,.F.);
#2385 = ORIENTED_EDGE('',*,*,#2386,.F.);
#2386 = EDGE_CURVE('',#2377,#2354,#2387,.T.);
#2387 = LINE('',#2388,#2389);
#2388 = CARTESIAN_POINT('',(8.4,0.5,10.962832774127));
#2389 = VECTOR('',#2390,1.);
#2390 = DIRECTION('',(-1.,0.,0.));
#2391 = PLANE('',#2392);
#2392 = AXIS2_PLACEMENT_3D('',#2393,#2394,#2395);
#2393 = CARTESIAN_POINT('',(8.4,0.5,10.962832774127));
#2394 = DIRECTION('',(0.,-0.707106781187,-0.707106781187));
#2395 = DIRECTION('',(1.,0.,0.));
#2396 = ADVANCED_FACE('',(#2397),#2417,.F.);
#2397 = FACE_BOUND('',#2398,.T.);
#2398 = EDGE_LOOP('',(#2399,#2407,#2414,#2415,#2416));
#2399 = ORIENTED_EDGE('',*,*,#2400,.F.);
#2400 = EDGE_CURVE('',#2401,#2377,#2403,.T.);
#2401 = VERTEX_POINT('',#2402);
#2402 = CARTESIAN_POINT('',(9.6,6.879762533095,10.962832774127));
#2403 = LINE('',#2404,#2405);
#2404 = CARTESIAN_POINT('',(9.6,9.748860742939,10.962832774127));
#2405 = VECTOR('',#2406,1.);
#2406 = DIRECTION('',(0.,-1.,0.));
#2407 = ORIENTED_EDGE('',*,*,#2408,.T.);
#2408 = EDGE_CURVE('',#2401,#2067,#2409,.T.);
#2409 = B_SPLINE_CURVE_WITH_KNOTS('',3,(#2410,#2411,#2412,#2413),
  .UNSPECIFIED.,.F.,.F.,(4,4),(0.,1.428843590364E-03),
  .PIECEWISE_BEZIER_KNOTS.);
#2410 = CARTESIAN_POINT('',(9.6,6.879762533095,10.962832774127));
#2411 = CARTESIAN_POINT('',(9.6,6.784546985102,10.4961661074));
#2412 = CARTESIAN_POINT('',(9.6,6.689331436814,10.029499440733));
#2413 = CARTESIAN_POINT('',(9.6,6.59411588823,9.562832774127));
#2414 = ORIENTED_EDGE('',*,*,#2066,.T.);
#2415 = ORIENTED_EDGE('',*,*,#2048,.T.);
#2416 = ORIENTED_EDGE('',*,*,#2376,.T.);
#2417 = PLANE('',#2418);
#2418 = AXIS2_PLACEMENT_3D('',#2419,#2420,#2421);
#2419 = CARTESIAN_POINT('',(9.6,9.748860742939,9.562832774127));
#2420 = DIRECTION('',(1.,0.,0.));
#2421 = DIRECTION('',(0.,0.,-1.));
#2422 = ADVANCED_FACE('',(#2423),#2461,.F.);
#2423 = FACE_BOUND('',#2424,.F.);
#2424 = EDGE_LOOP('',(#2425,#2426,#2427,#2434,#2435,#2436,#2443,#2444,
    #2445,#2452,#2453,#2454));
#2425 = ORIENTED_EDGE('',*,*,#2408,.T.);
#2426 = ORIENTED_EDGE('',*,*,#2074,.T.);
#2427 = ORIENTED_EDGE('',*,*,#2428,.T.);
#2428 = EDGE_CURVE('',#2075,#2131,#2429,.T.);
#2429 = B_SPLINE_CURVE_WITH_KNOTS('',3,(#2430,#2431,#2432,#2433),
  .UNSPECIFIED.,.F.,.F.,(4,4),(0.,1.224714032784E-03),
  .PIECEWISE_BEZIER_KNOTS.);
#2430 = CARTESIAN_POINT('',(11.,6.655215433949,9.562832774127));
#2431 = CARTESIAN_POINT('',(11.,6.573617191268,9.162832773679));
#2432 = CARTESIAN_POINT('',(11.,6.492018946394,8.76283277368));
#2433 = CARTESIAN_POINT('',(11.,6.41042069933,8.362832774127));
#2434 = ORIENTED_EDGE('',*,*,#2138,.T.);
#2435 = ORIENTED_EDGE('',*,*,#2164,.T.);
#2436 = ORIENTED_EDGE('',*,*,#2437,.T.);
#2437 = EDGE_CURVE('',#2165,#2221,#2438,.T.);
#2438 = B_SPLINE_CURVE_WITH_KNOTS('',3,(#2439,#2440,#2441,#2442),
  .UNSPECIFIED.,.F.,.F.,(4,4),(0.,1.2E-03),.PIECEWISE_BEZIER_KNOTS.);
#2439 = CARTESIAN_POINT('',(9.6,6.063629257149,6.962832774127));
#2440 = CARTESIAN_POINT('',(9.2,6.055540823064,6.962832774127));
#2441 = CARTESIAN_POINT('',(8.8,6.055540823064,6.962832774127));
#2442 = CARTESIAN_POINT('',(8.4,6.063629257149,6.962832774127));
#2443 = ORIENTED_EDGE('',*,*,#2228,.T.);
#2444 = ORIENTED_EDGE('',*,*,#2254,.T.);
#2445 = ORIENTED_EDGE('',*,*,#2446,.T.);
#2446 = EDGE_CURVE('',#2255,#2311,#2447,.T.);
#2447 = B_SPLINE_CURVE_WITH_KNOTS('',3,(#2448,#2449,#2450,#2451),
  .UNSPECIFIED.,.F.,.F.,(4,4),(0.,1.224714032784E-03),
  .PIECEWISE_BEZIER_KNOTS.);
#2448 = CARTESIAN_POINT('',(7.,6.41042069933,8.362832774127));
#2449 = CARTESIAN_POINT('',(7.,6.492018946394,8.76283277368));
#2450 = CARTESIAN_POINT('',(7.,6.573617191268,9.162832773679));
#2451 = CARTESIAN_POINT('',(7.,6.655215433949,9.562832774127));
#2452 = ORIENTED_EDGE('',*,*,#2318,.T.);
#2453 = ORIENTED_EDGE('',*,*,#2344,.T.);
#2454 = ORIENTED_EDGE('',*,*,#2455,.T.);
#2455 = EDGE_CURVE('',#2345,#2401,#2456,.T.);
#2456 = B_SPLINE_CURVE_WITH_KNOTS('',3,(#2457,#2458,#2459,#2460),
  .UNSPECIFIED.,.F.,.F.,(4,4),(0.,1.2E-03),.PIECEWISE_BEZIER_KNOTS.);
#2457 = CARTESIAN_POINT('',(8.4,6.879762533095,10.962832774127));
#2458 = CARTESIAN_POINT('',(8.8,6.871694265756,10.962832774127));
#2459 = CARTESIAN_POINT('',(9.2,6.871694265756,10.962832774127));
#2460 = CARTESIAN_POINT('',(9.6,6.879762533095,10.962832774127));
#2461 = B_SPLINE_SURFACE_WITH_KNOTS('',3,3,(
    (#2462,#2463,#2464,#2465)
    ,(#2466,#2467,#2468,#2469)
    ,(#2470,#2471,#2472,#2473)
    ,(#2474,#2475,#2476,#2477
    )),.UNSPECIFIED.,.F.,.F.,.F.,(4,4),(4,4),(0.34912093873,
    0.65087906127),(0.283355714082,0.558416142433),
  .PIECEWISE_BEZIER_KNOTS.);
#2462 = CARTESIAN_POINT('',(6.976259982345,6.944482109765,
    10.972991974707));
#2463 = CARTESIAN_POINT('',(6.976069599511,6.669577878937,9.625323314509
    ));
#2464 = CARTESIAN_POINT('',(6.975879228971,6.394673654445,8.277654653018
    ));
#2465 = CARTESIAN_POINT('',(6.975688870724,6.119769436283,6.929985990234
    ));
#2466 = CARTESIAN_POINT('',(8.322007778303,6.857340339529,10.99316153501
    ));
#2467 = CARTESIAN_POINT('',(8.321926853925,6.581771250947,9.64268292127)
  );
#2468 = CARTESIAN_POINT('',(8.321845937525,6.306202160288,8.292204307953
    ));
#2469 = CARTESIAN_POINT('',(8.321765029094,6.030633067553,6.941725695059
    ));
#2470 = CARTESIAN_POINT('',(9.677992221697,6.857340339529,10.99316153501
    ));
#2471 = CARTESIAN_POINT('',(9.678073146075,6.581771250947,9.64268292127)
  );
#2472 = CARTESIAN_POINT('',(9.678154062475,6.306202160288,8.292204307953
    ));
#2473 = CARTESIAN_POINT('',(9.678234970906,6.030633067553,6.941725695059
    ));
#2474 = CARTESIAN_POINT('',(11.023740017655,6.944482109765,
    10.972991974707));
#2475 = CARTESIAN_POINT('',(11.023930400489,6.669577878937,
    9.625323314509));
#2476 = CARTESIAN_POINT('',(11.024120771029,6.394673654445,
    8.277654653018));
#2477 = CARTESIAN_POINT('',(11.024311129276,6.119769436283,
    6.929985990234));
#2478 = ADVANCED_FACE('',(#2479),#2485,.F.);
#2479 = FACE_BOUND('',#2480,.T.);
#2480 = EDGE_LOOP('',(#2481,#2482,#2483,#2484));
#2481 = ORIENTED_EDGE('',*,*,#2130,.T.);
#2482 = ORIENTED_EDGE('',*,*,#2116,.T.);
#2483 = ORIENTED_EDGE('',*,*,#2083,.F.);
#2484 = ORIENTED_EDGE('',*,*,#2428,.T.);
#2485 = PLANE('',#2486);
#2486 = AXIS2_PLACEMENT_3D('',#2487,#2488,#2489);
#2487 = CARTESIAN_POINT('',(11.,9.748860742939,8.362832774127));
#2488 = DIRECTION('',(1.,0.,0.));
#2489 = DIRECTION('',(0.,0.,-1.));
#2490 = ADVANCED_FACE('',(#2491),#2497,.F.);
#2491 = FACE_BOUND('',#2492,.T.);
#2492 = EDGE_LOOP('',(#2493,#2494,#2495,#2496));
#2493 = ORIENTED_EDGE('',*,*,#2220,.T.);
#2494 = ORIENTED_EDGE('',*,*,#2206,.T.);
#2495 = ORIENTED_EDGE('',*,*,#2173,.F.);
#2496 = ORIENTED_EDGE('',*,*,#2437,.T.);
#2497 = PLANE('',#2498);
#2498 = AXIS2_PLACEMENT_3D('',#2499,#2500,#2501);
#2499 = CARTESIAN_POINT('',(8.4,9.748860742939,6.962832774127));
#2500 = DIRECTION('',(0.,0.,-1.));
#2501 = DIRECTION('',(-1.,0.,0.));
#2502 = ADVANCED_FACE('',(#2503),#2509,.F.);
#2503 = FACE_BOUND('',#2504,.T.);
#2504 = EDGE_LOOP('',(#2505,#2506,#2507,#2508));
#2505 = ORIENTED_EDGE('',*,*,#2310,.T.);
#2506 = ORIENTED_EDGE('',*,*,#2296,.T.);
#2507 = ORIENTED_EDGE('',*,*,#2263,.F.);
#2508 = ORIENTED_EDGE('',*,*,#2446,.T.);
#2509 = PLANE('',#2510);
#2510 = AXIS2_PLACEMENT_3D('',#2511,#2512,#2513);
#2511 = CARTESIAN_POINT('',(7.,9.748860742939,8.362832774127));
#2512 = DIRECTION('',(-1.,0.,0.));
#2513 = DIRECTION('',(0.,0.,1.));
#2514 = ADVANCED_FACE('',(#2515),#2521,.F.);
#2515 = FACE_BOUND('',#2516,.T.);
#2516 = EDGE_LOOP('',(#2517,#2518,#2519,#2520));
#2517 = ORIENTED_EDGE('',*,*,#2400,.T.);
#2518 = ORIENTED_EDGE('',*,*,#2386,.T.);
#2519 = ORIENTED_EDGE('',*,*,#2353,.F.);
#2520 = ORIENTED_EDGE('',*,*,#2455,.T.);
#2521 = PLANE('',#2522);
#2522 = AXIS2_PLACEMENT_3D('',#2523,#2524,#2525);
#2523 = CARTESIAN_POINT('',(8.4,9.748860742939,10.962832774127));
#2524 = DIRECTION('',(0.,0.,1.));
#2525 = DIRECTION('',(1.,0.,0.));
#2526 = ( GEOMETRIC_REPRESENTATION_CONTEXT(3) 
GLOBAL_UNCERTAINTY_ASSIGNED_CONTEXT((#2530)) 
GLOBAL_UNIT_ASSIGNED_CONTEXT((#2527,#2528,#2529)) REPRESENTATION_CONTEXT
('Context #1','3D Context with UNIT and UNCERTAINTY') );
#2527 = ( LENGTH_UNIT() NAMED_UNIT(*) SI_UNIT(.MILLI.,.METRE.) );
#2528 = ( NAMED_UNIT(*) PLANE_ANGLE_UNIT() SI_UNIT($,.RADIAN.) );
#2529 = ( NAMED_UNIT(*) SI_UNIT($,.STERADIAN.) SOLID_ANGLE_UNIT() );
#2530 = UNCERTAINTY_MEASURE_WITH_UNIT(LENGTH_MEASURE(2.E-04),#2527,
  'distance_accuracy_value','confusion accuracy');
#2531 = PRODUCT_RELATED_PRODUCT_CATEGORY('part',$,(#7));
#2532 = MECHANICAL_DESIGN_GEOMETRIC_PRESENTATION_REPRESENTATION('',(
    #2533),#2526);
#2533 = STYLED_ITEM('color',(#2534),#15);
#2534 = PRESENTATION_STYLE_ASSIGNMENT((#2535,#2541));
#2535 = SURFACE_STYLE_USAGE(.BOTH.,#2536);
#2536 = SURFACE_SIDE_STYLE('',(#2537));
#2537 = SURFACE_STYLE_FILL_AREA(#2538);
#2538 = FILL_AREA_STYLE('',(#2539));
#2539 = FILL_AREA_STYLE_COLOUR('',#2540);
#2540 = COLOUR_RGB('',0.800000010877,0.800000010877,0.901960800373);
#2541 = CURVE_STYLE('',#2542,POSITIVE_LENGTH_MEASURE(0.1),#2543);
#2542 = DRAUGHTING_PRE_DEFINED_CURVE_FONT('continuous');
#2543 = COLOUR_RGB('',9.803921802644E-02,9.803921802644E-02,
  9.803921802644E-02);
ENDSEC;
END-ISO-10303-21;
