ISO-10303-21;
HEADER;
FILE_DESCRIPTION(('FreeCAD Model'),'2;1');
FILE_NAME('Open CASCADE Shape Model','2025-01-18T11:22:44',(''),(''),
  'Open CASCADE STEP processor 7.7','FreeCAD','Unknown');
FILE_SCHEMA(('AUTOMOTIVE_DESIGN { 1 0 10303 214 1 1 1 1 }'));
ENDSEC;
DATA;
#1 = APPLICATION_PROTOCOL_DEFINITION('international standard',
  'automotive_design',2000,#2);
#2 = APPLICATION_CONTEXT(
  'core data for automotive mechanical design processes');
#3 = SHAPE_DEFINITION_REPRESENTATION(#4,#10);
#4 = PRODUCT_DEFINITION_SHAPE('','',#5);
#5 = PRODUCT_DEFINITION('design','',#6,#9);
#6 = PRODUCT_DEFINITION_FORMATION('','',#7);
#7 = PRODUCT('Body','Body','',(#8));
#8 = PRODUCT_CONTEXT('',#2,'mechanical');
#9 = PRODUCT_DEFINITION_CONTEXT('part definition',#2,'design');
#10 = ADVANCED_BREP_SHAPE_REPRESENTATION('',(#11,#15),#2635);
#11 = AXIS2_PLACEMENT_3D('',#12,#13,#14);
#12 = CARTESIAN_POINT('',(0.,0.,0.));
#13 = DIRECTION('',(0.,0.,1.));
#14 = DIRECTION('',(1.,0.,-0.));
#15 = MANIFOLD_SOLID_BREP('',#16);
#16 = CLOSED_SHELL('',(#17,#173,#234,#262,#312,#329,#375,#415,#463,#503,
    #551,#580,#640,#671,#723,#752,#814,#845,#897,#945,#1244,#1276,#1314,
    #1340,#1371,#1395,#1419,#1443,#1467,#1491,#1515,#1539,#1563,#1587,
    #1604,#1635,#1659,#1683,#1707,#1731,#1755,#1779,#1803,#1827,#1851,
    #1868,#1913,#1932,#1965,#1991,#2010,#2029,#2063,#2171,#2211,#2235,
    #2268,#2301,#2325,#2358,#2391,#2415,#2448,#2481,#2505,#2531,#2587,
    #2599,#2611,#2623));
#17 = ADVANCED_FACE('',(#18,#94),#144,.F.);
#18 = FACE_BOUND('',#19,.F.);
#19 = EDGE_LOOP('',(#20,#59));
#20 = ORIENTED_EDGE('',*,*,#21,.F.);
#21 = EDGE_CURVE('',#22,#24,#26,.T.);
#22 = VERTEX_POINT('',#23);
#23 = CARTESIAN_POINT('',(8.999999999979,7.018572779972,11.672832774127)
  );
#24 = VERTEX_POINT('',#25);
#25 = CARTESIAN_POINT('',(9.,5.912691588279,6.252832774127));
#26 = B_SPLINE_CURVE_WITH_KNOTS('',3,(#27,#28,#29,#30,#31,#32,#33,#34,
    #35,#36,#37,#38,#39,#40,#41,#42,#43,#44,#45,#46,#47,#48,#49,#50,#51,
    #52,#53,#54,#55,#56,#57,#58),.UNSPECIFIED.,.F.,.F.,(4,2,2,2,2,2,2,2,
    2,2,2,2,2,2,2,4),(8.56567777683E-03,9.100928105104E-03,
    9.636178433379E-03,1.017142876165E-02,1.070667908993E-02,
    1.12419294182E-02,1.177717974648E-02,1.231243007475E-02,
    1.284768040303E-02,1.33829307313E-02,1.391818105958E-02,
    1.445343138785E-02,1.498868171612E-02,1.55239320444E-02,
    1.605918237267E-02,1.712968302922E-02),.UNSPECIFIED.);
#27 = CARTESIAN_POINT('',(8.999999999979,7.018572779972,11.672832774127)
  );
#28 = CARTESIAN_POINT('',(9.178679543776,7.018572779973,11.672832774128)
  );
#29 = CARTESIAN_POINT('',(9.356403563267,7.016615941219,11.655335699857)
  );
#30 = CARTESIAN_POINT('',(9.709887968587,7.008478763073,11.584407601788)
  );
#31 = CARTESIAN_POINT('',(9.882172339785,7.002344453147,11.531419886134)
  );
#32 = CARTESIAN_POINT('',(10.210987244642,6.985805397179,11.393753933351
    ));
#33 = CARTESIAN_POINT('',(10.370082422071,6.975251464448,11.307866635974
    ));
#34 = CARTESIAN_POINT('',(10.667361853448,6.949349526735,11.106711060352
    ));
#35 = CARTESIAN_POINT('',(10.804048607659,6.934191658822,10.992902338694
    ));
#36 = CARTESIAN_POINT('',(11.054047178829,6.898666604222,10.739533087327
    ));
#37 = CARTESIAN_POINT('',(11.167967917676,6.878063598202,10.598522995692
    ));
#38 = CARTESIAN_POINT('',(11.362692530183,6.832352107237,10.301956144402
    ));
#39 = CARTESIAN_POINT('',(11.444810258014,6.807129408315,10.145454093101
    ));
#40 = CARTESIAN_POINT('',(11.578329137415,6.751173367453,9.816008747148)
  );
#41 = CARTESIAN_POINT('',(11.628666170712,6.720695124882,9.644760608713)
  );
#42 = CARTESIAN_POINT('',(11.694672150151,6.656259445208,9.299957990973)
  );
#43 = CARTESIAN_POINT('',(11.710971588661,6.621866830805,9.123999178258)
  );
#44 = CARTESIAN_POINT('',(11.708938799636,6.549581798385,8.770499354839)
  );
#45 = CARTESIAN_POINT('',(11.690813098769,6.512465782322,8.596671025925)
  );
#46 = CARTESIAN_POINT('',(11.621632422226,6.436529389349,8.25460046684)
  );
#47 = CARTESIAN_POINT('',(11.56973446989,6.397287493218,8.084644455735)
  );
#48 = CARTESIAN_POINT('',(11.435380672347,6.3200495514,7.761304185593));
#49 = CARTESIAN_POINT('',(11.353315791068,6.282017653889,7.60759266691)
  );
#50 = CARTESIAN_POINT('',(11.159307547176,6.207833527729,7.315968518212)
  );
#51 = CARTESIAN_POINT('',(11.046376931933,6.171524703428,7.177553758777)
  );
#52 = CARTESIAN_POINT('',(10.799107447542,6.104768322353,6.928602673475)
  );
#53 = CARTESIAN_POINT('',(10.66392540658,6.07391290613,6.816436345929));
#54 = CARTESIAN_POINT('',(10.369453999493,6.018326490427,6.617569222004)
  );
#55 = CARTESIAN_POINT('',(10.211444804032,5.993969644051,6.532217997186)
  );
#56 = CARTESIAN_POINT('',(9.721311917556,5.934740703074,6.326669663469)
  );
#57 = CARTESIAN_POINT('',(9.362083663935,5.912691588279,6.252832774127)
  );
#58 = CARTESIAN_POINT('',(9.,5.912691588279,6.252832774127));
#59 = ORIENTED_EDGE('',*,*,#60,.F.);
#60 = EDGE_CURVE('',#24,#22,#61,.T.);
#61 = B_SPLINE_CURVE_WITH_KNOTS('',3,(#62,#63,#64,#65,#66,#67,#68,#69,
    #70,#71,#72,#73,#74,#75,#76,#77,#78,#79,#80,#81,#82,#83,#84,#85,#86,
    #87,#88,#89,#90,#91,#92,#93),.UNSPECIFIED.,.F.,.F.,(4,2,2,2,2,2,2,2,
    2,2,2,2,2,2,2,4),(0.,5.353548610519E-04,1.070709722104E-03,
    1.606064583156E-03,2.141419444207E-03,3.212129166311E-03,
    3.747484027363E-03,4.282838888415E-03,4.818193749467E-03,
    5.353548610519E-03,5.88890347157E-03,6.424258332622E-03,
    6.959613193674E-03,7.494968054726E-03,8.030322915778E-03,
    8.56567777683E-03),.UNSPECIFIED.);
#62 = CARTESIAN_POINT('',(9.,5.912691588279,6.252832774127));
#63 = CARTESIAN_POINT('',(8.818922811108,5.912691588279,6.252832774127)
  );
#64 = CARTESIAN_POINT('',(8.641071801829,5.918018160493,6.27079817676));
#65 = CARTESIAN_POINT('',(8.291516971066,5.938636245768,6.341014412269)
  );
#66 = CARTESIAN_POINT('',(8.117936513461,5.954199797215,6.394205975976)
  );
#67 = CARTESIAN_POINT('',(7.78905617932,5.99387596676,6.5318875494));
#68 = CARTESIAN_POINT('',(7.6333597751,6.017867234532,6.615950112538));
#69 = CARTESIAN_POINT('',(7.33910494422,6.07327039963,6.814114238518));
#70 = CARTESIAN_POINT('',(7.20114182344,6.104707175322,6.928377796104));
#71 = CARTESIAN_POINT('',(6.830089538734,6.204863284597,7.301875285808)
  );
#72 = CARTESIAN_POINT('',(6.631211440237,6.281764239448,7.601029335986)
  );
#73 = CARTESIAN_POINT('',(6.430537185942,6.397132585469,8.083996720916)
  );
#74 = CARTESIAN_POINT('',(6.378586004806,6.436295089819,8.253547099641)
  );
#75 = CARTESIAN_POINT('',(6.309000831059,6.512664567778,8.597564413895)
  );
#76 = CARTESIAN_POINT('',(6.291117785834,6.549709136577,8.771148901311)
  );
#77 = CARTESIAN_POINT('',(6.28898284922,6.621358844424,9.121488267251));
#78 = CARTESIAN_POINT('',(6.305283044586,6.656229447675,9.299791514486)
  );
#79 = CARTESIAN_POINT('',(6.371452298733,6.720797018795,9.645311817513)
  );
#80 = CARTESIAN_POINT('',(6.421024097153,6.750813502327,9.813966916266)
  );
#81 = CARTESIAN_POINT('',(6.553929224686,6.806688691865,10.142783534767)
  );
#82 = CARTESIAN_POINT('',(6.637481156179,6.832390137671,10.302206153748)
  );
#83 = CARTESIAN_POINT('',(6.831724514465,6.877994137274,10.598069073955)
  );
#84 = CARTESIAN_POINT('',(6.943082778336,6.898221977137,10.736411138978)
  );
#85 = CARTESIAN_POINT('',(7.195674803215,6.934188691003,10.992832591194)
  );
#86 = CARTESIAN_POINT('',(7.333028398892,6.949370728913,11.106891189055)
  );
#87 = CARTESIAN_POINT('',(7.627779501327,6.975077898787,11.30650333727)
  );
#88 = CARTESIAN_POINT('',(7.787259023652,6.985710385156,11.39296849354)
  );
#89 = CARTESIAN_POINT('',(8.11826826406,7.002373389247,11.531655351947)
  );
#90 = CARTESIAN_POINT('',(8.288784202675,7.008426996091,11.583962067845)
  );
#91 = CARTESIAN_POINT('',(8.6397502455,7.01654829254,11.654740424685));
#92 = CARTESIAN_POINT('',(8.821285560606,7.018572779972,11.672832774125)
  );
#93 = CARTESIAN_POINT('',(8.999999999979,7.018572779972,11.672832774127)
  );
#94 = FACE_BOUND('',#95,.F.);
#95 = EDGE_LOOP('',(#96,#107,#122,#131));
#96 = ORIENTED_EDGE('',*,*,#97,.T.);
#97 = EDGE_CURVE('',#98,#100,#102,.T.);
#98 = VERTEX_POINT('',#99);
#99 = CARTESIAN_POINT('',(14.411411078204,7.960907456884,13.883932850209
    ));
#100 = VERTEX_POINT('',#101);
#101 = CARTESIAN_POINT('',(14.534585742384,5.453266679819,1.462421610458
    ));
#102 = B_SPLINE_CURVE_WITH_KNOTS('',3,(#103,#104,#105,#106),
  .UNSPECIFIED.,.F.,.F.,(4,4),(0.,1.267272035858E-02),
  .PIECEWISE_BEZIER_KNOTS.);
#103 = CARTESIAN_POINT('',(14.411411078204,7.960907456884,
    13.883932850209));
#104 = CARTESIAN_POINT('',(14.44247673425,7.123111394975,9.743721421984)
  );
#105 = CARTESIAN_POINT('',(14.480536287879,6.286622170157,5.603295653733
    ));
#106 = CARTESIAN_POINT('',(14.534585742384,5.453266679819,1.462421610458
    ));
#107 = ORIENTED_EDGE('',*,*,#108,.T.);
#108 = EDGE_CURVE('',#100,#109,#111,.T.);
#109 = VERTEX_POINT('',#110);
#110 = CARTESIAN_POINT('',(3.465414257616,5.453266679819,1.462421610458)
  );
#111 = B_SPLINE_CURVE_WITH_KNOTS('',3,(#112,#113,#114,#115,#116,#117,
    #118,#119,#120,#121),.UNSPECIFIED.,.F.,.F.,(4,2,2,2,4),(0.,
    2.782880849927E-03,5.565761699855E-03,8.348642549782E-03,
    1.113152339971E-02),.UNSPECIFIED.);
#112 = CARTESIAN_POINT('',(14.534585742384,5.453266679819,1.462421610458
    ));
#113 = CARTESIAN_POINT('',(13.621740233032,5.280124607274,1.457282873709
    ));
#114 = CARTESIAN_POINT('',(12.70321470824,5.150225153012,1.45342754791)
  );
#115 = CARTESIAN_POINT('',(10.854916020941,4.976055818816,1.448258322747
    ));
#116 = CARTESIAN_POINT('',(9.926456712327,4.932073715342,1.44695296439)
  );
#117 = CARTESIAN_POINT('',(8.070998712822,4.932154250618,1.446955354621)
  );
#118 = CARTESIAN_POINT('',(7.141586058868,4.976319888116,1.448266160141)
  );
#119 = CARTESIAN_POINT('',(5.296097532299,5.150355658535,1.453431421223)
  );
#120 = CARTESIAN_POINT('',(4.378264430497,5.280123722729,1.457282847457)
  );
#121 = CARTESIAN_POINT('',(3.465414257616,5.453266679819,1.462421610458)
  );
#122 = ORIENTED_EDGE('',*,*,#123,.T.);
#123 = EDGE_CURVE('',#109,#124,#126,.T.);
#124 = VERTEX_POINT('',#125);
#125 = CARTESIAN_POINT('',(3.588588921796,7.960907456884,13.883932850209
    ));
#126 = B_SPLINE_CURVE_WITH_KNOTS('',3,(#127,#128,#129,#130),
  .UNSPECIFIED.,.F.,.F.,(4,4),(0.,1.26727146114E-02),
  .PIECEWISE_BEZIER_KNOTS.);
#127 = CARTESIAN_POINT('',(3.465414257616,5.453266679819,1.462421610458)
  );
#128 = CARTESIAN_POINT('',(3.519463696404,6.286621927823,5.603294449593)
  );
#129 = CARTESIAN_POINT('',(3.557523270693,7.123111528271,9.743722080704)
  );
#130 = CARTESIAN_POINT('',(3.588588921796,7.960907456884,13.883932850209
    ));
#131 = ORIENTED_EDGE('',*,*,#132,.T.);
#132 = EDGE_CURVE('',#124,#98,#133,.T.);
#133 = B_SPLINE_CURVE_WITH_KNOTS('',3,(#134,#135,#136,#137,#138,#139,
    #140,#141,#142,#143),.UNSPECIFIED.,.F.,.F.,(4,2,2,2,4),(0.,
    2.719216559863E-03,5.438433119727E-03,8.15764967959E-03,
    1.087686623945E-02),.UNSPECIFIED.);
#134 = CARTESIAN_POINT('',(3.588588921796,7.960907456884,13.883932850209
    ));
#135 = CARTESIAN_POINT('',(4.481952057109,7.808414172519,13.936440498857
    ));
#136 = CARTESIAN_POINT('',(5.380297866108,7.694003690166,13.975835187181
    ));
#137 = CARTESIAN_POINT('',(7.186864662747,7.540659165768,14.028635941278
    ));
#138 = CARTESIAN_POINT('',(8.094181016469,7.501954292748,14.041963097827
    ));
#139 = CARTESIAN_POINT('',(9.906410646607,7.501971143702,14.041957295578
    ));
#140 = CARTESIAN_POINT('',(10.814395737378,7.540744872822,
    14.028606429972));
#141 = CARTESIAN_POINT('',(12.619948393518,7.694045888768,
    13.975820657037));
#142 = CARTESIAN_POINT('',(13.518044969486,7.808413664972,
    13.936440673619));
#143 = CARTESIAN_POINT('',(14.411411078204,7.960907456884,
    13.883932850209));
#144 = B_SPLINE_SURFACE_WITH_KNOTS('',3,3,(
    (#145,#146,#147,#148)
    ,(#149,#150,#151,#152)
    ,(#153,#154,#155,#156)
    ,(#157,#158,#159,#160)
    ,(#161,#162,#163,#164)
    ,(#165,#166,#167,#168)
    ,(#169,#170,#171,#172
    )),.UNSPECIFIED.,.F.,.F.,.F.,(4,3,4),(4,4),(7.944069753893E-02,0.5,
    0.920559302461),(7.074088250734E-02,0.93664467264),
  .PIECEWISE_BEZIER_KNOTS.);
#145 = CARTESIAN_POINT('',(3.403128440471,8.01172633712,13.964143831038)
  );
#146 = CARTESIAN_POINT('',(3.402132954052,7.156743350768,9.766027297806)
  );
#147 = CARTESIAN_POINT('',(3.401137310524,6.30176095103,5.567910645099)
  );
#148 = CARTESIAN_POINT('',(3.400141512486,5.446779138697,1.369793872755)
  );
#149 = CARTESIAN_POINT('',(5.23729973079,7.685507942619,14.065856146218)
  );
#150 = CARTESIAN_POINT('',(5.236147848388,6.822651977072,9.834038673243)
  );
#151 = CARTESIAN_POINT('',(5.234996240815,5.95979609665,5.602221182795)
  );
#152 = CARTESIAN_POINT('',(5.233844908253,5.096940299616,1.370403675228)
  );
#153 = CARTESIAN_POINT('',(7.117237826207,7.517523135518,14.118222882368
    ));
#154 = CARTESIAN_POINT('',(7.116631892771,6.650531547117,9.869037305806)
  );
#155 = CARTESIAN_POINT('',(7.11602610635,5.783539958716,5.619851729243)
  );
#156 = CARTESIAN_POINT('',(7.11542046668,4.916548370315,1.37066615268));
#157 = CARTESIAN_POINT('',(9.,7.517523135518,14.118222882368));
#158 = CARTESIAN_POINT('',(9.,6.650531547117,9.869037305806));
#159 = CARTESIAN_POINT('',(9.,5.783539958716,5.619851729243));
#160 = CARTESIAN_POINT('',(9.,4.916548370315,1.37066615268));
#161 = CARTESIAN_POINT('',(10.882762173793,7.517523135518,
    14.118222882368));
#162 = CARTESIAN_POINT('',(10.883368107229,6.650531547117,9.869037305806
    ));
#163 = CARTESIAN_POINT('',(10.88397389365,5.783539958716,5.619851729243)
  );
#164 = CARTESIAN_POINT('',(10.88457953332,4.916548370315,1.37066615268)
  );
#165 = CARTESIAN_POINT('',(12.76270026921,7.685507942619,14.065856146218
    ));
#166 = CARTESIAN_POINT('',(12.763852151612,6.822651977072,9.834038673243
    ));
#167 = CARTESIAN_POINT('',(12.765003759185,5.95979609665,5.602221182795)
  );
#168 = CARTESIAN_POINT('',(12.766155091747,5.096940299616,1.370403675228
    ));
#169 = CARTESIAN_POINT('',(14.596871559529,8.01172633712,13.964143831038
    ));
#170 = CARTESIAN_POINT('',(14.597867045948,7.156743350768,9.766027297806
    ));
#171 = CARTESIAN_POINT('',(14.598862689476,6.30176095103,5.567910645099)
  );
#172 = CARTESIAN_POINT('',(14.599858487514,5.446779138697,1.369793872755
    ));
#173 = ADVANCED_FACE('',(#174),#217,.F.);
#174 = FACE_BOUND('',#175,.F.);
#175 = EDGE_LOOP('',(#176,#188,#189,#204));
#176 = ORIENTED_EDGE('',*,*,#177,.T.);
#177 = EDGE_CURVE('',#178,#100,#180,.T.);
#178 = VERTEX_POINT('',#179);
#179 = CARTESIAN_POINT('',(16.608264436775,0.,1.300572433796));
#180 = B_SPLINE_CURVE_WITH_KNOTS('',3,(#181,#182,#183,#184,#185,#186,
    #187),.UNSPECIFIED.,.F.,.F.,(4,3,4),(0.,2.918235205631E-03,
    5.836478767755E-03),.UNSPECIFIED.);
#181 = CARTESIAN_POINT('',(16.608264436775,-4.3E-16,1.300572433796));
#182 = CARTESIAN_POINT('',(16.261187696872,0.908319302738,1.327530721355
    ));
#183 = CARTESIAN_POINT('',(15.914748475743,1.81688236647,1.354496243573)
  );
#184 = CARTESIAN_POINT('',(15.569084072418,2.72573960406,1.381470496666)
  );
#185 = CARTESIAN_POINT('',(15.223418712981,3.634599355558,1.40844482437)
  );
#186 = CARTESIAN_POINT('',(14.878527161311,4.543753709778,1.43542789568)
  );
#187 = CARTESIAN_POINT('',(14.534585742384,5.453266679819,1.462421610458
    ));
#188 = ORIENTED_EDGE('',*,*,#97,.F.);
#189 = ORIENTED_EDGE('',*,*,#190,.F.);
#190 = EDGE_CURVE('',#191,#98,#193,.T.);
#191 = VERTEX_POINT('',#192);
#192 = CARTESIAN_POINT('',(16.649947780587,-9.E-15,16.625093114457));
#193 = B_SPLINE_CURVE_WITH_KNOTS('',3,(#194,#195,#196,#197,#198,#199,
    #200,#201,#202,#203),.UNSPECIFIED.,.F.,.F.,(4,3,3,4),(0.,
    2.678437876009E-03,5.356875794639E-03,8.712122415678E-03),
  .UNSPECIFIED.);
#194 = CARTESIAN_POINT('',(16.649947780587,-9.38E-15,16.625093114457));
#195 = CARTESIAN_POINT('',(16.421306558618,0.816020096205,
    16.344114862335));
#196 = CARTESIAN_POINT('',(16.192464829083,1.631989997585,
    16.063153893676));
#197 = CARTESIAN_POINT('',(15.963393648721,2.447902284277,
    15.782212763346));
#198 = CARTESIAN_POINT('',(15.734322466217,3.263814578599,
    15.501271630388));
#199 = CARTESIAN_POINT('',(15.505021909367,4.07966934156,15.220350307067
    ));
#200 = CARTESIAN_POINT('',(15.275457119898,4.895457599507,
    14.939451883258));
#201 = CARTESIAN_POINT('',(14.987884110527,5.917385591556,
    14.587573856802));
#202 = CARTESIAN_POINT('',(14.699897280752,6.939209592338,
    14.235731637411));
#203 = CARTESIAN_POINT('',(14.411411078204,7.960907456884,
    13.883932850209));
#204 = ORIENTED_EDGE('',*,*,#205,.T.);
#205 = EDGE_CURVE('',#191,#178,#206,.T.);
#206 = B_SPLINE_CURVE_WITH_KNOTS('',3,(#207,#208,#209,#210,#211,#212,
    #213,#214,#215,#216),.UNSPECIFIED.,.F.,.F.,(4,3,3,4),(0.,
    5.356875782447E-03,1.034072637193E-02,1.532458137414E-02),
  .UNSPECIFIED.);
#207 = CARTESIAN_POINT('',(16.649947780587,-9.38E-15,16.625093114457));
#208 = CARTESIAN_POINT('',(16.646901679951,-8.9E-16,14.839470451817));
#209 = CARTESIAN_POINT('',(16.643445862967,3.3E-16,13.053848389326));
#210 = CARTESIAN_POINT('',(16.639385525809,3.3E-16,11.268227744921));
#211 = CARTESIAN_POINT('',(16.635607929662,3.3E-16,9.606948544707));
#212 = CARTESIAN_POINT('',(16.631309937772,2.17E-15,7.945670352676));
#213 = CARTESIAN_POINT('',(16.626234833605,2.17E-15,6.284394609576));
#214 = CARTESIAN_POINT('',(16.621159725275,2.17E-15,4.623117503637));
#215 = CARTESIAN_POINT('',(16.615315264058,-1.08E-15,2.961842329169));
#216 = CARTESIAN_POINT('',(16.608264436775,-4.3E-16,1.300572433796));
#217 = B_SPLINE_SURFACE_WITH_KNOTS('',3,3,(
    (#218,#219,#220,#221)
    ,(#222,#223,#224,#225)
    ,(#226,#227,#228,#229)
    ,(#230,#231,#232,#233
    )),.UNSPECIFIED.,.F.,.F.,.F.,(4,4),(4,4),(6.502262653888E-02,
    0.932973070678),(3.194653065274E-02,0.885686415684),
  .PIECEWISE_BEZIER_KNOTS.);
#218 = CARTESIAN_POINT('',(16.663239730725,-4.696056119848E-02,
    16.732437250983));
#219 = CARTESIAN_POINT('',(15.907730587005,2.654173333375,
    15.867052427732));
#220 = CARTESIAN_POINT('',(15.152361904649,5.356010744508,
    15.003698392681));
#221 = CARTESIAN_POINT('',(14.397423357503,8.058937661453,
    14.143307533655));
#222 = CARTESIAN_POINT('',(16.671424594073,-0.103500434635,
    11.557493053834));
#223 = CARTESIAN_POINT('',(15.916027638932,2.354243791271,
    10.983934001618));
#224 = CARTESIAN_POINT('',(15.160803031868,4.812655809205,10.41274458977
    ));
#225 = CARTESIAN_POINT('',(14.406119493226,7.272163866055,9.845119722847
    ));
#226 = CARTESIAN_POINT('',(16.682113490849,-0.166573625951,
    6.382583231291));
#227 = CARTESIAN_POINT('',(15.926899796492,2.047370982507,6.101160245489
    ));
#228 = CARTESIAN_POINT('',(15.171890169055,4.261909800069,5.82255148694)
  );
#229 = CARTESIAN_POINT('',(14.417523118557,6.47753471724,5.548309737895)
  );
#230 = CARTESIAN_POINT('',(16.701377410279,-0.24408556576,1.207749377238
    ));
#231 = CARTESIAN_POINT('',(15.947239862257,1.724511251471,1.219151594931
    ));
#232 = CARTESIAN_POINT('',(15.19355278779,3.693299669675,1.234109221497)
  );
#233 = CARTESIAN_POINT('',(14.441202664098,5.662632322794,1.255055672141
    ));
#234 = ADVANCED_FACE('',(#235),#257,.F.);
#235 = FACE_BOUND('',#236,.T.);
#236 = EDGE_LOOP('',(#237,#249,#255,#256));
#237 = ORIENTED_EDGE('',*,*,#238,.F.);
#238 = EDGE_CURVE('',#239,#109,#241,.T.);
#239 = VERTEX_POINT('',#240);
#240 = CARTESIAN_POINT('',(1.391735563225,0.,1.300572433796));
#241 = B_SPLINE_CURVE_WITH_KNOTS('',3,(#242,#243,#244,#245,#246,#247,
    #248),.UNSPECIFIED.,.F.,.F.,(4,3,4),(0.,2.918235205631E-03,
    5.836478767755E-03),.UNSPECIFIED.);
#242 = CARTESIAN_POINT('',(1.391735563225,-2.2E-16,1.300572433796));
#243 = CARTESIAN_POINT('',(1.738812303128,0.908319302738,1.327530721355)
  );
#244 = CARTESIAN_POINT('',(2.085251524257,1.81688236647,1.354496243573)
  );
#245 = CARTESIAN_POINT('',(2.430915927582,2.72573960406,1.381470496666)
  );
#246 = CARTESIAN_POINT('',(2.776581287019,3.634599355558,1.40844482437)
  );
#247 = CARTESIAN_POINT('',(3.121472838689,4.543753709778,1.43542789568)
  );
#248 = CARTESIAN_POINT('',(3.465414257616,5.453266679819,1.462421610458)
  );
#249 = ORIENTED_EDGE('',*,*,#250,.T.);
#250 = EDGE_CURVE('',#239,#178,#251,.T.);
#251 = LINE('',#252,#253);
#252 = CARTESIAN_POINT('',(9.,0.,1.300572433796));
#253 = VECTOR('',#254,1.);
#254 = DIRECTION('',(1.,0.,1.E-17));
#255 = ORIENTED_EDGE('',*,*,#177,.T.);
#256 = ORIENTED_EDGE('',*,*,#108,.T.);
#257 = PLANE('',#258);
#258 = AXIS2_PLACEMENT_3D('',#259,#260,#261);
#259 = CARTESIAN_POINT('',(9.,5.961433882689,1.477503660946));
#260 = DIRECTION('',(1.E-17,2.966624408511E-02,-0.999559860119));
#261 = DIRECTION('',(0.,0.999559860119,2.966624408511E-02));
#262 = ADVANCED_FACE('',(#263),#295,.F.);
#263 = FACE_BOUND('',#264,.F.);
#264 = EDGE_LOOP('',(#265,#280,#281,#282));
#265 = ORIENTED_EDGE('',*,*,#266,.T.);
#266 = EDGE_CURVE('',#267,#124,#269,.T.);
#267 = VERTEX_POINT('',#268);
#268 = CARTESIAN_POINT('',(1.350052219413,-9.E-15,16.625093114457));
#269 = B_SPLINE_CURVE_WITH_KNOTS('',3,(#270,#271,#272,#273,#274,#275,
    #276,#277,#278,#279),.UNSPECIFIED.,.F.,.F.,(4,3,3,4),(0.,
    2.683908998455E-03,5.367818039906E-03,8.712122413613E-03),
  .UNSPECIFIED.);
#270 = CARTESIAN_POINT('',(1.350052219413,-8.61E-15,16.625093114457));
#271 = CARTESIAN_POINT('',(1.579160476341,0.817686943103,16.343540920921
    ));
#272 = CARTESIAN_POINT('',(1.808470058982,1.635323486645,16.062006081344
    ));
#273 = CARTESIAN_POINT('',(2.038010093846,2.452902163758,15.780491166778
    ));
#274 = CARTESIAN_POINT('',(2.267550130871,3.270480848567,15.498976249561
    ));
#275 = CARTESIAN_POINT('',(2.497320542738,4.088001750937,15.217481228433
    ));
#276 = CARTESIAN_POINT('',(2.727356422429,4.905455836669,14.936009214119
    ));
#277 = CARTESIAN_POINT('',(3.013994291205,5.924050402316,14.58527897842)
  );
#278 = CARTESIAN_POINT('',(3.301043540328,6.942541588393,14.234584339162
    ));
#279 = CARTESIAN_POINT('',(3.588588921796,7.960907456884,13.883932850209
    ));
#280 = ORIENTED_EDGE('',*,*,#123,.F.);
#281 = ORIENTED_EDGE('',*,*,#238,.F.);
#282 = ORIENTED_EDGE('',*,*,#283,.F.);
#283 = EDGE_CURVE('',#267,#239,#284,.T.);
#284 = B_SPLINE_CURVE_WITH_KNOTS('',3,(#285,#286,#287,#288,#289,#290,
    #291,#292,#293,#294),.UNSPECIFIED.,.F.,.F.,(4,3,3,4),(0.,
    5.367818027601E-03,1.0346197498E-02,1.532458137049E-02),
  .UNSPECIFIED.);
#285 = CARTESIAN_POINT('',(1.350052219413,-8.61E-15,16.625093114457));
#286 = CARTESIAN_POINT('',(1.35310454218,-8.E-17,14.835823042073));
#287 = CARTESIAN_POINT('',(1.356568222558,5.E-17,13.04655357189));
#288 = CARTESIAN_POINT('',(1.360639363461,5.E-17,11.257285527573));
#289 = CARTESIAN_POINT('',(1.364415140465,5.E-17,9.597830033781));
#290 = CARTESIAN_POINT('',(1.36871062059,-1.1E-16,7.938375547724));
#291 = CARTESIAN_POINT('',(1.373781883156,-1.1E-16,6.278923507242));
#292 = CARTESIAN_POINT('',(1.378853149878,-1.1E-16,4.619470107093));
#293 = CARTESIAN_POINT('',(1.38469247613,5.E-17,2.96001863658));
#294 = CARTESIAN_POINT('',(1.391735563225,-2.2E-16,1.300572433796));
#295 = B_SPLINE_SURFACE_WITH_KNOTS('',3,3,(
    (#296,#297,#298,#299)
    ,(#300,#301,#302,#303)
    ,(#304,#305,#306,#307)
    ,(#308,#309,#310,#311
    )),.UNSPECIFIED.,.F.,.F.,.F.,(4,4),(4,4),(6.702692932246E-02,
    0.934977373461),(3.194653065274E-02,0.885686415684),
  .PIECEWISE_BEZIER_KNOTS.);
#296 = CARTESIAN_POINT('',(1.298622589721,-0.24408556576,1.207749377238)
  );
#297 = CARTESIAN_POINT('',(2.052760137743,1.724511251471,1.219151594931)
  );
#298 = CARTESIAN_POINT('',(2.80644721221,3.693299669675,1.234109221497)
  );
#299 = CARTESIAN_POINT('',(3.558797335902,5.662632322794,1.255055672141)
  );
#300 = CARTESIAN_POINT('',(1.317886509151,-0.166573625951,6.382583231291
    ));
#301 = CARTESIAN_POINT('',(2.073100203508,2.047370982507,6.101160245489)
  );
#302 = CARTESIAN_POINT('',(2.828109830945,4.261909800069,5.82255148694)
  );
#303 = CARTESIAN_POINT('',(3.582476881443,6.47753471724,5.548309737895)
  );
#304 = CARTESIAN_POINT('',(1.328575405927,-0.103500434635,
    11.557493053834));
#305 = CARTESIAN_POINT('',(2.083972361068,2.354243791271,10.983934001618
    ));
#306 = CARTESIAN_POINT('',(2.839196968132,4.812655809205,10.41274458977)
  );
#307 = CARTESIAN_POINT('',(3.593880506774,7.272163866055,9.845119722847)
  );
#308 = CARTESIAN_POINT('',(1.336760269275,-4.696056119848E-02,
    16.732437250983));
#309 = CARTESIAN_POINT('',(2.092269412995,2.654173333375,15.867052427732
    ));
#310 = CARTESIAN_POINT('',(2.847638095351,5.356010744508,15.003698392681
    ));
#311 = CARTESIAN_POINT('',(3.602576642497,8.058937661453,14.143307533655
    ));
#312 = ADVANCED_FACE('',(#313),#324,.T.);
#313 = FACE_BOUND('',#314,.T.);
#314 = EDGE_LOOP('',(#315,#316,#322,#323));
#315 = ORIENTED_EDGE('',*,*,#190,.F.);
#316 = ORIENTED_EDGE('',*,*,#317,.F.);
#317 = EDGE_CURVE('',#267,#191,#318,.T.);
#318 = LINE('',#319,#320);
#319 = CARTESIAN_POINT('',(9.,0.,16.625093114457));
#320 = VECTOR('',#321,1.);
#321 = DIRECTION('',(1.,0.,3.1E-16));
#322 = ORIENTED_EDGE('',*,*,#266,.T.);
#323 = ORIENTED_EDGE('',*,*,#132,.T.);
#324 = PLANE('',#325);
#325 = AXIS2_PLACEMENT_3D('',#326,#327,#328);
#326 = CARTESIAN_POINT('',(9.,8.580530172183,13.67057963951));
#327 = DIRECTION('',(2.9E-16,-0.325568154457,-0.945518575599));
#328 = DIRECTION('',(0.,0.945518575599,-0.325568154457));
#329 = ADVANCED_FACE('',(#330,#364),#370,.F.);
#330 = FACE_BOUND('',#331,.T.);
#331 = EDGE_LOOP('',(#332,#342,#350,#358));
#332 = ORIENTED_EDGE('',*,*,#333,.T.);
#333 = EDGE_CURVE('',#334,#336,#338,.T.);
#334 = VERTEX_POINT('',#335);
#335 = CARTESIAN_POINT('',(0.,0.,0.));
#336 = VERTEX_POINT('',#337);
#337 = CARTESIAN_POINT('',(18.,0.,0.));
#338 = LINE('',#339,#340);
#339 = CARTESIAN_POINT('',(0.,0.,0.));
#340 = VECTOR('',#341,1.);
#341 = DIRECTION('',(1.,0.,0.));
#342 = ORIENTED_EDGE('',*,*,#343,.F.);
#343 = EDGE_CURVE('',#344,#336,#346,.T.);
#344 = VERTEX_POINT('',#345);
#345 = CARTESIAN_POINT('',(18.,0.,18.));
#346 = LINE('',#347,#348);
#347 = CARTESIAN_POINT('',(18.,0.,18.));
#348 = VECTOR('',#349,1.);
#349 = DIRECTION('',(0.,0.,-1.));
#350 = ORIENTED_EDGE('',*,*,#351,.F.);
#351 = EDGE_CURVE('',#352,#344,#354,.T.);
#352 = VERTEX_POINT('',#353);
#353 = CARTESIAN_POINT('',(0.,0.,18.));
#354 = LINE('',#355,#356);
#355 = CARTESIAN_POINT('',(0.,0.,18.));
#356 = VECTOR('',#357,1.);
#357 = DIRECTION('',(1.,0.,0.));
#358 = ORIENTED_EDGE('',*,*,#359,.T.);
#359 = EDGE_CURVE('',#352,#334,#360,.T.);
#360 = LINE('',#361,#362);
#361 = CARTESIAN_POINT('',(0.,0.,18.));
#362 = VECTOR('',#363,1.);
#363 = DIRECTION('',(0.,0.,-1.));
#364 = FACE_BOUND('',#365,.T.);
#365 = EDGE_LOOP('',(#366,#367,#368,#369));
#366 = ORIENTED_EDGE('',*,*,#250,.F.);
#367 = ORIENTED_EDGE('',*,*,#283,.F.);
#368 = ORIENTED_EDGE('',*,*,#317,.T.);
#369 = ORIENTED_EDGE('',*,*,#205,.T.);
#370 = PLANE('',#371);
#371 = AXIS2_PLACEMENT_3D('',#372,#373,#374);
#372 = CARTESIAN_POINT('',(0.,0.,0.));
#373 = DIRECTION('',(0.,1.,0.));
#374 = DIRECTION('',(0.,0.,1.));
#375 = ADVANCED_FACE('',(#376),#410,.T.);
#376 = FACE_BOUND('',#377,.T.);
#377 = EDGE_LOOP('',(#378,#387,#402,#409));
#378 = ORIENTED_EDGE('',*,*,#379,.T.);
#379 = EDGE_CURVE('',#334,#380,#382,.T.);
#380 = VERTEX_POINT('',#381);
#381 = CARTESIAN_POINT('',(3.514561242989,6.454354475665,0.191560768821)
  );
#382 = B_SPLINE_CURVE_WITH_KNOTS('',3,(#383,#384,#385,#386),
  .UNSPECIFIED.,.F.,.F.,(4,4),(0.,0.987862766321),
  .PIECEWISE_BEZIER_KNOTS.);
#383 = CARTESIAN_POINT('',(0.,0.,0.));
#384 = CARTESIAN_POINT('',(1.285027911966,2.308729489573,
    6.852149160531E-02));
#385 = CARTESIAN_POINT('',(2.456548279302,4.460181006372,0.132375081952)
  );
#386 = CARTESIAN_POINT('',(3.514561242989,6.454354475665,0.191560768821)
  );
#387 = ORIENTED_EDGE('',*,*,#388,.T.);
#388 = EDGE_CURVE('',#380,#389,#391,.T.);
#389 = VERTEX_POINT('',#390);
#390 = CARTESIAN_POINT('',(14.48543875702,6.454354475665,0.191560768821)
  );
#391 = B_SPLINE_CURVE_WITH_KNOTS('',3,(#392,#393,#394,#395,#396,#397,
    #398,#399,#400,#401),.UNSPECIFIED.,.F.,.F.,(4,2,2,2,4),(0.,
    2.755448588217E-03,5.510897176434E-03,8.266345764651E-03,
    1.102179435287E-02),.UNSPECIFIED.);
#392 = CARTESIAN_POINT('',(3.514561242989,6.454354475665,0.191560768821)
  );
#393 = CARTESIAN_POINT('',(4.418712579588,6.277072004639,0.186299147914)
  );
#394 = CARTESIAN_POINT('',(5.327977851624,6.144299409664,0.182358549289)
  );
#395 = CARTESIAN_POINT('',(7.156551466843,5.966168097294,0.17707173536)
  );
#396 = CARTESIAN_POINT('',(8.077921979255,5.920886536615,0.175727810013)
  );
#397 = CARTESIAN_POINT('',(9.918108745039,5.920756691528,0.175723956301)
  );
#398 = CARTESIAN_POINT('',(10.838511205526,5.965783143477,0.177060310197
    ));
#399 = CARTESIAN_POINT('',(12.671050879658,6.144109084029,0.182352900556
    ));
#400 = CARTESIAN_POINT('',(13.581293827081,6.277073260833,0.186299185197
    ));
#401 = CARTESIAN_POINT('',(14.48543875702,6.454354475665,0.191560768821)
  );
#402 = ORIENTED_EDGE('',*,*,#403,.T.);
#403 = EDGE_CURVE('',#389,#336,#404,.T.);
#404 = B_SPLINE_CURVE_WITH_KNOTS('',3,(#405,#406,#407,#408),
  .UNSPECIFIED.,.F.,.F.,(4,4),(1.21374247227E-02,1.),
  .PIECEWISE_BEZIER_KNOTS.);
#405 = CARTESIAN_POINT('',(14.48543875702,6.454354475665,0.191560768821)
  );
#406 = CARTESIAN_POINT('',(15.543451727667,4.460180993859,0.13237508158)
  );
#407 = CARTESIAN_POINT('',(16.714972094998,2.308729477059,
    6.85214912339E-02));
#408 = CARTESIAN_POINT('',(18.,0.,0.));
#409 = ORIENTED_EDGE('',*,*,#333,.F.);
#410 = PLANE('',#411);
#411 = AXIS2_PLACEMENT_3D('',#412,#413,#414);
#412 = CARTESIAN_POINT('',(9.,6.,0.178075842791));
#413 = DIRECTION('',(1.E-17,2.966624408511E-02,-0.999559860119));
#414 = DIRECTION('',(0.,0.999559860119,2.966624408511E-02));
#415 = ADVANCED_FACE('',(#416),#450,.T.);
#416 = FACE_BOUND('',#417,.T.);
#417 = EDGE_LOOP('',(#418,#427,#442,#449));
#418 = ORIENTED_EDGE('',*,*,#419,.T.);
#419 = EDGE_CURVE('',#336,#420,#422,.T.);
#420 = VERTEX_POINT('',#421);
#421 = CARTESIAN_POINT('',(15.381211249591,6.823568218758,1.109583654018
    ));
#422 = B_SPLINE_CURVE_WITH_KNOTS('',3,(#423,#424,#425,#426),
  .UNSPECIFIED.,.F.,.F.,(4,4),(0.,0.98723161044),
  .PIECEWISE_BEZIER_KNOTS.);
#423 = CARTESIAN_POINT('',(18.,0.,0.));
#424 = CARTESIAN_POINT('',(17.059441441391,2.385002056668,0.413266646036
    ));
#425 = CARTESIAN_POINT('',(16.186512166802,4.658632889647,0.784195991036
    ));
#426 = CARTESIAN_POINT('',(15.381211249591,6.823568218758,1.109583654018
    ));
#427 = ORIENTED_EDGE('',*,*,#428,.T.);
#428 = EDGE_CURVE('',#420,#429,#431,.T.);
#429 = VERTEX_POINT('',#430);
#430 = CARTESIAN_POINT('',(15.374713926731,9.385088387274,
    13.756448376781));
#431 = B_SPLINE_CURVE_WITH_KNOTS('',3,(#432,#433,#434,#435,#436,#437,
    #438,#439,#440,#441),.UNSPECIFIED.,.F.,.F.,(4,3,3,4),(0.,
    5.280233972899E-03,7.617551316541E-03,1.29036673644E-02),
  .UNSPECIFIED.);
#432 = CARTESIAN_POINT('',(15.381211249591,6.823568218758,1.109583654018
    ));
#433 = CARTESIAN_POINT('',(15.3801695678,7.172327870567,2.83476198414));
#434 = CARTESIAN_POINT('',(15.379186996246,7.521430598993,4.559870976705
    ));
#435 = CARTESIAN_POINT('',(15.378272315359,7.870764815124,6.284933092422
    ));
#436 = CARTESIAN_POINT('',(15.377867428088,8.025399048247,7.04853896049)
  );
#437 = CARTESIAN_POINT('',(15.377475520335,8.180079334328,7.81213551061)
  );
#438 = CARTESIAN_POINT('',(15.377096237594,8.334798747733,8.575724137422
    ));
#439 = CARTESIAN_POINT('',(15.376238445397,8.68471476267,10.302668956197
    ));
#440 = CARTESIAN_POINT('',(15.37544538649,9.03482926956,12.029573594904)
  );
#441 = CARTESIAN_POINT('',(15.374713926731,9.385088387274,
    13.756448376781));
#442 = ORIENTED_EDGE('',*,*,#443,.T.);
#443 = EDGE_CURVE('',#429,#344,#444,.T.);
#444 = B_SPLINE_CURVE_WITH_KNOTS('',3,(#445,#446,#447,#448),
  .UNSPECIFIED.,.F.,.F.,(4,4),(1.022663056862E-02,1.),
  .PIECEWISE_BEZIER_KNOTS.);
#445 = CARTESIAN_POINT('',(15.374713926731,9.385088387274,
    13.756448376781));
#446 = CARTESIAN_POINT('',(16.172622870705,6.602257669887,
    15.035247800375));
#447 = CARTESIAN_POINT('',(17.047720153399,3.473353337681,
    16.450414059923));
#448 = CARTESIAN_POINT('',(18.,0.,18.));
#449 = ORIENTED_EDGE('',*,*,#343,.T.);
#450 = B_SPLINE_SURFACE_WITH_KNOTS('',3,1,(
    (#451,#452)
    ,(#453,#454)
    ,(#455,#456)
    ,(#457,#458)
    ,(#459,#460)
    ,(#461,#462
    )),.UNSPECIFIED.,.F.,.F.,.F.,(4,2,4),(2,2),(0.,0.5,1.),(0.,1.),
  .UNSPECIFIED.);
#451 = CARTESIAN_POINT('',(18.,0.,18.));
#452 = CARTESIAN_POINT('',(15.35,9.665631775897,14.671856079669));
#453 = CARTESIAN_POINT('',(18.,0.,15.));
#454 = CARTESIAN_POINT('',(15.35,9.174640329795,12.259785989479));
#455 = CARTESIAN_POINT('',(18.,0.,12.));
#456 = CARTESIAN_POINT('',(15.35,8.683648883693,9.84771589929));
#457 = CARTESIAN_POINT('',(18.,0.,6.));
#458 = CARTESIAN_POINT('',(15.35,7.701665991489,5.023575718911));
#459 = CARTESIAN_POINT('',(18.,0.,3.));
#460 = CARTESIAN_POINT('',(15.35,7.210674545388,2.611505628722));
#461 = CARTESIAN_POINT('',(18.,0.,0.));
#462 = CARTESIAN_POINT('',(15.35,6.719683099286,0.199435538532));
#463 = ADVANCED_FACE('',(#464),#498,.F.);
#464 = FACE_BOUND('',#465,.T.);
#465 = EDGE_LOOP('',(#466,#475,#490,#497));
#466 = ORIENTED_EDGE('',*,*,#467,.T.);
#467 = EDGE_CURVE('',#344,#468,#470,.T.);
#468 = VERTEX_POINT('',#469);
#469 = CARTESIAN_POINT('',(14.438111653367,9.403128244433,
    14.762243294138));
#470 = B_SPLINE_CURVE_WITH_KNOTS('',3,(#471,#472,#473,#474),
  .UNSPECIFIED.,.F.,.F.,(4,4),(0.,0.990706185784),
  .PIECEWISE_BEZIER_KNOTS.);
#471 = CARTESIAN_POINT('',(18.,0.,18.));
#472 = CARTESIAN_POINT('',(16.710712657937,3.453368819203,
    16.810909756675));
#473 = CARTESIAN_POINT('',(15.52341650719,6.587744888548,15.731657525565
    ));
#474 = CARTESIAN_POINT('',(14.438111653367,9.403128244433,
    14.762243294138));
#475 = ORIENTED_EDGE('',*,*,#476,.T.);
#476 = EDGE_CURVE('',#468,#477,#479,.T.);
#477 = VERTEX_POINT('',#478);
#478 = CARTESIAN_POINT('',(3.561888333986,9.403128211642,14.762243305428
    ));
#479 = B_SPLINE_CURVE_WITH_KNOTS('',3,(#480,#481,#482,#483,#484,#485,
    #486,#487,#488,#489),.UNSPECIFIED.,.F.,.F.,(4,2,2,2,4),(0.,
    2.734530250135E-03,5.469060500271E-03,8.203590750406E-03,
    1.093812100054E-02),.UNSPECIFIED.);
#480 = CARTESIAN_POINT('',(14.438111653367,9.403128244433,
    14.762243294138));
#481 = CARTESIAN_POINT('',(13.541074656209,9.242841411165,
    14.817434476879));
#482 = CARTESIAN_POINT('',(12.638442234169,9.122617452497,
    14.858830905627));
#483 = CARTESIAN_POINT('',(10.822106523967,8.961434641285,
    14.914330598315));
#484 = CARTESIAN_POINT('',(9.910021030225,8.920752668005,14.928338525078
    ));
#485 = CARTESIAN_POINT('',(8.086663690203,8.920851513144,14.928304489968
    ));
#486 = CARTESIAN_POINT('',(7.173657416097,8.961735805324,14.91422689922)
  );
#487 = CARTESIAN_POINT('',(5.360723996558,9.122766397716,14.858779619675
    ));
#488 = CARTESIAN_POINT('',(4.458930785139,9.242840438879,14.817434811664
    ));
#489 = CARTESIAN_POINT('',(3.561888333986,9.403128211642,14.762243305428
    ));
#490 = ORIENTED_EDGE('',*,*,#491,.T.);
#491 = EDGE_CURVE('',#477,#352,#492,.T.);
#492 = B_SPLINE_CURVE_WITH_KNOTS('',3,(#493,#494,#495,#496),
  .UNSPECIFIED.,.F.,.F.,(4,4),(9.293595966627E-03,1.),
  .PIECEWISE_BEZIER_KNOTS.);
#493 = CARTESIAN_POINT('',(3.561888333986,9.403128211642,14.762243305428
    ));
#494 = CARTESIAN_POINT('',(2.476583494106,6.587744892585,15.731657524175
    ));
#495 = CARTESIAN_POINT('',(1.289287347576,3.453368834169,16.810909751522
    ));
#496 = CARTESIAN_POINT('',(0.,0.,18.));
#497 = ORIENTED_EDGE('',*,*,#351,.T.);
#498 = PLANE('',#499);
#499 = AXIS2_PLACEMENT_3D('',#500,#501,#502);
#500 = CARTESIAN_POINT('',(9.,9.003768772977,14.899753787789));
#501 = DIRECTION('',(2.9E-16,-0.325568154457,-0.945518575599));
#502 = DIRECTION('',(0.,0.945518575599,-0.325568154457));
#503 = ADVANCED_FACE('',(#504),#538,.T.);
#504 = FACE_BOUND('',#505,.T.);
#505 = EDGE_LOOP('',(#506,#515,#530,#537));
#506 = ORIENTED_EDGE('',*,*,#507,.T.);
#507 = EDGE_CURVE('',#352,#508,#510,.T.);
#508 = VERTEX_POINT('',#509);
#509 = CARTESIAN_POINT('',(2.625285247603,9.385085507868,13.756449699976
    ));
#510 = B_SPLINE_CURVE_WITH_KNOTS('',3,(#511,#512,#513,#514),
  .UNSPECIFIED.,.F.,.F.,(4,4),(0.,0.989773028056),
  .PIECEWISE_BEZIER_KNOTS.);
#511 = CARTESIAN_POINT('',(0.,0.,18.));
#512 = CARTESIAN_POINT('',(0.95227951803,3.473352139249,16.450414594596)
  );
#513 = CARTESIAN_POINT('',(1.82737652552,6.602255511477,15.035248776312)
  );
#514 = CARTESIAN_POINT('',(2.625285247603,9.385085507868,13.756449699976
    ));
#515 = ORIENTED_EDGE('',*,*,#516,.T.);
#516 = EDGE_CURVE('',#508,#517,#519,.T.);
#517 = VERTEX_POINT('',#518);
#518 = CARTESIAN_POINT('',(2.618788612234,6.823567847291,1.109583598186)
  );
#519 = B_SPLINE_CURVE_WITH_KNOTS('',3,(#520,#521,#522,#523,#524,#525,
    #526,#527,#528,#529),.UNSPECIFIED.,.F.,.F.,(4,3,3,4),(0.,
    5.280233911907E-03,9.091950577761E-03,1.290366743312E-02),
  .UNSPECIFIED.);
#520 = CARTESIAN_POINT('',(2.625285247603,9.385085507868,13.756449699976
    ));
#521 = CARTESIAN_POINT('',(2.624555432955,9.035219018422,12.031495191286
    ));
#522 = CARTESIAN_POINT('',(2.623763320166,8.685493953644,10.306512211177
    ));
#523 = CARTESIAN_POINT('',(2.622906625714,8.335966864656,8.58148915543)
  );
#524 = CARTESIAN_POINT('',(2.622288191648,8.083648832089,7.336222515811)
  );
#525 = CARTESIAN_POINT('',(2.621636024969,7.831434268691,6.09093491983)
  );
#526 = CARTESIAN_POINT('',(2.620949171793,7.5793552325,4.845619914093));
#527 = CARTESIAN_POINT('',(2.620262318584,7.327276184338,3.600304849219)
  );
#528 = CARTESIAN_POINT('',(2.619540466198,7.075332357095,2.354962418328)
  );
#529 = CARTESIAN_POINT('',(2.618788612234,6.823567847291,1.109583598186)
  );
#530 = ORIENTED_EDGE('',*,*,#531,.T.);
#531 = EDGE_CURVE('',#517,#334,#532,.T.);
#532 = B_SPLINE_CURVE_WITH_KNOTS('',3,(#533,#534,#535,#536),
  .UNSPECIFIED.,.F.,.F.,(4,4),(1.276844602476E-02,1.),
  .PIECEWISE_BEZIER_KNOTS.);
#533 = CARTESIAN_POINT('',(2.618788612234,6.823567847291,1.109583598186)
  );
#534 = CARTESIAN_POINT('',(1.813487733356,4.65863262955,0.784195948667)
  );
#535 = CARTESIAN_POINT('',(0.940558504826,2.385001920289,0.413266622403)
  );
#536 = CARTESIAN_POINT('',(0.,0.,0.));
#537 = ORIENTED_EDGE('',*,*,#359,.F.);
#538 = B_SPLINE_SURFACE_WITH_KNOTS('',3,1,(
    (#539,#540)
    ,(#541,#542)
    ,(#543,#544)
    ,(#545,#546)
    ,(#547,#548)
    ,(#549,#550
    )),.UNSPECIFIED.,.F.,.F.,.F.,(4,2,4),(2,2),(0.,0.5,1.),(0.,1.),
  .UNSPECIFIED.);
#539 = CARTESIAN_POINT('',(0.,0.,0.));
#540 = CARTESIAN_POINT('',(2.65,6.719683099286,0.199435538532));
#541 = CARTESIAN_POINT('',(0.,0.,3.));
#542 = CARTESIAN_POINT('',(2.65,7.210674545388,2.611505628722));
#543 = CARTESIAN_POINT('',(0.,0.,6.));
#544 = CARTESIAN_POINT('',(2.65,7.701665991489,5.023575718911));
#545 = CARTESIAN_POINT('',(0.,0.,12.));
#546 = CARTESIAN_POINT('',(2.65,8.683648883693,9.84771589929));
#547 = CARTESIAN_POINT('',(0.,0.,15.));
#548 = CARTESIAN_POINT('',(2.65,9.174640329795,12.259785989479));
#549 = CARTESIAN_POINT('',(0.,0.,18.));
#550 = CARTESIAN_POINT('',(2.65,9.665631775897,14.671856079669));
#551 = ADVANCED_FACE('',(#552),#567,.T.);
#552 = FACE_BOUND('',#553,.T.);
#553 = EDGE_LOOP('',(#554,#555,#566));
#554 = ORIENTED_EDGE('',*,*,#531,.F.);
#555 = ORIENTED_EDGE('',*,*,#556,.T.);
#556 = EDGE_CURVE('',#517,#380,#557,.T.);
#557 = B_SPLINE_CURVE_WITH_KNOTS('',3,(#558,#559,#560,#561,#562,#563,
    #564,#565),.UNSPECIFIED.,.F.,.F.,(4,2,2,4),(-5.999999993E-08,
    7.403139915628E-04,1.110500987344E-03,1.480687983125E-03),
  .UNSPECIFIED.);
#558 = CARTESIAN_POINT('',(2.618788612234,6.823567847291,1.109583598186)
  );
#559 = CARTESIAN_POINT('',(2.621470876389,6.78177112512,0.866372132972)
  );
#560 = CARTESIAN_POINT('',(2.712328050561,6.718305371386,0.627810382384)
  );
#561 = CARTESIAN_POINT('',(2.957922581671,6.615246679555,0.373771749625)
  );
#562 = CARTESIAN_POINT('',(3.057008553489,6.579891951851,0.306321714584)
  );
#563 = CARTESIAN_POINT('',(3.275925585047,6.512846156912,0.215439632957)
  );
#564 = CARTESIAN_POINT('',(3.394211755075,6.481590358413,0.192369110951)
  );
#565 = CARTESIAN_POINT('',(3.514561242989,6.454354475665,0.191560768821)
  );
#566 = ORIENTED_EDGE('',*,*,#379,.F.);
#567 = ( BOUNDED_SURFACE() B_SPLINE_SURFACE(2,3,(
    (#568,#569,#570,#571)
    ,(#572,#573,#574,#575)
    ,(#576,#577,#578,#579
)),.UNSPECIFIED.,.F.,.F.,.F.) B_SPLINE_SURFACE_WITH_KNOTS((3,3),(4,4),(
    0.,1.),(0.,7.809657899165E-03),.PIECEWISE_BEZIER_KNOTS.) 
GEOMETRIC_REPRESENTATION_ITEM() RATIONAL_B_SPLINE_SURFACE((
    (1.,1.,1.,1.)
    ,(0.710944282311,0.718493622043,0.727223278395,0.737386476189)
,(1.,1.,1.,1.))) REPRESENTATION_ITEM('') SURFACE() );
#568 = CARTESIAN_POINT('',(0.,-1.E-17,1.9E-16));
#569 = CARTESIAN_POINT('',(1.276747654008,2.293852866621,
    6.807996374363E-02));
#570 = CARTESIAN_POINT('',(2.533225917336,4.595739170035,0.136398354326)
  );
#571 = CARTESIAN_POINT('',(3.75621345271,6.910808092621,0.20510799591));
#572 = CARTESIAN_POINT('',(0.,0.,9.E-17));
#573 = CARTESIAN_POINT('',(0.944627324687,2.395319346681,
    7.109141856862E-02));
#574 = CARTESIAN_POINT('',(1.895336639035,4.805042486198,0.142610331745)
  );
#575 = CARTESIAN_POINT('',(2.857092126739,7.252284361023,0.215242774958)
  );
#576 = CARTESIAN_POINT('',(0.,0.,0.));
#577 = CARTESIAN_POINT('',(0.951135282244,2.411821766502,0.417913892144)
  );
#578 = CARTESIAN_POINT('',(1.880879815278,4.829886046357,0.813861836382)
  );
#579 = CARTESIAN_POINT('',(2.778439123582,7.253731228952,1.173856109996)
  );
#580 = ADVANCED_FACE('',(#581),#615,.T.);
#581 = FACE_BOUND('',#582,.T.);
#582 = EDGE_LOOP('',(#583,#592,#607,#614));
#583 = ORIENTED_EDGE('',*,*,#584,.T.);
#584 = EDGE_CURVE('',#380,#585,#587,.T.);
#585 = VERTEX_POINT('',#586);
#586 = CARTESIAN_POINT('',(3.533319391563,6.547636443814,0.271911926297)
  );
#587 = B_SPLINE_CURVE_WITH_KNOTS('',3,(#588,#589,#590,#591),
  .UNSPECIFIED.,.F.,.F.,(4,4),(0.,1.),.PIECEWISE_BEZIER_KNOTS.);
#588 = CARTESIAN_POINT('',(3.514561242989,6.454354475665,0.191560768821)
  );
#589 = CARTESIAN_POINT('',(3.523187078705,6.498308824542,0.192865303441)
  );
#590 = CARTESIAN_POINT('',(3.531382401394,6.53906355483,0.227970588887)
  );
#591 = CARTESIAN_POINT('',(3.533319391563,6.547636443815,0.271911926297)
  );
#592 = ORIENTED_EDGE('',*,*,#593,.F.);
#593 = EDGE_CURVE('',#594,#585,#596,.T.);
#594 = VERTEX_POINT('',#595);
#595 = CARTESIAN_POINT('',(14.46668060844,6.547636443815,0.271911926297)
  );
#596 = B_SPLINE_CURVE_WITH_KNOTS('',3,(#597,#598,#599,#600,#601,#602,
    #603,#604,#605,#606),.UNSPECIFIED.,.F.,.F.,(4,2,2,2,4),(0.,
    2.748537296583E-03,5.497074593165E-03,8.245611889748E-03,
    1.099414918633E-02),.UNSPECIFIED.);
#597 = CARTESIAN_POINT('',(14.46668060844,6.547636443815,0.271911926297)
  );
#598 = CARTESIAN_POINT('',(13.566177950643,6.371039216442,0.266523571281
    ));
#599 = CARTESIAN_POINT('',(12.659603220766,6.238561955802,0.262483488334
    ));
#600 = CARTESIAN_POINT('',(10.83445158573,6.06081599938,0.257062310164)
  );
#601 = CARTESIAN_POINT('',(9.917750094051,6.015880674234,0.255691410653)
  );
#602 = CARTESIAN_POINT('',(8.084969268851,6.015791751578,0.255688697172)
  );
#603 = CARTESIAN_POINT('',(7.167186166085,6.060688550257,0.257058422958)
  );
#604 = CARTESIAN_POINT('',(5.340732674679,6.238497232043,0.262481514346)
  );
#605 = CARTESIAN_POINT('',(4.433832191146,6.37103722754,0.266523510595)
  );
#606 = CARTESIAN_POINT('',(3.533319391563,6.547636443815,0.271911926297)
  );
#607 = ORIENTED_EDGE('',*,*,#608,.F.);
#608 = EDGE_CURVE('',#389,#594,#609,.T.);
#609 = B_SPLINE_CURVE_WITH_KNOTS('',3,(#610,#611,#612,#613),
  .UNSPECIFIED.,.F.,.F.,(4,4),(0.,1.),.PIECEWISE_BEZIER_KNOTS.);
#610 = CARTESIAN_POINT('',(14.48543875702,6.454354475665,0.191560768821)
  );
#611 = CARTESIAN_POINT('',(14.476812594602,6.498308760466,0.19286530154)
  );
#612 = CARTESIAN_POINT('',(14.468617272407,6.539063490839,0.227970586958
    ));
#613 = CARTESIAN_POINT('',(14.46668060844,6.547636443815,0.271911926297)
  );
#614 = ORIENTED_EDGE('',*,*,#388,.F.);
#615 = ( BOUNDED_SURFACE() B_SPLINE_SURFACE(3,2,(
    (#616,#617,#618)
    ,(#619,#620,#621)
    ,(#622,#623,#624)
    ,(#625,#626,#627)
    ,(#628,#629,#630)
    ,(#631,#632,#633)
    ,(#634,#635,#636)
    ,(#637,#638,#639
)),.UNSPECIFIED.,.F.,.F.,.F.) B_SPLINE_SURFACE_WITH_KNOTS((4,2,2,4),(3,3
    ),(0.,5.51927301435E-03,8.278909521525E-03,1.10385460287E-02),(0.,1.
),.UNSPECIFIED.) GEOMETRIC_REPRESENTATION_ITEM() 
RATIONAL_B_SPLINE_SURFACE((
    (1.,0.782468957389,1.)
    ,(1.,0.783400601125,1.)
    ,(1.,0.78386816184,1.)
    ,(1.,0.783867644623,1.)
    ,(1.,0.783748402078,1.)
    ,(1.,0.783283892048,1.)
    ,(1.,0.782938294184,1.)
,(1.,0.782468957389,1.))) REPRESENTATION_ITEM('') SURFACE() );
#616 = CARTESIAN_POINT('',(14.485438898005,6.454354550397,0.191560771039
    ));
#617 = CARTESIAN_POINT('',(14.470120214054,6.53241198756,0.19387746169)
  );
#618 = CARTESIAN_POINT('',(14.466680934541,6.547636507767,0.271911928248
    ));
#619 = CARTESIAN_POINT('',(12.679198982966,6.100193972184,0.181049530464
    ));
#620 = CARTESIAN_POINT('',(12.671135077477,6.179423351442,0.183401003544
    ));
#621 = CARTESIAN_POINT('',(12.666656828868,6.194634455761,0.261141088897
    ));
#622 = CARTESIAN_POINT('',(10.838202127928,5.920691769081,0.175722029447
    ));
#623 = CARTESIAN_POINT('',(10.833022150236,5.99987050044,0.178071999334)
  );
#624 = CARTESIAN_POINT('',(10.831837458204,6.015706832006,0.255686105868
    ));
#625 = CARTESIAN_POINT('',(8.077921979257,5.920886536567,0.175727810011)
  );
#626 = CARTESIAN_POINT('',(8.080519750438,6.000064854628,0.178077767631)
  );
#627 = CARTESIAN_POINT('',(8.081114621775,6.015900958562,0.25569202962)
  );
#628 = CARTESIAN_POINT('',(7.156551466845,5.966168097312,0.17707173536)
  );
#629 = CARTESIAN_POINT('',(7.161435115543,6.045277394336,0.179419644483)
  );
#630 = CARTESIAN_POINT('',(7.162884919626,6.061034513446,0.257068974832)
  );
#631 = CARTESIAN_POINT('',(5.327977851622,6.144299409645,0.182358549289)
  );
#632 = CARTESIAN_POINT('',(5.337938743568,6.22303639999,0.184695408608)
  );
#633 = CARTESIAN_POINT('',(5.340534116713,6.238589513186,0.262484328743)
  );
#634 = CARTESIAN_POINT('',(4.41870641481,6.277073213588,0.186299183795)
  );
#635 = CARTESIAN_POINT('',(4.430924448862,6.355613124615,0.188630193936)
  );
#636 = CARTESIAN_POINT('',(4.434351870733,6.370935302388,0.266520400682)
  );
#637 = CARTESIAN_POINT('',(3.514561102008,6.454354550394,0.191560771039)
  );
#638 = CARTESIAN_POINT('',(3.529879785959,6.532411987558,0.19387746169)
  );
#639 = CARTESIAN_POINT('',(3.533319065472,6.547636507764,0.271911928248)
  );
#640 = ADVANCED_FACE('',(#641),#658,.T.);
#641 = FACE_BOUND('',#642,.T.);
#642 = EDGE_LOOP('',(#643,#644,#657));
#643 = ORIENTED_EDGE('',*,*,#403,.F.);
#644 = ORIENTED_EDGE('',*,*,#645,.T.);
#645 = EDGE_CURVE('',#389,#420,#646,.T.);
#646 = B_SPLINE_CURVE_WITH_KNOTS('',3,(#647,#648,#649,#650,#651,#652,
    #653,#654,#655,#656),.UNSPECIFIED.,.F.,.F.,(4,2,2,2,4),(
    -5.999999992E-08,3.71098231849E-04,7.42256463698E-04,
    1.113414695547E-03,1.484572927396E-03),.UNSPECIFIED.);
#647 = CARTESIAN_POINT('',(14.48543875702,6.454354475665,0.191560768821)
  );
#648 = CARTESIAN_POINT('',(14.606103998711,6.481661815437,0.192371231746
    ));
#649 = CARTESIAN_POINT('',(14.725371234338,6.513217817796,0.215843913755
    ));
#650 = CARTESIAN_POINT('',(14.943405051893,6.580044328546,0.306628562032
    ));
#651 = CARTESIAN_POINT('',(15.04267353424,6.615456452091,0.374160903137)
  );
#652 = CARTESIAN_POINT('',(15.206829328362,6.684422203798,0.544417917323
    ));
#653 = CARTESIAN_POINT('',(15.270706010629,6.717416660692,0.645441310598
    ));
#654 = CARTESIAN_POINT('',(15.357784233069,6.776954065826,0.868822045397
    ));
#655 = CARTESIAN_POINT('',(15.379866274939,6.802614481884,0.987658834576
    ));
#656 = CARTESIAN_POINT('',(15.381211249591,6.823568218758,1.109583654018
    ));
#657 = ORIENTED_EDGE('',*,*,#419,.F.);
#658 = ( BOUNDED_SURFACE() B_SPLINE_SURFACE(2,3,(
    (#659,#660,#661,#662)
    ,(#663,#664,#665,#666)
    ,(#667,#668,#669,#670
)),.UNSPECIFIED.,.F.,.F.,.F.) B_SPLINE_SURFACE_WITH_KNOTS((3,3),(4,4),(
    0.,1.),(-3.613046342384E-03,4.196611556781E-03),
.PIECEWISE_BEZIER_KNOTS.) GEOMETRIC_REPRESENTATION_ITEM() 
RATIONAL_B_SPLINE_SURFACE((
    (1.,1.,1.,1.)
    ,(0.710944282311,0.718493622043,0.727223278395,0.737386476189)
,(1.,1.,1.,1.))) REPRESENTATION_ITEM('') SURFACE() );
#659 = CARTESIAN_POINT('',(18.,0.,0.));
#660 = CARTESIAN_POINT('',(17.048864717756,2.411821766502,0.417913892146
    ));
#661 = CARTESIAN_POINT('',(16.119120184722,4.829886046356,0.813861836386
    ));
#662 = CARTESIAN_POINT('',(15.221560876418,7.253731228952,1.173856109996
    ));
#663 = CARTESIAN_POINT('',(18.,0.,4.E-17));
#664 = CARTESIAN_POINT('',(17.055372675309,2.395319346679,
    7.109141857006E-02));
#665 = CARTESIAN_POINT('',(16.104663360983,4.805042486205,0.142610331746
    ));
#666 = CARTESIAN_POINT('',(15.142907873261,7.252284361023,0.215242774958
    ));
#667 = CARTESIAN_POINT('',(18.,0.,8.E-17));
#668 = CARTESIAN_POINT('',(16.723252345991,2.293852866622,
    6.807996374364E-02));
#669 = CARTESIAN_POINT('',(15.466774082679,4.595739170042,0.136398354326
    ));
#670 = CARTESIAN_POINT('',(14.24378654729,6.910808092621,0.20510799591)
  );
#671 = ADVANCED_FACE('',(#672),#710,.T.);
#672 = FACE_BOUND('',#673,.T.);
#673 = EDGE_LOOP('',(#674,#685,#686,#697));
#674 = ORIENTED_EDGE('',*,*,#675,.T.);
#675 = EDGE_CURVE('',#676,#429,#678,.T.);
#676 = VERTEX_POINT('',#677);
#677 = CARTESIAN_POINT('',(15.256818490854,9.455473812624,
    13.742060347885));
#678 = B_SPLINE_CURVE_WITH_KNOTS('',3,(#679,#680,#681,#682,#683,#684),
  .UNSPECIFIED.,.F.,.F.,(4,2,4),(0.,0.5,1.),.UNSPECIFIED.);
#679 = CARTESIAN_POINT('',(15.256818490854,9.455473812624,
    13.742060347885));
#680 = CARTESIAN_POINT('',(15.281627214999,9.460776008916,
    13.740996250158));
#681 = CARTESIAN_POINT('',(15.308460882957,9.456364574509,
    13.741909490341));
#682 = CARTESIAN_POINT('',(15.351836221422,9.430467823403,
    13.747203442244));
#683 = CARTESIAN_POINT('',(15.368140918735,9.409123988844,13.75155523143
    ));
#684 = CARTESIAN_POINT('',(15.374713926731,9.385088387274,
    13.756448376781));
#685 = ORIENTED_EDGE('',*,*,#428,.F.);
#686 = ORIENTED_EDGE('',*,*,#687,.F.);
#687 = EDGE_CURVE('',#688,#420,#690,.T.);
#688 = VERTEX_POINT('',#689);
#689 = CARTESIAN_POINT('',(15.26656261665,6.883544542,1.0972679503));
#690 = B_SPLINE_CURVE_WITH_KNOTS('',3,(#691,#692,#693,#694,#695,#696),
  .UNSPECIFIED.,.F.,.F.,(4,2,4),(0.,0.5,1.),.UNSPECIFIED.);
#691 = CARTESIAN_POINT('',(15.26656261665,6.883544542,1.0972679503));
#692 = CARTESIAN_POINT('',(15.289588713034,6.888521915374,1.096280047183
    ));
#693 = CARTESIAN_POINT('',(15.314389093188,6.885181439882,1.096985306416
    ));
#694 = CARTESIAN_POINT('',(15.355989671022,6.863418974959,1.101454011289
    ));
#695 = CARTESIAN_POINT('',(15.372620322143,6.845085680235,1.105199244357
    ));
#696 = CARTESIAN_POINT('',(15.381211249591,6.823568218758,1.109583654018
    ));
#697 = ORIENTED_EDGE('',*,*,#698,.F.);
#698 = EDGE_CURVE('',#676,#688,#699,.T.);
#699 = B_SPLINE_CURVE_WITH_KNOTS('',3,(#700,#701,#702,#703,#704,#705,
    #706,#707,#708,#709),.UNSPECIFIED.,.F.,.F.,(4,3,3,4),(0.,
    6.451854083138E-03,9.094919010354E-03,1.29037084643E-02),
  .UNSPECIFIED.);
#700 = CARTESIAN_POINT('',(15.256818490854,9.455473812624,
    13.742060347885));
#701 = CARTESIAN_POINT('',(15.258015949957,9.026724285648,
    11.634613952203));
#702 = CARTESIAN_POINT('',(15.259374735638,8.598010457559,9.527160372974
    ));
#703 = CARTESIAN_POINT('',(15.260966062802,8.169348275242,7.41969647002)
  );
#704 = CARTESIAN_POINT('',(15.261617965491,7.993742632389,6.556353332386
    ));
#705 = CARTESIAN_POINT('',(15.262309340048,7.818145756335,5.693008440033
    ));
#706 = CARTESIAN_POINT('',(15.2630478247,7.642559355018,4.829661458575)
  );
#707 = CARTESIAN_POINT('',(15.264112018212,7.389530522813,3.585535052044
    ));
#708 = CARTESIAN_POINT('',(15.265273530597,7.136523325785,2.341404321874
    ));
#709 = CARTESIAN_POINT('',(15.26656261665,6.883544542,1.0972679503));
#710 = ( BOUNDED_SURFACE() B_SPLINE_SURFACE(3,2,(
    (#711,#712,#713)
    ,(#714,#715,#716)
    ,(#717,#718,#719)
    ,(#720,#721,#722
)),.UNSPECIFIED.,.F.,.F.,.F.) B_SPLINE_SURFACE_WITH_KNOTS((4,4),(3,3),(
    0.,1.290370913129E-02),(0.,1.),.PIECEWISE_BEZIER_KNOTS.) 
GEOMETRIC_REPRESENTATION_ITEM() RATIONAL_B_SPLINE_SURFACE((
    (1.,0.723513019676,1.)
    ,(1.,0.732399674992,1.)
    ,(1.,0.743449820078,1.)
,(1.,0.760044167806,1.))) REPRESENTATION_ITEM('') SURFACE() );
#711 = CARTESIAN_POINT('',(15.374708977584,9.38508390801,13.756449822766
    ));
#712 = CARTESIAN_POINT('',(15.350034493615,9.475396221408,
    13.738062119755));
#713 = CARTESIAN_POINT('',(15.256812651735,9.455472564675,
    13.742060598367));
#714 = CARTESIAN_POINT('',(15.376506589535,8.530094353462,9.541056292681
    ));
#715 = CARTESIAN_POINT('',(15.350039500155,8.627867972103,9.57440759646)
  );
#716 = CARTESIAN_POINT('',(15.259219248373,8.597975966531,9.527167108895
    ));
#717 = CARTESIAN_POINT('',(15.378664286599,7.675854217633,5.32551350489)
  );
#718 = CARTESIAN_POINT('',(15.35004599939,7.778672276998,5.402550989929)
  );
#719 = CARTESIAN_POINT('',(15.262195352431,7.740605379361,5.312248133543
    ));
#720 = CARTESIAN_POINT('',(15.381212176235,6.823568568919,1.109583617487
    ));
#721 = CARTESIAN_POINT('',(15.350063397774,6.901594291697,1.093685584884
    ));
#722 = CARTESIAN_POINT('',(15.26656261698,6.883544477185,1.097267631544)
  );
#723 = ADVANCED_FACE('',(#724),#739,.T.);
#724 = FACE_BOUND('',#725,.T.);
#725 = EDGE_LOOP('',(#726,#727,#738));
#726 = ORIENTED_EDGE('',*,*,#443,.F.);
#727 = ORIENTED_EDGE('',*,*,#728,.T.);
#728 = EDGE_CURVE('',#429,#468,#729,.T.);
#729 = B_SPLINE_CURVE_WITH_KNOTS('',3,(#730,#731,#732,#733,#734,#735,
    #736,#737),.UNSPECIFIED.,.F.,.F.,(4,2,2,4),(-5.999999992E-08,
    7.632426039213E-04,1.144893905882E-03,1.526545207842E-03),
  .UNSPECIFIED.);
#730 = CARTESIAN_POINT('',(15.374713926731,9.385088387274,
    13.756448376781));
#731 = CARTESIAN_POINT('',(15.373160481602,9.440961373623,
    14.004667350586));
#732 = CARTESIAN_POINT('',(15.274345746208,9.474146747175,
    14.256264875855));
#733 = CARTESIAN_POINT('',(15.016955282686,9.478053570825,
    14.534739043919));
#734 = CARTESIAN_POINT('',(14.913377681545,9.472020402807,14.61171050171
    ));
#735 = CARTESIAN_POINT('',(14.685763784596,9.446606865862,
    14.721400387378));
#736 = CARTESIAN_POINT('',(14.56271185295,9.427400843315,14.753885568096
    ));
#737 = CARTESIAN_POINT('',(14.438111653367,9.403128244433,
    14.762243294138));
#738 = ORIENTED_EDGE('',*,*,#467,.F.);
#739 = ( BOUNDED_SURFACE() B_SPLINE_SURFACE(2,3,(
    (#740,#741,#742,#743)
    ,(#744,#745,#746,#747)
    ,(#748,#749,#750,#751
)),.UNSPECIFIED.,.F.,.F.,.F.) B_SPLINE_SURFACE_WITH_KNOTS((3,3),(4,4),(
    0.,1.),(0.,1.121159812184E-02),.PIECEWISE_BEZIER_KNOTS.) 
GEOMETRIC_REPRESENTATION_ITEM() RATIONAL_B_SPLINE_SURFACE((
    (1.,1.,1.,1.)
    ,(0.736913633281,0.731752167521,0.725732665936,0.717812230557)
,(1.,1.,1.,1.))) REPRESENTATION_ITEM('') SURFACE() );
#740 = CARTESIAN_POINT('',(18.,-5.22E-15,18.));
#741 = CARTESIAN_POINT('',(16.751409739627,3.344361285852,
    16.848444060464));
#742 = CARTESIAN_POINT('',(15.48901375273,6.685349534064,15.698049550929
    ));
#743 = CARTESIAN_POINT('',(14.200069026518,10.01978127287,
    14.549912628628));
#744 = CARTESIAN_POINT('',(18.,-2.61E-15,18.));
#745 = CARTESIAN_POINT('',(17.055569295295,3.444724312723,16.81388629906
    ));
#746 = CARTESIAN_POINT('',(16.113232836516,6.879289984335,
    15.631270498559));
#747 = CARTESIAN_POINT('',(15.184311638825,10.267222248567,
    14.464711868036));
#748 = CARTESIAN_POINT('',(18.,0.,18.));
#749 = CARTESIAN_POINT('',(17.088941959507,3.32300058335,16.51749174869)
  );
#750 = CARTESIAN_POINT('',(16.165283826362,6.639194310914,
    15.021511778779));
#751 = CARTESIAN_POINT('',(15.214339696563,9.943354140063,13.49960695665
    ));
#752 = ADVANCED_FACE('',(#753),#789,.T.);
#753 = FACE_BOUND('',#754,.T.);
#754 = EDGE_LOOP('',(#755,#766,#767,#778));
#755 = ORIENTED_EDGE('',*,*,#756,.T.);
#756 = EDGE_CURVE('',#757,#477,#759,.T.);
#757 = VERTEX_POINT('',#758);
#758 = CARTESIAN_POINT('',(3.580304930573,9.466883158792,14.648073166389
    ));
#759 = B_SPLINE_CURVE_WITH_KNOTS('',3,(#760,#761,#762,#763,#764,#765),
  .UNSPECIFIED.,.F.,.F.,(4,2,4),(0.,0.5,1.),.UNSPECIFIED.);
#760 = CARTESIAN_POINT('',(3.580304930573,9.466883158792,14.648073166389
    ));
#761 = CARTESIAN_POINT('',(3.579733242816,9.471784949988,14.671600796152
    ));
#762 = CARTESIAN_POINT('',(3.57750197602,9.467973012716,14.696795504122)
  );
#763 = CARTESIAN_POINT('',(3.570796841177,9.44476089074,14.738362961878)
  );
#764 = CARTESIAN_POINT('',(3.566352463439,9.425462796841,14.754552891013
    ));
#765 = CARTESIAN_POINT('',(3.561888333986,9.403128211642,14.762243305428
    ));
#766 = ORIENTED_EDGE('',*,*,#476,.F.);
#767 = ORIENTED_EDGE('',*,*,#768,.F.);
#768 = EDGE_CURVE('',#769,#468,#771,.T.);
#769 = VERTEX_POINT('',#770);
#770 = CARTESIAN_POINT('',(14.419695292513,9.466883198651,
    14.648073152648));
#771 = B_SPLINE_CURVE_WITH_KNOTS('',3,(#772,#773,#774,#775,#776,#777),
  .UNSPECIFIED.,.F.,.F.,(4,2,4),(0.,0.5,1.),.UNSPECIFIED.);
#772 = CARTESIAN_POINT('',(14.419695292513,9.466883198651,
    14.648073152648));
#773 = CARTESIAN_POINT('',(14.420266980294,9.471784989855,
    14.671600782411));
#774 = CARTESIAN_POINT('',(14.422498247182,9.467973052603,
    14.696795490379));
#775 = CARTESIAN_POINT('',(14.429203382302,9.444760930677,
    14.738362948125));
#776 = CARTESIAN_POINT('',(14.433647760224,9.425462836809,
    14.754552877251));
#777 = CARTESIAN_POINT('',(14.438111653367,9.403128244433,
    14.762243294138));
#778 = ORIENTED_EDGE('',*,*,#779,.F.);
#779 = EDGE_CURVE('',#757,#769,#780,.T.);
#780 = B_SPLINE_CURVE_WITH_KNOTS('',3,(#781,#782,#783,#784,#785,#786,
    #787,#788),.UNSPECIFIED.,.F.,.F.,(4,2,2,4),(0.,2.721107796384E-03,
    5.442215592767E-03,1.088443118553E-02),.UNSPECIFIED.);
#781 = CARTESIAN_POINT('',(3.580304930573,9.466883158792,14.648073166389
    ));
#782 = CARTESIAN_POINT('',(4.474112710433,9.307186095078,14.703128207273
    ));
#783 = CARTESIAN_POINT('',(5.372653701456,9.187546023113,14.744373512783
    ));
#784 = CARTESIAN_POINT('',(7.179047634816,9.027072826815,14.799696056904
    ));
#785 = CARTESIAN_POINT('',(8.088760278571,8.986311460941,14.81374855751)
  );
#786 = CARTESIAN_POINT('',(10.813940817139,8.98605694827,14.813836301268
    ));
#787 = CARTESIAN_POINT('',(12.632098206444,9.147492358246,
    14.758182101225));
#788 = CARTESIAN_POINT('',(14.419695292513,9.466883198651,
    14.648073152648));
#789 = ( BOUNDED_SURFACE() B_SPLINE_SURFACE(3,2,(
    (#790,#791,#792)
    ,(#793,#794,#795)
    ,(#796,#797,#798)
    ,(#799,#800,#801)
    ,(#802,#803,#804)
    ,(#805,#806,#807)
    ,(#808,#809,#810)
    ,(#811,#812,#813
)),.UNSPECIFIED.,.F.,.F.,.F.) B_SPLINE_SURFACE_WITH_KNOTS((4,2,2,4),(3,3
    ),(-2.2747239E-10,5.469060386534E-03,8.203590693538E-03,
    1.093812100054E-02),(0.,1.),.UNSPECIFIED.) 
GEOMETRIC_REPRESENTATION_ITEM() RATIONAL_B_SPLINE_SURFACE((
    (1.,0.751021282125,1.)
    ,(1.,0.751440646752,1.)
    ,(1.,0.751654794159,1.)
    ,(1.,0.751654596966,1.)
    ,(1.,0.751600421827,1.)
    ,(1.,0.751389071412,1.)
    ,(1.,0.751231827948,1.)
,(1.,0.751021282125,1.))) REPRESENTATION_ITEM('') SURFACE() );
#790 = CARTESIAN_POINT('',(14.419695069414,9.46688315879,14.64807316639)
  );
#791 = CARTESIAN_POINT('',(14.421785836809,9.484809911761,
    14.734118040577));
#792 = CARTESIAN_POINT('',(14.438111547757,9.403128208036,14.76224330667
    ));
#793 = CARTESIAN_POINT('',(12.633699160773,9.147778415551,
    14.758083485775));
#794 = CARTESIAN_POINT('',(12.63611343981,9.165628800259,14.844020910887
    ));
#795 = CARTESIAN_POINT('',(12.646020978497,9.082908970877,
    14.872503632331));
#796 = CARTESIAN_POINT('',(10.815452486446,8.98612804381,14.813811790924
    ));
#797 = CARTESIAN_POINT('',(10.816170742551,9.003670246139,
    14.899787713295));
#798 = CARTESIAN_POINT('',(10.821699851763,8.920703252296,
    14.928355540271));
#799 = CARTESIAN_POINT('',(8.089795994326,8.986275780959,14.813760858262
    ));
#800 = CARTESIAN_POINT('',(8.089435647094,9.003818103614,14.899736801891
    ));
#801 = CARTESIAN_POINT('',(8.086663785075,8.920851509704,14.928304491152
    ));
#802 = CARTESIAN_POINT('',(7.179875157275,9.027017456948,14.799715145505
    ));
#803 = CARTESIAN_POINT('',(7.179032963501,9.044604172184,14.885693032237
    ));
#804 = CARTESIAN_POINT('',(7.173657491699,8.961735800297,14.914226900951
    ));
#805 = CARTESIAN_POINT('',(5.373054778955,9.187492261145,14.74439204698)
  );
#806 = CARTESIAN_POINT('',(5.371516342221,9.205207494966,14.830392873427
    ));
#807 = CARTESIAN_POINT('',(5.360724034064,9.122766392696,14.858779621404
    ));
#808 = CARTESIAN_POINT('',(4.474290434588,9.307154341015,14.703139154366
    ));
#809 = CARTESIAN_POINT('',(4.472286310179,9.324998442512,14.789145542365
    ));
#810 = CARTESIAN_POINT('',(4.45892558932,9.242841367452,14.81743449193)
  );
#811 = CARTESIAN_POINT('',(3.580304930573,9.466883158792,14.648073166389
    ));
#812 = CARTESIAN_POINT('',(3.578214163179,9.484809911763,14.734118040576
    ));
#813 = CARTESIAN_POINT('',(3.561888452231,9.403128208038,14.76224330667)
  );
#814 = ADVANCED_FACE('',(#815),#832,.T.);
#815 = FACE_BOUND('',#816,.T.);
#816 = EDGE_LOOP('',(#817,#818,#831));
#817 = ORIENTED_EDGE('',*,*,#491,.F.);
#818 = ORIENTED_EDGE('',*,*,#819,.T.);
#819 = EDGE_CURVE('',#477,#508,#820,.T.);
#820 = B_SPLINE_CURVE_WITH_KNOTS('',3,(#821,#822,#823,#824,#825,#826,
    #827,#828,#829,#830),.UNSPECIFIED.,.F.,.F.,(4,2,2,2,4),(
    -5.999999992E-08,3.823004197184E-04,7.646608394366E-04,
    1.147021259155E-03,1.529381678873E-03),.UNSPECIFIED.);
#821 = CARTESIAN_POINT('',(3.561888333986,9.403128211642,14.762243305428
    ));
#822 = CARTESIAN_POINT('',(3.437056636949,9.427445942401,14.753870039236
    ));
#823 = CARTESIAN_POINT('',(3.312799001771,9.446791970704,14.720828125746
    ));
#824 = CARTESIAN_POINT('',(3.086504238212,9.472008779695,14.611532418614
    ));
#825 = CARTESIAN_POINT('',(2.982560386022,9.478078633189,14.534364437205
    ));
#826 = CARTESIAN_POINT('',(2.810821139169,9.475406835466,14.348257692815
    ));
#827 = CARTESIAN_POINT('',(2.74263748175,9.466753144575,14.239422831386)
  );
#828 = CARTESIAN_POINT('',(2.649990716965,9.435419293046,14.004635136643
    ));
#829 = CARTESIAN_POINT('',(2.62606135691,9.413077585315,13.880788401086)
  );
#830 = CARTESIAN_POINT('',(2.625285247603,9.385085507868,13.756449699976
    ));
#831 = ORIENTED_EDGE('',*,*,#507,.F.);
#832 = ( BOUNDED_SURFACE() B_SPLINE_SURFACE(2,3,(
    (#833,#834,#835,#836)
    ,(#837,#838,#839,#840)
    ,(#841,#842,#843,#844
)),.UNSPECIFIED.,.F.,.F.,.F.) B_SPLINE_SURFACE_WITH_KNOTS((3,3),(4,4),(
    0.,1.),(0.,1.121159812184E-02),.PIECEWISE_BEZIER_KNOTS.) 
GEOMETRIC_REPRESENTATION_ITEM() RATIONAL_B_SPLINE_SURFACE((
    (1.,1.,1.,1.)
    ,(0.736913633281,0.731752167521,0.725732665936,0.717812230557)
,(1.,1.,1.,1.))) REPRESENTATION_ITEM('') SURFACE() );
#833 = CARTESIAN_POINT('',(0.,0.,18.));
#834 = CARTESIAN_POINT('',(0.911058040494,3.323000583354,16.517491748698
    ));
#835 = CARTESIAN_POINT('',(1.834716173637,6.639194310908,15.021511778768
    ));
#836 = CARTESIAN_POINT('',(2.785660303437,9.943354140063,13.49960695665)
  );
#837 = CARTESIAN_POINT('',(0.,-1.76E-15,18.));
#838 = CARTESIAN_POINT('',(0.944430704607,3.44472431276,16.81388629909)
  );
#839 = CARTESIAN_POINT('',(1.886767163497,6.879289984334,15.631270498567
    ));
#840 = CARTESIAN_POINT('',(2.815688361175,10.267222248567,
    14.464711868036));
#841 = CARTESIAN_POINT('',(0.,-3.53E-15,18.));
#842 = CARTESIAN_POINT('',(1.248590260309,3.344361285872,16.848444060457
    ));
#843 = CARTESIAN_POINT('',(2.510986247267,6.685349534066,15.698049550928
    ));
#844 = CARTESIAN_POINT('',(3.799930973482,10.01978127287,14.549912628628
    ));
#845 = ADVANCED_FACE('',(#846),#884,.T.);
#846 = FACE_BOUND('',#847,.T.);
#847 = EDGE_LOOP('',(#848,#859,#874,#883));
#848 = ORIENTED_EDGE('',*,*,#849,.T.);
#849 = EDGE_CURVE('',#508,#850,#852,.T.);
#850 = VERTEX_POINT('',#851);
#851 = CARTESIAN_POINT('',(2.743187347498,9.455472291484,13.74205925554)
  );
#852 = B_SPLINE_CURVE_WITH_KNOTS('',3,(#853,#854,#855,#856,#857,#858),
  .UNSPECIFIED.,.F.,.F.,(4,2,4),(0.,0.5,1.),.UNSPECIFIED.);
#853 = CARTESIAN_POINT('',(2.625285247603,9.385085507868,13.756449699976
    ));
#854 = CARTESIAN_POINT('',(2.631859080863,9.40912371627,13.75155388848)
  );
#855 = CARTESIAN_POINT('',(2.648163778216,9.430467550598,13.747202099341
    ));
#856 = CARTESIAN_POINT('',(2.691539116562,9.456364301383,13.741908147502
    ));
#857 = CARTESIAN_POINT('',(2.718372784368,9.460775735703,13.740994907336
    ));
#858 = CARTESIAN_POINT('',(2.743187347498,9.455472291484,13.74205925554)
  );
#859 = ORIENTED_EDGE('',*,*,#860,.F.);
#860 = EDGE_CURVE('',#861,#850,#863,.T.);
#861 = VERTEX_POINT('',#862);
#862 = CARTESIAN_POINT('',(2.733439334876,6.883544055275,1.097267715322)
  );
#863 = B_SPLINE_CURVE_WITH_KNOTS('',3,(#864,#865,#866,#867,#868,#869,
    #870,#871,#872,#873),.UNSPECIFIED.,.F.,.F.,(4,3,3,4),(0.,
    6.451853512292E-03,9.095339838723E-03,1.29037073784E-02),
  .UNSPECIFIED.);
#864 = CARTESIAN_POINT('',(2.733439334876,6.883544055275,1.097267715322)
  );
#865 = CARTESIAN_POINT('',(2.735621015013,7.312074873092,3.204757611166)
  );
#866 = CARTESIAN_POINT('',(2.737442609205,7.740685892959,5.312231583864)
  );
#867 = CARTESIAN_POINT('',(2.739033936315,8.16934803733,7.419695300358)
  );
#868 = CARTESIAN_POINT('',(2.73968594298,8.344981678694,8.283176089203)
  );
#869 = CARTESIAN_POINT('',(2.740298439428,8.520624095865,9.146655123537)
  );
#870 = CARTESIAN_POINT('',(2.74087756164,8.696273918573,10.010132672868)
  );
#871 = CARTESIAN_POINT('',(2.741711880399,8.949325760047,11.254111064425
    ));
#872 = CARTESIAN_POINT('',(2.742477070713,9.202392941111,12.49808638319)
  );
#873 = CARTESIAN_POINT('',(2.743187347498,9.455472291484,13.74205925554)
  );
#874 = ORIENTED_EDGE('',*,*,#875,.F.);
#875 = EDGE_CURVE('',#517,#861,#876,.T.);
#876 = B_SPLINE_CURVE_WITH_KNOTS('',3,(#877,#878,#879,#880,#881,#882),
  .UNSPECIFIED.,.F.,.F.,(4,2,4),(0.,0.5,1.),.UNSPECIFIED.);
#877 = CARTESIAN_POINT('',(2.618788612234,6.823567847291,1.109583598186)
  );
#878 = CARTESIAN_POINT('',(2.627379677857,6.845085680235,1.105199244356)
  );
#879 = CARTESIAN_POINT('',(2.644010328978,6.863418974959,1.101454011289)
  );
#880 = CARTESIAN_POINT('',(2.685610906812,6.885181439882,1.096985306416)
  );
#881 = CARTESIAN_POINT('',(2.710411286966,6.888521915374,1.096280047182)
  );
#882 = CARTESIAN_POINT('',(2.733439334876,6.883544055275,1.097267715322)
  );
#883 = ORIENTED_EDGE('',*,*,#516,.F.);
#884 = ( BOUNDED_SURFACE() B_SPLINE_SURFACE(3,2,(
    (#885,#886,#887)
    ,(#888,#889,#890)
    ,(#891,#892,#893)
    ,(#894,#895,#896
)),.UNSPECIFIED.,.F.,.F.,.F.) B_SPLINE_SURFACE_WITH_KNOTS((4,4),(3,3),(
    0.,1.290370909472E-02),(0.,1.),.PIECEWISE_BEZIER_KNOTS.) 
GEOMETRIC_REPRESENTATION_ITEM() RATIONAL_B_SPLINE_SURFACE((
    (1.,0.760044167806,1.)
    ,(1.,0.74344982011,1.)
    ,(1.,0.732399675013,1.)
,(1.,0.723513019676,1.))) REPRESENTATION_ITEM('') SURFACE() );
#885 = CARTESIAN_POINT('',(2.618787823765,6.823568568919,1.109583617487)
  );
#886 = CARTESIAN_POINT('',(2.649936602226,6.901594291696,1.093685584883)
  );
#887 = CARTESIAN_POINT('',(2.73343738302,6.883544477185,1.097267631544)
  );
#888 = CARTESIAN_POINT('',(2.621335713388,7.675854215765,5.325513495742)
  );
#889 = CARTESIAN_POINT('',(2.649954000608,7.778672275047,5.40255098039)
  );
#890 = CARTESIAN_POINT('',(2.737804647551,7.740605377503,5.312248124393)
  );
#891 = CARTESIAN_POINT('',(2.623493410462,8.530094351518,9.541056283085)
  );
#892 = CARTESIAN_POINT('',(2.64996049987,8.627867970265,9.574407587088)
  );
#893 = CARTESIAN_POINT('',(2.740780751689,8.597975964565,9.527167099303)
  );
#894 = CARTESIAN_POINT('',(2.625291022416,9.38508390801,13.756449822765)
  );
#895 = CARTESIAN_POINT('',(2.649965506384,9.475396221407,13.738062119753
    ));
#896 = CARTESIAN_POINT('',(2.743187348265,9.455472564675,13.742060598365
    ));
#897 = ADVANCED_FACE('',(#898),#914,.T.);
#898 = FACE_BOUND('',#899,.T.);
#899 = EDGE_LOOP('',(#900,#901,#912,#913));
#900 = ORIENTED_EDGE('',*,*,#875,.T.);
#901 = ORIENTED_EDGE('',*,*,#902,.F.);
#902 = EDGE_CURVE('',#585,#861,#903,.T.);
#903 = B_SPLINE_CURVE_WITH_KNOTS('',3,(#904,#905,#906,#907,#908,#909,
    #910,#911),.UNSPECIFIED.,.F.,.F.,(4,2,2,4),(0.,3.298873734005E-04,
    6.59774746801E-04,1.319549493602E-03),.UNSPECIFIED.);
#904 = CARTESIAN_POINT('',(3.533319391563,6.547636443815,0.271911926297)
  );
#905 = CARTESIAN_POINT('',(3.423925696608,6.569089598954,0.272566507447)
  );
#906 = CARTESIAN_POINT('',(3.317405132731,6.594727242135,0.293147149303)
  );
#907 = CARTESIAN_POINT('',(3.119780866344,6.652227911036,0.374968238356)
  );
#908 = CARTESIAN_POINT('',(3.030630393251,6.683619980886,0.435896092482)
  );
#909 = CARTESIAN_POINT('',(2.811396056532,6.777756956427,0.665163128813)
  );
#910 = CARTESIAN_POINT('',(2.733214224749,6.839128220968,0.878834319393)
  );
#911 = CARTESIAN_POINT('',(2.733439334876,6.883544055275,1.097267715322)
  );
#912 = ORIENTED_EDGE('',*,*,#584,.F.);
#913 = ORIENTED_EDGE('',*,*,#556,.F.);
#914 = ( BOUNDED_SURFACE() B_SPLINE_SURFACE(3,2,(
    (#915,#916,#917)
    ,(#918,#919,#920)
    ,(#921,#922,#923)
    ,(#924,#925,#926)
    ,(#927,#928,#929)
    ,(#930,#931,#932)
    ,(#933,#934,#935)
    ,(#936,#937,#938)
    ,(#939,#940,#941)
    ,(#942,#943,#944
)),.UNSPECIFIED.,.F.,.F.,.F.) B_SPLINE_SURFACE_WITH_KNOTS((4,2,2,2,4),(3
    ,3),(0.,3.304429308886E-04,6.608858617773E-04,9.913287926659E-04,
    1.321771723555E-03),(0.,1.),.UNSPECIFIED.) 
GEOMETRIC_REPRESENTATION_ITEM() RATIONAL_B_SPLINE_SURFACE((
    (1.,0.782468957559,1.)
    ,(1.,0.793466586007,1.)
    ,(1.,0.801444329741,1.)
    ,(1.,0.810453224843,1.)
    ,(1.,0.811421281443,1.)
    ,(1.,0.806664562946,1.)
    ,(1.,0.800909551486,1.)
    ,(1.,0.784170947211,1.)
    ,(1.,0.773065240622,1.)
,(1.,0.760042019983,1.))) REPRESENTATION_ITEM('') SURFACE() );
#915 = CARTESIAN_POINT('',(3.514561429225,6.454354486235,0.191560769135)
  );
#916 = CARTESIAN_POINT('',(3.529880112249,6.532411923535,0.193877459791)
  );
#917 = CARTESIAN_POINT('',(3.533319391563,6.547636443815,0.271911926297)
  );
#918 = CARTESIAN_POINT('',(3.39516011923,6.481374920442,0.192362716901)
  );
#919 = CARTESIAN_POINT('',(3.413964586025,6.555725071836,0.197350862717)
  );
#920 = CARTESIAN_POINT('',(3.425094333689,6.568860419774,0.272559523417)
  );
#921 = CARTESIAN_POINT('',(3.27632705833,6.512727736309,0.215296787904)
  );
#922 = CARTESIAN_POINT('',(3.296886314311,6.584250701507,0.221421332598)
  );
#923 = CARTESIAN_POINT('',(3.317788290107,6.594632697251,0.29306317163)
  );
#924 = CARTESIAN_POINT('',(3.056907932502,6.579918239275,0.30633969527)
  );
#925 = CARTESIAN_POINT('',(3.083105820621,6.647140104453,0.312239835818)
  );
#926 = CARTESIAN_POINT('',(3.120333966485,6.652050122979,0.374664936609)
  );
#927 = CARTESIAN_POINT('',(2.957432597322,6.61542022529,0.374097916891)
  );
#928 = CARTESIAN_POINT('',(2.985613970531,6.681622777306,0.378932388227)
  );
#929 = CARTESIAN_POINT('',(3.031186658239,6.683410787739,0.435453565191)
  );
#930 = CARTESIAN_POINT('',(2.793397290119,6.684318651335,0.544135881563)
  );
#931 = CARTESIAN_POINT('',(2.825660268027,6.750157198711,0.544073194507)
  );
#932 = CARTESIAN_POINT('',(2.884875945033,6.746175978298,0.588182335906)
  );
#933 = CARTESIAN_POINT('',(2.728677152735,6.717813896923,0.64687965325)
  );
#934 = CARTESIAN_POINT('',(2.761988325641,6.784824006445,0.644359842845)
  );
#935 = CARTESIAN_POINT('',(2.827573415756,6.777676745961,0.680540726966)
  );
#936 = CARTESIAN_POINT('',(2.642530489875,6.776763477816,0.868159217128)
  );
#937 = CARTESIAN_POINT('',(2.676117051151,6.847868799916,0.859081966687)
  );
#938 = CARTESIAN_POINT('',(2.752231986819,6.835000337112,0.87966700365)
  );
#939 = CARTESIAN_POINT('',(2.620123178897,6.802775908357,0.988600642214)
  );
#940 = CARTESIAN_POINT('',(2.653146416266,6.877137469912,0.977083049676)
  );
#941 = CARTESIAN_POINT('',(2.733326843635,6.86135569705,0.988147167541)
  );
#942 = CARTESIAN_POINT('',(2.618789538887,6.823567497148,1.10958363472)
  );
#943 = CARTESIAN_POINT('',(2.649937993943,6.901593959945,1.09368552333)
  );
#944 = CARTESIAN_POINT('',(2.733439335205,6.883544120088,1.097268034068)
  );
#945 = ADVANCED_FACE('',(#946,#986,#1104),#1231,.T.);
#946 = FACE_BOUND('',#947,.T.);
#947 = EDGE_LOOP('',(#948,#949,#960,#961,#962,#963,#974,#975));
#948 = ORIENTED_EDGE('',*,*,#698,.T.);
#949 = ORIENTED_EDGE('',*,*,#950,.T.);
#950 = EDGE_CURVE('',#688,#594,#951,.T.);
#951 = B_SPLINE_CURVE_WITH_KNOTS('',3,(#952,#953,#954,#955,#956,#957,
    #958,#959),.UNSPECIFIED.,.F.,.F.,(4,2,2,4),(0.,3.299193089608E-04,
    6.598386179215E-04,1.319677235843E-03),.UNSPECIFIED.);
#952 = CARTESIAN_POINT('',(15.26656261665,6.883544542,1.0972679503));
#953 = CARTESIAN_POINT('',(15.266673269752,6.861333546842,0.988038233411
    ));
#954 = CARTESIAN_POINT('',(15.248387909836,6.835576530757,0.881815483447
    ));
#955 = CARTESIAN_POINT('',(15.172792675615,6.777852094105,0.681004795295
    ));
#956 = CARTESIAN_POINT('',(15.116477655118,6.74683252458,0.589951392151)
  );
#957 = CARTESIAN_POINT('',(14.896594269289,6.652279970567,0.359363144424
    ));
#958 = CARTESIAN_POINT('',(14.685677384969,6.590583816823,0.273222341508
    ));
#959 = CARTESIAN_POINT('',(14.46668060844,6.547636443815,0.271911926297)
  );
#960 = ORIENTED_EDGE('',*,*,#593,.T.);
#961 = ORIENTED_EDGE('',*,*,#902,.T.);
#962 = ORIENTED_EDGE('',*,*,#860,.T.);
#963 = ORIENTED_EDGE('',*,*,#964,.T.);
#964 = EDGE_CURVE('',#850,#757,#965,.T.);
#965 = B_SPLINE_CURVE_WITH_KNOTS('',3,(#966,#967,#968,#969,#970,#971,
    #972,#973),.UNSPECIFIED.,.F.,.F.,(4,2,2,4),(0.,3.398930270205E-04,
    6.797860540409E-04,1.359572108082E-03),.UNSPECIFIED.);
#966 = CARTESIAN_POINT('',(2.743187347498,9.455472291484,13.74205925554)
  );
#967 = CARTESIAN_POINT('',(2.743241114487,9.478378689468,13.854640658985
    ));
#968 = CARTESIAN_POINT('',(2.763903072947,9.496408500686,13.965900578742
    ));
#969 = CARTESIAN_POINT('',(2.845535502862,9.521580379458,14.177796190104
    ));
#970 = CARTESIAN_POINT('',(2.906028417868,9.528355267778,14.276053907022
    ));
#971 = CARTESIAN_POINT('',(3.136037216003,9.530593110406,14.528081888349
    ));
#972 = CARTESIAN_POINT('',(3.354393298981,9.507246898107,14.634157899155
    ));
#973 = CARTESIAN_POINT('',(3.580304930573,9.466883158792,14.648073166389
    ));
#974 = ORIENTED_EDGE('',*,*,#779,.T.);
#975 = ORIENTED_EDGE('',*,*,#976,.T.);
#976 = EDGE_CURVE('',#769,#676,#977,.T.);
#977 = B_SPLINE_CURVE_WITH_KNOTS('',3,(#978,#979,#980,#981,#982,#983,
    #984,#985),.UNSPECIFIED.,.F.,.F.,(4,2,2,4),(0.,3.398596761338E-04,
    6.797193522675E-04,1.359438704535E-03),.UNSPECIFIED.);
#978 = CARTESIAN_POINT('',(14.419695292513,9.466883198651,
    14.648073152648));
#979 = CARTESIAN_POINT('',(14.532602002898,9.487056295485,
    14.641118543433));
#980 = CARTESIAN_POINT('',(14.642794601703,9.502981292809,
    14.612314376653));
#981 = CARTESIAN_POINT('',(14.847354838241,9.524495964669,
    14.513832911575));
#982 = CARTESIAN_POINT('',(14.940211737439,9.529824554473,
    14.444395223813));
#983 = CARTESIAN_POINT('',(15.169981925207,9.527668875584,
    14.193042102796));
#984 = CARTESIAN_POINT('',(15.256693135225,9.5012732318,13.96717691902)
  );
#985 = CARTESIAN_POINT('',(15.256818490854,9.455473812624,
    13.742060347885));
#986 = FACE_BOUND('',#987,.T.);
#987 = EDGE_LOOP('',(#988,#1000,#1010,#1020,#1030,#1040,#1053,#1063,
    #1073,#1083,#1093));
#988 = ORIENTED_EDGE('',*,*,#989,.F.);
#989 = EDGE_CURVE('',#990,#992,#994,.T.);
#990 = VERTEX_POINT('',#991);
#991 = CARTESIAN_POINT('',(12.986590822554,8.046083919647,8.840161598208
    ));
#992 = VERTEX_POINT('',#993);
#993 = CARTESIAN_POINT('',(12.990938287184,7.135416866445,4.369974340204
    ));
#994 = B_SPLINE_CURVE_WITH_KNOTS('',4,(#995,#996,#997,#998,#999),
  .UNSPECIFIED.,.F.,.F.,(5,5),(0.,1.),.PIECEWISE_BEZIER_KNOTS.);
#995 = CARTESIAN_POINT('',(12.986590822554,8.046083919647,8.840161598208
    ));
#996 = CARTESIAN_POINT('',(12.987677687862,7.818416683055,7.722614812713
    ));
#997 = CARTESIAN_POINT('',(12.988764553735,7.590749761838,6.605068007887
    ));
#998 = CARTESIAN_POINT('',(12.989851420176,7.363083156224,5.487521183721
    ));
#999 = CARTESIAN_POINT('',(12.990938287184,7.135416866445,4.369974340204
    ));
#1000 = ORIENTED_EDGE('',*,*,#1001,.F.);
#1001 = EDGE_CURVE('',#1002,#990,#1004,.T.);
#1002 = VERTEX_POINT('',#1003);
#1003 = CARTESIAN_POINT('',(13.484547955756,8.117403276571,
    8.826052117241));
#1004 = B_SPLINE_CURVE_WITH_KNOTS('',4,(#1005,#1006,#1007,#1008,#1009),
  .UNSPECIFIED.,.F.,.F.,(5,5),(0.,1.),.PIECEWISE_BEZIER_KNOTS.);
#1005 = CARTESIAN_POINT('',(13.484547955756,8.117403276571,
    8.826052117241));
#1006 = CARTESIAN_POINT('',(13.360217935521,8.098529223549,8.82979330383
    ));
#1007 = CARTESIAN_POINT('',(13.235777586091,8.080351252811,8.83339195448
    ));
#1008 = CARTESIAN_POINT('',(13.111233153331,8.062869397195,
    8.836848068538));
#1009 = CARTESIAN_POINT('',(12.986590822554,8.046083919647,
    8.840161598208));
#1010 = ORIENTED_EDGE('',*,*,#1011,.F.);
#1011 = EDGE_CURVE('',#1012,#1002,#1014,.T.);
#1012 = VERTEX_POINT('',#1013);
#1013 = CARTESIAN_POINT('',(13.483403737866,8.356977848867,
    10.002432459952));
#1014 = B_SPLINE_CURVE_WITH_KNOTS('',4,(#1015,#1016,#1017,#1018,#1019),
  .UNSPECIFIED.,.F.,.F.,(5,5),(0.,1.),.PIECEWISE_BEZIER_KNOTS.);
#1015 = CARTESIAN_POINT('',(13.483403737866,8.356977848867,
    10.002432459952));
#1016 = CARTESIAN_POINT('',(13.483689792272,8.297084168735,
    9.708337376488));
#1017 = CARTESIAN_POINT('',(13.483975846722,8.237190513304,
    9.414242291546));
#1018 = CARTESIAN_POINT('',(13.484261901217,8.177296882582,
    9.120147205132));
#1019 = CARTESIAN_POINT('',(13.484547955756,8.117403276571,
    8.826052117241));
#1020 = ORIENTED_EDGE('',*,*,#1021,.T.);
#1021 = EDGE_CURVE('',#1012,#1022,#1024,.T.);
#1022 = VERTEX_POINT('',#1023);
#1023 = CARTESIAN_POINT('',(12.985446754129,8.285733755763,
    10.016526540965));
#1024 = B_SPLINE_CURVE_WITH_KNOTS('',4,(#1025,#1026,#1027,#1028,#1029),
  .UNSPECIFIED.,.F.,.F.,(5,5),(0.,1.),.PIECEWISE_BEZIER_KNOTS.);
#1025 = CARTESIAN_POINT('',(13.483403737866,8.356977848867,
    10.002432459952));
#1026 = CARTESIAN_POINT('',(13.359073443889,8.338123522321,
    10.006169609944));
#1027 = CARTESIAN_POINT('',(13.234633037609,8.319964662312,
    10.009764350199));
#1028 = CARTESIAN_POINT('',(13.110088749365,8.302501315428,
    10.013216677235));
#1029 = CARTESIAN_POINT('',(12.985446754129,8.285733755763,
    10.016526540965));
#1030 = ORIENTED_EDGE('',*,*,#1031,.F.);
#1031 = EDGE_CURVE('',#1032,#1022,#1034,.T.);
#1032 = VERTEX_POINT('',#1033);
#1033 = CARTESIAN_POINT('',(12.984267484128,8.532757699502,
    11.229087273582));
#1034 = B_SPLINE_CURVE_WITH_KNOTS('',4,(#1035,#1036,#1037,#1038,#1039),
  .UNSPECIFIED.,.F.,.F.,(5,5),(0.,1.),.PIECEWISE_BEZIER_KNOTS.);
#1035 = CARTESIAN_POINT('',(12.984267484128,8.532757699502,
    11.229087273582));
#1036 = CARTESIAN_POINT('',(12.984562301566,8.471001678782,
    10.92594709256));
#1037 = CARTESIAN_POINT('',(12.984857119046,8.409245681249,
    10.622806910115));
#1038 = CARTESIAN_POINT('',(12.985151936567,8.347489706908,
    10.319666726252));
#1039 = CARTESIAN_POINT('',(12.985446754129,8.285733755763,
    10.016526540965));
#1040 = ORIENTED_EDGE('',*,*,#1041,.T.);
#1041 = EDGE_CURVE('',#1032,#1042,#1044,.T.);
#1042 = VERTEX_POINT('',#1043);
#1043 = CARTESIAN_POINT('',(11.235056233266,8.349589823201,
    11.26486764598));
#1044 = B_SPLINE_CURVE_WITH_KNOTS('',4,(#1045,#1046,#1047,#1048,#1049,
    #1050,#1051,#1052),.UNSPECIFIED.,.F.,.F.,(5,3,5),(0.,0.478314437553,
    1.),.UNSPECIFIED.);
#1045 = CARTESIAN_POINT('',(12.984267484128,8.532757699502,
    11.229087273582));
#1046 = CARTESIAN_POINT('',(12.775829408791,8.504748202602,
    11.234616038214));
#1047 = CARTESIAN_POINT('',(12.567118633998,8.478682834094,
    11.239746740416));
#1048 = CARTESIAN_POINT('',(12.358163916865,8.454562922033,
    11.244479136371));
#1049 = CARTESIAN_POINT('',(11.920856974374,8.408209717899,
    11.253539062516));
#1050 = CARTESIAN_POINT('',(11.692463913243,8.386345805159,
    11.257790972539));
#1051 = CARTESIAN_POINT('',(11.46385139037,8.36680373157,11.261567586576
    ));
#1052 = CARTESIAN_POINT('',(11.235056233266,8.349589823201,
    11.26486764598));
#1053 = ORIENTED_EDGE('',*,*,#1054,.T.);
#1054 = EDGE_CURVE('',#1042,#1055,#1057,.T.);
#1055 = VERTEX_POINT('',#1056);
#1056 = CARTESIAN_POINT('',(11.23623507866,8.102352066026,
    10.052350662365));
#1057 = B_SPLINE_CURVE_WITH_KNOTS('',4,(#1058,#1059,#1060,#1061,#1062),
  .UNSPECIFIED.,.F.,.F.,(5,5),(0.,1.),.PIECEWISE_BEZIER_KNOTS.);
#1058 = CARTESIAN_POINT('',(11.235056233266,8.349589823201,
    11.26486764598));
#1059 = CARTESIAN_POINT('',(11.235350944574,8.287780361972,
    10.961738401746));
#1060 = CARTESIAN_POINT('',(11.23564565591,8.225970915363,
    10.658609156397));
#1061 = CARTESIAN_POINT('',(11.235940367272,8.164161483381,
    10.355479909938));
#1062 = CARTESIAN_POINT('',(11.23623507866,8.102352066026,
    10.052350662365));
#1063 = ORIENTED_EDGE('',*,*,#1064,.T.);
#1064 = EDGE_CURVE('',#1055,#1065,#1067,.T.);
#1065 = VERTEX_POINT('',#1066);
#1066 = CARTESIAN_POINT('',(9.158229462501,8.018258528515,
    10.067539685722));
#1067 = B_SPLINE_CURVE_WITH_KNOTS('',4,(#1068,#1069,#1070,#1071,#1072),
  .UNSPECIFIED.,.F.,.F.,(5,5),(0.,1.),.PIECEWISE_BEZIER_KNOTS.);
#1068 = CARTESIAN_POINT('',(11.23623507866,8.102352066026,
    10.052350662365));
#1069 = CARTESIAN_POINT('',(10.717711482906,8.063288958707,
    10.059840063773));
#1070 = CARTESIAN_POINT('',(10.198248499458,8.036192987503,
    10.064879898665));
#1071 = CARTESIAN_POINT('',(9.678273402203,8.021138093272,
    10.067455452528));
#1072 = CARTESIAN_POINT('',(9.158229462501,8.018258528515,
    10.067539685722));
#1073 = ORIENTED_EDGE('',*,*,#1074,.T.);
#1074 = EDGE_CURVE('',#1065,#1075,#1077,.T.);
#1075 = VERTEX_POINT('',#1076);
#1076 = CARTESIAN_POINT('',(9.159372834102,7.778257801607,8.891246539773
    ));
#1077 = B_SPLINE_CURVE_WITH_KNOTS('',4,(#1078,#1079,#1080,#1081,#1082),
  .UNSPECIFIED.,.F.,.F.,(5,5),(0.,1.),.PIECEWISE_BEZIER_KNOTS.);
#1078 = CARTESIAN_POINT('',(9.158229462501,8.018258528515,
    10.067539685722));
#1079 = CARTESIAN_POINT('',(9.158515305388,7.958258340049,9.773466400405
    ));
#1080 = CARTESIAN_POINT('',(9.158801148284,7.898258156073,9.479393114308
    ));
#1081 = CARTESIAN_POINT('',(9.159086991189,7.838257976591,9.18531982743)
  );
#1082 = CARTESIAN_POINT('',(9.159372834102,7.778257801607,8.891246539773
    ));
#1083 = ORIENTED_EDGE('',*,*,#1084,.T.);
#1084 = EDGE_CURVE('',#1075,#1085,#1087,.T.);
#1085 = VERTEX_POINT('',#1086);
#1086 = CARTESIAN_POINT('',(10.674573234965,6.913469012466,
    4.413138960977));
#1087 = B_SPLINE_CURVE_WITH_KNOTS('',4,(#1088,#1089,#1090,#1091,#1092),
  .UNSPECIFIED.,.F.,.F.,(5,5),(0.,1.),.PIECEWISE_BEZIER_KNOTS.);
#1088 = CARTESIAN_POINT('',(9.159372834102,7.778257801607,8.891246539773
    ));
#1089 = CARTESIAN_POINT('',(9.538181864878,7.552347840769,7.773620405564
    ));
#1090 = CARTESIAN_POINT('',(9.916997365289,7.332911044543,6.654689372694
    ));
#1091 = CARTESIAN_POINT('',(10.295800744733,7.119938792336,
    5.534512202589));
#1092 = CARTESIAN_POINT('',(10.674573234965,6.913469012466,
    4.413138960977));
#1093 = ORIENTED_EDGE('',*,*,#1094,.F.);
#1094 = EDGE_CURVE('',#992,#1085,#1095,.T.);
#1095 = B_SPLINE_CURVE_WITH_KNOTS('',4,(#1096,#1097,#1098,#1099,#1100,
    #1101,#1102,#1103),.UNSPECIFIED.,.F.,.F.,(5,3,5),(0.,0.39124283418,
    1.),.UNSPECIFIED.);
#1096 = CARTESIAN_POINT('',(12.990938287184,7.135416866445,
    4.369974340204));
#1097 = CARTESIAN_POINT('',(12.765372234326,7.104917038771,
    4.375996032156));
#1098 = CARTESIAN_POINT('',(12.539483178624,7.076705187554,
    4.381549256393));
#1099 = CARTESIAN_POINT('',(12.313307992368,7.050782616127,4.38663378204
    ));
#1100 = CARTESIAN_POINT('',(11.734575508847,6.990386700697,
    4.398429730321));
#1101 = CARTESIAN_POINT('',(11.381663434316,6.959171854265,
    4.404474071309));
#1102 = CARTESIAN_POINT('',(11.028283636707,6.933523037443,4.40937906554
    ));
#1103 = CARTESIAN_POINT('',(10.674573234965,6.913469012466,
    4.413138960977));
#1104 = FACE_BOUND('',#1105,.T.);
#1105 = EDGE_LOOP('',(#1106,#1118,#1131,#1145,#1155,#1165,#1178,#1188,
    #1201,#1211,#1221));
#1106 = ORIENTED_EDGE('',*,*,#1107,.F.);
#1107 = EDGE_CURVE('',#1108,#1110,#1112,.T.);
#1108 = VERTEX_POINT('',#1109);
#1109 = CARTESIAN_POINT('',(8.005807378742,7.514137778393,7.513748148067
    ));
#1110 = VERTEX_POINT('',#1111);
#1111 = CARTESIAN_POINT('',(9.052032967612,6.865825553587,4.421312017245
    ));
#1112 = B_SPLINE_CURVE_WITH_KNOTS('',4,(#1113,#1114,#1115,#1116,#1117),
  .UNSPECIFIED.,.F.,.F.,(5,5),(0.,1.),.PIECEWISE_BEZIER_KNOTS.);
#1113 = CARTESIAN_POINT('',(8.005807378742,7.514137778393,7.513748148067
    ));
#1114 = CARTESIAN_POINT('',(8.26734583493,7.347463854014,6.741606626871)
  );
#1115 = CARTESIAN_POINT('',(8.528900227309,7.183838242625,5.968810954606
    ));
#1116 = CARTESIAN_POINT('',(8.790464643818,7.023281966638,5.19537516043)
  );
#1117 = CARTESIAN_POINT('',(9.052032967612,6.865825553587,4.421312017245
    ));
#1118 = ORIENTED_EDGE('',*,*,#1119,.F.);
#1119 = EDGE_CURVE('',#1120,#1108,#1122,.T.);
#1120 = VERTEX_POINT('',#1121);
#1121 = CARTESIAN_POINT('',(9.144930057782,8.265579846423,
    11.280027802363));
#1122 = B_SPLINE_CURVE_WITH_KNOTS('',4,(#1123,#1124,#1125,#1126,#1127,
    #1128,#1129,#1130),.UNSPECIFIED.,.F.,.F.,(5,3,5),(0.,0.128616483086,
    1.),.UNSPECIFIED.);
#1123 = CARTESIAN_POINT('',(9.144930057782,8.265579846423,
    11.280027802363));
#1124 = CARTESIAN_POINT('',(9.10830067967,8.240713028136,11.159068925879
    ));
#1125 = CARTESIAN_POINT('',(9.071671390859,8.215906515881,
    11.038097605042));
#1126 = CARTESIAN_POINT('',(9.035042205376,8.191160390848,
    10.917113871021));
#1127 = CARTESIAN_POINT('',(8.750249252983,7.999228131141,9.976362627987
    ));
#1128 = CARTESIAN_POINT('',(8.502090772774,7.834757231506,9.15603918344)
  );
#1129 = CARTESIAN_POINT('',(8.253942032359,7.67305877282,8.335163051248)
  );
#1130 = CARTESIAN_POINT('',(8.005807378742,7.514137778393,7.513748148067
    ));
#1131 = ORIENTED_EDGE('',*,*,#1132,.T.);
#1132 = EDGE_CURVE('',#1120,#1133,#1135,.T.);
#1133 = VERTEX_POINT('',#1134);
#1134 = CARTESIAN_POINT('',(7.261988293373,8.315674838498,
    11.267949262409));
#1135 = B_SPLINE_CURVE_WITH_KNOTS('',8,(#1136,#1137,#1138,#1139,#1140,
    #1141,#1142,#1143,#1144),.UNSPECIFIED.,.F.,.F.,(9,9),(0.,1.),
  .PIECEWISE_BEZIER_KNOTS.);
#1136 = CARTESIAN_POINT('',(9.144930057782,8.265579846423,
    11.280027802363));
#1137 = CARTESIAN_POINT('',(8.909435838612,8.264382558586,
    11.280044117692));
#1138 = CARTESIAN_POINT('',(8.67393094364,8.265324128632,11.279622780463
    ));
#1139 = CARTESIAN_POINT('',(8.438438786805,8.26841566903,11.278761539635
    ));
#1140 = CARTESIAN_POINT('',(8.202983215349,8.273622438734,
    11.277467526898));
#1141 = CARTESIAN_POINT('',(7.967587057221,8.280967401934,
    11.275736065604));
#1142 = CARTESIAN_POINT('',(7.732274094699,8.290423014381,11.27357281481
    ));
#1143 = CARTESIAN_POINT('',(7.497066810989,8.301994807371,11.27097666456
    ));
#1144 = CARTESIAN_POINT('',(7.261988293373,8.315674838498,
    11.267949262409));
#1145 = ORIENTED_EDGE('',*,*,#1146,.T.);
#1146 = EDGE_CURVE('',#1133,#1147,#1149,.T.);
#1147 = VERTEX_POINT('',#1148);
#1148 = CARTESIAN_POINT('',(6.529047934203,7.767623741519,8.316461172562
    ));
#1149 = B_SPLINE_CURVE_WITH_KNOTS('',4,(#1150,#1151,#1152,#1153,#1154),
  .UNSPECIFIED.,.F.,.F.,(5,5),(0.,1.),.PIECEWISE_BEZIER_KNOTS.);
#1150 = CARTESIAN_POINT('',(7.261988293373,8.315674838498,
    11.267949262409));
#1151 = CARTESIAN_POINT('',(7.07873880178,8.176379064173,10.530503062444
    ));
#1152 = CARTESIAN_POINT('',(6.895498037107,8.038601188694,9.792770194221
    ));
#1153 = CARTESIAN_POINT('',(6.712267298983,7.902346641746,9.054754942027
    ));
#1154 = CARTESIAN_POINT('',(6.529047934203,7.767623741519,8.316461172562
    ));
#1155 = ORIENTED_EDGE('',*,*,#1156,.F.);
#1156 = EDGE_CURVE('',#1157,#1147,#1159,.T.);
#1157 = VERTEX_POINT('',#1158);
#1158 = CARTESIAN_POINT('',(6.526190171795,8.367569037055,
    11.256616467702));
#1159 = B_SPLINE_CURVE_WITH_KNOTS('',4,(#1160,#1161,#1162,#1163,#1164),
  .UNSPECIFIED.,.F.,.F.,(5,5),(0.,1.),.PIECEWISE_BEZIER_KNOTS.);
#1160 = CARTESIAN_POINT('',(6.526190171795,8.367569037055,
    11.256616467702));
#1161 = CARTESIAN_POINT('',(6.526904612555,8.217582807085,
    10.521577646972));
#1162 = CARTESIAN_POINT('',(6.527619053209,8.067596514444,9.786538824209
    ));
#1163 = CARTESIAN_POINT('',(6.528333493758,7.917610159224,9.051499999405
    ));
#1164 = CARTESIAN_POINT('',(6.529047934203,7.767623741519,8.316461172562
    ));
#1165 = ORIENTED_EDGE('',*,*,#1166,.T.);
#1166 = EDGE_CURVE('',#1157,#1167,#1169,.T.);
#1167 = VERTEX_POINT('',#1168);
#1168 = CARTESIAN_POINT('',(4.704163799955,8.574656046686,
    11.212474171327));
#1169 = B_SPLINE_CURVE_WITH_KNOTS('',4,(#1170,#1171,#1172,#1173,#1174,
    #1175,#1176,#1177),.UNSPECIFIED.,.F.,.F.,(5,3,5),(0.,0.368139841879,
    1.),.UNSPECIFIED.);
#1170 = CARTESIAN_POINT('',(6.526190171795,8.367569037055,
    11.256616467702));
#1171 = CARTESIAN_POINT('',(6.357946196163,8.381511935894,
    11.253600176011));
#1172 = CARTESIAN_POINT('',(6.189811520962,8.396713767572,
    11.250326394035));
#1173 = CARTESIAN_POINT('',(6.021800819587,8.413172265664,
    11.246795599766));
#1174 = CARTESIAN_POINT('',(5.565800116192,8.4612887457,11.236507469076)
  );
#1175 = CARTESIAN_POINT('',(5.278080002305,8.495389005982,
    11.229250668181));
#1176 = CARTESIAN_POINT('',(4.990842693978,8.533178692656,
    11.221239424484));
#1177 = CARTESIAN_POINT('',(4.704163799955,8.574656046686,
    11.212474171327));
#1178 = ORIENTED_EDGE('',*,*,#1179,.T.);
#1179 = EDGE_CURVE('',#1167,#1180,#1182,.T.);
#1180 = VERTEX_POINT('',#1181);
#1181 = CARTESIAN_POINT('',(4.710831282967,7.17564338319,4.353703316143)
  );
#1182 = B_SPLINE_CURVE_WITH_KNOTS('',4,(#1183,#1184,#1185,#1186,#1187),
  .UNSPECIFIED.,.F.,.F.,(5,5),(0.,1.),.PIECEWISE_BEZIER_KNOTS.);
#1183 = CARTESIAN_POINT('',(4.704163799955,8.574656046686,
    11.212474171327));
#1184 = CARTESIAN_POINT('',(4.705830672569,8.224903962757,9.497781453339
    ));
#1185 = CARTESIAN_POINT('',(4.707497543941,7.875151156786,7.783088738182
    ));
#1186 = CARTESIAN_POINT('',(4.709164414073,7.52539762989,6.068396025799)
  );
#1187 = CARTESIAN_POINT('',(4.710831282967,7.17564338319,4.353703316143)
  );
#1188 = ORIENTED_EDGE('',*,*,#1189,.F.);
#1189 = EDGE_CURVE('',#1190,#1180,#1192,.T.);
#1190 = VERTEX_POINT('',#1191);
#1191 = CARTESIAN_POINT('',(6.532856632848,6.968041758604,4.397950909415
    ));
#1192 = B_SPLINE_CURVE_WITH_KNOTS('',4,(#1193,#1194,#1195,#1196,#1197,
    #1198,#1199,#1200),.UNSPECIFIED.,.F.,.F.,(5,3,5),(0.,0.340181138999,
    1.),.UNSPECIFIED.);
#1193 = CARTESIAN_POINT('',(6.532856632848,6.968041758604,4.397950909415
    ));
#1194 = CARTESIAN_POINT('',(6.37738655998,6.980948006242,4.395159135612)
  );
#1195 = CARTESIAN_POINT('',(6.222010411994,6.994934007956,4.392146519239
    ));
#1196 = CARTESIAN_POINT('',(6.06673987693,7.009997998679,4.388913432804)
  );
#1197 = CARTESIAN_POINT('',(5.610649891376,7.057445534232,4.378762091429
    ));
#1198 = CARTESIAN_POINT('',(5.31015455507,7.092803205432,4.371235600636)
  );
#1199 = CARTESIAN_POINT('',(5.010185985259,7.132202837605,4.362882575901
    ));
#1200 = CARTESIAN_POINT('',(4.710831282967,7.17564338319,4.353703316143)
  );
#1201 = ORIENTED_EDGE('',*,*,#1202,.F.);
#1202 = EDGE_CURVE('',#1203,#1190,#1205,.T.);
#1203 = VERTEX_POINT('',#1204);
#1204 = CARTESIAN_POINT('',(6.530266564134,7.511789955911,7.062696206631
    ));
#1205 = B_SPLINE_CURVE_WITH_KNOTS('',4,(#1206,#1207,#1208,#1209,#1210),
  .UNSPECIFIED.,.F.,.F.,(5,5),(0.,1.),.PIECEWISE_BEZIER_KNOTS.);
#1206 = CARTESIAN_POINT('',(6.530266564134,7.511789955911,7.062696206631
    ));
#1207 = CARTESIAN_POINT('',(6.530914081441,7.375852983409,6.396509884846
    ));
#1208 = CARTESIAN_POINT('',(6.531561598662,7.239915959645,5.730323561384
    ));
#1209 = CARTESIAN_POINT('',(6.532209115798,7.103978884686,5.06413723624)
  );
#1210 = CARTESIAN_POINT('',(6.532856632848,6.968041758604,4.397950909415
    ));
#1211 = ORIENTED_EDGE('',*,*,#1212,.T.);
#1212 = EDGE_CURVE('',#1203,#1213,#1215,.T.);
#1213 = VERTEX_POINT('',#1214);
#1214 = CARTESIAN_POINT('',(7.342236417658,6.91189026119,4.410226259544)
  );
#1215 = B_SPLINE_CURVE_WITH_KNOTS('',4,(#1216,#1217,#1218,#1219,#1220),
  .UNSPECIFIED.,.F.,.F.,(5,5),(0.,1.),.PIECEWISE_BEZIER_KNOTS.);
#1216 = CARTESIAN_POINT('',(6.530266564134,7.511789955911,7.062696206631
    ));
#1217 = CARTESIAN_POINT('',(6.733236095547,7.359080094719,6.400198051346
    ));
#1218 = CARTESIAN_POINT('',(6.936222472549,7.208191206594,5.737282151176
    ));
#1219 = CARTESIAN_POINT('',(7.139223355275,7.059125783743,5.073955998743
    ));
#1220 = CARTESIAN_POINT('',(7.342236417658,6.91189026119,4.410226259544)
  );
#1221 = ORIENTED_EDGE('',*,*,#1222,.F.);
#1222 = EDGE_CURVE('',#1110,#1213,#1223,.T.);
#1223 = B_SPLINE_CURVE_WITH_KNOTS('',6,(#1224,#1225,#1226,#1227,#1228,
    #1229,#1230),.UNSPECIFIED.,.F.,.F.,(7,7),(0.,1.),
  .PIECEWISE_BEZIER_KNOTS.);
#1224 = CARTESIAN_POINT('',(9.052032967612,6.865825553587,4.421312017245
    ));
#1225 = CARTESIAN_POINT('',(8.766916328585,6.865267852739,4.421149279604
    ));
#1226 = CARTESIAN_POINT('',(8.481793744258,6.868022506671,4.420308779049
    ));
#1227 = CARTESIAN_POINT('',(8.196715310021,6.874076585099,4.418793209951
    ));
#1228 = CARTESIAN_POINT('',(7.911730505911,6.883412576595,4.416606203454
    ));
#1229 = CARTESIAN_POINT('',(7.626888116912,6.896020840792,4.413749779493
    ));
#1230 = CARTESIAN_POINT('',(7.342236417658,6.91189026119,4.410226259544)
  );
#1231 = B_SPLINE_SURFACE_WITH_KNOTS('',3,1,(
    (#1232,#1233)
    ,(#1234,#1235)
    ,(#1236,#1237)
    ,(#1238,#1239)
    ,(#1240,#1241)
    ,(#1242,#1243
  )),.UNSPECIFIED.,.F.,.F.,.F.,(4,2,4),(2,2),(0.,0.5,1.),(0.,1.),
  .UNSPECIFIED.);
#1232 = CARTESIAN_POINT('',(2.65,9.665631775897,14.671856079669));
#1233 = CARTESIAN_POINT('',(2.65,6.719683099286,0.199435538532));
#1234 = CARTESIAN_POINT('',(4.715840735069,9.229687380834,
    14.821963772748));
#1235 = CARTESIAN_POINT('',(4.712932297444,6.245984400662,0.185376489368
    ));
#1236 = CARTESIAN_POINT('',(6.857611548556,9.003768772977,
    14.899753787789));
#1237 = CARTESIAN_POINT('',(6.856120734908,6.,0.178075842791));
#1238 = CARTESIAN_POINT('',(11.142388451444,9.003768772977,
    14.899753787789));
#1239 = CARTESIAN_POINT('',(11.143879265092,6.,0.178075842791));
#1240 = CARTESIAN_POINT('',(13.284159264931,9.229687380834,
    14.821963772748));
#1241 = CARTESIAN_POINT('',(13.287067702556,6.245984400662,
    0.185376489368));
#1242 = CARTESIAN_POINT('',(15.35,9.665631775897,14.671856079669));
#1243 = CARTESIAN_POINT('',(15.35,6.719683099286,0.199435538532));
#1244 = ADVANCED_FACE('',(#1245),#1251,.T.);
#1245 = FACE_BOUND('',#1246,.T.);
#1246 = EDGE_LOOP('',(#1247,#1248,#1249,#1250));
#1247 = ORIENTED_EDGE('',*,*,#687,.T.);
#1248 = ORIENTED_EDGE('',*,*,#645,.F.);
#1249 = ORIENTED_EDGE('',*,*,#608,.T.);
#1250 = ORIENTED_EDGE('',*,*,#950,.F.);
#1251 = ( BOUNDED_SURFACE() B_SPLINE_SURFACE(3,2,(
    (#1252,#1253,#1254)
    ,(#1255,#1256,#1257)
    ,(#1258,#1259,#1260)
    ,(#1261,#1262,#1263)
    ,(#1264,#1265,#1266)
    ,(#1267,#1268,#1269)
    ,(#1270,#1271,#1272)
    ,(#1273,#1274,#1275
)),.UNSPECIFIED.,.F.,.F.,.F.) B_SPLINE_SURFACE_WITH_KNOTS((4,2,2,4),(3,3
    ),(0.,6.608957094963E-04,9.913435642445E-04,1.321791418993E-03),(0.,
1.),.UNSPECIFIED.) GEOMETRIC_REPRESENTATION_ITEM() 
RATIONAL_B_SPLINE_SURFACE((
    (1.,0.760042019982,1.)
    ,(1.,0.785969818517,1.)
    ,(1.,0.804197480852,1.)
    ,(1.,0.811429644554,1.)
    ,(1.,0.810454040245,1.)
    ,(1.,0.80151467497,1.)
    ,(1.,0.793590861352,1.)
,(1.,0.782468957559,1.))) REPRESENTATION_ITEM('') SURFACE() );
#1252 = CARTESIAN_POINT('',(15.381210461113,6.823567497148,1.10958363472
    ));
#1253 = CARTESIAN_POINT('',(15.350062006057,6.901593959945,
    1.093685523331));
#1254 = CARTESIAN_POINT('',(15.266560664795,6.883544120088,
    1.097268034068));
#1255 = CARTESIAN_POINT('',(15.378559892379,6.782244866195,
    0.869133716393));
#1256 = CARTESIAN_POINT('',(15.34379033574,6.853787708096,0.86575719962)
  );
#1257 = CARTESIAN_POINT('',(15.266784233476,6.839443047575,0.8803825511)
  );
#1258 = CARTESIAN_POINT('',(15.289912700069,6.719393879712,
    0.630963261068));
#1259 = CARTESIAN_POINT('',(15.256306205974,6.785373080605,
    0.629146455165));
#1260 = CARTESIAN_POINT('',(15.189426482895,6.778141831207,
    0.666172013485));
#1261 = CARTESIAN_POINT('',(15.043156023201,6.615626167303,
    0.374475446332));
#1262 = CARTESIAN_POINT('',(15.014961783443,6.681822157946,0.37930611975
    ));
#1263 = CARTESIAN_POINT('',(14.969341150587,6.68359196099,0.435792175923
    ));
#1264 = CARTESIAN_POINT('',(14.94350759144,6.580071633235,0.306649569429
    ));
#1265 = CARTESIAN_POINT('',(14.917304601276,6.647290643341,
    0.312544094007));
#1266 = CARTESIAN_POINT('',(14.88003801907,6.652186496557,0.374942986504
    ));
#1267 = CARTESIAN_POINT('',(14.724993725171,6.51310624119,0.215708442162
    ));
#1268 = CARTESIAN_POINT('',(14.704409068864,6.584601878094,0.22184132717
    ));
#1269 = CARTESIAN_POINT('',(14.683402204541,6.594950897954,
    0.293431830144));
#1270 = CARTESIAN_POINT('',(14.606395653378,6.48172698773,0.192373166014
    ));
#1271 = CARTESIAN_POINT('',(14.58752434189,6.556024524916,0.197395466353
    ));
#1272 = CARTESIAN_POINT('',(14.576313329944,6.569136473786,
    0.272567934904));
#1273 = CARTESIAN_POINT('',(14.485438570778,6.454354486236,
    0.191560769134));
#1274 = CARTESIAN_POINT('',(14.470119887754,6.532411923535,0.19387745979
    ));
#1275 = CARTESIAN_POINT('',(14.46668060844,6.547636443815,0.271911926297
    ));
#1276 = ADVANCED_FACE('',(#1277),#1283,.T.);
#1277 = FACE_BOUND('',#1278,.T.);
#1278 = EDGE_LOOP('',(#1279,#1280,#1281,#1282));
#1279 = ORIENTED_EDGE('',*,*,#768,.T.);
#1280 = ORIENTED_EDGE('',*,*,#728,.F.);
#1281 = ORIENTED_EDGE('',*,*,#675,.F.);
#1282 = ORIENTED_EDGE('',*,*,#976,.F.);
#1283 = ( BOUNDED_SURFACE() B_SPLINE_SURFACE(3,2,(
    (#1284,#1285,#1286)
    ,(#1287,#1288,#1289)
    ,(#1290,#1291,#1292)
    ,(#1293,#1294,#1295)
    ,(#1296,#1297,#1298)
    ,(#1299,#1300,#1301)
    ,(#1302,#1303,#1304)
    ,(#1305,#1306,#1307)
    ,(#1308,#1309,#1310)
    ,(#1311,#1312,#1313
)),.UNSPECIFIED.,.F.,.F.,.F.) B_SPLINE_SURFACE_WITH_KNOTS((4,2,2,2,4),(3
    ,3),(-0.,3.404432121299E-04,6.808864242597E-04,1.02132963639E-03,
    1.361772848519E-03),(0.,1.),.UNSPECIFIED.) 
GEOMETRIC_REPRESENTATION_ITEM() RATIONAL_B_SPLINE_SURFACE((
    (1.,0.751021282072,1.)
    ,(1.,0.757875451639,1.)
    ,(1.,0.76230743909,1.)
    ,(1.,0.766110322718,1.)
    ,(1.,0.765461426873,1.)
    ,(1.,0.759754545094,1.)
    ,(1.,0.754657528025,1.)
    ,(1.,0.741312739599,1.)
    ,(1.,0.732935652275,1.)
,(1.,0.723526150729,1.))) REPRESENTATION_ITEM('') SURFACE() );
#1284 = CARTESIAN_POINT('',(14.438111771618,9.403128248036,
    14.762243292897));
#1285 = CARTESIAN_POINT('',(14.421786059992,9.484809951654,
    14.734118026841));
#1286 = CARTESIAN_POINT('',(14.419695292513,9.466883198651,
    14.648073152648));
#1287 = CARTESIAN_POINT('',(14.562182513584,9.427297234216,
    14.75392124357));
#1288 = CARTESIAN_POINT('',(14.543336527838,9.506171473047,
    14.724848087765));
#1289 = CARTESIAN_POINT('',(14.531336706315,9.486830220403,
    14.64119646145));
#1290 = CARTESIAN_POINT('',(14.685838338134,9.446621767752,
    14.721396580811));
#1291 = CARTESIAN_POINT('',(14.665720587753,9.523780205815,
    14.692177167266));
#1292 = CARTESIAN_POINT('',(14.642411319441,9.502927530232,
    14.612424040825));
#1293 = CARTESIAN_POINT('',(14.91371451072,9.47205142072,14.61151599994)
  );
#1294 = CARTESIAN_POINT('',(14.88958203865,9.547376393211,
    14.583445810767));
#1295 = CARTESIAN_POINT('',(14.846795373737,9.524450511727,
    14.514176769609));
#1296 = CARTESIAN_POINT('',(15.017422721093,9.478074164369,
    14.534360926288));
#1297 = CARTESIAN_POINT('',(14.992001236113,9.553479577738,
    14.507144716094));
#1298 = CARTESIAN_POINT('',(14.939645150262,9.529803552223,
    14.444878744494));
#1299 = CARTESIAN_POINT('',(15.189033704648,9.475413820862,
    14.348436789037));
#1300 = CARTESIAN_POINT('',(15.161261315177,9.55271493368,
    14.324355782766));
#1301 = CARTESIAN_POINT('',(15.092970679219,9.528417535551,
    14.277422634804));
#1302 = CARTESIAN_POINT('',(15.257670088812,9.466635295096,
    14.238581941845));
#1303 = CARTESIAN_POINT('',(15.229519647444,9.545677947691,
    14.215633948395));
#1304 = CARTESIAN_POINT('',(15.154099290308,9.521600477008,
    14.178286000731));
#1305 = CARTESIAN_POINT('',(15.349566149912,9.435582970443,
    14.005819481559));
#1306 = CARTESIAN_POINT('',(15.322209791668,9.519487483392,
    13.985565633929));
#1307 = CARTESIAN_POINT('',(15.235498232855,9.496684537012,
    13.967907389798));
#1308 = CARTESIAN_POINT('',(15.373940747244,9.413003224146,
    13.880458585618));
#1309 = CARTESIAN_POINT('',(15.347460709189,9.499761433553,
    13.860572623777));
#1310 = CARTESIAN_POINT('',(15.25675898554,9.478339972584,
    13.854450361491));
#1311 = CARTESIAN_POINT('',(15.374719701651,9.38508998655,
    13.756448254242));
#1312 = CARTESIAN_POINT('',(15.350042613279,9.475397920814,
    13.738061393199));
#1313 = CARTESIAN_POINT('',(15.256824330753,9.455474787358,
    13.742058754439));
#1314 = ADVANCED_FACE('',(#1315),#1321,.T.);
#1315 = FACE_BOUND('',#1316,.T.);
#1316 = EDGE_LOOP('',(#1317,#1318,#1319,#1320));
#1317 = ORIENTED_EDGE('',*,*,#849,.F.);
#1318 = ORIENTED_EDGE('',*,*,#819,.F.);
#1319 = ORIENTED_EDGE('',*,*,#756,.F.);
#1320 = ORIENTED_EDGE('',*,*,#964,.F.);
#1321 = ( BOUNDED_SURFACE() B_SPLINE_SURFACE(3,2,(
    (#1322,#1323,#1324)
    ,(#1325,#1326,#1327)
    ,(#1328,#1329,#1330)
    ,(#1331,#1332,#1333)
    ,(#1334,#1335,#1336)
    ,(#1337,#1338,#1339
)),.UNSPECIFIED.,.F.,.F.,.F.) B_SPLINE_SURFACE_WITH_KNOTS((4,2,4),(3,3),
  (0.,6.808953109559E-04,1.361790621912E-03),(0.,1.),.UNSPECIFIED.) 
GEOMETRIC_REPRESENTATION_ITEM() RATIONAL_B_SPLINE_SURFACE((
    (1.,0.723526150729,1.)
    ,(1.,0.742232144906,1.)
    ,(1.,0.756853063432,1.)
    ,(1.,0.768325664935,1.)
    ,(1.,0.765013069542,1.)
,(1.,0.751021282072,1.))) REPRESENTATION_ITEM('') SURFACE() );
#1322 = CARTESIAN_POINT('',(2.625280298349,9.38508998655,13.75644825424)
  );
#1323 = CARTESIAN_POINT('',(2.649957386721,9.475397920814,
    13.738061393198));
#1324 = CARTESIAN_POINT('',(2.743175669247,9.455474787358,
    13.742058754437));
#1325 = CARTESIAN_POINT('',(2.626828602767,9.440572290167,14.00293986074
    ));
#1326 = CARTESIAN_POINT('',(2.655025337334,9.523220236441,
    13.978534566947));
#1327 = CARTESIAN_POINT('',(2.743305571609,9.500923482388,
    13.965457438735));
#1328 = CARTESIAN_POINT('',(2.724439380964,9.47400696602,14.254391247222
    ));
#1329 = CARTESIAN_POINT('',(2.752428330723,9.552268395765,
    14.230851315762));
#1330 = CARTESIAN_POINT('',(2.829723673684,9.527665538482,
    14.192717070881));
#1331 = CARTESIAN_POINT('',(3.067986593442,9.479463481359,
    14.627194675182));
#1332 = CARTESIAN_POINT('',(3.091291177475,9.553911455313,14.59738466524
    ));
#1333 = CARTESIAN_POINT('',(3.136661984651,9.530546350409,14.5284928787)
  );
#1334 = CARTESIAN_POINT('',(3.310747137119,9.452050540804,
    14.745397996592));
#1335 = CARTESIAN_POINT('',(3.334588636368,9.527625151849,
    14.715538181658));
#1336 = CARTESIAN_POINT('',(3.354329960133,9.507258213183,
    14.634153980271));
#1337 = CARTESIAN_POINT('',(3.561888228381,9.403128248036,
    14.762243292897));
#1338 = CARTESIAN_POINT('',(3.578213940006,9.484809951654,
    14.734118026841));
#1339 = CARTESIAN_POINT('',(3.580304707485,9.466883198651,
    14.648073152648));
#1340 = ADVANCED_FACE('',(#1341),#1366,.T.);
#1341 = FACE_BOUND('',#1342,.T.);
#1342 = EDGE_LOOP('',(#1343,#1344,#1352,#1360));
#1343 = ORIENTED_EDGE('',*,*,#989,.T.);
#1344 = ORIENTED_EDGE('',*,*,#1345,.T.);
#1345 = EDGE_CURVE('',#992,#1346,#1348,.T.);
#1346 = VERTEX_POINT('',#1347);
#1347 = CARTESIAN_POINT('',(12.98922687802,6.273625093492,4.546308115834
    ));
#1348 = LINE('',#1349,#1350);
#1349 = CARTESIAN_POINT('',(12.991172438147,7.253325182877,
    4.345848769194));
#1350 = VECTOR('',#1351,1.);
#1351 = DIRECTION('',(-1.945560127085E-03,-0.979700089385,0.20045934664)
  );
#1352 = ORIENTED_EDGE('',*,*,#1353,.T.);
#1353 = EDGE_CURVE('',#1346,#1354,#1356,.T.);
#1354 = VERTEX_POINT('',#1355);
#1355 = CARTESIAN_POINT('',(12.984887037421,7.188131279729,
    9.015709837418));
#1356 = LINE('',#1357,#1358);
#1357 = CARTESIAN_POINT('',(12.98922687802,6.273625093492,4.546308115834
    ));
#1358 = VECTOR('',#1359,1.);
#1359 = DIRECTION('',(-9.513010912701E-04,0.200461448574,0.979701129254)
  );
#1360 = ORIENTED_EDGE('',*,*,#1361,.F.);
#1361 = EDGE_CURVE('',#990,#1354,#1362,.T.);
#1362 = LINE('',#1363,#1364);
#1363 = CARTESIAN_POINT('',(12.986832597548,8.167831369114,
    8.815250490779));
#1364 = VECTOR('',#1365,1.);
#1365 = DIRECTION('',(-1.945560127085E-03,-0.979700089385,0.20045934664)
  );
#1366 = PLANE('',#1367);
#1367 = AXIS2_PLACEMENT_3D('',#1368,#1369,#1370);
#1368 = CARTESIAN_POINT('',(12.991172438147,7.253325182877,
    4.345848769194));
#1369 = DIRECTION('',(-0.999997654908,1.715370258324E-03,
    -1.321999565512E-03));
#1370 = DIRECTION('',(-9.513010912701E-04,0.200461448574,0.979701129254)
  );
#1371 = ADVANCED_FACE('',(#1372),#1390,.T.);
#1372 = FACE_BOUND('',#1373,.T.);
#1373 = EDGE_LOOP('',(#1374,#1375,#1383,#1389));
#1374 = ORIENTED_EDGE('',*,*,#1094,.T.);
#1375 = ORIENTED_EDGE('',*,*,#1376,.T.);
#1376 = EDGE_CURVE('',#1085,#1377,#1379,.T.);
#1377 = VERTEX_POINT('',#1378);
#1378 = CARTESIAN_POINT('',(10.673310475296,6.277597756926,
    4.543246468176));
#1379 = LINE('',#1380,#1381);
#1380 = CARTESIAN_POINT('',(10.675256035423,7.257297846311,
    4.342787121536));
#1381 = VECTOR('',#1382,1.);
#1382 = DIRECTION('',(-1.945560127085E-03,-0.979700089385,0.20045934664)
  );
#1383 = ORIENTED_EDGE('',*,*,#1384,.T.);
#1384 = EDGE_CURVE('',#1377,#1346,#1385,.T.);
#1385 = LINE('',#1386,#1387);
#1386 = CARTESIAN_POINT('',(10.673310475296,6.277597756926,
    4.543246468176));
#1387 = VECTOR('',#1388,1.);
#1388 = DIRECTION('',(0.999997654908,-1.715370258324E-03,
    1.321999565512E-03));
#1389 = ORIENTED_EDGE('',*,*,#1345,.F.);
#1390 = PLANE('',#1391);
#1391 = AXIS2_PLACEMENT_3D('',#1392,#1393,#1394);
#1392 = CARTESIAN_POINT('',(10.675256035423,7.257297846311,
    4.342787121536));
#1393 = DIRECTION('',(-9.513010912701E-04,0.200461448574,0.979701129254)
  );
#1394 = DIRECTION('',(0.999997654908,-1.715370258324E-03,
    1.321999565512E-03));
#1395 = ADVANCED_FACE('',(#1396),#1414,.T.);
#1396 = FACE_BOUND('',#1397,.T.);
#1397 = EDGE_LOOP('',(#1398,#1399,#1407,#1413));
#1398 = ORIENTED_EDGE('',*,*,#1084,.F.);
#1399 = ORIENTED_EDGE('',*,*,#1400,.T.);
#1400 = EDGE_CURVE('',#1075,#1401,#1403,.T.);
#1401 = VERTEX_POINT('',#1402);
#1402 = CARTESIAN_POINT('',(9.158213953294,7.194695456319,9.0106509654)
  );
#1403 = LINE('',#1404,#1405);
#1404 = CARTESIAN_POINT('',(9.160159513421,8.174395545704,8.810191618761
    ));
#1405 = VECTOR('',#1406,1.);
#1406 = DIRECTION('',(-1.945560127085E-03,-0.979700089385,0.20045934664)
  );
#1407 = ORIENTED_EDGE('',*,*,#1408,.T.);
#1408 = EDGE_CURVE('',#1401,#1377,#1409,.T.);
#1409 = LINE('',#1410,#1411);
#1410 = CARTESIAN_POINT('',(9.158213953294,7.194695456319,9.0106509654)
  );
#1411 = VECTOR('',#1412,1.);
#1412 = DIRECTION('',(0.315273891116,-0.190837320278,-0.929614700169));
#1413 = ORIENTED_EDGE('',*,*,#1376,.F.);
#1414 = PLANE('',#1415);
#1415 = AXIS2_PLACEMENT_3D('',#1416,#1417,#1418);
#1416 = CARTESIAN_POINT('',(9.160159513421,8.174395545704,8.810191618761
    ));
#1417 = DIRECTION('',(0.948998729386,6.139097693136E-02,0.309245144788)
  );
#1418 = DIRECTION('',(0.315273891116,-0.190837320278,-0.929614700169));
#1419 = ADVANCED_FACE('',(#1420),#1438,.T.);
#1420 = FACE_BOUND('',#1421,.T.);
#1421 = EDGE_LOOP('',(#1422,#1423,#1431,#1437));
#1422 = ORIENTED_EDGE('',*,*,#1074,.F.);
#1423 = ORIENTED_EDGE('',*,*,#1424,.T.);
#1424 = EDGE_CURVE('',#1065,#1425,#1427,.T.);
#1425 = VERTEX_POINT('',#1426);
#1426 = CARTESIAN_POINT('',(9.157071889979,7.435354979013,
    10.186809313186));
#1427 = LINE('',#1428,#1429);
#1428 = CARTESIAN_POINT('',(9.159017450106,8.415055068398,9.986349966546
    ));
#1429 = VECTOR('',#1430,1.);
#1430 = DIRECTION('',(-1.945560127085E-03,-0.979700089385,0.20045934664)
  );
#1431 = ORIENTED_EDGE('',*,*,#1432,.T.);
#1432 = EDGE_CURVE('',#1425,#1401,#1433,.T.);
#1433 = LINE('',#1434,#1435);
#1434 = CARTESIAN_POINT('',(9.157071889979,7.435354979013,
    10.186809313186));
#1435 = VECTOR('',#1436,1.);
#1436 = DIRECTION('',(9.513010912701E-04,-0.200461448574,-0.979701129254
    ));
#1437 = ORIENTED_EDGE('',*,*,#1400,.F.);
#1438 = PLANE('',#1439);
#1439 = AXIS2_PLACEMENT_3D('',#1440,#1441,#1442);
#1440 = CARTESIAN_POINT('',(9.159017450106,8.415055068398,9.986349966546
    ));
#1441 = DIRECTION('',(0.999997654908,-1.715370258324E-03,
    1.321999565512E-03));
#1442 = DIRECTION('',(9.513010912701E-04,-0.200461448574,-0.979701129254
    ));
#1443 = ADVANCED_FACE('',(#1444),#1462,.T.);
#1444 = FACE_BOUND('',#1445,.T.);
#1445 = EDGE_LOOP('',(#1446,#1447,#1455,#1461));
#1446 = ORIENTED_EDGE('',*,*,#1064,.F.);
#1447 = ORIENTED_EDGE('',*,*,#1448,.T.);
#1448 = EDGE_CURVE('',#1055,#1449,#1451,.T.);
#1449 = VERTEX_POINT('',#1450);
#1450 = CARTESIAN_POINT('',(11.234903428871,7.431790720231,
    10.189556212019));
#1451 = LINE('',#1452,#1453);
#1452 = CARTESIAN_POINT('',(11.236848988998,8.411490809616,
    9.989096865379));
#1453 = VECTOR('',#1454,1.);
#1454 = DIRECTION('',(-1.945560127085E-03,-0.979700089385,0.20045934664)
  );
#1455 = ORIENTED_EDGE('',*,*,#1456,.T.);
#1456 = EDGE_CURVE('',#1449,#1425,#1457,.T.);
#1457 = LINE('',#1458,#1459);
#1458 = CARTESIAN_POINT('',(11.234903428871,7.431790720231,
    10.189556212019));
#1459 = VECTOR('',#1460,1.);
#1460 = DIRECTION('',(-0.999997654908,1.715370258324E-03,
    -1.321999565512E-03));
#1461 = ORIENTED_EDGE('',*,*,#1424,.F.);
#1462 = PLANE('',#1463);
#1463 = AXIS2_PLACEMENT_3D('',#1464,#1465,#1466);
#1464 = CARTESIAN_POINT('',(11.236848988998,8.411490809616,
    9.989096865379));
#1465 = DIRECTION('',(9.513010912701E-04,-0.200461448574,-0.979701129254
    ));
#1466 = DIRECTION('',(-0.999997654908,1.715370258324E-03,
    -1.321999565512E-03));
#1467 = ADVANCED_FACE('',(#1468),#1486,.T.);
#1468 = FACE_BOUND('',#1469,.T.);
#1469 = EDGE_LOOP('',(#1470,#1471,#1479,#1485));
#1470 = ORIENTED_EDGE('',*,*,#1054,.F.);
#1471 = ORIENTED_EDGE('',*,*,#1472,.T.);
#1472 = EDGE_CURVE('',#1042,#1473,#1475,.T.);
#1473 = VERTEX_POINT('',#1474);
#1474 = CARTESIAN_POINT('',(11.233726225146,7.679855151316,
    11.401904047429));
#1475 = LINE('',#1476,#1477);
#1476 = CARTESIAN_POINT('',(11.235671785273,8.659555240701,
    11.201444700789));
#1477 = VECTOR('',#1478,1.);
#1478 = DIRECTION('',(-1.945560127085E-03,-0.979700089385,0.20045934664)
  );
#1479 = ORIENTED_EDGE('',*,*,#1480,.T.);
#1480 = EDGE_CURVE('',#1473,#1449,#1481,.T.);
#1481 = LINE('',#1482,#1483);
#1482 = CARTESIAN_POINT('',(11.233726225146,7.679855151316,
    11.401904047429));
#1483 = VECTOR('',#1484,1.);
#1484 = DIRECTION('',(9.513010912701E-04,-0.200461448574,-0.979701129254
    ));
#1485 = ORIENTED_EDGE('',*,*,#1448,.F.);
#1486 = PLANE('',#1487);
#1487 = AXIS2_PLACEMENT_3D('',#1488,#1489,#1490);
#1488 = CARTESIAN_POINT('',(11.235671785273,8.659555240701,
    11.201444700789));
#1489 = DIRECTION('',(0.999997654908,-1.715370258324E-03,
    1.321999565512E-03));
#1490 = DIRECTION('',(9.513010912701E-04,-0.200461448574,-0.979701129254
    ));
#1491 = ADVANCED_FACE('',(#1492),#1510,.T.);
#1492 = FACE_BOUND('',#1493,.T.);
#1493 = EDGE_LOOP('',(#1494,#1495,#1503,#1509));
#1494 = ORIENTED_EDGE('',*,*,#1041,.F.);
#1495 = ORIENTED_EDGE('',*,*,#1496,.T.);
#1496 = EDGE_CURVE('',#1032,#1497,#1499,.T.);
#1497 = VERTEX_POINT('',#1498);
#1498 = CARTESIAN_POINT('',(12.982567770381,7.676855233508,
    11.404216020613));
#1499 = LINE('',#1500,#1501);
#1500 = CARTESIAN_POINT('',(12.984513330508,8.656555322892,
    11.203756673974));
#1501 = VECTOR('',#1502,1.);
#1502 = DIRECTION('',(-1.945560127085E-03,-0.979700089385,0.20045934664)
  );
#1503 = ORIENTED_EDGE('',*,*,#1504,.T.);
#1504 = EDGE_CURVE('',#1497,#1473,#1505,.T.);
#1505 = LINE('',#1506,#1507);
#1506 = CARTESIAN_POINT('',(12.982567770381,7.676855233508,
    11.404216020613));
#1507 = VECTOR('',#1508,1.);
#1508 = DIRECTION('',(-0.999997654908,1.715370258324E-03,
    -1.321999565512E-03));
#1509 = ORIENTED_EDGE('',*,*,#1472,.F.);
#1510 = PLANE('',#1511);
#1511 = AXIS2_PLACEMENT_3D('',#1512,#1513,#1514);
#1512 = CARTESIAN_POINT('',(12.984513330508,8.656555322892,
    11.203756673974));
#1513 = DIRECTION('',(9.513010912701E-04,-0.200461448574,-0.979701129254
    ));
#1514 = DIRECTION('',(-0.999997654908,1.715370258324E-03,
    -1.321999565512E-03));
#1515 = ADVANCED_FACE('',(#1516),#1534,.T.);
#1516 = FACE_BOUND('',#1517,.T.);
#1517 = EDGE_LOOP('',(#1518,#1519,#1527,#1533));
#1518 = ORIENTED_EDGE('',*,*,#1031,.T.);
#1519 = ORIENTED_EDGE('',*,*,#1520,.T.);
#1520 = EDGE_CURVE('',#1022,#1521,#1523,.T.);
#1521 = VERTEX_POINT('',#1522);
#1522 = CARTESIAN_POINT('',(12.983744974106,7.428790802423,
    10.191868185204));
#1523 = LINE('',#1524,#1525);
#1524 = CARTESIAN_POINT('',(12.985690534233,8.408490891808,
    9.991408838564));
#1525 = VECTOR('',#1526,1.);
#1526 = DIRECTION('',(-1.945560127085E-03,-0.979700089385,0.20045934664)
  );
#1527 = ORIENTED_EDGE('',*,*,#1528,.T.);
#1528 = EDGE_CURVE('',#1521,#1497,#1529,.T.);
#1529 = LINE('',#1530,#1531);
#1530 = CARTESIAN_POINT('',(12.983744974106,7.428790802423,
    10.191868185204));
#1531 = VECTOR('',#1532,1.);
#1532 = DIRECTION('',(-9.513010912701E-04,0.200461448574,0.979701129254)
  );
#1533 = ORIENTED_EDGE('',*,*,#1496,.F.);
#1534 = PLANE('',#1535);
#1535 = AXIS2_PLACEMENT_3D('',#1536,#1537,#1538);
#1536 = CARTESIAN_POINT('',(12.985690534233,8.408490891808,
    9.991408838564));
#1537 = DIRECTION('',(-0.999997654908,1.715370258324E-03,
    -1.321999565512E-03));
#1538 = DIRECTION('',(-9.513010912701E-04,0.200461448574,0.979701129254)
  );
#1539 = ADVANCED_FACE('',(#1540),#1558,.T.);
#1540 = FACE_BOUND('',#1541,.T.);
#1541 = EDGE_LOOP('',(#1542,#1543,#1551,#1557));
#1542 = ORIENTED_EDGE('',*,*,#1021,.F.);
#1543 = ORIENTED_EDGE('',*,*,#1544,.T.);
#1544 = EDGE_CURVE('',#1012,#1545,#1547,.T.);
#1545 = VERTEX_POINT('',#1546);
#1546 = CARTESIAN_POINT('',(13.481558780299,7.427936865423,
    10.192526296383));
#1547 = LINE('',#1548,#1549);
#1548 = CARTESIAN_POINT('',(13.483504340426,8.407636954808,
    9.992066949743));
#1549 = VECTOR('',#1550,1.);
#1550 = DIRECTION('',(-1.945560127085E-03,-0.979700089385,0.20045934664)
  );
#1551 = ORIENTED_EDGE('',*,*,#1552,.T.);
#1552 = EDGE_CURVE('',#1545,#1521,#1553,.T.);
#1553 = LINE('',#1554,#1555);
#1554 = CARTESIAN_POINT('',(13.481558780299,7.427936865423,
    10.192526296383));
#1555 = VECTOR('',#1556,1.);
#1556 = DIRECTION('',(-0.999997654908,1.715370258324E-03,
    -1.321999565512E-03));
#1557 = ORIENTED_EDGE('',*,*,#1520,.F.);
#1558 = PLANE('',#1559);
#1559 = AXIS2_PLACEMENT_3D('',#1560,#1561,#1562);
#1560 = CARTESIAN_POINT('',(13.483504340426,8.407636954808,
    9.992066949743));
#1561 = DIRECTION('',(9.513010912701E-04,-0.200461448574,-0.979701129254
    ));
#1562 = DIRECTION('',(-0.999997654908,1.715370258324E-03,
    -1.321999565512E-03));
#1563 = ADVANCED_FACE('',(#1564),#1582,.T.);
#1564 = FACE_BOUND('',#1565,.T.);
#1565 = EDGE_LOOP('',(#1566,#1567,#1575,#1581));
#1566 = ORIENTED_EDGE('',*,*,#1011,.T.);
#1567 = ORIENTED_EDGE('',*,*,#1568,.T.);
#1568 = EDGE_CURVE('',#1002,#1569,#1571,.T.);
#1569 = VERTEX_POINT('',#1570);
#1570 = CARTESIAN_POINT('',(13.482700843614,7.187277342729,
    9.016367948597));
#1571 = LINE('',#1572,#1573);
#1572 = CARTESIAN_POINT('',(13.484646403741,8.166977432114,
    8.815908601958));
#1573 = VECTOR('',#1574,1.);
#1574 = DIRECTION('',(-1.945560127085E-03,-0.979700089385,0.20045934664)
  );
#1575 = ORIENTED_EDGE('',*,*,#1576,.T.);
#1576 = EDGE_CURVE('',#1569,#1545,#1577,.T.);
#1577 = LINE('',#1578,#1579);
#1578 = CARTESIAN_POINT('',(13.482700843614,7.187277342729,
    9.016367948597));
#1579 = VECTOR('',#1580,1.);
#1580 = DIRECTION('',(-9.513010912701E-04,0.200461448574,0.979701129254)
  );
#1581 = ORIENTED_EDGE('',*,*,#1544,.F.);
#1582 = PLANE('',#1583);
#1583 = AXIS2_PLACEMENT_3D('',#1584,#1585,#1586);
#1584 = CARTESIAN_POINT('',(13.484646403741,8.166977432114,
    8.815908601958));
#1585 = DIRECTION('',(-0.999997654908,1.715370258324E-03,
    -1.321999565512E-03));
#1586 = DIRECTION('',(-9.513010912701E-04,0.200461448574,0.979701129254)
  );
#1587 = ADVANCED_FACE('',(#1588),#1599,.T.);
#1588 = FACE_BOUND('',#1589,.T.);
#1589 = EDGE_LOOP('',(#1590,#1591,#1592,#1598));
#1590 = ORIENTED_EDGE('',*,*,#1001,.T.);
#1591 = ORIENTED_EDGE('',*,*,#1361,.T.);
#1592 = ORIENTED_EDGE('',*,*,#1593,.T.);
#1593 = EDGE_CURVE('',#1354,#1569,#1594,.T.);
#1594 = LINE('',#1595,#1596);
#1595 = CARTESIAN_POINT('',(12.984887037421,7.188131279729,
    9.015709837418));
#1596 = VECTOR('',#1597,1.);
#1597 = DIRECTION('',(0.999997654908,-1.715370258324E-03,
    1.321999565512E-03));
#1598 = ORIENTED_EDGE('',*,*,#1568,.F.);
#1599 = PLANE('',#1600);
#1600 = AXIS2_PLACEMENT_3D('',#1601,#1602,#1603);
#1601 = CARTESIAN_POINT('',(12.986832597548,8.167831369114,
    8.815250490779));
#1602 = DIRECTION('',(-9.513010912701E-04,0.200461448574,0.979701129254)
  );
#1603 = DIRECTION('',(0.999997654908,-1.715370258324E-03,
    1.321999565512E-03));
#1604 = ADVANCED_FACE('',(#1605),#1630,.T.);
#1605 = FACE_BOUND('',#1606,.T.);
#1606 = EDGE_LOOP('',(#1607,#1608,#1616,#1624));
#1607 = ORIENTED_EDGE('',*,*,#1107,.T.);
#1608 = ORIENTED_EDGE('',*,*,#1609,.T.);
#1609 = EDGE_CURVE('',#1110,#1610,#1612,.T.);
#1610 = VERTEX_POINT('',#1611);
#1611 = CARTESIAN_POINT('',(9.050870348677,6.280380848992,4.541101598003
    ));
#1612 = LINE('',#1613,#1614);
#1613 = CARTESIAN_POINT('',(9.052815908804,7.260080938377,4.340642251364
    ));
#1614 = VECTOR('',#1615,1.);
#1615 = DIRECTION('',(-1.945560127085E-03,-0.979700089385,0.20045934664)
  );
#1616 = ORIENTED_EDGE('',*,*,#1617,.T.);
#1617 = EDGE_CURVE('',#1610,#1618,#1620,.T.);
#1618 = VERTEX_POINT('',#1619);
#1619 = CARTESIAN_POINT('',(8.00461906222,6.915752878091,7.636185460724)
  );
#1620 = LINE('',#1621,#1622);
#1621 = CARTESIAN_POINT('',(9.050870348677,6.280380848992,4.541101598003
    ));
#1622 = VECTOR('',#1623,1.);
#1623 = DIRECTION('',(-0.314345761188,0.190897260257,0.929916651345));
#1624 = ORIENTED_EDGE('',*,*,#1625,.F.);
#1625 = EDGE_CURVE('',#1108,#1618,#1626,.T.);
#1626 = LINE('',#1627,#1628);
#1627 = CARTESIAN_POINT('',(8.006564622347,7.895452967476,7.435726114084
    ));
#1628 = VECTOR('',#1629,1.);
#1629 = DIRECTION('',(-1.945560127085E-03,-0.979700089385,0.20045934664)
  );
#1630 = PLANE('',#1631);
#1631 = AXIS2_PLACEMENT_3D('',#1632,#1633,#1634);
#1632 = CARTESIAN_POINT('',(9.052815908804,7.260080938377,4.340642251364
    ));
#1633 = DIRECTION('',(-0.94930656651,-6.120433714837E-02,-0.308335972432
    ));
#1634 = DIRECTION('',(-0.314345761188,0.190897260257,0.929916651345));
#1635 = ADVANCED_FACE('',(#1636),#1654,.T.);
#1636 = FACE_BOUND('',#1637,.T.);
#1637 = EDGE_LOOP('',(#1638,#1639,#1647,#1653));
#1638 = ORIENTED_EDGE('',*,*,#1222,.T.);
#1639 = ORIENTED_EDGE('',*,*,#1640,.T.);
#1640 = EDGE_CURVE('',#1213,#1641,#1643,.T.);
#1641 = VERTEX_POINT('',#1642);
#1642 = CARTESIAN_POINT('',(7.340988144797,6.283313936948,4.538841129172
    ));
#1643 = LINE('',#1644,#1645);
#1644 = CARTESIAN_POINT('',(7.342933704924,7.263014026333,4.338381782532
    ));
#1645 = VECTOR('',#1646,1.);
#1646 = DIRECTION('',(-1.945560127085E-03,-0.979700089385,0.20045934664)
  );
#1647 = ORIENTED_EDGE('',*,*,#1648,.T.);
#1648 = EDGE_CURVE('',#1641,#1610,#1649,.T.);
#1649 = LINE('',#1650,#1651);
#1650 = CARTESIAN_POINT('',(7.340988144797,6.283313936948,4.538841129172
    ));
#1651 = VECTOR('',#1652,1.);
#1652 = DIRECTION('',(0.999997654908,-1.715370258324E-03,
    1.321999565512E-03));
#1653 = ORIENTED_EDGE('',*,*,#1609,.F.);
#1654 = PLANE('',#1655);
#1655 = AXIS2_PLACEMENT_3D('',#1656,#1657,#1658);
#1656 = CARTESIAN_POINT('',(7.342933704924,7.263014026333,4.338381782532
    ));
#1657 = DIRECTION('',(-9.513010912701E-04,0.200461448574,0.979701129254)
  );
#1658 = DIRECTION('',(0.999997654908,-1.715370258324E-03,
    1.321999565512E-03));
#1659 = ADVANCED_FACE('',(#1660),#1678,.T.);
#1660 = FACE_BOUND('',#1661,.T.);
#1661 = EDGE_LOOP('',(#1662,#1663,#1671,#1677));
#1662 = ORIENTED_EDGE('',*,*,#1212,.F.);
#1663 = ORIENTED_EDGE('',*,*,#1664,.T.);
#1664 = EDGE_CURVE('',#1203,#1665,#1667,.T.);
#1665 = VERTEX_POINT('',#1666);
#1666 = CARTESIAN_POINT('',(6.528912395106,6.829888893022,7.202222009497
    ));
#1667 = LINE('',#1668,#1669);
#1668 = CARTESIAN_POINT('',(6.530857955233,7.809588982407,7.001762662858
    ));
#1669 = VECTOR('',#1670,1.);
#1670 = DIRECTION('',(-1.945560127085E-03,-0.979700089385,0.20045934664)
  );
#1671 = ORIENTED_EDGE('',*,*,#1672,.T.);
#1672 = EDGE_CURVE('',#1665,#1641,#1673,.T.);
#1673 = LINE('',#1674,#1675);
#1674 = CARTESIAN_POINT('',(6.528912395106,6.829888893022,7.202222009497
    ));
#1675 = VECTOR('',#1676,1.);
#1676 = DIRECTION('',(0.28618694046,-0.192620718536,-0.938612962781));
#1677 = ORIENTED_EDGE('',*,*,#1640,.F.);
#1678 = PLANE('',#1679);
#1679 = AXIS2_PLACEMENT_3D('',#1680,#1681,#1682);
#1680 = CARTESIAN_POINT('',(6.530857955233,7.809588982407,7.001762662858
    ));
#1681 = DIRECTION('',(0.958171826921,5.554271914629E-02,0.280752126339)
  );
#1682 = DIRECTION('',(0.28618694046,-0.192620718536,-0.938612962781));
#1683 = ADVANCED_FACE('',(#1684),#1702,.T.);
#1684 = FACE_BOUND('',#1685,.T.);
#1685 = EDGE_LOOP('',(#1686,#1687,#1695,#1701));
#1686 = ORIENTED_EDGE('',*,*,#1202,.T.);
#1687 = ORIENTED_EDGE('',*,*,#1688,.T.);
#1688 = EDGE_CURVE('',#1190,#1689,#1691,.T.);
#1689 = VERTEX_POINT('',#1690);
#1690 = CARTESIAN_POINT('',(6.53149960777,6.284702512765,4.537770983168)
  );
#1691 = LINE('',#1692,#1693);
#1692 = CARTESIAN_POINT('',(6.533445167897,7.26440260215,4.337311636528)
  );
#1693 = VECTOR('',#1694,1.);
#1694 = DIRECTION('',(-1.945560127085E-03,-0.979700089385,0.20045934664)
  );
#1695 = ORIENTED_EDGE('',*,*,#1696,.T.);
#1696 = EDGE_CURVE('',#1689,#1665,#1697,.T.);
#1697 = LINE('',#1698,#1699);
#1698 = CARTESIAN_POINT('',(6.53149960777,6.284702512765,4.537770983168)
  );
#1699 = VECTOR('',#1700,1.);
#1700 = DIRECTION('',(-9.513010912701E-04,0.200461448574,0.979701129254)
  );
#1701 = ORIENTED_EDGE('',*,*,#1664,.F.);
#1702 = PLANE('',#1703);
#1703 = AXIS2_PLACEMENT_3D('',#1704,#1705,#1706);
#1704 = CARTESIAN_POINT('',(6.533445167897,7.26440260215,4.337311636528)
  );
#1705 = DIRECTION('',(-0.999997654908,1.715370258324E-03,
    -1.321999565512E-03));
#1706 = DIRECTION('',(-9.513010912701E-04,0.200461448574,0.979701129254)
  );
#1707 = ADVANCED_FACE('',(#1708),#1726,.T.);
#1708 = FACE_BOUND('',#1709,.T.);
#1709 = EDGE_LOOP('',(#1710,#1711,#1719,#1725));
#1710 = ORIENTED_EDGE('',*,*,#1189,.T.);
#1711 = ORIENTED_EDGE('',*,*,#1712,.T.);
#1712 = EDGE_CURVE('',#1180,#1713,#1715,.T.);
#1713 = VERTEX_POINT('',#1714);
#1714 = CARTESIAN_POINT('',(4.709068195533,6.287828664739,4.535361723983
    ));
#1715 = LINE('',#1716,#1717);
#1716 = CARTESIAN_POINT('',(4.71101375566,7.267528754123,4.334902377343)
  );
#1717 = VECTOR('',#1718,1.);
#1718 = DIRECTION('',(-1.945560127085E-03,-0.979700089385,0.20045934664)
  );
#1719 = ORIENTED_EDGE('',*,*,#1720,.T.);
#1720 = EDGE_CURVE('',#1713,#1689,#1721,.T.);
#1721 = LINE('',#1722,#1723);
#1722 = CARTESIAN_POINT('',(4.709068195533,6.287828664739,4.535361723983
    ));
#1723 = VECTOR('',#1724,1.);
#1724 = DIRECTION('',(0.999997654908,-1.715370258324E-03,
    1.321999565512E-03));
#1725 = ORIENTED_EDGE('',*,*,#1688,.F.);
#1726 = PLANE('',#1727);
#1727 = AXIS2_PLACEMENT_3D('',#1728,#1729,#1730);
#1728 = CARTESIAN_POINT('',(4.71101375566,7.267528754123,4.334902377343)
  );
#1729 = DIRECTION('',(-9.513010912701E-04,0.200461448574,0.979701129254)
  );
#1730 = DIRECTION('',(0.999997654908,-1.715370258324E-03,
    1.321999565512E-03));
#1731 = ADVANCED_FACE('',(#1732),#1750,.T.);
#1732 = FACE_BOUND('',#1733,.T.);
#1733 = EDGE_LOOP('',(#1734,#1735,#1743,#1749));
#1734 = ORIENTED_EDGE('',*,*,#1179,.F.);
#1735 = ORIENTED_EDGE('',*,*,#1736,.T.);
#1736 = EDGE_CURVE('',#1167,#1737,#1739,.T.);
#1737 = VERTEX_POINT('',#1738);
#1738 = CARTESIAN_POINT('',(4.702409087894,7.691058804754,
    11.393269628762));
#1739 = LINE('',#1740,#1741);
#1740 = CARTESIAN_POINT('',(4.704354648021,8.670758894139,
    11.192810282123));
#1741 = VECTOR('',#1742,1.);
#1742 = DIRECTION('',(-1.945560127085E-03,-0.979700089385,0.20045934664)
  );
#1743 = ORIENTED_EDGE('',*,*,#1744,.T.);
#1744 = EDGE_CURVE('',#1737,#1713,#1745,.T.);
#1745 = LINE('',#1746,#1747);
#1746 = CARTESIAN_POINT('',(4.702409087894,7.691058804754,
    11.393269628762));
#1747 = VECTOR('',#1748,1.);
#1748 = DIRECTION('',(9.513010912701E-04,-0.200461448574,-0.979701129254
    ));
#1749 = ORIENTED_EDGE('',*,*,#1712,.F.);
#1750 = PLANE('',#1751);
#1751 = AXIS2_PLACEMENT_3D('',#1752,#1753,#1754);
#1752 = CARTESIAN_POINT('',(4.704354648021,8.670758894139,
    11.192810282123));
#1753 = DIRECTION('',(0.999997654908,-1.715370258324E-03,
    1.321999565512E-03));
#1754 = DIRECTION('',(9.513010912701E-04,-0.200461448574,-0.979701129254
    ));
#1755 = ADVANCED_FACE('',(#1756),#1774,.T.);
#1756 = FACE_BOUND('',#1757,.T.);
#1757 = EDGE_LOOP('',(#1758,#1759,#1767,#1773));
#1758 = ORIENTED_EDGE('',*,*,#1166,.F.);
#1759 = ORIENTED_EDGE('',*,*,#1760,.T.);
#1760 = EDGE_CURVE('',#1157,#1761,#1763,.T.);
#1761 = VERTEX_POINT('',#1762);
#1762 = CARTESIAN_POINT('',(6.524840500131,7.687932652781,
    11.395678887947));
#1763 = LINE('',#1764,#1765);
#1764 = CARTESIAN_POINT('',(6.526786060258,8.667632742166,
    11.195219541308));
#1765 = VECTOR('',#1766,1.);
#1766 = DIRECTION('',(-1.945560127085E-03,-0.979700089385,0.20045934664)
  );
#1767 = ORIENTED_EDGE('',*,*,#1768,.T.);
#1768 = EDGE_CURVE('',#1761,#1737,#1769,.T.);
#1769 = LINE('',#1770,#1771);
#1770 = CARTESIAN_POINT('',(6.524840500131,7.687932652781,
    11.395678887947));
#1771 = VECTOR('',#1772,1.);
#1772 = DIRECTION('',(-0.999997654908,1.715370258324E-03,
    -1.321999565512E-03));
#1773 = ORIENTED_EDGE('',*,*,#1736,.F.);
#1774 = PLANE('',#1775);
#1775 = AXIS2_PLACEMENT_3D('',#1776,#1777,#1778);
#1776 = CARTESIAN_POINT('',(6.526786060258,8.667632742166,
    11.195219541308));
#1777 = DIRECTION('',(9.513010912701E-04,-0.200461448574,-0.979701129254
    ));
#1778 = DIRECTION('',(-0.999997654908,1.715370258324E-03,
    -1.321999565512E-03));
#1779 = ADVANCED_FACE('',(#1780),#1798,.T.);
#1780 = FACE_BOUND('',#1781,.T.);
#1781 = EDGE_LOOP('',(#1782,#1783,#1791,#1797));
#1782 = ORIENTED_EDGE('',*,*,#1156,.T.);
#1783 = ORIENTED_EDGE('',*,*,#1784,.T.);
#1784 = EDGE_CURVE('',#1147,#1785,#1787,.T.);
#1785 = VERTEX_POINT('',#1786);
#1786 = CARTESIAN_POINT('',(6.527695109351,7.086399547739,8.455848479228
    ));
#1787 = LINE('',#1788,#1789);
#1788 = CARTESIAN_POINT('',(6.529640669478,8.066099637124,8.255389132588
    ));
#1789 = VECTOR('',#1790,1.);
#1790 = DIRECTION('',(-1.945560127085E-03,-0.979700089385,0.20045934664)
  );
#1791 = ORIENTED_EDGE('',*,*,#1792,.T.);
#1792 = EDGE_CURVE('',#1785,#1761,#1793,.T.);
#1793 = LINE('',#1794,#1795);
#1794 = CARTESIAN_POINT('',(6.527695109351,7.086399547739,8.455848479228
    ));
#1795 = VECTOR('',#1796,1.);
#1796 = DIRECTION('',(-9.513010912701E-04,0.200461448574,0.979701129254)
  );
#1797 = ORIENTED_EDGE('',*,*,#1760,.F.);
#1798 = PLANE('',#1799);
#1799 = AXIS2_PLACEMENT_3D('',#1800,#1801,#1802);
#1800 = CARTESIAN_POINT('',(6.529640669478,8.066099637124,8.255389132588
    ));
#1801 = DIRECTION('',(-0.999997654908,1.715370258324E-03,
    -1.321999565512E-03));
#1802 = DIRECTION('',(-9.513010912701E-04,0.200461448574,0.979701129254)
  );
#1803 = ADVANCED_FACE('',(#1804),#1822,.T.);
#1804 = FACE_BOUND('',#1805,.T.);
#1805 = EDGE_LOOP('',(#1806,#1807,#1815,#1821));
#1806 = ORIENTED_EDGE('',*,*,#1146,.F.);
#1807 = ORIENTED_EDGE('',*,*,#1808,.T.);
#1808 = EDGE_CURVE('',#1133,#1809,#1811,.T.);
#1809 = VERTEX_POINT('',#1810);
#1810 = CARTESIAN_POINT('',(7.260739170156,7.686670311129,
    11.396651747951));
#1811 = LINE('',#1812,#1813);
#1812 = CARTESIAN_POINT('',(7.262684730283,8.666370400514,
    11.196192401311));
#1813 = VECTOR('',#1814,1.);
#1814 = DIRECTION('',(-1.945560127085E-03,-0.979700089385,0.20045934664)
  );
#1815 = ORIENTED_EDGE('',*,*,#1816,.T.);
#1816 = EDGE_CURVE('',#1809,#1785,#1817,.T.);
#1817 = LINE('',#1818,#1819);
#1818 = CARTESIAN_POINT('',(7.260739170156,7.686670311129,
    11.396651747951));
#1819 = VECTOR('',#1820,1.);
#1820 = DIRECTION('',(-0.237257149689,-0.19428372451,-0.951820823113));
#1821 = ORIENTED_EDGE('',*,*,#1784,.F.);
#1822 = PLANE('',#1823);
#1823 = AXIS2_PLACEMENT_3D('',#1824,#1825,#1826);
#1824 = CARTESIAN_POINT('',(7.262684730283,8.666370400514,
    11.196192401311));
#1825 = DIRECTION('',(0.97144493396,-4.941223785383E-02,-0.23206286009)
  );
#1826 = DIRECTION('',(-0.237257149689,-0.19428372451,-0.951820823113));
#1827 = ADVANCED_FACE('',(#1828),#1846,.T.);
#1828 = FACE_BOUND('',#1829,.T.);
#1829 = EDGE_LOOP('',(#1830,#1831,#1839,#1845));
#1830 = ORIENTED_EDGE('',*,*,#1132,.F.);
#1831 = ORIENTED_EDGE('',*,*,#1832,.T.);
#1832 = EDGE_CURVE('',#1120,#1833,#1835,.T.);
#1833 = VERTEX_POINT('',#1834);
#1834 = CARTESIAN_POINT('',(9.143774002277,7.683440201608,
    11.399141125019));
#1835 = LINE('',#1836,#1837);
#1836 = CARTESIAN_POINT('',(9.145719562404,8.663140290992,
    11.198681778379));
#1837 = VECTOR('',#1838,1.);
#1838 = DIRECTION('',(-1.945560127085E-03,-0.979700089385,0.20045934664)
  );
#1839 = ORIENTED_EDGE('',*,*,#1840,.T.);
#1840 = EDGE_CURVE('',#1833,#1809,#1841,.T.);
#1841 = LINE('',#1842,#1843);
#1842 = CARTESIAN_POINT('',(9.143774002277,7.683440201608,
    11.399141125019));
#1843 = VECTOR('',#1844,1.);
#1844 = DIRECTION('',(-0.999997654908,1.715370258324E-03,
    -1.321999565512E-03));
#1845 = ORIENTED_EDGE('',*,*,#1808,.F.);
#1846 = PLANE('',#1847);
#1847 = AXIS2_PLACEMENT_3D('',#1848,#1849,#1850);
#1848 = CARTESIAN_POINT('',(9.145719562404,8.663140290992,
    11.198681778379));
#1849 = DIRECTION('',(9.513010912701E-04,-0.200461448574,-0.979701129254
    ));
#1850 = DIRECTION('',(-0.999997654908,1.715370258324E-03,
    -1.321999565512E-03));
#1851 = ADVANCED_FACE('',(#1852),#1863,.T.);
#1852 = FACE_BOUND('',#1853,.T.);
#1853 = EDGE_LOOP('',(#1854,#1855,#1856,#1862));
#1854 = ORIENTED_EDGE('',*,*,#1119,.T.);
#1855 = ORIENTED_EDGE('',*,*,#1625,.T.);
#1856 = ORIENTED_EDGE('',*,*,#1857,.T.);
#1857 = EDGE_CURVE('',#1618,#1833,#1858,.T.);
#1858 = LINE('',#1859,#1860);
#1859 = CARTESIAN_POINT('',(8.00461906222,6.915752878091,7.636185460724)
  );
#1860 = VECTOR('',#1861,1.);
#1861 = DIRECTION('',(0.284372672153,0.191641442169,0.939364541047));
#1862 = ORIENTED_EDGE('',*,*,#1832,.F.);
#1863 = PLANE('',#1864);
#1864 = AXIS2_PLACEMENT_3D('',#1865,#1866,#1867);
#1865 = CARTESIAN_POINT('',(8.006564622347,7.895452967476,7.435726114084
    ));
#1866 = DIRECTION('',(-0.958711843115,5.883275025777E-02,0.278227082378)
  );
#1867 = DIRECTION('',(0.284372672153,0.191641442169,0.939364541047));
#1868 = ADVANCED_FACE('',(#1869,#1882),#1908,.T.);
#1869 = FACE_BOUND('',#1870,.T.);
#1870 = EDGE_LOOP('',(#1871,#1872,#1873,#1874,#1875,#1876,#1877,#1878,
    #1879,#1880,#1881));
#1871 = ORIENTED_EDGE('',*,*,#1353,.F.);
#1872 = ORIENTED_EDGE('',*,*,#1384,.F.);
#1873 = ORIENTED_EDGE('',*,*,#1408,.F.);
#1874 = ORIENTED_EDGE('',*,*,#1432,.F.);
#1875 = ORIENTED_EDGE('',*,*,#1456,.F.);
#1876 = ORIENTED_EDGE('',*,*,#1480,.F.);
#1877 = ORIENTED_EDGE('',*,*,#1504,.F.);
#1878 = ORIENTED_EDGE('',*,*,#1528,.F.);
#1879 = ORIENTED_EDGE('',*,*,#1552,.F.);
#1880 = ORIENTED_EDGE('',*,*,#1576,.F.);
#1881 = ORIENTED_EDGE('',*,*,#1593,.F.);
#1882 = FACE_BOUND('',#1883,.T.);
#1883 = EDGE_LOOP('',(#1884,#1894,#1902));
#1884 = ORIENTED_EDGE('',*,*,#1885,.F.);
#1885 = EDGE_CURVE('',#1886,#1888,#1890,.T.);
#1886 = VERTEX_POINT('',#1887);
#1887 = CARTESIAN_POINT('',(11.236045492187,7.191131197537,
    9.013397864234));
#1888 = VERTEX_POINT('',#1889);
#1889 = CARTESIAN_POINT('',(11.238882805736,6.593242695844,
    6.091379468954));
#1890 = LINE('',#1891,#1892);
#1891 = CARTESIAN_POINT('',(11.236045492187,7.191131197537,
    9.013397864234));
#1892 = VECTOR('',#1893,1.);
#1893 = DIRECTION('',(9.513010912701E-04,-0.200461448574,-0.979701129254
    ));
#1894 = ORIENTED_EDGE('',*,*,#1895,.F.);
#1895 = EDGE_CURVE('',#1896,#1886,#1898,.T.);
#1896 = VERTEX_POINT('',#1897);
#1897 = CARTESIAN_POINT('',(10.465516296514,7.192452943502,
    9.012379222583));
#1898 = LINE('',#1899,#1900);
#1899 = CARTESIAN_POINT('',(10.465516296514,7.192452943502,
    9.012379222583));
#1900 = VECTOR('',#1901,1.);
#1901 = DIRECTION('',(0.999997654908,-1.715370258324E-03,
    1.321999565512E-03));
#1902 = ORIENTED_EDGE('',*,*,#1903,.F.);
#1903 = EDGE_CURVE('',#1888,#1896,#1904,.T.);
#1904 = LINE('',#1905,#1906);
#1905 = CARTESIAN_POINT('',(11.238882805736,6.593242695844,
    6.091379468954));
#1906 = VECTOR('',#1907,1.);
#1907 = DIRECTION('',(-0.251053484357,0.194518147274,0.948227208201));
#1908 = PLANE('',#1909);
#1909 = AXIS2_PLACEMENT_3D('',#1910,#1911,#1912);
#1910 = CARTESIAN_POINT('',(11.422483762911,6.994191557902,
    8.052709031725));
#1911 = DIRECTION('',(1.945560127085E-03,0.979700089385,-0.20045934664)
  );
#1912 = DIRECTION('',(0.999997654908,-1.715370258324E-03,
    1.321999565512E-03));
#1913 = ADVANCED_FACE('',(#1914),#1927,.T.);
#1914 = FACE_BOUND('',#1915,.T.);
#1915 = EDGE_LOOP('',(#1916,#1917,#1918,#1919,#1920,#1921,#1922,#1923,
    #1924,#1925,#1926));
#1916 = ORIENTED_EDGE('',*,*,#1617,.F.);
#1917 = ORIENTED_EDGE('',*,*,#1648,.F.);
#1918 = ORIENTED_EDGE('',*,*,#1672,.F.);
#1919 = ORIENTED_EDGE('',*,*,#1696,.F.);
#1920 = ORIENTED_EDGE('',*,*,#1720,.F.);
#1921 = ORIENTED_EDGE('',*,*,#1744,.F.);
#1922 = ORIENTED_EDGE('',*,*,#1768,.F.);
#1923 = ORIENTED_EDGE('',*,*,#1792,.F.);
#1924 = ORIENTED_EDGE('',*,*,#1816,.F.);
#1925 = ORIENTED_EDGE('',*,*,#1840,.F.);
#1926 = ORIENTED_EDGE('',*,*,#1857,.F.);
#1927 = PLANE('',#1928);
#1928 = AXIS2_PLACEMENT_3D('',#1929,#1930,#1931);
#1929 = CARTESIAN_POINT('',(6.740760599941,6.990975067734,7.991550648132
    ));
#1930 = DIRECTION('',(1.945560127085E-03,0.979700089385,-0.20045934664)
  );
#1931 = DIRECTION('',(0.999997654908,-1.715370258324E-03,
    1.321999565512E-03));
#1932 = ADVANCED_FACE('',(#1933),#1960,.T.);
#1933 = FACE_BOUND('',#1934,.T.);
#1934 = EDGE_LOOP('',(#1935,#1947,#1953,#1954));
#1935 = ORIENTED_EDGE('',*,*,#1936,.F.);
#1936 = EDGE_CURVE('',#1937,#1939,#1941,.T.);
#1937 = VERTEX_POINT('',#1938);
#1938 = CARTESIAN_POINT('',(11.237378734965,7.862494703944,
    8.876028182113));
#1939 = VERTEX_POINT('',#1940);
#1940 = CARTESIAN_POINT('',(11.240220007482,7.266599767573,
    5.953601877509));
#1941 = B_SPLINE_CURVE_WITH_KNOTS('',4,(#1942,#1943,#1944,#1945,#1946),
  .UNSPECIFIED.,.F.,.F.,(5,5),(0.,1.),.PIECEWISE_BEZIER_KNOTS.);
#1942 = CARTESIAN_POINT('',(11.237378734965,7.862494703944,
    8.876028182113));
#1943 = CARTESIAN_POINT('',(11.238089052862,7.713520842284,
    8.145421615662));
#1944 = CARTESIAN_POINT('',(11.238799370914,7.564547065638,
    7.414815042745));
#1945 = CARTESIAN_POINT('',(11.239509689121,7.415573374052,
    6.684208463361));
#1946 = CARTESIAN_POINT('',(11.240220007482,7.266599767573,
    5.953601877509));
#1947 = ORIENTED_EDGE('',*,*,#1948,.T.);
#1948 = EDGE_CURVE('',#1937,#1886,#1949,.T.);
#1949 = LINE('',#1950,#1951);
#1950 = CARTESIAN_POINT('',(11.237991052314,8.170831286922,
    8.812938517594));
#1951 = VECTOR('',#1952,1.);
#1952 = DIRECTION('',(-1.945560127085E-03,-0.979700089385,0.20045934664)
  );
#1953 = ORIENTED_EDGE('',*,*,#1885,.T.);
#1954 = ORIENTED_EDGE('',*,*,#1955,.F.);
#1955 = EDGE_CURVE('',#1939,#1888,#1956,.T.);
#1956 = LINE('',#1957,#1958);
#1957 = CARTESIAN_POINT('',(11.240828365863,7.572942785229,
    5.890920122315));
#1958 = VECTOR('',#1959,1.);
#1959 = DIRECTION('',(-1.945560127085E-03,-0.979700089385,0.20045934664)
  );
#1960 = PLANE('',#1961);
#1961 = AXIS2_PLACEMENT_3D('',#1962,#1963,#1964);
#1962 = CARTESIAN_POINT('',(11.237991052314,8.170831286922,
    8.812938517594));
#1963 = DIRECTION('',(0.999997654908,-1.715370258324E-03,
    1.321999565512E-03));
#1964 = DIRECTION('',(9.513010912701E-04,-0.200461448574,-0.979701129254
    ));
#1965 = ADVANCED_FACE('',(#1966),#1986,.T.);
#1966 = FACE_BOUND('',#1967,.T.);
#1967 = EDGE_LOOP('',(#1968,#1978,#1984,#1985));
#1968 = ORIENTED_EDGE('',*,*,#1969,.T.);
#1969 = EDGE_CURVE('',#1937,#1970,#1972,.T.);
#1970 = VERTEX_POINT('',#1971);
#1971 = CARTESIAN_POINT('',(10.466751277846,7.814336227824,
    8.885133835743));
#1972 = B_SPLINE_CURVE_WITH_KNOTS('',4,(#1973,#1974,#1975,#1976,#1977),
  .UNSPECIFIED.,.F.,.F.,(5,5),(0.,1.),.PIECEWISE_BEZIER_KNOTS.);
#1973 = CARTESIAN_POINT('',(11.237378734965,7.862494703944,
    8.876028182113));
#1974 = CARTESIAN_POINT('',(11.044894510457,7.847975536787,
    8.878812115648));
#1975 = CARTESIAN_POINT('',(10.852280497481,7.835106701348,
    8.881258240697));
#1976 = CARTESIAN_POINT('',(10.65955869773,7.823891950387,8.883365810754
    ));
#1977 = CARTESIAN_POINT('',(10.466751277846,7.814336227824,
    8.885133835743));
#1978 = ORIENTED_EDGE('',*,*,#1979,.T.);
#1979 = EDGE_CURVE('',#1970,#1896,#1980,.T.);
#1980 = LINE('',#1981,#1982);
#1981 = CARTESIAN_POINT('',(10.467461856641,8.172153032887,
    8.811919875943));
#1982 = VECTOR('',#1983,1.);
#1983 = DIRECTION('',(-1.945560127085E-03,-0.979700089385,0.20045934664)
  );
#1984 = ORIENTED_EDGE('',*,*,#1895,.T.);
#1985 = ORIENTED_EDGE('',*,*,#1948,.F.);
#1986 = PLANE('',#1987);
#1987 = AXIS2_PLACEMENT_3D('',#1988,#1989,#1990);
#1988 = CARTESIAN_POINT('',(10.467461856641,8.172153032887,
    8.811919875943));
#1989 = DIRECTION('',(-9.513010912701E-04,0.200461448574,0.979701129254)
  );
#1990 = DIRECTION('',(0.999997654908,-1.715370258324E-03,
    1.321999565512E-03));
#1991 = ADVANCED_FACE('',(#1992),#2005,.T.);
#1992 = FACE_BOUND('',#1993,.T.);
#1993 = EDGE_LOOP('',(#1994,#2002,#2003,#2004));
#1994 = ORIENTED_EDGE('',*,*,#1995,.T.);
#1995 = EDGE_CURVE('',#1970,#1939,#1996,.T.);
#1996 = B_SPLINE_CURVE_WITH_KNOTS('',4,(#1997,#1998,#1999,#2000,#2001),
  .UNSPECIFIED.,.F.,.F.,(5,5),(0.,1.),.PIECEWISE_BEZIER_KNOTS.);
#1997 = CARTESIAN_POINT('',(10.466751277846,7.814336227824,
    8.885133835743));
#1998 = CARTESIAN_POINT('',(10.660124829977,7.674861274094,
    8.152725877708));
#1999 = CARTESIAN_POINT('',(10.853495248266,7.537076178531,
    7.419997653879));
#2000 = CARTESIAN_POINT('',(11.046860874407,7.400986115751,
    6.686954662125));
#2001 = CARTESIAN_POINT('',(11.240220007482,7.266599767573,
    5.953601877509));
#2002 = ORIENTED_EDGE('',*,*,#1955,.T.);
#2003 = ORIENTED_EDGE('',*,*,#1903,.T.);
#2004 = ORIENTED_EDGE('',*,*,#1979,.F.);
#2005 = PLANE('',#2006);
#2006 = AXIS2_PLACEMENT_3D('',#2007,#2008,#2009);
#2007 = CARTESIAN_POINT('',(11.240828365863,7.572942785229,
    5.890920122315));
#2008 = DIRECTION('',(-0.967971261344,-4.84811843982E-02,-0.246335567817
    ));
#2009 = DIRECTION('',(-0.251053484357,0.194518147274,0.948227208201));
#2010 = ADVANCED_FACE('',(#2011),#2016,.T.);
#2011 = FACE_BOUND('',#2012,.T.);
#2012 = EDGE_LOOP('',(#2013,#2014,#2015));
#2013 = ORIENTED_EDGE('',*,*,#1969,.F.);
#2014 = ORIENTED_EDGE('',*,*,#1936,.T.);
#2015 = ORIENTED_EDGE('',*,*,#1995,.F.);
#2016 = B_SPLINE_SURFACE_WITH_KNOTS('',3,1,(
    (#2017,#2018)
    ,(#2019,#2020)
    ,(#2021,#2022)
    ,(#2023,#2024)
    ,(#2025,#2026)
    ,(#2027,#2028
  )),.UNSPECIFIED.,.F.,.F.,.F.,(4,2,4),(2,2),(0.,0.5,1.),(0.,1.),
  .UNSPECIFIED.);
#2017 = CARTESIAN_POINT('',(2.65,9.665631775897,14.671856079669));
#2018 = CARTESIAN_POINT('',(2.65,6.719683099286,0.199435538532));
#2019 = CARTESIAN_POINT('',(4.715840735069,9.229687380834,
    14.821963772748));
#2020 = CARTESIAN_POINT('',(4.712932297444,6.245984400662,0.185376489368
    ));
#2021 = CARTESIAN_POINT('',(6.857611548556,9.003768772977,
    14.899753787789));
#2022 = CARTESIAN_POINT('',(6.856120734908,6.,0.178075842791));
#2023 = CARTESIAN_POINT('',(11.142388451444,9.003768772977,
    14.899753787789));
#2024 = CARTESIAN_POINT('',(11.143879265092,6.,0.178075842791));
#2025 = CARTESIAN_POINT('',(13.284159264931,9.229687380834,
    14.821963772748));
#2026 = CARTESIAN_POINT('',(13.287067702556,6.245984400662,
    0.185376489368));
#2027 = CARTESIAN_POINT('',(15.35,9.665631775897,14.671856079669));
#2028 = CARTESIAN_POINT('',(15.35,6.719683099286,0.199435538532));
#2029 = ADVANCED_FACE('',(#2030),#2058,.T.);
#2030 = FACE_BOUND('',#2031,.T.);
#2031 = EDGE_LOOP('',(#2032,#2033,#2040,#2049,#2056,#2057));
#2032 = ORIENTED_EDGE('',*,*,#60,.F.);
#2033 = ORIENTED_EDGE('',*,*,#2034,.T.);
#2034 = EDGE_CURVE('',#24,#2035,#2037,.T.);
#2035 = VERTEX_POINT('',#2036);
#2036 = CARTESIAN_POINT('',(9.,0.,6.252832774127));
#2037 = B_SPLINE_CURVE_WITH_KNOTS('',1,(#2038,#2039),.UNSPECIFIED.,.F.,
  .F.,(2,2),(3.83616915466,9.748860742939),.PIECEWISE_BEZIER_KNOTS.);
#2038 = CARTESIAN_POINT('',(9.,5.912691588279,6.252832774127));
#2039 = CARTESIAN_POINT('',(9.,0.,6.252832774127));
#2040 = ORIENTED_EDGE('',*,*,#2041,.F.);
#2041 = EDGE_CURVE('',#2042,#2035,#2044,.T.);
#2042 = VERTEX_POINT('',#2043);
#2043 = CARTESIAN_POINT('',(9.,0.,11.672832774127));
#2044 = CIRCLE('',#2045,2.71);
#2045 = AXIS2_PLACEMENT_3D('',#2046,#2047,#2048);
#2046 = CARTESIAN_POINT('',(9.,0.,8.962832774127));
#2047 = DIRECTION('',(0.,-1.,0.));
#2048 = DIRECTION('',(0.,0.,-1.));
#2049 = ORIENTED_EDGE('',*,*,#2050,.F.);
#2050 = EDGE_CURVE('',#2035,#2042,#2051,.T.);
#2051 = CIRCLE('',#2052,2.71);
#2052 = AXIS2_PLACEMENT_3D('',#2053,#2054,#2055);
#2053 = CARTESIAN_POINT('',(9.,0.,8.962832774127));
#2054 = DIRECTION('',(0.,-1.,0.));
#2055 = DIRECTION('',(0.,0.,-1.));
#2056 = ORIENTED_EDGE('',*,*,#2034,.F.);
#2057 = ORIENTED_EDGE('',*,*,#21,.F.);
#2058 = CYLINDRICAL_SURFACE('',#2059,2.71);
#2059 = AXIS2_PLACEMENT_3D('',#2060,#2061,#2062);
#2060 = CARTESIAN_POINT('',(9.,9.748860742939,8.962832774127));
#2061 = DIRECTION('',(0.,-1.,0.));
#2062 = DIRECTION('',(0.,0.,-1.));
#2063 = ADVANCED_FACE('',(#2064,#2162),#2166,.T.);
#2064 = FACE_BOUND('',#2065,.T.);
#2065 = EDGE_LOOP('',(#2066,#2076,#2084,#2092,#2100,#2108,#2116,#2124,
    #2132,#2140,#2148,#2156));
#2066 = ORIENTED_EDGE('',*,*,#2067,.F.);
#2067 = EDGE_CURVE('',#2068,#2070,#2072,.T.);
#2068 = VERTEX_POINT('',#2069);
#2069 = CARTESIAN_POINT('',(11.5,0.,9.562832774127));
#2070 = VERTEX_POINT('',#2071);
#2071 = CARTESIAN_POINT('',(9.6,0.,9.562832774127));
#2072 = LINE('',#2073,#2074);
#2073 = CARTESIAN_POINT('',(9.6,0.,9.562832774127));
#2074 = VECTOR('',#2075,1.);
#2075 = DIRECTION('',(-1.,-0.,-0.));
#2076 = ORIENTED_EDGE('',*,*,#2077,.T.);
#2077 = EDGE_CURVE('',#2068,#2078,#2080,.T.);
#2078 = VERTEX_POINT('',#2079);
#2079 = CARTESIAN_POINT('',(11.5,0.,8.362832774127));
#2080 = LINE('',#2081,#2082);
#2081 = CARTESIAN_POINT('',(11.5,0.,8.362832774127));
#2082 = VECTOR('',#2083,1.);
#2083 = DIRECTION('',(0.,0.,-1.));
#2084 = ORIENTED_EDGE('',*,*,#2085,.F.);
#2085 = EDGE_CURVE('',#2086,#2078,#2088,.T.);
#2086 = VERTEX_POINT('',#2087);
#2087 = CARTESIAN_POINT('',(9.6,0.,8.362832774127));
#2088 = LINE('',#2089,#2090);
#2089 = CARTESIAN_POINT('',(9.6,0.,8.362832774127));
#2090 = VECTOR('',#2091,1.);
#2091 = DIRECTION('',(1.,0.,0.));
#2092 = ORIENTED_EDGE('',*,*,#2093,.F.);
#2093 = EDGE_CURVE('',#2094,#2086,#2096,.T.);
#2094 = VERTEX_POINT('',#2095);
#2095 = CARTESIAN_POINT('',(9.6,0.,6.462832774127));
#2096 = LINE('',#2097,#2098);
#2097 = CARTESIAN_POINT('',(9.6,0.,6.962832774127));
#2098 = VECTOR('',#2099,1.);
#2099 = DIRECTION('',(0.,0.,1.));
#2100 = ORIENTED_EDGE('',*,*,#2101,.T.);
#2101 = EDGE_CURVE('',#2094,#2102,#2104,.T.);
#2102 = VERTEX_POINT('',#2103);
#2103 = CARTESIAN_POINT('',(8.4,0.,6.462832774127));
#2104 = LINE('',#2105,#2106);
#2105 = CARTESIAN_POINT('',(8.4,0.,6.462832774127));
#2106 = VECTOR('',#2107,1.);
#2107 = DIRECTION('',(-1.,0.,0.));
#2108 = ORIENTED_EDGE('',*,*,#2109,.F.);
#2109 = EDGE_CURVE('',#2110,#2102,#2112,.T.);
#2110 = VERTEX_POINT('',#2111);
#2111 = CARTESIAN_POINT('',(8.4,0.,8.362832774127));
#2112 = LINE('',#2113,#2114);
#2113 = CARTESIAN_POINT('',(8.4,0.,6.962832774127));
#2114 = VECTOR('',#2115,1.);
#2115 = DIRECTION('',(-0.,-0.,-1.));
#2116 = ORIENTED_EDGE('',*,*,#2117,.F.);
#2117 = EDGE_CURVE('',#2118,#2110,#2120,.T.);
#2118 = VERTEX_POINT('',#2119);
#2119 = CARTESIAN_POINT('',(6.5,0.,8.362832774127));
#2120 = LINE('',#2121,#2122);
#2121 = CARTESIAN_POINT('',(7.,0.,8.362832774127));
#2122 = VECTOR('',#2123,1.);
#2123 = DIRECTION('',(1.,0.,0.));
#2124 = ORIENTED_EDGE('',*,*,#2125,.T.);
#2125 = EDGE_CURVE('',#2118,#2126,#2128,.T.);
#2126 = VERTEX_POINT('',#2127);
#2127 = CARTESIAN_POINT('',(6.5,0.,9.562832774127));
#2128 = LINE('',#2129,#2130);
#2129 = CARTESIAN_POINT('',(6.5,0.,9.562832774127));
#2130 = VECTOR('',#2131,1.);
#2131 = DIRECTION('',(0.,0.,1.));
#2132 = ORIENTED_EDGE('',*,*,#2133,.F.);
#2133 = EDGE_CURVE('',#2134,#2126,#2136,.T.);
#2134 = VERTEX_POINT('',#2135);
#2135 = CARTESIAN_POINT('',(8.4,0.,9.562832774127));
#2136 = LINE('',#2137,#2138);
#2137 = CARTESIAN_POINT('',(7.,0.,9.562832774127));
#2138 = VECTOR('',#2139,1.);
#2139 = DIRECTION('',(-1.,-0.,-0.));
#2140 = ORIENTED_EDGE('',*,*,#2141,.F.);
#2141 = EDGE_CURVE('',#2142,#2134,#2144,.T.);
#2142 = VERTEX_POINT('',#2143);
#2143 = CARTESIAN_POINT('',(8.4,0.,11.462832774127));
#2144 = LINE('',#2145,#2146);
#2145 = CARTESIAN_POINT('',(8.4,0.,9.562832774127));
#2146 = VECTOR('',#2147,1.);
#2147 = DIRECTION('',(-0.,-0.,-1.));
#2148 = ORIENTED_EDGE('',*,*,#2149,.T.);
#2149 = EDGE_CURVE('',#2142,#2150,#2152,.T.);
#2150 = VERTEX_POINT('',#2151);
#2151 = CARTESIAN_POINT('',(9.6,0.,11.462832774127));
#2152 = LINE('',#2153,#2154);
#2153 = CARTESIAN_POINT('',(9.6,0.,11.462832774127));
#2154 = VECTOR('',#2155,1.);
#2155 = DIRECTION('',(1.,0.,0.));
#2156 = ORIENTED_EDGE('',*,*,#2157,.F.);
#2157 = EDGE_CURVE('',#2070,#2150,#2158,.T.);
#2158 = LINE('',#2159,#2160);
#2159 = CARTESIAN_POINT('',(9.6,0.,9.562832774127));
#2160 = VECTOR('',#2161,1.);
#2161 = DIRECTION('',(0.,0.,1.));
#2162 = FACE_BOUND('',#2163,.T.);
#2163 = EDGE_LOOP('',(#2164,#2165));
#2164 = ORIENTED_EDGE('',*,*,#2050,.T.);
#2165 = ORIENTED_EDGE('',*,*,#2041,.T.);
#2166 = PLANE('',#2167);
#2167 = AXIS2_PLACEMENT_3D('',#2168,#2169,#2170);
#2168 = CARTESIAN_POINT('',(9.,0.,8.962832774127));
#2169 = DIRECTION('',(0.,-1.,0.));
#2170 = DIRECTION('',(0.,0.,-1.));
#2171 = ADVANCED_FACE('',(#2172),#2206,.F.);
#2172 = FACE_BOUND('',#2173,.T.);
#2173 = EDGE_LOOP('',(#2174,#2182,#2191,#2199,#2205));
#2174 = ORIENTED_EDGE('',*,*,#2175,.F.);
#2175 = EDGE_CURVE('',#2176,#2070,#2178,.T.);
#2176 = VERTEX_POINT('',#2177);
#2177 = CARTESIAN_POINT('',(9.6,6.59411588823,9.562832774127));
#2178 = LINE('',#2179,#2180);
#2179 = CARTESIAN_POINT('',(9.6,9.748860742939,9.562832774127));
#2180 = VECTOR('',#2181,1.);
#2181 = DIRECTION('',(0.,-1.,0.));
#2182 = ORIENTED_EDGE('',*,*,#2183,.T.);
#2183 = EDGE_CURVE('',#2176,#2184,#2186,.T.);
#2184 = VERTEX_POINT('',#2185);
#2185 = CARTESIAN_POINT('',(11.,6.655215433949,9.562832774127));
#2186 = B_SPLINE_CURVE_WITH_KNOTS('',3,(#2187,#2188,#2189,#2190),
  .UNSPECIFIED.,.F.,.F.,(4,4),(0.,1.401332635204E-03),
  .PIECEWISE_BEZIER_KNOTS.);
#2187 = CARTESIAN_POINT('',(9.6,6.59411588823,9.562832774127));
#2188 = CARTESIAN_POINT('',(10.067143926749,6.603546739251,
    9.562832774127));
#2189 = CARTESIAN_POINT('',(10.533809174986,6.623945755589,
    9.562832774127));
#2190 = CARTESIAN_POINT('',(11.,6.655215433949,9.562832774127));
#2191 = ORIENTED_EDGE('',*,*,#2192,.T.);
#2192 = EDGE_CURVE('',#2184,#2193,#2195,.T.);
#2193 = VERTEX_POINT('',#2194);
#2194 = CARTESIAN_POINT('',(11.,0.5,9.562832774127));
#2195 = LINE('',#2196,#2197);
#2196 = CARTESIAN_POINT('',(11.,9.748860742939,9.562832774127));
#2197 = VECTOR('',#2198,1.);
#2198 = DIRECTION('',(0.,-1.,0.));
#2199 = ORIENTED_EDGE('',*,*,#2200,.T.);
#2200 = EDGE_CURVE('',#2193,#2068,#2201,.T.);
#2201 = LINE('',#2202,#2203);
#2202 = CARTESIAN_POINT('',(5.67556962853,5.82443037147,9.562832774127)
  );
#2203 = VECTOR('',#2204,1.);
#2204 = DIRECTION('',(0.707106781187,-0.707106781187,0.));
#2205 = ORIENTED_EDGE('',*,*,#2067,.T.);
#2206 = PLANE('',#2207);
#2207 = AXIS2_PLACEMENT_3D('',#2208,#2209,#2210);
#2208 = CARTESIAN_POINT('',(9.6,9.748860742939,9.562832774127));
#2209 = DIRECTION('',(0.,0.,1.));
#2210 = DIRECTION('',(1.,0.,0.));
#2211 = ADVANCED_FACE('',(#2212),#2230,.T.);
#2212 = FACE_BOUND('',#2213,.T.);
#2213 = EDGE_LOOP('',(#2214,#2222,#2223,#2224));
#2214 = ORIENTED_EDGE('',*,*,#2215,.F.);
#2215 = EDGE_CURVE('',#2078,#2216,#2218,.T.);
#2216 = VERTEX_POINT('',#2217);
#2217 = CARTESIAN_POINT('',(11.,0.5,8.362832774127));
#2218 = LINE('',#2219,#2220);
#2219 = CARTESIAN_POINT('',(5.67556962853,5.82443037147,8.362832774127)
  );
#2220 = VECTOR('',#2221,1.);
#2221 = DIRECTION('',(-0.707106781187,0.707106781187,0.));
#2222 = ORIENTED_EDGE('',*,*,#2077,.F.);
#2223 = ORIENTED_EDGE('',*,*,#2200,.F.);
#2224 = ORIENTED_EDGE('',*,*,#2225,.F.);
#2225 = EDGE_CURVE('',#2216,#2193,#2226,.T.);
#2226 = LINE('',#2227,#2228);
#2227 = CARTESIAN_POINT('',(11.,0.5,9.562832774127));
#2228 = VECTOR('',#2229,1.);
#2229 = DIRECTION('',(0.,0.,1.));
#2230 = PLANE('',#2231);
#2231 = AXIS2_PLACEMENT_3D('',#2232,#2233,#2234);
#2232 = CARTESIAN_POINT('',(11.,0.5,8.362832774127));
#2233 = DIRECTION('',(-0.707106781187,-0.707106781187,-0.));
#2234 = DIRECTION('',(0.,0.,-1.));
#2235 = ADVANCED_FACE('',(#2236),#2263,.F.);
#2236 = FACE_BOUND('',#2237,.T.);
#2237 = EDGE_LOOP('',(#2238,#2246,#2255,#2261,#2262));
#2238 = ORIENTED_EDGE('',*,*,#2239,.F.);
#2239 = EDGE_CURVE('',#2240,#2216,#2242,.T.);
#2240 = VERTEX_POINT('',#2241);
#2241 = CARTESIAN_POINT('',(11.,6.41042069933,8.362832774127));
#2242 = LINE('',#2243,#2244);
#2243 = CARTESIAN_POINT('',(11.,9.748860742939,8.362832774127));
#2244 = VECTOR('',#2245,1.);
#2245 = DIRECTION('',(0.,-1.,0.));
#2246 = ORIENTED_EDGE('',*,*,#2247,.T.);
#2247 = EDGE_CURVE('',#2240,#2248,#2250,.T.);
#2248 = VERTEX_POINT('',#2249);
#2249 = CARTESIAN_POINT('',(9.6,6.349275905446,8.362832774127));
#2250 = B_SPLINE_CURVE_WITH_KNOTS('',3,(#2251,#2252,#2253,#2254),
  .UNSPECIFIED.,.F.,.F.,(4,4),(0.,1.401334608799E-03),
  .PIECEWISE_BEZIER_KNOTS.);
#2251 = CARTESIAN_POINT('',(11.,6.41042069933,8.362832774127));
#2252 = CARTESIAN_POINT('',(10.533809873434,6.379128014784,
    8.362832774127));
#2253 = CARTESIAN_POINT('',(10.067144629719,6.358713836248,
    8.362832774127));
#2254 = CARTESIAN_POINT('',(9.6,6.349275905446,8.362832774127));
#2255 = ORIENTED_EDGE('',*,*,#2256,.T.);
#2256 = EDGE_CURVE('',#2248,#2086,#2257,.T.);
#2257 = LINE('',#2258,#2259);
#2258 = CARTESIAN_POINT('',(9.6,9.748860742939,8.362832774127));
#2259 = VECTOR('',#2260,1.);
#2260 = DIRECTION('',(0.,-1.,0.));
#2261 = ORIENTED_EDGE('',*,*,#2085,.T.);
#2262 = ORIENTED_EDGE('',*,*,#2215,.T.);
#2263 = PLANE('',#2264);
#2264 = AXIS2_PLACEMENT_3D('',#2265,#2266,#2267);
#2265 = CARTESIAN_POINT('',(9.6,9.748860742939,8.362832774127));
#2266 = DIRECTION('',(0.,0.,-1.));
#2267 = DIRECTION('',(-1.,0.,0.));
#2268 = ADVANCED_FACE('',(#2269),#2296,.F.);
#2269 = FACE_BOUND('',#2270,.T.);
#2270 = EDGE_LOOP('',(#2271,#2272,#2281,#2289,#2295));
#2271 = ORIENTED_EDGE('',*,*,#2256,.F.);
#2272 = ORIENTED_EDGE('',*,*,#2273,.T.);
#2273 = EDGE_CURVE('',#2248,#2274,#2276,.T.);
#2274 = VERTEX_POINT('',#2275);
#2275 = CARTESIAN_POINT('',(9.6,6.063629257149,6.962832774127));
#2276 = B_SPLINE_CURVE_WITH_KNOTS('',3,(#2277,#2278,#2279,#2280),
  .UNSPECIFIED.,.F.,.F.,(4,4),(0.,1.42884359105E-03),
  .PIECEWISE_BEZIER_KNOTS.);
#2277 = CARTESIAN_POINT('',(9.6,6.349275905446,8.362832774127));
#2278 = CARTESIAN_POINT('',(9.6,6.254060356309,7.8961661074));
#2279 = CARTESIAN_POINT('',(9.6,6.158844806876,7.429499440733));
#2280 = CARTESIAN_POINT('',(9.6,6.063629257149,6.962832774127));
#2281 = ORIENTED_EDGE('',*,*,#2282,.T.);
#2282 = EDGE_CURVE('',#2274,#2283,#2285,.T.);
#2283 = VERTEX_POINT('',#2284);
#2284 = CARTESIAN_POINT('',(9.6,0.5,6.962832774127));
#2285 = LINE('',#2286,#2287);
#2286 = CARTESIAN_POINT('',(9.6,9.748860742939,6.962832774127));
#2287 = VECTOR('',#2288,1.);
#2288 = DIRECTION('',(0.,-1.,0.));
#2289 = ORIENTED_EDGE('',*,*,#2290,.T.);
#2290 = EDGE_CURVE('',#2283,#2094,#2291,.T.);
#2291 = LINE('',#2292,#2293);
#2292 = CARTESIAN_POINT('',(9.6,5.12443037147,11.587263145596));
#2293 = VECTOR('',#2294,1.);
#2294 = DIRECTION('',(0.,-0.707106781187,-0.707106781187));
#2295 = ORIENTED_EDGE('',*,*,#2093,.T.);
#2296 = PLANE('',#2297);
#2297 = AXIS2_PLACEMENT_3D('',#2298,#2299,#2300);
#2298 = CARTESIAN_POINT('',(9.6,9.748860742939,6.962832774127));
#2299 = DIRECTION('',(1.,0.,0.));
#2300 = DIRECTION('',(0.,0.,-1.));
#2301 = ADVANCED_FACE('',(#2302),#2320,.T.);
#2302 = FACE_BOUND('',#2303,.T.);
#2303 = EDGE_LOOP('',(#2304,#2312,#2313,#2314));
#2304 = ORIENTED_EDGE('',*,*,#2305,.F.);
#2305 = EDGE_CURVE('',#2102,#2306,#2308,.T.);
#2306 = VERTEX_POINT('',#2307);
#2307 = CARTESIAN_POINT('',(8.4,0.5,6.962832774127));
#2308 = LINE('',#2309,#2310);
#2309 = CARTESIAN_POINT('',(8.4,5.12443037147,11.587263145596));
#2310 = VECTOR('',#2311,1.);
#2311 = DIRECTION('',(0.,0.707106781187,0.707106781187));
#2312 = ORIENTED_EDGE('',*,*,#2101,.F.);
#2313 = ORIENTED_EDGE('',*,*,#2290,.F.);
#2314 = ORIENTED_EDGE('',*,*,#2315,.F.);
#2315 = EDGE_CURVE('',#2306,#2283,#2316,.T.);
#2316 = LINE('',#2317,#2318);
#2317 = CARTESIAN_POINT('',(9.6,0.5,6.962832774127));
#2318 = VECTOR('',#2319,1.);
#2319 = DIRECTION('',(1.,0.,0.));
#2320 = PLANE('',#2321);
#2321 = AXIS2_PLACEMENT_3D('',#2322,#2323,#2324);
#2322 = CARTESIAN_POINT('',(8.4,0.5,6.962832774127));
#2323 = DIRECTION('',(0.,-0.707106781187,0.707106781187));
#2324 = DIRECTION('',(-1.,0.,0.));
#2325 = ADVANCED_FACE('',(#2326),#2353,.F.);
#2326 = FACE_BOUND('',#2327,.T.);
#2327 = EDGE_LOOP('',(#2328,#2336,#2345,#2351,#2352));
#2328 = ORIENTED_EDGE('',*,*,#2329,.F.);
#2329 = EDGE_CURVE('',#2330,#2306,#2332,.T.);
#2330 = VERTEX_POINT('',#2331);
#2331 = CARTESIAN_POINT('',(8.4,6.063629257149,6.962832774127));
#2332 = LINE('',#2333,#2334);
#2333 = CARTESIAN_POINT('',(8.4,9.748860742939,6.962832774127));
#2334 = VECTOR('',#2335,1.);
#2335 = DIRECTION('',(0.,-1.,0.));
#2336 = ORIENTED_EDGE('',*,*,#2337,.T.);
#2337 = EDGE_CURVE('',#2330,#2338,#2340,.T.);
#2338 = VERTEX_POINT('',#2339);
#2339 = CARTESIAN_POINT('',(8.4,6.349275905446,8.362832774127));
#2340 = B_SPLINE_CURVE_WITH_KNOTS('',3,(#2341,#2342,#2343,#2344),
  .UNSPECIFIED.,.F.,.F.,(4,4),(0.,1.42884359105E-03),
  .PIECEWISE_BEZIER_KNOTS.);
#2341 = CARTESIAN_POINT('',(8.4,6.063629257149,6.962832774127));
#2342 = CARTESIAN_POINT('',(8.4,6.158844806876,7.429499440733));
#2343 = CARTESIAN_POINT('',(8.4,6.254060356309,7.8961661074));
#2344 = CARTESIAN_POINT('',(8.4,6.349275905446,8.362832774127));
#2345 = ORIENTED_EDGE('',*,*,#2346,.T.);
#2346 = EDGE_CURVE('',#2338,#2110,#2347,.T.);
#2347 = LINE('',#2348,#2349);
#2348 = CARTESIAN_POINT('',(8.4,9.748860742939,8.362832774127));
#2349 = VECTOR('',#2350,1.);
#2350 = DIRECTION('',(0.,-1.,0.));
#2351 = ORIENTED_EDGE('',*,*,#2109,.T.);
#2352 = ORIENTED_EDGE('',*,*,#2305,.T.);
#2353 = PLANE('',#2354);
#2354 = AXIS2_PLACEMENT_3D('',#2355,#2356,#2357);
#2355 = CARTESIAN_POINT('',(8.4,9.748860742939,6.962832774127));
#2356 = DIRECTION('',(-1.,0.,0.));
#2357 = DIRECTION('',(0.,0.,1.));
#2358 = ADVANCED_FACE('',(#2359),#2386,.F.);
#2359 = FACE_BOUND('',#2360,.T.);
#2360 = EDGE_LOOP('',(#2361,#2362,#2371,#2379,#2385));
#2361 = ORIENTED_EDGE('',*,*,#2346,.F.);
#2362 = ORIENTED_EDGE('',*,*,#2363,.T.);
#2363 = EDGE_CURVE('',#2338,#2364,#2366,.T.);
#2364 = VERTEX_POINT('',#2365);
#2365 = CARTESIAN_POINT('',(7.,6.41042069933,8.362832774127));
#2366 = B_SPLINE_CURVE_WITH_KNOTS('',3,(#2367,#2368,#2369,#2370),
  .UNSPECIFIED.,.F.,.F.,(4,4),(0.,1.401334608799E-03),
  .PIECEWISE_BEZIER_KNOTS.);
#2367 = CARTESIAN_POINT('',(8.4,6.349275905446,8.362832774127));
#2368 = CARTESIAN_POINT('',(7.932855370281,6.358713836248,8.362832774127
    ));
#2369 = CARTESIAN_POINT('',(7.466190126566,6.379128014784,8.362832774127
    ));
#2370 = CARTESIAN_POINT('',(7.,6.41042069933,8.362832774127));
#2371 = ORIENTED_EDGE('',*,*,#2372,.T.);
#2372 = EDGE_CURVE('',#2364,#2373,#2375,.T.);
#2373 = VERTEX_POINT('',#2374);
#2374 = CARTESIAN_POINT('',(7.,0.5,8.362832774127));
#2375 = LINE('',#2376,#2377);
#2376 = CARTESIAN_POINT('',(7.,9.748860742939,8.362832774127));
#2377 = VECTOR('',#2378,1.);
#2378 = DIRECTION('',(0.,-1.,0.));
#2379 = ORIENTED_EDGE('',*,*,#2380,.T.);
#2380 = EDGE_CURVE('',#2373,#2118,#2381,.T.);
#2381 = LINE('',#2382,#2383);
#2382 = CARTESIAN_POINT('',(11.62443037147,5.12443037147,8.362832774127)
  );
#2383 = VECTOR('',#2384,1.);
#2384 = DIRECTION('',(-0.707106781187,-0.707106781187,0.));
#2385 = ORIENTED_EDGE('',*,*,#2117,.T.);
#2386 = PLANE('',#2387);
#2387 = AXIS2_PLACEMENT_3D('',#2388,#2389,#2390);
#2388 = CARTESIAN_POINT('',(7.,9.748860742939,8.362832774127));
#2389 = DIRECTION('',(0.,0.,-1.));
#2390 = DIRECTION('',(-1.,0.,0.));
#2391 = ADVANCED_FACE('',(#2392),#2410,.T.);
#2392 = FACE_BOUND('',#2393,.T.);
#2393 = EDGE_LOOP('',(#2394,#2402,#2403,#2404));
#2394 = ORIENTED_EDGE('',*,*,#2395,.F.);
#2395 = EDGE_CURVE('',#2126,#2396,#2398,.T.);
#2396 = VERTEX_POINT('',#2397);
#2397 = CARTESIAN_POINT('',(7.,0.5,9.562832774127));
#2398 = LINE('',#2399,#2400);
#2399 = CARTESIAN_POINT('',(11.62443037147,5.12443037147,9.562832774127)
  );
#2400 = VECTOR('',#2401,1.);
#2401 = DIRECTION('',(0.707106781187,0.707106781187,0.));
#2402 = ORIENTED_EDGE('',*,*,#2125,.F.);
#2403 = ORIENTED_EDGE('',*,*,#2380,.F.);
#2404 = ORIENTED_EDGE('',*,*,#2405,.F.);
#2405 = EDGE_CURVE('',#2396,#2373,#2406,.T.);
#2406 = LINE('',#2407,#2408);
#2407 = CARTESIAN_POINT('',(7.,0.5,8.362832774127));
#2408 = VECTOR('',#2409,1.);
#2409 = DIRECTION('',(0.,0.,-1.));
#2410 = PLANE('',#2411);
#2411 = AXIS2_PLACEMENT_3D('',#2412,#2413,#2414);
#2412 = CARTESIAN_POINT('',(7.,0.5,8.362832774127));
#2413 = DIRECTION('',(0.707106781187,-0.707106781187,0.));
#2414 = DIRECTION('',(0.,0.,1.));
#2415 = ADVANCED_FACE('',(#2416),#2443,.F.);
#2416 = FACE_BOUND('',#2417,.T.);
#2417 = EDGE_LOOP('',(#2418,#2426,#2435,#2441,#2442));
#2418 = ORIENTED_EDGE('',*,*,#2419,.F.);
#2419 = EDGE_CURVE('',#2420,#2396,#2422,.T.);
#2420 = VERTEX_POINT('',#2421);
#2421 = CARTESIAN_POINT('',(7.,6.655215433949,9.562832774127));
#2422 = LINE('',#2423,#2424);
#2423 = CARTESIAN_POINT('',(7.,9.748860742939,9.562832774127));
#2424 = VECTOR('',#2425,1.);
#2425 = DIRECTION('',(0.,-1.,0.));
#2426 = ORIENTED_EDGE('',*,*,#2427,.T.);
#2427 = EDGE_CURVE('',#2420,#2428,#2430,.T.);
#2428 = VERTEX_POINT('',#2429);
#2429 = CARTESIAN_POINT('',(8.4,6.59411588823,9.562832774127));
#2430 = B_SPLINE_CURVE_WITH_KNOTS('',3,(#2431,#2432,#2433,#2434),
  .UNSPECIFIED.,.F.,.F.,(4,4),(0.,1.401332635204E-03),
  .PIECEWISE_BEZIER_KNOTS.);
#2431 = CARTESIAN_POINT('',(7.,6.655215433949,9.562832774127));
#2432 = CARTESIAN_POINT('',(7.466190825014,6.623945755589,9.562832774127
    ));
#2433 = CARTESIAN_POINT('',(7.932856073251,6.603546739251,9.562832774127
    ));
#2434 = CARTESIAN_POINT('',(8.4,6.59411588823,9.562832774127));
#2435 = ORIENTED_EDGE('',*,*,#2436,.T.);
#2436 = EDGE_CURVE('',#2428,#2134,#2437,.T.);
#2437 = LINE('',#2438,#2439);
#2438 = CARTESIAN_POINT('',(8.4,9.748860742939,9.562832774127));
#2439 = VECTOR('',#2440,1.);
#2440 = DIRECTION('',(0.,-1.,0.));
#2441 = ORIENTED_EDGE('',*,*,#2133,.T.);
#2442 = ORIENTED_EDGE('',*,*,#2395,.T.);
#2443 = PLANE('',#2444);
#2444 = AXIS2_PLACEMENT_3D('',#2445,#2446,#2447);
#2445 = CARTESIAN_POINT('',(7.,9.748860742939,9.562832774127));
#2446 = DIRECTION('',(0.,0.,1.));
#2447 = DIRECTION('',(1.,0.,0.));
#2448 = ADVANCED_FACE('',(#2449),#2476,.F.);
#2449 = FACE_BOUND('',#2450,.T.);
#2450 = EDGE_LOOP('',(#2451,#2452,#2461,#2469,#2475));
#2451 = ORIENTED_EDGE('',*,*,#2436,.F.);
#2452 = ORIENTED_EDGE('',*,*,#2453,.T.);
#2453 = EDGE_CURVE('',#2428,#2454,#2456,.T.);
#2454 = VERTEX_POINT('',#2455);
#2455 = CARTESIAN_POINT('',(8.4,6.879762533095,10.962832774127));
#2456 = B_SPLINE_CURVE_WITH_KNOTS('',3,(#2457,#2458,#2459,#2460),
  .UNSPECIFIED.,.F.,.F.,(4,4),(0.,1.428843590363E-03),
  .PIECEWISE_BEZIER_KNOTS.);
#2457 = CARTESIAN_POINT('',(8.4,6.59411588823,9.562832774127));
#2458 = CARTESIAN_POINT('',(8.4,6.689331436814,10.029499440733));
#2459 = CARTESIAN_POINT('',(8.4,6.784546985103,10.4961661074));
#2460 = CARTESIAN_POINT('',(8.4,6.879762533095,10.962832774127));
#2461 = ORIENTED_EDGE('',*,*,#2462,.T.);
#2462 = EDGE_CURVE('',#2454,#2463,#2465,.T.);
#2463 = VERTEX_POINT('',#2464);
#2464 = CARTESIAN_POINT('',(8.4,0.5,10.962832774127));
#2465 = LINE('',#2466,#2467);
#2466 = CARTESIAN_POINT('',(8.4,9.748860742939,10.962832774127));
#2467 = VECTOR('',#2468,1.);
#2468 = DIRECTION('',(0.,-1.,0.));
#2469 = ORIENTED_EDGE('',*,*,#2470,.T.);
#2470 = EDGE_CURVE('',#2463,#2142,#2471,.T.);
#2471 = LINE('',#2472,#2473);
#2472 = CARTESIAN_POINT('',(8.4,5.82443037147,5.638402402657));
#2473 = VECTOR('',#2474,1.);
#2474 = DIRECTION('',(0.,-0.707106781187,0.707106781187));
#2475 = ORIENTED_EDGE('',*,*,#2141,.T.);
#2476 = PLANE('',#2477);
#2477 = AXIS2_PLACEMENT_3D('',#2478,#2479,#2480);
#2478 = CARTESIAN_POINT('',(8.4,9.748860742939,9.562832774127));
#2479 = DIRECTION('',(-1.,0.,0.));
#2480 = DIRECTION('',(0.,0.,1.));
#2481 = ADVANCED_FACE('',(#2482),#2500,.T.);
#2482 = FACE_BOUND('',#2483,.T.);
#2483 = EDGE_LOOP('',(#2484,#2492,#2493,#2494));
#2484 = ORIENTED_EDGE('',*,*,#2485,.F.);
#2485 = EDGE_CURVE('',#2150,#2486,#2488,.T.);
#2486 = VERTEX_POINT('',#2487);
#2487 = CARTESIAN_POINT('',(9.6,0.5,10.962832774127));
#2488 = LINE('',#2489,#2490);
#2489 = CARTESIAN_POINT('',(9.6,5.82443037147,5.638402402657));
#2490 = VECTOR('',#2491,1.);
#2491 = DIRECTION('',(0.,0.707106781187,-0.707106781187));
#2492 = ORIENTED_EDGE('',*,*,#2149,.F.);
#2493 = ORIENTED_EDGE('',*,*,#2470,.F.);
#2494 = ORIENTED_EDGE('',*,*,#2495,.F.);
#2495 = EDGE_CURVE('',#2486,#2463,#2496,.T.);
#2496 = LINE('',#2497,#2498);
#2497 = CARTESIAN_POINT('',(8.4,0.5,10.962832774127));
#2498 = VECTOR('',#2499,1.);
#2499 = DIRECTION('',(-1.,0.,0.));
#2500 = PLANE('',#2501);
#2501 = AXIS2_PLACEMENT_3D('',#2502,#2503,#2504);
#2502 = CARTESIAN_POINT('',(8.4,0.5,10.962832774127));
#2503 = DIRECTION('',(0.,-0.707106781187,-0.707106781187));
#2504 = DIRECTION('',(1.,0.,0.));
#2505 = ADVANCED_FACE('',(#2506),#2526,.F.);
#2506 = FACE_BOUND('',#2507,.T.);
#2507 = EDGE_LOOP('',(#2508,#2516,#2523,#2524,#2525));
#2508 = ORIENTED_EDGE('',*,*,#2509,.F.);
#2509 = EDGE_CURVE('',#2510,#2486,#2512,.T.);
#2510 = VERTEX_POINT('',#2511);
#2511 = CARTESIAN_POINT('',(9.6,6.879762533095,10.962832774127));
#2512 = LINE('',#2513,#2514);
#2513 = CARTESIAN_POINT('',(9.6,9.748860742939,10.962832774127));
#2514 = VECTOR('',#2515,1.);
#2515 = DIRECTION('',(0.,-1.,0.));
#2516 = ORIENTED_EDGE('',*,*,#2517,.T.);
#2517 = EDGE_CURVE('',#2510,#2176,#2518,.T.);
#2518 = B_SPLINE_CURVE_WITH_KNOTS('',3,(#2519,#2520,#2521,#2522),
  .UNSPECIFIED.,.F.,.F.,(4,4),(0.,1.428843590364E-03),
  .PIECEWISE_BEZIER_KNOTS.);
#2519 = CARTESIAN_POINT('',(9.6,6.879762533095,10.962832774127));
#2520 = CARTESIAN_POINT('',(9.6,6.784546985102,10.4961661074));
#2521 = CARTESIAN_POINT('',(9.6,6.689331436814,10.029499440733));
#2522 = CARTESIAN_POINT('',(9.6,6.59411588823,9.562832774127));
#2523 = ORIENTED_EDGE('',*,*,#2175,.T.);
#2524 = ORIENTED_EDGE('',*,*,#2157,.T.);
#2525 = ORIENTED_EDGE('',*,*,#2485,.T.);
#2526 = PLANE('',#2527);
#2527 = AXIS2_PLACEMENT_3D('',#2528,#2529,#2530);
#2528 = CARTESIAN_POINT('',(9.6,9.748860742939,9.562832774127));
#2529 = DIRECTION('',(1.,0.,0.));
#2530 = DIRECTION('',(0.,0.,-1.));
#2531 = ADVANCED_FACE('',(#2532),#2570,.F.);
#2532 = FACE_BOUND('',#2533,.F.);
#2533 = EDGE_LOOP('',(#2534,#2535,#2536,#2543,#2544,#2545,#2552,#2553,
    #2554,#2561,#2562,#2563));
#2534 = ORIENTED_EDGE('',*,*,#2517,.T.);
#2535 = ORIENTED_EDGE('',*,*,#2183,.T.);
#2536 = ORIENTED_EDGE('',*,*,#2537,.T.);
#2537 = EDGE_CURVE('',#2184,#2240,#2538,.T.);
#2538 = B_SPLINE_CURVE_WITH_KNOTS('',3,(#2539,#2540,#2541,#2542),
  .UNSPECIFIED.,.F.,.F.,(4,4),(0.,1.224714032784E-03),
  .PIECEWISE_BEZIER_KNOTS.);
#2539 = CARTESIAN_POINT('',(11.,6.655215433949,9.562832774127));
#2540 = CARTESIAN_POINT('',(11.,6.573617191268,9.162832773679));
#2541 = CARTESIAN_POINT('',(11.,6.492018946394,8.76283277368));
#2542 = CARTESIAN_POINT('',(11.,6.41042069933,8.362832774127));
#2543 = ORIENTED_EDGE('',*,*,#2247,.T.);
#2544 = ORIENTED_EDGE('',*,*,#2273,.T.);
#2545 = ORIENTED_EDGE('',*,*,#2546,.T.);
#2546 = EDGE_CURVE('',#2274,#2330,#2547,.T.);
#2547 = B_SPLINE_CURVE_WITH_KNOTS('',3,(#2548,#2549,#2550,#2551),
  .UNSPECIFIED.,.F.,.F.,(4,4),(0.,1.2E-03),.PIECEWISE_BEZIER_KNOTS.);
#2548 = CARTESIAN_POINT('',(9.6,6.063629257149,6.962832774127));
#2549 = CARTESIAN_POINT('',(9.2,6.055540823064,6.962832774127));
#2550 = CARTESIAN_POINT('',(8.8,6.055540823064,6.962832774127));
#2551 = CARTESIAN_POINT('',(8.4,6.063629257149,6.962832774127));
#2552 = ORIENTED_EDGE('',*,*,#2337,.T.);
#2553 = ORIENTED_EDGE('',*,*,#2363,.T.);
#2554 = ORIENTED_EDGE('',*,*,#2555,.T.);
#2555 = EDGE_CURVE('',#2364,#2420,#2556,.T.);
#2556 = B_SPLINE_CURVE_WITH_KNOTS('',3,(#2557,#2558,#2559,#2560),
  .UNSPECIFIED.,.F.,.F.,(4,4),(0.,1.224714032784E-03),
  .PIECEWISE_BEZIER_KNOTS.);
#2557 = CARTESIAN_POINT('',(7.,6.41042069933,8.362832774127));
#2558 = CARTESIAN_POINT('',(7.,6.492018946394,8.76283277368));
#2559 = CARTESIAN_POINT('',(7.,6.573617191268,9.162832773679));
#2560 = CARTESIAN_POINT('',(7.,6.655215433949,9.562832774127));
#2561 = ORIENTED_EDGE('',*,*,#2427,.T.);
#2562 = ORIENTED_EDGE('',*,*,#2453,.T.);
#2563 = ORIENTED_EDGE('',*,*,#2564,.T.);
#2564 = EDGE_CURVE('',#2454,#2510,#2565,.T.);
#2565 = B_SPLINE_CURVE_WITH_KNOTS('',3,(#2566,#2567,#2568,#2569),
  .UNSPECIFIED.,.F.,.F.,(4,4),(0.,1.2E-03),.PIECEWISE_BEZIER_KNOTS.);
#2566 = CARTESIAN_POINT('',(8.4,6.879762533095,10.962832774127));
#2567 = CARTESIAN_POINT('',(8.8,6.871694265756,10.962832774127));
#2568 = CARTESIAN_POINT('',(9.2,6.871694265756,10.962832774127));
#2569 = CARTESIAN_POINT('',(9.6,6.879762533095,10.962832774127));
#2570 = B_SPLINE_SURFACE_WITH_KNOTS('',3,3,(
    (#2571,#2572,#2573,#2574)
    ,(#2575,#2576,#2577,#2578)
    ,(#2579,#2580,#2581,#2582)
    ,(#2583,#2584,#2585,#2586
    )),.UNSPECIFIED.,.F.,.F.,.F.,(4,4),(4,4),(0.34912093873,
    0.65087906127),(0.283355714082,0.558416142433),
  .PIECEWISE_BEZIER_KNOTS.);
#2571 = CARTESIAN_POINT('',(6.976259982345,6.944482109765,
    10.972991974707));
#2572 = CARTESIAN_POINT('',(6.976069599511,6.669577878937,9.625323314509
    ));
#2573 = CARTESIAN_POINT('',(6.975879228971,6.394673654445,8.277654653018
    ));
#2574 = CARTESIAN_POINT('',(6.975688870724,6.119769436283,6.929985990234
    ));
#2575 = CARTESIAN_POINT('',(8.322007778303,6.857340339529,10.99316153501
    ));
#2576 = CARTESIAN_POINT('',(8.321926853925,6.581771250947,9.64268292127)
  );
#2577 = CARTESIAN_POINT('',(8.321845937525,6.306202160288,8.292204307953
    ));
#2578 = CARTESIAN_POINT('',(8.321765029094,6.030633067553,6.941725695059
    ));
#2579 = CARTESIAN_POINT('',(9.677992221697,6.857340339529,10.99316153501
    ));
#2580 = CARTESIAN_POINT('',(9.678073146075,6.581771250947,9.64268292127)
  );
#2581 = CARTESIAN_POINT('',(9.678154062475,6.306202160288,8.292204307953
    ));
#2582 = CARTESIAN_POINT('',(9.678234970906,6.030633067553,6.941725695059
    ));
#2583 = CARTESIAN_POINT('',(11.023740017655,6.944482109765,
    10.972991974707));
#2584 = CARTESIAN_POINT('',(11.023930400489,6.669577878937,
    9.625323314509));
#2585 = CARTESIAN_POINT('',(11.024120771029,6.394673654445,
    8.277654653018));
#2586 = CARTESIAN_POINT('',(11.024311129276,6.119769436283,
    6.929985990234));
#2587 = ADVANCED_FACE('',(#2588),#2594,.F.);
#2588 = FACE_BOUND('',#2589,.T.);
#2589 = EDGE_LOOP('',(#2590,#2591,#2592,#2593));
#2590 = ORIENTED_EDGE('',*,*,#2239,.T.);
#2591 = ORIENTED_EDGE('',*,*,#2225,.T.);
#2592 = ORIENTED_EDGE('',*,*,#2192,.F.);
#2593 = ORIENTED_EDGE('',*,*,#2537,.T.);
#2594 = PLANE('',#2595);
#2595 = AXIS2_PLACEMENT_3D('',#2596,#2597,#2598);
#2596 = CARTESIAN_POINT('',(11.,9.748860742939,8.362832774127));
#2597 = DIRECTION('',(1.,0.,0.));
#2598 = DIRECTION('',(0.,0.,-1.));
#2599 = ADVANCED_FACE('',(#2600),#2606,.F.);
#2600 = FACE_BOUND('',#2601,.T.);
#2601 = EDGE_LOOP('',(#2602,#2603,#2604,#2605));
#2602 = ORIENTED_EDGE('',*,*,#2329,.T.);
#2603 = ORIENTED_EDGE('',*,*,#2315,.T.);
#2604 = ORIENTED_EDGE('',*,*,#2282,.F.);
#2605 = ORIENTED_EDGE('',*,*,#2546,.T.);
#2606 = PLANE('',#2607);
#2607 = AXIS2_PLACEMENT_3D('',#2608,#2609,#2610);
#2608 = CARTESIAN_POINT('',(8.4,9.748860742939,6.962832774127));
#2609 = DIRECTION('',(0.,0.,-1.));
#2610 = DIRECTION('',(-1.,0.,0.));
#2611 = ADVANCED_FACE('',(#2612),#2618,.F.);
#2612 = FACE_BOUND('',#2613,.T.);
#2613 = EDGE_LOOP('',(#2614,#2615,#2616,#2617));
#2614 = ORIENTED_EDGE('',*,*,#2419,.T.);
#2615 = ORIENTED_EDGE('',*,*,#2405,.T.);
#2616 = ORIENTED_EDGE('',*,*,#2372,.F.);
#2617 = ORIENTED_EDGE('',*,*,#2555,.T.);
#2618 = PLANE('',#2619);
#2619 = AXIS2_PLACEMENT_3D('',#2620,#2621,#2622);
#2620 = CARTESIAN_POINT('',(7.,9.748860742939,8.362832774127));
#2621 = DIRECTION('',(-1.,0.,0.));
#2622 = DIRECTION('',(0.,0.,1.));
#2623 = ADVANCED_FACE('',(#2624),#2630,.F.);
#2624 = FACE_BOUND('',#2625,.T.);
#2625 = EDGE_LOOP('',(#2626,#2627,#2628,#2629));
#2626 = ORIENTED_EDGE('',*,*,#2509,.T.);
#2627 = ORIENTED_EDGE('',*,*,#2495,.T.);
#2628 = ORIENTED_EDGE('',*,*,#2462,.F.);
#2629 = ORIENTED_EDGE('',*,*,#2564,.T.);
#2630 = PLANE('',#2631);
#2631 = AXIS2_PLACEMENT_3D('',#2632,#2633,#2634);
#2632 = CARTESIAN_POINT('',(8.4,9.748860742939,10.962832774127));
#2633 = DIRECTION('',(0.,0.,1.));
#2634 = DIRECTION('',(1.,0.,0.));
#2635 = ( GEOMETRIC_REPRESENTATION_CONTEXT(3) 
GLOBAL_UNCERTAINTY_ASSIGNED_CONTEXT((#2639)) 
GLOBAL_UNIT_ASSIGNED_CONTEXT((#2636,#2637,#2638)) REPRESENTATION_CONTEXT
('Context #1','3D Context with UNIT and UNCERTAINTY') );
#2636 = ( LENGTH_UNIT() NAMED_UNIT(*) SI_UNIT(.MILLI.,.METRE.) );
#2637 = ( NAMED_UNIT(*) PLANE_ANGLE_UNIT() SI_UNIT($,.RADIAN.) );
#2638 = ( NAMED_UNIT(*) SI_UNIT($,.STERADIAN.) SOLID_ANGLE_UNIT() );
#2639 = UNCERTAINTY_MEASURE_WITH_UNIT(LENGTH_MEASURE(1.E-04),#2636,
  'distance_accuracy_value','confusion accuracy');
#2640 = PRODUCT_RELATED_PRODUCT_CATEGORY('part',$,(#7));
#2641 = MECHANICAL_DESIGN_GEOMETRIC_PRESENTATION_REPRESENTATION('',(
    #2642),#2635);
#2642 = STYLED_ITEM('color',(#2643),#15);
#2643 = PRESENTATION_STYLE_ASSIGNMENT((#2644,#2650));
#2644 = SURFACE_STYLE_USAGE(.BOTH.,#2645);
#2645 = SURFACE_SIDE_STYLE('',(#2646));
#2646 = SURFACE_STYLE_FILL_AREA(#2647);
#2647 = FILL_AREA_STYLE('',(#2648));
#2648 = FILL_AREA_STYLE_COLOUR('',#2649);
#2649 = COLOUR_RGB('',0.800000010877,0.800000010877,0.901960800373);
#2650 = CURVE_STYLE('',#2651,POSITIVE_LENGTH_MEASURE(0.1),#2652);
#2651 = DRAUGHTING_PRE_DEFINED_CURVE_FONT('continuous');
#2652 = COLOUR_RGB('',9.803921802644E-02,9.803921802644E-02,
  9.803921802644E-02);
ENDSEC;
END-ISO-10303-21;
