ISO-10303-21;
HEADER;
FILE_DESCRIPTION(('FreeCAD Model'),'2;1');
FILE_NAME('Open CASCADE Shape Model','2025-01-18T11:22:36',(''),(''),
  'Open CASCADE STEP processor 7.7','FreeCAD','Unknown');
FILE_SCHEMA(('AUTOMOTIVE_DESIGN { 1 0 10303 214 1 1 1 1 }'));
ENDSEC;
DATA;
#1 = APPLICATION_PROTOCOL_DEFINITION('international standard',
  'automotive_design',2000,#2);
#2 = APPLICATION_CONTEXT(
  'core data for automotive mechanical design processes');
#3 = SHAPE_DEFINITION_REPRESENTATION(#4,#10);
#4 = PRODUCT_DEFINITION_SHAPE('','',#5);
#5 = PRODUCT_DEFINITION('design','',#6,#9);
#6 = PRODUCT_DEFINITION_FORMATION('','',#7);
#7 = PRODUCT('Body','Body','',(#8));
#8 = PRODUCT_CONTEXT('',#2,'mechanical');
#9 = PRODUCT_DEFINITION_CONTEXT('part definition',#2,'design');
#10 = ADVANCED_BREP_SHAPE_REPRESENTATION('',(#11,#15),#3680);
#11 = AXIS2_PLACEMENT_3D('',#12,#13,#14);
#12 = CARTESIAN_POINT('',(0.,0.,0.));
#13 = DIRECTION('',(0.,0.,1.));
#14 = DIRECTION('',(1.,0.,-0.));
#15 = MANIFOLD_SOLID_BREP('',#16);
#16 = CLOSED_SHELL('',(#17,#173,#234,#262,#312,#329,#375,#415,#463,#503,
    #551,#580,#640,#671,#723,#752,#814,#845,#897,#945,#1706,#1738,#1776,
    #1802,#1835,#1861,#1887,#1913,#1939,#1965,#1989,#2013,#2037,#2063,
    #2089,#2115,#2141,#2165,#2191,#2217,#2243,#2267,#2293,#2319,#2345,
    #2369,#2395,#2421,#2447,#2473,#2497,#2521,#2545,#2571,#2597,#2623,
    #2649,#2675,#2701,#2727,#2746,#2777,#2801,#2825,#2849,#2873,#2897,
    #2921,#2945,#2969,#2993,#3010,#3055,#3074,#3108,#3216,#3256,#3280,
    #3313,#3346,#3370,#3403,#3436,#3460,#3493,#3526,#3550,#3576,#3632,
    #3644,#3656,#3668));
#17 = ADVANCED_FACE('',(#18,#94),#144,.F.);
#18 = FACE_BOUND('',#19,.F.);
#19 = EDGE_LOOP('',(#20,#59));
#20 = ORIENTED_EDGE('',*,*,#21,.F.);
#21 = EDGE_CURVE('',#22,#24,#26,.T.);
#22 = VERTEX_POINT('',#23);
#23 = CARTESIAN_POINT('',(8.999999999979,7.018572779972,11.672832774127)
  );
#24 = VERTEX_POINT('',#25);
#25 = CARTESIAN_POINT('',(9.,5.912691588279,6.252832774127));
#26 = B_SPLINE_CURVE_WITH_KNOTS('',3,(#27,#28,#29,#30,#31,#32,#33,#34,
    #35,#36,#37,#38,#39,#40,#41,#42,#43,#44,#45,#46,#47,#48,#49,#50,#51,
    #52,#53,#54,#55,#56,#57,#58),.UNSPECIFIED.,.F.,.F.,(4,2,2,2,2,2,2,2,
    2,2,2,2,2,2,2,4),(8.56567777683E-03,9.100928105104E-03,
    9.636178433379E-03,1.017142876165E-02,1.070667908993E-02,
    1.12419294182E-02,1.177717974648E-02,1.231243007475E-02,
    1.284768040303E-02,1.33829307313E-02,1.391818105958E-02,
    1.445343138785E-02,1.498868171612E-02,1.55239320444E-02,
    1.605918237267E-02,1.712968302922E-02),.UNSPECIFIED.);
#27 = CARTESIAN_POINT('',(8.999999999979,7.018572779972,11.672832774127)
  );
#28 = CARTESIAN_POINT('',(9.178679543776,7.018572779973,11.672832774128)
  );
#29 = CARTESIAN_POINT('',(9.356403563267,7.016615941219,11.655335699857)
  );
#30 = CARTESIAN_POINT('',(9.709887968587,7.008478763073,11.584407601788)
  );
#31 = CARTESIAN_POINT('',(9.882172339785,7.002344453147,11.531419886134)
  );
#32 = CARTESIAN_POINT('',(10.210987244642,6.985805397179,11.393753933351
    ));
#33 = CARTESIAN_POINT('',(10.370082422071,6.975251464448,11.307866635974
    ));
#34 = CARTESIAN_POINT('',(10.667361853448,6.949349526735,11.106711060352
    ));
#35 = CARTESIAN_POINT('',(10.804048607659,6.934191658822,10.992902338694
    ));
#36 = CARTESIAN_POINT('',(11.054047178829,6.898666604222,10.739533087327
    ));
#37 = CARTESIAN_POINT('',(11.167967917676,6.878063598202,10.598522995692
    ));
#38 = CARTESIAN_POINT('',(11.362692530183,6.832352107237,10.301956144402
    ));
#39 = CARTESIAN_POINT('',(11.444810258014,6.807129408315,10.145454093101
    ));
#40 = CARTESIAN_POINT('',(11.578329137415,6.751173367453,9.816008747148)
  );
#41 = CARTESIAN_POINT('',(11.628666170712,6.720695124882,9.644760608713)
  );
#42 = CARTESIAN_POINT('',(11.694672150151,6.656259445208,9.299957990973)
  );
#43 = CARTESIAN_POINT('',(11.710971588661,6.621866830805,9.123999178258)
  );
#44 = CARTESIAN_POINT('',(11.708938799636,6.549581798385,8.770499354839)
  );
#45 = CARTESIAN_POINT('',(11.690813098769,6.512465782322,8.596671025925)
  );
#46 = CARTESIAN_POINT('',(11.621632422226,6.436529389349,8.25460046684)
  );
#47 = CARTESIAN_POINT('',(11.56973446989,6.397287493218,8.084644455735)
  );
#48 = CARTESIAN_POINT('',(11.435380672347,6.3200495514,7.761304185593));
#49 = CARTESIAN_POINT('',(11.353315791068,6.282017653889,7.60759266691)
  );
#50 = CARTESIAN_POINT('',(11.159307547176,6.207833527729,7.315968518212)
  );
#51 = CARTESIAN_POINT('',(11.046376931933,6.171524703428,7.177553758777)
  );
#52 = CARTESIAN_POINT('',(10.799107447542,6.104768322353,6.928602673475)
  );
#53 = CARTESIAN_POINT('',(10.66392540658,6.07391290613,6.816436345929));
#54 = CARTESIAN_POINT('',(10.369453999493,6.018326490427,6.617569222004)
  );
#55 = CARTESIAN_POINT('',(10.211444804032,5.993969644051,6.532217997186)
  );
#56 = CARTESIAN_POINT('',(9.721311917556,5.934740703074,6.326669663469)
  );
#57 = CARTESIAN_POINT('',(9.362083663935,5.912691588279,6.252832774127)
  );
#58 = CARTESIAN_POINT('',(9.,5.912691588279,6.252832774127));
#59 = ORIENTED_EDGE('',*,*,#60,.F.);
#60 = EDGE_CURVE('',#24,#22,#61,.T.);
#61 = B_SPLINE_CURVE_WITH_KNOTS('',3,(#62,#63,#64,#65,#66,#67,#68,#69,
    #70,#71,#72,#73,#74,#75,#76,#77,#78,#79,#80,#81,#82,#83,#84,#85,#86,
    #87,#88,#89,#90,#91,#92,#93),.UNSPECIFIED.,.F.,.F.,(4,2,2,2,2,2,2,2,
    2,2,2,2,2,2,2,4),(0.,5.353548610519E-04,1.070709722104E-03,
    1.606064583156E-03,2.141419444207E-03,3.212129166311E-03,
    3.747484027363E-03,4.282838888415E-03,4.818193749467E-03,
    5.353548610519E-03,5.88890347157E-03,6.424258332622E-03,
    6.959613193674E-03,7.494968054726E-03,8.030322915778E-03,
    8.56567777683E-03),.UNSPECIFIED.);
#62 = CARTESIAN_POINT('',(9.,5.912691588279,6.252832774127));
#63 = CARTESIAN_POINT('',(8.818922811108,5.912691588279,6.252832774127)
  );
#64 = CARTESIAN_POINT('',(8.641071801829,5.918018160493,6.27079817676));
#65 = CARTESIAN_POINT('',(8.291516971066,5.938636245768,6.341014412269)
  );
#66 = CARTESIAN_POINT('',(8.117936513461,5.954199797215,6.394205975976)
  );
#67 = CARTESIAN_POINT('',(7.78905617932,5.99387596676,6.5318875494));
#68 = CARTESIAN_POINT('',(7.6333597751,6.017867234532,6.615950112538));
#69 = CARTESIAN_POINT('',(7.33910494422,6.07327039963,6.814114238518));
#70 = CARTESIAN_POINT('',(7.20114182344,6.104707175322,6.928377796104));
#71 = CARTESIAN_POINT('',(6.830089538734,6.204863284597,7.301875285808)
  );
#72 = CARTESIAN_POINT('',(6.631211440237,6.281764239448,7.601029335986)
  );
#73 = CARTESIAN_POINT('',(6.430537185942,6.397132585469,8.083996720916)
  );
#74 = CARTESIAN_POINT('',(6.378586004806,6.436295089819,8.253547099641)
  );
#75 = CARTESIAN_POINT('',(6.309000831059,6.512664567778,8.597564413895)
  );
#76 = CARTESIAN_POINT('',(6.291117785834,6.549709136577,8.771148901311)
  );
#77 = CARTESIAN_POINT('',(6.28898284922,6.621358844424,9.121488267251));
#78 = CARTESIAN_POINT('',(6.305283044586,6.656229447675,9.299791514486)
  );
#79 = CARTESIAN_POINT('',(6.371452298733,6.720797018795,9.645311817513)
  );
#80 = CARTESIAN_POINT('',(6.421024097153,6.750813502327,9.813966916266)
  );
#81 = CARTESIAN_POINT('',(6.553929224686,6.806688691865,10.142783534767)
  );
#82 = CARTESIAN_POINT('',(6.637481156179,6.832390137671,10.302206153748)
  );
#83 = CARTESIAN_POINT('',(6.831724514465,6.877994137274,10.598069073955)
  );
#84 = CARTESIAN_POINT('',(6.943082778336,6.898221977137,10.736411138978)
  );
#85 = CARTESIAN_POINT('',(7.195674803215,6.934188691003,10.992832591194)
  );
#86 = CARTESIAN_POINT('',(7.333028398892,6.949370728913,11.106891189055)
  );
#87 = CARTESIAN_POINT('',(7.627779501327,6.975077898787,11.30650333727)
  );
#88 = CARTESIAN_POINT('',(7.787259023652,6.985710385156,11.39296849354)
  );
#89 = CARTESIAN_POINT('',(8.11826826406,7.002373389247,11.531655351947)
  );
#90 = CARTESIAN_POINT('',(8.288784202675,7.008426996091,11.583962067845)
  );
#91 = CARTESIAN_POINT('',(8.6397502455,7.01654829254,11.654740424685));
#92 = CARTESIAN_POINT('',(8.821285560606,7.018572779972,11.672832774125)
  );
#93 = CARTESIAN_POINT('',(8.999999999979,7.018572779972,11.672832774127)
  );
#94 = FACE_BOUND('',#95,.F.);
#95 = EDGE_LOOP('',(#96,#107,#122,#131));
#96 = ORIENTED_EDGE('',*,*,#97,.T.);
#97 = EDGE_CURVE('',#98,#100,#102,.T.);
#98 = VERTEX_POINT('',#99);
#99 = CARTESIAN_POINT('',(14.411411078204,7.960907456884,13.883932850209
    ));
#100 = VERTEX_POINT('',#101);
#101 = CARTESIAN_POINT('',(14.534585742384,5.453266679819,1.462421610458
    ));
#102 = B_SPLINE_CURVE_WITH_KNOTS('',3,(#103,#104,#105,#106),
  .UNSPECIFIED.,.F.,.F.,(4,4),(0.,1.267272035858E-02),
  .PIECEWISE_BEZIER_KNOTS.);
#103 = CARTESIAN_POINT('',(14.411411078204,7.960907456884,
    13.883932850209));
#104 = CARTESIAN_POINT('',(14.44247673425,7.123111394975,9.743721421984)
  );
#105 = CARTESIAN_POINT('',(14.480536287879,6.286622170157,5.603295653733
    ));
#106 = CARTESIAN_POINT('',(14.534585742384,5.453266679819,1.462421610458
    ));
#107 = ORIENTED_EDGE('',*,*,#108,.T.);
#108 = EDGE_CURVE('',#100,#109,#111,.T.);
#109 = VERTEX_POINT('',#110);
#110 = CARTESIAN_POINT('',(3.465414257616,5.453266679819,1.462421610458)
  );
#111 = B_SPLINE_CURVE_WITH_KNOTS('',3,(#112,#113,#114,#115,#116,#117,
    #118,#119,#120,#121),.UNSPECIFIED.,.F.,.F.,(4,2,2,2,4),(0.,
    2.782880849927E-03,5.565761699855E-03,8.348642549782E-03,
    1.113152339971E-02),.UNSPECIFIED.);
#112 = CARTESIAN_POINT('',(14.534585742384,5.453266679819,1.462421610458
    ));
#113 = CARTESIAN_POINT('',(13.621740233032,5.280124607274,1.457282873709
    ));
#114 = CARTESIAN_POINT('',(12.70321470824,5.150225153012,1.45342754791)
  );
#115 = CARTESIAN_POINT('',(10.854916020941,4.976055818816,1.448258322747
    ));
#116 = CARTESIAN_POINT('',(9.926456712327,4.932073715342,1.44695296439)
  );
#117 = CARTESIAN_POINT('',(8.070998712822,4.932154250618,1.446955354621)
  );
#118 = CARTESIAN_POINT('',(7.141586058868,4.976319888116,1.448266160141)
  );
#119 = CARTESIAN_POINT('',(5.296097532299,5.150355658535,1.453431421223)
  );
#120 = CARTESIAN_POINT('',(4.378264430497,5.280123722729,1.457282847457)
  );
#121 = CARTESIAN_POINT('',(3.465414257616,5.453266679819,1.462421610458)
  );
#122 = ORIENTED_EDGE('',*,*,#123,.T.);
#123 = EDGE_CURVE('',#109,#124,#126,.T.);
#124 = VERTEX_POINT('',#125);
#125 = CARTESIAN_POINT('',(3.588588921796,7.960907456884,13.883932850209
    ));
#126 = B_SPLINE_CURVE_WITH_KNOTS('',3,(#127,#128,#129,#130),
  .UNSPECIFIED.,.F.,.F.,(4,4),(0.,1.26727146114E-02),
  .PIECEWISE_BEZIER_KNOTS.);
#127 = CARTESIAN_POINT('',(3.465414257616,5.453266679819,1.462421610458)
  );
#128 = CARTESIAN_POINT('',(3.519463696404,6.286621927823,5.603294449593)
  );
#129 = CARTESIAN_POINT('',(3.557523270693,7.123111528271,9.743722080704)
  );
#130 = CARTESIAN_POINT('',(3.588588921796,7.960907456884,13.883932850209
    ));
#131 = ORIENTED_EDGE('',*,*,#132,.T.);
#132 = EDGE_CURVE('',#124,#98,#133,.T.);
#133 = B_SPLINE_CURVE_WITH_KNOTS('',3,(#134,#135,#136,#137,#138,#139,
    #140,#141,#142,#143),.UNSPECIFIED.,.F.,.F.,(4,2,2,2,4),(0.,
    2.719216559863E-03,5.438433119727E-03,8.15764967959E-03,
    1.087686623945E-02),.UNSPECIFIED.);
#134 = CARTESIAN_POINT('',(3.588588921796,7.960907456884,13.883932850209
    ));
#135 = CARTESIAN_POINT('',(4.481952057109,7.808414172519,13.936440498857
    ));
#136 = CARTESIAN_POINT('',(5.380297866108,7.694003690166,13.975835187181
    ));
#137 = CARTESIAN_POINT('',(7.186864662747,7.540659165768,14.028635941278
    ));
#138 = CARTESIAN_POINT('',(8.094181016469,7.501954292748,14.041963097827
    ));
#139 = CARTESIAN_POINT('',(9.906410646607,7.501971143702,14.041957295578
    ));
#140 = CARTESIAN_POINT('',(10.814395737378,7.540744872822,
    14.028606429972));
#141 = CARTESIAN_POINT('',(12.619948393518,7.694045888768,
    13.975820657037));
#142 = CARTESIAN_POINT('',(13.518044969486,7.808413664972,
    13.936440673619));
#143 = CARTESIAN_POINT('',(14.411411078204,7.960907456884,
    13.883932850209));
#144 = B_SPLINE_SURFACE_WITH_KNOTS('',3,3,(
    (#145,#146,#147,#148)
    ,(#149,#150,#151,#152)
    ,(#153,#154,#155,#156)
    ,(#157,#158,#159,#160)
    ,(#161,#162,#163,#164)
    ,(#165,#166,#167,#168)
    ,(#169,#170,#171,#172
    )),.UNSPECIFIED.,.F.,.F.,.F.,(4,3,4),(4,4),(7.944069753893E-02,0.5,
    0.920559302461),(7.074088250734E-02,0.93664467264),
  .PIECEWISE_BEZIER_KNOTS.);
#145 = CARTESIAN_POINT('',(3.403128440471,8.01172633712,13.964143831038)
  );
#146 = CARTESIAN_POINT('',(3.402132954052,7.156743350768,9.766027297806)
  );
#147 = CARTESIAN_POINT('',(3.401137310524,6.30176095103,5.567910645099)
  );
#148 = CARTESIAN_POINT('',(3.400141512486,5.446779138697,1.369793872755)
  );
#149 = CARTESIAN_POINT('',(5.23729973079,7.685507942619,14.065856146218)
  );
#150 = CARTESIAN_POINT('',(5.236147848388,6.822651977072,9.834038673243)
  );
#151 = CARTESIAN_POINT('',(5.234996240815,5.95979609665,5.602221182795)
  );
#152 = CARTESIAN_POINT('',(5.233844908253,5.096940299616,1.370403675228)
  );
#153 = CARTESIAN_POINT('',(7.117237826207,7.517523135518,14.118222882368
    ));
#154 = CARTESIAN_POINT('',(7.116631892771,6.650531547117,9.869037305806)
  );
#155 = CARTESIAN_POINT('',(7.11602610635,5.783539958716,5.619851729243)
  );
#156 = CARTESIAN_POINT('',(7.11542046668,4.916548370315,1.37066615268));
#157 = CARTESIAN_POINT('',(9.,7.517523135518,14.118222882368));
#158 = CARTESIAN_POINT('',(9.,6.650531547117,9.869037305806));
#159 = CARTESIAN_POINT('',(9.,5.783539958716,5.619851729243));
#160 = CARTESIAN_POINT('',(9.,4.916548370315,1.37066615268));
#161 = CARTESIAN_POINT('',(10.882762173793,7.517523135518,
    14.118222882368));
#162 = CARTESIAN_POINT('',(10.883368107229,6.650531547117,9.869037305806
    ));
#163 = CARTESIAN_POINT('',(10.88397389365,5.783539958716,5.619851729243)
  );
#164 = CARTESIAN_POINT('',(10.88457953332,4.916548370315,1.37066615268)
  );
#165 = CARTESIAN_POINT('',(12.76270026921,7.685507942619,14.065856146218
    ));
#166 = CARTESIAN_POINT('',(12.763852151612,6.822651977072,9.834038673243
    ));
#167 = CARTESIAN_POINT('',(12.765003759185,5.95979609665,5.602221182795)
  );
#168 = CARTESIAN_POINT('',(12.766155091747,5.096940299616,1.370403675228
    ));
#169 = CARTESIAN_POINT('',(14.596871559529,8.01172633712,13.964143831038
    ));
#170 = CARTESIAN_POINT('',(14.597867045948,7.156743350768,9.766027297806
    ));
#171 = CARTESIAN_POINT('',(14.598862689476,6.30176095103,5.567910645099)
  );
#172 = CARTESIAN_POINT('',(14.599858487514,5.446779138697,1.369793872755
    ));
#173 = ADVANCED_FACE('',(#174),#217,.F.);
#174 = FACE_BOUND('',#175,.F.);
#175 = EDGE_LOOP('',(#176,#188,#189,#204));
#176 = ORIENTED_EDGE('',*,*,#177,.T.);
#177 = EDGE_CURVE('',#178,#100,#180,.T.);
#178 = VERTEX_POINT('',#179);
#179 = CARTESIAN_POINT('',(16.608264436775,0.,1.300572433796));
#180 = B_SPLINE_CURVE_WITH_KNOTS('',3,(#181,#182,#183,#184,#185,#186,
    #187),.UNSPECIFIED.,.F.,.F.,(4,3,4),(0.,2.918235205631E-03,
    5.836478767755E-03),.UNSPECIFIED.);
#181 = CARTESIAN_POINT('',(16.608264436775,-4.3E-16,1.300572433796));
#182 = CARTESIAN_POINT('',(16.261187696872,0.908319302738,1.327530721355
    ));
#183 = CARTESIAN_POINT('',(15.914748475743,1.81688236647,1.354496243573)
  );
#184 = CARTESIAN_POINT('',(15.569084072418,2.72573960406,1.381470496666)
  );
#185 = CARTESIAN_POINT('',(15.223418712981,3.634599355558,1.40844482437)
  );
#186 = CARTESIAN_POINT('',(14.878527161311,4.543753709778,1.43542789568)
  );
#187 = CARTESIAN_POINT('',(14.534585742384,5.453266679819,1.462421610458
    ));
#188 = ORIENTED_EDGE('',*,*,#97,.F.);
#189 = ORIENTED_EDGE('',*,*,#190,.F.);
#190 = EDGE_CURVE('',#191,#98,#193,.T.);
#191 = VERTEX_POINT('',#192);
#192 = CARTESIAN_POINT('',(16.649947780587,-9.E-15,16.625093114457));
#193 = B_SPLINE_CURVE_WITH_KNOTS('',3,(#194,#195,#196,#197,#198,#199,
    #200,#201,#202,#203),.UNSPECIFIED.,.F.,.F.,(4,3,3,4),(0.,
    2.678437876009E-03,5.356875794639E-03,8.712122415678E-03),
  .UNSPECIFIED.);
#194 = CARTESIAN_POINT('',(16.649947780587,-9.38E-15,16.625093114457));
#195 = CARTESIAN_POINT('',(16.421306558618,0.816020096205,
    16.344114862335));
#196 = CARTESIAN_POINT('',(16.192464829083,1.631989997585,
    16.063153893676));
#197 = CARTESIAN_POINT('',(15.963393648721,2.447902284277,
    15.782212763346));
#198 = CARTESIAN_POINT('',(15.734322466217,3.263814578599,
    15.501271630388));
#199 = CARTESIAN_POINT('',(15.505021909367,4.07966934156,15.220350307067
    ));
#200 = CARTESIAN_POINT('',(15.275457119898,4.895457599507,
    14.939451883258));
#201 = CARTESIAN_POINT('',(14.987884110527,5.917385591556,
    14.587573856802));
#202 = CARTESIAN_POINT('',(14.699897280752,6.939209592338,
    14.235731637411));
#203 = CARTESIAN_POINT('',(14.411411078204,7.960907456884,
    13.883932850209));
#204 = ORIENTED_EDGE('',*,*,#205,.T.);
#205 = EDGE_CURVE('',#191,#178,#206,.T.);
#206 = B_SPLINE_CURVE_WITH_KNOTS('',3,(#207,#208,#209,#210,#211,#212,
    #213,#214,#215,#216),.UNSPECIFIED.,.F.,.F.,(4,3,3,4),(0.,
    5.356875782447E-03,1.034072637193E-02,1.532458137414E-02),
  .UNSPECIFIED.);
#207 = CARTESIAN_POINT('',(16.649947780587,-9.38E-15,16.625093114457));
#208 = CARTESIAN_POINT('',(16.646901679951,-8.9E-16,14.839470451817));
#209 = CARTESIAN_POINT('',(16.643445862967,3.3E-16,13.053848389326));
#210 = CARTESIAN_POINT('',(16.639385525809,3.3E-16,11.268227744921));
#211 = CARTESIAN_POINT('',(16.635607929662,3.3E-16,9.606948544707));
#212 = CARTESIAN_POINT('',(16.631309937772,2.17E-15,7.945670352676));
#213 = CARTESIAN_POINT('',(16.626234833605,2.17E-15,6.284394609576));
#214 = CARTESIAN_POINT('',(16.621159725275,2.17E-15,4.623117503637));
#215 = CARTESIAN_POINT('',(16.615315264058,-1.08E-15,2.961842329169));
#216 = CARTESIAN_POINT('',(16.608264436775,-4.3E-16,1.300572433796));
#217 = B_SPLINE_SURFACE_WITH_KNOTS('',3,3,(
    (#218,#219,#220,#221)
    ,(#222,#223,#224,#225)
    ,(#226,#227,#228,#229)
    ,(#230,#231,#232,#233
    )),.UNSPECIFIED.,.F.,.F.,.F.,(4,4),(4,4),(6.502262653888E-02,
    0.932973070678),(3.194653065274E-02,0.885686415684),
  .PIECEWISE_BEZIER_KNOTS.);
#218 = CARTESIAN_POINT('',(16.663239730725,-4.696056119848E-02,
    16.732437250983));
#219 = CARTESIAN_POINT('',(15.907730587005,2.654173333375,
    15.867052427732));
#220 = CARTESIAN_POINT('',(15.152361904649,5.356010744508,
    15.003698392681));
#221 = CARTESIAN_POINT('',(14.397423357503,8.058937661453,
    14.143307533655));
#222 = CARTESIAN_POINT('',(16.671424594073,-0.103500434635,
    11.557493053834));
#223 = CARTESIAN_POINT('',(15.916027638932,2.354243791271,
    10.983934001618));
#224 = CARTESIAN_POINT('',(15.160803031868,4.812655809205,10.41274458977
    ));
#225 = CARTESIAN_POINT('',(14.406119493226,7.272163866055,9.845119722847
    ));
#226 = CARTESIAN_POINT('',(16.682113490849,-0.166573625951,
    6.382583231291));
#227 = CARTESIAN_POINT('',(15.926899796492,2.047370982507,6.101160245489
    ));
#228 = CARTESIAN_POINT('',(15.171890169055,4.261909800069,5.82255148694)
  );
#229 = CARTESIAN_POINT('',(14.417523118557,6.47753471724,5.548309737895)
  );
#230 = CARTESIAN_POINT('',(16.701377410279,-0.24408556576,1.207749377238
    ));
#231 = CARTESIAN_POINT('',(15.947239862257,1.724511251471,1.219151594931
    ));
#232 = CARTESIAN_POINT('',(15.19355278779,3.693299669675,1.234109221497)
  );
#233 = CARTESIAN_POINT('',(14.441202664098,5.662632322794,1.255055672141
    ));
#234 = ADVANCED_FACE('',(#235),#257,.F.);
#235 = FACE_BOUND('',#236,.T.);
#236 = EDGE_LOOP('',(#237,#249,#255,#256));
#237 = ORIENTED_EDGE('',*,*,#238,.F.);
#238 = EDGE_CURVE('',#239,#109,#241,.T.);
#239 = VERTEX_POINT('',#240);
#240 = CARTESIAN_POINT('',(1.391735563225,0.,1.300572433796));
#241 = B_SPLINE_CURVE_WITH_KNOTS('',3,(#242,#243,#244,#245,#246,#247,
    #248),.UNSPECIFIED.,.F.,.F.,(4,3,4),(0.,2.918235205631E-03,
    5.836478767755E-03),.UNSPECIFIED.);
#242 = CARTESIAN_POINT('',(1.391735563225,-2.2E-16,1.300572433796));
#243 = CARTESIAN_POINT('',(1.738812303128,0.908319302738,1.327530721355)
  );
#244 = CARTESIAN_POINT('',(2.085251524257,1.81688236647,1.354496243573)
  );
#245 = CARTESIAN_POINT('',(2.430915927582,2.72573960406,1.381470496666)
  );
#246 = CARTESIAN_POINT('',(2.776581287019,3.634599355558,1.40844482437)
  );
#247 = CARTESIAN_POINT('',(3.121472838689,4.543753709778,1.43542789568)
  );
#248 = CARTESIAN_POINT('',(3.465414257616,5.453266679819,1.462421610458)
  );
#249 = ORIENTED_EDGE('',*,*,#250,.T.);
#250 = EDGE_CURVE('',#239,#178,#251,.T.);
#251 = LINE('',#252,#253);
#252 = CARTESIAN_POINT('',(9.,0.,1.300572433796));
#253 = VECTOR('',#254,1.);
#254 = DIRECTION('',(1.,0.,1.E-17));
#255 = ORIENTED_EDGE('',*,*,#177,.T.);
#256 = ORIENTED_EDGE('',*,*,#108,.T.);
#257 = PLANE('',#258);
#258 = AXIS2_PLACEMENT_3D('',#259,#260,#261);
#259 = CARTESIAN_POINT('',(9.,5.961433882689,1.477503660946));
#260 = DIRECTION('',(1.E-17,2.966624408511E-02,-0.999559860119));
#261 = DIRECTION('',(0.,0.999559860119,2.966624408511E-02));
#262 = ADVANCED_FACE('',(#263),#295,.F.);
#263 = FACE_BOUND('',#264,.F.);
#264 = EDGE_LOOP('',(#265,#280,#281,#282));
#265 = ORIENTED_EDGE('',*,*,#266,.T.);
#266 = EDGE_CURVE('',#267,#124,#269,.T.);
#267 = VERTEX_POINT('',#268);
#268 = CARTESIAN_POINT('',(1.350052219413,-9.E-15,16.625093114457));
#269 = B_SPLINE_CURVE_WITH_KNOTS('',3,(#270,#271,#272,#273,#274,#275,
    #276,#277,#278,#279),.UNSPECIFIED.,.F.,.F.,(4,3,3,4),(0.,
    2.683908998455E-03,5.367818039906E-03,8.712122413613E-03),
  .UNSPECIFIED.);
#270 = CARTESIAN_POINT('',(1.350052219413,-8.61E-15,16.625093114457));
#271 = CARTESIAN_POINT('',(1.579160476341,0.817686943103,16.343540920921
    ));
#272 = CARTESIAN_POINT('',(1.808470058982,1.635323486645,16.062006081344
    ));
#273 = CARTESIAN_POINT('',(2.038010093846,2.452902163758,15.780491166778
    ));
#274 = CARTESIAN_POINT('',(2.267550130871,3.270480848567,15.498976249561
    ));
#275 = CARTESIAN_POINT('',(2.497320542738,4.088001750937,15.217481228433
    ));
#276 = CARTESIAN_POINT('',(2.727356422429,4.905455836669,14.936009214119
    ));
#277 = CARTESIAN_POINT('',(3.013994291205,5.924050402316,14.58527897842)
  );
#278 = CARTESIAN_POINT('',(3.301043540328,6.942541588393,14.234584339162
    ));
#279 = CARTESIAN_POINT('',(3.588588921796,7.960907456884,13.883932850209
    ));
#280 = ORIENTED_EDGE('',*,*,#123,.F.);
#281 = ORIENTED_EDGE('',*,*,#238,.F.);
#282 = ORIENTED_EDGE('',*,*,#283,.F.);
#283 = EDGE_CURVE('',#267,#239,#284,.T.);
#284 = B_SPLINE_CURVE_WITH_KNOTS('',3,(#285,#286,#287,#288,#289,#290,
    #291,#292,#293,#294),.UNSPECIFIED.,.F.,.F.,(4,3,3,4),(0.,
    5.367818027601E-03,1.0346197498E-02,1.532458137049E-02),
  .UNSPECIFIED.);
#285 = CARTESIAN_POINT('',(1.350052219413,-8.61E-15,16.625093114457));
#286 = CARTESIAN_POINT('',(1.35310454218,-8.E-17,14.835823042073));
#287 = CARTESIAN_POINT('',(1.356568222558,5.E-17,13.04655357189));
#288 = CARTESIAN_POINT('',(1.360639363461,5.E-17,11.257285527573));
#289 = CARTESIAN_POINT('',(1.364415140465,5.E-17,9.597830033781));
#290 = CARTESIAN_POINT('',(1.36871062059,-1.1E-16,7.938375547724));
#291 = CARTESIAN_POINT('',(1.373781883156,-1.1E-16,6.278923507242));
#292 = CARTESIAN_POINT('',(1.378853149878,-1.1E-16,4.619470107093));
#293 = CARTESIAN_POINT('',(1.38469247613,5.E-17,2.96001863658));
#294 = CARTESIAN_POINT('',(1.391735563225,-2.2E-16,1.300572433796));
#295 = B_SPLINE_SURFACE_WITH_KNOTS('',3,3,(
    (#296,#297,#298,#299)
    ,(#300,#301,#302,#303)
    ,(#304,#305,#306,#307)
    ,(#308,#309,#310,#311
    )),.UNSPECIFIED.,.F.,.F.,.F.,(4,4),(4,4),(6.702692932246E-02,
    0.934977373461),(3.194653065274E-02,0.885686415684),
  .PIECEWISE_BEZIER_KNOTS.);
#296 = CARTESIAN_POINT('',(1.298622589721,-0.24408556576,1.207749377238)
  );
#297 = CARTESIAN_POINT('',(2.052760137743,1.724511251471,1.219151594931)
  );
#298 = CARTESIAN_POINT('',(2.80644721221,3.693299669675,1.234109221497)
  );
#299 = CARTESIAN_POINT('',(3.558797335902,5.662632322794,1.255055672141)
  );
#300 = CARTESIAN_POINT('',(1.317886509151,-0.166573625951,6.382583231291
    ));
#301 = CARTESIAN_POINT('',(2.073100203508,2.047370982507,6.101160245489)
  );
#302 = CARTESIAN_POINT('',(2.828109830945,4.261909800069,5.82255148694)
  );
#303 = CARTESIAN_POINT('',(3.582476881443,6.47753471724,5.548309737895)
  );
#304 = CARTESIAN_POINT('',(1.328575405927,-0.103500434635,
    11.557493053834));
#305 = CARTESIAN_POINT('',(2.083972361068,2.354243791271,10.983934001618
    ));
#306 = CARTESIAN_POINT('',(2.839196968132,4.812655809205,10.41274458977)
  );
#307 = CARTESIAN_POINT('',(3.593880506774,7.272163866055,9.845119722847)
  );
#308 = CARTESIAN_POINT('',(1.336760269275,-4.696056119848E-02,
    16.732437250983));
#309 = CARTESIAN_POINT('',(2.092269412995,2.654173333375,15.867052427732
    ));
#310 = CARTESIAN_POINT('',(2.847638095351,5.356010744508,15.003698392681
    ));
#311 = CARTESIAN_POINT('',(3.602576642497,8.058937661453,14.143307533655
    ));
#312 = ADVANCED_FACE('',(#313),#324,.T.);
#313 = FACE_BOUND('',#314,.T.);
#314 = EDGE_LOOP('',(#315,#316,#322,#323));
#315 = ORIENTED_EDGE('',*,*,#190,.F.);
#316 = ORIENTED_EDGE('',*,*,#317,.F.);
#317 = EDGE_CURVE('',#267,#191,#318,.T.);
#318 = LINE('',#319,#320);
#319 = CARTESIAN_POINT('',(9.,0.,16.625093114457));
#320 = VECTOR('',#321,1.);
#321 = DIRECTION('',(1.,0.,3.1E-16));
#322 = ORIENTED_EDGE('',*,*,#266,.T.);
#323 = ORIENTED_EDGE('',*,*,#132,.T.);
#324 = PLANE('',#325);
#325 = AXIS2_PLACEMENT_3D('',#326,#327,#328);
#326 = CARTESIAN_POINT('',(9.,8.580530172183,13.67057963951));
#327 = DIRECTION('',(2.9E-16,-0.325568154457,-0.945518575599));
#328 = DIRECTION('',(0.,0.945518575599,-0.325568154457));
#329 = ADVANCED_FACE('',(#330,#364),#370,.F.);
#330 = FACE_BOUND('',#331,.T.);
#331 = EDGE_LOOP('',(#332,#342,#350,#358));
#332 = ORIENTED_EDGE('',*,*,#333,.T.);
#333 = EDGE_CURVE('',#334,#336,#338,.T.);
#334 = VERTEX_POINT('',#335);
#335 = CARTESIAN_POINT('',(0.,0.,0.));
#336 = VERTEX_POINT('',#337);
#337 = CARTESIAN_POINT('',(18.,0.,0.));
#338 = LINE('',#339,#340);
#339 = CARTESIAN_POINT('',(0.,0.,0.));
#340 = VECTOR('',#341,1.);
#341 = DIRECTION('',(1.,0.,0.));
#342 = ORIENTED_EDGE('',*,*,#343,.F.);
#343 = EDGE_CURVE('',#344,#336,#346,.T.);
#344 = VERTEX_POINT('',#345);
#345 = CARTESIAN_POINT('',(18.,0.,18.));
#346 = LINE('',#347,#348);
#347 = CARTESIAN_POINT('',(18.,0.,18.));
#348 = VECTOR('',#349,1.);
#349 = DIRECTION('',(0.,0.,-1.));
#350 = ORIENTED_EDGE('',*,*,#351,.F.);
#351 = EDGE_CURVE('',#352,#344,#354,.T.);
#352 = VERTEX_POINT('',#353);
#353 = CARTESIAN_POINT('',(0.,0.,18.));
#354 = LINE('',#355,#356);
#355 = CARTESIAN_POINT('',(0.,0.,18.));
#356 = VECTOR('',#357,1.);
#357 = DIRECTION('',(1.,0.,0.));
#358 = ORIENTED_EDGE('',*,*,#359,.T.);
#359 = EDGE_CURVE('',#352,#334,#360,.T.);
#360 = LINE('',#361,#362);
#361 = CARTESIAN_POINT('',(0.,0.,18.));
#362 = VECTOR('',#363,1.);
#363 = DIRECTION('',(0.,0.,-1.));
#364 = FACE_BOUND('',#365,.T.);
#365 = EDGE_LOOP('',(#366,#367,#368,#369));
#366 = ORIENTED_EDGE('',*,*,#250,.F.);
#367 = ORIENTED_EDGE('',*,*,#283,.F.);
#368 = ORIENTED_EDGE('',*,*,#317,.T.);
#369 = ORIENTED_EDGE('',*,*,#205,.T.);
#370 = PLANE('',#371);
#371 = AXIS2_PLACEMENT_3D('',#372,#373,#374);
#372 = CARTESIAN_POINT('',(0.,0.,0.));
#373 = DIRECTION('',(0.,1.,0.));
#374 = DIRECTION('',(0.,0.,1.));
#375 = ADVANCED_FACE('',(#376),#410,.T.);
#376 = FACE_BOUND('',#377,.T.);
#377 = EDGE_LOOP('',(#378,#387,#402,#409));
#378 = ORIENTED_EDGE('',*,*,#379,.T.);
#379 = EDGE_CURVE('',#334,#380,#382,.T.);
#380 = VERTEX_POINT('',#381);
#381 = CARTESIAN_POINT('',(3.514561242989,6.454354475665,0.191560768821)
  );
#382 = B_SPLINE_CURVE_WITH_KNOTS('',3,(#383,#384,#385,#386),
  .UNSPECIFIED.,.F.,.F.,(4,4),(0.,0.987862766321),
  .PIECEWISE_BEZIER_KNOTS.);
#383 = CARTESIAN_POINT('',(0.,0.,0.));
#384 = CARTESIAN_POINT('',(1.285027911966,2.308729489573,
    6.852149160531E-02));
#385 = CARTESIAN_POINT('',(2.456548279302,4.460181006372,0.132375081952)
  );
#386 = CARTESIAN_POINT('',(3.514561242989,6.454354475665,0.191560768821)
  );
#387 = ORIENTED_EDGE('',*,*,#388,.T.);
#388 = EDGE_CURVE('',#380,#389,#391,.T.);
#389 = VERTEX_POINT('',#390);
#390 = CARTESIAN_POINT('',(14.48543875702,6.454354475665,0.191560768821)
  );
#391 = B_SPLINE_CURVE_WITH_KNOTS('',3,(#392,#393,#394,#395,#396,#397,
    #398,#399,#400,#401),.UNSPECIFIED.,.F.,.F.,(4,2,2,2,4),(0.,
    2.755448588217E-03,5.510897176434E-03,8.266345764651E-03,
    1.102179435287E-02),.UNSPECIFIED.);
#392 = CARTESIAN_POINT('',(3.514561242989,6.454354475665,0.191560768821)
  );
#393 = CARTESIAN_POINT('',(4.418712579588,6.277072004639,0.186299147914)
  );
#394 = CARTESIAN_POINT('',(5.327977851624,6.144299409664,0.182358549289)
  );
#395 = CARTESIAN_POINT('',(7.156551466843,5.966168097294,0.17707173536)
  );
#396 = CARTESIAN_POINT('',(8.077921979255,5.920886536615,0.175727810013)
  );
#397 = CARTESIAN_POINT('',(9.918108745039,5.920756691528,0.175723956301)
  );
#398 = CARTESIAN_POINT('',(10.838511205526,5.965783143477,0.177060310197
    ));
#399 = CARTESIAN_POINT('',(12.671050879658,6.144109084029,0.182352900556
    ));
#400 = CARTESIAN_POINT('',(13.581293827081,6.277073260833,0.186299185197
    ));
#401 = CARTESIAN_POINT('',(14.48543875702,6.454354475665,0.191560768821)
  );
#402 = ORIENTED_EDGE('',*,*,#403,.T.);
#403 = EDGE_CURVE('',#389,#336,#404,.T.);
#404 = B_SPLINE_CURVE_WITH_KNOTS('',3,(#405,#406,#407,#408),
  .UNSPECIFIED.,.F.,.F.,(4,4),(1.21374247227E-02,1.),
  .PIECEWISE_BEZIER_KNOTS.);
#405 = CARTESIAN_POINT('',(14.48543875702,6.454354475665,0.191560768821)
  );
#406 = CARTESIAN_POINT('',(15.543451727667,4.460180993859,0.13237508158)
  );
#407 = CARTESIAN_POINT('',(16.714972094998,2.308729477059,
    6.85214912339E-02));
#408 = CARTESIAN_POINT('',(18.,0.,0.));
#409 = ORIENTED_EDGE('',*,*,#333,.F.);
#410 = PLANE('',#411);
#411 = AXIS2_PLACEMENT_3D('',#412,#413,#414);
#412 = CARTESIAN_POINT('',(9.,6.,0.178075842791));
#413 = DIRECTION('',(1.E-17,2.966624408511E-02,-0.999559860119));
#414 = DIRECTION('',(0.,0.999559860119,2.966624408511E-02));
#415 = ADVANCED_FACE('',(#416),#450,.T.);
#416 = FACE_BOUND('',#417,.T.);
#417 = EDGE_LOOP('',(#418,#427,#442,#449));
#418 = ORIENTED_EDGE('',*,*,#419,.T.);
#419 = EDGE_CURVE('',#336,#420,#422,.T.);
#420 = VERTEX_POINT('',#421);
#421 = CARTESIAN_POINT('',(15.381211249591,6.823568218758,1.109583654018
    ));
#422 = B_SPLINE_CURVE_WITH_KNOTS('',3,(#423,#424,#425,#426),
  .UNSPECIFIED.,.F.,.F.,(4,4),(0.,0.98723161044),
  .PIECEWISE_BEZIER_KNOTS.);
#423 = CARTESIAN_POINT('',(18.,0.,0.));
#424 = CARTESIAN_POINT('',(17.059441441391,2.385002056668,0.413266646036
    ));
#425 = CARTESIAN_POINT('',(16.186512166802,4.658632889647,0.784195991036
    ));
#426 = CARTESIAN_POINT('',(15.381211249591,6.823568218758,1.109583654018
    ));
#427 = ORIENTED_EDGE('',*,*,#428,.T.);
#428 = EDGE_CURVE('',#420,#429,#431,.T.);
#429 = VERTEX_POINT('',#430);
#430 = CARTESIAN_POINT('',(15.374713926731,9.385088387274,
    13.756448376781));
#431 = B_SPLINE_CURVE_WITH_KNOTS('',3,(#432,#433,#434,#435,#436,#437,
    #438,#439,#440,#441),.UNSPECIFIED.,.F.,.F.,(4,3,3,4),(0.,
    5.280233972899E-03,7.617551316541E-03,1.29036673644E-02),
  .UNSPECIFIED.);
#432 = CARTESIAN_POINT('',(15.381211249591,6.823568218758,1.109583654018
    ));
#433 = CARTESIAN_POINT('',(15.3801695678,7.172327870567,2.83476198414));
#434 = CARTESIAN_POINT('',(15.379186996246,7.521430598993,4.559870976705
    ));
#435 = CARTESIAN_POINT('',(15.378272315359,7.870764815124,6.284933092422
    ));
#436 = CARTESIAN_POINT('',(15.377867428088,8.025399048247,7.04853896049)
  );
#437 = CARTESIAN_POINT('',(15.377475520335,8.180079334328,7.81213551061)
  );
#438 = CARTESIAN_POINT('',(15.377096237594,8.334798747733,8.575724137422
    ));
#439 = CARTESIAN_POINT('',(15.376238445397,8.68471476267,10.302668956197
    ));
#440 = CARTESIAN_POINT('',(15.37544538649,9.03482926956,12.029573594904)
  );
#441 = CARTESIAN_POINT('',(15.374713926731,9.385088387274,
    13.756448376781));
#442 = ORIENTED_EDGE('',*,*,#443,.T.);
#443 = EDGE_CURVE('',#429,#344,#444,.T.);
#444 = B_SPLINE_CURVE_WITH_KNOTS('',3,(#445,#446,#447,#448),
  .UNSPECIFIED.,.F.,.F.,(4,4),(1.022663056862E-02,1.),
  .PIECEWISE_BEZIER_KNOTS.);
#445 = CARTESIAN_POINT('',(15.374713926731,9.385088387274,
    13.756448376781));
#446 = CARTESIAN_POINT('',(16.172622870705,6.602257669887,
    15.035247800375));
#447 = CARTESIAN_POINT('',(17.047720153399,3.473353337681,
    16.450414059923));
#448 = CARTESIAN_POINT('',(18.,0.,18.));
#449 = ORIENTED_EDGE('',*,*,#343,.T.);
#450 = B_SPLINE_SURFACE_WITH_KNOTS('',3,1,(
    (#451,#452)
    ,(#453,#454)
    ,(#455,#456)
    ,(#457,#458)
    ,(#459,#460)
    ,(#461,#462
    )),.UNSPECIFIED.,.F.,.F.,.F.,(4,2,4),(2,2),(0.,0.5,1.),(0.,1.),
  .UNSPECIFIED.);
#451 = CARTESIAN_POINT('',(18.,0.,18.));
#452 = CARTESIAN_POINT('',(15.35,9.665631775897,14.671856079669));
#453 = CARTESIAN_POINT('',(18.,0.,15.));
#454 = CARTESIAN_POINT('',(15.35,9.174640329795,12.259785989479));
#455 = CARTESIAN_POINT('',(18.,0.,12.));
#456 = CARTESIAN_POINT('',(15.35,8.683648883693,9.84771589929));
#457 = CARTESIAN_POINT('',(18.,0.,6.));
#458 = CARTESIAN_POINT('',(15.35,7.701665991489,5.023575718911));
#459 = CARTESIAN_POINT('',(18.,0.,3.));
#460 = CARTESIAN_POINT('',(15.35,7.210674545388,2.611505628722));
#461 = CARTESIAN_POINT('',(18.,0.,0.));
#462 = CARTESIAN_POINT('',(15.35,6.719683099286,0.199435538532));
#463 = ADVANCED_FACE('',(#464),#498,.F.);
#464 = FACE_BOUND('',#465,.T.);
#465 = EDGE_LOOP('',(#466,#475,#490,#497));
#466 = ORIENTED_EDGE('',*,*,#467,.T.);
#467 = EDGE_CURVE('',#344,#468,#470,.T.);
#468 = VERTEX_POINT('',#469);
#469 = CARTESIAN_POINT('',(14.438111653367,9.403128244433,
    14.762243294138));
#470 = B_SPLINE_CURVE_WITH_KNOTS('',3,(#471,#472,#473,#474),
  .UNSPECIFIED.,.F.,.F.,(4,4),(0.,0.990706185784),
  .PIECEWISE_BEZIER_KNOTS.);
#471 = CARTESIAN_POINT('',(18.,0.,18.));
#472 = CARTESIAN_POINT('',(16.710712657937,3.453368819203,
    16.810909756675));
#473 = CARTESIAN_POINT('',(15.52341650719,6.587744888548,15.731657525565
    ));
#474 = CARTESIAN_POINT('',(14.438111653367,9.403128244433,
    14.762243294138));
#475 = ORIENTED_EDGE('',*,*,#476,.T.);
#476 = EDGE_CURVE('',#468,#477,#479,.T.);
#477 = VERTEX_POINT('',#478);
#478 = CARTESIAN_POINT('',(3.561888333986,9.403128211642,14.762243305428
    ));
#479 = B_SPLINE_CURVE_WITH_KNOTS('',3,(#480,#481,#482,#483,#484,#485,
    #486,#487,#488,#489),.UNSPECIFIED.,.F.,.F.,(4,2,2,2,4),(0.,
    2.734530250135E-03,5.469060500271E-03,8.203590750406E-03,
    1.093812100054E-02),.UNSPECIFIED.);
#480 = CARTESIAN_POINT('',(14.438111653367,9.403128244433,
    14.762243294138));
#481 = CARTESIAN_POINT('',(13.541074656209,9.242841411165,
    14.817434476879));
#482 = CARTESIAN_POINT('',(12.638442234169,9.122617452497,
    14.858830905627));
#483 = CARTESIAN_POINT('',(10.822106523967,8.961434641285,
    14.914330598315));
#484 = CARTESIAN_POINT('',(9.910021030225,8.920752668005,14.928338525078
    ));
#485 = CARTESIAN_POINT('',(8.086663690203,8.920851513144,14.928304489968
    ));
#486 = CARTESIAN_POINT('',(7.173657416097,8.961735805324,14.91422689922)
  );
#487 = CARTESIAN_POINT('',(5.360723996558,9.122766397716,14.858779619675
    ));
#488 = CARTESIAN_POINT('',(4.458930785139,9.242840438879,14.817434811664
    ));
#489 = CARTESIAN_POINT('',(3.561888333986,9.403128211642,14.762243305428
    ));
#490 = ORIENTED_EDGE('',*,*,#491,.T.);
#491 = EDGE_CURVE('',#477,#352,#492,.T.);
#492 = B_SPLINE_CURVE_WITH_KNOTS('',3,(#493,#494,#495,#496),
  .UNSPECIFIED.,.F.,.F.,(4,4),(9.293595966627E-03,1.),
  .PIECEWISE_BEZIER_KNOTS.);
#493 = CARTESIAN_POINT('',(3.561888333986,9.403128211642,14.762243305428
    ));
#494 = CARTESIAN_POINT('',(2.476583494106,6.587744892585,15.731657524175
    ));
#495 = CARTESIAN_POINT('',(1.289287347576,3.453368834169,16.810909751522
    ));
#496 = CARTESIAN_POINT('',(0.,0.,18.));
#497 = ORIENTED_EDGE('',*,*,#351,.T.);
#498 = PLANE('',#499);
#499 = AXIS2_PLACEMENT_3D('',#500,#501,#502);
#500 = CARTESIAN_POINT('',(9.,9.003768772977,14.899753787789));
#501 = DIRECTION('',(2.9E-16,-0.325568154457,-0.945518575599));
#502 = DIRECTION('',(0.,0.945518575599,-0.325568154457));
#503 = ADVANCED_FACE('',(#504),#538,.T.);
#504 = FACE_BOUND('',#505,.T.);
#505 = EDGE_LOOP('',(#506,#515,#530,#537));
#506 = ORIENTED_EDGE('',*,*,#507,.T.);
#507 = EDGE_CURVE('',#352,#508,#510,.T.);
#508 = VERTEX_POINT('',#509);
#509 = CARTESIAN_POINT('',(2.625285247603,9.385085507868,13.756449699976
    ));
#510 = B_SPLINE_CURVE_WITH_KNOTS('',3,(#511,#512,#513,#514),
  .UNSPECIFIED.,.F.,.F.,(4,4),(0.,0.989773028056),
  .PIECEWISE_BEZIER_KNOTS.);
#511 = CARTESIAN_POINT('',(0.,0.,18.));
#512 = CARTESIAN_POINT('',(0.95227951803,3.473352139249,16.450414594596)
  );
#513 = CARTESIAN_POINT('',(1.82737652552,6.602255511477,15.035248776312)
  );
#514 = CARTESIAN_POINT('',(2.625285247603,9.385085507868,13.756449699976
    ));
#515 = ORIENTED_EDGE('',*,*,#516,.T.);
#516 = EDGE_CURVE('',#508,#517,#519,.T.);
#517 = VERTEX_POINT('',#518);
#518 = CARTESIAN_POINT('',(2.618788612234,6.823567847291,1.109583598186)
  );
#519 = B_SPLINE_CURVE_WITH_KNOTS('',3,(#520,#521,#522,#523,#524,#525,
    #526,#527,#528,#529),.UNSPECIFIED.,.F.,.F.,(4,3,3,4),(0.,
    5.280233911907E-03,9.091950577761E-03,1.290366743312E-02),
  .UNSPECIFIED.);
#520 = CARTESIAN_POINT('',(2.625285247603,9.385085507868,13.756449699976
    ));
#521 = CARTESIAN_POINT('',(2.624555432955,9.035219018422,12.031495191286
    ));
#522 = CARTESIAN_POINT('',(2.623763320166,8.685493953644,10.306512211177
    ));
#523 = CARTESIAN_POINT('',(2.622906625714,8.335966864656,8.58148915543)
  );
#524 = CARTESIAN_POINT('',(2.622288191648,8.083648832089,7.336222515811)
  );
#525 = CARTESIAN_POINT('',(2.621636024969,7.831434268691,6.09093491983)
  );
#526 = CARTESIAN_POINT('',(2.620949171793,7.5793552325,4.845619914093));
#527 = CARTESIAN_POINT('',(2.620262318584,7.327276184338,3.600304849219)
  );
#528 = CARTESIAN_POINT('',(2.619540466198,7.075332357095,2.354962418328)
  );
#529 = CARTESIAN_POINT('',(2.618788612234,6.823567847291,1.109583598186)
  );
#530 = ORIENTED_EDGE('',*,*,#531,.T.);
#531 = EDGE_CURVE('',#517,#334,#532,.T.);
#532 = B_SPLINE_CURVE_WITH_KNOTS('',3,(#533,#534,#535,#536),
  .UNSPECIFIED.,.F.,.F.,(4,4),(1.276844602476E-02,1.),
  .PIECEWISE_BEZIER_KNOTS.);
#533 = CARTESIAN_POINT('',(2.618788612234,6.823567847291,1.109583598186)
  );
#534 = CARTESIAN_POINT('',(1.813487733356,4.65863262955,0.784195948667)
  );
#535 = CARTESIAN_POINT('',(0.940558504826,2.385001920289,0.413266622403)
  );
#536 = CARTESIAN_POINT('',(0.,0.,0.));
#537 = ORIENTED_EDGE('',*,*,#359,.F.);
#538 = B_SPLINE_SURFACE_WITH_KNOTS('',3,1,(
    (#539,#540)
    ,(#541,#542)
    ,(#543,#544)
    ,(#545,#546)
    ,(#547,#548)
    ,(#549,#550
    )),.UNSPECIFIED.,.F.,.F.,.F.,(4,2,4),(2,2),(0.,0.5,1.),(0.,1.),
  .UNSPECIFIED.);
#539 = CARTESIAN_POINT('',(0.,0.,0.));
#540 = CARTESIAN_POINT('',(2.65,6.719683099286,0.199435538532));
#541 = CARTESIAN_POINT('',(0.,0.,3.));
#542 = CARTESIAN_POINT('',(2.65,7.210674545388,2.611505628722));
#543 = CARTESIAN_POINT('',(0.,0.,6.));
#544 = CARTESIAN_POINT('',(2.65,7.701665991489,5.023575718911));
#545 = CARTESIAN_POINT('',(0.,0.,12.));
#546 = CARTESIAN_POINT('',(2.65,8.683648883693,9.84771589929));
#547 = CARTESIAN_POINT('',(0.,0.,15.));
#548 = CARTESIAN_POINT('',(2.65,9.174640329795,12.259785989479));
#549 = CARTESIAN_POINT('',(0.,0.,18.));
#550 = CARTESIAN_POINT('',(2.65,9.665631775897,14.671856079669));
#551 = ADVANCED_FACE('',(#552),#567,.T.);
#552 = FACE_BOUND('',#553,.T.);
#553 = EDGE_LOOP('',(#554,#555,#566));
#554 = ORIENTED_EDGE('',*,*,#531,.F.);
#555 = ORIENTED_EDGE('',*,*,#556,.T.);
#556 = EDGE_CURVE('',#517,#380,#557,.T.);
#557 = B_SPLINE_CURVE_WITH_KNOTS('',3,(#558,#559,#560,#561,#562,#563,
    #564,#565),.UNSPECIFIED.,.F.,.F.,(4,2,2,4),(-5.999999993E-08,
    7.403139915628E-04,1.110500987344E-03,1.480687983125E-03),
  .UNSPECIFIED.);
#558 = CARTESIAN_POINT('',(2.618788612234,6.823567847291,1.109583598186)
  );
#559 = CARTESIAN_POINT('',(2.621470876389,6.78177112512,0.866372132972)
  );
#560 = CARTESIAN_POINT('',(2.712328050561,6.718305371386,0.627810382384)
  );
#561 = CARTESIAN_POINT('',(2.957922581671,6.615246679555,0.373771749625)
  );
#562 = CARTESIAN_POINT('',(3.057008553489,6.579891951851,0.306321714584)
  );
#563 = CARTESIAN_POINT('',(3.275925585047,6.512846156912,0.215439632957)
  );
#564 = CARTESIAN_POINT('',(3.394211755075,6.481590358413,0.192369110951)
  );
#565 = CARTESIAN_POINT('',(3.514561242989,6.454354475665,0.191560768821)
  );
#566 = ORIENTED_EDGE('',*,*,#379,.F.);
#567 = ( BOUNDED_SURFACE() B_SPLINE_SURFACE(2,3,(
    (#568,#569,#570,#571)
    ,(#572,#573,#574,#575)
    ,(#576,#577,#578,#579
)),.UNSPECIFIED.,.F.,.F.,.F.) B_SPLINE_SURFACE_WITH_KNOTS((3,3),(4,4),(
    0.,1.),(0.,7.809657899165E-03),.PIECEWISE_BEZIER_KNOTS.) 
GEOMETRIC_REPRESENTATION_ITEM() RATIONAL_B_SPLINE_SURFACE((
    (1.,1.,1.,1.)
    ,(0.710944282311,0.718493622043,0.727223278395,0.737386476189)
,(1.,1.,1.,1.))) REPRESENTATION_ITEM('') SURFACE() );
#568 = CARTESIAN_POINT('',(0.,-1.E-17,1.9E-16));
#569 = CARTESIAN_POINT('',(1.276747654008,2.293852866621,
    6.807996374363E-02));
#570 = CARTESIAN_POINT('',(2.533225917336,4.595739170035,0.136398354326)
  );
#571 = CARTESIAN_POINT('',(3.75621345271,6.910808092621,0.20510799591));
#572 = CARTESIAN_POINT('',(0.,0.,9.E-17));
#573 = CARTESIAN_POINT('',(0.944627324687,2.395319346681,
    7.109141856862E-02));
#574 = CARTESIAN_POINT('',(1.895336639035,4.805042486198,0.142610331745)
  );
#575 = CARTESIAN_POINT('',(2.857092126739,7.252284361023,0.215242774958)
  );
#576 = CARTESIAN_POINT('',(0.,0.,0.));
#577 = CARTESIAN_POINT('',(0.951135282244,2.411821766502,0.417913892144)
  );
#578 = CARTESIAN_POINT('',(1.880879815278,4.829886046357,0.813861836382)
  );
#579 = CARTESIAN_POINT('',(2.778439123582,7.253731228952,1.173856109996)
  );
#580 = ADVANCED_FACE('',(#581),#615,.T.);
#581 = FACE_BOUND('',#582,.T.);
#582 = EDGE_LOOP('',(#583,#592,#607,#614));
#583 = ORIENTED_EDGE('',*,*,#584,.T.);
#584 = EDGE_CURVE('',#380,#585,#587,.T.);
#585 = VERTEX_POINT('',#586);
#586 = CARTESIAN_POINT('',(3.533319391563,6.547636443814,0.271911926297)
  );
#587 = B_SPLINE_CURVE_WITH_KNOTS('',3,(#588,#589,#590,#591),
  .UNSPECIFIED.,.F.,.F.,(4,4),(0.,1.),.PIECEWISE_BEZIER_KNOTS.);
#588 = CARTESIAN_POINT('',(3.514561242989,6.454354475665,0.191560768821)
  );
#589 = CARTESIAN_POINT('',(3.523187078705,6.498308824542,0.192865303441)
  );
#590 = CARTESIAN_POINT('',(3.531382401394,6.53906355483,0.227970588887)
  );
#591 = CARTESIAN_POINT('',(3.533319391563,6.547636443815,0.271911926297)
  );
#592 = ORIENTED_EDGE('',*,*,#593,.F.);
#593 = EDGE_CURVE('',#594,#585,#596,.T.);
#594 = VERTEX_POINT('',#595);
#595 = CARTESIAN_POINT('',(14.46668060844,6.547636443815,0.271911926297)
  );
#596 = B_SPLINE_CURVE_WITH_KNOTS('',3,(#597,#598,#599,#600,#601,#602,
    #603,#604,#605,#606),.UNSPECIFIED.,.F.,.F.,(4,2,2,2,4),(0.,
    2.748537296583E-03,5.497074593165E-03,8.245611889748E-03,
    1.099414918633E-02),.UNSPECIFIED.);
#597 = CARTESIAN_POINT('',(14.46668060844,6.547636443815,0.271911926297)
  );
#598 = CARTESIAN_POINT('',(13.566177950643,6.371039216442,0.266523571281
    ));
#599 = CARTESIAN_POINT('',(12.659603220766,6.238561955802,0.262483488334
    ));
#600 = CARTESIAN_POINT('',(10.83445158573,6.06081599938,0.257062310164)
  );
#601 = CARTESIAN_POINT('',(9.917750094051,6.015880674234,0.255691410653)
  );
#602 = CARTESIAN_POINT('',(8.084969268851,6.015791751578,0.255688697172)
  );
#603 = CARTESIAN_POINT('',(7.167186166085,6.060688550257,0.257058422958)
  );
#604 = CARTESIAN_POINT('',(5.340732674679,6.238497232043,0.262481514346)
  );
#605 = CARTESIAN_POINT('',(4.433832191146,6.37103722754,0.266523510595)
  );
#606 = CARTESIAN_POINT('',(3.533319391563,6.547636443815,0.271911926297)
  );
#607 = ORIENTED_EDGE('',*,*,#608,.F.);
#608 = EDGE_CURVE('',#389,#594,#609,.T.);
#609 = B_SPLINE_CURVE_WITH_KNOTS('',3,(#610,#611,#612,#613),
  .UNSPECIFIED.,.F.,.F.,(4,4),(0.,1.),.PIECEWISE_BEZIER_KNOTS.);
#610 = CARTESIAN_POINT('',(14.48543875702,6.454354475665,0.191560768821)
  );
#611 = CARTESIAN_POINT('',(14.476812594602,6.498308760466,0.19286530154)
  );
#612 = CARTESIAN_POINT('',(14.468617272407,6.539063490839,0.227970586958
    ));
#613 = CARTESIAN_POINT('',(14.46668060844,6.547636443815,0.271911926297)
  );
#614 = ORIENTED_EDGE('',*,*,#388,.F.);
#615 = ( BOUNDED_SURFACE() B_SPLINE_SURFACE(3,2,(
    (#616,#617,#618)
    ,(#619,#620,#621)
    ,(#622,#623,#624)
    ,(#625,#626,#627)
    ,(#628,#629,#630)
    ,(#631,#632,#633)
    ,(#634,#635,#636)
    ,(#637,#638,#639
)),.UNSPECIFIED.,.F.,.F.,.F.) B_SPLINE_SURFACE_WITH_KNOTS((4,2,2,4),(3,3
    ),(0.,5.51927301435E-03,8.278909521525E-03,1.10385460287E-02),(0.,1.
),.UNSPECIFIED.) GEOMETRIC_REPRESENTATION_ITEM() 
RATIONAL_B_SPLINE_SURFACE((
    (1.,0.782468957389,1.)
    ,(1.,0.783400601125,1.)
    ,(1.,0.78386816184,1.)
    ,(1.,0.783867644623,1.)
    ,(1.,0.783748402078,1.)
    ,(1.,0.783283892048,1.)
    ,(1.,0.782938294184,1.)
,(1.,0.782468957389,1.))) REPRESENTATION_ITEM('') SURFACE() );
#616 = CARTESIAN_POINT('',(14.485438898005,6.454354550397,0.191560771039
    ));
#617 = CARTESIAN_POINT('',(14.470120214054,6.53241198756,0.19387746169)
  );
#618 = CARTESIAN_POINT('',(14.466680934541,6.547636507767,0.271911928248
    ));
#619 = CARTESIAN_POINT('',(12.679198982966,6.100193972184,0.181049530464
    ));
#620 = CARTESIAN_POINT('',(12.671135077477,6.179423351442,0.183401003544
    ));
#621 = CARTESIAN_POINT('',(12.666656828868,6.194634455761,0.261141088897
    ));
#622 = CARTESIAN_POINT('',(10.838202127928,5.920691769081,0.175722029447
    ));
#623 = CARTESIAN_POINT('',(10.833022150236,5.99987050044,0.178071999334)
  );
#624 = CARTESIAN_POINT('',(10.831837458204,6.015706832006,0.255686105868
    ));
#625 = CARTESIAN_POINT('',(8.077921979257,5.920886536567,0.175727810011)
  );
#626 = CARTESIAN_POINT('',(8.080519750438,6.000064854628,0.178077767631)
  );
#627 = CARTESIAN_POINT('',(8.081114621775,6.015900958562,0.25569202962)
  );
#628 = CARTESIAN_POINT('',(7.156551466845,5.966168097312,0.17707173536)
  );
#629 = CARTESIAN_POINT('',(7.161435115543,6.045277394336,0.179419644483)
  );
#630 = CARTESIAN_POINT('',(7.162884919626,6.061034513446,0.257068974832)
  );
#631 = CARTESIAN_POINT('',(5.327977851622,6.144299409645,0.182358549289)
  );
#632 = CARTESIAN_POINT('',(5.337938743568,6.22303639999,0.184695408608)
  );
#633 = CARTESIAN_POINT('',(5.340534116713,6.238589513186,0.262484328743)
  );
#634 = CARTESIAN_POINT('',(4.41870641481,6.277073213588,0.186299183795)
  );
#635 = CARTESIAN_POINT('',(4.430924448862,6.355613124615,0.188630193936)
  );
#636 = CARTESIAN_POINT('',(4.434351870733,6.370935302388,0.266520400682)
  );
#637 = CARTESIAN_POINT('',(3.514561102008,6.454354550394,0.191560771039)
  );
#638 = CARTESIAN_POINT('',(3.529879785959,6.532411987558,0.19387746169)
  );
#639 = CARTESIAN_POINT('',(3.533319065472,6.547636507764,0.271911928248)
  );
#640 = ADVANCED_FACE('',(#641),#658,.T.);
#641 = FACE_BOUND('',#642,.T.);
#642 = EDGE_LOOP('',(#643,#644,#657));
#643 = ORIENTED_EDGE('',*,*,#403,.F.);
#644 = ORIENTED_EDGE('',*,*,#645,.T.);
#645 = EDGE_CURVE('',#389,#420,#646,.T.);
#646 = B_SPLINE_CURVE_WITH_KNOTS('',3,(#647,#648,#649,#650,#651,#652,
    #653,#654,#655,#656),.UNSPECIFIED.,.F.,.F.,(4,2,2,2,4),(
    -5.999999992E-08,3.71098231849E-04,7.42256463698E-04,
    1.113414695547E-03,1.484572927396E-03),.UNSPECIFIED.);
#647 = CARTESIAN_POINT('',(14.48543875702,6.454354475665,0.191560768821)
  );
#648 = CARTESIAN_POINT('',(14.606103998711,6.481661815437,0.192371231746
    ));
#649 = CARTESIAN_POINT('',(14.725371234338,6.513217817796,0.215843913755
    ));
#650 = CARTESIAN_POINT('',(14.943405051893,6.580044328546,0.306628562032
    ));
#651 = CARTESIAN_POINT('',(15.04267353424,6.615456452091,0.374160903137)
  );
#652 = CARTESIAN_POINT('',(15.206829328362,6.684422203798,0.544417917323
    ));
#653 = CARTESIAN_POINT('',(15.270706010629,6.717416660692,0.645441310598
    ));
#654 = CARTESIAN_POINT('',(15.357784233069,6.776954065826,0.868822045397
    ));
#655 = CARTESIAN_POINT('',(15.379866274939,6.802614481884,0.987658834576
    ));
#656 = CARTESIAN_POINT('',(15.381211249591,6.823568218758,1.109583654018
    ));
#657 = ORIENTED_EDGE('',*,*,#419,.F.);
#658 = ( BOUNDED_SURFACE() B_SPLINE_SURFACE(2,3,(
    (#659,#660,#661,#662)
    ,(#663,#664,#665,#666)
    ,(#667,#668,#669,#670
)),.UNSPECIFIED.,.F.,.F.,.F.) B_SPLINE_SURFACE_WITH_KNOTS((3,3),(4,4),(
    0.,1.),(-3.613046342384E-03,4.196611556781E-03),
.PIECEWISE_BEZIER_KNOTS.) GEOMETRIC_REPRESENTATION_ITEM() 
RATIONAL_B_SPLINE_SURFACE((
    (1.,1.,1.,1.)
    ,(0.710944282311,0.718493622043,0.727223278395,0.737386476189)
,(1.,1.,1.,1.))) REPRESENTATION_ITEM('') SURFACE() );
#659 = CARTESIAN_POINT('',(18.,0.,0.));
#660 = CARTESIAN_POINT('',(17.048864717756,2.411821766502,0.417913892146
    ));
#661 = CARTESIAN_POINT('',(16.119120184722,4.829886046356,0.813861836386
    ));
#662 = CARTESIAN_POINT('',(15.221560876418,7.253731228952,1.173856109996
    ));
#663 = CARTESIAN_POINT('',(18.,0.,4.E-17));
#664 = CARTESIAN_POINT('',(17.055372675309,2.395319346679,
    7.109141857006E-02));
#665 = CARTESIAN_POINT('',(16.104663360983,4.805042486205,0.142610331746
    ));
#666 = CARTESIAN_POINT('',(15.142907873261,7.252284361023,0.215242774958
    ));
#667 = CARTESIAN_POINT('',(18.,0.,8.E-17));
#668 = CARTESIAN_POINT('',(16.723252345991,2.293852866622,
    6.807996374364E-02));
#669 = CARTESIAN_POINT('',(15.466774082679,4.595739170042,0.136398354326
    ));
#670 = CARTESIAN_POINT('',(14.24378654729,6.910808092621,0.20510799591)
  );
#671 = ADVANCED_FACE('',(#672),#710,.T.);
#672 = FACE_BOUND('',#673,.T.);
#673 = EDGE_LOOP('',(#674,#685,#686,#697));
#674 = ORIENTED_EDGE('',*,*,#675,.T.);
#675 = EDGE_CURVE('',#676,#429,#678,.T.);
#676 = VERTEX_POINT('',#677);
#677 = CARTESIAN_POINT('',(15.256818490854,9.455473812624,
    13.742060347885));
#678 = B_SPLINE_CURVE_WITH_KNOTS('',3,(#679,#680,#681,#682,#683,#684),
  .UNSPECIFIED.,.F.,.F.,(4,2,4),(0.,0.5,1.),.UNSPECIFIED.);
#679 = CARTESIAN_POINT('',(15.256818490854,9.455473812624,
    13.742060347885));
#680 = CARTESIAN_POINT('',(15.281627214999,9.460776008916,
    13.740996250158));
#681 = CARTESIAN_POINT('',(15.308460882957,9.456364574509,
    13.741909490341));
#682 = CARTESIAN_POINT('',(15.351836221422,9.430467823403,
    13.747203442244));
#683 = CARTESIAN_POINT('',(15.368140918735,9.409123988844,13.75155523143
    ));
#684 = CARTESIAN_POINT('',(15.374713926731,9.385088387274,
    13.756448376781));
#685 = ORIENTED_EDGE('',*,*,#428,.F.);
#686 = ORIENTED_EDGE('',*,*,#687,.F.);
#687 = EDGE_CURVE('',#688,#420,#690,.T.);
#688 = VERTEX_POINT('',#689);
#689 = CARTESIAN_POINT('',(15.26656261665,6.883544542,1.0972679503));
#690 = B_SPLINE_CURVE_WITH_KNOTS('',3,(#691,#692,#693,#694,#695,#696),
  .UNSPECIFIED.,.F.,.F.,(4,2,4),(0.,0.5,1.),.UNSPECIFIED.);
#691 = CARTESIAN_POINT('',(15.26656261665,6.883544542,1.0972679503));
#692 = CARTESIAN_POINT('',(15.289588713034,6.888521915374,1.096280047183
    ));
#693 = CARTESIAN_POINT('',(15.314389093188,6.885181439882,1.096985306416
    ));
#694 = CARTESIAN_POINT('',(15.355989671022,6.863418974959,1.101454011289
    ));
#695 = CARTESIAN_POINT('',(15.372620322143,6.845085680235,1.105199244357
    ));
#696 = CARTESIAN_POINT('',(15.381211249591,6.823568218758,1.109583654018
    ));
#697 = ORIENTED_EDGE('',*,*,#698,.F.);
#698 = EDGE_CURVE('',#676,#688,#699,.T.);
#699 = B_SPLINE_CURVE_WITH_KNOTS('',3,(#700,#701,#702,#703,#704,#705,
    #706,#707,#708,#709),.UNSPECIFIED.,.F.,.F.,(4,3,3,4),(0.,
    6.451854083138E-03,9.094919010354E-03,1.29037084643E-02),
  .UNSPECIFIED.);
#700 = CARTESIAN_POINT('',(15.256818490854,9.455473812624,
    13.742060347885));
#701 = CARTESIAN_POINT('',(15.258015949957,9.026724285648,
    11.634613952203));
#702 = CARTESIAN_POINT('',(15.259374735638,8.598010457559,9.527160372974
    ));
#703 = CARTESIAN_POINT('',(15.260966062802,8.169348275242,7.41969647002)
  );
#704 = CARTESIAN_POINT('',(15.261617965491,7.993742632389,6.556353332386
    ));
#705 = CARTESIAN_POINT('',(15.262309340048,7.818145756335,5.693008440033
    ));
#706 = CARTESIAN_POINT('',(15.2630478247,7.642559355018,4.829661458575)
  );
#707 = CARTESIAN_POINT('',(15.264112018212,7.389530522813,3.585535052044
    ));
#708 = CARTESIAN_POINT('',(15.265273530597,7.136523325785,2.341404321874
    ));
#709 = CARTESIAN_POINT('',(15.26656261665,6.883544542,1.0972679503));
#710 = ( BOUNDED_SURFACE() B_SPLINE_SURFACE(3,2,(
    (#711,#712,#713)
    ,(#714,#715,#716)
    ,(#717,#718,#719)
    ,(#720,#721,#722
)),.UNSPECIFIED.,.F.,.F.,.F.) B_SPLINE_SURFACE_WITH_KNOTS((4,4),(3,3),(
    0.,1.290370913129E-02),(0.,1.),.PIECEWISE_BEZIER_KNOTS.) 
GEOMETRIC_REPRESENTATION_ITEM() RATIONAL_B_SPLINE_SURFACE((
    (1.,0.723513019676,1.)
    ,(1.,0.732399674992,1.)
    ,(1.,0.743449820078,1.)
,(1.,0.760044167806,1.))) REPRESENTATION_ITEM('') SURFACE() );
#711 = CARTESIAN_POINT('',(15.374708977584,9.38508390801,13.756449822766
    ));
#712 = CARTESIAN_POINT('',(15.350034493615,9.475396221408,
    13.738062119755));
#713 = CARTESIAN_POINT('',(15.256812651735,9.455472564675,
    13.742060598367));
#714 = CARTESIAN_POINT('',(15.376506589535,8.530094353462,9.541056292681
    ));
#715 = CARTESIAN_POINT('',(15.350039500155,8.627867972103,9.57440759646)
  );
#716 = CARTESIAN_POINT('',(15.259219248373,8.597975966531,9.527167108895
    ));
#717 = CARTESIAN_POINT('',(15.378664286599,7.675854217633,5.32551350489)
  );
#718 = CARTESIAN_POINT('',(15.35004599939,7.778672276998,5.402550989929)
  );
#719 = CARTESIAN_POINT('',(15.262195352431,7.740605379361,5.312248133543
    ));
#720 = CARTESIAN_POINT('',(15.381212176235,6.823568568919,1.109583617487
    ));
#721 = CARTESIAN_POINT('',(15.350063397774,6.901594291697,1.093685584884
    ));
#722 = CARTESIAN_POINT('',(15.26656261698,6.883544477185,1.097267631544)
  );
#723 = ADVANCED_FACE('',(#724),#739,.T.);
#724 = FACE_BOUND('',#725,.T.);
#725 = EDGE_LOOP('',(#726,#727,#738));
#726 = ORIENTED_EDGE('',*,*,#443,.F.);
#727 = ORIENTED_EDGE('',*,*,#728,.T.);
#728 = EDGE_CURVE('',#429,#468,#729,.T.);
#729 = B_SPLINE_CURVE_WITH_KNOTS('',3,(#730,#731,#732,#733,#734,#735,
    #736,#737),.UNSPECIFIED.,.F.,.F.,(4,2,2,4),(-5.999999992E-08,
    7.632426039213E-04,1.144893905882E-03,1.526545207842E-03),
  .UNSPECIFIED.);
#730 = CARTESIAN_POINT('',(15.374713926731,9.385088387274,
    13.756448376781));
#731 = CARTESIAN_POINT('',(15.373160481602,9.440961373623,
    14.004667350586));
#732 = CARTESIAN_POINT('',(15.274345746208,9.474146747175,
    14.256264875855));
#733 = CARTESIAN_POINT('',(15.016955282686,9.478053570825,
    14.534739043919));
#734 = CARTESIAN_POINT('',(14.913377681545,9.472020402807,14.61171050171
    ));
#735 = CARTESIAN_POINT('',(14.685763784596,9.446606865862,
    14.721400387378));
#736 = CARTESIAN_POINT('',(14.56271185295,9.427400843315,14.753885568096
    ));
#737 = CARTESIAN_POINT('',(14.438111653367,9.403128244433,
    14.762243294138));
#738 = ORIENTED_EDGE('',*,*,#467,.F.);
#739 = ( BOUNDED_SURFACE() B_SPLINE_SURFACE(2,3,(
    (#740,#741,#742,#743)
    ,(#744,#745,#746,#747)
    ,(#748,#749,#750,#751
)),.UNSPECIFIED.,.F.,.F.,.F.) B_SPLINE_SURFACE_WITH_KNOTS((3,3),(4,4),(
    0.,1.),(0.,1.121159812184E-02),.PIECEWISE_BEZIER_KNOTS.) 
GEOMETRIC_REPRESENTATION_ITEM() RATIONAL_B_SPLINE_SURFACE((
    (1.,1.,1.,1.)
    ,(0.736913633281,0.731752167521,0.725732665936,0.717812230557)
,(1.,1.,1.,1.))) REPRESENTATION_ITEM('') SURFACE() );
#740 = CARTESIAN_POINT('',(18.,-5.22E-15,18.));
#741 = CARTESIAN_POINT('',(16.751409739627,3.344361285852,
    16.848444060464));
#742 = CARTESIAN_POINT('',(15.48901375273,6.685349534064,15.698049550929
    ));
#743 = CARTESIAN_POINT('',(14.200069026518,10.01978127287,
    14.549912628628));
#744 = CARTESIAN_POINT('',(18.,-2.61E-15,18.));
#745 = CARTESIAN_POINT('',(17.055569295295,3.444724312723,16.81388629906
    ));
#746 = CARTESIAN_POINT('',(16.113232836516,6.879289984335,
    15.631270498559));
#747 = CARTESIAN_POINT('',(15.184311638825,10.267222248567,
    14.464711868036));
#748 = CARTESIAN_POINT('',(18.,0.,18.));
#749 = CARTESIAN_POINT('',(17.088941959507,3.32300058335,16.51749174869)
  );
#750 = CARTESIAN_POINT('',(16.165283826362,6.639194310914,
    15.021511778779));
#751 = CARTESIAN_POINT('',(15.214339696563,9.943354140063,13.49960695665
    ));
#752 = ADVANCED_FACE('',(#753),#789,.T.);
#753 = FACE_BOUND('',#754,.T.);
#754 = EDGE_LOOP('',(#755,#766,#767,#778));
#755 = ORIENTED_EDGE('',*,*,#756,.T.);
#756 = EDGE_CURVE('',#757,#477,#759,.T.);
#757 = VERTEX_POINT('',#758);
#758 = CARTESIAN_POINT('',(3.580304930573,9.466883158792,14.648073166389
    ));
#759 = B_SPLINE_CURVE_WITH_KNOTS('',3,(#760,#761,#762,#763,#764,#765),
  .UNSPECIFIED.,.F.,.F.,(4,2,4),(0.,0.5,1.),.UNSPECIFIED.);
#760 = CARTESIAN_POINT('',(3.580304930573,9.466883158792,14.648073166389
    ));
#761 = CARTESIAN_POINT('',(3.579733242816,9.471784949988,14.671600796152
    ));
#762 = CARTESIAN_POINT('',(3.57750197602,9.467973012716,14.696795504122)
  );
#763 = CARTESIAN_POINT('',(3.570796841177,9.44476089074,14.738362961878)
  );
#764 = CARTESIAN_POINT('',(3.566352463439,9.425462796841,14.754552891013
    ));
#765 = CARTESIAN_POINT('',(3.561888333986,9.403128211642,14.762243305428
    ));
#766 = ORIENTED_EDGE('',*,*,#476,.F.);
#767 = ORIENTED_EDGE('',*,*,#768,.F.);
#768 = EDGE_CURVE('',#769,#468,#771,.T.);
#769 = VERTEX_POINT('',#770);
#770 = CARTESIAN_POINT('',(14.419695292513,9.466883198651,
    14.648073152648));
#771 = B_SPLINE_CURVE_WITH_KNOTS('',3,(#772,#773,#774,#775,#776,#777),
  .UNSPECIFIED.,.F.,.F.,(4,2,4),(0.,0.5,1.),.UNSPECIFIED.);
#772 = CARTESIAN_POINT('',(14.419695292513,9.466883198651,
    14.648073152648));
#773 = CARTESIAN_POINT('',(14.420266980294,9.471784989855,
    14.671600782411));
#774 = CARTESIAN_POINT('',(14.422498247182,9.467973052603,
    14.696795490379));
#775 = CARTESIAN_POINT('',(14.429203382302,9.444760930677,
    14.738362948125));
#776 = CARTESIAN_POINT('',(14.433647760224,9.425462836809,
    14.754552877251));
#777 = CARTESIAN_POINT('',(14.438111653367,9.403128244433,
    14.762243294138));
#778 = ORIENTED_EDGE('',*,*,#779,.F.);
#779 = EDGE_CURVE('',#757,#769,#780,.T.);
#780 = B_SPLINE_CURVE_WITH_KNOTS('',3,(#781,#782,#783,#784,#785,#786,
    #787,#788),.UNSPECIFIED.,.F.,.F.,(4,2,2,4),(0.,2.721107796384E-03,
    5.442215592767E-03,1.088443118553E-02),.UNSPECIFIED.);
#781 = CARTESIAN_POINT('',(3.580304930573,9.466883158792,14.648073166389
    ));
#782 = CARTESIAN_POINT('',(4.474112710433,9.307186095078,14.703128207273
    ));
#783 = CARTESIAN_POINT('',(5.372653701456,9.187546023113,14.744373512783
    ));
#784 = CARTESIAN_POINT('',(7.179047634816,9.027072826815,14.799696056904
    ));
#785 = CARTESIAN_POINT('',(8.088760278571,8.986311460941,14.81374855751)
  );
#786 = CARTESIAN_POINT('',(10.813940817139,8.98605694827,14.813836301268
    ));
#787 = CARTESIAN_POINT('',(12.632098206444,9.147492358246,
    14.758182101225));
#788 = CARTESIAN_POINT('',(14.419695292513,9.466883198651,
    14.648073152648));
#789 = ( BOUNDED_SURFACE() B_SPLINE_SURFACE(3,2,(
    (#790,#791,#792)
    ,(#793,#794,#795)
    ,(#796,#797,#798)
    ,(#799,#800,#801)
    ,(#802,#803,#804)
    ,(#805,#806,#807)
    ,(#808,#809,#810)
    ,(#811,#812,#813
)),.UNSPECIFIED.,.F.,.F.,.F.) B_SPLINE_SURFACE_WITH_KNOTS((4,2,2,4),(3,3
    ),(-2.2747239E-10,5.469060386534E-03,8.203590693538E-03,
    1.093812100054E-02),(0.,1.),.UNSPECIFIED.) 
GEOMETRIC_REPRESENTATION_ITEM() RATIONAL_B_SPLINE_SURFACE((
    (1.,0.751021282125,1.)
    ,(1.,0.751440646752,1.)
    ,(1.,0.751654794159,1.)
    ,(1.,0.751654596966,1.)
    ,(1.,0.751600421827,1.)
    ,(1.,0.751389071412,1.)
    ,(1.,0.751231827948,1.)
,(1.,0.751021282125,1.))) REPRESENTATION_ITEM('') SURFACE() );
#790 = CARTESIAN_POINT('',(14.419695069414,9.46688315879,14.64807316639)
  );
#791 = CARTESIAN_POINT('',(14.421785836809,9.484809911761,
    14.734118040577));
#792 = CARTESIAN_POINT('',(14.438111547757,9.403128208036,14.76224330667
    ));
#793 = CARTESIAN_POINT('',(12.633699160773,9.147778415551,
    14.758083485775));
#794 = CARTESIAN_POINT('',(12.63611343981,9.165628800259,14.844020910887
    ));
#795 = CARTESIAN_POINT('',(12.646020978497,9.082908970877,
    14.872503632331));
#796 = CARTESIAN_POINT('',(10.815452486446,8.98612804381,14.813811790924
    ));
#797 = CARTESIAN_POINT('',(10.816170742551,9.003670246139,
    14.899787713295));
#798 = CARTESIAN_POINT('',(10.821699851763,8.920703252296,
    14.928355540271));
#799 = CARTESIAN_POINT('',(8.089795994326,8.986275780959,14.813760858262
    ));
#800 = CARTESIAN_POINT('',(8.089435647094,9.003818103614,14.899736801891
    ));
#801 = CARTESIAN_POINT('',(8.086663785075,8.920851509704,14.928304491152
    ));
#802 = CARTESIAN_POINT('',(7.179875157275,9.027017456948,14.799715145505
    ));
#803 = CARTESIAN_POINT('',(7.179032963501,9.044604172184,14.885693032237
    ));
#804 = CARTESIAN_POINT('',(7.173657491699,8.961735800297,14.914226900951
    ));
#805 = CARTESIAN_POINT('',(5.373054778955,9.187492261145,14.74439204698)
  );
#806 = CARTESIAN_POINT('',(5.371516342221,9.205207494966,14.830392873427
    ));
#807 = CARTESIAN_POINT('',(5.360724034064,9.122766392696,14.858779621404
    ));
#808 = CARTESIAN_POINT('',(4.474290434588,9.307154341015,14.703139154366
    ));
#809 = CARTESIAN_POINT('',(4.472286310179,9.324998442512,14.789145542365
    ));
#810 = CARTESIAN_POINT('',(4.45892558932,9.242841367452,14.81743449193)
  );
#811 = CARTESIAN_POINT('',(3.580304930573,9.466883158792,14.648073166389
    ));
#812 = CARTESIAN_POINT('',(3.578214163179,9.484809911763,14.734118040576
    ));
#813 = CARTESIAN_POINT('',(3.561888452231,9.403128208038,14.76224330667)
  );
#814 = ADVANCED_FACE('',(#815),#832,.T.);
#815 = FACE_BOUND('',#816,.T.);
#816 = EDGE_LOOP('',(#817,#818,#831));
#817 = ORIENTED_EDGE('',*,*,#491,.F.);
#818 = ORIENTED_EDGE('',*,*,#819,.T.);
#819 = EDGE_CURVE('',#477,#508,#820,.T.);
#820 = B_SPLINE_CURVE_WITH_KNOTS('',3,(#821,#822,#823,#824,#825,#826,
    #827,#828,#829,#830),.UNSPECIFIED.,.F.,.F.,(4,2,2,2,4),(
    -5.999999992E-08,3.823004197184E-04,7.646608394366E-04,
    1.147021259155E-03,1.529381678873E-03),.UNSPECIFIED.);
#821 = CARTESIAN_POINT('',(3.561888333986,9.403128211642,14.762243305428
    ));
#822 = CARTESIAN_POINT('',(3.437056636949,9.427445942401,14.753870039236
    ));
#823 = CARTESIAN_POINT('',(3.312799001771,9.446791970704,14.720828125746
    ));
#824 = CARTESIAN_POINT('',(3.086504238212,9.472008779695,14.611532418614
    ));
#825 = CARTESIAN_POINT('',(2.982560386022,9.478078633189,14.534364437205
    ));
#826 = CARTESIAN_POINT('',(2.810821139169,9.475406835466,14.348257692815
    ));
#827 = CARTESIAN_POINT('',(2.74263748175,9.466753144575,14.239422831386)
  );
#828 = CARTESIAN_POINT('',(2.649990716965,9.435419293046,14.004635136643
    ));
#829 = CARTESIAN_POINT('',(2.62606135691,9.413077585315,13.880788401086)
  );
#830 = CARTESIAN_POINT('',(2.625285247603,9.385085507868,13.756449699976
    ));
#831 = ORIENTED_EDGE('',*,*,#507,.F.);
#832 = ( BOUNDED_SURFACE() B_SPLINE_SURFACE(2,3,(
    (#833,#834,#835,#836)
    ,(#837,#838,#839,#840)
    ,(#841,#842,#843,#844
)),.UNSPECIFIED.,.F.,.F.,.F.) B_SPLINE_SURFACE_WITH_KNOTS((3,3),(4,4),(
    0.,1.),(0.,1.121159812184E-02),.PIECEWISE_BEZIER_KNOTS.) 
GEOMETRIC_REPRESENTATION_ITEM() RATIONAL_B_SPLINE_SURFACE((
    (1.,1.,1.,1.)
    ,(0.736913633281,0.731752167521,0.725732665936,0.717812230557)
,(1.,1.,1.,1.))) REPRESENTATION_ITEM('') SURFACE() );
#833 = CARTESIAN_POINT('',(0.,0.,18.));
#834 = CARTESIAN_POINT('',(0.911058040494,3.323000583354,16.517491748698
    ));
#835 = CARTESIAN_POINT('',(1.834716173637,6.639194310908,15.021511778768
    ));
#836 = CARTESIAN_POINT('',(2.785660303437,9.943354140063,13.49960695665)
  );
#837 = CARTESIAN_POINT('',(0.,-1.76E-15,18.));
#838 = CARTESIAN_POINT('',(0.944430704607,3.44472431276,16.81388629909)
  );
#839 = CARTESIAN_POINT('',(1.886767163497,6.879289984334,15.631270498567
    ));
#840 = CARTESIAN_POINT('',(2.815688361175,10.267222248567,
    14.464711868036));
#841 = CARTESIAN_POINT('',(0.,-3.53E-15,18.));
#842 = CARTESIAN_POINT('',(1.248590260309,3.344361285872,16.848444060457
    ));
#843 = CARTESIAN_POINT('',(2.510986247267,6.685349534066,15.698049550928
    ));
#844 = CARTESIAN_POINT('',(3.799930973482,10.01978127287,14.549912628628
    ));
#845 = ADVANCED_FACE('',(#846),#884,.T.);
#846 = FACE_BOUND('',#847,.T.);
#847 = EDGE_LOOP('',(#848,#859,#874,#883));
#848 = ORIENTED_EDGE('',*,*,#849,.T.);
#849 = EDGE_CURVE('',#508,#850,#852,.T.);
#850 = VERTEX_POINT('',#851);
#851 = CARTESIAN_POINT('',(2.743187347498,9.455472291484,13.74205925554)
  );
#852 = B_SPLINE_CURVE_WITH_KNOTS('',3,(#853,#854,#855,#856,#857,#858),
  .UNSPECIFIED.,.F.,.F.,(4,2,4),(0.,0.5,1.),.UNSPECIFIED.);
#853 = CARTESIAN_POINT('',(2.625285247603,9.385085507868,13.756449699976
    ));
#854 = CARTESIAN_POINT('',(2.631859080863,9.40912371627,13.75155388848)
  );
#855 = CARTESIAN_POINT('',(2.648163778216,9.430467550598,13.747202099341
    ));
#856 = CARTESIAN_POINT('',(2.691539116562,9.456364301383,13.741908147502
    ));
#857 = CARTESIAN_POINT('',(2.718372784368,9.460775735703,13.740994907336
    ));
#858 = CARTESIAN_POINT('',(2.743187347498,9.455472291484,13.74205925554)
  );
#859 = ORIENTED_EDGE('',*,*,#860,.F.);
#860 = EDGE_CURVE('',#861,#850,#863,.T.);
#861 = VERTEX_POINT('',#862);
#862 = CARTESIAN_POINT('',(2.733439334876,6.883544055275,1.097267715322)
  );
#863 = B_SPLINE_CURVE_WITH_KNOTS('',3,(#864,#865,#866,#867,#868,#869,
    #870,#871,#872,#873),.UNSPECIFIED.,.F.,.F.,(4,3,3,4),(0.,
    6.451853512292E-03,9.095339838723E-03,1.29037073784E-02),
  .UNSPECIFIED.);
#864 = CARTESIAN_POINT('',(2.733439334876,6.883544055275,1.097267715322)
  );
#865 = CARTESIAN_POINT('',(2.735621015013,7.312074873092,3.204757611166)
  );
#866 = CARTESIAN_POINT('',(2.737442609205,7.740685892959,5.312231583864)
  );
#867 = CARTESIAN_POINT('',(2.739033936315,8.16934803733,7.419695300358)
  );
#868 = CARTESIAN_POINT('',(2.73968594298,8.344981678694,8.283176089203)
  );
#869 = CARTESIAN_POINT('',(2.740298439428,8.520624095865,9.146655123537)
  );
#870 = CARTESIAN_POINT('',(2.74087756164,8.696273918573,10.010132672868)
  );
#871 = CARTESIAN_POINT('',(2.741711880399,8.949325760047,11.254111064425
    ));
#872 = CARTESIAN_POINT('',(2.742477070713,9.202392941111,12.49808638319)
  );
#873 = CARTESIAN_POINT('',(2.743187347498,9.455472291484,13.74205925554)
  );
#874 = ORIENTED_EDGE('',*,*,#875,.F.);
#875 = EDGE_CURVE('',#517,#861,#876,.T.);
#876 = B_SPLINE_CURVE_WITH_KNOTS('',3,(#877,#878,#879,#880,#881,#882),
  .UNSPECIFIED.,.F.,.F.,(4,2,4),(0.,0.5,1.),.UNSPECIFIED.);
#877 = CARTESIAN_POINT('',(2.618788612234,6.823567847291,1.109583598186)
  );
#878 = CARTESIAN_POINT('',(2.627379677857,6.845085680235,1.105199244356)
  );
#879 = CARTESIAN_POINT('',(2.644010328978,6.863418974959,1.101454011289)
  );
#880 = CARTESIAN_POINT('',(2.685610906812,6.885181439882,1.096985306416)
  );
#881 = CARTESIAN_POINT('',(2.710411286966,6.888521915374,1.096280047182)
  );
#882 = CARTESIAN_POINT('',(2.733439334876,6.883544055275,1.097267715322)
  );
#883 = ORIENTED_EDGE('',*,*,#516,.F.);
#884 = ( BOUNDED_SURFACE() B_SPLINE_SURFACE(3,2,(
    (#885,#886,#887)
    ,(#888,#889,#890)
    ,(#891,#892,#893)
    ,(#894,#895,#896
)),.UNSPECIFIED.,.F.,.F.,.F.) B_SPLINE_SURFACE_WITH_KNOTS((4,4),(3,3),(
    0.,1.290370909472E-02),(0.,1.),.PIECEWISE_BEZIER_KNOTS.) 
GEOMETRIC_REPRESENTATION_ITEM() RATIONAL_B_SPLINE_SURFACE((
    (1.,0.760044167806,1.)
    ,(1.,0.74344982011,1.)
    ,(1.,0.732399675013,1.)
,(1.,0.723513019676,1.))) REPRESENTATION_ITEM('') SURFACE() );
#885 = CARTESIAN_POINT('',(2.618787823765,6.823568568919,1.109583617487)
  );
#886 = CARTESIAN_POINT('',(2.649936602226,6.901594291696,1.093685584883)
  );
#887 = CARTESIAN_POINT('',(2.73343738302,6.883544477185,1.097267631544)
  );
#888 = CARTESIAN_POINT('',(2.621335713388,7.675854215765,5.325513495742)
  );
#889 = CARTESIAN_POINT('',(2.649954000608,7.778672275047,5.40255098039)
  );
#890 = CARTESIAN_POINT('',(2.737804647551,7.740605377503,5.312248124393)
  );
#891 = CARTESIAN_POINT('',(2.623493410462,8.530094351518,9.541056283085)
  );
#892 = CARTESIAN_POINT('',(2.64996049987,8.627867970265,9.574407587088)
  );
#893 = CARTESIAN_POINT('',(2.740780751689,8.597975964565,9.527167099303)
  );
#894 = CARTESIAN_POINT('',(2.625291022416,9.38508390801,13.756449822765)
  );
#895 = CARTESIAN_POINT('',(2.649965506384,9.475396221407,13.738062119753
    ));
#896 = CARTESIAN_POINT('',(2.743187348265,9.455472564675,13.742060598365
    ));
#897 = ADVANCED_FACE('',(#898),#914,.T.);
#898 = FACE_BOUND('',#899,.T.);
#899 = EDGE_LOOP('',(#900,#901,#912,#913));
#900 = ORIENTED_EDGE('',*,*,#875,.T.);
#901 = ORIENTED_EDGE('',*,*,#902,.F.);
#902 = EDGE_CURVE('',#585,#861,#903,.T.);
#903 = B_SPLINE_CURVE_WITH_KNOTS('',3,(#904,#905,#906,#907,#908,#909,
    #910,#911),.UNSPECIFIED.,.F.,.F.,(4,2,2,4),(0.,3.298873734005E-04,
    6.59774746801E-04,1.319549493602E-03),.UNSPECIFIED.);
#904 = CARTESIAN_POINT('',(3.533319391563,6.547636443815,0.271911926297)
  );
#905 = CARTESIAN_POINT('',(3.423925696608,6.569089598954,0.272566507447)
  );
#906 = CARTESIAN_POINT('',(3.317405132731,6.594727242135,0.293147149303)
  );
#907 = CARTESIAN_POINT('',(3.119780866344,6.652227911036,0.374968238356)
  );
#908 = CARTESIAN_POINT('',(3.030630393251,6.683619980886,0.435896092482)
  );
#909 = CARTESIAN_POINT('',(2.811396056532,6.777756956427,0.665163128813)
  );
#910 = CARTESIAN_POINT('',(2.733214224749,6.839128220968,0.878834319393)
  );
#911 = CARTESIAN_POINT('',(2.733439334876,6.883544055275,1.097267715322)
  );
#912 = ORIENTED_EDGE('',*,*,#584,.F.);
#913 = ORIENTED_EDGE('',*,*,#556,.F.);
#914 = ( BOUNDED_SURFACE() B_SPLINE_SURFACE(3,2,(
    (#915,#916,#917)
    ,(#918,#919,#920)
    ,(#921,#922,#923)
    ,(#924,#925,#926)
    ,(#927,#928,#929)
    ,(#930,#931,#932)
    ,(#933,#934,#935)
    ,(#936,#937,#938)
    ,(#939,#940,#941)
    ,(#942,#943,#944
)),.UNSPECIFIED.,.F.,.F.,.F.) B_SPLINE_SURFACE_WITH_KNOTS((4,2,2,2,4),(3
    ,3),(0.,3.304429308886E-04,6.608858617773E-04,9.913287926659E-04,
    1.321771723555E-03),(0.,1.),.UNSPECIFIED.) 
GEOMETRIC_REPRESENTATION_ITEM() RATIONAL_B_SPLINE_SURFACE((
    (1.,0.782468957559,1.)
    ,(1.,0.793466586007,1.)
    ,(1.,0.801444329741,1.)
    ,(1.,0.810453224843,1.)
    ,(1.,0.811421281443,1.)
    ,(1.,0.806664562946,1.)
    ,(1.,0.800909551486,1.)
    ,(1.,0.784170947211,1.)
    ,(1.,0.773065240622,1.)
,(1.,0.760042019983,1.))) REPRESENTATION_ITEM('') SURFACE() );
#915 = CARTESIAN_POINT('',(3.514561429225,6.454354486235,0.191560769135)
  );
#916 = CARTESIAN_POINT('',(3.529880112249,6.532411923535,0.193877459791)
  );
#917 = CARTESIAN_POINT('',(3.533319391563,6.547636443815,0.271911926297)
  );
#918 = CARTESIAN_POINT('',(3.39516011923,6.481374920442,0.192362716901)
  );
#919 = CARTESIAN_POINT('',(3.413964586025,6.555725071836,0.197350862717)
  );
#920 = CARTESIAN_POINT('',(3.425094333689,6.568860419774,0.272559523417)
  );
#921 = CARTESIAN_POINT('',(3.27632705833,6.512727736309,0.215296787904)
  );
#922 = CARTESIAN_POINT('',(3.296886314311,6.584250701507,0.221421332598)
  );
#923 = CARTESIAN_POINT('',(3.317788290107,6.594632697251,0.29306317163)
  );
#924 = CARTESIAN_POINT('',(3.056907932502,6.579918239275,0.30633969527)
  );
#925 = CARTESIAN_POINT('',(3.083105820621,6.647140104453,0.312239835818)
  );
#926 = CARTESIAN_POINT('',(3.120333966485,6.652050122979,0.374664936609)
  );
#927 = CARTESIAN_POINT('',(2.957432597322,6.61542022529,0.374097916891)
  );
#928 = CARTESIAN_POINT('',(2.985613970531,6.681622777306,0.378932388227)
  );
#929 = CARTESIAN_POINT('',(3.031186658239,6.683410787739,0.435453565191)
  );
#930 = CARTESIAN_POINT('',(2.793397290119,6.684318651335,0.544135881563)
  );
#931 = CARTESIAN_POINT('',(2.825660268027,6.750157198711,0.544073194507)
  );
#932 = CARTESIAN_POINT('',(2.884875945033,6.746175978298,0.588182335906)
  );
#933 = CARTESIAN_POINT('',(2.728677152735,6.717813896923,0.64687965325)
  );
#934 = CARTESIAN_POINT('',(2.761988325641,6.784824006445,0.644359842845)
  );
#935 = CARTESIAN_POINT('',(2.827573415756,6.777676745961,0.680540726966)
  );
#936 = CARTESIAN_POINT('',(2.642530489875,6.776763477816,0.868159217128)
  );
#937 = CARTESIAN_POINT('',(2.676117051151,6.847868799916,0.859081966687)
  );
#938 = CARTESIAN_POINT('',(2.752231986819,6.835000337112,0.87966700365)
  );
#939 = CARTESIAN_POINT('',(2.620123178897,6.802775908357,0.988600642214)
  );
#940 = CARTESIAN_POINT('',(2.653146416266,6.877137469912,0.977083049676)
  );
#941 = CARTESIAN_POINT('',(2.733326843635,6.86135569705,0.988147167541)
  );
#942 = CARTESIAN_POINT('',(2.618789538887,6.823567497148,1.10958363472)
  );
#943 = CARTESIAN_POINT('',(2.649937993943,6.901593959945,1.09368552333)
  );
#944 = CARTESIAN_POINT('',(2.733439335205,6.883544120088,1.097268034068)
  );
#945 = ADVANCED_FACE('',(#946,#986,#1567),#1693,.T.);
#946 = FACE_BOUND('',#947,.T.);
#947 = EDGE_LOOP('',(#948,#949,#960,#961,#962,#963,#974,#975));
#948 = ORIENTED_EDGE('',*,*,#698,.T.);
#949 = ORIENTED_EDGE('',*,*,#950,.T.);
#950 = EDGE_CURVE('',#688,#594,#951,.T.);
#951 = B_SPLINE_CURVE_WITH_KNOTS('',3,(#952,#953,#954,#955,#956,#957,
    #958,#959),.UNSPECIFIED.,.F.,.F.,(4,2,2,4),(0.,3.299193089608E-04,
    6.598386179215E-04,1.319677235843E-03),.UNSPECIFIED.);
#952 = CARTESIAN_POINT('',(15.26656261665,6.883544542,1.0972679503));
#953 = CARTESIAN_POINT('',(15.266673269752,6.861333546842,0.988038233411
    ));
#954 = CARTESIAN_POINT('',(15.248387909836,6.835576530757,0.881815483447
    ));
#955 = CARTESIAN_POINT('',(15.172792675615,6.777852094105,0.681004795295
    ));
#956 = CARTESIAN_POINT('',(15.116477655118,6.74683252458,0.589951392151)
  );
#957 = CARTESIAN_POINT('',(14.896594269289,6.652279970567,0.359363144424
    ));
#958 = CARTESIAN_POINT('',(14.685677384969,6.590583816823,0.273222341508
    ));
#959 = CARTESIAN_POINT('',(14.46668060844,6.547636443815,0.271911926297)
  );
#960 = ORIENTED_EDGE('',*,*,#593,.T.);
#961 = ORIENTED_EDGE('',*,*,#902,.T.);
#962 = ORIENTED_EDGE('',*,*,#860,.T.);
#963 = ORIENTED_EDGE('',*,*,#964,.T.);
#964 = EDGE_CURVE('',#850,#757,#965,.T.);
#965 = B_SPLINE_CURVE_WITH_KNOTS('',3,(#966,#967,#968,#969,#970,#971,
    #972,#973),.UNSPECIFIED.,.F.,.F.,(4,2,2,4),(0.,3.398930270205E-04,
    6.797860540409E-04,1.359572108082E-03),.UNSPECIFIED.);
#966 = CARTESIAN_POINT('',(2.743187347498,9.455472291484,13.74205925554)
  );
#967 = CARTESIAN_POINT('',(2.743241114487,9.478378689468,13.854640658985
    ));
#968 = CARTESIAN_POINT('',(2.763903072947,9.496408500686,13.965900578742
    ));
#969 = CARTESIAN_POINT('',(2.845535502862,9.521580379458,14.177796190104
    ));
#970 = CARTESIAN_POINT('',(2.906028417868,9.528355267778,14.276053907022
    ));
#971 = CARTESIAN_POINT('',(3.136037216003,9.530593110406,14.528081888349
    ));
#972 = CARTESIAN_POINT('',(3.354393298981,9.507246898107,14.634157899155
    ));
#973 = CARTESIAN_POINT('',(3.580304930573,9.466883158792,14.648073166389
    ));
#974 = ORIENTED_EDGE('',*,*,#779,.T.);
#975 = ORIENTED_EDGE('',*,*,#976,.T.);
#976 = EDGE_CURVE('',#769,#676,#977,.T.);
#977 = B_SPLINE_CURVE_WITH_KNOTS('',3,(#978,#979,#980,#981,#982,#983,
    #984,#985),.UNSPECIFIED.,.F.,.F.,(4,2,2,4),(0.,3.398596761338E-04,
    6.797193522675E-04,1.359438704535E-03),.UNSPECIFIED.);
#978 = CARTESIAN_POINT('',(14.419695292513,9.466883198651,
    14.648073152648));
#979 = CARTESIAN_POINT('',(14.532602002898,9.487056295485,
    14.641118543433));
#980 = CARTESIAN_POINT('',(14.642794601703,9.502981292809,
    14.612314376653));
#981 = CARTESIAN_POINT('',(14.847354838241,9.524495964669,
    14.513832911575));
#982 = CARTESIAN_POINT('',(14.940211737439,9.529824554473,
    14.444395223813));
#983 = CARTESIAN_POINT('',(15.169981925207,9.527668875584,
    14.193042102796));
#984 = CARTESIAN_POINT('',(15.256693135225,9.5012732318,13.96717691902)
  );
#985 = CARTESIAN_POINT('',(15.256818490854,9.455473812624,
    13.742060347885));
#986 = FACE_BOUND('',#987,.T.);
#987 = EDGE_LOOP('',(#988,#1005,#1024,#1052,#1069,#1088,#1105,#1122,
    #1139,#1161,#1171,#1181,#1191,#1204,#1219,#1234,#1253,#1260,#1275,
    #1290,#1303,#1313,#1330,#1345,#1357,#1364,#1381,#1396,#1411,#1428,
    #1440,#1450,#1457,#1480,#1502,#1529,#1552));
#988 = ORIENTED_EDGE('',*,*,#989,.T.);
#989 = EDGE_CURVE('',#990,#992,#994,.T.);
#990 = VERTEX_POINT('',#991);
#991 = CARTESIAN_POINT('',(13.265481132558,7.714364699158,7.014236350811
    ));
#992 = VERTEX_POINT('',#993);
#993 = CARTESIAN_POINT('',(12.702125497522,7.734274306626,7.499187180449
    ));
#994 = B_SPLINE_CURVE_WITH_KNOTS('',5,(#995,#996,#997,#998,#999,#1000,
    #1001,#1002,#1003,#1004),.UNSPECIFIED.,.F.,.F.,(6,4,6),(0.,
    0.480614445839,1.),.UNSPECIFIED.);
#995 = CARTESIAN_POINT('',(13.265481132558,7.714364699158,7.014236350811
    ));
#996 = CARTESIAN_POINT('',(13.232531810524,7.720376267929,7.068016822321
    ));
#997 = CARTESIAN_POINT('',(13.193543532123,7.725208418918,7.120221256159
    ));
#998 = CARTESIAN_POINT('',(13.148903918607,7.728924549157,7.170698718963
    ));
#999 = CARTESIAN_POINT('',(13.099121284625,7.731633272378,7.219392551426
    ));
#1000 = CARTESIAN_POINT('',(12.985858790083,7.73540992675,7.316988353143
    ));
#1001 = CARTESIAN_POINT('',(12.921598160934,7.736327840152,7.36559003295
    ));
#1002 = CARTESIAN_POINT('',(12.852516316113,7.736347432898,
    7.412107968635));
#1003 = CARTESIAN_POINT('',(12.779200785593,7.735619204632,
    7.456609477612));
#1004 = CARTESIAN_POINT('',(12.702125497522,7.734274306626,
    7.499187180449));
#1005 = ORIENTED_EDGE('',*,*,#1006,.T.);
#1006 = EDGE_CURVE('',#992,#1007,#1009,.T.);
#1007 = VERTEX_POINT('',#1008);
#1008 = CARTESIAN_POINT('',(13.29491567295,7.902204695061,7.914028461748
    ));
#1009 = B_SPLINE_CURVE_WITH_KNOTS('',5,(#1010,#1011,#1012,#1013,#1014,
    #1015,#1016,#1017,#1018,#1019,#1020,#1021,#1022,#1023),
  .UNSPECIFIED.,.F.,.F.,(6,4,4,6),(0.,0.438537988863,0.863247083396,1.),
  .UNSPECIFIED.);
#1010 = CARTESIAN_POINT('',(12.702125497522,7.734274306626,
    7.499187180449));
#1011 = CARTESIAN_POINT('',(12.768951801759,7.747130175323,
    7.519607323932));
#1012 = CARTESIAN_POINT('',(12.833167290698,7.760517004271,
    7.543325622444));
#1013 = CARTESIAN_POINT('',(12.894477703474,7.774397755506,
    7.570498546374));
#1014 = CARTESIAN_POINT('',(12.952576259097,7.788721378731,
    7.601246973913));
#1015 = CARTESIAN_POINT('',(13.060083704981,7.817658367361,
    7.668870428642));
#1016 = CARTESIAN_POINT('',(13.109712023598,7.832249199496,
    7.705523560125));
#1017 = CARTESIAN_POINT('',(13.155824439157,7.847132966881,
    7.745584232886));
#1018 = CARTESIAN_POINT('',(13.198225963764,7.862241066902,
    7.789006188907));
#1019 = CARTESIAN_POINT('',(13.249224584343,7.88241495328,7.850665497816
    ));
#1020 = CARTESIAN_POINT('',(13.261249763448,7.887344462554,
    7.866017577721));
#1021 = CARTESIAN_POINT('',(13.272874946024,7.892287458888,
    7.881699097864));
#1022 = CARTESIAN_POINT('',(13.284097470685,7.897241627863,
    7.897704750069));
#1023 = CARTESIAN_POINT('',(13.29491567295,7.902204695061,7.914028461748
    ));
#1024 = ORIENTED_EDGE('',*,*,#1025,.T.);
#1025 = EDGE_CURVE('',#1007,#1026,#1028,.T.);
#1026 = VERTEX_POINT('',#1027);
#1027 = CARTESIAN_POINT('',(13.48840660173,8.216769966386,9.310613242362
    ));
#1028 = B_SPLINE_CURVE_WITH_KNOTS('',8,(#1029,#1030,#1031,#1032,#1033,
    #1034,#1035,#1036,#1037,#1038,#1039,#1040,#1041,#1042,#1043,#1044,
    #1045,#1046,#1047,#1048,#1049,#1050,#1051),.UNSPECIFIED.,.F.,.F.,(9,
    7,7,9),(0.,0.217245358363,0.736092289121,1.),.UNSPECIFIED.);
#1029 = CARTESIAN_POINT('',(13.29491567295,7.902204695061,7.914028461748
    ));
#1030 = CARTESIAN_POINT('',(13.310189377264,7.909211813159,
    7.937075132479));
#1031 = CARTESIAN_POINT('',(13.324389636057,7.916528585683,
    7.962390782349));
#1032 = CARTESIAN_POINT('',(13.337562795124,7.924103962233,
    7.989702161072));
#1033 = CARTESIAN_POINT('',(13.349767976771,7.931891897557,
    8.018749049891));
#1034 = CARTESIAN_POINT('',(13.361069999682,7.939852843342,8.04929694732
    ));
#1035 = CARTESIAN_POINT('',(13.371534498189,7.947954738606,
    8.081145761029));
#1036 = CARTESIAN_POINT('',(13.381225240947,7.956173498704,8.11413450589
    ));
#1037 = CARTESIAN_POINT('',(13.411646774474,7.984362468833,
    8.229362101041));
#1038 = CARTESIAN_POINT('',(13.428975962998,8.004759693189,
    8.316201643043));
#1039 = CARTESIAN_POINT('',(13.443079917693,8.025482541769,
    8.407056406375));
#1040 = CARTESIAN_POINT('',(13.454497906375,8.046395439319,
    8.500876335337));
#1041 = CARTESIAN_POINT('',(13.463672643838,8.067404427887,
    8.596879430098));
#1042 = CARTESIAN_POINT('',(13.47093102991,8.088459254269,8.694576911767
    ));
#1043 = CARTESIAN_POINT('',(13.476540123976,8.109546840029,
    8.793705177471));
#1044 = CARTESIAN_POINT('',(13.482819991673,8.141447709417,
    8.945367348802));
#1045 = CARTESIAN_POINT('',(13.484561115224,8.152208004836,
    8.996814815788));
#1046 = CARTESIAN_POINT('',(13.485952910048,8.16297088414,9.048545159562
    ));
#1047 = CARTESIAN_POINT('',(13.487018914351,8.173734454628,
    9.100531203528));
#1048 = CARTESIAN_POINT('',(13.487779842623,8.184497175915,
    9.152749540485));
#1049 = CARTESIAN_POINT('',(13.488254044748,8.195257852354,
    9.205180173773));
#1050 = CARTESIAN_POINT('',(13.488457965115,8.20601562547,9.257806158434
    ));
#1051 = CARTESIAN_POINT('',(13.48840660173,8.216769966386,9.310613242362
    ));
#1052 = ORIENTED_EDGE('',*,*,#1053,.T.);
#1053 = EDGE_CURVE('',#1026,#1054,#1056,.T.);
#1054 = VERTEX_POINT('',#1055);
#1055 = CARTESIAN_POINT('',(13.296645814711,8.447298985782,
    10.587044988901));
#1056 = B_SPLINE_CURVE_WITH_KNOTS('',6,(#1057,#1058,#1059,#1060,#1061,
    #1062,#1063,#1064,#1065,#1066,#1067,#1068),.UNSPECIFIED.,.F.,.F.,(7,
    5,7),(0.,0.5752898177,1.),.UNSPECIFIED.);
#1057 = CARTESIAN_POINT('',(13.48840660173,8.216769966386,9.310613242362
    ));
#1058 = CARTESIAN_POINT('',(13.48827644812,8.244021212744,9.44442514817)
  );
#1059 = CARTESIAN_POINT('',(13.485095730849,8.270488940151,9.57675790986
    ));
#1060 = CARTESIAN_POINT('',(13.478496564563,8.296063767727,
    9.707359021642));
#1061 = CARTESIAN_POINT('',(13.468021941188,8.320590181799,
    9.835805289293));
#1062 = CARTESIAN_POINT('',(13.453118883744,8.343866055215,
    9.961498950653));
#1063 = CARTESIAN_POINT('',(13.418307969439,8.381708723914,
    10.173809415873));
#1064 = CARTESIAN_POINT('',(13.400734842321,8.396956395045,
    10.262020373093));
#1065 = CARTESIAN_POINT('',(13.380095653781,8.411277759992,
    10.34795138618));
#1066 = CARTESIAN_POINT('',(13.356082855178,8.424543871694,
    10.431156124974));
#1067 = CARTESIAN_POINT('',(13.328368075412,8.436603424851,
    10.511069621282));
#1068 = CARTESIAN_POINT('',(13.296645814711,8.447298985782,
    10.587044988901));
#1069 = ORIENTED_EDGE('',*,*,#1070,.T.);
#1070 = EDGE_CURVE('',#1054,#1071,#1073,.T.);
#1071 = VERTEX_POINT('',#1072);
#1072 = CARTESIAN_POINT('',(12.637820102063,8.499262738134,
    11.291866986141));
#1073 = B_SPLINE_CURVE_WITH_KNOTS('',5,(#1074,#1075,#1076,#1077,#1078,
    #1079,#1080,#1081,#1082,#1083,#1084,#1085,#1086,#1087),
  .UNSPECIFIED.,.F.,.F.,(6,4,4,6),(0.,0.353632019932,0.672868760693,1.),
  .UNSPECIFIED.);
#1074 = CARTESIAN_POINT('',(13.296645814711,8.447298985782,
    10.587044988901));
#1075 = CARTESIAN_POINT('',(13.269755743731,8.456365312906,
    10.651447177867));
#1076 = CARTESIAN_POINT('',(13.239211522585,8.464493659102,
    10.713793590393));
#1077 = CARTESIAN_POINT('',(13.204964131435,8.471644532,10.77384062439)
  );
#1078 = CARTESIAN_POINT('',(13.167036056141,8.477800922684,
    10.831374460819));
#1079 = CARTESIAN_POINT('',(13.088090625245,8.487640425536,
    10.935744739474));
#1080 = CARTESIAN_POINT('',(13.047730212361,8.491506135708,
    10.983080450265));
#1081 = CARTESIAN_POINT('',(13.004549936619,8.494575921861,
    11.028111019196));
#1082 = CARTESIAN_POINT('',(12.958682947337,8.49687553027,
    11.070764088084));
#1083 = CARTESIAN_POINT('',(12.860717154638,8.500049878109,
    11.152248179965));
#1084 = CARTESIAN_POINT('',(12.808490233873,8.500888023672,
    11.190960260696));
#1085 = CARTESIAN_POINT('',(12.753797028097,8.500999043458,
    11.227112757427));
#1086 = CARTESIAN_POINT('',(12.696839901808,8.500437899563,
    11.26072994888));
#1087 = CARTESIAN_POINT('',(12.637820102063,8.499262738134,
    11.291866986141));
#1088 = ORIENTED_EDGE('',*,*,#1089,.T.);
#1089 = EDGE_CURVE('',#1071,#1090,#1092,.T.);
#1090 = VERTEX_POINT('',#1091);
#1091 = CARTESIAN_POINT('',(11.438261472694,8.424631503206,
    11.551347827518));
#1092 = B_SPLINE_CURVE_WITH_KNOTS('',6,(#1093,#1094,#1095,#1096,#1097,
    #1098,#1099,#1100,#1101,#1102,#1103,#1104),.UNSPECIFIED.,.F.,.F.,(7,
    5,7),(0.,0.423051205404,1.),.UNSPECIFIED.);
#1093 = CARTESIAN_POINT('',(12.637820102063,8.499262738134,
    11.291866986141));
#1094 = CARTESIAN_POINT('',(12.565505295856,8.497822855733,
    11.330018061292));
#1095 = CARTESIAN_POINT('',(12.490265096161,8.495461846883,
    11.36438769862));
#1096 = CARTESIAN_POINT('',(12.412400337867,8.492265997372,
    11.395046898512));
#1097 = CARTESIAN_POINT('',(12.33220832459,8.488328336292,
    11.422124300442));
#1098 = CARTESIAN_POINT('',(12.249966226035,8.483741373519,
    11.445781601575));
#1099 = CARTESIAN_POINT('',(12.051286374471,8.471564274749,
    11.494020144633));
#1100 = CARTESIAN_POINT('',(11.933302743418,8.463489456791,
    11.515804754733));
#1101 = CARTESIAN_POINT('',(11.812553974009,8.454580617538,
    11.531984895755));
#1102 = CARTESIAN_POINT('',(11.689548022108,8.445031505671,
    11.543022343208));
#1103 = CARTESIAN_POINT('',(11.564687258159,8.435003938763,
    11.549348233535));
#1104 = CARTESIAN_POINT('',(11.438261472694,8.424631503206,
    11.551347827518));
#1105 = ORIENTED_EDGE('',*,*,#1106,.T.);
#1106 = EDGE_CURVE('',#1090,#1107,#1109,.T.);
#1107 = VERTEX_POINT('',#1108);
#1108 = CARTESIAN_POINT('',(10.133084368669,8.290379732126,
    11.292997918995));
#1109 = B_SPLINE_CURVE_WITH_KNOTS('',6,(#1110,#1111,#1112,#1113,#1114,
    #1115,#1116,#1117,#1118,#1119,#1120,#1121),.UNSPECIFIED.,.F.,.F.,(7,
    5,7),(0.,0.53692517747,1.),.UNSPECIFIED.);
#1110 = CARTESIAN_POINT('',(11.438261472694,8.424631503206,
    11.551347827518));
#1111 = CARTESIAN_POINT('',(11.309586614153,8.414074545438,
    11.553382993604));
#1112 = CARTESIAN_POINT('',(11.182193480185,8.403488843876,
    11.551333984584));
#1113 = CARTESIAN_POINT('',(11.056369177994,8.392782872809,
    11.544761983576));
#1114 = CARTESIAN_POINT('',(10.932560944829,8.381850433105,
    11.53314161689));
#1115 = CARTESIAN_POINT('',(10.811367675701,8.370566363837,
    11.515881902858));
#1116 = CARTESIAN_POINT('',(10.591902786458,8.348618967006,
    11.472049534435));
#1117 = CARTESIAN_POINT('',(10.492785337189,8.338085317217,
    11.447087620406));
#1118 = CARTESIAN_POINT('',(10.396673904093,8.32708875436,
    11.417061266034));
#1119 = CARTESIAN_POINT('',(10.30419841676,8.315532963763,
    11.381571427352));
#1120 = CARTESIAN_POINT('',(10.216090819282,8.303319808301,
    11.340269584915));
#1121 = CARTESIAN_POINT('',(10.133084368669,8.290379732126,
    11.292997918995));
#1122 = ORIENTED_EDGE('',*,*,#1123,.T.);
#1123 = EDGE_CURVE('',#1107,#1124,#1126,.T.);
#1124 = VERTEX_POINT('',#1125);
#1125 = CARTESIAN_POINT('',(9.510348901359,8.136474275465,
    10.626642640873));
#1126 = B_SPLINE_CURVE_WITH_KNOTS('',6,(#1127,#1128,#1129,#1130,#1131,
    #1132,#1133,#1134,#1135,#1136,#1137,#1138),.UNSPECIFIED.,.F.,.F.,(7,
    5,7),(0.,0.508060876743,1.),.UNSPECIFIED.);
#1127 = CARTESIAN_POINT('',(10.133084368669,8.290379732126,
    11.292997918995));
#1128 = CARTESIAN_POINT('',(10.058904347926,8.278801273672,
    11.250682487264));
#1129 = CARTESIAN_POINT('',(9.987982786555,8.267022364459,
    11.205621012492));
#1130 = CARTESIAN_POINT('',(9.920714977359,8.254996923454,
    11.157696418534));
#1131 = CARTESIAN_POINT('',(9.857543268508,8.242681116665,
    11.106820012048));
#1132 = CARTESIAN_POINT('',(9.798929176984,8.230036538577,
    11.052950908274));
#1133 = CARTESIAN_POINT('',(9.693359853177,8.204459574994,
    10.941124679088));
#1134 = CARTESIAN_POINT('',(9.646086727431,8.191547393227,
    10.883344146391));
#1135 = CARTESIAN_POINT('',(9.603873254773,8.178289357509,
    10.822852258034));
#1136 = CARTESIAN_POINT('',(9.567050429896,8.164679585213,
    10.759764115809));
#1137 = CARTESIAN_POINT('',(9.535845930085,8.150729372659,
    10.694268285818));
#1138 = CARTESIAN_POINT('',(9.510348901359,8.136474275465,
    10.626642640873));
#1139 = ORIENTED_EDGE('',*,*,#1140,.T.);
#1140 = EDGE_CURVE('',#1124,#1141,#1143,.T.);
#1141 = VERTEX_POINT('',#1142);
#1142 = CARTESIAN_POINT('',(9.362480195224,7.853820205965,9.252440295413
    ));
#1143 = B_SPLINE_CURVE_WITH_KNOTS('',6,(#1144,#1145,#1146,#1147,#1148,
    #1149,#1150,#1151,#1152,#1153,#1154,#1155,#1156,#1157,#1158,#1159,
    #1160),.UNSPECIFIED.,.F.,.F.,(7,5,5,7),(0.,0.257106950679,
    0.623361942251,1.),.UNSPECIFIED.);
#1144 = CARTESIAN_POINT('',(9.510348901359,8.136474275465,
    10.626642640873));
#1145 = CARTESIAN_POINT('',(9.493484706373,8.127021427085,
    10.581794868989));
#1146 = CARTESIAN_POINT('',(9.478353185434,8.117009181704,
    10.533994640136));
#1147 = CARTESIAN_POINT('',(9.464782696637,8.106535683505,
    10.483760517682));
#1148 = CARTESIAN_POINT('',(9.452614527232,8.095681451638,
    10.431516022883));
#1149 = CARTESIAN_POINT('',(9.441705441296,8.084508148376,
    10.377585734242));
#1150 = CARTESIAN_POINT('',(9.418005201797,8.056745407611,
    10.243280816059));
#1151 = CARTESIAN_POINT('',(9.406387646099,8.039878355556,
    10.161437995571));
#1152 = CARTESIAN_POINT('',(9.396714538237,8.022581361021,10.07732812997
    ));
#1153 = CARTESIAN_POINT('',(9.38872573902,8.004943101055,9.991416584443)
  );
#1154 = CARTESIAN_POINT('',(9.382209114581,7.987025946479,9.904031740541
    ));
#1155 = CARTESIAN_POINT('',(9.371636393112,7.950192107012,9.724192190655
    ));
#1156 = CARTESIAN_POINT('',(9.367656434097,7.931266965739,9.631690816974
    ));
#1157 = CARTESIAN_POINT('',(9.36487525732,7.912137103665,9.538107867569)
  );
#1158 = CARTESIAN_POINT('',(9.36315478989,7.892837149529,9.443624307818)
  );
#1159 = CARTESIAN_POINT('',(9.362386948132,7.873392275163,9.348370900653
    ));
#1160 = CARTESIAN_POINT('',(9.362480195224,7.853820205965,9.252440295413
    ));
#1161 = ORIENTED_EDGE('',*,*,#1162,.T.);
#1162 = EDGE_CURVE('',#1141,#1163,#1165,.T.);
#1163 = VERTEX_POINT('',#1164);
#1164 = CARTESIAN_POINT('',(9.363007363976,7.743170295186,8.71010041826)
  );
#1165 = B_SPLINE_CURVE_WITH_KNOTS('',4,(#1166,#1167,#1168,#1169,#1170),
  .UNSPECIFIED.,.F.,.F.,(5,5),(0.,1.),.PIECEWISE_BEZIER_KNOTS.);
#1166 = CARTESIAN_POINT('',(9.362480195224,7.853820205965,9.252440295413
    ));
#1167 = CARTESIAN_POINT('',(9.362611987408,7.826157726516,9.116855326384
    ));
#1168 = CARTESIAN_POINT('',(9.362743779595,7.798495248236,8.981270357182
    ));
#1169 = CARTESIAN_POINT('',(9.362875571784,7.770832771126,8.845685387807
    ));
#1170 = CARTESIAN_POINT('',(9.363007363976,7.743170295186,8.71010041826)
  );
#1171 = ORIENTED_EDGE('',*,*,#1172,.F.);
#1172 = EDGE_CURVE('',#1173,#1163,#1175,.T.);
#1173 = VERTEX_POINT('',#1174);
#1174 = CARTESIAN_POINT('',(11.112000263778,7.816386003447,
    8.696817685707));
#1175 = B_SPLINE_CURVE_WITH_KNOTS('',4,(#1176,#1177,#1178,#1179,#1180),
  .UNSPECIFIED.,.F.,.F.,(5,5),(0.,1.),.PIECEWISE_BEZIER_KNOTS.);
#1176 = CARTESIAN_POINT('',(11.112000263778,7.816386003447,
    8.696817685707));
#1177 = CARTESIAN_POINT('',(10.675439643779,7.785291363164,
    8.702756207023));
#1178 = CARTESIAN_POINT('',(10.238248777184,7.762687939388,
    8.706956686946));
#1179 = CARTESIAN_POINT('',(9.800683471549,7.748621934547,8.709409920164
    ));
#1180 = CARTESIAN_POINT('',(9.363007363976,7.743170295186,8.71010041826)
  );
#1181 = ORIENTED_EDGE('',*,*,#1182,.F.);
#1182 = EDGE_CURVE('',#1183,#1173,#1185,.T.);
#1183 = VERTEX_POINT('',#1184);
#1184 = CARTESIAN_POINT('',(11.110911613108,8.044722919617,
    9.816583917483));
#1185 = B_SPLINE_CURVE_WITH_KNOTS('',4,(#1186,#1187,#1188,#1189,#1190),
  .UNSPECIFIED.,.F.,.F.,(5,5),(0.,1.),.PIECEWISE_BEZIER_KNOTS.);
#1186 = CARTESIAN_POINT('',(11.110911613108,8.044722919617,
    9.816583917483));
#1187 = CARTESIAN_POINT('',(11.111183775742,7.987638672574,
    9.536642360943));
#1188 = CARTESIAN_POINT('',(11.111455938399,7.93055443753,9.256700803466
    ));
#1189 = CARTESIAN_POINT('',(11.111728101077,7.873470214486,
    8.976759245054));
#1190 = CARTESIAN_POINT('',(11.112000263778,7.816386003447,
    8.696817685707));
#1191 = ORIENTED_EDGE('',*,*,#1192,.T.);
#1192 = EDGE_CURVE('',#1183,#1193,#1195,.T.);
#1193 = VERTEX_POINT('',#1194);
#1194 = CARTESIAN_POINT('',(11.16433256925,8.16456503239,10.384490121296
    ));
#1195 = B_SPLINE_CURVE_WITH_KNOTS('',7,(#1196,#1197,#1198,#1199,#1200,
    #1201,#1202,#1203),.UNSPECIFIED.,.F.,.F.,(8,8),(0.,1.),
  .PIECEWISE_BEZIER_KNOTS.);
#1196 = CARTESIAN_POINT('',(11.110911613108,8.044722919617,
    9.816583917483));
#1197 = CARTESIAN_POINT('',(11.110804302626,8.06723055754,9.926961535141
    ));
#1198 = CARTESIAN_POINT('',(11.112620222703,8.088573044798,
    10.030930369996));
#1199 = CARTESIAN_POINT('',(11.116684056774,8.108530827737,10.1272971073
    ));
#1200 = CARTESIAN_POINT('',(11.1234304655,8.126692847259,10.213884605137
    ));
#1201 = CARTESIAN_POINT('',(11.133342705906,8.142505974883,
    10.287797086129));
#1202 = CARTESIAN_POINT('',(11.146925786456,8.155298278728,
    10.345525429997));
#1203 = CARTESIAN_POINT('',(11.16433256925,8.16456503239,10.384490121296
    ));
#1204 = ORIENTED_EDGE('',*,*,#1205,.T.);
#1205 = EDGE_CURVE('',#1193,#1206,#1208,.T.);
#1206 = VERTEX_POINT('',#1207);
#1207 = CARTESIAN_POINT('',(11.404645747901,8.207797859763,
    10.502246966795));
#1208 = B_SPLINE_CURVE_WITH_KNOTS('',5,(#1209,#1210,#1211,#1212,#1213,
    #1214,#1215,#1216,#1217,#1218),.UNSPECIFIED.,.F.,.F.,(6,4,6),(0.,
    0.24766654977,1.),.UNSPECIFIED.);
#1209 = CARTESIAN_POINT('',(11.16433256925,8.16456503239,10.384490121296
    ));
#1210 = CARTESIAN_POINT('',(11.169725443832,8.167422798992,
    10.396497196949));
#1211 = CARTESIAN_POINT('',(11.175947038997,8.170193418662,
    10.407763113426));
#1212 = CARTESIAN_POINT('',(11.183000213237,8.172875143735,
    10.418274393183));
#1213 = CARTESIAN_POINT('',(11.190883510208,8.175466891555,
    10.428021269543));
#1214 = CARTESIAN_POINT('',(11.226042269161,8.185566571641,
    10.464265232076));
#1215 = CARTESIAN_POINT('',(11.260103859382,8.19233192489,
    10.484427429957));
#1216 = CARTESIAN_POINT('',(11.301606175639,8.1982487324,10.497300845065
    ));
#1217 = CARTESIAN_POINT('',(11.350019729593,8.203374826556,
    10.503098942748));
#1218 = CARTESIAN_POINT('',(11.404645747901,8.207797859763,
    10.502246966795));
#1219 = ORIENTED_EDGE('',*,*,#1220,.T.);
#1220 = EDGE_CURVE('',#1206,#1221,#1223,.T.);
#1221 = VERTEX_POINT('',#1222);
#1222 = CARTESIAN_POINT('',(11.673227820464,8.199498983695,
    10.344550097922));
#1223 = B_SPLINE_CURVE_WITH_KNOTS('',5,(#1224,#1225,#1226,#1227,#1228,
    #1229,#1230,#1231,#1232,#1233),.UNSPECIFIED.,.F.,.F.,(6,4,6),(0.,
    0.657479126267,1.),.UNSPECIFIED.);
#1224 = CARTESIAN_POINT('',(11.404645747901,8.207797859763,
    10.502246966795));
#1225 = CARTESIAN_POINT('',(11.456858633671,8.212025503188,
    10.501432627272));
#1226 = CARTESIAN_POINT('',(11.504207364938,8.214687455959,
    10.494364217787));
#1227 = CARTESIAN_POINT('',(11.546107110753,8.215612015765,
    10.480658623842));
#1228 = CARTESIAN_POINT('',(11.58209987265,8.214676446649,
    10.460132043447));
#1229 = CARTESIAN_POINT('',(11.627578351391,8.210407924446,
    10.418819965513));
#1230 = CARTESIAN_POINT('',(11.641503561797,8.2084379359,10.402867519072
    ));
#1231 = CARTESIAN_POINT('',(11.653752065022,8.205958339549,
    10.385138056449));
#1232 = CARTESIAN_POINT('',(11.664320717312,8.202974532002,
    10.365677016942));
#1233 = CARTESIAN_POINT('',(11.673227820464,8.199498983695,
    10.344550097922));
#1234 = ORIENTED_EDGE('',*,*,#1235,.T.);
#1235 = EDGE_CURVE('',#1221,#1236,#1238,.T.);
#1236 = VERTEX_POINT('',#1237);
#1237 = CARTESIAN_POINT('',(11.738950386968,8.042220474149,9.54287404565
    ));
#1238 = B_SPLINE_CURVE_WITH_KNOTS('',7,(#1239,#1240,#1241,#1242,#1243,
    #1244,#1245,#1246,#1247,#1248,#1249,#1250,#1251,#1252),
  .UNSPECIFIED.,.F.,.F.,(8,6,8),(0.,0.343949860439,1.),.UNSPECIFIED.);
#1239 = CARTESIAN_POINT('',(11.673227820464,8.199498983695,
    10.344550097922));
#1240 = CARTESIAN_POINT('',(11.681195582698,8.196389965862,
    10.325651218609));
#1241 = CARTESIAN_POINT('',(11.688444931634,8.192412580955,
    10.302811472379));
#1242 = CARTESIAN_POINT('',(11.694986607493,8.187642685769,
    10.276401987373));
#1243 = CARTESIAN_POINT('',(11.70085552854,8.182168631187,
    10.246843344953));
#1244 = CARTESIAN_POINT('',(11.706097177294,8.176076856649,
    10.214541041325));
#1245 = CARTESIAN_POINT('',(11.710759422334,8.169443243787,
    10.179846923603));
#1246 = CARTESIAN_POINT('',(11.722768013877,8.148762861607,
    10.072853644804));
#1247 = CARTESIAN_POINT('',(11.728699637637,8.133470949794,
    9.995099409529));
#1248 = CARTESIAN_POINT('',(11.733037998572,8.116869435305,9.91166487039
    ));
#1249 = CARTESIAN_POINT('',(11.73604384657,8.099260366709,9.823913329507
    ));
#1250 = CARTESIAN_POINT('',(11.73792906234,8.080866271268,9.732838714666
    ));
#1251 = CARTESIAN_POINT('',(11.738856860328,8.061829765007,
    9.639064405836));
#1252 = CARTESIAN_POINT('',(11.738950386968,8.042220474149,9.54287404565
    ));
#1253 = ORIENTED_EDGE('',*,*,#1254,.T.);
#1254 = EDGE_CURVE('',#1236,#1255,#1257,.T.);
#1255 = VERTEX_POINT('',#1256);
#1256 = CARTESIAN_POINT('',(11.73941421374,7.944972116633,9.065837107585
    ));
#1257 = B_SPLINE_CURVE_WITH_KNOTS('',1,(#1258,#1259),.UNSPECIFIED.,.F.,
  .F.,(2,2),(0.,1.),.PIECEWISE_BEZIER_KNOTS.);
#1258 = CARTESIAN_POINT('',(11.738950386968,8.042220474149,9.54287404565
    ));
#1259 = CARTESIAN_POINT('',(11.73941421374,7.944972116633,9.065837107585
    ));
#1260 = ORIENTED_EDGE('',*,*,#1261,.T.);
#1261 = EDGE_CURVE('',#1255,#1262,#1264,.T.);
#1262 = VERTEX_POINT('',#1263);
#1263 = CARTESIAN_POINT('',(11.649055179024,7.818712442726,
    8.488603724883));
#1264 = B_SPLINE_CURVE_WITH_KNOTS('',5,(#1265,#1266,#1267,#1268,#1269,
    #1270,#1271,#1272,#1273,#1274),.UNSPECIFIED.,.F.,.F.,(6,4,6),(0.,
    0.569313862067,1.),.UNSPECIFIED.);
#1265 = CARTESIAN_POINT('',(11.73941421374,7.944972116633,9.065837107585
    ));
#1266 = CARTESIAN_POINT('',(11.739494063915,7.928230313199,
    8.983712739014));
#1267 = CARTESIAN_POINT('',(11.737124843333,7.91196866294,8.905095023525
    ));
#1268 = CARTESIAN_POINT('',(11.732037715579,7.896270629132,
    8.830520031484));
#1269 = CARTESIAN_POINT('',(11.723919429992,7.881253818282,
    8.760702502659));
#1270 = CARTESIAN_POINT('',(11.703823575671,7.856318881818,8.64780989769
    ));
#1271 = CARTESIAN_POINT('',(11.69326750981,7.846050048952,8.602364618148
    ));
#1272 = CARTESIAN_POINT('',(11.680686846552,7.836312937837,
    8.560440129618));
#1273 = CARTESIAN_POINT('',(11.665968879073,7.827177865501,
    8.522411170985));
#1274 = CARTESIAN_POINT('',(11.649055179024,7.818712442726,
    8.488603724883));
#1275 = ORIENTED_EDGE('',*,*,#1276,.T.);
#1276 = EDGE_CURVE('',#1262,#1277,#1279,.T.);
#1277 = VERTEX_POINT('',#1278);
#1278 = CARTESIAN_POINT('',(11.380856455935,7.746889864075,
    8.252362086503));
#1279 = B_SPLINE_CURVE_WITH_KNOTS('',5,(#1280,#1281,#1282,#1283,#1284,
    #1285,#1286,#1287,#1288,#1289),.UNSPECIFIED.,.F.,.F.,(6,4,6),(0.,
    0.661608082072,1.),.UNSPECIFIED.);
#1280 = CARTESIAN_POINT('',(11.649055179024,7.818712442726,
    8.488603724883));
#1281 = CARTESIAN_POINT('',(11.625371504943,7.806843519727,
    8.441190371837));
#1282 = CARTESIAN_POINT('',(11.597783210123,7.795654356235,
    8.398767105847));
#1283 = CARTESIAN_POINT('',(11.566220096265,7.78521918732,8.361650985831
    ));
#1284 = CARTESIAN_POINT('',(11.530695716932,7.77560675353,8.330062222751
    ));
#1285 = CARTESIAN_POINT('',(11.471209508523,7.762403455283,
    8.290793001201));
#1286 = CARTESIAN_POINT('',(11.450076769741,7.758164865211,
    8.278971332383));
#1287 = CARTESIAN_POINT('',(11.42795764351,7.754162736341,8.268626800041
    ));
#1288 = CARTESIAN_POINT('',(11.404874715113,7.750402901418,
    8.259760076139));
#1289 = CARTESIAN_POINT('',(11.380856455935,7.746889864075,
    8.252362086503));
#1290 = ORIENTED_EDGE('',*,*,#1291,.T.);
#1291 = EDGE_CURVE('',#1277,#1292,#1294,.T.);
#1292 = VERTEX_POINT('',#1293);
#1293 = CARTESIAN_POINT('',(10.692542800174,7.686091478973,
    8.195205120068));
#1294 = B_SPLINE_CURVE_WITH_KNOTS('',7,(#1295,#1296,#1297,#1298,#1299,
    #1300,#1301,#1302),.UNSPECIFIED.,.F.,.F.,(8,8),(0.,1.),
  .PIECEWISE_BEZIER_KNOTS.);
#1295 = CARTESIAN_POINT('',(11.380856455935,7.746889864075,
    8.252362086503));
#1296 = CARTESIAN_POINT('',(11.322447394996,7.73832765631,8.234278104365
    ));
#1297 = CARTESIAN_POINT('',(11.24538753153,7.729196690412,8.220351778162
    ));
#1298 = CARTESIAN_POINT('',(11.153173743004,7.719859209256,
    8.210144000476));
#1299 = CARTESIAN_POINT('',(11.049459060492,7.710678216194,
    8.203018116866));
#1300 = CARTESIAN_POINT('',(10.937010138759,7.701899258735,
    8.198435140143));
#1301 = CARTESIAN_POINT('',(10.817744874012,7.693672494531,
    8.195941327922));
#1302 = CARTESIAN_POINT('',(10.692542800174,7.686091478973,
    8.195205120068));
#1303 = ORIENTED_EDGE('',*,*,#1304,.T.);
#1304 = EDGE_CURVE('',#1292,#1305,#1307,.T.);
#1305 = VERTEX_POINT('',#1306);
#1306 = CARTESIAN_POINT('',(10.693510428808,7.483094689879,
    7.199863628114));
#1307 = B_SPLINE_CURVE_WITH_KNOTS('',4,(#1308,#1309,#1310,#1311,#1312),
  .UNSPECIFIED.,.F.,.F.,(5,5),(0.,1.),.PIECEWISE_BEZIER_KNOTS.);
#1308 = CARTESIAN_POINT('',(10.692542800174,7.686091478973,
    8.195205120068));
#1309 = CARTESIAN_POINT('',(10.69278470731,7.635342269369,7.946369748137
    ));
#1310 = CARTESIAN_POINT('',(10.693026614461,7.584593067984,7.6975343755)
  );
#1311 = CARTESIAN_POINT('',(10.693268521627,7.53384387482,7.44869900216)
  );
#1312 = CARTESIAN_POINT('',(10.693510428808,7.483094689879,
    7.199863628114));
#1313 = ORIENTED_EDGE('',*,*,#1314,.T.);
#1314 = EDGE_CURVE('',#1305,#1315,#1317,.T.);
#1315 = VERTEX_POINT('',#1316);
#1316 = CARTESIAN_POINT('',(11.464195568972,7.527552068656,
    7.142322510252));
#1317 = B_SPLINE_CURVE_WITH_KNOTS('',6,(#1318,#1319,#1320,#1321,#1322,
    #1323,#1324,#1325,#1326,#1327,#1328,#1329),.UNSPECIFIED.,.F.,.F.,(7,
    5,7),(0.,0.644541201549,1.),.UNSPECIFIED.);
#1318 = CARTESIAN_POINT('',(10.693510428808,7.483094689879,
    7.199863628114));
#1319 = CARTESIAN_POINT('',(10.800957630168,7.489244058055,
    7.198709708231));
#1320 = CARTESIAN_POINT('',(10.904944064872,7.495489078672,
    7.196655979268));
#1321 = CARTESIAN_POINT('',(11.004941736969,7.50171309676,7.193572795865
    ));
#1322 = CARTESIAN_POINT('',(11.099717698489,7.507735177276,
    7.189275711807));
#1323 = CARTESIAN_POINT('',(11.187355063665,7.513272234437,
    7.183536188679));
#1324 = CARTESIAN_POINT('',(11.307834012571,7.520468197673,
    7.171896697431));
#1325 = CARTESIAN_POINT('',(11.347589600952,7.52275068548,7.167226445223
    ));
#1326 = CARTESIAN_POINT('',(11.383774538993,7.524687175884,
    7.161973729376));
#1327 = CARTESIAN_POINT('',(11.415744741843,7.526192651405,
    7.156091281131));
#1328 = CARTESIAN_POINT('',(11.44275890865,7.527171821874,7.14954096952)
  );
#1329 = CARTESIAN_POINT('',(11.464195568972,7.527552068656,
    7.142322510252));
#1330 = ORIENTED_EDGE('',*,*,#1331,.T.);
#1331 = EDGE_CURVE('',#1315,#1332,#1334,.T.);
#1332 = VERTEX_POINT('',#1333);
#1333 = CARTESIAN_POINT('',(11.676545503258,7.503867944773,
    6.932340346899));
#1334 = B_SPLINE_CURVE_WITH_KNOTS('',5,(#1335,#1336,#1337,#1338,#1339,
    #1340,#1341,#1342,#1343,#1344),.UNSPECIFIED.,.F.,.F.,(6,4,6),(0.,
    0.348151447621,1.),.UNSPECIFIED.);
#1335 = CARTESIAN_POINT('',(11.464195568972,7.527552068656,
    7.142322510252));
#1336 = CARTESIAN_POINT('',(11.484694866119,7.52790766164,7.13538034068)
  );
#1337 = CARTESIAN_POINT('',(11.504243269199,7.527923757504,
    7.127086108652));
#1338 = CARTESIAN_POINT('',(11.522817503913,7.527593680128,
    7.117433814577));
#1339 = CARTESIAN_POINT('',(11.540399753638,7.526913080769,
    7.106425442673));
#1340 = CARTESIAN_POINT('',(11.588016691329,7.523945571327,
    7.070939501738));
#1341 = CARTESIAN_POINT('',(11.61553625102,7.520775337787,7.043088383611
    ));
#1342 = CARTESIAN_POINT('',(11.639452942567,7.516356217017,
    7.010584683415));
#1343 = CARTESIAN_POINT('',(11.659767698536,7.510706035557,
    6.973591173107));
#1344 = CARTESIAN_POINT('',(11.676545503258,7.503867944773,
    6.932340346899));
#1345 = ORIENTED_EDGE('',*,*,#1346,.T.);
#1346 = EDGE_CURVE('',#1332,#1347,#1349,.T.);
#1347 = VERTEX_POINT('',#1348);
#1348 = CARTESIAN_POINT('',(11.741974747573,7.40811792275,6.432378189879
    ));
#1349 = B_SPLINE_CURVE_WITH_KNOTS('',6,(#1350,#1351,#1352,#1353,#1354,
    #1355,#1356),.UNSPECIFIED.,.F.,.F.,(7,7),(0.,1.),
  .PIECEWISE_BEZIER_KNOTS.);
#1350 = CARTESIAN_POINT('',(11.676545503258,7.503867944773,
    6.932340346899));
#1351 = CARTESIAN_POINT('',(11.699668576562,7.494423291175,
    6.875388496838));
#1352 = CARTESIAN_POINT('',(11.717432029696,7.481958675942,
    6.805985437278));
#1353 = CARTESIAN_POINT('',(11.730069628464,7.466747973271,
    6.725463077827));
#1354 = CARTESIAN_POINT('',(11.738053687603,7.449155893512,
    6.635441696261));
#1355 = CARTESIAN_POINT('',(11.741872669256,7.429520141356,
    6.537363705623));
#1356 = CARTESIAN_POINT('',(11.741974747573,7.40811792275,6.432378189879
    ));
#1357 = ORIENTED_EDGE('',*,*,#1358,.T.);
#1358 = EDGE_CURVE('',#1347,#1359,#1361,.T.);
#1359 = VERTEX_POINT('',#1360);
#1360 = CARTESIAN_POINT('',(11.742351143178,7.329201068945,
    6.045262823391));
#1361 = B_SPLINE_CURVE_WITH_KNOTS('',1,(#1362,#1363),.UNSPECIFIED.,.F.,
  .F.,(2,2),(0.,1.),.PIECEWISE_BEZIER_KNOTS.);
#1362 = CARTESIAN_POINT('',(11.741974747573,7.40811792275,6.432378189879
    ));
#1363 = CARTESIAN_POINT('',(11.742351143178,7.329201068945,
    6.045262823391));
#1364 = ORIENTED_EDGE('',*,*,#1365,.T.);
#1365 = EDGE_CURVE('',#1359,#1366,#1368,.T.);
#1366 = VERTEX_POINT('',#1367);
#1367 = CARTESIAN_POINT('',(11.666906770211,7.22409562393,5.56504677022)
  );
#1368 = B_SPLINE_CURVE_WITH_KNOTS('',6,(#1369,#1370,#1371,#1372,#1373,
    #1374,#1375,#1376,#1377,#1378,#1379,#1380),.UNSPECIFIED.,.F.,.F.,(7,
    5,7),(0.,0.585989881018,1.),.UNSPECIFIED.);
#1369 = CARTESIAN_POINT('',(11.742351143178,7.329201068945,
    6.045262823391));
#1370 = CARTESIAN_POINT('',(11.742413768816,7.316070688546,
    5.980853607218));
#1371 = CARTESIAN_POINT('',(11.741060027287,7.303417964316,
    5.919454868255));
#1372 = CARTESIAN_POINT('',(11.738152462358,7.29130940819,5.861457766904
    ));
#1373 = CARTESIAN_POINT('',(11.733539144405,7.279829422143,
    5.807345525607));
#1374 = CARTESIAN_POINT('',(11.72706209577,7.269077554077,5.757673971973
    ));
#1375 = CARTESIAN_POINT('',(11.712597745468,7.252149798227,
    5.681444759665));
#1376 = CARTESIAN_POINT('',(11.705611755295,7.245557308206,
    5.652383195275));
#1377 = CARTESIAN_POINT('',(11.697581847163,7.239418225085,
    5.626021380128));
#1378 = CARTESIAN_POINT('',(11.688468063964,7.233771449606,
    5.602562334163));
#1379 = CARTESIAN_POINT('',(11.678244462646,7.228653626747,
    5.582189662694));
#1380 = CARTESIAN_POINT('',(11.666906770211,7.22409562393,5.56504677022)
  );
#1381 = ORIENTED_EDGE('',*,*,#1382,.T.);
#1382 = EDGE_CURVE('',#1366,#1383,#1385,.T.);
#1383 = VERTEX_POINT('',#1384);
#1384 = CARTESIAN_POINT('',(11.431202481762,7.180097689062,5.45275317251
    ));
#1385 = B_SPLINE_CURVE_WITH_KNOTS('',5,(#1386,#1387,#1388,#1389,#1390,
    #1391,#1392,#1393,#1394,#1395),.UNSPECIFIED.,.F.,.F.,(6,4,6),(0.,
    0.348859630681,1.),.UNSPECIFIED.);
#1386 = CARTESIAN_POINT('',(11.666906770211,7.22409562393,5.56504677022)
  );
#1387 = CARTESIAN_POINT('',(11.656378831399,7.219842553345,
    5.549027212619));
#1388 = CARTESIAN_POINT('',(11.644796240342,7.215778994147,
    5.534397257474));
#1389 = CARTESIAN_POINT('',(11.632157010705,7.211912105303,
    5.521183262173));
#1390 = CARTESIAN_POINT('',(11.618466134248,7.20824822569,5.509402595621
    ));
#1391 = CARTESIAN_POINT('',(11.576241261729,7.198343521062,
    5.479766156006));
#1392 = CARTESIAN_POINT('',(11.545123796467,7.192620294761,
    5.465490182385));
#1393 = CARTESIAN_POINT('',(11.510463407112,7.187659470885,5.45629188051
    ));
#1394 = CARTESIAN_POINT('',(11.472418457138,7.183482617122,
    5.452100587029));
#1395 = CARTESIAN_POINT('',(11.431202481762,7.180097689062,5.45275317251
    ));
#1396 = ORIENTED_EDGE('',*,*,#1397,.T.);
#1397 = EDGE_CURVE('',#1383,#1398,#1400,.T.);
#1398 = VERTEX_POINT('',#1399);
#1399 = CARTESIAN_POINT('',(11.181991199918,7.185998570304,
    5.580619034377));
#1400 = B_SPLINE_CURVE_WITH_KNOTS('',5,(#1401,#1402,#1403,#1404,#1405,
    #1406,#1407,#1408,#1409,#1410),.UNSPECIFIED.,.F.,.F.,(6,4,6),(0.,
    0.715867719801,1.),.UNSPECIFIED.);
#1401 = CARTESIAN_POINT('',(11.431202481762,7.180097689062,5.45275317251
    ));
#1402 = CARTESIAN_POINT('',(11.380196508633,7.175908741753,
    5.453560766158));
#1403 = CARTESIAN_POINT('',(11.334141146511,7.173481115049,
    5.460371796288));
#1404 = CARTESIAN_POINT('',(11.29352334713,7.172878424168,5.473512074084
    ));
#1405 = CARTESIAN_POINT('',(11.258708933757,7.174119758712,
    5.493138561636));
#1406 = CARTESIAN_POINT('',(11.218388294736,7.178368014178,
    5.529439781019));
#1407 = CARTESIAN_POINT('',(11.207868819885,7.179858675717,
    5.540756550364));
#1408 = CARTESIAN_POINT('',(11.198295057651,7.181630219867,
    5.553068363804));
#1409 = CARTESIAN_POINT('',(11.189670072285,7.183678627004,
    5.566362128217));
#1410 = CARTESIAN_POINT('',(11.181991199918,7.185998570304,
    5.580619034377));
#1411 = ORIENTED_EDGE('',*,*,#1412,.T.);
#1412 = EDGE_CURVE('',#1398,#1413,#1415,.T.);
#1413 = VERTEX_POINT('',#1414);
#1414 = CARTESIAN_POINT('',(11.114515432769,7.288847539191,6.10976170342
    ));
#1415 = B_SPLINE_CURVE_WITH_KNOTS('',6,(#1416,#1417,#1418,#1419,#1420,
    #1421,#1422,#1423,#1424,#1425,#1426,#1427),.UNSPECIFIED.,.F.,.F.,(7,
    5,7),(0.,0.413080383189,1.),.UNSPECIFIED.);
#1416 = CARTESIAN_POINT('',(11.181991199918,7.185998570304,
    5.580619034377));
#1417 = CARTESIAN_POINT('',(11.171791663019,7.189087797239,5.59959385137
    ));
#1418 = CARTESIAN_POINT('',(11.162626513876,7.193010057817,
    5.622242457506));
#1419 = CARTESIAN_POINT('',(11.154486846524,7.197720093699,
    5.648354547586));
#1420 = CARTESIAN_POINT('',(11.147339505639,7.203161124402,
    5.677670707327));
#1421 = CARTESIAN_POINT('',(11.141137103866,7.209272331414,
    5.709915401598));
#1422 = CARTESIAN_POINT('',(11.128284727115,7.225550061318,
    5.794437839603));
#1423 = CARTESIAN_POINT('',(11.122545642015,7.236339576791,
    5.849428861139));
#1424 = CARTESIAN_POINT('',(11.118457175173,7.24820285846,5.909075765704
    ));
#1425 = CARTESIAN_POINT('',(11.115853587298,7.260987716842,
    5.972698135829));
#1426 = CARTESIAN_POINT('',(11.114583513238,7.27456816874,6.039735419809
    ));
#1427 = CARTESIAN_POINT('',(11.114515432769,7.288847539191,6.10976170342
    ));
#1428 = ORIENTED_EDGE('',*,*,#1429,.F.);
#1429 = EDGE_CURVE('',#1430,#1413,#1432,.T.);
#1430 = VERTEX_POINT('',#1431);
#1431 = CARTESIAN_POINT('',(11.1139532378,7.406763766511,6.688024858481)
  );
#1432 = B_SPLINE_CURVE_WITH_KNOTS('',3,(#1433,#1434,#1435,#1436,#1437,
    #1438,#1439),.UNSPECIFIED.,.F.,.F.,(4,1,1,1,4),(0.,0.188974070443,
    0.565948700721,0.942923073924,1.),.UNSPECIFIED.);
#1433 = CARTESIAN_POINT('',(11.1139532378,7.406763766511,6.688024858481)
  );
#1434 = CARTESIAN_POINT('',(11.113988651222,7.399336062151,
    6.651599277842));
#1435 = CARTESIAN_POINT('',(11.114094709054,7.377091213994,6.54251018431
    ));
#1436 = CARTESIAN_POINT('',(11.114271411254,7.340029235336,6.36075762719
    ));
#1437 = CARTESIAN_POINT('',(11.114423396158,7.308151532023,
    6.204428822696));
#1438 = CARTESIAN_POINT('',(11.114504736648,7.291090970755,
    6.120763531233));
#1439 = CARTESIAN_POINT('',(11.114515432769,7.288847539191,6.10976170342
    ));
#1440 = ORIENTED_EDGE('',*,*,#1441,.T.);
#1441 = EDGE_CURVE('',#1430,#1442,#1444,.T.);
#1442 = VERTEX_POINT('',#1443);
#1443 = CARTESIAN_POINT('',(9.364959922514,7.333338838449,6.70135040012)
  );
#1444 = B_SPLINE_CURVE_WITH_KNOTS('',4,(#1445,#1446,#1447,#1448,#1449),
  .UNSPECIFIED.,.F.,.F.,(5,5),(0.,1.),.PIECEWISE_BEZIER_KNOTS.);
#1445 = CARTESIAN_POINT('',(11.1139532378,7.406763766511,6.688024858481)
  );
#1446 = CARTESIAN_POINT('',(10.677395191205,7.375600697963,
    6.693977383739));
#1447 = CARTESIAN_POINT('',(10.240204669453,7.352939548165,
    6.698189675601));
#1448 = CARTESIAN_POINT('',(9.802638144382,7.338826432831,6.700652547143
    ));
#1449 = CARTESIAN_POINT('',(9.364959922514,7.333338838449,6.70135040012)
  );
#1450 = ORIENTED_EDGE('',*,*,#1451,.T.);
#1451 = EDGE_CURVE('',#1442,#1452,#1454,.T.);
#1452 = VERTEX_POINT('',#1453);
#1453 = CARTESIAN_POINT('',(9.365533816481,7.212881656038,6.110940758983
    ));
#1454 = B_SPLINE_CURVE_WITH_KNOTS('',1,(#1455,#1456),.UNSPECIFIED.,.F.,
  .F.,(2,2),(0.,1.),.PIECEWISE_BEZIER_KNOTS.);
#1455 = CARTESIAN_POINT('',(9.364959922514,7.333338838449,6.70135040012)
  );
#1456 = CARTESIAN_POINT('',(9.365533816481,7.212881656038,6.110940758983
    ));
#1457 = ORIENTED_EDGE('',*,*,#1458,.T.);
#1458 = EDGE_CURVE('',#1452,#1459,#1461,.T.);
#1459 = VERTEX_POINT('',#1460);
#1460 = CARTESIAN_POINT('',(9.82571203404,6.948602847423,4.768327980425)
  );
#1461 = B_SPLINE_CURVE_WITH_KNOTS('',5,(#1462,#1463,#1464,#1465,#1466,
    #1467,#1468,#1469,#1470,#1471,#1472,#1473,#1474,#1475,#1476,#1477,
    #1478,#1479),.UNSPECIFIED.,.F.,.F.,(6,4,4,4,6),(0.,0.288934545819,
    0.542867777514,0.7800163404,1.),.UNSPECIFIED.);
#1462 = CARTESIAN_POINT('',(9.365533816481,7.212881656038,6.110940758983
    ));
#1463 = CARTESIAN_POINT('',(9.365622771295,7.194210532335,6.019425981607
    ));
#1464 = CARTESIAN_POINT('',(9.368149300528,7.17570751929,5.928581227006)
  );
#1465 = CARTESIAN_POINT('',(9.373406571402,7.157408662528,5.838563950429
    ));
#1466 = CARTESIAN_POINT('',(9.381756982071,7.139373654148,5.749634772384
    ));
#1467 = CARTESIAN_POINT('',(9.404112404342,7.106152076361,5.585291068956
    ));
#1468 = CARTESIAN_POINT('',(9.417308742787,7.09088720964,5.509554746584)
  );
#1469 = CARTESIAN_POINT('',(9.433551508185,7.075957116973,5.43520332465)
  );
#1470 = CARTESIAN_POINT('',(9.453200940614,7.061453530695,5.362619321133
    ));
#1471 = CARTESIAN_POINT('',(9.498501327638,7.034466427969,5.226620659007
    ));
#1472 = CARTESIAN_POINT('',(9.523668139075,7.021913976587,5.162923006299
    ));
#1473 = CARTESIAN_POINT('',(9.552417268006,7.009942037301,5.101610675923
    ));
#1474 = CARTESIAN_POINT('',(9.585032782588,6.998686499934,5.043231938521
    ));
#1475 = CARTESIAN_POINT('',(9.655580138121,6.978648908285,4.937448573275
    ));
#1476 = CARTESIAN_POINT('',(9.692959909873,6.969745625444,4.889549313891
    ));
#1477 = CARTESIAN_POINT('',(9.733845112148,6.96170067155,4.84513268951)
  );
#1478 = CARTESIAN_POINT('',(9.778189772795,6.954628360963,4.804634752484
    ));
#1479 = CARTESIAN_POINT('',(9.82571203404,6.948602847423,4.768327980425)
  );
#1480 = ORIENTED_EDGE('',*,*,#1481,.T.);
#1481 = EDGE_CURVE('',#1459,#1482,#1484,.T.);
#1482 = VERTEX_POINT('',#1483);
#1483 = CARTESIAN_POINT('',(11.285019465494,6.954351232073,4.4053667021)
  );
#1484 = B_SPLINE_CURVE_WITH_KNOTS('',6,(#1485,#1486,#1487,#1488,#1489,
    #1490,#1491,#1492,#1493,#1494,#1495,#1496,#1497,#1498,#1499,#1500,
    #1501),.UNSPECIFIED.,.F.,.F.,(7,5,5,7),(0.,0.383719928924,
    0.66390555315,1.),.UNSPECIFIED.);
#1485 = CARTESIAN_POINT('',(9.82571203404,6.948602847423,4.768327980425)
  );
#1486 = CARTESIAN_POINT('',(9.896049755117,6.939684482015,4.714590310133
    ));
#1487 = CARTESIAN_POINT('',(9.972632858976,6.932355112523,4.666727813441
    ));
#1488 = CARTESIAN_POINT('',(10.054512466479,6.926642315924,4.62467079834
    ));
#1489 = CARTESIAN_POINT('',(10.140689166059,6.922497343685,
    4.588025958974));
#1490 = CARTESIAN_POINT('',(10.230324817544,6.919841374236,
    4.556329156588));
#1491 = CARTESIAN_POINT('',(10.390318565501,6.917677918567,
    4.509235829555));
#1492 = CARTESIAN_POINT('',(10.459349635288,6.917514334172,
    4.491749813557));
#1493 = CARTESIAN_POINT('',(10.529649998201,6.918067602675,
    4.476468518885));
#1494 = CARTESIAN_POINT('',(10.601016321398,6.919304639283,
    4.463217435966));
#1495 = CARTESIAN_POINT('',(10.673284169454,6.921193813032,
    4.451835013575));
#1496 = CARTESIAN_POINT('',(10.833951618555,6.926721425949,
    4.430590134838));
#1497 = CARTESIAN_POINT('',(10.922683309655,6.93063334714,4.421485238222
    ));
#1498 = CARTESIAN_POINT('',(11.012309018828,6.935393559084,
    4.414610524704));
#1499 = CARTESIAN_POINT('',(11.102655585945,6.940958030385,
    4.409751237992));
#1500 = CARTESIAN_POINT('',(11.193590473974,6.94728817417,4.406723130382
    ));
#1501 = CARTESIAN_POINT('',(11.285019465494,6.954351232073,4.4053667021)
  );
#1502 = ORIENTED_EDGE('',*,*,#1503,.T.);
#1503 = EDGE_CURVE('',#1482,#1504,#1506,.T.);
#1504 = VERTEX_POINT('',#1505);
#1505 = CARTESIAN_POINT('',(12.981810725559,7.232181120694,
    4.850931403686));
#1506 = B_SPLINE_CURVE_WITH_KNOTS('',6,(#1507,#1508,#1509,#1510,#1511,
    #1512,#1513,#1514,#1515,#1516,#1517,#1518,#1519,#1520,#1521,#1522,
    #1523,#1524,#1525,#1526,#1527,#1528),.UNSPECIFIED.,.F.,.F.,(7,5,5,5,
    7),(0.,0.365879515202,0.648003243581,0.83086053033,1.),
  .UNSPECIFIED.);
#1507 = CARTESIAN_POINT('',(11.285019465494,6.954351232073,4.4053667021)
  );
#1508 = CARTESIAN_POINT('',(11.402980754552,6.963463958804,
    4.403616644204));
#1509 = CARTESIAN_POINT('',(11.520263588647,6.973610077882,
    4.404325074652));
#1510 = CARTESIAN_POINT('',(11.636744697683,6.9848283948,4.407790487689)
  );
#1511 = CARTESIAN_POINT('',(11.752205499689,6.997161115774,
    4.414384556564));
#1512 = CARTESIAN_POINT('',(11.866330791381,7.010649904436,4.42456121209
    ));
#1513 = CARTESIAN_POINT('',(12.065329168608,7.036668625472,
    4.449987582054));
#1514 = CARTESIAN_POINT('',(12.150896437636,7.04870837839,4.463540125405
    ));
#1515 = CARTESIAN_POINT('',(12.235204939567,7.061481696311,
    4.479847546656));
#1516 = CARTESIAN_POINT('',(12.317963030875,7.075004031876,
    4.499228457826));
#1517 = CARTESIAN_POINT('',(12.398778122046,7.089280556387,
    4.522043360025));
#1518 = CARTESIAN_POINT('',(12.527962956884,7.114038267507,
    4.565961291424));
#1519 = CARTESIAN_POINT('',(12.577736767053,7.124086097718,
    4.584839879679));
#1520 = CARTESIAN_POINT('',(12.626344392164,7.134442063383,
    4.605431068485));
#1521 = CARTESIAN_POINT('',(12.673616226923,7.145097100816,
    4.627841809611));
#1522 = CARTESIAN_POINT('',(12.719358768631,7.156035216173,
    4.652169562136));
#1523 = CARTESIAN_POINT('',(12.804066527337,7.177588964643,
    4.702837664685));
#1524 = CARTESIAN_POINT('',(12.843282965415,7.188167284019,
    4.728890232109));
#1525 = CARTESIAN_POINT('',(12.880842749989,7.198946414227,
    4.756704859925));
#1526 = CARTESIAN_POINT('',(12.916565132268,7.209899097813,4.78632023386
    ));
#1527 = CARTESIAN_POINT('',(12.950273544373,7.220991142732,
    4.817742687374));
#1528 = CARTESIAN_POINT('',(12.981810725559,7.232181120694,
    4.850931403686));
#1529 = ORIENTED_EDGE('',*,*,#1530,.T.);
#1530 = EDGE_CURVE('',#1504,#1531,#1533,.T.);
#1531 = VERTEX_POINT('',#1532);
#1532 = CARTESIAN_POINT('',(13.426507730713,7.567703353722,
    6.173659436896));
#1533 = B_SPLINE_CURVE_WITH_KNOTS('',5,(#1534,#1535,#1536,#1537,#1538,
    #1539,#1540,#1541,#1542,#1543,#1544,#1545,#1546,#1547,#1548,#1549,
    #1550,#1551),.UNSPECIFIED.,.F.,.F.,(6,4,4,4,6),(0.,
    5.568524570914E-02,0.320651896014,0.619913775635,1.),.UNSPECIFIED.);
#1534 = CARTESIAN_POINT('',(12.981810725559,7.232181120694,
    4.850931403686));
#1535 = CARTESIAN_POINT('',(12.992394747351,7.235935157431,
    4.862062963467));
#1536 = CARTESIAN_POINT('',(13.00282534931,7.239701091289,4.873334015739
    ));
#1537 = CARTESIAN_POINT('',(13.013100754857,7.243478107854,
    4.884743208423));
#1538 = CARTESIAN_POINT('',(13.02321936291,7.247265385662,4.896289020285
    ));
#1539 = CARTESIAN_POINT('',(13.080574166425,7.269127953008,
    4.963550133896));
#1540 = CARTESIAN_POINT('',(13.124388762836,7.287408373543,
    5.022188448734));
#1541 = CARTESIAN_POINT('',(13.16446170346,7.30581121631,5.083694501284)
  );
#1542 = CARTESIAN_POINT('',(13.200750477288,7.324250677213,5.147814336)
  );
#1543 = CARTESIAN_POINT('',(13.27005783302,7.363434106954,5.289292759794
    ));
#1544 = CARTESIAN_POINT('',(13.30204789648,7.384169069886,5.367296684859
    ));
#1545 = CARTESIAN_POINT('',(13.329334425445,7.404750678986,
    5.447852787262));
#1546 = CARTESIAN_POINT('',(13.352138698254,7.425105500459,
    5.530544598649));
#1547 = CARTESIAN_POINT('',(13.394330201156,7.470692136483,
    5.722291975649));
#1548 = CARTESIAN_POINT('',(13.411130246293,7.495755646369,
    5.832433358825));
#1549 = CARTESIAN_POINT('',(13.421679532211,7.520289647462,
    5.944725341549));
#1550 = CARTESIAN_POINT('',(13.426619649537,7.544268740551,
    6.058593120422));
#1551 = CARTESIAN_POINT('',(13.426507730713,7.567703353722,
    6.173659436896));
#1552 = ORIENTED_EDGE('',*,*,#1553,.T.);
#1553 = EDGE_CURVE('',#1531,#990,#1554,.T.);
#1554 = B_SPLINE_CURVE_WITH_KNOTS('',6,(#1555,#1556,#1557,#1558,#1559,
    #1560,#1561,#1562,#1563,#1564,#1565,#1566),.UNSPECIFIED.,.F.,.F.,(7,
    5,7),(0.,0.597463422987,1.),.UNSPECIFIED.);
#1555 = CARTESIAN_POINT('',(13.426507730713,7.567703353722,
    6.173659436896));
#1556 = CARTESIAN_POINT('',(13.426410925779,7.587973275067,
    6.273186797029));
#1557 = CARTESIAN_POINT('',(13.423471926806,7.607327634791,
    6.370399176805));
#1558 = CARTESIAN_POINT('',(13.417336620338,7.625630888953,
    6.464901925695));
#1559 = CARTESIAN_POINT('',(13.407575023826,7.642694375107,
    6.556087015539));
#1560 = CARTESIAN_POINT('',(13.393684890145,7.658279212285,6.64313576495
    ));
#1561 = CARTESIAN_POINT('',(13.362635490914,7.681438200649,
    6.780254321387));
#1562 = CARTESIAN_POINT('',(13.348023733194,7.689965241665,
    6.833112602798));
#1563 = CARTESIAN_POINT('',(13.331140623392,7.697612788694,
    6.883319227515));
#1564 = CARTESIAN_POINT('',(13.311832383668,7.704287934194,
    6.930505150089));
#1565 = CARTESIAN_POINT('',(13.289967409358,7.709897203992,
    6.974269412782));
#1566 = CARTESIAN_POINT('',(13.265481132558,7.714364699158,
    7.014236350811));
#1567 = FACE_BOUND('',#1568,.T.);
#1568 = EDGE_LOOP('',(#1569,#1581,#1594,#1608,#1618,#1628,#1641,#1651,
    #1664,#1674,#1684));
#1569 = ORIENTED_EDGE('',*,*,#1570,.F.);
#1570 = EDGE_CURVE('',#1571,#1573,#1575,.T.);
#1571 = VERTEX_POINT('',#1572);
#1572 = CARTESIAN_POINT('',(8.001338070648,7.543824955456,7.658488176966
    ));
#1573 = VERTEX_POINT('',#1574);
#1574 = CARTESIAN_POINT('',(9.047563349344,6.895356540008,4.566084004775
    ));
#1575 = B_SPLINE_CURVE_WITH_KNOTS('',4,(#1576,#1577,#1578,#1579,#1580),
  .UNSPECIFIED.,.F.,.F.,(5,5),(0.,1.),.PIECEWISE_BEZIER_KNOTS.);
#1576 = CARTESIAN_POINT('',(8.001338070648,7.543824955456,7.658488176966
    ));
#1577 = CARTESIAN_POINT('',(8.26287635496,7.377112690549,6.886354795498)
  );
#1578 = CARTESIAN_POINT('',(8.524430636743,7.213448333948,6.113567154615
    ));
#1579 = CARTESIAN_POINT('',(8.785995006668,7.052852722437,5.340139311918
    ));
#1580 = CARTESIAN_POINT('',(9.047563349344,6.895356540008,4.566084004775
    ));
#1581 = ORIENTED_EDGE('',*,*,#1582,.F.);
#1582 = EDGE_CURVE('',#1583,#1571,#1585,.T.);
#1583 = VERTEX_POINT('',#1584);
#1584 = CARTESIAN_POINT('',(9.140460411688,8.295096821185,
    11.424802656861));
#1585 = B_SPLINE_CURVE_WITH_KNOTS('',4,(#1586,#1587,#1588,#1589,#1590,
    #1591,#1592,#1593),.UNSPECIFIED.,.F.,.F.,(5,3,5),(0.,0.128396681105,
    1.),.UNSPECIFIED.);
#1586 = CARTESIAN_POINT('',(9.140460411688,8.295096821185,
    11.424802656861));
#1587 = CARTESIAN_POINT('',(9.103893636736,8.270278025251,
    11.304049343051));
#1588 = CARTESIAN_POINT('',(9.067326951339,8.245519327525,
    11.183283629713));
#1589 = CARTESIAN_POINT('',(9.030760369421,8.220820810219,
    11.062505547439));
#1590 = CARTESIAN_POINT('',(8.745967461006,8.028929138625,
    10.121745873349));
#1591 = CARTESIAN_POINT('',(8.497746446598,7.864452500059,9.301208162671
    ));
#1592 = CARTESIAN_POINT('',(8.24953519989,7.702749415809,8.480117625081)
  );
#1593 = CARTESIAN_POINT('',(8.001338070648,7.543824955456,7.658488176966
    ));
#1594 = ORIENTED_EDGE('',*,*,#1595,.T.);
#1595 = EDGE_CURVE('',#1583,#1596,#1598,.T.);
#1596 = VERTEX_POINT('',#1597);
#1597 = CARTESIAN_POINT('',(7.257519199431,8.345469852384,
    11.412667226495));
#1598 = B_SPLINE_CURVE_WITH_KNOTS('',8,(#1599,#1600,#1601,#1602,#1603,
    #1604,#1605,#1606,#1607),.UNSPECIFIED.,.F.,.F.,(9,9),(0.,1.),
  .PIECEWISE_BEZIER_KNOTS.);
#1599 = CARTESIAN_POINT('',(9.140460411688,8.295096821185,
    11.424802656861));
#1600 = CARTESIAN_POINT('',(8.904965120618,8.293935152666,
    11.424811682906));
#1601 = CARTESIAN_POINT('',(8.669459486639,8.294912356151,
    11.424383053827));
#1602 = CARTESIAN_POINT('',(8.433966924865,8.298038786104,
    11.423514673682));
#1603 = CARTESIAN_POINT('',(8.198511280231,8.303280643606,
    11.422213481388));
#1604 = CARTESIAN_POINT('',(7.963115365118,8.310660090574,
    11.420474964438));
#1605 = CARTESIAN_POINT('',(7.727802969091,8.320150085888,
    11.418304678946));
#1606 = CARTESIAN_POINT('',(7.492596551262,8.331755968358,
    11.415701554322));
#1607 = CARTESIAN_POINT('',(7.257519199431,8.345469852384,
    11.412667226495));
#1608 = ORIENTED_EDGE('',*,*,#1609,.T.);
#1609 = EDGE_CURVE('',#1596,#1610,#1612,.T.);
#1610 = VERTEX_POINT('',#1611);
#1611 = CARTESIAN_POINT('',(6.52457905022,7.797524481953,8.461157503625)
  );
#1612 = B_SPLINE_CURVE_WITH_KNOTS('',4,(#1613,#1614,#1615,#1616,#1617),
  .UNSPECIFIED.,.F.,.F.,(5,5),(0.,1.),.PIECEWISE_BEZIER_KNOTS.);
#1613 = CARTESIAN_POINT('',(7.257519199431,8.345469852384,
    11.412667226495));
#1614 = CARTESIAN_POINT('',(7.07426974822,8.206200632016,10.675215541547
    ));
#1615 = CARTESIAN_POINT('',(6.891029032019,8.06844921835,9.937477241823)
  );
#1616 = CARTESIAN_POINT('',(6.707798350416,7.93222105709,9.199456608031)
  );
#1617 = CARTESIAN_POINT('',(6.52457905022,7.797524481953,8.461157503625)
  );
#1618 = ORIENTED_EDGE('',*,*,#1619,.F.);
#1619 = EDGE_CURVE('',#1620,#1610,#1622,.T.);
#1620 = VERTEX_POINT('',#1621);
#1621 = CARTESIAN_POINT('',(6.521721287218,8.397469478254,
    11.401312859993));
#1622 = B_SPLINE_CURVE_WITH_KNOTS('',4,(#1623,#1624,#1625,#1626,#1627),
  .UNSPECIFIED.,.F.,.F.,(5,5),(0.,1.),.PIECEWISE_BEZIER_KNOTS.);
#1623 = CARTESIAN_POINT('',(6.521721287218,8.397469478254,
    11.401312859993));
#1624 = CARTESIAN_POINT('',(6.522435728126,8.247483323346,
    10.666274023949));
#1625 = CARTESIAN_POINT('',(6.523150168929,8.097497105599,9.931235185876
    ));
#1626 = CARTESIAN_POINT('',(6.523864609627,7.947510825103,9.196196345767
    ));
#1627 = CARTESIAN_POINT('',(6.52457905022,7.797524481953,8.461157503625)
  );
#1628 = ORIENTED_EDGE('',*,*,#1629,.T.);
#1629 = EDGE_CURVE('',#1620,#1630,#1632,.T.);
#1630 = VERTEX_POINT('',#1631);
#1631 = CARTESIAN_POINT('',(4.699695424782,8.604813002096,
    11.357118077482));
#1632 = B_SPLINE_CURVE_WITH_KNOTS('',4,(#1633,#1634,#1635,#1636,#1637,
    #1638,#1639,#1640),.UNSPECIFIED.,.F.,.F.,(5,3,5),(0.,0.369462868694,
    1.),.UNSPECIFIED.);
#1633 = CARTESIAN_POINT('',(6.521721287218,8.397469478254,
    11.401312859993));
#1634 = CARTESIAN_POINT('',(6.352872007131,8.411486583741,
    11.398280796758));
#1635 = CARTESIAN_POINT('',(6.184132993776,8.426771581586,
    11.394989410926));
#1636 = CARTESIAN_POINT('',(6.015519077189,8.443322184657,
    11.391439184877));
#1637 = CARTESIAN_POINT('',(5.559522071633,8.491539818892,
    11.381130360121));
#1638 = CARTESIAN_POINT('',(5.272406701695,8.525624413224,
    11.373877351927));
#1639 = CARTESIAN_POINT('',(4.985772776906,8.563382720931,
    11.365873114726));
#1640 = CARTESIAN_POINT('',(4.699695424782,8.604813002096,
    11.357118077482));
#1641 = ORIENTED_EDGE('',*,*,#1642,.T.);
#1642 = EDGE_CURVE('',#1630,#1643,#1645,.T.);
#1643 = VERTEX_POINT('',#1644);
#1644 = CARTESIAN_POINT('',(4.706362911855,7.20580238354,4.498346803878)
  );
#1645 = B_SPLINE_CURVE_WITH_KNOTS('',4,(#1646,#1647,#1648,#1649,#1650),
  .UNSPECIFIED.,.F.,.F.,(5,5),(0.,1.),.PIECEWISE_BEZIER_KNOTS.);
#1646 = CARTESIAN_POINT('',(4.699695424782,8.604813002096,
    11.357118077482));
#1647 = CARTESIAN_POINT('',(4.701362298414,8.255061430858,9.642425254822
    ));
#1648 = CARTESIAN_POINT('',(4.703029170802,7.905309136607,7.927732435038
    ));
#1649 = CARTESIAN_POINT('',(4.704696041949,7.555556120461,6.213039618072
    ));
#1650 = CARTESIAN_POINT('',(4.706362911855,7.20580238354,4.498346803878)
  );
#1651 = ORIENTED_EDGE('',*,*,#1652,.F.);
#1652 = EDGE_CURVE('',#1653,#1643,#1655,.T.);
#1653 = VERTEX_POINT('',#1654);
#1654 = CARTESIAN_POINT('',(6.52838774965,6.997942894795,4.542647159501)
  );
#1655 = B_SPLINE_CURVE_WITH_KNOTS('',4,(#1656,#1657,#1658,#1659,#1660,
    #1661,#1662,#1663),.UNSPECIFIED.,.F.,.F.,(5,3,5),(0.,0.334440900862,
    1.),.UNSPECIFIED.);
#1656 = CARTESIAN_POINT('',(6.52838774965,6.997942894795,4.542647159501)
  );
#1657 = CARTESIAN_POINT('',(6.375540480782,7.010653282661,4.539898008299
    ));
#1658 = CARTESIAN_POINT('',(6.222784141387,7.024407206597,4.536935422362
    ));
#1659 = CARTESIAN_POINT('',(6.070129837006,7.039202992809,4.533759754956
    ));
#1660 = CARTESIAN_POINT('',(5.61402191721,7.086555095059,4.523627923242)
  );
#1661 = CARTESIAN_POINT('',(5.310903354596,7.122192241217,4.516041700526
    ));
#1662 = CARTESIAN_POINT('',(5.008320558859,7.161941691912,4.507614559265
    ));
#1663 = CARTESIAN_POINT('',(4.706362911855,7.20580238354,4.498346803878)
  );
#1664 = ORIENTED_EDGE('',*,*,#1665,.F.);
#1665 = EDGE_CURVE('',#1666,#1653,#1668,.T.);
#1666 = VERTEX_POINT('',#1667);
#1667 = CARTESIAN_POINT('',(6.525797680403,7.541690823351,7.207392511707
    ));
#1668 = B_SPLINE_CURVE_WITH_KNOTS('',4,(#1669,#1670,#1671,#1672,#1673),
  .UNSPECIFIED.,.F.,.F.,(5,5),(0.,1.),.PIECEWISE_BEZIER_KNOTS.);
#1669 = CARTESIAN_POINT('',(6.525797680403,7.541690823351,7.207392511707
    ));
#1670 = CARTESIAN_POINT('',(6.526445197844,7.405753918246,6.541206176168
    ));
#1671 = CARTESIAN_POINT('',(6.527092715198,7.269816961739,5.875019838957
    ));
#1672 = CARTESIAN_POINT('',(6.527740232467,7.133879953899,5.208833500068
    ));
#1673 = CARTESIAN_POINT('',(6.52838774965,6.997942894795,4.542647159501)
  );
#1674 = ORIENTED_EDGE('',*,*,#1675,.T.);
#1675 = EDGE_CURVE('',#1666,#1676,#1678,.T.);
#1676 = VERTEX_POINT('',#1677);
#1677 = CARTESIAN_POINT('',(7.337767302896,6.941674791766,4.554946368652
    ));
#1678 = B_SPLINE_CURVE_WITH_KNOTS('',4,(#1679,#1680,#1681,#1682,#1683),
  .UNSPECIFIED.,.F.,.F.,(5,5),(0.,1.),.PIECEWISE_BEZIER_KNOTS.);
#1679 = CARTESIAN_POINT('',(6.525797680403,7.541690823351,7.207392511707
    ));
#1680 = CARTESIAN_POINT('',(6.728767107507,7.388952174439,6.544900407648
    ));
#1681 = CARTESIAN_POINT('',(6.93175341112,7.238034313408,5.881990489813)
  );
#1682 = CARTESIAN_POINT('',(7.134754251496,7.088939714636,5.218670253943
    ));
#1683 = CARTESIAN_POINT('',(7.337767302896,6.941674791766,4.554946368652
    ));
#1684 = ORIENTED_EDGE('',*,*,#1685,.F.);
#1685 = EDGE_CURVE('',#1573,#1676,#1686,.T.);
#1686 = B_SPLINE_CURVE_WITH_KNOTS('',5,(#1687,#1688,#1689,#1690,#1691,
    #1692),.UNSPECIFIED.,.F.,.F.,(6,6),(0.,1.),
  .PIECEWISE_BEZIER_KNOTS.);
#1687 = CARTESIAN_POINT('',(9.047563349344,6.895356540008,4.566084004775
    ));
#1688 = CARTESIAN_POINT('',(8.705421967604,6.894739233875,4.565878091582
    ));
#1689 = CARTESIAN_POINT('',(8.36327245643,6.899090455179,4.56465553575)
  );
#1690 = CARTESIAN_POINT('',(8.021214953839,6.908380797282,4.562422451551
    ));
#1691 = CARTESIAN_POINT('',(7.679347801392,6.922581977355,4.559184721565
    ));
#1692 = CARTESIAN_POINT('',(7.337767302896,6.941674791766,4.554946368652
    ));
#1693 = B_SPLINE_SURFACE_WITH_KNOTS('',3,1,(
    (#1694,#1695)
    ,(#1696,#1697)
    ,(#1698,#1699)
    ,(#1700,#1701)
    ,(#1702,#1703)
    ,(#1704,#1705
  )),.UNSPECIFIED.,.F.,.F.,.F.,(4,2,4),(2,2),(0.,0.5,1.),(0.,1.),
  .UNSPECIFIED.);
#1694 = CARTESIAN_POINT('',(2.65,9.665631775897,14.671856079669));
#1695 = CARTESIAN_POINT('',(2.65,6.719683099286,0.199435538532));
#1696 = CARTESIAN_POINT('',(4.715840735069,9.229687380834,
    14.821963772748));
#1697 = CARTESIAN_POINT('',(4.712932297444,6.245984400662,0.185376489368
    ));
#1698 = CARTESIAN_POINT('',(6.857611548556,9.003768772977,
    14.899753787789));
#1699 = CARTESIAN_POINT('',(6.856120734908,6.,0.178075842791));
#1700 = CARTESIAN_POINT('',(11.142388451444,9.003768772977,
    14.899753787789));
#1701 = CARTESIAN_POINT('',(11.143879265092,6.,0.178075842791));
#1702 = CARTESIAN_POINT('',(13.284159264931,9.229687380834,
    14.821963772748));
#1703 = CARTESIAN_POINT('',(13.287067702556,6.245984400662,
    0.185376489368));
#1704 = CARTESIAN_POINT('',(15.35,9.665631775897,14.671856079669));
#1705 = CARTESIAN_POINT('',(15.35,6.719683099286,0.199435538532));
#1706 = ADVANCED_FACE('',(#1707),#1713,.T.);
#1707 = FACE_BOUND('',#1708,.T.);
#1708 = EDGE_LOOP('',(#1709,#1710,#1711,#1712));
#1709 = ORIENTED_EDGE('',*,*,#687,.T.);
#1710 = ORIENTED_EDGE('',*,*,#645,.F.);
#1711 = ORIENTED_EDGE('',*,*,#608,.T.);
#1712 = ORIENTED_EDGE('',*,*,#950,.F.);
#1713 = ( BOUNDED_SURFACE() B_SPLINE_SURFACE(3,2,(
    (#1714,#1715,#1716)
    ,(#1717,#1718,#1719)
    ,(#1720,#1721,#1722)
    ,(#1723,#1724,#1725)
    ,(#1726,#1727,#1728)
    ,(#1729,#1730,#1731)
    ,(#1732,#1733,#1734)
    ,(#1735,#1736,#1737
)),.UNSPECIFIED.,.F.,.F.,.F.) B_SPLINE_SURFACE_WITH_KNOTS((4,2,2,4),(3,3
    ),(0.,6.608957094963E-04,9.913435642445E-04,1.321791418993E-03),(0.,
1.),.UNSPECIFIED.) GEOMETRIC_REPRESENTATION_ITEM() 
RATIONAL_B_SPLINE_SURFACE((
    (1.,0.760042019982,1.)
    ,(1.,0.785969818517,1.)
    ,(1.,0.804197480852,1.)
    ,(1.,0.811429644554,1.)
    ,(1.,0.810454040245,1.)
    ,(1.,0.80151467497,1.)
    ,(1.,0.793590861352,1.)
,(1.,0.782468957559,1.))) REPRESENTATION_ITEM('') SURFACE() );
#1714 = CARTESIAN_POINT('',(15.381210461113,6.823567497148,1.10958363472
    ));
#1715 = CARTESIAN_POINT('',(15.350062006057,6.901593959945,
    1.093685523331));
#1716 = CARTESIAN_POINT('',(15.266560664795,6.883544120088,
    1.097268034068));
#1717 = CARTESIAN_POINT('',(15.378559892379,6.782244866195,
    0.869133716393));
#1718 = CARTESIAN_POINT('',(15.34379033574,6.853787708096,0.86575719962)
  );
#1719 = CARTESIAN_POINT('',(15.266784233476,6.839443047575,0.8803825511)
  );
#1720 = CARTESIAN_POINT('',(15.289912700069,6.719393879712,
    0.630963261068));
#1721 = CARTESIAN_POINT('',(15.256306205974,6.785373080605,
    0.629146455165));
#1722 = CARTESIAN_POINT('',(15.189426482895,6.778141831207,
    0.666172013485));
#1723 = CARTESIAN_POINT('',(15.043156023201,6.615626167303,
    0.374475446332));
#1724 = CARTESIAN_POINT('',(15.014961783443,6.681822157946,0.37930611975
    ));
#1725 = CARTESIAN_POINT('',(14.969341150587,6.68359196099,0.435792175923
    ));
#1726 = CARTESIAN_POINT('',(14.94350759144,6.580071633235,0.306649569429
    ));
#1727 = CARTESIAN_POINT('',(14.917304601276,6.647290643341,
    0.312544094007));
#1728 = CARTESIAN_POINT('',(14.88003801907,6.652186496557,0.374942986504
    ));
#1729 = CARTESIAN_POINT('',(14.724993725171,6.51310624119,0.215708442162
    ));
#1730 = CARTESIAN_POINT('',(14.704409068864,6.584601878094,0.22184132717
    ));
#1731 = CARTESIAN_POINT('',(14.683402204541,6.594950897954,
    0.293431830144));
#1732 = CARTESIAN_POINT('',(14.606395653378,6.48172698773,0.192373166014
    ));
#1733 = CARTESIAN_POINT('',(14.58752434189,6.556024524916,0.197395466353
    ));
#1734 = CARTESIAN_POINT('',(14.576313329944,6.569136473786,
    0.272567934904));
#1735 = CARTESIAN_POINT('',(14.485438570778,6.454354486236,
    0.191560769134));
#1736 = CARTESIAN_POINT('',(14.470119887754,6.532411923535,0.19387745979
    ));
#1737 = CARTESIAN_POINT('',(14.46668060844,6.547636443815,0.271911926297
    ));
#1738 = ADVANCED_FACE('',(#1739),#1745,.T.);
#1739 = FACE_BOUND('',#1740,.T.);
#1740 = EDGE_LOOP('',(#1741,#1742,#1743,#1744));
#1741 = ORIENTED_EDGE('',*,*,#768,.T.);
#1742 = ORIENTED_EDGE('',*,*,#728,.F.);
#1743 = ORIENTED_EDGE('',*,*,#675,.F.);
#1744 = ORIENTED_EDGE('',*,*,#976,.F.);
#1745 = ( BOUNDED_SURFACE() B_SPLINE_SURFACE(3,2,(
    (#1746,#1747,#1748)
    ,(#1749,#1750,#1751)
    ,(#1752,#1753,#1754)
    ,(#1755,#1756,#1757)
    ,(#1758,#1759,#1760)
    ,(#1761,#1762,#1763)
    ,(#1764,#1765,#1766)
    ,(#1767,#1768,#1769)
    ,(#1770,#1771,#1772)
    ,(#1773,#1774,#1775
)),.UNSPECIFIED.,.F.,.F.,.F.) B_SPLINE_SURFACE_WITH_KNOTS((4,2,2,2,4),(3
    ,3),(-0.,3.404432121299E-04,6.808864242597E-04,1.02132963639E-03,
    1.361772848519E-03),(0.,1.),.UNSPECIFIED.) 
GEOMETRIC_REPRESENTATION_ITEM() RATIONAL_B_SPLINE_SURFACE((
    (1.,0.751021282072,1.)
    ,(1.,0.757875451639,1.)
    ,(1.,0.76230743909,1.)
    ,(1.,0.766110322718,1.)
    ,(1.,0.765461426873,1.)
    ,(1.,0.759754545094,1.)
    ,(1.,0.754657528025,1.)
    ,(1.,0.741312739599,1.)
    ,(1.,0.732935652275,1.)
,(1.,0.723526150729,1.))) REPRESENTATION_ITEM('') SURFACE() );
#1746 = CARTESIAN_POINT('',(14.438111771618,9.403128248036,
    14.762243292897));
#1747 = CARTESIAN_POINT('',(14.421786059992,9.484809951654,
    14.734118026841));
#1748 = CARTESIAN_POINT('',(14.419695292513,9.466883198651,
    14.648073152648));
#1749 = CARTESIAN_POINT('',(14.562182513584,9.427297234216,
    14.75392124357));
#1750 = CARTESIAN_POINT('',(14.543336527838,9.506171473047,
    14.724848087765));
#1751 = CARTESIAN_POINT('',(14.531336706315,9.486830220403,
    14.64119646145));
#1752 = CARTESIAN_POINT('',(14.685838338134,9.446621767752,
    14.721396580811));
#1753 = CARTESIAN_POINT('',(14.665720587753,9.523780205815,
    14.692177167266));
#1754 = CARTESIAN_POINT('',(14.642411319441,9.502927530232,
    14.612424040825));
#1755 = CARTESIAN_POINT('',(14.91371451072,9.47205142072,14.61151599994)
  );
#1756 = CARTESIAN_POINT('',(14.88958203865,9.547376393211,
    14.583445810767));
#1757 = CARTESIAN_POINT('',(14.846795373737,9.524450511727,
    14.514176769609));
#1758 = CARTESIAN_POINT('',(15.017422721093,9.478074164369,
    14.534360926288));
#1759 = CARTESIAN_POINT('',(14.992001236113,9.553479577738,
    14.507144716094));
#1760 = CARTESIAN_POINT('',(14.939645150262,9.529803552223,
    14.444878744494));
#1761 = CARTESIAN_POINT('',(15.189033704648,9.475413820862,
    14.348436789037));
#1762 = CARTESIAN_POINT('',(15.161261315177,9.55271493368,
    14.324355782766));
#1763 = CARTESIAN_POINT('',(15.092970679219,9.528417535551,
    14.277422634804));
#1764 = CARTESIAN_POINT('',(15.257670088812,9.466635295096,
    14.238581941845));
#1765 = CARTESIAN_POINT('',(15.229519647444,9.545677947691,
    14.215633948395));
#1766 = CARTESIAN_POINT('',(15.154099290308,9.521600477008,
    14.178286000731));
#1767 = CARTESIAN_POINT('',(15.349566149912,9.435582970443,
    14.005819481559));
#1768 = CARTESIAN_POINT('',(15.322209791668,9.519487483392,
    13.985565633929));
#1769 = CARTESIAN_POINT('',(15.235498232855,9.496684537012,
    13.967907389798));
#1770 = CARTESIAN_POINT('',(15.373940747244,9.413003224146,
    13.880458585618));
#1771 = CARTESIAN_POINT('',(15.347460709189,9.499761433553,
    13.860572623777));
#1772 = CARTESIAN_POINT('',(15.25675898554,9.478339972584,
    13.854450361491));
#1773 = CARTESIAN_POINT('',(15.374719701651,9.38508998655,
    13.756448254242));
#1774 = CARTESIAN_POINT('',(15.350042613279,9.475397920814,
    13.738061393199));
#1775 = CARTESIAN_POINT('',(15.256824330753,9.455474787358,
    13.742058754439));
#1776 = ADVANCED_FACE('',(#1777),#1783,.T.);
#1777 = FACE_BOUND('',#1778,.T.);
#1778 = EDGE_LOOP('',(#1779,#1780,#1781,#1782));
#1779 = ORIENTED_EDGE('',*,*,#849,.F.);
#1780 = ORIENTED_EDGE('',*,*,#819,.F.);
#1781 = ORIENTED_EDGE('',*,*,#756,.F.);
#1782 = ORIENTED_EDGE('',*,*,#964,.F.);
#1783 = ( BOUNDED_SURFACE() B_SPLINE_SURFACE(3,2,(
    (#1784,#1785,#1786)
    ,(#1787,#1788,#1789)
    ,(#1790,#1791,#1792)
    ,(#1793,#1794,#1795)
    ,(#1796,#1797,#1798)
    ,(#1799,#1800,#1801
)),.UNSPECIFIED.,.F.,.F.,.F.) B_SPLINE_SURFACE_WITH_KNOTS((4,2,4),(3,3),
  (0.,6.808953109559E-04,1.361790621912E-03),(0.,1.),.UNSPECIFIED.) 
GEOMETRIC_REPRESENTATION_ITEM() RATIONAL_B_SPLINE_SURFACE((
    (1.,0.723526150729,1.)
    ,(1.,0.742232144906,1.)
    ,(1.,0.756853063432,1.)
    ,(1.,0.768325664935,1.)
    ,(1.,0.765013069542,1.)
,(1.,0.751021282072,1.))) REPRESENTATION_ITEM('') SURFACE() );
#1784 = CARTESIAN_POINT('',(2.625280298349,9.38508998655,13.75644825424)
  );
#1785 = CARTESIAN_POINT('',(2.649957386721,9.475397920814,
    13.738061393198));
#1786 = CARTESIAN_POINT('',(2.743175669247,9.455474787358,
    13.742058754437));
#1787 = CARTESIAN_POINT('',(2.626828602767,9.440572290167,14.00293986074
    ));
#1788 = CARTESIAN_POINT('',(2.655025337334,9.523220236441,
    13.978534566947));
#1789 = CARTESIAN_POINT('',(2.743305571609,9.500923482388,
    13.965457438735));
#1790 = CARTESIAN_POINT('',(2.724439380964,9.47400696602,14.254391247222
    ));
#1791 = CARTESIAN_POINT('',(2.752428330723,9.552268395765,
    14.230851315762));
#1792 = CARTESIAN_POINT('',(2.829723673684,9.527665538482,
    14.192717070881));
#1793 = CARTESIAN_POINT('',(3.067986593442,9.479463481359,
    14.627194675182));
#1794 = CARTESIAN_POINT('',(3.091291177475,9.553911455313,14.59738466524
    ));
#1795 = CARTESIAN_POINT('',(3.136661984651,9.530546350409,14.5284928787)
  );
#1796 = CARTESIAN_POINT('',(3.310747137119,9.452050540804,
    14.745397996592));
#1797 = CARTESIAN_POINT('',(3.334588636368,9.527625151849,
    14.715538181658));
#1798 = CARTESIAN_POINT('',(3.354329960133,9.507258213183,
    14.634153980271));
#1799 = CARTESIAN_POINT('',(3.561888228381,9.403128248036,
    14.762243292897));
#1800 = CARTESIAN_POINT('',(3.578213940006,9.484809951654,
    14.734118026841));
#1801 = CARTESIAN_POINT('',(3.580304707485,9.466883198651,
    14.648073152648));
#1802 = ADVANCED_FACE('',(#1803),#1828,.T.);
#1803 = FACE_BOUND('',#1804,.T.);
#1804 = EDGE_LOOP('',(#1805,#1806,#1814,#1822));
#1805 = ORIENTED_EDGE('',*,*,#989,.F.);
#1806 = ORIENTED_EDGE('',*,*,#1807,.T.);
#1807 = EDGE_CURVE('',#990,#1808,#1810,.T.);
#1808 = VERTEX_POINT('',#1809);
#1809 = CARTESIAN_POINT('',(13.263696449031,6.815675120423,7.19811989613
    ));
#1810 = LINE('',#1811,#1812);
#1811 = CARTESIAN_POINT('',(13.265642009158,7.795375209808,6.99766054949
    ));
#1812 = VECTOR('',#1813,1.);
#1813 = DIRECTION('',(-1.945560127085E-03,-0.979700089385,0.20045934664)
  );
#1814 = ORIENTED_EDGE('',*,*,#1815,.T.);
#1815 = EDGE_CURVE('',#1808,#1816,#1818,.T.);
#1816 = VERTEX_POINT('',#1817);
#1817 = CARTESIAN_POINT('',(12.70049413099,6.912788547894,7.667273822733
    ));
#1818 = B_SPLINE_CURVE_WITH_KNOTS('',2,(#1819,#1820,#1821),
  .UNSPECIFIED.,.F.,.F.,(3,3),(0.,1.),.PIECEWISE_BEZIER_KNOTS.);
#1819 = CARTESIAN_POINT('',(13.263696449031,6.815675120423,7.19811989613
    ));
#1820 = CARTESIAN_POINT('',(13.103280441557,6.86859413596,7.45519279459)
  );
#1821 = CARTESIAN_POINT('',(12.70049413099,6.912788547894,7.667273822733
    ));
#1822 = ORIENTED_EDGE('',*,*,#1823,.F.);
#1823 = EDGE_CURVE('',#992,#1816,#1824,.T.);
#1824 = LINE('',#1825,#1826);
#1825 = CARTESIAN_POINT('',(12.702439691117,7.892488637279,
    7.466814476093));
#1826 = VECTOR('',#1827,1.);
#1827 = DIRECTION('',(-1.945560127085E-03,-0.979700089385,0.20045934664)
  );
#1828 = SURFACE_OF_LINEAR_EXTRUSION('',#1829,#1833);
#1829 = B_SPLINE_CURVE_WITH_KNOTS('',2,(#1830,#1831,#1832),
  .UNSPECIFIED.,.F.,.F.,(3,3),(0.,1.),.PIECEWISE_BEZIER_KNOTS.);
#1830 = CARTESIAN_POINT('',(13.265642009158,7.795375209808,6.99766054949
    ));
#1831 = CARTESIAN_POINT('',(13.105226001685,7.848294225345,7.25473344795
    ));
#1832 = CARTESIAN_POINT('',(12.702439691117,7.892488637279,
    7.466814476093));
#1833 = VECTOR('',#1834,1.);
#1834 = DIRECTION('',(1.945560127085E-03,0.979700089385,-0.20045934664)
  );
#1835 = ADVANCED_FACE('',(#1836),#1854,.T.);
#1836 = FACE_BOUND('',#1837,.T.);
#1837 = EDGE_LOOP('',(#1838,#1839,#1847,#1853));
#1838 = ORIENTED_EDGE('',*,*,#1553,.F.);
#1839 = ORIENTED_EDGE('',*,*,#1840,.T.);
#1840 = EDGE_CURVE('',#1531,#1841,#1843,.T.);
#1841 = VERTEX_POINT('',#1842);
#1842 = CARTESIAN_POINT('',(13.42467415399,6.64439327233,6.362580656428)
  );
#1843 = LINE('',#1844,#1845);
#1844 = CARTESIAN_POINT('',(13.426619714117,7.624093361715,
    6.162121309788));
#1845 = VECTOR('',#1846,1.);
#1846 = DIRECTION('',(-1.945560127085E-03,-0.979700089385,0.20045934664)
  );
#1847 = ORIENTED_EDGE('',*,*,#1848,.T.);
#1848 = EDGE_CURVE('',#1841,#1808,#1849,.T.);
#1849 = B_SPLINE_CURVE_WITH_KNOTS('',2,(#1850,#1851,#1852),
  .UNSPECIFIED.,.F.,.F.,(3,3),(0.,1.),.PIECEWISE_BEZIER_KNOTS.);
#1850 = CARTESIAN_POINT('',(13.42467415399,6.64439327233,6.362580656428)
  );
#1851 = CARTESIAN_POINT('',(13.424112456504,6.762756104886,6.94104699767
    ));
#1852 = CARTESIAN_POINT('',(13.263696449031,6.815675120423,7.19811989613
    ));
#1853 = ORIENTED_EDGE('',*,*,#1807,.F.);
#1854 = SURFACE_OF_LINEAR_EXTRUSION('',#1855,#1859);
#1855 = B_SPLINE_CURVE_WITH_KNOTS('',2,(#1856,#1857,#1858),
  .UNSPECIFIED.,.F.,.F.,(3,3),(0.,1.),.PIECEWISE_BEZIER_KNOTS.);
#1856 = CARTESIAN_POINT('',(13.426619714117,7.624093361715,
    6.162121309788));
#1857 = CARTESIAN_POINT('',(13.426058016631,7.742456194271,
    6.740587651031));
#1858 = CARTESIAN_POINT('',(13.265642009158,7.795375209808,6.99766054949
    ));
#1859 = VECTOR('',#1860,1.);
#1860 = DIRECTION('',(1.945560127085E-03,0.979700089385,-0.20045934664)
  );
#1861 = ADVANCED_FACE('',(#1862),#1880,.T.);
#1862 = FACE_BOUND('',#1863,.T.);
#1863 = EDGE_LOOP('',(#1864,#1865,#1873,#1879));
#1864 = ORIENTED_EDGE('',*,*,#1530,.F.);
#1865 = ORIENTED_EDGE('',*,*,#1866,.T.);
#1866 = EDGE_CURVE('',#1504,#1867,#1869,.T.);
#1867 = VERTEX_POINT('',#1868);
#1868 = CARTESIAN_POINT('',(12.980102487946,6.371986404264,
    5.026938400834));
#1869 = LINE('',#1870,#1871);
#1870 = CARTESIAN_POINT('',(12.982048048073,7.351686493649,
    4.826479054195));
#1871 = VECTOR('',#1872,1.);
#1872 = DIRECTION('',(-1.945560127085E-03,-0.979700089385,0.20045934664)
  );
#1873 = ORIENTED_EDGE('',*,*,#1874,.T.);
#1874 = EDGE_CURVE('',#1867,#1841,#1875,.T.);
#1875 = B_SPLINE_CURVE_WITH_KNOTS('',2,(#1876,#1877,#1878),
  .UNSPECIFIED.,.F.,.F.,(3,3),(0.,1.),.PIECEWISE_BEZIER_KNOTS.);
#1876 = CARTESIAN_POINT('',(12.980102487946,6.371986404264,
    5.026938400834));
#1877 = CARTESIAN_POINT('',(13.425504071635,6.46951016245,5.507886741679
    ));
#1878 = CARTESIAN_POINT('',(13.42467415399,6.64439327233,6.362580656428)
  );
#1879 = ORIENTED_EDGE('',*,*,#1840,.F.);
#1880 = SURFACE_OF_LINEAR_EXTRUSION('',#1881,#1885);
#1881 = B_SPLINE_CURVE_WITH_KNOTS('',2,(#1882,#1883,#1884),
  .UNSPECIFIED.,.F.,.F.,(3,3),(0.,1.),.PIECEWISE_BEZIER_KNOTS.);
#1882 = CARTESIAN_POINT('',(12.982048048073,7.351686493649,
    4.826479054195));
#1883 = CARTESIAN_POINT('',(13.427449631762,7.449210251834,
    5.307427395039));
#1884 = CARTESIAN_POINT('',(13.426619714117,7.624093361715,
    6.162121309788));
#1885 = VECTOR('',#1886,1.);
#1886 = DIRECTION('',(1.945560127085E-03,0.979700089385,-0.20045934664)
  );
#1887 = ADVANCED_FACE('',(#1888),#1906,.T.);
#1888 = FACE_BOUND('',#1889,.T.);
#1889 = EDGE_LOOP('',(#1890,#1891,#1899,#1905));
#1890 = ORIENTED_EDGE('',*,*,#1503,.F.);
#1891 = ORIENTED_EDGE('',*,*,#1892,.T.);
#1892 = EDGE_CURVE('',#1482,#1893,#1895,.T.);
#1893 = VERTEX_POINT('',#1894);
#1894 = CARTESIAN_POINT('',(11.28367343975,6.276550776041,4.544053467612
    ));
#1895 = LINE('',#1896,#1897);
#1896 = CARTESIAN_POINT('',(11.285618999878,7.256250865425,
    4.343594120973));
#1897 = VECTOR('',#1898,1.);
#1898 = DIRECTION('',(-1.945560127085E-03,-0.979700089385,0.20045934664)
  );
#1899 = ORIENTED_EDGE('',*,*,#1900,.T.);
#1900 = EDGE_CURVE('',#1893,#1867,#1901,.T.);
#1901 = B_SPLINE_CURVE_WITH_KNOTS('',2,(#1902,#1903,#1904),
  .UNSPECIFIED.,.F.,.F.,(3,3),(0.,1.),.PIECEWISE_BEZIER_KNOTS.);
#1902 = CARTESIAN_POINT('',(11.28367343975,6.276550776041,4.544053467612
    ));
#1903 = CARTESIAN_POINT('',(12.534701178792,6.274404795232,
    4.545707329618));
#1904 = CARTESIAN_POINT('',(12.980102487946,6.371986404264,
    5.026938400834));
#1905 = ORIENTED_EDGE('',*,*,#1866,.F.);
#1906 = SURFACE_OF_LINEAR_EXTRUSION('',#1907,#1911);
#1907 = B_SPLINE_CURVE_WITH_KNOTS('',2,(#1908,#1909,#1910),
  .UNSPECIFIED.,.F.,.F.,(3,3),(0.,1.),.PIECEWISE_BEZIER_KNOTS.);
#1908 = CARTESIAN_POINT('',(11.285618999878,7.256250865425,
    4.343594120973));
#1909 = CARTESIAN_POINT('',(12.536646738919,7.254104884617,
    4.345247982978));
#1910 = CARTESIAN_POINT('',(12.982048048073,7.351686493649,
    4.826479054195));
#1911 = VECTOR('',#1912,1.);
#1912 = DIRECTION('',(1.945560127085E-03,0.979700089385,-0.20045934664)
  );
#1913 = ADVANCED_FACE('',(#1914),#1932,.T.);
#1914 = FACE_BOUND('',#1915,.T.);
#1915 = EDGE_LOOP('',(#1916,#1917,#1925,#1931));
#1916 = ORIENTED_EDGE('',*,*,#1481,.F.);
#1917 = ORIENTED_EDGE('',*,*,#1918,.T.);
#1918 = EDGE_CURVE('',#1459,#1919,#1921,.T.);
#1919 = VERTEX_POINT('',#1920);
#1920 = CARTESIAN_POINT('',(9.824524045842,6.350383276833,4.890731464478
    ));
#1921 = LINE('',#1922,#1923);
#1922 = CARTESIAN_POINT('',(9.826469605969,7.330083366218,4.690272117838
    ));
#1923 = VECTOR('',#1924,1.);
#1924 = DIRECTION('',(-1.945560127085E-03,-0.979700089385,0.20045934664)
  );
#1925 = ORIENTED_EDGE('',*,*,#1926,.T.);
#1926 = EDGE_CURVE('',#1919,#1893,#1927,.T.);
#1927 = B_SPLINE_CURVE_WITH_KNOTS('',2,(#1928,#1929,#1930),
  .UNSPECIFIED.,.F.,.F.,(3,3),(0.,1.),.PIECEWISE_BEZIER_KNOTS.);
#1928 = CARTESIAN_POINT('',(9.824524045842,6.350383276833,4.890731464478
    ));
#1929 = CARTESIAN_POINT('',(10.283717011658,6.27826607558,4.542731522549
    ));
#1930 = CARTESIAN_POINT('',(11.28367343975,6.276550776041,4.544053467612
    ));
#1931 = ORIENTED_EDGE('',*,*,#1892,.F.);
#1932 = SURFACE_OF_LINEAR_EXTRUSION('',#1933,#1937);
#1933 = B_SPLINE_CURVE_WITH_KNOTS('',2,(#1934,#1935,#1936),
  .UNSPECIFIED.,.F.,.F.,(3,3),(0.,1.),.PIECEWISE_BEZIER_KNOTS.);
#1934 = CARTESIAN_POINT('',(9.826469605969,7.330083366218,4.690272117838
    ));
#1935 = CARTESIAN_POINT('',(10.285662571786,7.257966164964,
    4.342272175909));
#1936 = CARTESIAN_POINT('',(11.285618999878,7.256250865425,
    4.343594120973));
#1937 = VECTOR('',#1938,1.);
#1938 = DIRECTION('',(1.945560127085E-03,0.979700089385,-0.20045934664)
  );
#1939 = ADVANCED_FACE('',(#1940),#1958,.T.);
#1940 = FACE_BOUND('',#1941,.T.);
#1941 = EDGE_LOOP('',(#1942,#1943,#1951,#1957));
#1942 = ORIENTED_EDGE('',*,*,#1458,.F.);
#1943 = ORIENTED_EDGE('',*,*,#1944,.T.);
#1944 = EDGE_CURVE('',#1452,#1945,#1947,.T.);
#1945 = VERTEX_POINT('',#1946);
#1946 = CARTESIAN_POINT('',(9.364367464103,6.62555695036,6.23111501235)
  );
#1947 = LINE('',#1948,#1949);
#1948 = CARTESIAN_POINT('',(9.36631302423,7.605257039745,6.030655665711)
  );
#1949 = VECTOR('',#1950,1.);
#1950 = DIRECTION('',(-1.945560127085E-03,-0.979700089385,0.20045934664)
  );
#1951 = ORIENTED_EDGE('',*,*,#1952,.T.);
#1952 = EDGE_CURVE('',#1945,#1919,#1953,.T.);
#1953 = B_SPLINE_CURVE_WITH_KNOTS('',2,(#1954,#1955,#1956),
  .UNSPECIFIED.,.F.,.F.,(3,3),(0.,1.),.PIECEWISE_BEZIER_KNOTS.);
#1954 = CARTESIAN_POINT('',(9.364367464103,6.62555695036,6.23111501235)
  );
#1955 = CARTESIAN_POINT('',(9.365331080025,6.422500478087,5.238731406406
    ));
#1956 = CARTESIAN_POINT('',(9.824524045842,6.350383276833,4.890731464478
    ));
#1957 = ORIENTED_EDGE('',*,*,#1918,.F.);
#1958 = SURFACE_OF_LINEAR_EXTRUSION('',#1959,#1963);
#1959 = B_SPLINE_CURVE_WITH_KNOTS('',2,(#1960,#1961,#1962),
  .UNSPECIFIED.,.F.,.F.,(3,3),(0.,1.),.PIECEWISE_BEZIER_KNOTS.);
#1960 = CARTESIAN_POINT('',(9.36631302423,7.605257039745,6.030655665711)
  );
#1961 = CARTESIAN_POINT('',(9.367276640152,7.402200567472,5.038272059767
    ));
#1962 = CARTESIAN_POINT('',(9.826469605969,7.330083366218,4.690272117838
    ));
#1963 = VECTOR('',#1964,1.);
#1964 = DIRECTION('',(1.945560127085E-03,0.979700089385,-0.20045934664)
  );
#1965 = ADVANCED_FACE('',(#1966),#1984,.T.);
#1966 = FACE_BOUND('',#1967,.T.);
#1967 = EDGE_LOOP('',(#1968,#1969,#1977,#1983));
#1968 = ORIENTED_EDGE('',*,*,#1451,.F.);
#1969 = ORIENTED_EDGE('',*,*,#1970,.T.);
#1970 = EDGE_CURVE('',#1442,#1971,#1973,.T.);
#1971 = VERTEX_POINT('',#1972);
#1972 = CARTESIAN_POINT('',(9.36379423617,6.746349518482,6.82145602922)
  );
#1973 = LINE('',#1974,#1975);
#1974 = CARTESIAN_POINT('',(9.365739796297,7.726049607867,6.62099668258)
  );
#1975 = VECTOR('',#1976,1.);
#1976 = DIRECTION('',(-1.945560127085E-03,-0.979700089385,0.20045934664)
  );
#1977 = ORIENTED_EDGE('',*,*,#1978,.T.);
#1978 = EDGE_CURVE('',#1971,#1945,#1979,.T.);
#1979 = LINE('',#1980,#1981);
#1980 = CARTESIAN_POINT('',(9.36379423617,6.746349518482,6.82145602922)
  );
#1981 = VECTOR('',#1982,1.);
#1982 = DIRECTION('',(9.513010912701E-04,-0.200461448574,-0.979701129254
    ));
#1983 = ORIENTED_EDGE('',*,*,#1944,.F.);
#1984 = PLANE('',#1985);
#1985 = AXIS2_PLACEMENT_3D('',#1986,#1987,#1988);
#1986 = CARTESIAN_POINT('',(9.365739796297,7.726049607867,6.62099668258)
  );
#1987 = DIRECTION('',(0.999997654908,-1.715370258324E-03,
    1.321999565512E-03));
#1988 = DIRECTION('',(9.513010912701E-04,-0.200461448574,-0.979701129254
    ));
#1989 = ADVANCED_FACE('',(#1990),#2008,.T.);
#1990 = FACE_BOUND('',#1991,.T.);
#1991 = EDGE_LOOP('',(#1992,#1993,#2001,#2007));
#1992 = ORIENTED_EDGE('',*,*,#1441,.F.);
#1993 = ORIENTED_EDGE('',*,*,#1994,.T.);
#1994 = EDGE_CURVE('',#1430,#1995,#1997,.T.);
#1995 = VERTEX_POINT('',#1996);
#1996 = CARTESIAN_POINT('',(11.112635781404,6.743349600674,
    6.823768002404));
#1997 = LINE('',#1998,#1999);
#1998 = CARTESIAN_POINT('',(11.114581341531,7.723049690058,
    6.623308655765));
#1999 = VECTOR('',#2000,1.);
#2000 = DIRECTION('',(-1.945560127085E-03,-0.979700089385,0.20045934664)
  );
#2001 = ORIENTED_EDGE('',*,*,#2002,.T.);
#2002 = EDGE_CURVE('',#1995,#1971,#2003,.T.);
#2003 = LINE('',#2004,#2005);
#2004 = CARTESIAN_POINT('',(11.112635781404,6.743349600674,
    6.823768002404));
#2005 = VECTOR('',#2006,1.);
#2006 = DIRECTION('',(-0.999997654908,1.715370258324E-03,
    -1.321999565512E-03));
#2007 = ORIENTED_EDGE('',*,*,#1970,.F.);
#2008 = PLANE('',#2009);
#2009 = AXIS2_PLACEMENT_3D('',#2010,#2011,#2012);
#2010 = CARTESIAN_POINT('',(11.114581341531,7.723049690058,
    6.623308655765));
#2011 = DIRECTION('',(9.513010912701E-04,-0.200461448574,-0.979701129254
    ));
#2012 = DIRECTION('',(-0.999997654908,1.715370258324E-03,
    -1.321999565512E-03));
#2013 = ADVANCED_FACE('',(#2014),#2032,.T.);
#2014 = FACE_BOUND('',#2015,.T.);
#2015 = EDGE_LOOP('',(#2016,#2017,#2025,#2031));
#2016 = ORIENTED_EDGE('',*,*,#1429,.T.);
#2017 = ORIENTED_EDGE('',*,*,#2018,.T.);
#2018 = EDGE_CURVE('',#1413,#2019,#2021,.T.);
#2019 = VERTEX_POINT('',#2020);
#2020 = CARTESIAN_POINT('',(11.113197204356,6.625044618965,
    6.245584391534));
#2021 = LINE('',#2022,#2023);
#2022 = CARTESIAN_POINT('',(11.115142764483,7.604744708349,
    6.045125044894));
#2023 = VECTOR('',#2024,1.);
#2024 = DIRECTION('',(-1.945560127085E-03,-0.979700089385,0.20045934664)
  );
#2025 = ORIENTED_EDGE('',*,*,#2026,.T.);
#2026 = EDGE_CURVE('',#2019,#1995,#2027,.T.);
#2027 = LINE('',#2028,#2029);
#2028 = CARTESIAN_POINT('',(11.113197204356,6.625044618965,
    6.245584391534));
#2029 = VECTOR('',#2030,1.);
#2030 = DIRECTION('',(-9.513010912701E-04,0.200461448574,0.979701129254)
  );
#2031 = ORIENTED_EDGE('',*,*,#1994,.F.);
#2032 = PLANE('',#2033);
#2033 = AXIS2_PLACEMENT_3D('',#2034,#2035,#2036);
#2034 = CARTESIAN_POINT('',(11.115142764483,7.604744708349,
    6.045125044894));
#2035 = DIRECTION('',(-0.999997654908,1.715370258324E-03,
    -1.321999565512E-03));
#2036 = DIRECTION('',(-9.513010912701E-04,0.200461448574,0.979701129254)
  );
#2037 = ADVANCED_FACE('',(#2038),#2056,.T.);
#2038 = FACE_BOUND('',#2039,.T.);
#2039 = EDGE_LOOP('',(#2040,#2041,#2049,#2055));
#2040 = ORIENTED_EDGE('',*,*,#1412,.F.);
#2041 = ORIENTED_EDGE('',*,*,#2042,.T.);
#2042 = EDGE_CURVE('',#1398,#2043,#2045,.T.);
#2043 = VERTEX_POINT('',#2044);
#2044 = CARTESIAN_POINT('',(11.180662384297,6.516864388801,
    5.717532567703));
#2045 = LINE('',#2046,#2047);
#2046 = CARTESIAN_POINT('',(11.182607944424,7.496564478186,
    5.517073221064));
#2047 = VECTOR('',#2048,1.);
#2048 = DIRECTION('',(-1.945560127085E-03,-0.979700089385,0.20045934664)
  );
#2049 = ORIENTED_EDGE('',*,*,#2050,.T.);
#2050 = EDGE_CURVE('',#2043,#2019,#2051,.T.);
#2051 = B_SPLINE_CURVE_WITH_KNOTS('',2,(#2052,#2053,#2054),
  .UNSPECIFIED.,.F.,.F.,(3,3),(0.,1.),.PIECEWISE_BEZIER_KNOTS.);
#2052 = CARTESIAN_POINT('',(11.180662384297,6.516864388801,
    5.717532567703));
#2053 = CARTESIAN_POINT('',(11.113589788621,6.542317908039,
    5.841279959483));
#2054 = CARTESIAN_POINT('',(11.113197204356,6.625044618965,
    6.245584391534));
#2055 = ORIENTED_EDGE('',*,*,#2018,.F.);
#2056 = SURFACE_OF_LINEAR_EXTRUSION('',#2057,#2061);
#2057 = B_SPLINE_CURVE_WITH_KNOTS('',2,(#2058,#2059,#2060),
  .UNSPECIFIED.,.F.,.F.,(3,3),(0.,1.),.PIECEWISE_BEZIER_KNOTS.);
#2058 = CARTESIAN_POINT('',(11.182607944424,7.496564478186,
    5.517073221064));
#2059 = CARTESIAN_POINT('',(11.115535348748,7.522017997423,
    5.640820612843));
#2060 = CARTESIAN_POINT('',(11.115142764483,7.604744708349,
    6.045125044894));
#2061 = VECTOR('',#2062,1.);
#2062 = DIRECTION('',(1.945560127085E-03,0.979700089385,-0.20045934664)
  );
#2063 = ADVANCED_FACE('',(#2064),#2082,.T.);
#2064 = FACE_BOUND('',#2065,.T.);
#2065 = EDGE_LOOP('',(#2066,#2067,#2075,#2081));
#2066 = ORIENTED_EDGE('',*,*,#1397,.F.);
#2067 = ORIENTED_EDGE('',*,*,#2068,.T.);
#2068 = EDGE_CURVE('',#1383,#2069,#2071,.T.);
#2069 = VERTEX_POINT('',#2070);
#2070 = CARTESIAN_POINT('',(11.429834101874,6.491040651037,
    5.593743180714));
#2071 = LINE('',#2072,#2073);
#2072 = CARTESIAN_POINT('',(11.431779662001,7.470740740422,
    5.393283834074));
#2073 = VECTOR('',#2074,1.);
#2074 = DIRECTION('',(-1.945560127085E-03,-0.979700089385,0.20045934664)
  );
#2075 = ORIENTED_EDGE('',*,*,#2076,.T.);
#2076 = EDGE_CURVE('',#2069,#2043,#2077,.T.);
#2077 = B_SPLINE_CURVE_WITH_KNOTS('',2,(#2078,#2079,#2080),
  .UNSPECIFIED.,.F.,.F.,(3,3),(0.,1.),.PIECEWISE_BEZIER_KNOTS.);
#2078 = CARTESIAN_POINT('',(11.429834101874,6.491040651037,
    5.593743180714));
#2079 = CARTESIAN_POINT('',(11.248023842221,6.491352523681,
    5.593502827066));
#2080 = CARTESIAN_POINT('',(11.180662384297,6.516864388801,
    5.717532567703));
#2081 = ORIENTED_EDGE('',*,*,#2042,.F.);
#2082 = SURFACE_OF_LINEAR_EXTRUSION('',#2083,#2087);
#2083 = B_SPLINE_CURVE_WITH_KNOTS('',2,(#2084,#2085,#2086),
  .UNSPECIFIED.,.F.,.F.,(3,3),(0.,1.),.PIECEWISE_BEZIER_KNOTS.);
#2084 = CARTESIAN_POINT('',(11.431779662001,7.470740740422,
    5.393283834074));
#2085 = CARTESIAN_POINT('',(11.249969402348,7.471052613065,
    5.393043480426));
#2086 = CARTESIAN_POINT('',(11.182607944424,7.496564478186,
    5.517073221064));
#2087 = VECTOR('',#2088,1.);
#2088 = DIRECTION('',(1.945560127085E-03,0.979700089385,-0.20045934664)
  );
#2089 = ADVANCED_FACE('',(#2090),#2108,.T.);
#2090 = FACE_BOUND('',#2091,.T.);
#2091 = EDGE_LOOP('',(#2092,#2093,#2101,#2107));
#2092 = ORIENTED_EDGE('',*,*,#1382,.F.);
#2093 = ORIENTED_EDGE('',*,*,#2094,.T.);
#2094 = EDGE_CURVE('',#1366,#2095,#2097,.T.);
#2095 = VERTEX_POINT('',#2096);
#2096 = CARTESIAN_POINT('',(11.665497430336,6.514412904708,
    5.710257060347));
#2097 = LINE('',#2098,#2099);
#2098 = CARTESIAN_POINT('',(11.667442990463,7.494112994093,
    5.509797713707));
#2099 = VECTOR('',#2100,1.);
#2100 = DIRECTION('',(-1.945560127085E-03,-0.979700089385,0.20045934664)
  );
#2101 = ORIENTED_EDGE('',*,*,#2102,.T.);
#2102 = EDGE_CURVE('',#2095,#2069,#2103,.T.);
#2103 = B_SPLINE_CURVE_WITH_KNOTS('',2,(#2104,#2105,#2106),
  .UNSPECIFIED.,.F.,.F.,(3,3),(0.,1.),.PIECEWISE_BEZIER_KNOTS.);
#2104 = CARTESIAN_POINT('',(11.665497430336,6.514412904708,
    5.710257060347));
#2105 = CARTESIAN_POINT('',(11.590000282997,6.490765906089,
    5.593954920832));
#2106 = CARTESIAN_POINT('',(11.429834101874,6.491040651037,
    5.593743180714));
#2107 = ORIENTED_EDGE('',*,*,#2068,.F.);
#2108 = SURFACE_OF_LINEAR_EXTRUSION('',#2109,#2113);
#2109 = B_SPLINE_CURVE_WITH_KNOTS('',2,(#2110,#2111,#2112),
  .UNSPECIFIED.,.F.,.F.,(3,3),(0.,1.),.PIECEWISE_BEZIER_KNOTS.);
#2110 = CARTESIAN_POINT('',(11.667442990463,7.494112994093,
    5.509797713707));
#2111 = CARTESIAN_POINT('',(11.591945843124,7.470465995474,
    5.393495574192));
#2112 = CARTESIAN_POINT('',(11.431779662001,7.470740740422,
    5.393283834074));
#2113 = VECTOR('',#2114,1.);
#2114 = DIRECTION('',(1.945560127085E-03,0.979700089385,-0.20045934664)
  );
#2115 = ADVANCED_FACE('',(#2116),#2134,.T.);
#2116 = FACE_BOUND('',#2117,.T.);
#2117 = EDGE_LOOP('',(#2118,#2119,#2127,#2133));
#2118 = ORIENTED_EDGE('',*,*,#1365,.F.);
#2119 = ORIENTED_EDGE('',*,*,#2120,.T.);
#2120 = EDGE_CURVE('',#1359,#2121,#2123,.T.);
#2121 = VERTEX_POINT('',#2122);
#2122 = CARTESIAN_POINT('',(11.740928466879,6.612802702358,
    6.191847222081));
#2123 = LINE('',#2124,#2125);
#2124 = CARTESIAN_POINT('',(11.742874027006,7.592502791743,
    5.991387875442));
#2125 = VECTOR('',#2126,1.);
#2126 = DIRECTION('',(-1.945560127085E-03,-0.979700089385,0.20045934664)
  );
#2127 = ORIENTED_EDGE('',*,*,#2128,.T.);
#2128 = EDGE_CURVE('',#2121,#2095,#2129,.T.);
#2129 = B_SPLINE_CURVE_WITH_KNOTS('',2,(#2130,#2131,#2132),
  .UNSPECIFIED.,.F.,.F.,(3,3),(0.,1.),.PIECEWISE_BEZIER_KNOTS.);
#2130 = CARTESIAN_POINT('',(11.740928466879,6.612802702358,
    6.191847222081));
#2131 = CARTESIAN_POINT('',(11.741283439924,6.538001557444,
    5.826276851003));
#2132 = CARTESIAN_POINT('',(11.665497430336,6.514412904708,
    5.710257060347));
#2133 = ORIENTED_EDGE('',*,*,#2094,.F.);
#2134 = SURFACE_OF_LINEAR_EXTRUSION('',#2135,#2139);
#2135 = B_SPLINE_CURVE_WITH_KNOTS('',2,(#2136,#2137,#2138),
  .UNSPECIFIED.,.F.,.F.,(3,3),(0.,1.),.PIECEWISE_BEZIER_KNOTS.);
#2136 = CARTESIAN_POINT('',(11.742874027006,7.592502791743,
    5.991387875442));
#2137 = CARTESIAN_POINT('',(11.743229000051,7.517701646829,
    5.625817504363));
#2138 = CARTESIAN_POINT('',(11.667442990463,7.494112994093,
    5.509797713707));
#2139 = VECTOR('',#2140,1.);
#2140 = DIRECTION('',(1.945560127085E-03,0.979700089385,-0.20045934664)
  );
#2141 = ADVANCED_FACE('',(#2142),#2160,.T.);
#2142 = FACE_BOUND('',#2143,.T.);
#2143 = EDGE_LOOP('',(#2144,#2145,#2153,#2159));
#2144 = ORIENTED_EDGE('',*,*,#1358,.F.);
#2145 = ORIENTED_EDGE('',*,*,#2146,.T.);
#2146 = EDGE_CURVE('',#1347,#2147,#2149,.T.);
#2147 = VERTEX_POINT('',#2148);
#2148 = CARTESIAN_POINT('',(11.740552629216,6.692000511629,
    6.578905101437));
#2149 = LINE('',#2150,#2151);
#2150 = CARTESIAN_POINT('',(11.742498189343,7.671700601014,
    6.378445754797));
#2151 = VECTOR('',#2152,1.);
#2152 = DIRECTION('',(-1.945560127085E-03,-0.979700089385,0.20045934664)
  );
#2153 = ORIENTED_EDGE('',*,*,#2154,.T.);
#2154 = EDGE_CURVE('',#2147,#2121,#2155,.T.);
#2155 = LINE('',#2156,#2157);
#2156 = CARTESIAN_POINT('',(11.740552629216,6.692000511629,
    6.578905101437));
#2157 = VECTOR('',#2158,1.);
#2158 = DIRECTION('',(9.513010912701E-04,-0.200461448574,-0.979701129254
    ));
#2159 = ORIENTED_EDGE('',*,*,#2120,.F.);
#2160 = PLANE('',#2161);
#2161 = AXIS2_PLACEMENT_3D('',#2162,#2163,#2164);
#2162 = CARTESIAN_POINT('',(11.742498189343,7.671700601014,
    6.378445754797));
#2163 = DIRECTION('',(0.999997654908,-1.715370258324E-03,
    1.321999565512E-03));
#2164 = DIRECTION('',(9.513010912701E-04,-0.200461448574,-0.979701129254
    ));
#2165 = ADVANCED_FACE('',(#2166),#2184,.T.);
#2166 = FACE_BOUND('',#2167,.T.);
#2167 = EDGE_LOOP('',(#2168,#2169,#2177,#2183));
#2168 = ORIENTED_EDGE('',*,*,#1346,.F.);
#2169 = ORIENTED_EDGE('',*,*,#2170,.T.);
#2170 = EDGE_CURVE('',#1332,#2171,#2173,.T.);
#2171 = VERTEX_POINT('',#2172);
#2172 = CARTESIAN_POINT('',(11.675136114854,6.794160788474,
    7.077555637169));
#2173 = LINE('',#2174,#2175);
#2174 = CARTESIAN_POINT('',(11.677081674981,7.773860877859,
    6.877096290529));
#2175 = VECTOR('',#2176,1.);
#2176 = DIRECTION('',(-1.945560127085E-03,-0.979700089385,0.20045934664)
  );
#2177 = ORIENTED_EDGE('',*,*,#2178,.T.);
#2178 = EDGE_CURVE('',#2171,#2147,#2179,.T.);
#2179 = B_SPLINE_CURVE_WITH_KNOTS('',2,(#2180,#2181,#2182),
  .UNSPECIFIED.,.F.,.F.,(3,3),(0.,1.),.PIECEWISE_BEZIER_KNOTS.);
#2180 = CARTESIAN_POINT('',(11.675136114854,6.794160788474,
    7.077555637169));
#2181 = CARTESIAN_POINT('',(11.74022291334,6.761479378638,6.918464278285
    ));
#2182 = CARTESIAN_POINT('',(11.740552629216,6.692000511629,
    6.578905101437));
#2183 = ORIENTED_EDGE('',*,*,#2146,.F.);
#2184 = SURFACE_OF_LINEAR_EXTRUSION('',#2185,#2189);
#2185 = B_SPLINE_CURVE_WITH_KNOTS('',2,(#2186,#2187,#2188),
  .UNSPECIFIED.,.F.,.F.,(3,3),(0.,1.),.PIECEWISE_BEZIER_KNOTS.);
#2186 = CARTESIAN_POINT('',(11.677081674981,7.773860877859,
    6.877096290529));
#2187 = CARTESIAN_POINT('',(11.742168473467,7.741179468023,
    6.718004931646));
#2188 = CARTESIAN_POINT('',(11.742498189343,7.671700601014,
    6.378445754797));
#2189 = VECTOR('',#2190,1.);
#2190 = DIRECTION('',(1.945560127085E-03,0.979700089385,-0.20045934664)
  );
#2191 = ADVANCED_FACE('',(#2192),#2210,.T.);
#2192 = FACE_BOUND('',#2193,.T.);
#2193 = EDGE_LOOP('',(#2194,#2195,#2203,#2209));
#2194 = ORIENTED_EDGE('',*,*,#1331,.F.);
#2195 = ORIENTED_EDGE('',*,*,#2196,.T.);
#2196 = EDGE_CURVE('',#1315,#2197,#2199,.T.);
#2197 = VERTEX_POINT('',#2198);
#2198 = CARTESIAN_POINT('',(11.46282373511,6.836755758056,7.283668396186
    ));
#2199 = LINE('',#2200,#2201);
#2200 = CARTESIAN_POINT('',(11.464769295237,7.816455847441,
    7.083209049547));
#2201 = VECTOR('',#2202,1.);
#2202 = DIRECTION('',(-1.945560127085E-03,-0.979700089385,0.20045934664)
  );
#2203 = ORIENTED_EDGE('',*,*,#2204,.T.);
#2204 = EDGE_CURVE('',#2197,#2171,#2205,.T.);
#2205 = B_SPLINE_CURVE_WITH_KNOTS('',2,(#2206,#2207,#2208),
  .UNSPECIFIED.,.F.,.F.,(3,3),(0.,1.),.PIECEWISE_BEZIER_KNOTS.);
#2206 = CARTESIAN_POINT('',(11.46282373511,6.836755758056,7.283668396186
    ));
#2207 = CARTESIAN_POINT('',(11.610049590902,6.826784347463,7.23636426568
    ));
#2208 = CARTESIAN_POINT('',(11.675136114854,6.794160788474,
    7.077555637169));
#2209 = ORIENTED_EDGE('',*,*,#2170,.F.);
#2210 = SURFACE_OF_LINEAR_EXTRUSION('',#2211,#2215);
#2211 = B_SPLINE_CURVE_WITH_KNOTS('',2,(#2212,#2213,#2214),
  .UNSPECIFIED.,.F.,.F.,(3,3),(0.,1.),.PIECEWISE_BEZIER_KNOTS.);
#2212 = CARTESIAN_POINT('',(11.464769295237,7.816455847441,
    7.083209049547));
#2213 = CARTESIAN_POINT('',(11.611995151029,7.806484436848,
    7.035904919041));
#2214 = CARTESIAN_POINT('',(11.677081674981,7.773860877859,
    6.877096290529));
#2215 = VECTOR('',#2216,1.);
#2216 = DIRECTION('',(1.945560127085E-03,0.979700089385,-0.20045934664)
  );
#2217 = ADVANCED_FACE('',(#2218),#2236,.T.);
#2218 = FACE_BOUND('',#2219,.T.);
#2219 = EDGE_LOOP('',(#2220,#2221,#2229,#2235));
#2220 = ORIENTED_EDGE('',*,*,#1314,.F.);
#2221 = ORIENTED_EDGE('',*,*,#2222,.T.);
#2222 = EDGE_CURVE('',#1305,#2223,#2225,.T.);
#2223 = VERTEX_POINT('',#2224);
#2224 = CARTESIAN_POINT('',(10.692248692184,6.847738595437,7.32986572667
    ));
#2225 = LINE('',#2226,#2227);
#2226 = CARTESIAN_POINT('',(10.694194252311,7.827438684822,
    7.129406380031));
#2227 = VECTOR('',#2228,1.);
#2228 = DIRECTION('',(-1.945560127085E-03,-0.979700089385,0.20045934664)
  );
#2229 = ORIENTED_EDGE('',*,*,#2230,.T.);
#2230 = EDGE_CURVE('',#2223,#2197,#2231,.T.);
#2231 = B_SPLINE_CURVE_WITH_KNOTS('',2,(#2232,#2233,#2234),
  .UNSPECIFIED.,.F.,.F.,(3,3),(0.,1.),.PIECEWISE_BEZIER_KNOTS.);
#2232 = CARTESIAN_POINT('',(10.692248692184,6.847738595437,7.32986572667
    ));
#2233 = CARTESIAN_POINT('',(11.315598153851,6.846669317803,7.33068979632
    ));
#2234 = CARTESIAN_POINT('',(11.46282373511,6.836755758056,7.283668396186
    ));
#2235 = ORIENTED_EDGE('',*,*,#2196,.F.);
#2236 = SURFACE_OF_LINEAR_EXTRUSION('',#2237,#2241);
#2237 = B_SPLINE_CURVE_WITH_KNOTS('',2,(#2238,#2239,#2240),
  .UNSPECIFIED.,.F.,.F.,(3,3),(0.,1.),.PIECEWISE_BEZIER_KNOTS.);
#2238 = CARTESIAN_POINT('',(10.694194252311,7.827438684822,
    7.129406380031));
#2239 = CARTESIAN_POINT('',(11.317543713979,7.826369407187,
    7.130230449681));
#2240 = CARTESIAN_POINT('',(11.464769295237,7.816455847441,
    7.083209049547));
#2241 = VECTOR('',#2242,1.);
#2242 = DIRECTION('',(1.945560127085E-03,0.979700089385,-0.20045934664)
  );
#2243 = ADVANCED_FACE('',(#2244),#2262,.T.);
#2244 = FACE_BOUND('',#2245,.T.);
#2245 = EDGE_LOOP('',(#2246,#2247,#2255,#2261));
#2246 = ORIENTED_EDGE('',*,*,#1304,.F.);
#2247 = ORIENTED_EDGE('',*,*,#2248,.T.);
#2248 = EDGE_CURVE('',#1292,#2249,#2251,.T.);
#2249 = VERTEX_POINT('',#2250);
#2250 = CARTESIAN_POINT('',(10.691282330917,7.051373576178,
    8.325076636335));
#2251 = LINE('',#2252,#2253);
#2252 = CARTESIAN_POINT('',(10.693227891044,8.031073665563,
    8.124617289695));
#2253 = VECTOR('',#2254,1.);
#2254 = DIRECTION('',(-1.945560127085E-03,-0.979700089385,0.20045934664)
  );
#2255 = ORIENTED_EDGE('',*,*,#2256,.T.);
#2256 = EDGE_CURVE('',#2249,#2223,#2257,.T.);
#2257 = LINE('',#2258,#2259);
#2258 = CARTESIAN_POINT('',(10.691282330917,7.051373576178,
    8.325076636335));
#2259 = VECTOR('',#2260,1.);
#2260 = DIRECTION('',(9.513010912701E-04,-0.200461448574,-0.979701129254
    ));
#2261 = ORIENTED_EDGE('',*,*,#2222,.F.);
#2262 = PLANE('',#2263);
#2263 = AXIS2_PLACEMENT_3D('',#2264,#2265,#2266);
#2264 = CARTESIAN_POINT('',(10.693227891044,8.031073665563,
    8.124617289695));
#2265 = DIRECTION('',(0.999997654908,-1.715370258324E-03,
    1.321999565512E-03));
#2266 = DIRECTION('',(9.513010912701E-04,-0.200461448574,-0.979701129254
    ));
#2267 = ADVANCED_FACE('',(#2268),#2286,.T.);
#2268 = FACE_BOUND('',#2269,.T.);
#2269 = EDGE_LOOP('',(#2270,#2271,#2279,#2285));
#2270 = ORIENTED_EDGE('',*,*,#1291,.F.);
#2271 = ORIENTED_EDGE('',*,*,#2272,.T.);
#2272 = EDGE_CURVE('',#1277,#2273,#2275,.T.);
#2273 = VERTEX_POINT('',#2274);
#2274 = CARTESIAN_POINT('',(11.379499787114,7.063730013608,
    8.392145453636));
#2275 = LINE('',#2276,#2277);
#2276 = CARTESIAN_POINT('',(11.381445347241,8.043430102993,
    8.191686106997));
#2277 = VECTOR('',#2278,1.);
#2278 = DIRECTION('',(-1.945560127085E-03,-0.979700089385,0.20045934664)
  );
#2279 = ORIENTED_EDGE('',*,*,#2280,.T.);
#2280 = EDGE_CURVE('',#2273,#2249,#2281,.T.);
#2281 = B_SPLINE_CURVE_WITH_KNOTS('',2,(#2282,#2283,#2284),
  .UNSPECIFIED.,.F.,.F.,(3,3),(0.,1.),.PIECEWISE_BEZIER_KNOTS.);
#2282 = CARTESIAN_POINT('',(11.379499787114,7.063730013608,
    8.392145453636));
#2283 = CARTESIAN_POINT('',(11.202074348194,7.052232887965,
    8.334233826793));
#2284 = CARTESIAN_POINT('',(10.691282330917,7.051373576178,
    8.325076636335));
#2285 = ORIENTED_EDGE('',*,*,#2248,.F.);
#2286 = SURFACE_OF_LINEAR_EXTRUSION('',#2287,#2291);
#2287 = B_SPLINE_CURVE_WITH_KNOTS('',2,(#2288,#2289,#2290),
  .UNSPECIFIED.,.F.,.F.,(3,3),(0.,1.),.PIECEWISE_BEZIER_KNOTS.);
#2288 = CARTESIAN_POINT('',(11.381445347241,8.043430102993,
    8.191686106997));
#2289 = CARTESIAN_POINT('',(11.204019908321,8.03193297735,8.133774480154
    ));
#2290 = CARTESIAN_POINT('',(10.693227891044,8.031073665563,
    8.124617289695));
#2291 = VECTOR('',#2292,1.);
#2292 = DIRECTION('',(1.945560127085E-03,0.979700089385,-0.20045934664)
  );
#2293 = ADVANCED_FACE('',(#2294),#2312,.T.);
#2294 = FACE_BOUND('',#2295,.T.);
#2295 = EDGE_LOOP('',(#2296,#2297,#2305,#2311));
#2296 = ORIENTED_EDGE('',*,*,#1276,.F.);
#2297 = ORIENTED_EDGE('',*,*,#2298,.T.);
#2298 = EDGE_CURVE('',#1262,#2299,#2301,.T.);
#2299 = VERTEX_POINT('',#2300);
#2300 = CARTESIAN_POINT('',(11.647652732069,7.11250070081,8.633103808028
    ));
#2301 = LINE('',#2302,#2303);
#2302 = CARTESIAN_POINT('',(11.649598292197,8.092200790195,
    8.432644461389));
#2303 = VECTOR('',#2304,1.);
#2304 = DIRECTION('',(-1.945560127085E-03,-0.979700089385,0.20045934664)
  );
#2305 = ORIENTED_EDGE('',*,*,#2306,.T.);
#2306 = EDGE_CURVE('',#2299,#2273,#2307,.T.);
#2307 = B_SPLINE_CURVE_WITH_KNOTS('',2,(#2308,#2309,#2310),
  .UNSPECIFIED.,.F.,.F.,(3,3),(0.,1.),.PIECEWISE_BEZIER_KNOTS.);
#2308 = CARTESIAN_POINT('',(11.647652732069,7.11250070081,8.633103808028
    ));
#2309 = CARTESIAN_POINT('',(11.556925500567,7.075169288405,
    8.449774350107));
#2310 = CARTESIAN_POINT('',(11.379499787114,7.063730013608,
    8.392145453636));
#2311 = ORIENTED_EDGE('',*,*,#2272,.F.);
#2312 = SURFACE_OF_LINEAR_EXTRUSION('',#2313,#2317);
#2313 = B_SPLINE_CURVE_WITH_KNOTS('',2,(#2314,#2315,#2316),
  .UNSPECIFIED.,.F.,.F.,(3,3),(0.,1.),.PIECEWISE_BEZIER_KNOTS.);
#2314 = CARTESIAN_POINT('',(11.649598292197,8.092200790195,
    8.432644461389));
#2315 = CARTESIAN_POINT('',(11.558871060694,8.05486937779,8.249315003468
    ));
#2316 = CARTESIAN_POINT('',(11.381445347241,8.043430102993,
    8.191686106997));
#2317 = VECTOR('',#2318,1.);
#2318 = DIRECTION('',(1.945560127085E-03,0.979700089385,-0.20045934664)
  );
#2319 = ADVANCED_FACE('',(#2320),#2338,.T.);
#2320 = FACE_BOUND('',#2321,.T.);
#2321 = EDGE_LOOP('',(#2322,#2323,#2331,#2337));
#2322 = ORIENTED_EDGE('',*,*,#1261,.F.);
#2323 = ORIENTED_EDGE('',*,*,#2324,.T.);
#2324 = EDGE_CURVE('',#1255,#2325,#2327,.T.);
#2325 = VERTEX_POINT('',#2326);
#2326 = CARTESIAN_POINT('',(11.737995889875,7.230765447891,
    9.211973056467));
#2327 = LINE('',#2328,#2329);
#2328 = CARTESIAN_POINT('',(11.739941450002,8.210465537276,
    9.011513709827));
#2329 = VECTOR('',#2330,1.);
#2330 = DIRECTION('',(-1.945560127085E-03,-0.979700089385,0.20045934664)
  );
#2331 = ORIENTED_EDGE('',*,*,#2332,.T.);
#2332 = EDGE_CURVE('',#2325,#2299,#2333,.T.);
#2333 = B_SPLINE_CURVE_WITH_KNOTS('',2,(#2334,#2335,#2336),
  .UNSPECIFIED.,.F.,.F.,(3,3),(0.,1.),.PIECEWISE_BEZIER_KNOTS.);
#2334 = CARTESIAN_POINT('',(11.737995889875,7.230765447891,
    9.211973056467));
#2335 = CARTESIAN_POINT('',(11.738380238106,7.149774262369,
    8.816150535578));
#2336 = CARTESIAN_POINT('',(11.647652732069,7.11250070081,8.633103808028
    ));
#2337 = ORIENTED_EDGE('',*,*,#2298,.F.);
#2338 = SURFACE_OF_LINEAR_EXTRUSION('',#2339,#2343);
#2339 = B_SPLINE_CURVE_WITH_KNOTS('',2,(#2340,#2341,#2342),
  .UNSPECIFIED.,.F.,.F.,(3,3),(0.,1.),.PIECEWISE_BEZIER_KNOTS.);
#2340 = CARTESIAN_POINT('',(11.739941450002,8.210465537276,
    9.011513709827));
#2341 = CARTESIAN_POINT('',(11.740325798233,8.129474351754,
    8.615691188938));
#2342 = CARTESIAN_POINT('',(11.649598292197,8.092200790195,
    8.432644461389));
#2343 = VECTOR('',#2344,1.);
#2344 = DIRECTION('',(1.945560127085E-03,0.979700089385,-0.20045934664)
  );
#2345 = ADVANCED_FACE('',(#2346),#2364,.T.);
#2346 = FACE_BOUND('',#2347,.T.);
#2347 = EDGE_LOOP('',(#2348,#2349,#2357,#2363));
#2348 = ORIENTED_EDGE('',*,*,#1254,.F.);
#2349 = ORIENTED_EDGE('',*,*,#2350,.T.);
#2350 = EDGE_CURVE('',#1236,#2351,#2353,.T.);
#2351 = VERTEX_POINT('',#2352);
#2352 = CARTESIAN_POINT('',(11.737532750257,7.328359826445,
    9.688939194139));
#2353 = LINE('',#2354,#2355);
#2354 = CARTESIAN_POINT('',(11.739478310384,8.30805991583,9.488479847499
    ));
#2355 = VECTOR('',#2356,1.);
#2356 = DIRECTION('',(-1.945560127085E-03,-0.979700089385,0.20045934664)
  );
#2357 = ORIENTED_EDGE('',*,*,#2358,.T.);
#2358 = EDGE_CURVE('',#2351,#2325,#2359,.T.);
#2359 = LINE('',#2360,#2361);
#2360 = CARTESIAN_POINT('',(11.737532750257,7.328359826445,
    9.688939194139));
#2361 = VECTOR('',#2362,1.);
#2362 = DIRECTION('',(9.513010912701E-04,-0.200461448574,-0.979701129254
    ));
#2363 = ORIENTED_EDGE('',*,*,#2324,.F.);
#2364 = PLANE('',#2365);
#2365 = AXIS2_PLACEMENT_3D('',#2366,#2367,#2368);
#2366 = CARTESIAN_POINT('',(11.739478310384,8.30805991583,9.488479847499
    ));
#2367 = DIRECTION('',(0.999997654908,-1.715370258324E-03,
    1.321999565512E-03));
#2368 = DIRECTION('',(9.513010912701E-04,-0.200461448574,-0.979701129254
    ));
#2369 = ADVANCED_FACE('',(#2370),#2388,.T.);
#2370 = FACE_BOUND('',#2371,.T.);
#2371 = EDGE_LOOP('',(#2372,#2373,#2381,#2387));
#2372 = ORIENTED_EDGE('',*,*,#1235,.F.);
#2373 = ORIENTED_EDGE('',*,*,#2374,.T.);
#2374 = EDGE_CURVE('',#1221,#2375,#2377,.T.);
#2375 = VERTEX_POINT('',#2376);
#2376 = CARTESIAN_POINT('',(11.671823307636,7.492246956827,
    10.489263036863));
#2377 = LINE('',#2378,#2379);
#2378 = CARTESIAN_POINT('',(11.673768867763,8.471947046212,
    10.288803690223));
#2379 = VECTOR('',#2380,1.);
#2380 = DIRECTION('',(-1.945560127085E-03,-0.979700089385,0.20045934664)
  );
#2381 = ORIENTED_EDGE('',*,*,#2382,.T.);
#2382 = EDGE_CURVE('',#2375,#2351,#2383,.T.);
#2383 = B_SPLINE_CURVE_WITH_KNOTS('',2,(#2384,#2385,#2386),
  .UNSPECIFIED.,.F.,.F.,(3,3),(0.,1.),.PIECEWISE_BEZIER_KNOTS.);
#2384 = CARTESIAN_POINT('',(11.671823307636,7.492246956827,
    10.489263036863));
#2385 = CARTESIAN_POINT('',(11.736904340899,7.460780414774,
    10.336109015793));
#2386 = CARTESIAN_POINT('',(11.737532750257,7.328359826445,
    9.688939194139));
#2387 = ORIENTED_EDGE('',*,*,#2350,.F.);
#2388 = SURFACE_OF_LINEAR_EXTRUSION('',#2389,#2393);
#2389 = B_SPLINE_CURVE_WITH_KNOTS('',2,(#2390,#2391,#2392),
  .UNSPECIFIED.,.F.,.F.,(3,3),(0.,1.),.PIECEWISE_BEZIER_KNOTS.);
#2390 = CARTESIAN_POINT('',(11.673768867763,8.471947046212,
    10.288803690223));
#2391 = CARTESIAN_POINT('',(11.738849901026,8.440480504159,
    10.135649669153));
#2392 = CARTESIAN_POINT('',(11.739478310384,8.30805991583,9.488479847499
    ));
#2393 = VECTOR('',#2394,1.);
#2394 = DIRECTION('',(1.945560127085E-03,0.979700089385,-0.20045934664)
  );
#2395 = ADVANCED_FACE('',(#2396),#2414,.T.);
#2396 = FACE_BOUND('',#2397,.T.);
#2397 = EDGE_LOOP('',(#2398,#2399,#2407,#2413));
#2398 = ORIENTED_EDGE('',*,*,#1220,.F.);
#2399 = ORIENTED_EDGE('',*,*,#2400,.T.);
#2400 = EDGE_CURVE('',#1206,#2401,#2403,.T.);
#2401 = VERTEX_POINT('',#2402);
#2402 = CARTESIAN_POINT('',(11.40328793619,7.524062499219,
    10.642148090755));
#2403 = LINE('',#2404,#2405);
#2404 = CARTESIAN_POINT('',(11.405233496317,8.503762588604,
    10.441688744116));
#2405 = VECTOR('',#2406,1.);
#2406 = DIRECTION('',(-1.945560127085E-03,-0.979700089385,0.20045934664)
  );
#2407 = ORIENTED_EDGE('',*,*,#2408,.T.);
#2408 = EDGE_CURVE('',#2401,#2375,#2409,.T.);
#2409 = B_SPLINE_CURVE_WITH_KNOTS('',2,(#2410,#2411,#2412),
  .UNSPECIFIED.,.F.,.F.,(3,3),(0.,1.),.PIECEWISE_BEZIER_KNOTS.);
#2410 = CARTESIAN_POINT('',(11.40328793619,7.524062499219,
    10.642148090755));
#2411 = CARTESIAN_POINT('',(11.606742274373,7.52371349888,
    10.642417057933));
#2412 = CARTESIAN_POINT('',(11.671823307636,7.492246956827,
    10.489263036863));
#2413 = ORIENTED_EDGE('',*,*,#2374,.F.);
#2414 = SURFACE_OF_LINEAR_EXTRUSION('',#2415,#2419);
#2415 = B_SPLINE_CURVE_WITH_KNOTS('',2,(#2416,#2417,#2418),
  .UNSPECIFIED.,.F.,.F.,(3,3),(0.,1.),.PIECEWISE_BEZIER_KNOTS.);
#2416 = CARTESIAN_POINT('',(11.405233496317,8.503762588604,
    10.441688744116));
#2417 = CARTESIAN_POINT('',(11.6086878345,8.503413588265,10.441957711293
    ));
#2418 = CARTESIAN_POINT('',(11.673768867763,8.471947046212,
    10.288803690223));
#2419 = VECTOR('',#2420,1.);
#2420 = DIRECTION('',(1.945560127085E-03,0.979700089385,-0.20045934664)
  );
#2421 = ADVANCED_FACE('',(#2422),#2440,.T.);
#2422 = FACE_BOUND('',#2423,.T.);
#2423 = EDGE_LOOP('',(#2424,#2425,#2433,#2439));
#2424 = ORIENTED_EDGE('',*,*,#1205,.F.);
#2425 = ORIENTED_EDGE('',*,*,#2426,.T.);
#2426 = EDGE_CURVE('',#1193,#2427,#2429,.T.);
#2427 = VERTEX_POINT('',#2428);
#2428 = CARTESIAN_POINT('',(11.163012145928,7.499656850881,
    10.520538960205));
#2429 = LINE('',#2430,#2431);
#2430 = CARTESIAN_POINT('',(11.164957706055,8.479356940266,
    10.320079613566));
#2431 = VECTOR('',#2432,1.);
#2432 = DIRECTION('',(-1.945560127085E-03,-0.979700089385,0.20045934664)
  );
#2433 = ORIENTED_EDGE('',*,*,#2434,.T.);
#2434 = EDGE_CURVE('',#2427,#2401,#2435,.T.);
#2435 = B_SPLINE_CURVE_WITH_KNOTS('',2,(#2436,#2437,#2438),
  .UNSPECIFIED.,.F.,.F.,(3,3),(0.,1.),.PIECEWISE_BEZIER_KNOTS.);
#2436 = CARTESIAN_POINT('',(11.163012145928,7.499656850881,
    10.520538960205));
#2437 = CARTESIAN_POINT('',(11.217148860831,7.524381797402,
    10.641902014401));
#2438 = CARTESIAN_POINT('',(11.40328793619,7.524062499219,
    10.642148090755));
#2439 = ORIENTED_EDGE('',*,*,#2400,.F.);
#2440 = SURFACE_OF_LINEAR_EXTRUSION('',#2441,#2445);
#2441 = B_SPLINE_CURVE_WITH_KNOTS('',2,(#2442,#2443,#2444),
  .UNSPECIFIED.,.F.,.F.,(3,3),(0.,1.),.PIECEWISE_BEZIER_KNOTS.);
#2442 = CARTESIAN_POINT('',(11.164957706055,8.479356940266,
    10.320079613566));
#2443 = CARTESIAN_POINT('',(11.219094420958,8.504081886787,
    10.441442667762));
#2444 = CARTESIAN_POINT('',(11.405233496317,8.503762588604,
    10.441688744116));
#2445 = VECTOR('',#2446,1.);
#2446 = DIRECTION('',(1.945560127085E-03,0.979700089385,-0.20045934664)
  );
#2447 = ADVANCED_FACE('',(#2448),#2466,.T.);
#2448 = FACE_BOUND('',#2449,.T.);
#2449 = EDGE_LOOP('',(#2450,#2451,#2459,#2465));
#2450 = ORIENTED_EDGE('',*,*,#1192,.F.);
#2451 = ORIENTED_EDGE('',*,*,#2452,.T.);
#2452 = EDGE_CURVE('',#1183,#2453,#2455,.T.);
#2453 = VERTEX_POINT('',#2454);
#2454 = CARTESIAN_POINT('',(11.10959833224,7.383411369685,9.951896838918
    ));
#2455 = LINE('',#2456,#2457);
#2456 = CARTESIAN_POINT('',(11.111543892367,8.36311145907,9.751437492279
    ));
#2457 = VECTOR('',#2458,1.);
#2458 = DIRECTION('',(-1.945560127085E-03,-0.979700089385,0.20045934664)
  );
#2459 = ORIENTED_EDGE('',*,*,#2460,.T.);
#2460 = EDGE_CURVE('',#2453,#2427,#2461,.T.);
#2461 = B_SPLINE_CURVE_WITH_KNOTS('',2,(#2462,#2463,#2464),
  .UNSPECIFIED.,.F.,.F.,(3,3),(0.,1.),.PIECEWISE_BEZIER_KNOTS.);
#2462 = CARTESIAN_POINT('',(11.10959833224,7.383411369685,9.951896838918
    ));
#2463 = CARTESIAN_POINT('',(11.109164018739,7.474931409325,
    10.399176287523));
#2464 = CARTESIAN_POINT('',(11.163012145928,7.499656850881,
    10.520538960205));
#2465 = ORIENTED_EDGE('',*,*,#2426,.F.);
#2466 = SURFACE_OF_LINEAR_EXTRUSION('',#2467,#2471);
#2467 = B_SPLINE_CURVE_WITH_KNOTS('',2,(#2468,#2469,#2470),
  .UNSPECIFIED.,.F.,.F.,(3,3),(0.,1.),.PIECEWISE_BEZIER_KNOTS.);
#2468 = CARTESIAN_POINT('',(11.111543892367,8.36311145907,9.751437492279
    ));
#2469 = CARTESIAN_POINT('',(11.111109578866,8.454631498709,
    10.198716940884));
#2470 = CARTESIAN_POINT('',(11.164957706055,8.479356940266,
    10.320079613566));
#2471 = VECTOR('',#2472,1.);
#2472 = DIRECTION('',(1.945560127085E-03,0.979700089385,-0.20045934664)
  );
#2473 = ADVANCED_FACE('',(#2474),#2492,.T.);
#2474 = FACE_BOUND('',#2475,.T.);
#2475 = EDGE_LOOP('',(#2476,#2477,#2485,#2491));
#2476 = ORIENTED_EDGE('',*,*,#1182,.T.);
#2477 = ORIENTED_EDGE('',*,*,#2478,.T.);
#2478 = EDGE_CURVE('',#1173,#2479,#2481,.T.);
#2479 = VERTEX_POINT('',#2480);
#2480 = CARTESIAN_POINT('',(11.110685488666,7.154322016351,
    8.832284565546));
#2481 = LINE('',#2482,#2483);
#2482 = CARTESIAN_POINT('',(11.112631048793,8.134022105736,
    8.631825218906));
#2483 = VECTOR('',#2484,1.);
#2484 = DIRECTION('',(-1.945560127085E-03,-0.979700089385,0.20045934664)
  );
#2485 = ORIENTED_EDGE('',*,*,#2486,.T.);
#2486 = EDGE_CURVE('',#2479,#2453,#2487,.T.);
#2487 = LINE('',#2488,#2489);
#2488 = CARTESIAN_POINT('',(11.110685488666,7.154322016351,
    8.832284565546));
#2489 = VECTOR('',#2490,1.);
#2490 = DIRECTION('',(-9.513010912701E-04,0.200461448574,0.979701129254)
  );
#2491 = ORIENTED_EDGE('',*,*,#2452,.F.);
#2492 = PLANE('',#2493);
#2493 = AXIS2_PLACEMENT_3D('',#2494,#2495,#2496);
#2494 = CARTESIAN_POINT('',(11.112631048793,8.134022105736,
    8.631825218906));
#2495 = DIRECTION('',(-0.999997654908,1.715370258324E-03,
    -1.321999565512E-03));
#2496 = DIRECTION('',(-9.513010912701E-04,0.200461448574,0.979701129254)
  );
#2497 = ADVANCED_FACE('',(#2498),#2516,.T.);
#2498 = FACE_BOUND('',#2499,.T.);
#2499 = EDGE_LOOP('',(#2500,#2501,#2509,#2515));
#2500 = ORIENTED_EDGE('',*,*,#1172,.T.);
#2501 = ORIENTED_EDGE('',*,*,#2502,.T.);
#2502 = EDGE_CURVE('',#1163,#2503,#2505,.T.);
#2503 = VERTEX_POINT('',#2504);
#2504 = CARTESIAN_POINT('',(9.361843943431,7.157321934159,8.829972592361
    ));
#2505 = LINE('',#2506,#2507);
#2506 = CARTESIAN_POINT('',(9.363789503558,8.137022023544,8.629513245721
    ));
#2507 = VECTOR('',#2508,1.);
#2508 = DIRECTION('',(-1.945560127085E-03,-0.979700089385,0.20045934664)
  );
#2509 = ORIENTED_EDGE('',*,*,#2510,.T.);
#2510 = EDGE_CURVE('',#2503,#2479,#2511,.T.);
#2511 = LINE('',#2512,#2513);
#2512 = CARTESIAN_POINT('',(9.361843943431,7.157321934159,8.829972592361
    ));
#2513 = VECTOR('',#2514,1.);
#2514 = DIRECTION('',(0.999997654908,-1.715370258324E-03,
    1.321999565512E-03));
#2515 = ORIENTED_EDGE('',*,*,#2478,.F.);
#2516 = PLANE('',#2517);
#2517 = AXIS2_PLACEMENT_3D('',#2518,#2519,#2520);
#2518 = CARTESIAN_POINT('',(9.363789503558,8.137022023544,8.629513245721
    ));
#2519 = DIRECTION('',(-9.513010912701E-04,0.200461448574,0.979701129254)
  );
#2520 = DIRECTION('',(0.999997654908,-1.715370258324E-03,
    1.321999565512E-03));
#2521 = ADVANCED_FACE('',(#2522),#2540,.T.);
#2522 = FACE_BOUND('',#2523,.T.);
#2523 = EDGE_LOOP('',(#2524,#2525,#2533,#2539));
#2524 = ORIENTED_EDGE('',*,*,#1162,.F.);
#2525 = ORIENTED_EDGE('',*,*,#2526,.T.);
#2526 = EDGE_CURVE('',#1141,#2527,#2529,.T.);
#2527 = VERTEX_POINT('',#2528);
#2528 = CARTESIAN_POINT('',(9.361317386354,7.268279858324,9.372249445979
    ));
#2529 = LINE('',#2530,#2531);
#2530 = CARTESIAN_POINT('',(9.363262946481,8.247979947709,9.17179009934)
  );
#2531 = VECTOR('',#2532,1.);
#2532 = DIRECTION('',(-1.945560127085E-03,-0.979700089385,0.20045934664)
  );
#2533 = ORIENTED_EDGE('',*,*,#2534,.T.);
#2534 = EDGE_CURVE('',#2527,#2503,#2535,.T.);
#2535 = LINE('',#2536,#2537);
#2536 = CARTESIAN_POINT('',(9.361317386354,7.268279858324,9.372249445979
    ));
#2537 = VECTOR('',#2538,1.);
#2538 = DIRECTION('',(9.513010912701E-04,-0.200461448574,-0.979701129254
    ));
#2539 = ORIENTED_EDGE('',*,*,#2502,.F.);
#2540 = PLANE('',#2541);
#2541 = AXIS2_PLACEMENT_3D('',#2542,#2543,#2544);
#2542 = CARTESIAN_POINT('',(9.363262946481,8.247979947709,9.17179009934)
  );
#2543 = DIRECTION('',(0.999997654908,-1.715370258324E-03,
    1.321999565512E-03));
#2544 = DIRECTION('',(9.513010912701E-04,-0.200461448574,-0.979701129254
    ));
#2545 = ADVANCED_FACE('',(#2546),#2564,.T.);
#2546 = FACE_BOUND('',#2547,.T.);
#2547 = EDGE_LOOP('',(#2548,#2549,#2557,#2563));
#2548 = ORIENTED_EDGE('',*,*,#1140,.F.);
#2549 = ORIENTED_EDGE('',*,*,#2550,.T.);
#2550 = EDGE_CURVE('',#1124,#2551,#2553,.T.);
#2551 = VERTEX_POINT('',#2552);
#2552 = CARTESIAN_POINT('',(9.50918272239,7.549236891044,10.746799027178
    ));
#2553 = LINE('',#2554,#2555);
#2554 = CARTESIAN_POINT('',(9.511128282517,8.528936980429,
    10.546339680538));
#2555 = VECTOR('',#2556,1.);
#2556 = DIRECTION('',(-1.945560127085E-03,-0.979700089385,0.20045934664)
  );
#2557 = ORIENTED_EDGE('',*,*,#2558,.T.);
#2558 = EDGE_CURVE('',#2551,#2527,#2559,.T.);
#2559 = B_SPLINE_CURVE_WITH_KNOTS('',2,(#2560,#2561,#2562),
  .UNSPECIFIED.,.F.,.F.,(3,3),(0.,1.),.PIECEWISE_BEZIER_KNOTS.);
#2560 = CARTESIAN_POINT('',(9.50918272239,7.549236891044,10.746799027178
    ));
#2561 = CARTESIAN_POINT('',(9.360367497155,7.468443788257,10.35049653332
    ));
#2562 = CARTESIAN_POINT('',(9.361317386354,7.268279858324,9.372249445979
    ));
#2563 = ORIENTED_EDGE('',*,*,#2526,.F.);
#2564 = SURFACE_OF_LINEAR_EXTRUSION('',#2565,#2569);
#2565 = B_SPLINE_CURVE_WITH_KNOTS('',2,(#2566,#2567,#2568),
  .UNSPECIFIED.,.F.,.F.,(3,3),(0.,1.),.PIECEWISE_BEZIER_KNOTS.);
#2566 = CARTESIAN_POINT('',(9.511128282517,8.528936980429,
    10.546339680538));
#2567 = CARTESIAN_POINT('',(9.362313057282,8.448143877642,10.15003718668
    ));
#2568 = CARTESIAN_POINT('',(9.363262946481,8.247979947709,9.17179009934)
  );
#2569 = VECTOR('',#2570,1.);
#2570 = DIRECTION('',(1.945560127085E-03,0.979700089385,-0.20045934664)
  );
#2571 = ADVANCED_FACE('',(#2572),#2590,.T.);
#2572 = FACE_BOUND('',#2573,.T.);
#2573 = EDGE_LOOP('',(#2574,#2575,#2583,#2589));
#2574 = ORIENTED_EDGE('',*,*,#1123,.F.);
#2575 = ORIENTED_EDGE('',*,*,#2576,.T.);
#2576 = EDGE_CURVE('',#1107,#2577,#2579,.T.);
#2577 = VERTEX_POINT('',#2578);
#2578 = CARTESIAN_POINT('',(10.131882361013,7.685100567789,
    11.416845887503));
#2579 = LINE('',#2580,#2581);
#2580 = CARTESIAN_POINT('',(10.13382792114,8.664800657173,
    11.216386540864));
#2581 = VECTOR('',#2582,1.);
#2582 = DIRECTION('',(-1.945560127085E-03,-0.979700089385,0.20045934664)
  );
#2583 = ORIENTED_EDGE('',*,*,#2584,.T.);
#2584 = EDGE_CURVE('',#2577,#2551,#2585,.T.);
#2585 = B_SPLINE_CURVE_WITH_KNOTS('',2,(#2586,#2587,#2588),
  .UNSPECIFIED.,.F.,.F.,(3,3),(0.,1.),.PIECEWISE_BEZIER_KNOTS.);
#2586 = CARTESIAN_POINT('',(10.131882361013,7.685100567789,
    11.416845887503));
#2587 = CARTESIAN_POINT('',(9.658286809874,7.629971647948,
    11.142819172178));
#2588 = CARTESIAN_POINT('',(9.50918272239,7.549236891044,10.746799027178
    ));
#2589 = ORIENTED_EDGE('',*,*,#2550,.F.);
#2590 = SURFACE_OF_LINEAR_EXTRUSION('',#2591,#2595);
#2591 = B_SPLINE_CURVE_WITH_KNOTS('',2,(#2592,#2593,#2594),
  .UNSPECIFIED.,.F.,.F.,(3,3),(0.,1.),.PIECEWISE_BEZIER_KNOTS.);
#2592 = CARTESIAN_POINT('',(10.13382792114,8.664800657173,
    11.216386540864));
#2593 = CARTESIAN_POINT('',(9.660232370001,8.609671737333,
    10.942359825538));
#2594 = CARTESIAN_POINT('',(9.511128282517,8.528936980429,
    10.546339680538));
#2595 = VECTOR('',#2596,1.);
#2596 = DIRECTION('',(1.945560127085E-03,0.979700089385,-0.20045934664)
  );
#2597 = ADVANCED_FACE('',(#2598),#2616,.T.);
#2598 = FACE_BOUND('',#2599,.T.);
#2599 = EDGE_LOOP('',(#2600,#2601,#2609,#2615));
#2600 = ORIENTED_EDGE('',*,*,#1106,.F.);
#2601 = ORIENTED_EDGE('',*,*,#2602,.T.);
#2602 = EDGE_CURVE('',#1090,#2603,#2605,.T.);
#2603 = VERTEX_POINT('',#2604);
#2604 = CARTESIAN_POINT('',(11.436899389957,7.738745438233,
    11.691689013503));
#2605 = LINE('',#2606,#2607);
#2606 = CARTESIAN_POINT('',(11.438844950084,8.718445527618,
    11.491229666864));
#2607 = VECTOR('',#2608,1.);
#2608 = DIRECTION('',(-1.945560127085E-03,-0.979700089385,0.20045934664)
  );
#2609 = ORIENTED_EDGE('',*,*,#2610,.T.);
#2610 = EDGE_CURVE('',#2603,#2577,#2611,.T.);
#2611 = B_SPLINE_CURVE_WITH_KNOTS('',2,(#2612,#2613,#2614),
  .UNSPECIFIED.,.F.,.F.,(3,3),(0.,1.),.PIECEWISE_BEZIER_KNOTS.);
#2612 = CARTESIAN_POINT('',(11.436899389957,7.738745438233,
    11.691689013503));
#2613 = CARTESIAN_POINT('',(10.6057667744,7.740171141746,11.69059025397)
  );
#2614 = CARTESIAN_POINT('',(10.131882361013,7.685100567789,
    11.416845887503));
#2615 = ORIENTED_EDGE('',*,*,#2576,.F.);
#2616 = SURFACE_OF_LINEAR_EXTRUSION('',#2617,#2621);
#2617 = B_SPLINE_CURVE_WITH_KNOTS('',2,(#2618,#2619,#2620),
  .UNSPECIFIED.,.F.,.F.,(3,3),(0.,1.),.PIECEWISE_BEZIER_KNOTS.);
#2618 = CARTESIAN_POINT('',(11.438844950084,8.718445527618,
    11.491229666864));
#2619 = CARTESIAN_POINT('',(10.607712334527,8.719871231131,
    11.49013090733));
#2620 = CARTESIAN_POINT('',(10.13382792114,8.664800657173,
    11.216386540864));
#2621 = VECTOR('',#2622,1.);
#2622 = DIRECTION('',(1.945560127085E-03,0.979700089385,-0.20045934664)
  );
#2623 = ADVANCED_FACE('',(#2624),#2642,.T.);
#2624 = FACE_BOUND('',#2625,.T.);
#2625 = EDGE_LOOP('',(#2626,#2627,#2635,#2641));
#2626 = ORIENTED_EDGE('',*,*,#1089,.F.);
#2627 = ORIENTED_EDGE('',*,*,#2628,.T.);
#2628 = EDGE_CURVE('',#1071,#2629,#2631,.T.);
#2629 = VERTEX_POINT('',#2630);
#2630 = CARTESIAN_POINT('',(12.636210027724,7.688498808509,
    11.457759803109));
#2631 = LINE('',#2632,#2633);
#2632 = CARTESIAN_POINT('',(12.638155587851,8.668198897894,
    11.25730045647));
#2633 = VECTOR('',#2634,1.);
#2634 = DIRECTION('',(-1.945560127085E-03,-0.979700089385,0.20045934664)
  );
#2635 = ORIENTED_EDGE('',*,*,#2636,.T.);
#2636 = EDGE_CURVE('',#2629,#2603,#2637,.T.);
#2637 = B_SPLINE_CURVE_WITH_KNOTS('',2,(#2638,#2639,#2640),
  .UNSPECIFIED.,.F.,.F.,(3,3),(0.,1.),.PIECEWISE_BEZIER_KNOTS.);
#2638 = CARTESIAN_POINT('',(12.636210027724,7.688498808509,
    11.457759803109));
#2639 = CARTESIAN_POINT('',(12.168469244275,7.737490522121,
    11.692656150801));
#2640 = CARTESIAN_POINT('',(11.436899389957,7.738745438233,
    11.691689013503));
#2641 = ORIENTED_EDGE('',*,*,#2602,.F.);
#2642 = SURFACE_OF_LINEAR_EXTRUSION('',#2643,#2647);
#2643 = B_SPLINE_CURVE_WITH_KNOTS('',2,(#2644,#2645,#2646),
  .UNSPECIFIED.,.F.,.F.,(3,3),(0.,1.),.PIECEWISE_BEZIER_KNOTS.);
#2644 = CARTESIAN_POINT('',(12.638155587851,8.668198897894,
    11.25730045647));
#2645 = CARTESIAN_POINT('',(12.170414804402,8.717190611505,
    11.492196804161));
#2646 = CARTESIAN_POINT('',(11.438844950084,8.718445527618,
    11.491229666864));
#2647 = VECTOR('',#2648,1.);
#2648 = DIRECTION('',(1.945560127085E-03,0.979700089385,-0.20045934664)
  );
#2649 = ADVANCED_FACE('',(#2650),#2668,.T.);
#2650 = FACE_BOUND('',#2651,.T.);
#2651 = EDGE_LOOP('',(#2652,#2653,#2661,#2667));
#2652 = ORIENTED_EDGE('',*,*,#1070,.F.);
#2653 = ORIENTED_EDGE('',*,*,#2654,.T.);
#2654 = EDGE_CURVE('',#1054,#2655,#2657,.T.);
#2655 = VERTEX_POINT('',#2656);
#2656 = CARTESIAN_POINT('',(13.29485740829,7.546734717987,
    10.771312119919));
#2657 = LINE('',#2658,#2659);
#2658 = CARTESIAN_POINT('',(13.296802968417,8.526434807372,
    10.57085277328));
#2659 = VECTOR('',#2660,1.);
#2660 = DIRECTION('',(-1.945560127085E-03,-0.979700089385,0.20045934664)
  );
#2661 = ORIENTED_EDGE('',*,*,#2662,.T.);
#2662 = EDGE_CURVE('',#2655,#2629,#2663,.T.);
#2663 = B_SPLINE_CURVE_WITH_KNOTS('',2,(#2664,#2665,#2666),
  .UNSPECIFIED.,.F.,.F.,(3,3),(0.,1.),.PIECEWISE_BEZIER_KNOTS.);
#2664 = CARTESIAN_POINT('',(13.29485740829,7.546734717987,
    10.771312119919));
#2665 = CARTESIAN_POINT('',(13.103950811172,7.639507094897,
    11.222863455418));
#2666 = CARTESIAN_POINT('',(12.636210027724,7.688498808509,
    11.457759803109));
#2667 = ORIENTED_EDGE('',*,*,#2628,.F.);
#2668 = SURFACE_OF_LINEAR_EXTRUSION('',#2669,#2673);
#2669 = B_SPLINE_CURVE_WITH_KNOTS('',2,(#2670,#2671,#2672),
  .UNSPECIFIED.,.F.,.F.,(3,3),(0.,1.),.PIECEWISE_BEZIER_KNOTS.);
#2670 = CARTESIAN_POINT('',(13.296802968417,8.526434807372,
    10.57085277328));
#2671 = CARTESIAN_POINT('',(13.105896371299,8.619207184282,
    11.022404108778));
#2672 = CARTESIAN_POINT('',(12.638155587851,8.668198897894,
    11.25730045647));
#2673 = VECTOR('',#2674,1.);
#2674 = DIRECTION('',(1.945560127085E-03,0.979700089385,-0.20045934664)
  );
#2675 = ADVANCED_FACE('',(#2676),#2694,.T.);
#2676 = FACE_BOUND('',#2677,.T.);
#2677 = EDGE_LOOP('',(#2678,#2679,#2687,#2693));
#2678 = ORIENTED_EDGE('',*,*,#1053,.F.);
#2679 = ORIENTED_EDGE('',*,*,#2680,.T.);
#2680 = EDGE_CURVE('',#1026,#2681,#2683,.T.);
#2681 = VERTEX_POINT('',#2682);
#2682 = CARTESIAN_POINT('',(13.486559057177,7.28642628874,9.500973626924
    ));
#2683 = LINE('',#2684,#2685);
#2684 = CARTESIAN_POINT('',(13.488504617304,8.266126378124,
    9.300514280285));
#2685 = VECTOR('',#2686,1.);
#2686 = DIRECTION('',(-1.945560127085E-03,-0.979700089385,0.20045934664)
  );
#2687 = ORIENTED_EDGE('',*,*,#2688,.T.);
#2688 = EDGE_CURVE('',#2681,#2655,#2689,.T.);
#2689 = B_SPLINE_CURVE_WITH_KNOTS('',2,(#2690,#2691,#2692),
  .UNSPECIFIED.,.F.,.F.,(3,3),(0.,1.),.PIECEWISE_BEZIER_KNOTS.);
#2690 = CARTESIAN_POINT('',(13.486559057177,7.28642628874,9.500973626924
    ));
#2691 = CARTESIAN_POINT('',(13.485764005407,7.453962341077,
    10.319760784421));
#2692 = CARTESIAN_POINT('',(13.29485740829,7.546734717987,
    10.771312119919));
#2693 = ORIENTED_EDGE('',*,*,#2654,.F.);
#2694 = SURFACE_OF_LINEAR_EXTRUSION('',#2695,#2699);
#2695 = B_SPLINE_CURVE_WITH_KNOTS('',2,(#2696,#2697,#2698),
  .UNSPECIFIED.,.F.,.F.,(3,3),(0.,1.),.PIECEWISE_BEZIER_KNOTS.);
#2696 = CARTESIAN_POINT('',(13.488504617304,8.266126378124,
    9.300514280285));
#2697 = CARTESIAN_POINT('',(13.487709565534,8.433662430461,
    10.119301437782));
#2698 = CARTESIAN_POINT('',(13.296802968417,8.526434807372,
    10.57085277328));
#2699 = VECTOR('',#2700,1.);
#2700 = DIRECTION('',(1.945560127085E-03,0.979700089385,-0.20045934664)
  );
#2701 = ADVANCED_FACE('',(#2702),#2720,.T.);
#2702 = FACE_BOUND('',#2703,.T.);
#2703 = EDGE_LOOP('',(#2704,#2705,#2713,#2719));
#2704 = ORIENTED_EDGE('',*,*,#1025,.F.);
#2705 = ORIENTED_EDGE('',*,*,#2706,.T.);
#2706 = EDGE_CURVE('',#1007,#2707,#2709,.T.);
#2707 = VERTEX_POINT('',#2708);
#2708 = CARTESIAN_POINT('',(13.293123766747,6.999878088712,
    8.098656190094));
#2709 = LINE('',#2710,#2711);
#2710 = CARTESIAN_POINT('',(13.295069326874,7.979578178097,
    7.898196843455));
#2711 = VECTOR('',#2712,1.);
#2712 = DIRECTION('',(-1.945560127085E-03,-0.979700089385,0.20045934664)
  );
#2713 = ORIENTED_EDGE('',*,*,#2714,.T.);
#2714 = EDGE_CURVE('',#2707,#2681,#2715,.T.);
#2715 = B_SPLINE_CURVE_WITH_KNOTS('',2,(#2716,#2717,#2718),
  .UNSPECIFIED.,.F.,.F.,(3,3),(0.,1.),.PIECEWISE_BEZIER_KNOTS.);
#2716 = CARTESIAN_POINT('',(13.293123766747,6.999878088712,
    8.098656190094));
#2717 = CARTESIAN_POINT('',(13.487630016069,7.060750135367,
    8.398042445504));
#2718 = CARTESIAN_POINT('',(13.486559057177,7.28642628874,9.500973626924
    ));
#2719 = ORIENTED_EDGE('',*,*,#2680,.F.);
#2720 = SURFACE_OF_LINEAR_EXTRUSION('',#2721,#2725);
#2721 = B_SPLINE_CURVE_WITH_KNOTS('',2,(#2722,#2723,#2724),
  .UNSPECIFIED.,.F.,.F.,(3,3),(0.,1.),.PIECEWISE_BEZIER_KNOTS.);
#2722 = CARTESIAN_POINT('',(13.295069326874,7.979578178097,
    7.898196843455));
#2723 = CARTESIAN_POINT('',(13.489575576196,8.040450224752,
    8.197583098864));
#2724 = CARTESIAN_POINT('',(13.488504617304,8.266126378124,
    9.300514280285));
#2725 = VECTOR('',#2726,1.);
#2726 = DIRECTION('',(1.945560127085E-03,0.979700089385,-0.20045934664)
  );
#2727 = ADVANCED_FACE('',(#2728),#2739,.T.);
#2728 = FACE_BOUND('',#2729,.T.);
#2729 = EDGE_LOOP('',(#2730,#2731,#2732,#2738));
#2730 = ORIENTED_EDGE('',*,*,#1006,.F.);
#2731 = ORIENTED_EDGE('',*,*,#1823,.T.);
#2732 = ORIENTED_EDGE('',*,*,#2733,.T.);
#2733 = EDGE_CURVE('',#1816,#2707,#2734,.T.);
#2734 = B_SPLINE_CURVE_WITH_KNOTS('',2,(#2735,#2736,#2737),
  .UNSPECIFIED.,.F.,.F.,(3,3),(0.,1.),.PIECEWISE_BEZIER_KNOTS.);
#2735 = CARTESIAN_POINT('',(12.70049413099,6.912788547894,7.667273822733
    ));
#2736 = CARTESIAN_POINT('',(13.098617517425,6.939006042057,
    7.799269934685));
#2737 = CARTESIAN_POINT('',(13.293123766747,6.999878088712,
    8.098656190094));
#2738 = ORIENTED_EDGE('',*,*,#2706,.F.);
#2739 = SURFACE_OF_LINEAR_EXTRUSION('',#2740,#2744);
#2740 = B_SPLINE_CURVE_WITH_KNOTS('',2,(#2741,#2742,#2743),
  .UNSPECIFIED.,.F.,.F.,(3,3),(0.,1.),.PIECEWISE_BEZIER_KNOTS.);
#2741 = CARTESIAN_POINT('',(12.702439691117,7.892488637279,
    7.466814476093));
#2742 = CARTESIAN_POINT('',(13.100563077552,7.918706131442,
    7.598810588046));
#2743 = CARTESIAN_POINT('',(13.295069326874,7.979578178097,
    7.898196843455));
#2744 = VECTOR('',#2745,1.);
#2745 = DIRECTION('',(1.945560127085E-03,0.979700089385,-0.20045934664)
  );
#2746 = ADVANCED_FACE('',(#2747),#2772,.T.);
#2747 = FACE_BOUND('',#2748,.T.);
#2748 = EDGE_LOOP('',(#2749,#2750,#2758,#2766));
#2749 = ORIENTED_EDGE('',*,*,#1570,.T.);
#2750 = ORIENTED_EDGE('',*,*,#2751,.T.);
#2751 = EDGE_CURVE('',#1573,#2752,#2754,.T.);
#2752 = VERTEX_POINT('',#2753);
#2753 = CARTESIAN_POINT('',(9.046400921237,6.310007928225,4.685853923698
    ));
#2754 = LINE('',#2755,#2756);
#2755 = CARTESIAN_POINT('',(9.048346481364,7.28970801761,4.485394577059)
  );
#2756 = VECTOR('',#2757,1.);
#2757 = DIRECTION('',(-1.945560127085E-03,-0.979700089385,0.20045934664)
  );
#2758 = ORIENTED_EDGE('',*,*,#2759,.T.);
#2759 = EDGE_CURVE('',#2752,#2760,#2762,.T.);
#2760 = VERTEX_POINT('',#2761);
#2761 = CARTESIAN_POINT('',(8.00014963478,6.945379957325,7.780937786418)
  );
#2762 = LINE('',#2763,#2764);
#2763 = CARTESIAN_POINT('',(9.046400921237,6.310007928225,4.685853923698
    ));
#2764 = VECTOR('',#2765,1.);
#2765 = DIRECTION('',(-0.314345761188,0.190897260257,0.929916651345));
#2766 = ORIENTED_EDGE('',*,*,#2767,.F.);
#2767 = EDGE_CURVE('',#1571,#2760,#2768,.T.);
#2768 = LINE('',#2769,#2770);
#2769 = CARTESIAN_POINT('',(8.002095194907,7.92508004671,7.580478439779)
  );
#2770 = VECTOR('',#2771,1.);
#2771 = DIRECTION('',(-1.945560127085E-03,-0.979700089385,0.20045934664)
  );
#2772 = PLANE('',#2773);
#2773 = AXIS2_PLACEMENT_3D('',#2774,#2775,#2776);
#2774 = CARTESIAN_POINT('',(9.048346481364,7.28970801761,4.485394577059)
  );
#2775 = DIRECTION('',(-0.94930656651,-6.120433714837E-02,-0.308335972432
    ));
#2776 = DIRECTION('',(-0.314345761188,0.190897260257,0.929916651345));
#2777 = ADVANCED_FACE('',(#2778),#2796,.T.);
#2778 = FACE_BOUND('',#2779,.T.);
#2779 = EDGE_LOOP('',(#2780,#2781,#2789,#2795));
#2780 = ORIENTED_EDGE('',*,*,#1685,.T.);
#2781 = ORIENTED_EDGE('',*,*,#2782,.T.);
#2782 = EDGE_CURVE('',#1676,#2783,#2785,.T.);
#2783 = VERTEX_POINT('',#2784);
#2784 = CARTESIAN_POINT('',(7.336518717357,6.312941016181,4.683593454867
    ));
#2785 = LINE('',#2786,#2787);
#2786 = CARTESIAN_POINT('',(7.338464277484,7.292641105566,4.483134108227
    ));
#2787 = VECTOR('',#2788,1.);
#2788 = DIRECTION('',(-1.945560127085E-03,-0.979700089385,0.20045934664)
  );
#2789 = ORIENTED_EDGE('',*,*,#2790,.T.);
#2790 = EDGE_CURVE('',#2783,#2752,#2791,.T.);
#2791 = LINE('',#2792,#2793);
#2792 = CARTESIAN_POINT('',(7.336518717357,6.312941016181,4.683593454867
    ));
#2793 = VECTOR('',#2794,1.);
#2794 = DIRECTION('',(0.999997654908,-1.715370258324E-03,
    1.321999565512E-03));
#2795 = ORIENTED_EDGE('',*,*,#2751,.F.);
#2796 = PLANE('',#2797);
#2797 = AXIS2_PLACEMENT_3D('',#2798,#2799,#2800);
#2798 = CARTESIAN_POINT('',(7.338464277484,7.292641105566,4.483134108227
    ));
#2799 = DIRECTION('',(-9.513010912701E-04,0.200461448574,0.979701129254)
  );
#2800 = DIRECTION('',(0.999997654908,-1.715370258324E-03,
    1.321999565512E-03));
#2801 = ADVANCED_FACE('',(#2802),#2820,.T.);
#2802 = FACE_BOUND('',#2803,.T.);
#2803 = EDGE_LOOP('',(#2804,#2805,#2813,#2819));
#2804 = ORIENTED_EDGE('',*,*,#1675,.F.);
#2805 = ORIENTED_EDGE('',*,*,#2806,.T.);
#2806 = EDGE_CURVE('',#1666,#2807,#2809,.T.);
#2807 = VERTEX_POINT('',#2808);
#2808 = CARTESIAN_POINT('',(6.524442967666,6.859515972255,7.346974335192
    ));
#2809 = LINE('',#2810,#2811);
#2810 = CARTESIAN_POINT('',(6.526388527793,7.83921606164,7.146514988552)
  );
#2811 = VECTOR('',#2812,1.);
#2812 = DIRECTION('',(-1.945560127085E-03,-0.979700089385,0.20045934664)
  );
#2813 = ORIENTED_EDGE('',*,*,#2814,.T.);
#2814 = EDGE_CURVE('',#2807,#2783,#2815,.T.);
#2815 = LINE('',#2816,#2817);
#2816 = CARTESIAN_POINT('',(6.524442967666,6.859515972255,7.346974335192
    ));
#2817 = VECTOR('',#2818,1.);
#2818 = DIRECTION('',(0.28618694046,-0.192620718536,-0.938612962781));
#2819 = ORIENTED_EDGE('',*,*,#2782,.F.);
#2820 = PLANE('',#2821);
#2821 = AXIS2_PLACEMENT_3D('',#2822,#2823,#2824);
#2822 = CARTESIAN_POINT('',(6.526388527793,7.83921606164,7.146514988552)
  );
#2823 = DIRECTION('',(0.958171826921,5.554271914629E-02,0.280752126339)
  );
#2824 = DIRECTION('',(0.28618694046,-0.192620718536,-0.938612962781));
#2825 = ADVANCED_FACE('',(#2826),#2844,.T.);
#2826 = FACE_BOUND('',#2827,.T.);
#2827 = EDGE_LOOP('',(#2828,#2829,#2837,#2843));
#2828 = ORIENTED_EDGE('',*,*,#1665,.T.);
#2829 = ORIENTED_EDGE('',*,*,#2830,.T.);
#2830 = EDGE_CURVE('',#1653,#2831,#2833,.T.);
#2831 = VERTEX_POINT('',#2832);
#2832 = CARTESIAN_POINT('',(6.52703018033,6.314329591998,4.682523308863)
  );
#2833 = LINE('',#2834,#2835);
#2834 = CARTESIAN_POINT('',(6.528975740457,7.294029681383,4.482063962223
    ));
#2835 = VECTOR('',#2836,1.);
#2836 = DIRECTION('',(-1.945560127085E-03,-0.979700089385,0.20045934664)
  );
#2837 = ORIENTED_EDGE('',*,*,#2838,.T.);
#2838 = EDGE_CURVE('',#2831,#2807,#2839,.T.);
#2839 = LINE('',#2840,#2841);
#2840 = CARTESIAN_POINT('',(6.52703018033,6.314329591998,4.682523308863)
  );
#2841 = VECTOR('',#2842,1.);
#2842 = DIRECTION('',(-9.513010912701E-04,0.200461448574,0.979701129254)
  );
#2843 = ORIENTED_EDGE('',*,*,#2806,.F.);
#2844 = PLANE('',#2845);
#2845 = AXIS2_PLACEMENT_3D('',#2846,#2847,#2848);
#2846 = CARTESIAN_POINT('',(6.528975740457,7.294029681383,4.482063962223
    ));
#2847 = DIRECTION('',(-0.999997654908,1.715370258324E-03,
    -1.321999565512E-03));
#2848 = DIRECTION('',(-9.513010912701E-04,0.200461448574,0.979701129254)
  );
#2849 = ADVANCED_FACE('',(#2850),#2868,.T.);
#2850 = FACE_BOUND('',#2851,.T.);
#2851 = EDGE_LOOP('',(#2852,#2853,#2861,#2867));
#2852 = ORIENTED_EDGE('',*,*,#1652,.T.);
#2853 = ORIENTED_EDGE('',*,*,#2854,.T.);
#2854 = EDGE_CURVE('',#1643,#2855,#2857,.T.);
#2855 = VERTEX_POINT('',#2856);
#2856 = CARTESIAN_POINT('',(4.704598768093,6.317455743972,4.680114049678
    ));
#2857 = LINE('',#2858,#2859);
#2858 = CARTESIAN_POINT('',(4.70654432822,7.297155833357,4.479654703038)
  );
#2859 = VECTOR('',#2860,1.);
#2860 = DIRECTION('',(-1.945560127085E-03,-0.979700089385,0.20045934664)
  );
#2861 = ORIENTED_EDGE('',*,*,#2862,.T.);
#2862 = EDGE_CURVE('',#2855,#2831,#2863,.T.);
#2863 = LINE('',#2864,#2865);
#2864 = CARTESIAN_POINT('',(4.704598768093,6.317455743972,4.680114049678
    ));
#2865 = VECTOR('',#2866,1.);
#2866 = DIRECTION('',(0.999997654908,-1.715370258324E-03,
    1.321999565512E-03));
#2867 = ORIENTED_EDGE('',*,*,#2830,.F.);
#2868 = PLANE('',#2869);
#2869 = AXIS2_PLACEMENT_3D('',#2870,#2871,#2872);
#2870 = CARTESIAN_POINT('',(4.70654432822,7.297155833357,4.479654703038)
  );
#2871 = DIRECTION('',(-9.513010912701E-04,0.200461448574,0.979701129254)
  );
#2872 = DIRECTION('',(0.999997654908,-1.715370258324E-03,
    1.321999565512E-03));
#2873 = ADVANCED_FACE('',(#2874),#2892,.T.);
#2874 = FACE_BOUND('',#2875,.T.);
#2875 = EDGE_LOOP('',(#2876,#2877,#2885,#2891));
#2876 = ORIENTED_EDGE('',*,*,#1642,.F.);
#2877 = ORIENTED_EDGE('',*,*,#2878,.T.);
#2878 = EDGE_CURVE('',#1630,#2879,#2881,.T.);
#2879 = VERTEX_POINT('',#2880);
#2880 = CARTESIAN_POINT('',(4.697939660454,7.720685883988,
    11.538021954457));
#2881 = LINE('',#2882,#2883);
#2882 = CARTESIAN_POINT('',(4.699885220581,8.700385973373,
    11.337562607818));
#2883 = VECTOR('',#2884,1.);
#2884 = DIRECTION('',(-1.945560127085E-03,-0.979700089385,0.20045934664)
  );
#2885 = ORIENTED_EDGE('',*,*,#2886,.T.);
#2886 = EDGE_CURVE('',#2879,#2855,#2887,.T.);
#2887 = LINE('',#2888,#2889);
#2888 = CARTESIAN_POINT('',(4.697939660454,7.720685883988,
    11.538021954457));
#2889 = VECTOR('',#2890,1.);
#2890 = DIRECTION('',(9.513010912701E-04,-0.200461448574,-0.979701129254
    ));
#2891 = ORIENTED_EDGE('',*,*,#2854,.F.);
#2892 = PLANE('',#2893);
#2893 = AXIS2_PLACEMENT_3D('',#2894,#2895,#2896);
#2894 = CARTESIAN_POINT('',(4.699885220581,8.700385973373,
    11.337562607818));
#2895 = DIRECTION('',(0.999997654908,-1.715370258324E-03,
    1.321999565512E-03));
#2896 = DIRECTION('',(9.513010912701E-04,-0.200461448574,-0.979701129254
    ));
#2897 = ADVANCED_FACE('',(#2898),#2916,.T.);
#2898 = FACE_BOUND('',#2899,.T.);
#2899 = EDGE_LOOP('',(#2900,#2901,#2909,#2915));
#2900 = ORIENTED_EDGE('',*,*,#1629,.F.);
#2901 = ORIENTED_EDGE('',*,*,#2902,.T.);
#2902 = EDGE_CURVE('',#1620,#2903,#2905,.T.);
#2903 = VERTEX_POINT('',#2904);
#2904 = CARTESIAN_POINT('',(6.520371072691,7.717559732014,
    11.540431213642));
#2905 = LINE('',#2906,#2907);
#2906 = CARTESIAN_POINT('',(6.522316632818,8.697259821399,
    11.339971867003));
#2907 = VECTOR('',#2908,1.);
#2908 = DIRECTION('',(-1.945560127085E-03,-0.979700089385,0.20045934664)
  );
#2909 = ORIENTED_EDGE('',*,*,#2910,.T.);
#2910 = EDGE_CURVE('',#2903,#2879,#2911,.T.);
#2911 = LINE('',#2912,#2913);
#2912 = CARTESIAN_POINT('',(6.520371072691,7.717559732014,
    11.540431213642));
#2913 = VECTOR('',#2914,1.);
#2914 = DIRECTION('',(-0.999997654908,1.715370258324E-03,
    -1.321999565512E-03));
#2915 = ORIENTED_EDGE('',*,*,#2878,.F.);
#2916 = PLANE('',#2917);
#2917 = AXIS2_PLACEMENT_3D('',#2918,#2919,#2920);
#2918 = CARTESIAN_POINT('',(6.522316632818,8.697259821399,
    11.339971867003));
#2919 = DIRECTION('',(9.513010912701E-04,-0.200461448574,-0.979701129254
    ));
#2920 = DIRECTION('',(-0.999997654908,1.715370258324E-03,
    -1.321999565512E-03));
#2921 = ADVANCED_FACE('',(#2922),#2940,.T.);
#2922 = FACE_BOUND('',#2923,.T.);
#2923 = EDGE_LOOP('',(#2924,#2925,#2933,#2939));
#2924 = ORIENTED_EDGE('',*,*,#1619,.T.);
#2925 = ORIENTED_EDGE('',*,*,#2926,.T.);
#2926 = EDGE_CURVE('',#1610,#2927,#2929,.T.);
#2927 = VERTEX_POINT('',#2928);
#2928 = CARTESIAN_POINT('',(6.523225681911,7.116026626973,8.600600804923
    ));
#2929 = LINE('',#2930,#2931);
#2930 = CARTESIAN_POINT('',(6.525171242038,8.095726716358,8.400141458283
    ));
#2931 = VECTOR('',#2932,1.);
#2932 = DIRECTION('',(-1.945560127085E-03,-0.979700089385,0.20045934664)
  );
#2933 = ORIENTED_EDGE('',*,*,#2934,.T.);
#2934 = EDGE_CURVE('',#2927,#2903,#2935,.T.);
#2935 = LINE('',#2936,#2937);
#2936 = CARTESIAN_POINT('',(6.523225681911,7.116026626973,8.600600804923
    ));
#2937 = VECTOR('',#2938,1.);
#2938 = DIRECTION('',(-9.513010912701E-04,0.200461448574,0.979701129254)
  );
#2939 = ORIENTED_EDGE('',*,*,#2902,.F.);
#2940 = PLANE('',#2941);
#2941 = AXIS2_PLACEMENT_3D('',#2942,#2943,#2944);
#2942 = CARTESIAN_POINT('',(6.525171242038,8.095726716358,8.400141458283
    ));
#2943 = DIRECTION('',(-0.999997654908,1.715370258324E-03,
    -1.321999565512E-03));
#2944 = DIRECTION('',(-9.513010912701E-04,0.200461448574,0.979701129254)
  );
#2945 = ADVANCED_FACE('',(#2946),#2964,.T.);
#2946 = FACE_BOUND('',#2947,.T.);
#2947 = EDGE_LOOP('',(#2948,#2949,#2957,#2963));
#2948 = ORIENTED_EDGE('',*,*,#1609,.F.);
#2949 = ORIENTED_EDGE('',*,*,#2950,.T.);
#2950 = EDGE_CURVE('',#1596,#2951,#2953,.T.);
#2951 = VERTEX_POINT('',#2952);
#2952 = CARTESIAN_POINT('',(7.256269742716,7.716297390362,
    11.541404073646));
#2953 = LINE('',#2954,#2955);
#2954 = CARTESIAN_POINT('',(7.258215302843,8.695997479747,
    11.340944727006));
#2955 = VECTOR('',#2956,1.);
#2956 = DIRECTION('',(-1.945560127085E-03,-0.979700089385,0.20045934664)
  );
#2957 = ORIENTED_EDGE('',*,*,#2958,.T.);
#2958 = EDGE_CURVE('',#2951,#2927,#2959,.T.);
#2959 = LINE('',#2960,#2961);
#2960 = CARTESIAN_POINT('',(7.256269742716,7.716297390362,
    11.541404073646));
#2961 = VECTOR('',#2962,1.);
#2962 = DIRECTION('',(-0.237257149689,-0.19428372451,-0.951820823113));
#2963 = ORIENTED_EDGE('',*,*,#2926,.F.);
#2964 = PLANE('',#2965);
#2965 = AXIS2_PLACEMENT_3D('',#2966,#2967,#2968);
#2966 = CARTESIAN_POINT('',(7.258215302843,8.695997479747,
    11.340944727006));
#2967 = DIRECTION('',(0.97144493396,-4.941223785383E-02,-0.23206286009)
  );
#2968 = DIRECTION('',(-0.237257149689,-0.19428372451,-0.951820823113));
#2969 = ADVANCED_FACE('',(#2970),#2988,.T.);
#2970 = FACE_BOUND('',#2971,.T.);
#2971 = EDGE_LOOP('',(#2972,#2973,#2981,#2987));
#2972 = ORIENTED_EDGE('',*,*,#1595,.F.);
#2973 = ORIENTED_EDGE('',*,*,#2974,.T.);
#2974 = EDGE_CURVE('',#1583,#2975,#2977,.T.);
#2975 = VERTEX_POINT('',#2976);
#2976 = CARTESIAN_POINT('',(9.139304574837,7.713067280841,
    11.543893450713));
#2977 = LINE('',#2978,#2979);
#2978 = CARTESIAN_POINT('',(9.141250134964,8.692767370226,
    11.343434104074));
#2979 = VECTOR('',#2980,1.);
#2980 = DIRECTION('',(-1.945560127085E-03,-0.979700089385,0.20045934664)
  );
#2981 = ORIENTED_EDGE('',*,*,#2982,.T.);
#2982 = EDGE_CURVE('',#2975,#2951,#2983,.T.);
#2983 = LINE('',#2984,#2985);
#2984 = CARTESIAN_POINT('',(9.139304574837,7.713067280841,
    11.543893450713));
#2985 = VECTOR('',#2986,1.);
#2986 = DIRECTION('',(-0.999997654908,1.715370258324E-03,
    -1.321999565512E-03));
#2987 = ORIENTED_EDGE('',*,*,#2950,.F.);
#2988 = PLANE('',#2989);
#2989 = AXIS2_PLACEMENT_3D('',#2990,#2991,#2992);
#2990 = CARTESIAN_POINT('',(9.141250134964,8.692767370226,
    11.343434104074));
#2991 = DIRECTION('',(9.513010912701E-04,-0.200461448574,-0.979701129254
    ));
#2992 = DIRECTION('',(-0.999997654908,1.715370258324E-03,
    -1.321999565512E-03));
#2993 = ADVANCED_FACE('',(#2994),#3005,.T.);
#2994 = FACE_BOUND('',#2995,.T.);
#2995 = EDGE_LOOP('',(#2996,#2997,#2998,#3004));
#2996 = ORIENTED_EDGE('',*,*,#1582,.T.);
#2997 = ORIENTED_EDGE('',*,*,#2767,.T.);
#2998 = ORIENTED_EDGE('',*,*,#2999,.T.);
#2999 = EDGE_CURVE('',#2760,#2975,#3000,.T.);
#3000 = LINE('',#3001,#3002);
#3001 = CARTESIAN_POINT('',(8.00014963478,6.945379957325,7.780937786418)
  );
#3002 = VECTOR('',#3003,1.);
#3003 = DIRECTION('',(0.284372672153,0.191641442169,0.939364541047));
#3004 = ORIENTED_EDGE('',*,*,#2974,.F.);
#3005 = PLANE('',#3006);
#3006 = AXIS2_PLACEMENT_3D('',#3007,#3008,#3009);
#3007 = CARTESIAN_POINT('',(8.002095194907,7.92508004671,7.580478439779)
  );
#3008 = DIRECTION('',(-0.958711843115,5.883275025777E-02,0.278227082378)
  );
#3009 = DIRECTION('',(0.284372672153,0.191641442169,0.939364541047));
#3010 = ADVANCED_FACE('',(#3011),#3050,.T.);
#3011 = FACE_BOUND('',#3012,.T.);
#3012 = EDGE_LOOP('',(#3013,#3014,#3015,#3016,#3017,#3018,#3019,#3020,
    #3021,#3022,#3023,#3024,#3025,#3026,#3027,#3028,#3029,#3030,#3031,
    #3032,#3033,#3034,#3035,#3036,#3037,#3038,#3039,#3040,#3041,#3042,
    #3043,#3044,#3045,#3046,#3047,#3048,#3049));
#3013 = ORIENTED_EDGE('',*,*,#2733,.F.);
#3014 = ORIENTED_EDGE('',*,*,#1815,.F.);
#3015 = ORIENTED_EDGE('',*,*,#1848,.F.);
#3016 = ORIENTED_EDGE('',*,*,#1874,.F.);
#3017 = ORIENTED_EDGE('',*,*,#1900,.F.);
#3018 = ORIENTED_EDGE('',*,*,#1926,.F.);
#3019 = ORIENTED_EDGE('',*,*,#1952,.F.);
#3020 = ORIENTED_EDGE('',*,*,#1978,.F.);
#3021 = ORIENTED_EDGE('',*,*,#2002,.F.);
#3022 = ORIENTED_EDGE('',*,*,#2026,.F.);
#3023 = ORIENTED_EDGE('',*,*,#2050,.F.);
#3024 = ORIENTED_EDGE('',*,*,#2076,.F.);
#3025 = ORIENTED_EDGE('',*,*,#2102,.F.);
#3026 = ORIENTED_EDGE('',*,*,#2128,.F.);
#3027 = ORIENTED_EDGE('',*,*,#2154,.F.);
#3028 = ORIENTED_EDGE('',*,*,#2178,.F.);
#3029 = ORIENTED_EDGE('',*,*,#2204,.F.);
#3030 = ORIENTED_EDGE('',*,*,#2230,.F.);
#3031 = ORIENTED_EDGE('',*,*,#2256,.F.);
#3032 = ORIENTED_EDGE('',*,*,#2280,.F.);
#3033 = ORIENTED_EDGE('',*,*,#2306,.F.);
#3034 = ORIENTED_EDGE('',*,*,#2332,.F.);
#3035 = ORIENTED_EDGE('',*,*,#2358,.F.);
#3036 = ORIENTED_EDGE('',*,*,#2382,.F.);
#3037 = ORIENTED_EDGE('',*,*,#2408,.F.);
#3038 = ORIENTED_EDGE('',*,*,#2434,.F.);
#3039 = ORIENTED_EDGE('',*,*,#2460,.F.);
#3040 = ORIENTED_EDGE('',*,*,#2486,.F.);
#3041 = ORIENTED_EDGE('',*,*,#2510,.F.);
#3042 = ORIENTED_EDGE('',*,*,#2534,.F.);
#3043 = ORIENTED_EDGE('',*,*,#2558,.F.);
#3044 = ORIENTED_EDGE('',*,*,#2584,.F.);
#3045 = ORIENTED_EDGE('',*,*,#2610,.F.);
#3046 = ORIENTED_EDGE('',*,*,#2636,.F.);
#3047 = ORIENTED_EDGE('',*,*,#2662,.F.);
#3048 = ORIENTED_EDGE('',*,*,#2688,.F.);
#3049 = ORIENTED_EDGE('',*,*,#2714,.F.);
#3050 = PLANE('',#3051);
#3051 = AXIS2_PLACEMENT_3D('',#3052,#3053,#3054);
#3052 = CARTESIAN_POINT('',(11.389674624179,7.002423371367,
    8.092621744053));
#3053 = DIRECTION('',(1.945560127085E-03,0.979700089385,-0.20045934664)
  );
#3054 = DIRECTION('',(0.999997654908,-1.715370258324E-03,
    1.321999565512E-03));
#3055 = ADVANCED_FACE('',(#3056),#3069,.T.);
#3056 = FACE_BOUND('',#3057,.T.);
#3057 = EDGE_LOOP('',(#3058,#3059,#3060,#3061,#3062,#3063,#3064,#3065,
    #3066,#3067,#3068));
#3058 = ORIENTED_EDGE('',*,*,#2759,.F.);
#3059 = ORIENTED_EDGE('',*,*,#2790,.F.);
#3060 = ORIENTED_EDGE('',*,*,#2814,.F.);
#3061 = ORIENTED_EDGE('',*,*,#2838,.F.);
#3062 = ORIENTED_EDGE('',*,*,#2862,.F.);
#3063 = ORIENTED_EDGE('',*,*,#2886,.F.);
#3064 = ORIENTED_EDGE('',*,*,#2910,.F.);
#3065 = ORIENTED_EDGE('',*,*,#2934,.F.);
#3066 = ORIENTED_EDGE('',*,*,#2958,.F.);
#3067 = ORIENTED_EDGE('',*,*,#2982,.F.);
#3068 = ORIENTED_EDGE('',*,*,#2999,.F.);
#3069 = PLANE('',#3070);
#3070 = AXIS2_PLACEMENT_3D('',#3071,#3072,#3073);
#3071 = CARTESIAN_POINT('',(6.736291172502,7.020602146968,8.136302973827
    ));
#3072 = DIRECTION('',(1.945560127085E-03,0.979700089385,-0.20045934664)
  );
#3073 = DIRECTION('',(0.999997654908,-1.715370258324E-03,
    1.321999565512E-03));
#3074 = ADVANCED_FACE('',(#3075),#3103,.T.);
#3075 = FACE_BOUND('',#3076,.T.);
#3076 = EDGE_LOOP('',(#3077,#3078,#3085,#3094,#3101,#3102));
#3077 = ORIENTED_EDGE('',*,*,#60,.F.);
#3078 = ORIENTED_EDGE('',*,*,#3079,.T.);
#3079 = EDGE_CURVE('',#24,#3080,#3082,.T.);
#3080 = VERTEX_POINT('',#3081);
#3081 = CARTESIAN_POINT('',(9.,0.,6.252832774127));
#3082 = B_SPLINE_CURVE_WITH_KNOTS('',1,(#3083,#3084),.UNSPECIFIED.,.F.,
  .F.,(2,2),(3.83616915466,9.748860742939),.PIECEWISE_BEZIER_KNOTS.);
#3083 = CARTESIAN_POINT('',(9.,5.912691588279,6.252832774127));
#3084 = CARTESIAN_POINT('',(9.,0.,6.252832774127));
#3085 = ORIENTED_EDGE('',*,*,#3086,.F.);
#3086 = EDGE_CURVE('',#3087,#3080,#3089,.T.);
#3087 = VERTEX_POINT('',#3088);
#3088 = CARTESIAN_POINT('',(9.,0.,11.672832774127));
#3089 = CIRCLE('',#3090,2.71);
#3090 = AXIS2_PLACEMENT_3D('',#3091,#3092,#3093);
#3091 = CARTESIAN_POINT('',(9.,0.,8.962832774127));
#3092 = DIRECTION('',(0.,-1.,0.));
#3093 = DIRECTION('',(0.,0.,-1.));
#3094 = ORIENTED_EDGE('',*,*,#3095,.F.);
#3095 = EDGE_CURVE('',#3080,#3087,#3096,.T.);
#3096 = CIRCLE('',#3097,2.71);
#3097 = AXIS2_PLACEMENT_3D('',#3098,#3099,#3100);
#3098 = CARTESIAN_POINT('',(9.,0.,8.962832774127));
#3099 = DIRECTION('',(0.,-1.,0.));
#3100 = DIRECTION('',(0.,0.,-1.));
#3101 = ORIENTED_EDGE('',*,*,#3079,.F.);
#3102 = ORIENTED_EDGE('',*,*,#21,.F.);
#3103 = CYLINDRICAL_SURFACE('',#3104,2.71);
#3104 = AXIS2_PLACEMENT_3D('',#3105,#3106,#3107);
#3105 = CARTESIAN_POINT('',(9.,9.748860742939,8.962832774127));
#3106 = DIRECTION('',(0.,-1.,0.));
#3107 = DIRECTION('',(0.,0.,-1.));
#3108 = ADVANCED_FACE('',(#3109,#3207),#3211,.T.);
#3109 = FACE_BOUND('',#3110,.T.);
#3110 = EDGE_LOOP('',(#3111,#3121,#3129,#3137,#3145,#3153,#3161,#3169,
    #3177,#3185,#3193,#3201));
#3111 = ORIENTED_EDGE('',*,*,#3112,.F.);
#3112 = EDGE_CURVE('',#3113,#3115,#3117,.T.);
#3113 = VERTEX_POINT('',#3114);
#3114 = CARTESIAN_POINT('',(11.5,0.,9.562832774127));
#3115 = VERTEX_POINT('',#3116);
#3116 = CARTESIAN_POINT('',(9.6,0.,9.562832774127));
#3117 = LINE('',#3118,#3119);
#3118 = CARTESIAN_POINT('',(9.6,0.,9.562832774127));
#3119 = VECTOR('',#3120,1.);
#3120 = DIRECTION('',(-1.,-0.,-0.));
#3121 = ORIENTED_EDGE('',*,*,#3122,.T.);
#3122 = EDGE_CURVE('',#3113,#3123,#3125,.T.);
#3123 = VERTEX_POINT('',#3124);
#3124 = CARTESIAN_POINT('',(11.5,0.,8.362832774127));
#3125 = LINE('',#3126,#3127);
#3126 = CARTESIAN_POINT('',(11.5,0.,8.362832774127));
#3127 = VECTOR('',#3128,1.);
#3128 = DIRECTION('',(0.,0.,-1.));
#3129 = ORIENTED_EDGE('',*,*,#3130,.F.);
#3130 = EDGE_CURVE('',#3131,#3123,#3133,.T.);
#3131 = VERTEX_POINT('',#3132);
#3132 = CARTESIAN_POINT('',(9.6,0.,8.362832774127));
#3133 = LINE('',#3134,#3135);
#3134 = CARTESIAN_POINT('',(9.6,0.,8.362832774127));
#3135 = VECTOR('',#3136,1.);
#3136 = DIRECTION('',(1.,0.,0.));
#3137 = ORIENTED_EDGE('',*,*,#3138,.F.);
#3138 = EDGE_CURVE('',#3139,#3131,#3141,.T.);
#3139 = VERTEX_POINT('',#3140);
#3140 = CARTESIAN_POINT('',(9.6,0.,6.462832774127));
#3141 = LINE('',#3142,#3143);
#3142 = CARTESIAN_POINT('',(9.6,0.,6.962832774127));
#3143 = VECTOR('',#3144,1.);
#3144 = DIRECTION('',(0.,0.,1.));
#3145 = ORIENTED_EDGE('',*,*,#3146,.T.);
#3146 = EDGE_CURVE('',#3139,#3147,#3149,.T.);
#3147 = VERTEX_POINT('',#3148);
#3148 = CARTESIAN_POINT('',(8.4,0.,6.462832774127));
#3149 = LINE('',#3150,#3151);
#3150 = CARTESIAN_POINT('',(8.4,0.,6.462832774127));
#3151 = VECTOR('',#3152,1.);
#3152 = DIRECTION('',(-1.,0.,0.));
#3153 = ORIENTED_EDGE('',*,*,#3154,.F.);
#3154 = EDGE_CURVE('',#3155,#3147,#3157,.T.);
#3155 = VERTEX_POINT('',#3156);
#3156 = CARTESIAN_POINT('',(8.4,0.,8.362832774127));
#3157 = LINE('',#3158,#3159);
#3158 = CARTESIAN_POINT('',(8.4,0.,6.962832774127));
#3159 = VECTOR('',#3160,1.);
#3160 = DIRECTION('',(-0.,-0.,-1.));
#3161 = ORIENTED_EDGE('',*,*,#3162,.F.);
#3162 = EDGE_CURVE('',#3163,#3155,#3165,.T.);
#3163 = VERTEX_POINT('',#3164);
#3164 = CARTESIAN_POINT('',(6.5,0.,8.362832774127));
#3165 = LINE('',#3166,#3167);
#3166 = CARTESIAN_POINT('',(7.,0.,8.362832774127));
#3167 = VECTOR('',#3168,1.);
#3168 = DIRECTION('',(1.,0.,0.));
#3169 = ORIENTED_EDGE('',*,*,#3170,.T.);
#3170 = EDGE_CURVE('',#3163,#3171,#3173,.T.);
#3171 = VERTEX_POINT('',#3172);
#3172 = CARTESIAN_POINT('',(6.5,0.,9.562832774127));
#3173 = LINE('',#3174,#3175);
#3174 = CARTESIAN_POINT('',(6.5,0.,9.562832774127));
#3175 = VECTOR('',#3176,1.);
#3176 = DIRECTION('',(0.,0.,1.));
#3177 = ORIENTED_EDGE('',*,*,#3178,.F.);
#3178 = EDGE_CURVE('',#3179,#3171,#3181,.T.);
#3179 = VERTEX_POINT('',#3180);
#3180 = CARTESIAN_POINT('',(8.4,0.,9.562832774127));
#3181 = LINE('',#3182,#3183);
#3182 = CARTESIAN_POINT('',(7.,0.,9.562832774127));
#3183 = VECTOR('',#3184,1.);
#3184 = DIRECTION('',(-1.,-0.,-0.));
#3185 = ORIENTED_EDGE('',*,*,#3186,.F.);
#3186 = EDGE_CURVE('',#3187,#3179,#3189,.T.);
#3187 = VERTEX_POINT('',#3188);
#3188 = CARTESIAN_POINT('',(8.4,0.,11.462832774127));
#3189 = LINE('',#3190,#3191);
#3190 = CARTESIAN_POINT('',(8.4,0.,9.562832774127));
#3191 = VECTOR('',#3192,1.);
#3192 = DIRECTION('',(-0.,-0.,-1.));
#3193 = ORIENTED_EDGE('',*,*,#3194,.T.);
#3194 = EDGE_CURVE('',#3187,#3195,#3197,.T.);
#3195 = VERTEX_POINT('',#3196);
#3196 = CARTESIAN_POINT('',(9.6,0.,11.462832774127));
#3197 = LINE('',#3198,#3199);
#3198 = CARTESIAN_POINT('',(9.6,0.,11.462832774127));
#3199 = VECTOR('',#3200,1.);
#3200 = DIRECTION('',(1.,0.,0.));
#3201 = ORIENTED_EDGE('',*,*,#3202,.F.);
#3202 = EDGE_CURVE('',#3115,#3195,#3203,.T.);
#3203 = LINE('',#3204,#3205);
#3204 = CARTESIAN_POINT('',(9.6,0.,9.562832774127));
#3205 = VECTOR('',#3206,1.);
#3206 = DIRECTION('',(0.,0.,1.));
#3207 = FACE_BOUND('',#3208,.T.);
#3208 = EDGE_LOOP('',(#3209,#3210));
#3209 = ORIENTED_EDGE('',*,*,#3095,.T.);
#3210 = ORIENTED_EDGE('',*,*,#3086,.T.);
#3211 = PLANE('',#3212);
#3212 = AXIS2_PLACEMENT_3D('',#3213,#3214,#3215);
#3213 = CARTESIAN_POINT('',(9.,0.,8.962832774127));
#3214 = DIRECTION('',(0.,-1.,0.));
#3215 = DIRECTION('',(0.,0.,-1.));
#3216 = ADVANCED_FACE('',(#3217),#3251,.F.);
#3217 = FACE_BOUND('',#3218,.T.);
#3218 = EDGE_LOOP('',(#3219,#3227,#3236,#3244,#3250));
#3219 = ORIENTED_EDGE('',*,*,#3220,.F.);
#3220 = EDGE_CURVE('',#3221,#3115,#3223,.T.);
#3221 = VERTEX_POINT('',#3222);
#3222 = CARTESIAN_POINT('',(9.6,6.59411588823,9.562832774127));
#3223 = LINE('',#3224,#3225);
#3224 = CARTESIAN_POINT('',(9.6,9.748860742939,9.562832774127));
#3225 = VECTOR('',#3226,1.);
#3226 = DIRECTION('',(0.,-1.,0.));
#3227 = ORIENTED_EDGE('',*,*,#3228,.T.);
#3228 = EDGE_CURVE('',#3221,#3229,#3231,.T.);
#3229 = VERTEX_POINT('',#3230);
#3230 = CARTESIAN_POINT('',(11.,6.655215433949,9.562832774127));
#3231 = B_SPLINE_CURVE_WITH_KNOTS('',3,(#3232,#3233,#3234,#3235),
  .UNSPECIFIED.,.F.,.F.,(4,4),(0.,1.401332635204E-03),
  .PIECEWISE_BEZIER_KNOTS.);
#3232 = CARTESIAN_POINT('',(9.6,6.59411588823,9.562832774127));
#3233 = CARTESIAN_POINT('',(10.067143926749,6.603546739251,
    9.562832774127));
#3234 = CARTESIAN_POINT('',(10.533809174986,6.623945755589,
    9.562832774127));
#3235 = CARTESIAN_POINT('',(11.,6.655215433949,9.562832774127));
#3236 = ORIENTED_EDGE('',*,*,#3237,.T.);
#3237 = EDGE_CURVE('',#3229,#3238,#3240,.T.);
#3238 = VERTEX_POINT('',#3239);
#3239 = CARTESIAN_POINT('',(11.,0.5,9.562832774127));
#3240 = LINE('',#3241,#3242);
#3241 = CARTESIAN_POINT('',(11.,9.748860742939,9.562832774127));
#3242 = VECTOR('',#3243,1.);
#3243 = DIRECTION('',(0.,-1.,0.));
#3244 = ORIENTED_EDGE('',*,*,#3245,.T.);
#3245 = EDGE_CURVE('',#3238,#3113,#3246,.T.);
#3246 = LINE('',#3247,#3248);
#3247 = CARTESIAN_POINT('',(5.67556962853,5.82443037147,9.562832774127)
  );
#3248 = VECTOR('',#3249,1.);
#3249 = DIRECTION('',(0.707106781187,-0.707106781187,0.));
#3250 = ORIENTED_EDGE('',*,*,#3112,.T.);
#3251 = PLANE('',#3252);
#3252 = AXIS2_PLACEMENT_3D('',#3253,#3254,#3255);
#3253 = CARTESIAN_POINT('',(9.6,9.748860742939,9.562832774127));
#3254 = DIRECTION('',(0.,0.,1.));
#3255 = DIRECTION('',(1.,0.,0.));
#3256 = ADVANCED_FACE('',(#3257),#3275,.T.);
#3257 = FACE_BOUND('',#3258,.T.);
#3258 = EDGE_LOOP('',(#3259,#3267,#3268,#3269));
#3259 = ORIENTED_EDGE('',*,*,#3260,.F.);
#3260 = EDGE_CURVE('',#3123,#3261,#3263,.T.);
#3261 = VERTEX_POINT('',#3262);
#3262 = CARTESIAN_POINT('',(11.,0.5,8.362832774127));
#3263 = LINE('',#3264,#3265);
#3264 = CARTESIAN_POINT('',(5.67556962853,5.82443037147,8.362832774127)
  );
#3265 = VECTOR('',#3266,1.);
#3266 = DIRECTION('',(-0.707106781187,0.707106781187,0.));
#3267 = ORIENTED_EDGE('',*,*,#3122,.F.);
#3268 = ORIENTED_EDGE('',*,*,#3245,.F.);
#3269 = ORIENTED_EDGE('',*,*,#3270,.F.);
#3270 = EDGE_CURVE('',#3261,#3238,#3271,.T.);
#3271 = LINE('',#3272,#3273);
#3272 = CARTESIAN_POINT('',(11.,0.5,9.562832774127));
#3273 = VECTOR('',#3274,1.);
#3274 = DIRECTION('',(0.,0.,1.));
#3275 = PLANE('',#3276);
#3276 = AXIS2_PLACEMENT_3D('',#3277,#3278,#3279);
#3277 = CARTESIAN_POINT('',(11.,0.5,8.362832774127));
#3278 = DIRECTION('',(-0.707106781187,-0.707106781187,-0.));
#3279 = DIRECTION('',(0.,0.,-1.));
#3280 = ADVANCED_FACE('',(#3281),#3308,.F.);
#3281 = FACE_BOUND('',#3282,.T.);
#3282 = EDGE_LOOP('',(#3283,#3291,#3300,#3306,#3307));
#3283 = ORIENTED_EDGE('',*,*,#3284,.F.);
#3284 = EDGE_CURVE('',#3285,#3261,#3287,.T.);
#3285 = VERTEX_POINT('',#3286);
#3286 = CARTESIAN_POINT('',(11.,6.41042069933,8.362832774127));
#3287 = LINE('',#3288,#3289);
#3288 = CARTESIAN_POINT('',(11.,9.748860742939,8.362832774127));
#3289 = VECTOR('',#3290,1.);
#3290 = DIRECTION('',(0.,-1.,0.));
#3291 = ORIENTED_EDGE('',*,*,#3292,.T.);
#3292 = EDGE_CURVE('',#3285,#3293,#3295,.T.);
#3293 = VERTEX_POINT('',#3294);
#3294 = CARTESIAN_POINT('',(9.6,6.349275905446,8.362832774127));
#3295 = B_SPLINE_CURVE_WITH_KNOTS('',3,(#3296,#3297,#3298,#3299),
  .UNSPECIFIED.,.F.,.F.,(4,4),(0.,1.401334608799E-03),
  .PIECEWISE_BEZIER_KNOTS.);
#3296 = CARTESIAN_POINT('',(11.,6.41042069933,8.362832774127));
#3297 = CARTESIAN_POINT('',(10.533809873434,6.379128014784,
    8.362832774127));
#3298 = CARTESIAN_POINT('',(10.067144629719,6.358713836248,
    8.362832774127));
#3299 = CARTESIAN_POINT('',(9.6,6.349275905446,8.362832774127));
#3300 = ORIENTED_EDGE('',*,*,#3301,.T.);
#3301 = EDGE_CURVE('',#3293,#3131,#3302,.T.);
#3302 = LINE('',#3303,#3304);
#3303 = CARTESIAN_POINT('',(9.6,9.748860742939,8.362832774127));
#3304 = VECTOR('',#3305,1.);
#3305 = DIRECTION('',(0.,-1.,0.));
#3306 = ORIENTED_EDGE('',*,*,#3130,.T.);
#3307 = ORIENTED_EDGE('',*,*,#3260,.T.);
#3308 = PLANE('',#3309);
#3309 = AXIS2_PLACEMENT_3D('',#3310,#3311,#3312);
#3310 = CARTESIAN_POINT('',(9.6,9.748860742939,8.362832774127));
#3311 = DIRECTION('',(0.,0.,-1.));
#3312 = DIRECTION('',(-1.,0.,0.));
#3313 = ADVANCED_FACE('',(#3314),#3341,.F.);
#3314 = FACE_BOUND('',#3315,.T.);
#3315 = EDGE_LOOP('',(#3316,#3317,#3326,#3334,#3340));
#3316 = ORIENTED_EDGE('',*,*,#3301,.F.);
#3317 = ORIENTED_EDGE('',*,*,#3318,.T.);
#3318 = EDGE_CURVE('',#3293,#3319,#3321,.T.);
#3319 = VERTEX_POINT('',#3320);
#3320 = CARTESIAN_POINT('',(9.6,6.063629257149,6.962832774127));
#3321 = B_SPLINE_CURVE_WITH_KNOTS('',3,(#3322,#3323,#3324,#3325),
  .UNSPECIFIED.,.F.,.F.,(4,4),(0.,1.42884359105E-03),
  .PIECEWISE_BEZIER_KNOTS.);
#3322 = CARTESIAN_POINT('',(9.6,6.349275905446,8.362832774127));
#3323 = CARTESIAN_POINT('',(9.6,6.254060356309,7.8961661074));
#3324 = CARTESIAN_POINT('',(9.6,6.158844806876,7.429499440733));
#3325 = CARTESIAN_POINT('',(9.6,6.063629257149,6.962832774127));
#3326 = ORIENTED_EDGE('',*,*,#3327,.T.);
#3327 = EDGE_CURVE('',#3319,#3328,#3330,.T.);
#3328 = VERTEX_POINT('',#3329);
#3329 = CARTESIAN_POINT('',(9.6,0.5,6.962832774127));
#3330 = LINE('',#3331,#3332);
#3331 = CARTESIAN_POINT('',(9.6,9.748860742939,6.962832774127));
#3332 = VECTOR('',#3333,1.);
#3333 = DIRECTION('',(0.,-1.,0.));
#3334 = ORIENTED_EDGE('',*,*,#3335,.T.);
#3335 = EDGE_CURVE('',#3328,#3139,#3336,.T.);
#3336 = LINE('',#3337,#3338);
#3337 = CARTESIAN_POINT('',(9.6,5.12443037147,11.587263145596));
#3338 = VECTOR('',#3339,1.);
#3339 = DIRECTION('',(0.,-0.707106781187,-0.707106781187));
#3340 = ORIENTED_EDGE('',*,*,#3138,.T.);
#3341 = PLANE('',#3342);
#3342 = AXIS2_PLACEMENT_3D('',#3343,#3344,#3345);
#3343 = CARTESIAN_POINT('',(9.6,9.748860742939,6.962832774127));
#3344 = DIRECTION('',(1.,0.,0.));
#3345 = DIRECTION('',(0.,0.,-1.));
#3346 = ADVANCED_FACE('',(#3347),#3365,.T.);
#3347 = FACE_BOUND('',#3348,.T.);
#3348 = EDGE_LOOP('',(#3349,#3357,#3358,#3359));
#3349 = ORIENTED_EDGE('',*,*,#3350,.F.);
#3350 = EDGE_CURVE('',#3147,#3351,#3353,.T.);
#3351 = VERTEX_POINT('',#3352);
#3352 = CARTESIAN_POINT('',(8.4,0.5,6.962832774127));
#3353 = LINE('',#3354,#3355);
#3354 = CARTESIAN_POINT('',(8.4,5.12443037147,11.587263145596));
#3355 = VECTOR('',#3356,1.);
#3356 = DIRECTION('',(0.,0.707106781187,0.707106781187));
#3357 = ORIENTED_EDGE('',*,*,#3146,.F.);
#3358 = ORIENTED_EDGE('',*,*,#3335,.F.);
#3359 = ORIENTED_EDGE('',*,*,#3360,.F.);
#3360 = EDGE_CURVE('',#3351,#3328,#3361,.T.);
#3361 = LINE('',#3362,#3363);
#3362 = CARTESIAN_POINT('',(9.6,0.5,6.962832774127));
#3363 = VECTOR('',#3364,1.);
#3364 = DIRECTION('',(1.,0.,0.));
#3365 = PLANE('',#3366);
#3366 = AXIS2_PLACEMENT_3D('',#3367,#3368,#3369);
#3367 = CARTESIAN_POINT('',(8.4,0.5,6.962832774127));
#3368 = DIRECTION('',(0.,-0.707106781187,0.707106781187));
#3369 = DIRECTION('',(-1.,0.,0.));
#3370 = ADVANCED_FACE('',(#3371),#3398,.F.);
#3371 = FACE_BOUND('',#3372,.T.);
#3372 = EDGE_LOOP('',(#3373,#3381,#3390,#3396,#3397));
#3373 = ORIENTED_EDGE('',*,*,#3374,.F.);
#3374 = EDGE_CURVE('',#3375,#3351,#3377,.T.);
#3375 = VERTEX_POINT('',#3376);
#3376 = CARTESIAN_POINT('',(8.4,6.063629257149,6.962832774127));
#3377 = LINE('',#3378,#3379);
#3378 = CARTESIAN_POINT('',(8.4,9.748860742939,6.962832774127));
#3379 = VECTOR('',#3380,1.);
#3380 = DIRECTION('',(0.,-1.,0.));
#3381 = ORIENTED_EDGE('',*,*,#3382,.T.);
#3382 = EDGE_CURVE('',#3375,#3383,#3385,.T.);
#3383 = VERTEX_POINT('',#3384);
#3384 = CARTESIAN_POINT('',(8.4,6.349275905446,8.362832774127));
#3385 = B_SPLINE_CURVE_WITH_KNOTS('',3,(#3386,#3387,#3388,#3389),
  .UNSPECIFIED.,.F.,.F.,(4,4),(0.,1.42884359105E-03),
  .PIECEWISE_BEZIER_KNOTS.);
#3386 = CARTESIAN_POINT('',(8.4,6.063629257149,6.962832774127));
#3387 = CARTESIAN_POINT('',(8.4,6.158844806876,7.429499440733));
#3388 = CARTESIAN_POINT('',(8.4,6.254060356309,7.8961661074));
#3389 = CARTESIAN_POINT('',(8.4,6.349275905446,8.362832774127));
#3390 = ORIENTED_EDGE('',*,*,#3391,.T.);
#3391 = EDGE_CURVE('',#3383,#3155,#3392,.T.);
#3392 = LINE('',#3393,#3394);
#3393 = CARTESIAN_POINT('',(8.4,9.748860742939,8.362832774127));
#3394 = VECTOR('',#3395,1.);
#3395 = DIRECTION('',(0.,-1.,0.));
#3396 = ORIENTED_EDGE('',*,*,#3154,.T.);
#3397 = ORIENTED_EDGE('',*,*,#3350,.T.);
#3398 = PLANE('',#3399);
#3399 = AXIS2_PLACEMENT_3D('',#3400,#3401,#3402);
#3400 = CARTESIAN_POINT('',(8.4,9.748860742939,6.962832774127));
#3401 = DIRECTION('',(-1.,0.,0.));
#3402 = DIRECTION('',(0.,0.,1.));
#3403 = ADVANCED_FACE('',(#3404),#3431,.F.);
#3404 = FACE_BOUND('',#3405,.T.);
#3405 = EDGE_LOOP('',(#3406,#3407,#3416,#3424,#3430));
#3406 = ORIENTED_EDGE('',*,*,#3391,.F.);
#3407 = ORIENTED_EDGE('',*,*,#3408,.T.);
#3408 = EDGE_CURVE('',#3383,#3409,#3411,.T.);
#3409 = VERTEX_POINT('',#3410);
#3410 = CARTESIAN_POINT('',(7.,6.41042069933,8.362832774127));
#3411 = B_SPLINE_CURVE_WITH_KNOTS('',3,(#3412,#3413,#3414,#3415),
  .UNSPECIFIED.,.F.,.F.,(4,4),(0.,1.401334608799E-03),
  .PIECEWISE_BEZIER_KNOTS.);
#3412 = CARTESIAN_POINT('',(8.4,6.349275905446,8.362832774127));
#3413 = CARTESIAN_POINT('',(7.932855370281,6.358713836248,8.362832774127
    ));
#3414 = CARTESIAN_POINT('',(7.466190126566,6.379128014784,8.362832774127
    ));
#3415 = CARTESIAN_POINT('',(7.,6.41042069933,8.362832774127));
#3416 = ORIENTED_EDGE('',*,*,#3417,.T.);
#3417 = EDGE_CURVE('',#3409,#3418,#3420,.T.);
#3418 = VERTEX_POINT('',#3419);
#3419 = CARTESIAN_POINT('',(7.,0.5,8.362832774127));
#3420 = LINE('',#3421,#3422);
#3421 = CARTESIAN_POINT('',(7.,9.748860742939,8.362832774127));
#3422 = VECTOR('',#3423,1.);
#3423 = DIRECTION('',(0.,-1.,0.));
#3424 = ORIENTED_EDGE('',*,*,#3425,.T.);
#3425 = EDGE_CURVE('',#3418,#3163,#3426,.T.);
#3426 = LINE('',#3427,#3428);
#3427 = CARTESIAN_POINT('',(11.62443037147,5.12443037147,8.362832774127)
  );
#3428 = VECTOR('',#3429,1.);
#3429 = DIRECTION('',(-0.707106781187,-0.707106781187,0.));
#3430 = ORIENTED_EDGE('',*,*,#3162,.T.);
#3431 = PLANE('',#3432);
#3432 = AXIS2_PLACEMENT_3D('',#3433,#3434,#3435);
#3433 = CARTESIAN_POINT('',(7.,9.748860742939,8.362832774127));
#3434 = DIRECTION('',(0.,0.,-1.));
#3435 = DIRECTION('',(-1.,0.,0.));
#3436 = ADVANCED_FACE('',(#3437),#3455,.T.);
#3437 = FACE_BOUND('',#3438,.T.);
#3438 = EDGE_LOOP('',(#3439,#3447,#3448,#3449));
#3439 = ORIENTED_EDGE('',*,*,#3440,.F.);
#3440 = EDGE_CURVE('',#3171,#3441,#3443,.T.);
#3441 = VERTEX_POINT('',#3442);
#3442 = CARTESIAN_POINT('',(7.,0.5,9.562832774127));
#3443 = LINE('',#3444,#3445);
#3444 = CARTESIAN_POINT('',(11.62443037147,5.12443037147,9.562832774127)
  );
#3445 = VECTOR('',#3446,1.);
#3446 = DIRECTION('',(0.707106781187,0.707106781187,0.));
#3447 = ORIENTED_EDGE('',*,*,#3170,.F.);
#3448 = ORIENTED_EDGE('',*,*,#3425,.F.);
#3449 = ORIENTED_EDGE('',*,*,#3450,.F.);
#3450 = EDGE_CURVE('',#3441,#3418,#3451,.T.);
#3451 = LINE('',#3452,#3453);
#3452 = CARTESIAN_POINT('',(7.,0.5,8.362832774127));
#3453 = VECTOR('',#3454,1.);
#3454 = DIRECTION('',(0.,0.,-1.));
#3455 = PLANE('',#3456);
#3456 = AXIS2_PLACEMENT_3D('',#3457,#3458,#3459);
#3457 = CARTESIAN_POINT('',(7.,0.5,8.362832774127));
#3458 = DIRECTION('',(0.707106781187,-0.707106781187,0.));
#3459 = DIRECTION('',(0.,0.,1.));
#3460 = ADVANCED_FACE('',(#3461),#3488,.F.);
#3461 = FACE_BOUND('',#3462,.T.);
#3462 = EDGE_LOOP('',(#3463,#3471,#3480,#3486,#3487));
#3463 = ORIENTED_EDGE('',*,*,#3464,.F.);
#3464 = EDGE_CURVE('',#3465,#3441,#3467,.T.);
#3465 = VERTEX_POINT('',#3466);
#3466 = CARTESIAN_POINT('',(7.,6.655215433949,9.562832774127));
#3467 = LINE('',#3468,#3469);
#3468 = CARTESIAN_POINT('',(7.,9.748860742939,9.562832774127));
#3469 = VECTOR('',#3470,1.);
#3470 = DIRECTION('',(0.,-1.,0.));
#3471 = ORIENTED_EDGE('',*,*,#3472,.T.);
#3472 = EDGE_CURVE('',#3465,#3473,#3475,.T.);
#3473 = VERTEX_POINT('',#3474);
#3474 = CARTESIAN_POINT('',(8.4,6.59411588823,9.562832774127));
#3475 = B_SPLINE_CURVE_WITH_KNOTS('',3,(#3476,#3477,#3478,#3479),
  .UNSPECIFIED.,.F.,.F.,(4,4),(0.,1.401332635204E-03),
  .PIECEWISE_BEZIER_KNOTS.);
#3476 = CARTESIAN_POINT('',(7.,6.655215433949,9.562832774127));
#3477 = CARTESIAN_POINT('',(7.466190825014,6.623945755589,9.562832774127
    ));
#3478 = CARTESIAN_POINT('',(7.932856073251,6.603546739251,9.562832774127
    ));
#3479 = CARTESIAN_POINT('',(8.4,6.59411588823,9.562832774127));
#3480 = ORIENTED_EDGE('',*,*,#3481,.T.);
#3481 = EDGE_CURVE('',#3473,#3179,#3482,.T.);
#3482 = LINE('',#3483,#3484);
#3483 = CARTESIAN_POINT('',(8.4,9.748860742939,9.562832774127));
#3484 = VECTOR('',#3485,1.);
#3485 = DIRECTION('',(0.,-1.,0.));
#3486 = ORIENTED_EDGE('',*,*,#3178,.T.);
#3487 = ORIENTED_EDGE('',*,*,#3440,.T.);
#3488 = PLANE('',#3489);
#3489 = AXIS2_PLACEMENT_3D('',#3490,#3491,#3492);
#3490 = CARTESIAN_POINT('',(7.,9.748860742939,9.562832774127));
#3491 = DIRECTION('',(0.,0.,1.));
#3492 = DIRECTION('',(1.,0.,0.));
#3493 = ADVANCED_FACE('',(#3494),#3521,.F.);
#3494 = FACE_BOUND('',#3495,.T.);
#3495 = EDGE_LOOP('',(#3496,#3497,#3506,#3514,#3520));
#3496 = ORIENTED_EDGE('',*,*,#3481,.F.);
#3497 = ORIENTED_EDGE('',*,*,#3498,.T.);
#3498 = EDGE_CURVE('',#3473,#3499,#3501,.T.);
#3499 = VERTEX_POINT('',#3500);
#3500 = CARTESIAN_POINT('',(8.4,6.879762533095,10.962832774127));
#3501 = B_SPLINE_CURVE_WITH_KNOTS('',3,(#3502,#3503,#3504,#3505),
  .UNSPECIFIED.,.F.,.F.,(4,4),(0.,1.428843590363E-03),
  .PIECEWISE_BEZIER_KNOTS.);
#3502 = CARTESIAN_POINT('',(8.4,6.59411588823,9.562832774127));
#3503 = CARTESIAN_POINT('',(8.4,6.689331436814,10.029499440733));
#3504 = CARTESIAN_POINT('',(8.4,6.784546985103,10.4961661074));
#3505 = CARTESIAN_POINT('',(8.4,6.879762533095,10.962832774127));
#3506 = ORIENTED_EDGE('',*,*,#3507,.T.);
#3507 = EDGE_CURVE('',#3499,#3508,#3510,.T.);
#3508 = VERTEX_POINT('',#3509);
#3509 = CARTESIAN_POINT('',(8.4,0.5,10.962832774127));
#3510 = LINE('',#3511,#3512);
#3511 = CARTESIAN_POINT('',(8.4,9.748860742939,10.962832774127));
#3512 = VECTOR('',#3513,1.);
#3513 = DIRECTION('',(0.,-1.,0.));
#3514 = ORIENTED_EDGE('',*,*,#3515,.T.);
#3515 = EDGE_CURVE('',#3508,#3187,#3516,.T.);
#3516 = LINE('',#3517,#3518);
#3517 = CARTESIAN_POINT('',(8.4,5.82443037147,5.638402402657));
#3518 = VECTOR('',#3519,1.);
#3519 = DIRECTION('',(0.,-0.707106781187,0.707106781187));
#3520 = ORIENTED_EDGE('',*,*,#3186,.T.);
#3521 = PLANE('',#3522);
#3522 = AXIS2_PLACEMENT_3D('',#3523,#3524,#3525);
#3523 = CARTESIAN_POINT('',(8.4,9.748860742939,9.562832774127));
#3524 = DIRECTION('',(-1.,0.,0.));
#3525 = DIRECTION('',(0.,0.,1.));
#3526 = ADVANCED_FACE('',(#3527),#3545,.T.);
#3527 = FACE_BOUND('',#3528,.T.);
#3528 = EDGE_LOOP('',(#3529,#3537,#3538,#3539));
#3529 = ORIENTED_EDGE('',*,*,#3530,.F.);
#3530 = EDGE_CURVE('',#3195,#3531,#3533,.T.);
#3531 = VERTEX_POINT('',#3532);
#3532 = CARTESIAN_POINT('',(9.6,0.5,10.962832774127));
#3533 = LINE('',#3534,#3535);
#3534 = CARTESIAN_POINT('',(9.6,5.82443037147,5.638402402657));
#3535 = VECTOR('',#3536,1.);
#3536 = DIRECTION('',(0.,0.707106781187,-0.707106781187));
#3537 = ORIENTED_EDGE('',*,*,#3194,.F.);
#3538 = ORIENTED_EDGE('',*,*,#3515,.F.);
#3539 = ORIENTED_EDGE('',*,*,#3540,.F.);
#3540 = EDGE_CURVE('',#3531,#3508,#3541,.T.);
#3541 = LINE('',#3542,#3543);
#3542 = CARTESIAN_POINT('',(8.4,0.5,10.962832774127));
#3543 = VECTOR('',#3544,1.);
#3544 = DIRECTION('',(-1.,0.,0.));
#3545 = PLANE('',#3546);
#3546 = AXIS2_PLACEMENT_3D('',#3547,#3548,#3549);
#3547 = CARTESIAN_POINT('',(8.4,0.5,10.962832774127));
#3548 = DIRECTION('',(0.,-0.707106781187,-0.707106781187));
#3549 = DIRECTION('',(1.,0.,0.));
#3550 = ADVANCED_FACE('',(#3551),#3571,.F.);
#3551 = FACE_BOUND('',#3552,.T.);
#3552 = EDGE_LOOP('',(#3553,#3561,#3568,#3569,#3570));
#3553 = ORIENTED_EDGE('',*,*,#3554,.F.);
#3554 = EDGE_CURVE('',#3555,#3531,#3557,.T.);
#3555 = VERTEX_POINT('',#3556);
#3556 = CARTESIAN_POINT('',(9.6,6.879762533095,10.962832774127));
#3557 = LINE('',#3558,#3559);
#3558 = CARTESIAN_POINT('',(9.6,9.748860742939,10.962832774127));
#3559 = VECTOR('',#3560,1.);
#3560 = DIRECTION('',(0.,-1.,0.));
#3561 = ORIENTED_EDGE('',*,*,#3562,.T.);
#3562 = EDGE_CURVE('',#3555,#3221,#3563,.T.);
#3563 = B_SPLINE_CURVE_WITH_KNOTS('',3,(#3564,#3565,#3566,#3567),
  .UNSPECIFIED.,.F.,.F.,(4,4),(0.,1.428843590364E-03),
  .PIECEWISE_BEZIER_KNOTS.);
#3564 = CARTESIAN_POINT('',(9.6,6.879762533095,10.962832774127));
#3565 = CARTESIAN_POINT('',(9.6,6.784546985102,10.4961661074));
#3566 = CARTESIAN_POINT('',(9.6,6.689331436814,10.029499440733));
#3567 = CARTESIAN_POINT('',(9.6,6.59411588823,9.562832774127));
#3568 = ORIENTED_EDGE('',*,*,#3220,.T.);
#3569 = ORIENTED_EDGE('',*,*,#3202,.T.);
#3570 = ORIENTED_EDGE('',*,*,#3530,.T.);
#3571 = PLANE('',#3572);
#3572 = AXIS2_PLACEMENT_3D('',#3573,#3574,#3575);
#3573 = CARTESIAN_POINT('',(9.6,9.748860742939,9.562832774127));
#3574 = DIRECTION('',(1.,0.,0.));
#3575 = DIRECTION('',(0.,0.,-1.));
#3576 = ADVANCED_FACE('',(#3577),#3615,.F.);
#3577 = FACE_BOUND('',#3578,.F.);
#3578 = EDGE_LOOP('',(#3579,#3580,#3581,#3588,#3589,#3590,#3597,#3598,
    #3599,#3606,#3607,#3608));
#3579 = ORIENTED_EDGE('',*,*,#3562,.T.);
#3580 = ORIENTED_EDGE('',*,*,#3228,.T.);
#3581 = ORIENTED_EDGE('',*,*,#3582,.T.);
#3582 = EDGE_CURVE('',#3229,#3285,#3583,.T.);
#3583 = B_SPLINE_CURVE_WITH_KNOTS('',3,(#3584,#3585,#3586,#3587),
  .UNSPECIFIED.,.F.,.F.,(4,4),(0.,1.224714032784E-03),
  .PIECEWISE_BEZIER_KNOTS.);
#3584 = CARTESIAN_POINT('',(11.,6.655215433949,9.562832774127));
#3585 = CARTESIAN_POINT('',(11.,6.573617191268,9.162832773679));
#3586 = CARTESIAN_POINT('',(11.,6.492018946394,8.76283277368));
#3587 = CARTESIAN_POINT('',(11.,6.41042069933,8.362832774127));
#3588 = ORIENTED_EDGE('',*,*,#3292,.T.);
#3589 = ORIENTED_EDGE('',*,*,#3318,.T.);
#3590 = ORIENTED_EDGE('',*,*,#3591,.T.);
#3591 = EDGE_CURVE('',#3319,#3375,#3592,.T.);
#3592 = B_SPLINE_CURVE_WITH_KNOTS('',3,(#3593,#3594,#3595,#3596),
  .UNSPECIFIED.,.F.,.F.,(4,4),(0.,1.2E-03),.PIECEWISE_BEZIER_KNOTS.);
#3593 = CARTESIAN_POINT('',(9.6,6.063629257149,6.962832774127));
#3594 = CARTESIAN_POINT('',(9.2,6.055540823064,6.962832774127));
#3595 = CARTESIAN_POINT('',(8.8,6.055540823064,6.962832774127));
#3596 = CARTESIAN_POINT('',(8.4,6.063629257149,6.962832774127));
#3597 = ORIENTED_EDGE('',*,*,#3382,.T.);
#3598 = ORIENTED_EDGE('',*,*,#3408,.T.);
#3599 = ORIENTED_EDGE('',*,*,#3600,.T.);
#3600 = EDGE_CURVE('',#3409,#3465,#3601,.T.);
#3601 = B_SPLINE_CURVE_WITH_KNOTS('',3,(#3602,#3603,#3604,#3605),
  .UNSPECIFIED.,.F.,.F.,(4,4),(0.,1.224714032784E-03),
  .PIECEWISE_BEZIER_KNOTS.);
#3602 = CARTESIAN_POINT('',(7.,6.41042069933,8.362832774127));
#3603 = CARTESIAN_POINT('',(7.,6.492018946394,8.76283277368));
#3604 = CARTESIAN_POINT('',(7.,6.573617191268,9.162832773679));
#3605 = CARTESIAN_POINT('',(7.,6.655215433949,9.562832774127));
#3606 = ORIENTED_EDGE('',*,*,#3472,.T.);
#3607 = ORIENTED_EDGE('',*,*,#3498,.T.);
#3608 = ORIENTED_EDGE('',*,*,#3609,.T.);
#3609 = EDGE_CURVE('',#3499,#3555,#3610,.T.);
#3610 = B_SPLINE_CURVE_WITH_KNOTS('',3,(#3611,#3612,#3613,#3614),
  .UNSPECIFIED.,.F.,.F.,(4,4),(0.,1.2E-03),.PIECEWISE_BEZIER_KNOTS.);
#3611 = CARTESIAN_POINT('',(8.4,6.879762533095,10.962832774127));
#3612 = CARTESIAN_POINT('',(8.8,6.871694265756,10.962832774127));
#3613 = CARTESIAN_POINT('',(9.2,6.871694265756,10.962832774127));
#3614 = CARTESIAN_POINT('',(9.6,6.879762533095,10.962832774127));
#3615 = B_SPLINE_SURFACE_WITH_KNOTS('',3,3,(
    (#3616,#3617,#3618,#3619)
    ,(#3620,#3621,#3622,#3623)
    ,(#3624,#3625,#3626,#3627)
    ,(#3628,#3629,#3630,#3631
    )),.UNSPECIFIED.,.F.,.F.,.F.,(4,4),(4,4),(0.34912093873,
    0.65087906127),(0.283355714082,0.558416142433),
  .PIECEWISE_BEZIER_KNOTS.);
#3616 = CARTESIAN_POINT('',(6.976259982345,6.944482109765,
    10.972991974707));
#3617 = CARTESIAN_POINT('',(6.976069599511,6.669577878937,9.625323314509
    ));
#3618 = CARTESIAN_POINT('',(6.975879228971,6.394673654445,8.277654653018
    ));
#3619 = CARTESIAN_POINT('',(6.975688870724,6.119769436283,6.929985990234
    ));
#3620 = CARTESIAN_POINT('',(8.322007778303,6.857340339529,10.99316153501
    ));
#3621 = CARTESIAN_POINT('',(8.321926853925,6.581771250947,9.64268292127)
  );
#3622 = CARTESIAN_POINT('',(8.321845937525,6.306202160288,8.292204307953
    ));
#3623 = CARTESIAN_POINT('',(8.321765029094,6.030633067553,6.941725695059
    ));
#3624 = CARTESIAN_POINT('',(9.677992221697,6.857340339529,10.99316153501
    ));
#3625 = CARTESIAN_POINT('',(9.678073146075,6.581771250947,9.64268292127)
  );
#3626 = CARTESIAN_POINT('',(9.678154062475,6.306202160288,8.292204307953
    ));
#3627 = CARTESIAN_POINT('',(9.678234970906,6.030633067553,6.941725695059
    ));
#3628 = CARTESIAN_POINT('',(11.023740017655,6.944482109765,
    10.972991974707));
#3629 = CARTESIAN_POINT('',(11.023930400489,6.669577878937,
    9.625323314509));
#3630 = CARTESIAN_POINT('',(11.024120771029,6.394673654445,
    8.277654653018));
#3631 = CARTESIAN_POINT('',(11.024311129276,6.119769436283,
    6.929985990234));
#3632 = ADVANCED_FACE('',(#3633),#3639,.F.);
#3633 = FACE_BOUND('',#3634,.T.);
#3634 = EDGE_LOOP('',(#3635,#3636,#3637,#3638));
#3635 = ORIENTED_EDGE('',*,*,#3284,.T.);
#3636 = ORIENTED_EDGE('',*,*,#3270,.T.);
#3637 = ORIENTED_EDGE('',*,*,#3237,.F.);
#3638 = ORIENTED_EDGE('',*,*,#3582,.T.);
#3639 = PLANE('',#3640);
#3640 = AXIS2_PLACEMENT_3D('',#3641,#3642,#3643);
#3641 = CARTESIAN_POINT('',(11.,9.748860742939,8.362832774127));
#3642 = DIRECTION('',(1.,0.,0.));
#3643 = DIRECTION('',(0.,0.,-1.));
#3644 = ADVANCED_FACE('',(#3645),#3651,.F.);
#3645 = FACE_BOUND('',#3646,.T.);
#3646 = EDGE_LOOP('',(#3647,#3648,#3649,#3650));
#3647 = ORIENTED_EDGE('',*,*,#3374,.T.);
#3648 = ORIENTED_EDGE('',*,*,#3360,.T.);
#3649 = ORIENTED_EDGE('',*,*,#3327,.F.);
#3650 = ORIENTED_EDGE('',*,*,#3591,.T.);
#3651 = PLANE('',#3652);
#3652 = AXIS2_PLACEMENT_3D('',#3653,#3654,#3655);
#3653 = CARTESIAN_POINT('',(8.4,9.748860742939,6.962832774127));
#3654 = DIRECTION('',(0.,0.,-1.));
#3655 = DIRECTION('',(-1.,0.,0.));
#3656 = ADVANCED_FACE('',(#3657),#3663,.F.);
#3657 = FACE_BOUND('',#3658,.T.);
#3658 = EDGE_LOOP('',(#3659,#3660,#3661,#3662));
#3659 = ORIENTED_EDGE('',*,*,#3464,.T.);
#3660 = ORIENTED_EDGE('',*,*,#3450,.T.);
#3661 = ORIENTED_EDGE('',*,*,#3417,.F.);
#3662 = ORIENTED_EDGE('',*,*,#3600,.T.);
#3663 = PLANE('',#3664);
#3664 = AXIS2_PLACEMENT_3D('',#3665,#3666,#3667);
#3665 = CARTESIAN_POINT('',(7.,9.748860742939,8.362832774127));
#3666 = DIRECTION('',(-1.,0.,0.));
#3667 = DIRECTION('',(0.,0.,1.));
#3668 = ADVANCED_FACE('',(#3669),#3675,.F.);
#3669 = FACE_BOUND('',#3670,.T.);
#3670 = EDGE_LOOP('',(#3671,#3672,#3673,#3674));
#3671 = ORIENTED_EDGE('',*,*,#3554,.T.);
#3672 = ORIENTED_EDGE('',*,*,#3540,.T.);
#3673 = ORIENTED_EDGE('',*,*,#3507,.F.);
#3674 = ORIENTED_EDGE('',*,*,#3609,.T.);
#3675 = PLANE('',#3676);
#3676 = AXIS2_PLACEMENT_3D('',#3677,#3678,#3679);
#3677 = CARTESIAN_POINT('',(8.4,9.748860742939,10.962832774127));
#3678 = DIRECTION('',(0.,0.,1.));
#3679 = DIRECTION('',(1.,0.,0.));
#3680 = ( GEOMETRIC_REPRESENTATION_CONTEXT(3) 
GLOBAL_UNCERTAINTY_ASSIGNED_CONTEXT((#3684)) 
GLOBAL_UNIT_ASSIGNED_CONTEXT((#3681,#3682,#3683)) REPRESENTATION_CONTEXT
('Context #1','3D Context with UNIT and UNCERTAINTY') );
#3681 = ( LENGTH_UNIT() NAMED_UNIT(*) SI_UNIT(.MILLI.,.METRE.) );
#3682 = ( NAMED_UNIT(*) PLANE_ANGLE_UNIT() SI_UNIT($,.RADIAN.) );
#3683 = ( NAMED_UNIT(*) SI_UNIT($,.STERADIAN.) SOLID_ANGLE_UNIT() );
#3684 = UNCERTAINTY_MEASURE_WITH_UNIT(LENGTH_MEASURE(1.E-04),#3681,
  'distance_accuracy_value','confusion accuracy');
#3685 = PRODUCT_RELATED_PRODUCT_CATEGORY('part',$,(#7));
#3686 = MECHANICAL_DESIGN_GEOMETRIC_PRESENTATION_REPRESENTATION('',(
    #3687),#3680);
#3687 = STYLED_ITEM('color',(#3688),#15);
#3688 = PRESENTATION_STYLE_ASSIGNMENT((#3689,#3695));
#3689 = SURFACE_STYLE_USAGE(.BOTH.,#3690);
#3690 = SURFACE_SIDE_STYLE('',(#3691));
#3691 = SURFACE_STYLE_FILL_AREA(#3692);
#3692 = FILL_AREA_STYLE('',(#3693));
#3693 = FILL_AREA_STYLE_COLOUR('',#3694);
#3694 = COLOUR_RGB('',0.800000010877,0.800000010877,0.901960800373);
#3695 = CURVE_STYLE('',#3696,POSITIVE_LENGTH_MEASURE(0.1),#3697);
#3696 = DRAUGHTING_PRE_DEFINED_CURVE_FONT('continuous');
#3697 = COLOUR_RGB('',9.803921802644E-02,9.803921802644E-02,
  9.803921802644E-02);
ENDSEC;
END-ISO-10303-21;
