ISO-10303-21;
HEADER;
FILE_DESCRIPTION(('FreeCAD Model'),'2;1');
FILE_NAME('Open CASCADE Shape Model','2025-01-18T11:22:58',(''),(''),
  'Open CASCADE STEP processor 7.7','FreeCAD','Unknown');
FILE_SCHEMA(('AUTOMOTIVE_DESIGN { 1 0 10303 214 1 1 1 1 }'));
ENDSEC;
DATA;
#1 = APPLICATION_PROTOCOL_DEFINITION('international standard',
  'automotive_design',2000,#2);
#2 = APPLICATION_CONTEXT(
  'core data for automotive mechanical design processes');
#3 = SHAPE_DEFINITION_REPRESENTATION(#4,#10);
#4 = PRODUCT_DEFINITION_SHAPE('','',#5);
#5 = PRODUCT_DEFINITION('design','',#6,#9);
#6 = PRODUCT_DEFINITION_FORMATION('','',#7);
#7 = PRODUCT('Body','Body','',(#8));
#8 = PRODUCT_CONTEXT('',#2,'mechanical');
#9 = PRODUCT_DEFINITION_CONTEXT('part definition',#2,'design');
#10 = ADVANCED_BREP_SHAPE_REPRESENTATION('',(#11,#15),#1824);
#11 = AXIS2_PLACEMENT_3D('',#12,#13,#14);
#12 = CARTESIAN_POINT('',(0.,0.,0.));
#13 = DIRECTION('',(0.,0.,1.));
#14 = DIRECTION('',(1.,0.,-0.));
#15 = MANIFOLD_SOLID_BREP('',#16);
#16 = CLOSED_SHELL('',(#17,#173,#234,#262,#312,#329,#375,#415,#463,#503,
    #551,#580,#640,#671,#723,#752,#814,#845,#897,#945,#1039,#1071,#1109,
    #1135,#1166,#1190,#1207,#1218,#1252,#1360,#1400,#1424,#1457,#1490,
    #1514,#1547,#1580,#1604,#1637,#1670,#1694,#1720,#1776,#1788,#1800,
    #1812));
#17 = ADVANCED_FACE('',(#18,#94),#144,.F.);
#18 = FACE_BOUND('',#19,.F.);
#19 = EDGE_LOOP('',(#20,#59));
#20 = ORIENTED_EDGE('',*,*,#21,.F.);
#21 = EDGE_CURVE('',#22,#24,#26,.T.);
#22 = VERTEX_POINT('',#23);
#23 = CARTESIAN_POINT('',(8.999999999979,7.018572779972,11.672832774127)
  );
#24 = VERTEX_POINT('',#25);
#25 = CARTESIAN_POINT('',(9.,5.912691588279,6.252832774127));
#26 = B_SPLINE_CURVE_WITH_KNOTS('',3,(#27,#28,#29,#30,#31,#32,#33,#34,
    #35,#36,#37,#38,#39,#40,#41,#42,#43,#44,#45,#46,#47,#48,#49,#50,#51,
    #52,#53,#54,#55,#56,#57,#58),.UNSPECIFIED.,.F.,.F.,(4,2,2,2,2,2,2,2,
    2,2,2,2,2,2,2,4),(8.56567777683E-03,9.100928105104E-03,
    9.636178433379E-03,1.017142876165E-02,1.070667908993E-02,
    1.12419294182E-02,1.177717974648E-02,1.231243007475E-02,
    1.284768040303E-02,1.33829307313E-02,1.391818105958E-02,
    1.445343138785E-02,1.498868171612E-02,1.55239320444E-02,
    1.605918237267E-02,1.712968302922E-02),.UNSPECIFIED.);
#27 = CARTESIAN_POINT('',(8.999999999979,7.018572779972,11.672832774127)
  );
#28 = CARTESIAN_POINT('',(9.178679543776,7.018572779973,11.672832774128)
  );
#29 = CARTESIAN_POINT('',(9.356403563267,7.016615941219,11.655335699857)
  );
#30 = CARTESIAN_POINT('',(9.709887968587,7.008478763073,11.584407601788)
  );
#31 = CARTESIAN_POINT('',(9.882172339785,7.002344453147,11.531419886134)
  );
#32 = CARTESIAN_POINT('',(10.210987244642,6.985805397179,11.393753933351
    ));
#33 = CARTESIAN_POINT('',(10.370082422071,6.975251464448,11.307866635974
    ));
#34 = CARTESIAN_POINT('',(10.667361853448,6.949349526735,11.106711060352
    ));
#35 = CARTESIAN_POINT('',(10.804048607659,6.934191658822,10.992902338694
    ));
#36 = CARTESIAN_POINT('',(11.054047178829,6.898666604222,10.739533087327
    ));
#37 = CARTESIAN_POINT('',(11.167967917676,6.878063598202,10.598522995692
    ));
#38 = CARTESIAN_POINT('',(11.362692530183,6.832352107237,10.301956144402
    ));
#39 = CARTESIAN_POINT('',(11.444810258014,6.807129408315,10.145454093101
    ));
#40 = CARTESIAN_POINT('',(11.578329137415,6.751173367453,9.816008747148)
  );
#41 = CARTESIAN_POINT('',(11.628666170712,6.720695124882,9.644760608713)
  );
#42 = CARTESIAN_POINT('',(11.694672150151,6.656259445208,9.299957990973)
  );
#43 = CARTESIAN_POINT('',(11.710971588661,6.621866830805,9.123999178258)
  );
#44 = CARTESIAN_POINT('',(11.708938799636,6.549581798385,8.770499354839)
  );
#45 = CARTESIAN_POINT('',(11.690813098769,6.512465782322,8.596671025925)
  );
#46 = CARTESIAN_POINT('',(11.621632422226,6.436529389349,8.25460046684)
  );
#47 = CARTESIAN_POINT('',(11.56973446989,6.397287493218,8.084644455735)
  );
#48 = CARTESIAN_POINT('',(11.435380672347,6.3200495514,7.761304185593));
#49 = CARTESIAN_POINT('',(11.353315791068,6.282017653889,7.60759266691)
  );
#50 = CARTESIAN_POINT('',(11.159307547176,6.207833527729,7.315968518212)
  );
#51 = CARTESIAN_POINT('',(11.046376931933,6.171524703428,7.177553758777)
  );
#52 = CARTESIAN_POINT('',(10.799107447542,6.104768322353,6.928602673475)
  );
#53 = CARTESIAN_POINT('',(10.66392540658,6.07391290613,6.816436345929));
#54 = CARTESIAN_POINT('',(10.369453999493,6.018326490427,6.617569222004)
  );
#55 = CARTESIAN_POINT('',(10.211444804032,5.993969644051,6.532217997186)
  );
#56 = CARTESIAN_POINT('',(9.721311917556,5.934740703074,6.326669663469)
  );
#57 = CARTESIAN_POINT('',(9.362083663935,5.912691588279,6.252832774127)
  );
#58 = CARTESIAN_POINT('',(9.,5.912691588279,6.252832774127));
#59 = ORIENTED_EDGE('',*,*,#60,.F.);
#60 = EDGE_CURVE('',#24,#22,#61,.T.);
#61 = B_SPLINE_CURVE_WITH_KNOTS('',3,(#62,#63,#64,#65,#66,#67,#68,#69,
    #70,#71,#72,#73,#74,#75,#76,#77,#78,#79,#80,#81,#82,#83,#84,#85,#86,
    #87,#88,#89,#90,#91,#92,#93),.UNSPECIFIED.,.F.,.F.,(4,2,2,2,2,2,2,2,
    2,2,2,2,2,2,2,4),(0.,5.353548610519E-04,1.070709722104E-03,
    1.606064583156E-03,2.141419444207E-03,3.212129166311E-03,
    3.747484027363E-03,4.282838888415E-03,4.818193749467E-03,
    5.353548610519E-03,5.88890347157E-03,6.424258332622E-03,
    6.959613193674E-03,7.494968054726E-03,8.030322915778E-03,
    8.56567777683E-03),.UNSPECIFIED.);
#62 = CARTESIAN_POINT('',(9.,5.912691588279,6.252832774127));
#63 = CARTESIAN_POINT('',(8.818922811108,5.912691588279,6.252832774127)
  );
#64 = CARTESIAN_POINT('',(8.641071801829,5.918018160493,6.27079817676));
#65 = CARTESIAN_POINT('',(8.291516971066,5.938636245768,6.341014412269)
  );
#66 = CARTESIAN_POINT('',(8.117936513461,5.954199797215,6.394205975976)
  );
#67 = CARTESIAN_POINT('',(7.78905617932,5.99387596676,6.5318875494));
#68 = CARTESIAN_POINT('',(7.6333597751,6.017867234532,6.615950112538));
#69 = CARTESIAN_POINT('',(7.33910494422,6.07327039963,6.814114238518));
#70 = CARTESIAN_POINT('',(7.20114182344,6.104707175322,6.928377796104));
#71 = CARTESIAN_POINT('',(6.830089538734,6.204863284597,7.301875285808)
  );
#72 = CARTESIAN_POINT('',(6.631211440237,6.281764239448,7.601029335986)
  );
#73 = CARTESIAN_POINT('',(6.430537185942,6.397132585469,8.083996720916)
  );
#74 = CARTESIAN_POINT('',(6.378586004806,6.436295089819,8.253547099641)
  );
#75 = CARTESIAN_POINT('',(6.309000831059,6.512664567778,8.597564413895)
  );
#76 = CARTESIAN_POINT('',(6.291117785834,6.549709136577,8.771148901311)
  );
#77 = CARTESIAN_POINT('',(6.28898284922,6.621358844424,9.121488267251));
#78 = CARTESIAN_POINT('',(6.305283044586,6.656229447675,9.299791514486)
  );
#79 = CARTESIAN_POINT('',(6.371452298733,6.720797018795,9.645311817513)
  );
#80 = CARTESIAN_POINT('',(6.421024097153,6.750813502327,9.813966916266)
  );
#81 = CARTESIAN_POINT('',(6.553929224686,6.806688691865,10.142783534767)
  );
#82 = CARTESIAN_POINT('',(6.637481156179,6.832390137671,10.302206153748)
  );
#83 = CARTESIAN_POINT('',(6.831724514465,6.877994137274,10.598069073955)
  );
#84 = CARTESIAN_POINT('',(6.943082778336,6.898221977137,10.736411138978)
  );
#85 = CARTESIAN_POINT('',(7.195674803215,6.934188691003,10.992832591194)
  );
#86 = CARTESIAN_POINT('',(7.333028398892,6.949370728913,11.106891189055)
  );
#87 = CARTESIAN_POINT('',(7.627779501327,6.975077898787,11.30650333727)
  );
#88 = CARTESIAN_POINT('',(7.787259023652,6.985710385156,11.39296849354)
  );
#89 = CARTESIAN_POINT('',(8.11826826406,7.002373389247,11.531655351947)
  );
#90 = CARTESIAN_POINT('',(8.288784202675,7.008426996091,11.583962067845)
  );
#91 = CARTESIAN_POINT('',(8.6397502455,7.01654829254,11.654740424685));
#92 = CARTESIAN_POINT('',(8.821285560606,7.018572779972,11.672832774125)
  );
#93 = CARTESIAN_POINT('',(8.999999999979,7.018572779972,11.672832774127)
  );
#94 = FACE_BOUND('',#95,.F.);
#95 = EDGE_LOOP('',(#96,#107,#122,#131));
#96 = ORIENTED_EDGE('',*,*,#97,.T.);
#97 = EDGE_CURVE('',#98,#100,#102,.T.);
#98 = VERTEX_POINT('',#99);
#99 = CARTESIAN_POINT('',(14.411411078204,7.960907456884,13.883932850209
    ));
#100 = VERTEX_POINT('',#101);
#101 = CARTESIAN_POINT('',(14.534585742384,5.453266679819,1.462421610458
    ));
#102 = B_SPLINE_CURVE_WITH_KNOTS('',3,(#103,#104,#105,#106),
  .UNSPECIFIED.,.F.,.F.,(4,4),(0.,1.267272035858E-02),
  .PIECEWISE_BEZIER_KNOTS.);
#103 = CARTESIAN_POINT('',(14.411411078204,7.960907456884,
    13.883932850209));
#104 = CARTESIAN_POINT('',(14.44247673425,7.123111394975,9.743721421984)
  );
#105 = CARTESIAN_POINT('',(14.480536287879,6.286622170157,5.603295653733
    ));
#106 = CARTESIAN_POINT('',(14.534585742384,5.453266679819,1.462421610458
    ));
#107 = ORIENTED_EDGE('',*,*,#108,.T.);
#108 = EDGE_CURVE('',#100,#109,#111,.T.);
#109 = VERTEX_POINT('',#110);
#110 = CARTESIAN_POINT('',(3.465414257616,5.453266679819,1.462421610458)
  );
#111 = B_SPLINE_CURVE_WITH_KNOTS('',3,(#112,#113,#114,#115,#116,#117,
    #118,#119,#120,#121),.UNSPECIFIED.,.F.,.F.,(4,2,2,2,4),(0.,
    2.782880849927E-03,5.565761699855E-03,8.348642549782E-03,
    1.113152339971E-02),.UNSPECIFIED.);
#112 = CARTESIAN_POINT('',(14.534585742384,5.453266679819,1.462421610458
    ));
#113 = CARTESIAN_POINT('',(13.621740233032,5.280124607274,1.457282873709
    ));
#114 = CARTESIAN_POINT('',(12.70321470824,5.150225153012,1.45342754791)
  );
#115 = CARTESIAN_POINT('',(10.854916020941,4.976055818816,1.448258322747
    ));
#116 = CARTESIAN_POINT('',(9.926456712327,4.932073715342,1.44695296439)
  );
#117 = CARTESIAN_POINT('',(8.070998712822,4.932154250618,1.446955354621)
  );
#118 = CARTESIAN_POINT('',(7.141586058868,4.976319888116,1.448266160141)
  );
#119 = CARTESIAN_POINT('',(5.296097532299,5.150355658535,1.453431421223)
  );
#120 = CARTESIAN_POINT('',(4.378264430497,5.280123722729,1.457282847457)
  );
#121 = CARTESIAN_POINT('',(3.465414257616,5.453266679819,1.462421610458)
  );
#122 = ORIENTED_EDGE('',*,*,#123,.T.);
#123 = EDGE_CURVE('',#109,#124,#126,.T.);
#124 = VERTEX_POINT('',#125);
#125 = CARTESIAN_POINT('',(3.588588921796,7.960907456884,13.883932850209
    ));
#126 = B_SPLINE_CURVE_WITH_KNOTS('',3,(#127,#128,#129,#130),
  .UNSPECIFIED.,.F.,.F.,(4,4),(0.,1.26727146114E-02),
  .PIECEWISE_BEZIER_KNOTS.);
#127 = CARTESIAN_POINT('',(3.465414257616,5.453266679819,1.462421610458)
  );
#128 = CARTESIAN_POINT('',(3.519463696404,6.286621927823,5.603294449593)
  );
#129 = CARTESIAN_POINT('',(3.557523270693,7.123111528271,9.743722080704)
  );
#130 = CARTESIAN_POINT('',(3.588588921796,7.960907456884,13.883932850209
    ));
#131 = ORIENTED_EDGE('',*,*,#132,.T.);
#132 = EDGE_CURVE('',#124,#98,#133,.T.);
#133 = B_SPLINE_CURVE_WITH_KNOTS('',3,(#134,#135,#136,#137,#138,#139,
    #140,#141,#142,#143),.UNSPECIFIED.,.F.,.F.,(4,2,2,2,4),(0.,
    2.719216559863E-03,5.438433119727E-03,8.15764967959E-03,
    1.087686623945E-02),.UNSPECIFIED.);
#134 = CARTESIAN_POINT('',(3.588588921796,7.960907456884,13.883932850209
    ));
#135 = CARTESIAN_POINT('',(4.481952057109,7.808414172519,13.936440498857
    ));
#136 = CARTESIAN_POINT('',(5.380297866108,7.694003690166,13.975835187181
    ));
#137 = CARTESIAN_POINT('',(7.186864662747,7.540659165768,14.028635941278
    ));
#138 = CARTESIAN_POINT('',(8.094181016469,7.501954292748,14.041963097827
    ));
#139 = CARTESIAN_POINT('',(9.906410646607,7.501971143702,14.041957295578
    ));
#140 = CARTESIAN_POINT('',(10.814395737378,7.540744872822,
    14.028606429972));
#141 = CARTESIAN_POINT('',(12.619948393518,7.694045888768,
    13.975820657037));
#142 = CARTESIAN_POINT('',(13.518044969486,7.808413664972,
    13.936440673619));
#143 = CARTESIAN_POINT('',(14.411411078204,7.960907456884,
    13.883932850209));
#144 = B_SPLINE_SURFACE_WITH_KNOTS('',3,3,(
    (#145,#146,#147,#148)
    ,(#149,#150,#151,#152)
    ,(#153,#154,#155,#156)
    ,(#157,#158,#159,#160)
    ,(#161,#162,#163,#164)
    ,(#165,#166,#167,#168)
    ,(#169,#170,#171,#172
    )),.UNSPECIFIED.,.F.,.F.,.F.,(4,3,4),(4,4),(7.944069753893E-02,0.5,
    0.920559302461),(7.074088250734E-02,0.93664467264),
  .PIECEWISE_BEZIER_KNOTS.);
#145 = CARTESIAN_POINT('',(3.403128440471,8.01172633712,13.964143831038)
  );
#146 = CARTESIAN_POINT('',(3.402132954052,7.156743350768,9.766027297806)
  );
#147 = CARTESIAN_POINT('',(3.401137310524,6.30176095103,5.567910645099)
  );
#148 = CARTESIAN_POINT('',(3.400141512486,5.446779138697,1.369793872755)
  );
#149 = CARTESIAN_POINT('',(5.23729973079,7.685507942619,14.065856146218)
  );
#150 = CARTESIAN_POINT('',(5.236147848388,6.822651977072,9.834038673243)
  );
#151 = CARTESIAN_POINT('',(5.234996240815,5.95979609665,5.602221182795)
  );
#152 = CARTESIAN_POINT('',(5.233844908253,5.096940299616,1.370403675228)
  );
#153 = CARTESIAN_POINT('',(7.117237826207,7.517523135518,14.118222882368
    ));
#154 = CARTESIAN_POINT('',(7.116631892771,6.650531547117,9.869037305806)
  );
#155 = CARTESIAN_POINT('',(7.11602610635,5.783539958716,5.619851729243)
  );
#156 = CARTESIAN_POINT('',(7.11542046668,4.916548370315,1.37066615268));
#157 = CARTESIAN_POINT('',(9.,7.517523135518,14.118222882368));
#158 = CARTESIAN_POINT('',(9.,6.650531547117,9.869037305806));
#159 = CARTESIAN_POINT('',(9.,5.783539958716,5.619851729243));
#160 = CARTESIAN_POINT('',(9.,4.916548370315,1.37066615268));
#161 = CARTESIAN_POINT('',(10.882762173793,7.517523135518,
    14.118222882368));
#162 = CARTESIAN_POINT('',(10.883368107229,6.650531547117,9.869037305806
    ));
#163 = CARTESIAN_POINT('',(10.88397389365,5.783539958716,5.619851729243)
  );
#164 = CARTESIAN_POINT('',(10.88457953332,4.916548370315,1.37066615268)
  );
#165 = CARTESIAN_POINT('',(12.76270026921,7.685507942619,14.065856146218
    ));
#166 = CARTESIAN_POINT('',(12.763852151612,6.822651977072,9.834038673243
    ));
#167 = CARTESIAN_POINT('',(12.765003759185,5.95979609665,5.602221182795)
  );
#168 = CARTESIAN_POINT('',(12.766155091747,5.096940299616,1.370403675228
    ));
#169 = CARTESIAN_POINT('',(14.596871559529,8.01172633712,13.964143831038
    ));
#170 = CARTESIAN_POINT('',(14.597867045948,7.156743350768,9.766027297806
    ));
#171 = CARTESIAN_POINT('',(14.598862689476,6.30176095103,5.567910645099)
  );
#172 = CARTESIAN_POINT('',(14.599858487514,5.446779138697,1.369793872755
    ));
#173 = ADVANCED_FACE('',(#174),#217,.F.);
#174 = FACE_BOUND('',#175,.F.);
#175 = EDGE_LOOP('',(#176,#188,#189,#204));
#176 = ORIENTED_EDGE('',*,*,#177,.T.);
#177 = EDGE_CURVE('',#178,#100,#180,.T.);
#178 = VERTEX_POINT('',#179);
#179 = CARTESIAN_POINT('',(16.608264436775,0.,1.300572433796));
#180 = B_SPLINE_CURVE_WITH_KNOTS('',3,(#181,#182,#183,#184,#185,#186,
    #187),.UNSPECIFIED.,.F.,.F.,(4,3,4),(0.,2.918235205631E-03,
    5.836478767755E-03),.UNSPECIFIED.);
#181 = CARTESIAN_POINT('',(16.608264436775,-4.3E-16,1.300572433796));
#182 = CARTESIAN_POINT('',(16.261187696872,0.908319302738,1.327530721355
    ));
#183 = CARTESIAN_POINT('',(15.914748475743,1.81688236647,1.354496243573)
  );
#184 = CARTESIAN_POINT('',(15.569084072418,2.72573960406,1.381470496666)
  );
#185 = CARTESIAN_POINT('',(15.223418712981,3.634599355558,1.40844482437)
  );
#186 = CARTESIAN_POINT('',(14.878527161311,4.543753709778,1.43542789568)
  );
#187 = CARTESIAN_POINT('',(14.534585742384,5.453266679819,1.462421610458
    ));
#188 = ORIENTED_EDGE('',*,*,#97,.F.);
#189 = ORIENTED_EDGE('',*,*,#190,.F.);
#190 = EDGE_CURVE('',#191,#98,#193,.T.);
#191 = VERTEX_POINT('',#192);
#192 = CARTESIAN_POINT('',(16.649947780587,-9.E-15,16.625093114457));
#193 = B_SPLINE_CURVE_WITH_KNOTS('',3,(#194,#195,#196,#197,#198,#199,
    #200,#201,#202,#203),.UNSPECIFIED.,.F.,.F.,(4,3,3,4),(0.,
    2.678437876009E-03,5.356875794639E-03,8.712122415678E-03),
  .UNSPECIFIED.);
#194 = CARTESIAN_POINT('',(16.649947780587,-9.38E-15,16.625093114457));
#195 = CARTESIAN_POINT('',(16.421306558618,0.816020096205,
    16.344114862335));
#196 = CARTESIAN_POINT('',(16.192464829083,1.631989997585,
    16.063153893676));
#197 = CARTESIAN_POINT('',(15.963393648721,2.447902284277,
    15.782212763346));
#198 = CARTESIAN_POINT('',(15.734322466217,3.263814578599,
    15.501271630388));
#199 = CARTESIAN_POINT('',(15.505021909367,4.07966934156,15.220350307067
    ));
#200 = CARTESIAN_POINT('',(15.275457119898,4.895457599507,
    14.939451883258));
#201 = CARTESIAN_POINT('',(14.987884110527,5.917385591556,
    14.587573856802));
#202 = CARTESIAN_POINT('',(14.699897280752,6.939209592338,
    14.235731637411));
#203 = CARTESIAN_POINT('',(14.411411078204,7.960907456884,
    13.883932850209));
#204 = ORIENTED_EDGE('',*,*,#205,.T.);
#205 = EDGE_CURVE('',#191,#178,#206,.T.);
#206 = B_SPLINE_CURVE_WITH_KNOTS('',3,(#207,#208,#209,#210,#211,#212,
    #213,#214,#215,#216),.UNSPECIFIED.,.F.,.F.,(4,3,3,4),(0.,
    5.356875782447E-03,1.034072637193E-02,1.532458137414E-02),
  .UNSPECIFIED.);
#207 = CARTESIAN_POINT('',(16.649947780587,-9.38E-15,16.625093114457));
#208 = CARTESIAN_POINT('',(16.646901679951,-8.9E-16,14.839470451817));
#209 = CARTESIAN_POINT('',(16.643445862967,3.3E-16,13.053848389326));
#210 = CARTESIAN_POINT('',(16.639385525809,3.3E-16,11.268227744921));
#211 = CARTESIAN_POINT('',(16.635607929662,3.3E-16,9.606948544707));
#212 = CARTESIAN_POINT('',(16.631309937772,2.17E-15,7.945670352676));
#213 = CARTESIAN_POINT('',(16.626234833605,2.17E-15,6.284394609576));
#214 = CARTESIAN_POINT('',(16.621159725275,2.17E-15,4.623117503637));
#215 = CARTESIAN_POINT('',(16.615315264058,-1.08E-15,2.961842329169));
#216 = CARTESIAN_POINT('',(16.608264436775,-4.3E-16,1.300572433796));
#217 = B_SPLINE_SURFACE_WITH_KNOTS('',3,3,(
    (#218,#219,#220,#221)
    ,(#222,#223,#224,#225)
    ,(#226,#227,#228,#229)
    ,(#230,#231,#232,#233
    )),.UNSPECIFIED.,.F.,.F.,.F.,(4,4),(4,4),(6.502262653888E-02,
    0.932973070678),(3.194653065274E-02,0.885686415684),
  .PIECEWISE_BEZIER_KNOTS.);
#218 = CARTESIAN_POINT('',(16.663239730725,-4.696056119848E-02,
    16.732437250983));
#219 = CARTESIAN_POINT('',(15.907730587005,2.654173333375,
    15.867052427732));
#220 = CARTESIAN_POINT('',(15.152361904649,5.356010744508,
    15.003698392681));
#221 = CARTESIAN_POINT('',(14.397423357503,8.058937661453,
    14.143307533655));
#222 = CARTESIAN_POINT('',(16.671424594073,-0.103500434635,
    11.557493053834));
#223 = CARTESIAN_POINT('',(15.916027638932,2.354243791271,
    10.983934001618));
#224 = CARTESIAN_POINT('',(15.160803031868,4.812655809205,10.41274458977
    ));
#225 = CARTESIAN_POINT('',(14.406119493226,7.272163866055,9.845119722847
    ));
#226 = CARTESIAN_POINT('',(16.682113490849,-0.166573625951,
    6.382583231291));
#227 = CARTESIAN_POINT('',(15.926899796492,2.047370982507,6.101160245489
    ));
#228 = CARTESIAN_POINT('',(15.171890169055,4.261909800069,5.82255148694)
  );
#229 = CARTESIAN_POINT('',(14.417523118557,6.47753471724,5.548309737895)
  );
#230 = CARTESIAN_POINT('',(16.701377410279,-0.24408556576,1.207749377238
    ));
#231 = CARTESIAN_POINT('',(15.947239862257,1.724511251471,1.219151594931
    ));
#232 = CARTESIAN_POINT('',(15.19355278779,3.693299669675,1.234109221497)
  );
#233 = CARTESIAN_POINT('',(14.441202664098,5.662632322794,1.255055672141
    ));
#234 = ADVANCED_FACE('',(#235),#257,.F.);
#235 = FACE_BOUND('',#236,.T.);
#236 = EDGE_LOOP('',(#237,#249,#255,#256));
#237 = ORIENTED_EDGE('',*,*,#238,.F.);
#238 = EDGE_CURVE('',#239,#109,#241,.T.);
#239 = VERTEX_POINT('',#240);
#240 = CARTESIAN_POINT('',(1.391735563225,0.,1.300572433796));
#241 = B_SPLINE_CURVE_WITH_KNOTS('',3,(#242,#243,#244,#245,#246,#247,
    #248),.UNSPECIFIED.,.F.,.F.,(4,3,4),(0.,2.918235205631E-03,
    5.836478767755E-03),.UNSPECIFIED.);
#242 = CARTESIAN_POINT('',(1.391735563225,-2.2E-16,1.300572433796));
#243 = CARTESIAN_POINT('',(1.738812303128,0.908319302738,1.327530721355)
  );
#244 = CARTESIAN_POINT('',(2.085251524257,1.81688236647,1.354496243573)
  );
#245 = CARTESIAN_POINT('',(2.430915927582,2.72573960406,1.381470496666)
  );
#246 = CARTESIAN_POINT('',(2.776581287019,3.634599355558,1.40844482437)
  );
#247 = CARTESIAN_POINT('',(3.121472838689,4.543753709778,1.43542789568)
  );
#248 = CARTESIAN_POINT('',(3.465414257616,5.453266679819,1.462421610458)
  );
#249 = ORIENTED_EDGE('',*,*,#250,.T.);
#250 = EDGE_CURVE('',#239,#178,#251,.T.);
#251 = LINE('',#252,#253);
#252 = CARTESIAN_POINT('',(9.,0.,1.300572433796));
#253 = VECTOR('',#254,1.);
#254 = DIRECTION('',(1.,0.,1.E-17));
#255 = ORIENTED_EDGE('',*,*,#177,.T.);
#256 = ORIENTED_EDGE('',*,*,#108,.T.);
#257 = PLANE('',#258);
#258 = AXIS2_PLACEMENT_3D('',#259,#260,#261);
#259 = CARTESIAN_POINT('',(9.,5.961433882689,1.477503660946));
#260 = DIRECTION('',(1.E-17,2.966624408511E-02,-0.999559860119));
#261 = DIRECTION('',(0.,0.999559860119,2.966624408511E-02));
#262 = ADVANCED_FACE('',(#263),#295,.F.);
#263 = FACE_BOUND('',#264,.F.);
#264 = EDGE_LOOP('',(#265,#280,#281,#282));
#265 = ORIENTED_EDGE('',*,*,#266,.T.);
#266 = EDGE_CURVE('',#267,#124,#269,.T.);
#267 = VERTEX_POINT('',#268);
#268 = CARTESIAN_POINT('',(1.350052219413,-9.E-15,16.625093114457));
#269 = B_SPLINE_CURVE_WITH_KNOTS('',3,(#270,#271,#272,#273,#274,#275,
    #276,#277,#278,#279),.UNSPECIFIED.,.F.,.F.,(4,3,3,4),(0.,
    2.683908998455E-03,5.367818039906E-03,8.712122413613E-03),
  .UNSPECIFIED.);
#270 = CARTESIAN_POINT('',(1.350052219413,-8.61E-15,16.625093114457));
#271 = CARTESIAN_POINT('',(1.579160476341,0.817686943103,16.343540920921
    ));
#272 = CARTESIAN_POINT('',(1.808470058982,1.635323486645,16.062006081344
    ));
#273 = CARTESIAN_POINT('',(2.038010093846,2.452902163758,15.780491166778
    ));
#274 = CARTESIAN_POINT('',(2.267550130871,3.270480848567,15.498976249561
    ));
#275 = CARTESIAN_POINT('',(2.497320542738,4.088001750937,15.217481228433
    ));
#276 = CARTESIAN_POINT('',(2.727356422429,4.905455836669,14.936009214119
    ));
#277 = CARTESIAN_POINT('',(3.013994291205,5.924050402316,14.58527897842)
  );
#278 = CARTESIAN_POINT('',(3.301043540328,6.942541588393,14.234584339162
    ));
#279 = CARTESIAN_POINT('',(3.588588921796,7.960907456884,13.883932850209
    ));
#280 = ORIENTED_EDGE('',*,*,#123,.F.);
#281 = ORIENTED_EDGE('',*,*,#238,.F.);
#282 = ORIENTED_EDGE('',*,*,#283,.F.);
#283 = EDGE_CURVE('',#267,#239,#284,.T.);
#284 = B_SPLINE_CURVE_WITH_KNOTS('',3,(#285,#286,#287,#288,#289,#290,
    #291,#292,#293,#294),.UNSPECIFIED.,.F.,.F.,(4,3,3,4),(0.,
    5.367818027601E-03,1.0346197498E-02,1.532458137049E-02),
  .UNSPECIFIED.);
#285 = CARTESIAN_POINT('',(1.350052219413,-8.61E-15,16.625093114457));
#286 = CARTESIAN_POINT('',(1.35310454218,-8.E-17,14.835823042073));
#287 = CARTESIAN_POINT('',(1.356568222558,5.E-17,13.04655357189));
#288 = CARTESIAN_POINT('',(1.360639363461,5.E-17,11.257285527573));
#289 = CARTESIAN_POINT('',(1.364415140465,5.E-17,9.597830033781));
#290 = CARTESIAN_POINT('',(1.36871062059,-1.1E-16,7.938375547724));
#291 = CARTESIAN_POINT('',(1.373781883156,-1.1E-16,6.278923507242));
#292 = CARTESIAN_POINT('',(1.378853149878,-1.1E-16,4.619470107093));
#293 = CARTESIAN_POINT('',(1.38469247613,5.E-17,2.96001863658));
#294 = CARTESIAN_POINT('',(1.391735563225,-2.2E-16,1.300572433796));
#295 = B_SPLINE_SURFACE_WITH_KNOTS('',3,3,(
    (#296,#297,#298,#299)
    ,(#300,#301,#302,#303)
    ,(#304,#305,#306,#307)
    ,(#308,#309,#310,#311
    )),.UNSPECIFIED.,.F.,.F.,.F.,(4,4),(4,4),(6.702692932246E-02,
    0.934977373461),(3.194653065274E-02,0.885686415684),
  .PIECEWISE_BEZIER_KNOTS.);
#296 = CARTESIAN_POINT('',(1.298622589721,-0.24408556576,1.207749377238)
  );
#297 = CARTESIAN_POINT('',(2.052760137743,1.724511251471,1.219151594931)
  );
#298 = CARTESIAN_POINT('',(2.80644721221,3.693299669675,1.234109221497)
  );
#299 = CARTESIAN_POINT('',(3.558797335902,5.662632322794,1.255055672141)
  );
#300 = CARTESIAN_POINT('',(1.317886509151,-0.166573625951,6.382583231291
    ));
#301 = CARTESIAN_POINT('',(2.073100203508,2.047370982507,6.101160245489)
  );
#302 = CARTESIAN_POINT('',(2.828109830945,4.261909800069,5.82255148694)
  );
#303 = CARTESIAN_POINT('',(3.582476881443,6.47753471724,5.548309737895)
  );
#304 = CARTESIAN_POINT('',(1.328575405927,-0.103500434635,
    11.557493053834));
#305 = CARTESIAN_POINT('',(2.083972361068,2.354243791271,10.983934001618
    ));
#306 = CARTESIAN_POINT('',(2.839196968132,4.812655809205,10.41274458977)
  );
#307 = CARTESIAN_POINT('',(3.593880506774,7.272163866055,9.845119722847)
  );
#308 = CARTESIAN_POINT('',(1.336760269275,-4.696056119848E-02,
    16.732437250983));
#309 = CARTESIAN_POINT('',(2.092269412995,2.654173333375,15.867052427732
    ));
#310 = CARTESIAN_POINT('',(2.847638095351,5.356010744508,15.003698392681
    ));
#311 = CARTESIAN_POINT('',(3.602576642497,8.058937661453,14.143307533655
    ));
#312 = ADVANCED_FACE('',(#313),#324,.T.);
#313 = FACE_BOUND('',#314,.T.);
#314 = EDGE_LOOP('',(#315,#316,#322,#323));
#315 = ORIENTED_EDGE('',*,*,#190,.F.);
#316 = ORIENTED_EDGE('',*,*,#317,.F.);
#317 = EDGE_CURVE('',#267,#191,#318,.T.);
#318 = LINE('',#319,#320);
#319 = CARTESIAN_POINT('',(9.,0.,16.625093114457));
#320 = VECTOR('',#321,1.);
#321 = DIRECTION('',(1.,0.,3.1E-16));
#322 = ORIENTED_EDGE('',*,*,#266,.T.);
#323 = ORIENTED_EDGE('',*,*,#132,.T.);
#324 = PLANE('',#325);
#325 = AXIS2_PLACEMENT_3D('',#326,#327,#328);
#326 = CARTESIAN_POINT('',(9.,8.580530172183,13.67057963951));
#327 = DIRECTION('',(2.9E-16,-0.325568154457,-0.945518575599));
#328 = DIRECTION('',(0.,0.945518575599,-0.325568154457));
#329 = ADVANCED_FACE('',(#330,#364),#370,.F.);
#330 = FACE_BOUND('',#331,.T.);
#331 = EDGE_LOOP('',(#332,#342,#350,#358));
#332 = ORIENTED_EDGE('',*,*,#333,.T.);
#333 = EDGE_CURVE('',#334,#336,#338,.T.);
#334 = VERTEX_POINT('',#335);
#335 = CARTESIAN_POINT('',(0.,0.,0.));
#336 = VERTEX_POINT('',#337);
#337 = CARTESIAN_POINT('',(18.,0.,0.));
#338 = LINE('',#339,#340);
#339 = CARTESIAN_POINT('',(0.,0.,0.));
#340 = VECTOR('',#341,1.);
#341 = DIRECTION('',(1.,0.,0.));
#342 = ORIENTED_EDGE('',*,*,#343,.F.);
#343 = EDGE_CURVE('',#344,#336,#346,.T.);
#344 = VERTEX_POINT('',#345);
#345 = CARTESIAN_POINT('',(18.,0.,18.));
#346 = LINE('',#347,#348);
#347 = CARTESIAN_POINT('',(18.,0.,18.));
#348 = VECTOR('',#349,1.);
#349 = DIRECTION('',(0.,0.,-1.));
#350 = ORIENTED_EDGE('',*,*,#351,.F.);
#351 = EDGE_CURVE('',#352,#344,#354,.T.);
#352 = VERTEX_POINT('',#353);
#353 = CARTESIAN_POINT('',(0.,0.,18.));
#354 = LINE('',#355,#356);
#355 = CARTESIAN_POINT('',(0.,0.,18.));
#356 = VECTOR('',#357,1.);
#357 = DIRECTION('',(1.,0.,0.));
#358 = ORIENTED_EDGE('',*,*,#359,.T.);
#359 = EDGE_CURVE('',#352,#334,#360,.T.);
#360 = LINE('',#361,#362);
#361 = CARTESIAN_POINT('',(0.,0.,18.));
#362 = VECTOR('',#363,1.);
#363 = DIRECTION('',(0.,0.,-1.));
#364 = FACE_BOUND('',#365,.T.);
#365 = EDGE_LOOP('',(#366,#367,#368,#369));
#366 = ORIENTED_EDGE('',*,*,#250,.F.);
#367 = ORIENTED_EDGE('',*,*,#283,.F.);
#368 = ORIENTED_EDGE('',*,*,#317,.T.);
#369 = ORIENTED_EDGE('',*,*,#205,.T.);
#370 = PLANE('',#371);
#371 = AXIS2_PLACEMENT_3D('',#372,#373,#374);
#372 = CARTESIAN_POINT('',(0.,0.,0.));
#373 = DIRECTION('',(0.,1.,0.));
#374 = DIRECTION('',(0.,0.,1.));
#375 = ADVANCED_FACE('',(#376),#410,.T.);
#376 = FACE_BOUND('',#377,.T.);
#377 = EDGE_LOOP('',(#378,#387,#402,#409));
#378 = ORIENTED_EDGE('',*,*,#379,.T.);
#379 = EDGE_CURVE('',#334,#380,#382,.T.);
#380 = VERTEX_POINT('',#381);
#381 = CARTESIAN_POINT('',(3.514561242989,6.454354475665,0.191560768821)
  );
#382 = B_SPLINE_CURVE_WITH_KNOTS('',3,(#383,#384,#385,#386),
  .UNSPECIFIED.,.F.,.F.,(4,4),(0.,0.987862766321),
  .PIECEWISE_BEZIER_KNOTS.);
#383 = CARTESIAN_POINT('',(0.,0.,0.));
#384 = CARTESIAN_POINT('',(1.285027911966,2.308729489573,
    6.852149160531E-02));
#385 = CARTESIAN_POINT('',(2.456548279302,4.460181006372,0.132375081952)
  );
#386 = CARTESIAN_POINT('',(3.514561242989,6.454354475665,0.191560768821)
  );
#387 = ORIENTED_EDGE('',*,*,#388,.T.);
#388 = EDGE_CURVE('',#380,#389,#391,.T.);
#389 = VERTEX_POINT('',#390);
#390 = CARTESIAN_POINT('',(14.48543875702,6.454354475665,0.191560768821)
  );
#391 = B_SPLINE_CURVE_WITH_KNOTS('',3,(#392,#393,#394,#395,#396,#397,
    #398,#399,#400,#401),.UNSPECIFIED.,.F.,.F.,(4,2,2,2,4),(0.,
    2.755448588217E-03,5.510897176434E-03,8.266345764651E-03,
    1.102179435287E-02),.UNSPECIFIED.);
#392 = CARTESIAN_POINT('',(3.514561242989,6.454354475665,0.191560768821)
  );
#393 = CARTESIAN_POINT('',(4.418712579588,6.277072004639,0.186299147914)
  );
#394 = CARTESIAN_POINT('',(5.327977851624,6.144299409664,0.182358549289)
  );
#395 = CARTESIAN_POINT('',(7.156551466843,5.966168097294,0.17707173536)
  );
#396 = CARTESIAN_POINT('',(8.077921979255,5.920886536615,0.175727810013)
  );
#397 = CARTESIAN_POINT('',(9.918108745039,5.920756691528,0.175723956301)
  );
#398 = CARTESIAN_POINT('',(10.838511205526,5.965783143477,0.177060310197
    ));
#399 = CARTESIAN_POINT('',(12.671050879658,6.144109084029,0.182352900556
    ));
#400 = CARTESIAN_POINT('',(13.581293827081,6.277073260833,0.186299185197
    ));
#401 = CARTESIAN_POINT('',(14.48543875702,6.454354475665,0.191560768821)
  );
#402 = ORIENTED_EDGE('',*,*,#403,.T.);
#403 = EDGE_CURVE('',#389,#336,#404,.T.);
#404 = B_SPLINE_CURVE_WITH_KNOTS('',3,(#405,#406,#407,#408),
  .UNSPECIFIED.,.F.,.F.,(4,4),(1.21374247227E-02,1.),
  .PIECEWISE_BEZIER_KNOTS.);
#405 = CARTESIAN_POINT('',(14.48543875702,6.454354475665,0.191560768821)
  );
#406 = CARTESIAN_POINT('',(15.543451727667,4.460180993859,0.13237508158)
  );
#407 = CARTESIAN_POINT('',(16.714972094998,2.308729477059,
    6.85214912339E-02));
#408 = CARTESIAN_POINT('',(18.,0.,0.));
#409 = ORIENTED_EDGE('',*,*,#333,.F.);
#410 = PLANE('',#411);
#411 = AXIS2_PLACEMENT_3D('',#412,#413,#414);
#412 = CARTESIAN_POINT('',(9.,6.,0.178075842791));
#413 = DIRECTION('',(1.E-17,2.966624408511E-02,-0.999559860119));
#414 = DIRECTION('',(0.,0.999559860119,2.966624408511E-02));
#415 = ADVANCED_FACE('',(#416),#450,.T.);
#416 = FACE_BOUND('',#417,.T.);
#417 = EDGE_LOOP('',(#418,#427,#442,#449));
#418 = ORIENTED_EDGE('',*,*,#419,.T.);
#419 = EDGE_CURVE('',#336,#420,#422,.T.);
#420 = VERTEX_POINT('',#421);
#421 = CARTESIAN_POINT('',(15.381211249591,6.823568218758,1.109583654018
    ));
#422 = B_SPLINE_CURVE_WITH_KNOTS('',3,(#423,#424,#425,#426),
  .UNSPECIFIED.,.F.,.F.,(4,4),(0.,0.98723161044),
  .PIECEWISE_BEZIER_KNOTS.);
#423 = CARTESIAN_POINT('',(18.,0.,0.));
#424 = CARTESIAN_POINT('',(17.059441441391,2.385002056668,0.413266646036
    ));
#425 = CARTESIAN_POINT('',(16.186512166802,4.658632889647,0.784195991036
    ));
#426 = CARTESIAN_POINT('',(15.381211249591,6.823568218758,1.109583654018
    ));
#427 = ORIENTED_EDGE('',*,*,#428,.T.);
#428 = EDGE_CURVE('',#420,#429,#431,.T.);
#429 = VERTEX_POINT('',#430);
#430 = CARTESIAN_POINT('',(15.374713926731,9.385088387274,
    13.756448376781));
#431 = B_SPLINE_CURVE_WITH_KNOTS('',3,(#432,#433,#434,#435,#436,#437,
    #438,#439,#440,#441),.UNSPECIFIED.,.F.,.F.,(4,3,3,4),(0.,
    5.280233972899E-03,7.617551316541E-03,1.29036673644E-02),
  .UNSPECIFIED.);
#432 = CARTESIAN_POINT('',(15.381211249591,6.823568218758,1.109583654018
    ));
#433 = CARTESIAN_POINT('',(15.3801695678,7.172327870567,2.83476198414));
#434 = CARTESIAN_POINT('',(15.379186996246,7.521430598993,4.559870976705
    ));
#435 = CARTESIAN_POINT('',(15.378272315359,7.870764815124,6.284933092422
    ));
#436 = CARTESIAN_POINT('',(15.377867428088,8.025399048247,7.04853896049)
  );
#437 = CARTESIAN_POINT('',(15.377475520335,8.180079334328,7.81213551061)
  );
#438 = CARTESIAN_POINT('',(15.377096237594,8.334798747733,8.575724137422
    ));
#439 = CARTESIAN_POINT('',(15.376238445397,8.68471476267,10.302668956197
    ));
#440 = CARTESIAN_POINT('',(15.37544538649,9.03482926956,12.029573594904)
  );
#441 = CARTESIAN_POINT('',(15.374713926731,9.385088387274,
    13.756448376781));
#442 = ORIENTED_EDGE('',*,*,#443,.T.);
#443 = EDGE_CURVE('',#429,#344,#444,.T.);
#444 = B_SPLINE_CURVE_WITH_KNOTS('',3,(#445,#446,#447,#448),
  .UNSPECIFIED.,.F.,.F.,(4,4),(1.022663056862E-02,1.),
  .PIECEWISE_BEZIER_KNOTS.);
#445 = CARTESIAN_POINT('',(15.374713926731,9.385088387274,
    13.756448376781));
#446 = CARTESIAN_POINT('',(16.172622870705,6.602257669887,
    15.035247800375));
#447 = CARTESIAN_POINT('',(17.047720153399,3.473353337681,
    16.450414059923));
#448 = CARTESIAN_POINT('',(18.,0.,18.));
#449 = ORIENTED_EDGE('',*,*,#343,.T.);
#450 = B_SPLINE_SURFACE_WITH_KNOTS('',3,1,(
    (#451,#452)
    ,(#453,#454)
    ,(#455,#456)
    ,(#457,#458)
    ,(#459,#460)
    ,(#461,#462
    )),.UNSPECIFIED.,.F.,.F.,.F.,(4,2,4),(2,2),(0.,0.5,1.),(0.,1.),
  .UNSPECIFIED.);
#451 = CARTESIAN_POINT('',(18.,0.,18.));
#452 = CARTESIAN_POINT('',(15.35,9.665631775897,14.671856079669));
#453 = CARTESIAN_POINT('',(18.,0.,15.));
#454 = CARTESIAN_POINT('',(15.35,9.174640329795,12.259785989479));
#455 = CARTESIAN_POINT('',(18.,0.,12.));
#456 = CARTESIAN_POINT('',(15.35,8.683648883693,9.84771589929));
#457 = CARTESIAN_POINT('',(18.,0.,6.));
#458 = CARTESIAN_POINT('',(15.35,7.701665991489,5.023575718911));
#459 = CARTESIAN_POINT('',(18.,0.,3.));
#460 = CARTESIAN_POINT('',(15.35,7.210674545388,2.611505628722));
#461 = CARTESIAN_POINT('',(18.,0.,0.));
#462 = CARTESIAN_POINT('',(15.35,6.719683099286,0.199435538532));
#463 = ADVANCED_FACE('',(#464),#498,.F.);
#464 = FACE_BOUND('',#465,.T.);
#465 = EDGE_LOOP('',(#466,#475,#490,#497));
#466 = ORIENTED_EDGE('',*,*,#467,.T.);
#467 = EDGE_CURVE('',#344,#468,#470,.T.);
#468 = VERTEX_POINT('',#469);
#469 = CARTESIAN_POINT('',(14.438111653367,9.403128244433,
    14.762243294138));
#470 = B_SPLINE_CURVE_WITH_KNOTS('',3,(#471,#472,#473,#474),
  .UNSPECIFIED.,.F.,.F.,(4,4),(0.,0.990706185784),
  .PIECEWISE_BEZIER_KNOTS.);
#471 = CARTESIAN_POINT('',(18.,0.,18.));
#472 = CARTESIAN_POINT('',(16.710712657937,3.453368819203,
    16.810909756675));
#473 = CARTESIAN_POINT('',(15.52341650719,6.587744888548,15.731657525565
    ));
#474 = CARTESIAN_POINT('',(14.438111653367,9.403128244433,
    14.762243294138));
#475 = ORIENTED_EDGE('',*,*,#476,.T.);
#476 = EDGE_CURVE('',#468,#477,#479,.T.);
#477 = VERTEX_POINT('',#478);
#478 = CARTESIAN_POINT('',(3.561888333986,9.403128211642,14.762243305428
    ));
#479 = B_SPLINE_CURVE_WITH_KNOTS('',3,(#480,#481,#482,#483,#484,#485,
    #486,#487,#488,#489),.UNSPECIFIED.,.F.,.F.,(4,2,2,2,4),(0.,
    2.734530250135E-03,5.469060500271E-03,8.203590750406E-03,
    1.093812100054E-02),.UNSPECIFIED.);
#480 = CARTESIAN_POINT('',(14.438111653367,9.403128244433,
    14.762243294138));
#481 = CARTESIAN_POINT('',(13.541074656209,9.242841411165,
    14.817434476879));
#482 = CARTESIAN_POINT('',(12.638442234169,9.122617452497,
    14.858830905627));
#483 = CARTESIAN_POINT('',(10.822106523967,8.961434641285,
    14.914330598315));
#484 = CARTESIAN_POINT('',(9.910021030225,8.920752668005,14.928338525078
    ));
#485 = CARTESIAN_POINT('',(8.086663690203,8.920851513144,14.928304489968
    ));
#486 = CARTESIAN_POINT('',(7.173657416097,8.961735805324,14.91422689922)
  );
#487 = CARTESIAN_POINT('',(5.360723996558,9.122766397716,14.858779619675
    ));
#488 = CARTESIAN_POINT('',(4.458930785139,9.242840438879,14.817434811664
    ));
#489 = CARTESIAN_POINT('',(3.561888333986,9.403128211642,14.762243305428
    ));
#490 = ORIENTED_EDGE('',*,*,#491,.T.);
#491 = EDGE_CURVE('',#477,#352,#492,.T.);
#492 = B_SPLINE_CURVE_WITH_KNOTS('',3,(#493,#494,#495,#496),
  .UNSPECIFIED.,.F.,.F.,(4,4),(9.293595966627E-03,1.),
  .PIECEWISE_BEZIER_KNOTS.);
#493 = CARTESIAN_POINT('',(3.561888333986,9.403128211642,14.762243305428
    ));
#494 = CARTESIAN_POINT('',(2.476583494106,6.587744892585,15.731657524175
    ));
#495 = CARTESIAN_POINT('',(1.289287347576,3.453368834169,16.810909751522
    ));
#496 = CARTESIAN_POINT('',(0.,0.,18.));
#497 = ORIENTED_EDGE('',*,*,#351,.T.);
#498 = PLANE('',#499);
#499 = AXIS2_PLACEMENT_3D('',#500,#501,#502);
#500 = CARTESIAN_POINT('',(9.,9.003768772977,14.899753787789));
#501 = DIRECTION('',(2.9E-16,-0.325568154457,-0.945518575599));
#502 = DIRECTION('',(0.,0.945518575599,-0.325568154457));
#503 = ADVANCED_FACE('',(#504),#538,.T.);
#504 = FACE_BOUND('',#505,.T.);
#505 = EDGE_LOOP('',(#506,#515,#530,#537));
#506 = ORIENTED_EDGE('',*,*,#507,.T.);
#507 = EDGE_CURVE('',#352,#508,#510,.T.);
#508 = VERTEX_POINT('',#509);
#509 = CARTESIAN_POINT('',(2.625285247603,9.385085507868,13.756449699976
    ));
#510 = B_SPLINE_CURVE_WITH_KNOTS('',3,(#511,#512,#513,#514),
  .UNSPECIFIED.,.F.,.F.,(4,4),(0.,0.989773028056),
  .PIECEWISE_BEZIER_KNOTS.);
#511 = CARTESIAN_POINT('',(0.,0.,18.));
#512 = CARTESIAN_POINT('',(0.95227951803,3.473352139249,16.450414594596)
  );
#513 = CARTESIAN_POINT('',(1.82737652552,6.602255511477,15.035248776312)
  );
#514 = CARTESIAN_POINT('',(2.625285247603,9.385085507868,13.756449699976
    ));
#515 = ORIENTED_EDGE('',*,*,#516,.T.);
#516 = EDGE_CURVE('',#508,#517,#519,.T.);
#517 = VERTEX_POINT('',#518);
#518 = CARTESIAN_POINT('',(2.618788612234,6.823567847291,1.109583598186)
  );
#519 = B_SPLINE_CURVE_WITH_KNOTS('',3,(#520,#521,#522,#523,#524,#525,
    #526,#527,#528,#529),.UNSPECIFIED.,.F.,.F.,(4,3,3,4),(0.,
    5.280233911907E-03,9.091950577761E-03,1.290366743312E-02),
  .UNSPECIFIED.);
#520 = CARTESIAN_POINT('',(2.625285247603,9.385085507868,13.756449699976
    ));
#521 = CARTESIAN_POINT('',(2.624555432955,9.035219018422,12.031495191286
    ));
#522 = CARTESIAN_POINT('',(2.623763320166,8.685493953644,10.306512211177
    ));
#523 = CARTESIAN_POINT('',(2.622906625714,8.335966864656,8.58148915543)
  );
#524 = CARTESIAN_POINT('',(2.622288191648,8.083648832089,7.336222515811)
  );
#525 = CARTESIAN_POINT('',(2.621636024969,7.831434268691,6.09093491983)
  );
#526 = CARTESIAN_POINT('',(2.620949171793,7.5793552325,4.845619914093));
#527 = CARTESIAN_POINT('',(2.620262318584,7.327276184338,3.600304849219)
  );
#528 = CARTESIAN_POINT('',(2.619540466198,7.075332357095,2.354962418328)
  );
#529 = CARTESIAN_POINT('',(2.618788612234,6.823567847291,1.109583598186)
  );
#530 = ORIENTED_EDGE('',*,*,#531,.T.);
#531 = EDGE_CURVE('',#517,#334,#532,.T.);
#532 = B_SPLINE_CURVE_WITH_KNOTS('',3,(#533,#534,#535,#536),
  .UNSPECIFIED.,.F.,.F.,(4,4),(1.276844602476E-02,1.),
  .PIECEWISE_BEZIER_KNOTS.);
#533 = CARTESIAN_POINT('',(2.618788612234,6.823567847291,1.109583598186)
  );
#534 = CARTESIAN_POINT('',(1.813487733356,4.65863262955,0.784195948667)
  );
#535 = CARTESIAN_POINT('',(0.940558504826,2.385001920289,0.413266622403)
  );
#536 = CARTESIAN_POINT('',(0.,0.,0.));
#537 = ORIENTED_EDGE('',*,*,#359,.F.);
#538 = B_SPLINE_SURFACE_WITH_KNOTS('',3,1,(
    (#539,#540)
    ,(#541,#542)
    ,(#543,#544)
    ,(#545,#546)
    ,(#547,#548)
    ,(#549,#550
    )),.UNSPECIFIED.,.F.,.F.,.F.,(4,2,4),(2,2),(0.,0.5,1.),(0.,1.),
  .UNSPECIFIED.);
#539 = CARTESIAN_POINT('',(0.,0.,0.));
#540 = CARTESIAN_POINT('',(2.65,6.719683099286,0.199435538532));
#541 = CARTESIAN_POINT('',(0.,0.,3.));
#542 = CARTESIAN_POINT('',(2.65,7.210674545388,2.611505628722));
#543 = CARTESIAN_POINT('',(0.,0.,6.));
#544 = CARTESIAN_POINT('',(2.65,7.701665991489,5.023575718911));
#545 = CARTESIAN_POINT('',(0.,0.,12.));
#546 = CARTESIAN_POINT('',(2.65,8.683648883693,9.84771589929));
#547 = CARTESIAN_POINT('',(0.,0.,15.));
#548 = CARTESIAN_POINT('',(2.65,9.174640329795,12.259785989479));
#549 = CARTESIAN_POINT('',(0.,0.,18.));
#550 = CARTESIAN_POINT('',(2.65,9.665631775897,14.671856079669));
#551 = ADVANCED_FACE('',(#552),#567,.T.);
#552 = FACE_BOUND('',#553,.T.);
#553 = EDGE_LOOP('',(#554,#555,#566));
#554 = ORIENTED_EDGE('',*,*,#531,.F.);
#555 = ORIENTED_EDGE('',*,*,#556,.T.);
#556 = EDGE_CURVE('',#517,#380,#557,.T.);
#557 = B_SPLINE_CURVE_WITH_KNOTS('',3,(#558,#559,#560,#561,#562,#563,
    #564,#565),.UNSPECIFIED.,.F.,.F.,(4,2,2,4),(-5.999999993E-08,
    7.403139915628E-04,1.110500987344E-03,1.480687983125E-03),
  .UNSPECIFIED.);
#558 = CARTESIAN_POINT('',(2.618788612234,6.823567847291,1.109583598186)
  );
#559 = CARTESIAN_POINT('',(2.621470876389,6.78177112512,0.866372132972)
  );
#560 = CARTESIAN_POINT('',(2.712328050561,6.718305371386,0.627810382384)
  );
#561 = CARTESIAN_POINT('',(2.957922581671,6.615246679555,0.373771749625)
  );
#562 = CARTESIAN_POINT('',(3.057008553489,6.579891951851,0.306321714584)
  );
#563 = CARTESIAN_POINT('',(3.275925585047,6.512846156912,0.215439632957)
  );
#564 = CARTESIAN_POINT('',(3.394211755075,6.481590358413,0.192369110951)
  );
#565 = CARTESIAN_POINT('',(3.514561242989,6.454354475665,0.191560768821)
  );
#566 = ORIENTED_EDGE('',*,*,#379,.F.);
#567 = ( BOUNDED_SURFACE() B_SPLINE_SURFACE(2,3,(
    (#568,#569,#570,#571)
    ,(#572,#573,#574,#575)
    ,(#576,#577,#578,#579
)),.UNSPECIFIED.,.F.,.F.,.F.) B_SPLINE_SURFACE_WITH_KNOTS((3,3),(4,4),(
    0.,1.),(0.,7.809657899165E-03),.PIECEWISE_BEZIER_KNOTS.) 
GEOMETRIC_REPRESENTATION_ITEM() RATIONAL_B_SPLINE_SURFACE((
    (1.,1.,1.,1.)
    ,(0.710944282311,0.718493622043,0.727223278395,0.737386476189)
,(1.,1.,1.,1.))) REPRESENTATION_ITEM('') SURFACE() );
#568 = CARTESIAN_POINT('',(0.,-1.E-17,1.9E-16));
#569 = CARTESIAN_POINT('',(1.276747654008,2.293852866621,
    6.807996374363E-02));
#570 = CARTESIAN_POINT('',(2.533225917336,4.595739170035,0.136398354326)
  );
#571 = CARTESIAN_POINT('',(3.75621345271,6.910808092621,0.20510799591));
#572 = CARTESIAN_POINT('',(0.,0.,9.E-17));
#573 = CARTESIAN_POINT('',(0.944627324687,2.395319346681,
    7.109141856862E-02));
#574 = CARTESIAN_POINT('',(1.895336639035,4.805042486198,0.142610331745)
  );
#575 = CARTESIAN_POINT('',(2.857092126739,7.252284361023,0.215242774958)
  );
#576 = CARTESIAN_POINT('',(0.,0.,0.));
#577 = CARTESIAN_POINT('',(0.951135282244,2.411821766502,0.417913892144)
  );
#578 = CARTESIAN_POINT('',(1.880879815278,4.829886046357,0.813861836382)
  );
#579 = CARTESIAN_POINT('',(2.778439123582,7.253731228952,1.173856109996)
  );
#580 = ADVANCED_FACE('',(#581),#615,.T.);
#581 = FACE_BOUND('',#582,.T.);
#582 = EDGE_LOOP('',(#583,#592,#607,#614));
#583 = ORIENTED_EDGE('',*,*,#584,.T.);
#584 = EDGE_CURVE('',#380,#585,#587,.T.);
#585 = VERTEX_POINT('',#586);
#586 = CARTESIAN_POINT('',(3.533319391563,6.547636443814,0.271911926297)
  );
#587 = B_SPLINE_CURVE_WITH_KNOTS('',3,(#588,#589,#590,#591),
  .UNSPECIFIED.,.F.,.F.,(4,4),(0.,1.),.PIECEWISE_BEZIER_KNOTS.);
#588 = CARTESIAN_POINT('',(3.514561242989,6.454354475665,0.191560768821)
  );
#589 = CARTESIAN_POINT('',(3.523187078705,6.498308824542,0.192865303441)
  );
#590 = CARTESIAN_POINT('',(3.531382401394,6.53906355483,0.227970588887)
  );
#591 = CARTESIAN_POINT('',(3.533319391563,6.547636443815,0.271911926297)
  );
#592 = ORIENTED_EDGE('',*,*,#593,.F.);
#593 = EDGE_CURVE('',#594,#585,#596,.T.);
#594 = VERTEX_POINT('',#595);
#595 = CARTESIAN_POINT('',(14.46668060844,6.547636443815,0.271911926297)
  );
#596 = B_SPLINE_CURVE_WITH_KNOTS('',3,(#597,#598,#599,#600,#601,#602,
    #603,#604,#605,#606),.UNSPECIFIED.,.F.,.F.,(4,2,2,2,4),(0.,
    2.748537296583E-03,5.497074593165E-03,8.245611889748E-03,
    1.099414918633E-02),.UNSPECIFIED.);
#597 = CARTESIAN_POINT('',(14.46668060844,6.547636443815,0.271911926297)
  );
#598 = CARTESIAN_POINT('',(13.566177950643,6.371039216442,0.266523571281
    ));
#599 = CARTESIAN_POINT('',(12.659603220766,6.238561955802,0.262483488334
    ));
#600 = CARTESIAN_POINT('',(10.83445158573,6.06081599938,0.257062310164)
  );
#601 = CARTESIAN_POINT('',(9.917750094051,6.015880674234,0.255691410653)
  );
#602 = CARTESIAN_POINT('',(8.084969268851,6.015791751578,0.255688697172)
  );
#603 = CARTESIAN_POINT('',(7.167186166085,6.060688550257,0.257058422958)
  );
#604 = CARTESIAN_POINT('',(5.340732674679,6.238497232043,0.262481514346)
  );
#605 = CARTESIAN_POINT('',(4.433832191146,6.37103722754,0.266523510595)
  );
#606 = CARTESIAN_POINT('',(3.533319391563,6.547636443815,0.271911926297)
  );
#607 = ORIENTED_EDGE('',*,*,#608,.F.);
#608 = EDGE_CURVE('',#389,#594,#609,.T.);
#609 = B_SPLINE_CURVE_WITH_KNOTS('',3,(#610,#611,#612,#613),
  .UNSPECIFIED.,.F.,.F.,(4,4),(0.,1.),.PIECEWISE_BEZIER_KNOTS.);
#610 = CARTESIAN_POINT('',(14.48543875702,6.454354475665,0.191560768821)
  );
#611 = CARTESIAN_POINT('',(14.476812594602,6.498308760466,0.19286530154)
  );
#612 = CARTESIAN_POINT('',(14.468617272407,6.539063490839,0.227970586958
    ));
#613 = CARTESIAN_POINT('',(14.46668060844,6.547636443815,0.271911926297)
  );
#614 = ORIENTED_EDGE('',*,*,#388,.F.);
#615 = ( BOUNDED_SURFACE() B_SPLINE_SURFACE(3,2,(
    (#616,#617,#618)
    ,(#619,#620,#621)
    ,(#622,#623,#624)
    ,(#625,#626,#627)
    ,(#628,#629,#630)
    ,(#631,#632,#633)
    ,(#634,#635,#636)
    ,(#637,#638,#639
)),.UNSPECIFIED.,.F.,.F.,.F.) B_SPLINE_SURFACE_WITH_KNOTS((4,2,2,4),(3,3
    ),(0.,5.51927301435E-03,8.278909521525E-03,1.10385460287E-02),(0.,1.
),.UNSPECIFIED.) GEOMETRIC_REPRESENTATION_ITEM() 
RATIONAL_B_SPLINE_SURFACE((
    (1.,0.782468957389,1.)
    ,(1.,0.783400601125,1.)
    ,(1.,0.78386816184,1.)
    ,(1.,0.783867644623,1.)
    ,(1.,0.783748402078,1.)
    ,(1.,0.783283892048,1.)
    ,(1.,0.782938294184,1.)
,(1.,0.782468957389,1.))) REPRESENTATION_ITEM('') SURFACE() );
#616 = CARTESIAN_POINT('',(14.485438898005,6.454354550397,0.191560771039
    ));
#617 = CARTESIAN_POINT('',(14.470120214054,6.53241198756,0.19387746169)
  );
#618 = CARTESIAN_POINT('',(14.466680934541,6.547636507767,0.271911928248
    ));
#619 = CARTESIAN_POINT('',(12.679198982966,6.100193972184,0.181049530464
    ));
#620 = CARTESIAN_POINT('',(12.671135077477,6.179423351442,0.183401003544
    ));
#621 = CARTESIAN_POINT('',(12.666656828868,6.194634455761,0.261141088897
    ));
#622 = CARTESIAN_POINT('',(10.838202127928,5.920691769081,0.175722029447
    ));
#623 = CARTESIAN_POINT('',(10.833022150236,5.99987050044,0.178071999334)
  );
#624 = CARTESIAN_POINT('',(10.831837458204,6.015706832006,0.255686105868
    ));
#625 = CARTESIAN_POINT('',(8.077921979257,5.920886536567,0.175727810011)
  );
#626 = CARTESIAN_POINT('',(8.080519750438,6.000064854628,0.178077767631)
  );
#627 = CARTESIAN_POINT('',(8.081114621775,6.015900958562,0.25569202962)
  );
#628 = CARTESIAN_POINT('',(7.156551466845,5.966168097312,0.17707173536)
  );
#629 = CARTESIAN_POINT('',(7.161435115543,6.045277394336,0.179419644483)
  );
#630 = CARTESIAN_POINT('',(7.162884919626,6.061034513446,0.257068974832)
  );
#631 = CARTESIAN_POINT('',(5.327977851622,6.144299409645,0.182358549289)
  );
#632 = CARTESIAN_POINT('',(5.337938743568,6.22303639999,0.184695408608)
  );
#633 = CARTESIAN_POINT('',(5.340534116713,6.238589513186,0.262484328743)
  );
#634 = CARTESIAN_POINT('',(4.41870641481,6.277073213588,0.186299183795)
  );
#635 = CARTESIAN_POINT('',(4.430924448862,6.355613124615,0.188630193936)
  );
#636 = CARTESIAN_POINT('',(4.434351870733,6.370935302388,0.266520400682)
  );
#637 = CARTESIAN_POINT('',(3.514561102008,6.454354550394,0.191560771039)
  );
#638 = CARTESIAN_POINT('',(3.529879785959,6.532411987558,0.19387746169)
  );
#639 = CARTESIAN_POINT('',(3.533319065472,6.547636507764,0.271911928248)
  );
#640 = ADVANCED_FACE('',(#641),#658,.T.);
#641 = FACE_BOUND('',#642,.T.);
#642 = EDGE_LOOP('',(#643,#644,#657));
#643 = ORIENTED_EDGE('',*,*,#403,.F.);
#644 = ORIENTED_EDGE('',*,*,#645,.T.);
#645 = EDGE_CURVE('',#389,#420,#646,.T.);
#646 = B_SPLINE_CURVE_WITH_KNOTS('',3,(#647,#648,#649,#650,#651,#652,
    #653,#654,#655,#656),.UNSPECIFIED.,.F.,.F.,(4,2,2,2,4),(
    -5.999999992E-08,3.71098231849E-04,7.42256463698E-04,
    1.113414695547E-03,1.484572927396E-03),.UNSPECIFIED.);
#647 = CARTESIAN_POINT('',(14.48543875702,6.454354475665,0.191560768821)
  );
#648 = CARTESIAN_POINT('',(14.606103998711,6.481661815437,0.192371231746
    ));
#649 = CARTESIAN_POINT('',(14.725371234338,6.513217817796,0.215843913755
    ));
#650 = CARTESIAN_POINT('',(14.943405051893,6.580044328546,0.306628562032
    ));
#651 = CARTESIAN_POINT('',(15.04267353424,6.615456452091,0.374160903137)
  );
#652 = CARTESIAN_POINT('',(15.206829328362,6.684422203798,0.544417917323
    ));
#653 = CARTESIAN_POINT('',(15.270706010629,6.717416660692,0.645441310598
    ));
#654 = CARTESIAN_POINT('',(15.357784233069,6.776954065826,0.868822045397
    ));
#655 = CARTESIAN_POINT('',(15.379866274939,6.802614481884,0.987658834576
    ));
#656 = CARTESIAN_POINT('',(15.381211249591,6.823568218758,1.109583654018
    ));
#657 = ORIENTED_EDGE('',*,*,#419,.F.);
#658 = ( BOUNDED_SURFACE() B_SPLINE_SURFACE(2,3,(
    (#659,#660,#661,#662)
    ,(#663,#664,#665,#666)
    ,(#667,#668,#669,#670
)),.UNSPECIFIED.,.F.,.F.,.F.) B_SPLINE_SURFACE_WITH_KNOTS((3,3),(4,4),(
    0.,1.),(-3.613046342384E-03,4.196611556781E-03),
.PIECEWISE_BEZIER_KNOTS.) GEOMETRIC_REPRESENTATION_ITEM() 
RATIONAL_B_SPLINE_SURFACE((
    (1.,1.,1.,1.)
    ,(0.710944282311,0.718493622043,0.727223278395,0.737386476189)
,(1.,1.,1.,1.))) REPRESENTATION_ITEM('') SURFACE() );
#659 = CARTESIAN_POINT('',(18.,0.,0.));
#660 = CARTESIAN_POINT('',(17.048864717756,2.411821766502,0.417913892146
    ));
#661 = CARTESIAN_POINT('',(16.119120184722,4.829886046356,0.813861836386
    ));
#662 = CARTESIAN_POINT('',(15.221560876418,7.253731228952,1.173856109996
    ));
#663 = CARTESIAN_POINT('',(18.,0.,4.E-17));
#664 = CARTESIAN_POINT('',(17.055372675309,2.395319346679,
    7.109141857006E-02));
#665 = CARTESIAN_POINT('',(16.104663360983,4.805042486205,0.142610331746
    ));
#666 = CARTESIAN_POINT('',(15.142907873261,7.252284361023,0.215242774958
    ));
#667 = CARTESIAN_POINT('',(18.,0.,8.E-17));
#668 = CARTESIAN_POINT('',(16.723252345991,2.293852866622,
    6.807996374364E-02));
#669 = CARTESIAN_POINT('',(15.466774082679,4.595739170042,0.136398354326
    ));
#670 = CARTESIAN_POINT('',(14.24378654729,6.910808092621,0.20510799591)
  );
#671 = ADVANCED_FACE('',(#672),#710,.T.);
#672 = FACE_BOUND('',#673,.T.);
#673 = EDGE_LOOP('',(#674,#685,#686,#697));
#674 = ORIENTED_EDGE('',*,*,#675,.T.);
#675 = EDGE_CURVE('',#676,#429,#678,.T.);
#676 = VERTEX_POINT('',#677);
#677 = CARTESIAN_POINT('',(15.256818490854,9.455473812624,
    13.742060347885));
#678 = B_SPLINE_CURVE_WITH_KNOTS('',3,(#679,#680,#681,#682,#683,#684),
  .UNSPECIFIED.,.F.,.F.,(4,2,4),(0.,0.5,1.),.UNSPECIFIED.);
#679 = CARTESIAN_POINT('',(15.256818490854,9.455473812624,
    13.742060347885));
#680 = CARTESIAN_POINT('',(15.281627214999,9.460776008916,
    13.740996250158));
#681 = CARTESIAN_POINT('',(15.308460882957,9.456364574509,
    13.741909490341));
#682 = CARTESIAN_POINT('',(15.351836221422,9.430467823403,
    13.747203442244));
#683 = CARTESIAN_POINT('',(15.368140918735,9.409123988844,13.75155523143
    ));
#684 = CARTESIAN_POINT('',(15.374713926731,9.385088387274,
    13.756448376781));
#685 = ORIENTED_EDGE('',*,*,#428,.F.);
#686 = ORIENTED_EDGE('',*,*,#687,.F.);
#687 = EDGE_CURVE('',#688,#420,#690,.T.);
#688 = VERTEX_POINT('',#689);
#689 = CARTESIAN_POINT('',(15.26656261665,6.883544542,1.0972679503));
#690 = B_SPLINE_CURVE_WITH_KNOTS('',3,(#691,#692,#693,#694,#695,#696),
  .UNSPECIFIED.,.F.,.F.,(4,2,4),(0.,0.5,1.),.UNSPECIFIED.);
#691 = CARTESIAN_POINT('',(15.26656261665,6.883544542,1.0972679503));
#692 = CARTESIAN_POINT('',(15.289588713034,6.888521915374,1.096280047183
    ));
#693 = CARTESIAN_POINT('',(15.314389093188,6.885181439882,1.096985306416
    ));
#694 = CARTESIAN_POINT('',(15.355989671022,6.863418974959,1.101454011289
    ));
#695 = CARTESIAN_POINT('',(15.372620322143,6.845085680235,1.105199244357
    ));
#696 = CARTESIAN_POINT('',(15.381211249591,6.823568218758,1.109583654018
    ));
#697 = ORIENTED_EDGE('',*,*,#698,.F.);
#698 = EDGE_CURVE('',#676,#688,#699,.T.);
#699 = B_SPLINE_CURVE_WITH_KNOTS('',3,(#700,#701,#702,#703,#704,#705,
    #706,#707,#708,#709),.UNSPECIFIED.,.F.,.F.,(4,3,3,4),(0.,
    6.451854083138E-03,9.094919010354E-03,1.29037084643E-02),
  .UNSPECIFIED.);
#700 = CARTESIAN_POINT('',(15.256818490854,9.455473812624,
    13.742060347885));
#701 = CARTESIAN_POINT('',(15.258015949957,9.026724285648,
    11.634613952203));
#702 = CARTESIAN_POINT('',(15.259374735638,8.598010457559,9.527160372974
    ));
#703 = CARTESIAN_POINT('',(15.260966062802,8.169348275242,7.41969647002)
  );
#704 = CARTESIAN_POINT('',(15.261617965491,7.993742632389,6.556353332386
    ));
#705 = CARTESIAN_POINT('',(15.262309340048,7.818145756335,5.693008440033
    ));
#706 = CARTESIAN_POINT('',(15.2630478247,7.642559355018,4.829661458575)
  );
#707 = CARTESIAN_POINT('',(15.264112018212,7.389530522813,3.585535052044
    ));
#708 = CARTESIAN_POINT('',(15.265273530597,7.136523325785,2.341404321874
    ));
#709 = CARTESIAN_POINT('',(15.26656261665,6.883544542,1.0972679503));
#710 = ( BOUNDED_SURFACE() B_SPLINE_SURFACE(3,2,(
    (#711,#712,#713)
    ,(#714,#715,#716)
    ,(#717,#718,#719)
    ,(#720,#721,#722
)),.UNSPECIFIED.,.F.,.F.,.F.) B_SPLINE_SURFACE_WITH_KNOTS((4,4),(3,3),(
    0.,1.290370913129E-02),(0.,1.),.PIECEWISE_BEZIER_KNOTS.) 
GEOMETRIC_REPRESENTATION_ITEM() RATIONAL_B_SPLINE_SURFACE((
    (1.,0.723513019676,1.)
    ,(1.,0.732399674992,1.)
    ,(1.,0.743449820078,1.)
,(1.,0.760044167806,1.))) REPRESENTATION_ITEM('') SURFACE() );
#711 = CARTESIAN_POINT('',(15.374708977584,9.38508390801,13.756449822766
    ));
#712 = CARTESIAN_POINT('',(15.350034493615,9.475396221408,
    13.738062119755));
#713 = CARTESIAN_POINT('',(15.256812651735,9.455472564675,
    13.742060598367));
#714 = CARTESIAN_POINT('',(15.376506589535,8.530094353462,9.541056292681
    ));
#715 = CARTESIAN_POINT('',(15.350039500155,8.627867972103,9.57440759646)
  );
#716 = CARTESIAN_POINT('',(15.259219248373,8.597975966531,9.527167108895
    ));
#717 = CARTESIAN_POINT('',(15.378664286599,7.675854217633,5.32551350489)
  );
#718 = CARTESIAN_POINT('',(15.35004599939,7.778672276998,5.402550989929)
  );
#719 = CARTESIAN_POINT('',(15.262195352431,7.740605379361,5.312248133543
    ));
#720 = CARTESIAN_POINT('',(15.381212176235,6.823568568919,1.109583617487
    ));
#721 = CARTESIAN_POINT('',(15.350063397774,6.901594291697,1.093685584884
    ));
#722 = CARTESIAN_POINT('',(15.26656261698,6.883544477185,1.097267631544)
  );
#723 = ADVANCED_FACE('',(#724),#739,.T.);
#724 = FACE_BOUND('',#725,.T.);
#725 = EDGE_LOOP('',(#726,#727,#738));
#726 = ORIENTED_EDGE('',*,*,#443,.F.);
#727 = ORIENTED_EDGE('',*,*,#728,.T.);
#728 = EDGE_CURVE('',#429,#468,#729,.T.);
#729 = B_SPLINE_CURVE_WITH_KNOTS('',3,(#730,#731,#732,#733,#734,#735,
    #736,#737),.UNSPECIFIED.,.F.,.F.,(4,2,2,4),(-5.999999992E-08,
    7.632426039213E-04,1.144893905882E-03,1.526545207842E-03),
  .UNSPECIFIED.);
#730 = CARTESIAN_POINT('',(15.374713926731,9.385088387274,
    13.756448376781));
#731 = CARTESIAN_POINT('',(15.373160481602,9.440961373623,
    14.004667350586));
#732 = CARTESIAN_POINT('',(15.274345746208,9.474146747175,
    14.256264875855));
#733 = CARTESIAN_POINT('',(15.016955282686,9.478053570825,
    14.534739043919));
#734 = CARTESIAN_POINT('',(14.913377681545,9.472020402807,14.61171050171
    ));
#735 = CARTESIAN_POINT('',(14.685763784596,9.446606865862,
    14.721400387378));
#736 = CARTESIAN_POINT('',(14.56271185295,9.427400843315,14.753885568096
    ));
#737 = CARTESIAN_POINT('',(14.438111653367,9.403128244433,
    14.762243294138));
#738 = ORIENTED_EDGE('',*,*,#467,.F.);
#739 = ( BOUNDED_SURFACE() B_SPLINE_SURFACE(2,3,(
    (#740,#741,#742,#743)
    ,(#744,#745,#746,#747)
    ,(#748,#749,#750,#751
)),.UNSPECIFIED.,.F.,.F.,.F.) B_SPLINE_SURFACE_WITH_KNOTS((3,3),(4,4),(
    0.,1.),(0.,1.121159812184E-02),.PIECEWISE_BEZIER_KNOTS.) 
GEOMETRIC_REPRESENTATION_ITEM() RATIONAL_B_SPLINE_SURFACE((
    (1.,1.,1.,1.)
    ,(0.736913633281,0.731752167521,0.725732665936,0.717812230557)
,(1.,1.,1.,1.))) REPRESENTATION_ITEM('') SURFACE() );
#740 = CARTESIAN_POINT('',(18.,-5.22E-15,18.));
#741 = CARTESIAN_POINT('',(16.751409739627,3.344361285852,
    16.848444060464));
#742 = CARTESIAN_POINT('',(15.48901375273,6.685349534064,15.698049550929
    ));
#743 = CARTESIAN_POINT('',(14.200069026518,10.01978127287,
    14.549912628628));
#744 = CARTESIAN_POINT('',(18.,-2.61E-15,18.));
#745 = CARTESIAN_POINT('',(17.055569295295,3.444724312723,16.81388629906
    ));
#746 = CARTESIAN_POINT('',(16.113232836516,6.879289984335,
    15.631270498559));
#747 = CARTESIAN_POINT('',(15.184311638825,10.267222248567,
    14.464711868036));
#748 = CARTESIAN_POINT('',(18.,0.,18.));
#749 = CARTESIAN_POINT('',(17.088941959507,3.32300058335,16.51749174869)
  );
#750 = CARTESIAN_POINT('',(16.165283826362,6.639194310914,
    15.021511778779));
#751 = CARTESIAN_POINT('',(15.214339696563,9.943354140063,13.49960695665
    ));
#752 = ADVANCED_FACE('',(#753),#789,.T.);
#753 = FACE_BOUND('',#754,.T.);
#754 = EDGE_LOOP('',(#755,#766,#767,#778));
#755 = ORIENTED_EDGE('',*,*,#756,.T.);
#756 = EDGE_CURVE('',#757,#477,#759,.T.);
#757 = VERTEX_POINT('',#758);
#758 = CARTESIAN_POINT('',(3.580304930573,9.466883158792,14.648073166389
    ));
#759 = B_SPLINE_CURVE_WITH_KNOTS('',3,(#760,#761,#762,#763,#764,#765),
  .UNSPECIFIED.,.F.,.F.,(4,2,4),(0.,0.5,1.),.UNSPECIFIED.);
#760 = CARTESIAN_POINT('',(3.580304930573,9.466883158792,14.648073166389
    ));
#761 = CARTESIAN_POINT('',(3.579733242816,9.471784949988,14.671600796152
    ));
#762 = CARTESIAN_POINT('',(3.57750197602,9.467973012716,14.696795504122)
  );
#763 = CARTESIAN_POINT('',(3.570796841177,9.44476089074,14.738362961878)
  );
#764 = CARTESIAN_POINT('',(3.566352463439,9.425462796841,14.754552891013
    ));
#765 = CARTESIAN_POINT('',(3.561888333986,9.403128211642,14.762243305428
    ));
#766 = ORIENTED_EDGE('',*,*,#476,.F.);
#767 = ORIENTED_EDGE('',*,*,#768,.F.);
#768 = EDGE_CURVE('',#769,#468,#771,.T.);
#769 = VERTEX_POINT('',#770);
#770 = CARTESIAN_POINT('',(14.419695292513,9.466883198651,
    14.648073152648));
#771 = B_SPLINE_CURVE_WITH_KNOTS('',3,(#772,#773,#774,#775,#776,#777),
  .UNSPECIFIED.,.F.,.F.,(4,2,4),(0.,0.5,1.),.UNSPECIFIED.);
#772 = CARTESIAN_POINT('',(14.419695292513,9.466883198651,
    14.648073152648));
#773 = CARTESIAN_POINT('',(14.420266980294,9.471784989855,
    14.671600782411));
#774 = CARTESIAN_POINT('',(14.422498247182,9.467973052603,
    14.696795490379));
#775 = CARTESIAN_POINT('',(14.429203382302,9.444760930677,
    14.738362948125));
#776 = CARTESIAN_POINT('',(14.433647760224,9.425462836809,
    14.754552877251));
#777 = CARTESIAN_POINT('',(14.438111653367,9.403128244433,
    14.762243294138));
#778 = ORIENTED_EDGE('',*,*,#779,.F.);
#779 = EDGE_CURVE('',#757,#769,#780,.T.);
#780 = B_SPLINE_CURVE_WITH_KNOTS('',3,(#781,#782,#783,#784,#785,#786,
    #787,#788),.UNSPECIFIED.,.F.,.F.,(4,2,2,4),(0.,2.721107796384E-03,
    5.442215592767E-03,1.088443118553E-02),.UNSPECIFIED.);
#781 = CARTESIAN_POINT('',(3.580304930573,9.466883158792,14.648073166389
    ));
#782 = CARTESIAN_POINT('',(4.474112710433,9.307186095078,14.703128207273
    ));
#783 = CARTESIAN_POINT('',(5.372653701456,9.187546023113,14.744373512783
    ));
#784 = CARTESIAN_POINT('',(7.179047634816,9.027072826815,14.799696056904
    ));
#785 = CARTESIAN_POINT('',(8.088760278571,8.986311460941,14.81374855751)
  );
#786 = CARTESIAN_POINT('',(10.813940817139,8.98605694827,14.813836301268
    ));
#787 = CARTESIAN_POINT('',(12.632098206444,9.147492358246,
    14.758182101225));
#788 = CARTESIAN_POINT('',(14.419695292513,9.466883198651,
    14.648073152648));
#789 = ( BOUNDED_SURFACE() B_SPLINE_SURFACE(3,2,(
    (#790,#791,#792)
    ,(#793,#794,#795)
    ,(#796,#797,#798)
    ,(#799,#800,#801)
    ,(#802,#803,#804)
    ,(#805,#806,#807)
    ,(#808,#809,#810)
    ,(#811,#812,#813
)),.UNSPECIFIED.,.F.,.F.,.F.) B_SPLINE_SURFACE_WITH_KNOTS((4,2,2,4),(3,3
    ),(-2.2747239E-10,5.469060386534E-03,8.203590693538E-03,
    1.093812100054E-02),(0.,1.),.UNSPECIFIED.) 
GEOMETRIC_REPRESENTATION_ITEM() RATIONAL_B_SPLINE_SURFACE((
    (1.,0.751021282125,1.)
    ,(1.,0.751440646752,1.)
    ,(1.,0.751654794159,1.)
    ,(1.,0.751654596966,1.)
    ,(1.,0.751600421827,1.)
    ,(1.,0.751389071412,1.)
    ,(1.,0.751231827948,1.)
,(1.,0.751021282125,1.))) REPRESENTATION_ITEM('') SURFACE() );
#790 = CARTESIAN_POINT('',(14.419695069414,9.46688315879,14.64807316639)
  );
#791 = CARTESIAN_POINT('',(14.421785836809,9.484809911761,
    14.734118040577));
#792 = CARTESIAN_POINT('',(14.438111547757,9.403128208036,14.76224330667
    ));
#793 = CARTESIAN_POINT('',(12.633699160773,9.147778415551,
    14.758083485775));
#794 = CARTESIAN_POINT('',(12.63611343981,9.165628800259,14.844020910887
    ));
#795 = CARTESIAN_POINT('',(12.646020978497,9.082908970877,
    14.872503632331));
#796 = CARTESIAN_POINT('',(10.815452486446,8.98612804381,14.813811790924
    ));
#797 = CARTESIAN_POINT('',(10.816170742551,9.003670246139,
    14.899787713295));
#798 = CARTESIAN_POINT('',(10.821699851763,8.920703252296,
    14.928355540271));
#799 = CARTESIAN_POINT('',(8.089795994326,8.986275780959,14.813760858262
    ));
#800 = CARTESIAN_POINT('',(8.089435647094,9.003818103614,14.899736801891
    ));
#801 = CARTESIAN_POINT('',(8.086663785075,8.920851509704,14.928304491152
    ));
#802 = CARTESIAN_POINT('',(7.179875157275,9.027017456948,14.799715145505
    ));
#803 = CARTESIAN_POINT('',(7.179032963501,9.044604172184,14.885693032237
    ));
#804 = CARTESIAN_POINT('',(7.173657491699,8.961735800297,14.914226900951
    ));
#805 = CARTESIAN_POINT('',(5.373054778955,9.187492261145,14.74439204698)
  );
#806 = CARTESIAN_POINT('',(5.371516342221,9.205207494966,14.830392873427
    ));
#807 = CARTESIAN_POINT('',(5.360724034064,9.122766392696,14.858779621404
    ));
#808 = CARTESIAN_POINT('',(4.474290434588,9.307154341015,14.703139154366
    ));
#809 = CARTESIAN_POINT('',(4.472286310179,9.324998442512,14.789145542365
    ));
#810 = CARTESIAN_POINT('',(4.45892558932,9.242841367452,14.81743449193)
  );
#811 = CARTESIAN_POINT('',(3.580304930573,9.466883158792,14.648073166389
    ));
#812 = CARTESIAN_POINT('',(3.578214163179,9.484809911763,14.734118040576
    ));
#813 = CARTESIAN_POINT('',(3.561888452231,9.403128208038,14.76224330667)
  );
#814 = ADVANCED_FACE('',(#815),#832,.T.);
#815 = FACE_BOUND('',#816,.T.);
#816 = EDGE_LOOP('',(#817,#818,#831));
#817 = ORIENTED_EDGE('',*,*,#491,.F.);
#818 = ORIENTED_EDGE('',*,*,#819,.T.);
#819 = EDGE_CURVE('',#477,#508,#820,.T.);
#820 = B_SPLINE_CURVE_WITH_KNOTS('',3,(#821,#822,#823,#824,#825,#826,
    #827,#828,#829,#830),.UNSPECIFIED.,.F.,.F.,(4,2,2,2,4),(
    -5.999999992E-08,3.823004197184E-04,7.646608394366E-04,
    1.147021259155E-03,1.529381678873E-03),.UNSPECIFIED.);
#821 = CARTESIAN_POINT('',(3.561888333986,9.403128211642,14.762243305428
    ));
#822 = CARTESIAN_POINT('',(3.437056636949,9.427445942401,14.753870039236
    ));
#823 = CARTESIAN_POINT('',(3.312799001771,9.446791970704,14.720828125746
    ));
#824 = CARTESIAN_POINT('',(3.086504238212,9.472008779695,14.611532418614
    ));
#825 = CARTESIAN_POINT('',(2.982560386022,9.478078633189,14.534364437205
    ));
#826 = CARTESIAN_POINT('',(2.810821139169,9.475406835466,14.348257692815
    ));
#827 = CARTESIAN_POINT('',(2.74263748175,9.466753144575,14.239422831386)
  );
#828 = CARTESIAN_POINT('',(2.649990716965,9.435419293046,14.004635136643
    ));
#829 = CARTESIAN_POINT('',(2.62606135691,9.413077585315,13.880788401086)
  );
#830 = CARTESIAN_POINT('',(2.625285247603,9.385085507868,13.756449699976
    ));
#831 = ORIENTED_EDGE('',*,*,#507,.F.);
#832 = ( BOUNDED_SURFACE() B_SPLINE_SURFACE(2,3,(
    (#833,#834,#835,#836)
    ,(#837,#838,#839,#840)
    ,(#841,#842,#843,#844
)),.UNSPECIFIED.,.F.,.F.,.F.) B_SPLINE_SURFACE_WITH_KNOTS((3,3),(4,4),(
    0.,1.),(0.,1.121159812184E-02),.PIECEWISE_BEZIER_KNOTS.) 
GEOMETRIC_REPRESENTATION_ITEM() RATIONAL_B_SPLINE_SURFACE((
    (1.,1.,1.,1.)
    ,(0.736913633281,0.731752167521,0.725732665936,0.717812230557)
,(1.,1.,1.,1.))) REPRESENTATION_ITEM('') SURFACE() );
#833 = CARTESIAN_POINT('',(0.,0.,18.));
#834 = CARTESIAN_POINT('',(0.911058040494,3.323000583354,16.517491748698
    ));
#835 = CARTESIAN_POINT('',(1.834716173637,6.639194310908,15.021511778768
    ));
#836 = CARTESIAN_POINT('',(2.785660303437,9.943354140063,13.49960695665)
  );
#837 = CARTESIAN_POINT('',(0.,-1.76E-15,18.));
#838 = CARTESIAN_POINT('',(0.944430704607,3.44472431276,16.81388629909)
  );
#839 = CARTESIAN_POINT('',(1.886767163497,6.879289984334,15.631270498567
    ));
#840 = CARTESIAN_POINT('',(2.815688361175,10.267222248567,
    14.464711868036));
#841 = CARTESIAN_POINT('',(0.,-3.53E-15,18.));
#842 = CARTESIAN_POINT('',(1.248590260309,3.344361285872,16.848444060457
    ));
#843 = CARTESIAN_POINT('',(2.510986247267,6.685349534066,15.698049550928
    ));
#844 = CARTESIAN_POINT('',(3.799930973482,10.01978127287,14.549912628628
    ));
#845 = ADVANCED_FACE('',(#846),#884,.T.);
#846 = FACE_BOUND('',#847,.T.);
#847 = EDGE_LOOP('',(#848,#859,#874,#883));
#848 = ORIENTED_EDGE('',*,*,#849,.T.);
#849 = EDGE_CURVE('',#508,#850,#852,.T.);
#850 = VERTEX_POINT('',#851);
#851 = CARTESIAN_POINT('',(2.743187347498,9.455472291484,13.74205925554)
  );
#852 = B_SPLINE_CURVE_WITH_KNOTS('',3,(#853,#854,#855,#856,#857,#858),
  .UNSPECIFIED.,.F.,.F.,(4,2,4),(0.,0.5,1.),.UNSPECIFIED.);
#853 = CARTESIAN_POINT('',(2.625285247603,9.385085507868,13.756449699976
    ));
#854 = CARTESIAN_POINT('',(2.631859080863,9.40912371627,13.75155388848)
  );
#855 = CARTESIAN_POINT('',(2.648163778216,9.430467550598,13.747202099341
    ));
#856 = CARTESIAN_POINT('',(2.691539116562,9.456364301383,13.741908147502
    ));
#857 = CARTESIAN_POINT('',(2.718372784368,9.460775735703,13.740994907336
    ));
#858 = CARTESIAN_POINT('',(2.743187347498,9.455472291484,13.74205925554)
  );
#859 = ORIENTED_EDGE('',*,*,#860,.F.);
#860 = EDGE_CURVE('',#861,#850,#863,.T.);
#861 = VERTEX_POINT('',#862);
#862 = CARTESIAN_POINT('',(2.733439334876,6.883544055275,1.097267715322)
  );
#863 = B_SPLINE_CURVE_WITH_KNOTS('',3,(#864,#865,#866,#867,#868,#869,
    #870,#871,#872,#873),.UNSPECIFIED.,.F.,.F.,(4,3,3,4),(0.,
    6.451853512292E-03,9.095339838723E-03,1.29037073784E-02),
  .UNSPECIFIED.);
#864 = CARTESIAN_POINT('',(2.733439334876,6.883544055275,1.097267715322)
  );
#865 = CARTESIAN_POINT('',(2.735621015013,7.312074873092,3.204757611166)
  );
#866 = CARTESIAN_POINT('',(2.737442609205,7.740685892959,5.312231583864)
  );
#867 = CARTESIAN_POINT('',(2.739033936315,8.16934803733,7.419695300358)
  );
#868 = CARTESIAN_POINT('',(2.73968594298,8.344981678694,8.283176089203)
  );
#869 = CARTESIAN_POINT('',(2.740298439428,8.520624095865,9.146655123537)
  );
#870 = CARTESIAN_POINT('',(2.74087756164,8.696273918573,10.010132672868)
  );
#871 = CARTESIAN_POINT('',(2.741711880399,8.949325760047,11.254111064425
    ));
#872 = CARTESIAN_POINT('',(2.742477070713,9.202392941111,12.49808638319)
  );
#873 = CARTESIAN_POINT('',(2.743187347498,9.455472291484,13.74205925554)
  );
#874 = ORIENTED_EDGE('',*,*,#875,.F.);
#875 = EDGE_CURVE('',#517,#861,#876,.T.);
#876 = B_SPLINE_CURVE_WITH_KNOTS('',3,(#877,#878,#879,#880,#881,#882),
  .UNSPECIFIED.,.F.,.F.,(4,2,4),(0.,0.5,1.),.UNSPECIFIED.);
#877 = CARTESIAN_POINT('',(2.618788612234,6.823567847291,1.109583598186)
  );
#878 = CARTESIAN_POINT('',(2.627379677857,6.845085680235,1.105199244356)
  );
#879 = CARTESIAN_POINT('',(2.644010328978,6.863418974959,1.101454011289)
  );
#880 = CARTESIAN_POINT('',(2.685610906812,6.885181439882,1.096985306416)
  );
#881 = CARTESIAN_POINT('',(2.710411286966,6.888521915374,1.096280047182)
  );
#882 = CARTESIAN_POINT('',(2.733439334876,6.883544055275,1.097267715322)
  );
#883 = ORIENTED_EDGE('',*,*,#516,.F.);
#884 = ( BOUNDED_SURFACE() B_SPLINE_SURFACE(3,2,(
    (#885,#886,#887)
    ,(#888,#889,#890)
    ,(#891,#892,#893)
    ,(#894,#895,#896
)),.UNSPECIFIED.,.F.,.F.,.F.) B_SPLINE_SURFACE_WITH_KNOTS((4,4),(3,3),(
    0.,1.290370909472E-02),(0.,1.),.PIECEWISE_BEZIER_KNOTS.) 
GEOMETRIC_REPRESENTATION_ITEM() RATIONAL_B_SPLINE_SURFACE((
    (1.,0.760044167806,1.)
    ,(1.,0.74344982011,1.)
    ,(1.,0.732399675013,1.)
,(1.,0.723513019676,1.))) REPRESENTATION_ITEM('') SURFACE() );
#885 = CARTESIAN_POINT('',(2.618787823765,6.823568568919,1.109583617487)
  );
#886 = CARTESIAN_POINT('',(2.649936602226,6.901594291696,1.093685584883)
  );
#887 = CARTESIAN_POINT('',(2.73343738302,6.883544477185,1.097267631544)
  );
#888 = CARTESIAN_POINT('',(2.621335713388,7.675854215765,5.325513495742)
  );
#889 = CARTESIAN_POINT('',(2.649954000608,7.778672275047,5.40255098039)
  );
#890 = CARTESIAN_POINT('',(2.737804647551,7.740605377503,5.312248124393)
  );
#891 = CARTESIAN_POINT('',(2.623493410462,8.530094351518,9.541056283085)
  );
#892 = CARTESIAN_POINT('',(2.64996049987,8.627867970265,9.574407587088)
  );
#893 = CARTESIAN_POINT('',(2.740780751689,8.597975964565,9.527167099303)
  );
#894 = CARTESIAN_POINT('',(2.625291022416,9.38508390801,13.756449822765)
  );
#895 = CARTESIAN_POINT('',(2.649965506384,9.475396221407,13.738062119753
    ));
#896 = CARTESIAN_POINT('',(2.743187348265,9.455472564675,13.742060598365
    ));
#897 = ADVANCED_FACE('',(#898),#914,.T.);
#898 = FACE_BOUND('',#899,.T.);
#899 = EDGE_LOOP('',(#900,#901,#912,#913));
#900 = ORIENTED_EDGE('',*,*,#875,.T.);
#901 = ORIENTED_EDGE('',*,*,#902,.F.);
#902 = EDGE_CURVE('',#585,#861,#903,.T.);
#903 = B_SPLINE_CURVE_WITH_KNOTS('',3,(#904,#905,#906,#907,#908,#909,
    #910,#911),.UNSPECIFIED.,.F.,.F.,(4,2,2,4),(0.,3.298873734005E-04,
    6.59774746801E-04,1.319549493602E-03),.UNSPECIFIED.);
#904 = CARTESIAN_POINT('',(3.533319391563,6.547636443815,0.271911926297)
  );
#905 = CARTESIAN_POINT('',(3.423925696608,6.569089598954,0.272566507447)
  );
#906 = CARTESIAN_POINT('',(3.317405132731,6.594727242135,0.293147149303)
  );
#907 = CARTESIAN_POINT('',(3.119780866344,6.652227911036,0.374968238356)
  );
#908 = CARTESIAN_POINT('',(3.030630393251,6.683619980886,0.435896092482)
  );
#909 = CARTESIAN_POINT('',(2.811396056532,6.777756956427,0.665163128813)
  );
#910 = CARTESIAN_POINT('',(2.733214224749,6.839128220968,0.878834319393)
  );
#911 = CARTESIAN_POINT('',(2.733439334876,6.883544055275,1.097267715322)
  );
#912 = ORIENTED_EDGE('',*,*,#584,.F.);
#913 = ORIENTED_EDGE('',*,*,#556,.F.);
#914 = ( BOUNDED_SURFACE() B_SPLINE_SURFACE(3,2,(
    (#915,#916,#917)
    ,(#918,#919,#920)
    ,(#921,#922,#923)
    ,(#924,#925,#926)
    ,(#927,#928,#929)
    ,(#930,#931,#932)
    ,(#933,#934,#935)
    ,(#936,#937,#938)
    ,(#939,#940,#941)
    ,(#942,#943,#944
)),.UNSPECIFIED.,.F.,.F.,.F.) B_SPLINE_SURFACE_WITH_KNOTS((4,2,2,2,4),(3
    ,3),(0.,3.304429308886E-04,6.608858617773E-04,9.913287926659E-04,
    1.321771723555E-03),(0.,1.),.UNSPECIFIED.) 
GEOMETRIC_REPRESENTATION_ITEM() RATIONAL_B_SPLINE_SURFACE((
    (1.,0.782468957559,1.)
    ,(1.,0.793466586007,1.)
    ,(1.,0.801444329741,1.)
    ,(1.,0.810453224843,1.)
    ,(1.,0.811421281443,1.)
    ,(1.,0.806664562946,1.)
    ,(1.,0.800909551486,1.)
    ,(1.,0.784170947211,1.)
    ,(1.,0.773065240622,1.)
,(1.,0.760042019983,1.))) REPRESENTATION_ITEM('') SURFACE() );
#915 = CARTESIAN_POINT('',(3.514561429225,6.454354486235,0.191560769135)
  );
#916 = CARTESIAN_POINT('',(3.529880112249,6.532411923535,0.193877459791)
  );
#917 = CARTESIAN_POINT('',(3.533319391563,6.547636443815,0.271911926297)
  );
#918 = CARTESIAN_POINT('',(3.39516011923,6.481374920442,0.192362716901)
  );
#919 = CARTESIAN_POINT('',(3.413964586025,6.555725071836,0.197350862717)
  );
#920 = CARTESIAN_POINT('',(3.425094333689,6.568860419774,0.272559523417)
  );
#921 = CARTESIAN_POINT('',(3.27632705833,6.512727736309,0.215296787904)
  );
#922 = CARTESIAN_POINT('',(3.296886314311,6.584250701507,0.221421332598)
  );
#923 = CARTESIAN_POINT('',(3.317788290107,6.594632697251,0.29306317163)
  );
#924 = CARTESIAN_POINT('',(3.056907932502,6.579918239275,0.30633969527)
  );
#925 = CARTESIAN_POINT('',(3.083105820621,6.647140104453,0.312239835818)
  );
#926 = CARTESIAN_POINT('',(3.120333966485,6.652050122979,0.374664936609)
  );
#927 = CARTESIAN_POINT('',(2.957432597322,6.61542022529,0.374097916891)
  );
#928 = CARTESIAN_POINT('',(2.985613970531,6.681622777306,0.378932388227)
  );
#929 = CARTESIAN_POINT('',(3.031186658239,6.683410787739,0.435453565191)
  );
#930 = CARTESIAN_POINT('',(2.793397290119,6.684318651335,0.544135881563)
  );
#931 = CARTESIAN_POINT('',(2.825660268027,6.750157198711,0.544073194507)
  );
#932 = CARTESIAN_POINT('',(2.884875945033,6.746175978298,0.588182335906)
  );
#933 = CARTESIAN_POINT('',(2.728677152735,6.717813896923,0.64687965325)
  );
#934 = CARTESIAN_POINT('',(2.761988325641,6.784824006445,0.644359842845)
  );
#935 = CARTESIAN_POINT('',(2.827573415756,6.777676745961,0.680540726966)
  );
#936 = CARTESIAN_POINT('',(2.642530489875,6.776763477816,0.868159217128)
  );
#937 = CARTESIAN_POINT('',(2.676117051151,6.847868799916,0.859081966687)
  );
#938 = CARTESIAN_POINT('',(2.752231986819,6.835000337112,0.87966700365)
  );
#939 = CARTESIAN_POINT('',(2.620123178897,6.802775908357,0.988600642214)
  );
#940 = CARTESIAN_POINT('',(2.653146416266,6.877137469912,0.977083049676)
  );
#941 = CARTESIAN_POINT('',(2.733326843635,6.86135569705,0.988147167541)
  );
#942 = CARTESIAN_POINT('',(2.618789538887,6.823567497148,1.10958363472)
  );
#943 = CARTESIAN_POINT('',(2.649937993943,6.901593959945,1.09368552333)
  );
#944 = CARTESIAN_POINT('',(2.733439335205,6.883544120088,1.097268034068)
  );
#945 = ADVANCED_FACE('',(#946,#986),#1026,.T.);
#946 = FACE_BOUND('',#947,.T.);
#947 = EDGE_LOOP('',(#948,#949,#960,#961,#962,#963,#974,#975));
#948 = ORIENTED_EDGE('',*,*,#698,.T.);
#949 = ORIENTED_EDGE('',*,*,#950,.T.);
#950 = EDGE_CURVE('',#688,#594,#951,.T.);
#951 = B_SPLINE_CURVE_WITH_KNOTS('',3,(#952,#953,#954,#955,#956,#957,
    #958,#959),.UNSPECIFIED.,.F.,.F.,(4,2,2,4),(0.,3.299193089608E-04,
    6.598386179215E-04,1.319677235843E-03),.UNSPECIFIED.);
#952 = CARTESIAN_POINT('',(15.26656261665,6.883544542,1.0972679503));
#953 = CARTESIAN_POINT('',(15.266673269752,6.861333546842,0.988038233411
    ));
#954 = CARTESIAN_POINT('',(15.248387909836,6.835576530757,0.881815483447
    ));
#955 = CARTESIAN_POINT('',(15.172792675615,6.777852094105,0.681004795295
    ));
#956 = CARTESIAN_POINT('',(15.116477655118,6.74683252458,0.589951392151)
  );
#957 = CARTESIAN_POINT('',(14.896594269289,6.652279970567,0.359363144424
    ));
#958 = CARTESIAN_POINT('',(14.685677384969,6.590583816823,0.273222341508
    ));
#959 = CARTESIAN_POINT('',(14.46668060844,6.547636443815,0.271911926297)
  );
#960 = ORIENTED_EDGE('',*,*,#593,.T.);
#961 = ORIENTED_EDGE('',*,*,#902,.T.);
#962 = ORIENTED_EDGE('',*,*,#860,.T.);
#963 = ORIENTED_EDGE('',*,*,#964,.T.);
#964 = EDGE_CURVE('',#850,#757,#965,.T.);
#965 = B_SPLINE_CURVE_WITH_KNOTS('',3,(#966,#967,#968,#969,#970,#971,
    #972,#973),.UNSPECIFIED.,.F.,.F.,(4,2,2,4),(0.,3.398930270205E-04,
    6.797860540409E-04,1.359572108082E-03),.UNSPECIFIED.);
#966 = CARTESIAN_POINT('',(2.743187347498,9.455472291484,13.74205925554)
  );
#967 = CARTESIAN_POINT('',(2.743241114487,9.478378689468,13.854640658985
    ));
#968 = CARTESIAN_POINT('',(2.763903072947,9.496408500686,13.965900578742
    ));
#969 = CARTESIAN_POINT('',(2.845535502862,9.521580379458,14.177796190104
    ));
#970 = CARTESIAN_POINT('',(2.906028417868,9.528355267778,14.276053907022
    ));
#971 = CARTESIAN_POINT('',(3.136037216003,9.530593110406,14.528081888349
    ));
#972 = CARTESIAN_POINT('',(3.354393298981,9.507246898107,14.634157899155
    ));
#973 = CARTESIAN_POINT('',(3.580304930573,9.466883158792,14.648073166389
    ));
#974 = ORIENTED_EDGE('',*,*,#779,.T.);
#975 = ORIENTED_EDGE('',*,*,#976,.T.);
#976 = EDGE_CURVE('',#769,#676,#977,.T.);
#977 = B_SPLINE_CURVE_WITH_KNOTS('',3,(#978,#979,#980,#981,#982,#983,
    #984,#985),.UNSPECIFIED.,.F.,.F.,(4,2,2,4),(0.,3.398596761338E-04,
    6.797193522675E-04,1.359438704535E-03),.UNSPECIFIED.);
#978 = CARTESIAN_POINT('',(14.419695292513,9.466883198651,
    14.648073152648));
#979 = CARTESIAN_POINT('',(14.532602002898,9.487056295485,
    14.641118543433));
#980 = CARTESIAN_POINT('',(14.642794601703,9.502981292809,
    14.612314376653));
#981 = CARTESIAN_POINT('',(14.847354838241,9.524495964669,
    14.513832911575));
#982 = CARTESIAN_POINT('',(14.940211737439,9.529824554473,
    14.444395223813));
#983 = CARTESIAN_POINT('',(15.169981925207,9.527668875584,
    14.193042102796));
#984 = CARTESIAN_POINT('',(15.256693135225,9.5012732318,13.96717691902)
  );
#985 = CARTESIAN_POINT('',(15.256818490854,9.455473812624,
    13.742060347885));
#986 = FACE_BOUND('',#987,.T.);
#987 = EDGE_LOOP('',(#988,#1001,#1012));
#988 = ORIENTED_EDGE('',*,*,#989,.F.);
#989 = EDGE_CURVE('',#990,#992,#994,.T.);
#990 = VERTEX_POINT('',#991);
#991 = CARTESIAN_POINT('',(9.000000434104,8.104879854811,10.494237197892
    ));
#992 = VERTEX_POINT('',#993);
#993 = CARTESIAN_POINT('',(11.598077217539,7.319078329221,6.061926948633
    ));
#994 = B_SPLINE_CURVE_WITH_KNOTS('',5,(#995,#996,#997,#998,#999,#1000),
  .UNSPECIFIED.,.F.,.F.,(6,6),(0.,1.),.PIECEWISE_BEZIER_KNOTS.);
#995 = CARTESIAN_POINT('',(9.000000434104,8.104879854811,10.494237197892
    ));
#996 = CARTESIAN_POINT('',(9.519787440708,7.924894077544,9.612114449944)
  );
#997 = CARTESIAN_POINT('',(10.039577497385,7.756328686275,8.727663407017
    ));
#998 = CARTESIAN_POINT('',(10.559282166477,7.599140976466,7.841049070176
    ));
#999 = CARTESIAN_POINT('',(11.078812205308,7.453356157516,6.952424049683
    ));
#1000 = CARTESIAN_POINT('',(11.598077217539,7.319078329221,
    6.061926948633));
#1001 = ORIENTED_EDGE('',*,*,#1002,.T.);
#1002 = EDGE_CURVE('',#990,#1003,#1005,.T.);
#1003 = VERTEX_POINT('',#1004);
#1004 = CARTESIAN_POINT('',(6.401924794833,7.319078020512,6.06192633473)
  );
#1005 = B_SPLINE_CURVE_WITH_KNOTS('',5,(#1006,#1007,#1008,#1009,#1010,
    #1011),.UNSPECIFIED.,.F.,.F.,(6,6),(0.,1.),
  .PIECEWISE_BEZIER_KNOTS.);
#1006 = CARTESIAN_POINT('',(9.000000434104,8.104879854811,
    10.494237197892));
#1007 = CARTESIAN_POINT('',(8.480213657564,7.924894035848,9.612114323494
    ));
#1008 = CARTESIAN_POINT('',(7.960423830526,7.756328592866,8.727663156196
    ));
#1009 = CARTESIAN_POINT('',(7.440719390461,7.599140821379,7.841048696811
    ));
#1010 = CARTESIAN_POINT('',(6.92118957985,7.453355930726,6.952423555362)
  );
#1011 = CARTESIAN_POINT('',(6.401924794833,7.319078020512,6.06192633473)
  );
#1012 = ORIENTED_EDGE('',*,*,#1013,.F.);
#1013 = EDGE_CURVE('',#992,#1003,#1014,.T.);
#1014 = B_SPLINE_CURVE_WITH_KNOTS('',4,(#1015,#1016,#1017,#1018,#1019,
    #1020,#1021,#1022,#1023,#1024,#1025),.UNSPECIFIED.,.F.,.F.,(5,3,3,5)
  ,(0.,0.500000271913,0.928052907771,1.),.UNSPECIFIED.);
#1015 = CARTESIAN_POINT('',(11.598077217539,7.319078329221,
    6.061926948633));
#1016 = CARTESIAN_POINT('',(10.950279946484,7.262362243845,
    6.073462901213));
#1017 = CARTESIAN_POINT('',(10.30077083811,7.224378186783,6.081188763906
    ));
#1018 = CARTESIAN_POINT('',(9.650386576883,7.205248063862,6.085079741208
    ));
#1019 = CARTESIAN_POINT('',(8.443200860352,7.205248034505,6.085079589968
    ));
#1020 = CARTESIAN_POINT('',(7.886402917935,7.219268696239,6.082227718524
    ));
#1021 = CARTESIAN_POINT('',(7.330155243944,7.247137045469,6.076559231134
    ));
#1022 = CARTESIAN_POINT('',(6.681671366311,7.295758662661,6.066669522453
    ));
#1023 = CARTESIAN_POINT('',(6.588388703877,7.303143682288,6.065167399243
    ));
#1024 = CARTESIAN_POINT('',(6.495139008692,7.310916920683,6.063586312441
    ));
#1025 = CARTESIAN_POINT('',(6.401924794833,7.319078020512,6.06192633473)
  );
#1026 = B_SPLINE_SURFACE_WITH_KNOTS('',3,1,(
    (#1027,#1028)
    ,(#1029,#1030)
    ,(#1031,#1032)
    ,(#1033,#1034)
    ,(#1035,#1036)
    ,(#1037,#1038
  )),.UNSPECIFIED.,.F.,.F.,.F.,(4,2,4),(2,2),(0.,0.5,1.),(0.,1.),
  .UNSPECIFIED.);
#1027 = CARTESIAN_POINT('',(2.65,9.665631775897,14.671856079669));
#1028 = CARTESIAN_POINT('',(2.65,6.719683099286,0.199435538532));
#1029 = CARTESIAN_POINT('',(4.715840735069,9.229687380834,
    14.821963772748));
#1030 = CARTESIAN_POINT('',(4.712932297444,6.245984400662,0.185376489368
    ));
#1031 = CARTESIAN_POINT('',(6.857611548556,9.003768772977,
    14.899753787789));
#1032 = CARTESIAN_POINT('',(6.856120734908,6.,0.178075842791));
#1033 = CARTESIAN_POINT('',(11.142388451444,9.003768772977,
    14.899753787789));
#1034 = CARTESIAN_POINT('',(11.143879265092,6.,0.178075842791));
#1035 = CARTESIAN_POINT('',(13.284159264931,9.229687380834,
    14.821963772748));
#1036 = CARTESIAN_POINT('',(13.287067702556,6.245984400662,
    0.185376489368));
#1037 = CARTESIAN_POINT('',(15.35,9.665631775897,14.671856079669));
#1038 = CARTESIAN_POINT('',(15.35,6.719683099286,0.199435538532));
#1039 = ADVANCED_FACE('',(#1040),#1046,.T.);
#1040 = FACE_BOUND('',#1041,.T.);
#1041 = EDGE_LOOP('',(#1042,#1043,#1044,#1045));
#1042 = ORIENTED_EDGE('',*,*,#687,.T.);
#1043 = ORIENTED_EDGE('',*,*,#645,.F.);
#1044 = ORIENTED_EDGE('',*,*,#608,.T.);
#1045 = ORIENTED_EDGE('',*,*,#950,.F.);
#1046 = ( BOUNDED_SURFACE() B_SPLINE_SURFACE(3,2,(
    (#1047,#1048,#1049)
    ,(#1050,#1051,#1052)
    ,(#1053,#1054,#1055)
    ,(#1056,#1057,#1058)
    ,(#1059,#1060,#1061)
    ,(#1062,#1063,#1064)
    ,(#1065,#1066,#1067)
    ,(#1068,#1069,#1070
)),.UNSPECIFIED.,.F.,.F.,.F.) B_SPLINE_SURFACE_WITH_KNOTS((4,2,2,4),(3,3
    ),(0.,6.608957094963E-04,9.913435642445E-04,1.321791418993E-03),(0.,
1.),.UNSPECIFIED.) GEOMETRIC_REPRESENTATION_ITEM() 
RATIONAL_B_SPLINE_SURFACE((
    (1.,0.760042019982,1.)
    ,(1.,0.785969818517,1.)
    ,(1.,0.804197480852,1.)
    ,(1.,0.811429644554,1.)
    ,(1.,0.810454040245,1.)
    ,(1.,0.80151467497,1.)
    ,(1.,0.793590861352,1.)
,(1.,0.782468957559,1.))) REPRESENTATION_ITEM('') SURFACE() );
#1047 = CARTESIAN_POINT('',(15.381210461113,6.823567497148,1.10958363472
    ));
#1048 = CARTESIAN_POINT('',(15.350062006057,6.901593959945,
    1.093685523331));
#1049 = CARTESIAN_POINT('',(15.266560664795,6.883544120088,
    1.097268034068));
#1050 = CARTESIAN_POINT('',(15.378559892379,6.782244866195,
    0.869133716393));
#1051 = CARTESIAN_POINT('',(15.34379033574,6.853787708096,0.86575719962)
  );
#1052 = CARTESIAN_POINT('',(15.266784233476,6.839443047575,0.8803825511)
  );
#1053 = CARTESIAN_POINT('',(15.289912700069,6.719393879712,
    0.630963261068));
#1054 = CARTESIAN_POINT('',(15.256306205974,6.785373080605,
    0.629146455165));
#1055 = CARTESIAN_POINT('',(15.189426482895,6.778141831207,
    0.666172013485));
#1056 = CARTESIAN_POINT('',(15.043156023201,6.615626167303,
    0.374475446332));
#1057 = CARTESIAN_POINT('',(15.014961783443,6.681822157946,0.37930611975
    ));
#1058 = CARTESIAN_POINT('',(14.969341150587,6.68359196099,0.435792175923
    ));
#1059 = CARTESIAN_POINT('',(14.94350759144,6.580071633235,0.306649569429
    ));
#1060 = CARTESIAN_POINT('',(14.917304601276,6.647290643341,
    0.312544094007));
#1061 = CARTESIAN_POINT('',(14.88003801907,6.652186496557,0.374942986504
    ));
#1062 = CARTESIAN_POINT('',(14.724993725171,6.51310624119,0.215708442162
    ));
#1063 = CARTESIAN_POINT('',(14.704409068864,6.584601878094,0.22184132717
    ));
#1064 = CARTESIAN_POINT('',(14.683402204541,6.594950897954,
    0.293431830144));
#1065 = CARTESIAN_POINT('',(14.606395653378,6.48172698773,0.192373166014
    ));
#1066 = CARTESIAN_POINT('',(14.58752434189,6.556024524916,0.197395466353
    ));
#1067 = CARTESIAN_POINT('',(14.576313329944,6.569136473786,
    0.272567934904));
#1068 = CARTESIAN_POINT('',(14.485438570778,6.454354486236,
    0.191560769134));
#1069 = CARTESIAN_POINT('',(14.470119887754,6.532411923535,0.19387745979
    ));
#1070 = CARTESIAN_POINT('',(14.46668060844,6.547636443815,0.271911926297
    ));
#1071 = ADVANCED_FACE('',(#1072),#1078,.T.);
#1072 = FACE_BOUND('',#1073,.T.);
#1073 = EDGE_LOOP('',(#1074,#1075,#1076,#1077));
#1074 = ORIENTED_EDGE('',*,*,#768,.T.);
#1075 = ORIENTED_EDGE('',*,*,#728,.F.);
#1076 = ORIENTED_EDGE('',*,*,#675,.F.);
#1077 = ORIENTED_EDGE('',*,*,#976,.F.);
#1078 = ( BOUNDED_SURFACE() B_SPLINE_SURFACE(3,2,(
    (#1079,#1080,#1081)
    ,(#1082,#1083,#1084)
    ,(#1085,#1086,#1087)
    ,(#1088,#1089,#1090)
    ,(#1091,#1092,#1093)
    ,(#1094,#1095,#1096)
    ,(#1097,#1098,#1099)
    ,(#1100,#1101,#1102)
    ,(#1103,#1104,#1105)
    ,(#1106,#1107,#1108
)),.UNSPECIFIED.,.F.,.F.,.F.) B_SPLINE_SURFACE_WITH_KNOTS((4,2,2,2,4),(3
    ,3),(-0.,3.404432121299E-04,6.808864242597E-04,1.02132963639E-03,
    1.361772848519E-03),(0.,1.),.UNSPECIFIED.) 
GEOMETRIC_REPRESENTATION_ITEM() RATIONAL_B_SPLINE_SURFACE((
    (1.,0.751021282072,1.)
    ,(1.,0.757875451639,1.)
    ,(1.,0.76230743909,1.)
    ,(1.,0.766110322718,1.)
    ,(1.,0.765461426873,1.)
    ,(1.,0.759754545094,1.)
    ,(1.,0.754657528025,1.)
    ,(1.,0.741312739599,1.)
    ,(1.,0.732935652275,1.)
,(1.,0.723526150729,1.))) REPRESENTATION_ITEM('') SURFACE() );
#1079 = CARTESIAN_POINT('',(14.438111771618,9.403128248036,
    14.762243292897));
#1080 = CARTESIAN_POINT('',(14.421786059992,9.484809951654,
    14.734118026841));
#1081 = CARTESIAN_POINT('',(14.419695292513,9.466883198651,
    14.648073152648));
#1082 = CARTESIAN_POINT('',(14.562182513584,9.427297234216,
    14.75392124357));
#1083 = CARTESIAN_POINT('',(14.543336527838,9.506171473047,
    14.724848087765));
#1084 = CARTESIAN_POINT('',(14.531336706315,9.486830220403,
    14.64119646145));
#1085 = CARTESIAN_POINT('',(14.685838338134,9.446621767752,
    14.721396580811));
#1086 = CARTESIAN_POINT('',(14.665720587753,9.523780205815,
    14.692177167266));
#1087 = CARTESIAN_POINT('',(14.642411319441,9.502927530232,
    14.612424040825));
#1088 = CARTESIAN_POINT('',(14.91371451072,9.47205142072,14.61151599994)
  );
#1089 = CARTESIAN_POINT('',(14.88958203865,9.547376393211,
    14.583445810767));
#1090 = CARTESIAN_POINT('',(14.846795373737,9.524450511727,
    14.514176769609));
#1091 = CARTESIAN_POINT('',(15.017422721093,9.478074164369,
    14.534360926288));
#1092 = CARTESIAN_POINT('',(14.992001236113,9.553479577738,
    14.507144716094));
#1093 = CARTESIAN_POINT('',(14.939645150262,9.529803552223,
    14.444878744494));
#1094 = CARTESIAN_POINT('',(15.189033704648,9.475413820862,
    14.348436789037));
#1095 = CARTESIAN_POINT('',(15.161261315177,9.55271493368,
    14.324355782766));
#1096 = CARTESIAN_POINT('',(15.092970679219,9.528417535551,
    14.277422634804));
#1097 = CARTESIAN_POINT('',(15.257670088812,9.466635295096,
    14.238581941845));
#1098 = CARTESIAN_POINT('',(15.229519647444,9.545677947691,
    14.215633948395));
#1099 = CARTESIAN_POINT('',(15.154099290308,9.521600477008,
    14.178286000731));
#1100 = CARTESIAN_POINT('',(15.349566149912,9.435582970443,
    14.005819481559));
#1101 = CARTESIAN_POINT('',(15.322209791668,9.519487483392,
    13.985565633929));
#1102 = CARTESIAN_POINT('',(15.235498232855,9.496684537012,
    13.967907389798));
#1103 = CARTESIAN_POINT('',(15.373940747244,9.413003224146,
    13.880458585618));
#1104 = CARTESIAN_POINT('',(15.347460709189,9.499761433553,
    13.860572623777));
#1105 = CARTESIAN_POINT('',(15.25675898554,9.478339972584,
    13.854450361491));
#1106 = CARTESIAN_POINT('',(15.374719701651,9.38508998655,
    13.756448254242));
#1107 = CARTESIAN_POINT('',(15.350042613279,9.475397920814,
    13.738061393199));
#1108 = CARTESIAN_POINT('',(15.256824330753,9.455474787358,
    13.742058754439));
#1109 = ADVANCED_FACE('',(#1110),#1116,.T.);
#1110 = FACE_BOUND('',#1111,.T.);
#1111 = EDGE_LOOP('',(#1112,#1113,#1114,#1115));
#1112 = ORIENTED_EDGE('',*,*,#849,.F.);
#1113 = ORIENTED_EDGE('',*,*,#819,.F.);
#1114 = ORIENTED_EDGE('',*,*,#756,.F.);
#1115 = ORIENTED_EDGE('',*,*,#964,.F.);
#1116 = ( BOUNDED_SURFACE() B_SPLINE_SURFACE(3,2,(
    (#1117,#1118,#1119)
    ,(#1120,#1121,#1122)
    ,(#1123,#1124,#1125)
    ,(#1126,#1127,#1128)
    ,(#1129,#1130,#1131)
    ,(#1132,#1133,#1134
)),.UNSPECIFIED.,.F.,.F.,.F.) B_SPLINE_SURFACE_WITH_KNOTS((4,2,4),(3,3),
  (0.,6.808953109559E-04,1.361790621912E-03),(0.,1.),.UNSPECIFIED.) 
GEOMETRIC_REPRESENTATION_ITEM() RATIONAL_B_SPLINE_SURFACE((
    (1.,0.723526150729,1.)
    ,(1.,0.742232144906,1.)
    ,(1.,0.756853063432,1.)
    ,(1.,0.768325664935,1.)
    ,(1.,0.765013069542,1.)
,(1.,0.751021282072,1.))) REPRESENTATION_ITEM('') SURFACE() );
#1117 = CARTESIAN_POINT('',(2.625280298349,9.38508998655,13.75644825424)
  );
#1118 = CARTESIAN_POINT('',(2.649957386721,9.475397920814,
    13.738061393198));
#1119 = CARTESIAN_POINT('',(2.743175669247,9.455474787358,
    13.742058754437));
#1120 = CARTESIAN_POINT('',(2.626828602767,9.440572290167,14.00293986074
    ));
#1121 = CARTESIAN_POINT('',(2.655025337334,9.523220236441,
    13.978534566947));
#1122 = CARTESIAN_POINT('',(2.743305571609,9.500923482388,
    13.965457438735));
#1123 = CARTESIAN_POINT('',(2.724439380964,9.47400696602,14.254391247222
    ));
#1124 = CARTESIAN_POINT('',(2.752428330723,9.552268395765,
    14.230851315762));
#1125 = CARTESIAN_POINT('',(2.829723673684,9.527665538482,
    14.192717070881));
#1126 = CARTESIAN_POINT('',(3.067986593442,9.479463481359,
    14.627194675182));
#1127 = CARTESIAN_POINT('',(3.091291177475,9.553911455313,14.59738466524
    ));
#1128 = CARTESIAN_POINT('',(3.136661984651,9.530546350409,14.5284928787)
  );
#1129 = CARTESIAN_POINT('',(3.310747137119,9.452050540804,
    14.745397996592));
#1130 = CARTESIAN_POINT('',(3.334588636368,9.527625151849,
    14.715538181658));
#1131 = CARTESIAN_POINT('',(3.354329960133,9.507258213183,
    14.634153980271));
#1132 = CARTESIAN_POINT('',(3.561888228381,9.403128248036,
    14.762243292897));
#1133 = CARTESIAN_POINT('',(3.578213940006,9.484809951654,
    14.734118026841));
#1134 = CARTESIAN_POINT('',(3.580304707485,9.466883198651,
    14.648073152648));
#1135 = ADVANCED_FACE('',(#1136),#1161,.F.);
#1136 = FACE_BOUND('',#1137,.F.);
#1137 = EDGE_LOOP('',(#1138,#1139,#1147,#1155));
#1138 = ORIENTED_EDGE('',*,*,#989,.F.);
#1139 = ORIENTED_EDGE('',*,*,#1140,.T.);
#1140 = EDGE_CURVE('',#990,#1141,#1143,.T.);
#1141 = VERTEX_POINT('',#1142);
#1142 = CARTESIAN_POINT('',(9.000000450046,7.297454460717,
    10.658467312018));
#1143 = LINE('',#1144,#1145);
#1144 = CARTESIAN_POINT('',(9.000000421024,8.767356609566,
    10.359489599123));
#1145 = VECTOR('',#1146,1.);
#1146 = DIRECTION('',(1.934792709E-08,-0.9799347659,0.199318475263));
#1147 = ORIENTED_EDGE('',*,*,#1148,.T.);
#1148 = EDGE_CURVE('',#1141,#1149,#1151,.T.);
#1149 = VERTEX_POINT('',#1150);
#1150 = CARTESIAN_POINT('',(11.598077235675,6.400521437376,
    6.248761180356));
#1151 = LINE('',#1152,#1153);
#1152 = CARTESIAN_POINT('',(9.000000450046,7.297454460717,
    10.658467312018));
#1153 = VECTOR('',#1154,1.);
#1154 = DIRECTION('',(0.500000110519,-0.172614840824,-0.848648340721));
#1155 = ORIENTED_EDGE('',*,*,#1156,.F.);
#1156 = EDGE_CURVE('',#992,#1149,#1157,.T.);
#1157 = LINE('',#1158,#1159);
#1158 = CARTESIAN_POINT('',(11.598077206654,7.870423586225,
    5.949783467461));
#1159 = VECTOR('',#1160,1.);
#1160 = DIRECTION('',(1.934792709E-08,-0.9799347659,0.199318475263));
#1161 = PLANE('',#1162);
#1162 = AXIS2_PLACEMENT_3D('',#1163,#1164,#1165);
#1163 = CARTESIAN_POINT('',(9.000000421024,8.767356609566,
    10.359489599123));
#1164 = DIRECTION('',(0.866025339976,9.965927607987E-02,0.489967487912)
  );
#1165 = DIRECTION('',(0.500000110519,-0.172614840824,-0.848648340721));
#1166 = ADVANCED_FACE('',(#1167),#1185,.F.);
#1167 = FACE_BOUND('',#1168,.F.);
#1168 = EDGE_LOOP('',(#1169,#1170,#1171,#1179));
#1169 = ORIENTED_EDGE('',*,*,#1013,.F.);
#1170 = ORIENTED_EDGE('',*,*,#1156,.T.);
#1171 = ORIENTED_EDGE('',*,*,#1172,.T.);
#1172 = EDGE_CURVE('',#1149,#1173,#1175,.T.);
#1173 = VERTEX_POINT('',#1174);
#1174 = CARTESIAN_POINT('',(6.401924812969,6.400521206687,6.248760550583
    ));
#1175 = LINE('',#1176,#1177);
#1176 = CARTESIAN_POINT('',(11.598077235675,6.400521437376,
    6.248761180356));
#1177 = VECTOR('',#1178,1.);
#1178 = DIRECTION('',(-1.,-4.43961112471E-08,-1.211998312149E-07));
#1179 = ORIENTED_EDGE('',*,*,#1180,.F.);
#1180 = EDGE_CURVE('',#1003,#1173,#1181,.T.);
#1181 = LINE('',#1182,#1183);
#1182 = CARTESIAN_POINT('',(6.401924783947,7.870423355537,5.949782837688
    ));
#1183 = VECTOR('',#1184,1.);
#1184 = DIRECTION('',(1.934792709E-08,-0.9799347659,0.199318475263));
#1185 = PLANE('',#1186);
#1186 = AXIS2_PLACEMENT_3D('',#1187,#1188,#1189);
#1187 = CARTESIAN_POINT('',(11.598077206654,7.870423586225,
    5.949783467461));
#1188 = DIRECTION('',(1.2761689304E-07,-0.199318475263,-0.9799347659));
#1189 = DIRECTION('',(-1.,-4.43961108707E-08,-1.211998308934E-07));
#1190 = ADVANCED_FACE('',(#1191),#1202,.F.);
#1191 = FACE_BOUND('',#1192,.F.);
#1192 = EDGE_LOOP('',(#1193,#1194,#1195,#1201));
#1193 = ORIENTED_EDGE('',*,*,#1002,.T.);
#1194 = ORIENTED_EDGE('',*,*,#1180,.T.);
#1195 = ORIENTED_EDGE('',*,*,#1196,.T.);
#1196 = EDGE_CURVE('',#1173,#1141,#1197,.T.);
#1197 = LINE('',#1198,#1199);
#1198 = CARTESIAN_POINT('',(6.401924812969,6.400521206687,6.248760550583
    ));
#1199 = VECTOR('',#1200,1.);
#1200 = DIRECTION('',(0.499999889481,0.17261488522,0.848648461921));
#1201 = ORIENTED_EDGE('',*,*,#1140,.F.);
#1202 = PLANE('',#1203);
#1203 = AXIS2_PLACEMENT_3D('',#1204,#1205,#1206);
#1204 = CARTESIAN_POINT('',(6.401924783947,7.870423355537,5.949782837688
    ));
#1205 = DIRECTION('',(-0.866025467593,9.965919918355E-02,0.489967277988)
  );
#1206 = DIRECTION('',(0.499999889481,0.17261488522,0.848648461921));
#1207 = ADVANCED_FACE('',(#1208),#1213,.T.);
#1208 = FACE_BOUND('',#1209,.T.);
#1209 = EDGE_LOOP('',(#1210,#1211,#1212));
#1210 = ORIENTED_EDGE('',*,*,#1148,.T.);
#1211 = ORIENTED_EDGE('',*,*,#1172,.T.);
#1212 = ORIENTED_EDGE('',*,*,#1196,.T.);
#1213 = PLANE('',#1214);
#1214 = AXIS2_PLACEMENT_3D('',#1215,#1216,#1217);
#1215 = CARTESIAN_POINT('',(9.000000832897,6.699499034927,7.718663014319
    ));
#1216 = DIRECTION('',(-1.934792695E-08,0.9799347659,-0.199318475263));
#1217 = DIRECTION('',(0.,0.199318475263,0.9799347659));
#1218 = ADVANCED_FACE('',(#1219),#1247,.T.);
#1219 = FACE_BOUND('',#1220,.T.);
#1220 = EDGE_LOOP('',(#1221,#1222,#1229,#1238,#1245,#1246));
#1221 = ORIENTED_EDGE('',*,*,#60,.F.);
#1222 = ORIENTED_EDGE('',*,*,#1223,.T.);
#1223 = EDGE_CURVE('',#24,#1224,#1226,.T.);
#1224 = VERTEX_POINT('',#1225);
#1225 = CARTESIAN_POINT('',(9.,0.,6.252832774127));
#1226 = B_SPLINE_CURVE_WITH_KNOTS('',1,(#1227,#1228),.UNSPECIFIED.,.F.,
  .F.,(2,2),(3.83616915466,9.748860742939),.PIECEWISE_BEZIER_KNOTS.);
#1227 = CARTESIAN_POINT('',(9.,5.912691588279,6.252832774127));
#1228 = CARTESIAN_POINT('',(9.,0.,6.252832774127));
#1229 = ORIENTED_EDGE('',*,*,#1230,.F.);
#1230 = EDGE_CURVE('',#1231,#1224,#1233,.T.);
#1231 = VERTEX_POINT('',#1232);
#1232 = CARTESIAN_POINT('',(9.,0.,11.672832774127));
#1233 = CIRCLE('',#1234,2.71);
#1234 = AXIS2_PLACEMENT_3D('',#1235,#1236,#1237);
#1235 = CARTESIAN_POINT('',(9.,0.,8.962832774127));
#1236 = DIRECTION('',(0.,-1.,0.));
#1237 = DIRECTION('',(0.,0.,-1.));
#1238 = ORIENTED_EDGE('',*,*,#1239,.F.);
#1239 = EDGE_CURVE('',#1224,#1231,#1240,.T.);
#1240 = CIRCLE('',#1241,2.71);
#1241 = AXIS2_PLACEMENT_3D('',#1242,#1243,#1244);
#1242 = CARTESIAN_POINT('',(9.,0.,8.962832774127));
#1243 = DIRECTION('',(0.,-1.,0.));
#1244 = DIRECTION('',(0.,0.,-1.));
#1245 = ORIENTED_EDGE('',*,*,#1223,.F.);
#1246 = ORIENTED_EDGE('',*,*,#21,.F.);
#1247 = CYLINDRICAL_SURFACE('',#1248,2.71);
#1248 = AXIS2_PLACEMENT_3D('',#1249,#1250,#1251);
#1249 = CARTESIAN_POINT('',(9.,9.748860742939,8.962832774127));
#1250 = DIRECTION('',(0.,-1.,0.));
#1251 = DIRECTION('',(0.,0.,-1.));
#1252 = ADVANCED_FACE('',(#1253,#1351),#1355,.T.);
#1253 = FACE_BOUND('',#1254,.T.);
#1254 = EDGE_LOOP('',(#1255,#1265,#1273,#1281,#1289,#1297,#1305,#1313,
    #1321,#1329,#1337,#1345));
#1255 = ORIENTED_EDGE('',*,*,#1256,.F.);
#1256 = EDGE_CURVE('',#1257,#1259,#1261,.T.);
#1257 = VERTEX_POINT('',#1258);
#1258 = CARTESIAN_POINT('',(11.5,0.,9.562832774127));
#1259 = VERTEX_POINT('',#1260);
#1260 = CARTESIAN_POINT('',(9.6,0.,9.562832774127));
#1261 = LINE('',#1262,#1263);
#1262 = CARTESIAN_POINT('',(9.6,0.,9.562832774127));
#1263 = VECTOR('',#1264,1.);
#1264 = DIRECTION('',(-1.,-0.,-0.));
#1265 = ORIENTED_EDGE('',*,*,#1266,.T.);
#1266 = EDGE_CURVE('',#1257,#1267,#1269,.T.);
#1267 = VERTEX_POINT('',#1268);
#1268 = CARTESIAN_POINT('',(11.5,0.,8.362832774127));
#1269 = LINE('',#1270,#1271);
#1270 = CARTESIAN_POINT('',(11.5,0.,8.362832774127));
#1271 = VECTOR('',#1272,1.);
#1272 = DIRECTION('',(0.,0.,-1.));
#1273 = ORIENTED_EDGE('',*,*,#1274,.F.);
#1274 = EDGE_CURVE('',#1275,#1267,#1277,.T.);
#1275 = VERTEX_POINT('',#1276);
#1276 = CARTESIAN_POINT('',(9.6,0.,8.362832774127));
#1277 = LINE('',#1278,#1279);
#1278 = CARTESIAN_POINT('',(9.6,0.,8.362832774127));
#1279 = VECTOR('',#1280,1.);
#1280 = DIRECTION('',(1.,0.,0.));
#1281 = ORIENTED_EDGE('',*,*,#1282,.F.);
#1282 = EDGE_CURVE('',#1283,#1275,#1285,.T.);
#1283 = VERTEX_POINT('',#1284);
#1284 = CARTESIAN_POINT('',(9.6,0.,6.462832774127));
#1285 = LINE('',#1286,#1287);
#1286 = CARTESIAN_POINT('',(9.6,0.,6.962832774127));
#1287 = VECTOR('',#1288,1.);
#1288 = DIRECTION('',(0.,0.,1.));
#1289 = ORIENTED_EDGE('',*,*,#1290,.T.);
#1290 = EDGE_CURVE('',#1283,#1291,#1293,.T.);
#1291 = VERTEX_POINT('',#1292);
#1292 = CARTESIAN_POINT('',(8.4,0.,6.462832774127));
#1293 = LINE('',#1294,#1295);
#1294 = CARTESIAN_POINT('',(8.4,0.,6.462832774127));
#1295 = VECTOR('',#1296,1.);
#1296 = DIRECTION('',(-1.,0.,0.));
#1297 = ORIENTED_EDGE('',*,*,#1298,.F.);
#1298 = EDGE_CURVE('',#1299,#1291,#1301,.T.);
#1299 = VERTEX_POINT('',#1300);
#1300 = CARTESIAN_POINT('',(8.4,0.,8.362832774127));
#1301 = LINE('',#1302,#1303);
#1302 = CARTESIAN_POINT('',(8.4,0.,6.962832774127));
#1303 = VECTOR('',#1304,1.);
#1304 = DIRECTION('',(-0.,-0.,-1.));
#1305 = ORIENTED_EDGE('',*,*,#1306,.F.);
#1306 = EDGE_CURVE('',#1307,#1299,#1309,.T.);
#1307 = VERTEX_POINT('',#1308);
#1308 = CARTESIAN_POINT('',(6.5,0.,8.362832774127));
#1309 = LINE('',#1310,#1311);
#1310 = CARTESIAN_POINT('',(7.,0.,8.362832774127));
#1311 = VECTOR('',#1312,1.);
#1312 = DIRECTION('',(1.,0.,0.));
#1313 = ORIENTED_EDGE('',*,*,#1314,.T.);
#1314 = EDGE_CURVE('',#1307,#1315,#1317,.T.);
#1315 = VERTEX_POINT('',#1316);
#1316 = CARTESIAN_POINT('',(6.5,0.,9.562832774127));
#1317 = LINE('',#1318,#1319);
#1318 = CARTESIAN_POINT('',(6.5,0.,9.562832774127));
#1319 = VECTOR('',#1320,1.);
#1320 = DIRECTION('',(0.,0.,1.));
#1321 = ORIENTED_EDGE('',*,*,#1322,.F.);
#1322 = EDGE_CURVE('',#1323,#1315,#1325,.T.);
#1323 = VERTEX_POINT('',#1324);
#1324 = CARTESIAN_POINT('',(8.4,0.,9.562832774127));
#1325 = LINE('',#1326,#1327);
#1326 = CARTESIAN_POINT('',(7.,0.,9.562832774127));
#1327 = VECTOR('',#1328,1.);
#1328 = DIRECTION('',(-1.,-0.,-0.));
#1329 = ORIENTED_EDGE('',*,*,#1330,.F.);
#1330 = EDGE_CURVE('',#1331,#1323,#1333,.T.);
#1331 = VERTEX_POINT('',#1332);
#1332 = CARTESIAN_POINT('',(8.4,0.,11.462832774127));
#1333 = LINE('',#1334,#1335);
#1334 = CARTESIAN_POINT('',(8.4,0.,9.562832774127));
#1335 = VECTOR('',#1336,1.);
#1336 = DIRECTION('',(-0.,-0.,-1.));
#1337 = ORIENTED_EDGE('',*,*,#1338,.T.);
#1338 = EDGE_CURVE('',#1331,#1339,#1341,.T.);
#1339 = VERTEX_POINT('',#1340);
#1340 = CARTESIAN_POINT('',(9.6,0.,11.462832774127));
#1341 = LINE('',#1342,#1343);
#1342 = CARTESIAN_POINT('',(9.6,0.,11.462832774127));
#1343 = VECTOR('',#1344,1.);
#1344 = DIRECTION('',(1.,0.,0.));
#1345 = ORIENTED_EDGE('',*,*,#1346,.F.);
#1346 = EDGE_CURVE('',#1259,#1339,#1347,.T.);
#1347 = LINE('',#1348,#1349);
#1348 = CARTESIAN_POINT('',(9.6,0.,9.562832774127));
#1349 = VECTOR('',#1350,1.);
#1350 = DIRECTION('',(0.,0.,1.));
#1351 = FACE_BOUND('',#1352,.T.);
#1352 = EDGE_LOOP('',(#1353,#1354));
#1353 = ORIENTED_EDGE('',*,*,#1239,.T.);
#1354 = ORIENTED_EDGE('',*,*,#1230,.T.);
#1355 = PLANE('',#1356);
#1356 = AXIS2_PLACEMENT_3D('',#1357,#1358,#1359);
#1357 = CARTESIAN_POINT('',(9.,0.,8.962832774127));
#1358 = DIRECTION('',(0.,-1.,0.));
#1359 = DIRECTION('',(0.,0.,-1.));
#1360 = ADVANCED_FACE('',(#1361),#1395,.F.);
#1361 = FACE_BOUND('',#1362,.T.);
#1362 = EDGE_LOOP('',(#1363,#1371,#1380,#1388,#1394));
#1363 = ORIENTED_EDGE('',*,*,#1364,.F.);
#1364 = EDGE_CURVE('',#1365,#1259,#1367,.T.);
#1365 = VERTEX_POINT('',#1366);
#1366 = CARTESIAN_POINT('',(9.6,6.59411588823,9.562832774127));
#1367 = LINE('',#1368,#1369);
#1368 = CARTESIAN_POINT('',(9.6,9.748860742939,9.562832774127));
#1369 = VECTOR('',#1370,1.);
#1370 = DIRECTION('',(0.,-1.,0.));
#1371 = ORIENTED_EDGE('',*,*,#1372,.T.);
#1372 = EDGE_CURVE('',#1365,#1373,#1375,.T.);
#1373 = VERTEX_POINT('',#1374);
#1374 = CARTESIAN_POINT('',(11.,6.655215433949,9.562832774127));
#1375 = B_SPLINE_CURVE_WITH_KNOTS('',3,(#1376,#1377,#1378,#1379),
  .UNSPECIFIED.,.F.,.F.,(4,4),(0.,1.401332635204E-03),
  .PIECEWISE_BEZIER_KNOTS.);
#1376 = CARTESIAN_POINT('',(9.6,6.59411588823,9.562832774127));
#1377 = CARTESIAN_POINT('',(10.067143926749,6.603546739251,
    9.562832774127));
#1378 = CARTESIAN_POINT('',(10.533809174986,6.623945755589,
    9.562832774127));
#1379 = CARTESIAN_POINT('',(11.,6.655215433949,9.562832774127));
#1380 = ORIENTED_EDGE('',*,*,#1381,.T.);
#1381 = EDGE_CURVE('',#1373,#1382,#1384,.T.);
#1382 = VERTEX_POINT('',#1383);
#1383 = CARTESIAN_POINT('',(11.,0.5,9.562832774127));
#1384 = LINE('',#1385,#1386);
#1385 = CARTESIAN_POINT('',(11.,9.748860742939,9.562832774127));
#1386 = VECTOR('',#1387,1.);
#1387 = DIRECTION('',(0.,-1.,0.));
#1388 = ORIENTED_EDGE('',*,*,#1389,.T.);
#1389 = EDGE_CURVE('',#1382,#1257,#1390,.T.);
#1390 = LINE('',#1391,#1392);
#1391 = CARTESIAN_POINT('',(5.67556962853,5.82443037147,9.562832774127)
  );
#1392 = VECTOR('',#1393,1.);
#1393 = DIRECTION('',(0.707106781187,-0.707106781187,0.));
#1394 = ORIENTED_EDGE('',*,*,#1256,.T.);
#1395 = PLANE('',#1396);
#1396 = AXIS2_PLACEMENT_3D('',#1397,#1398,#1399);
#1397 = CARTESIAN_POINT('',(9.6,9.748860742939,9.562832774127));
#1398 = DIRECTION('',(0.,0.,1.));
#1399 = DIRECTION('',(1.,0.,0.));
#1400 = ADVANCED_FACE('',(#1401),#1419,.T.);
#1401 = FACE_BOUND('',#1402,.T.);
#1402 = EDGE_LOOP('',(#1403,#1411,#1412,#1413));
#1403 = ORIENTED_EDGE('',*,*,#1404,.F.);
#1404 = EDGE_CURVE('',#1267,#1405,#1407,.T.);
#1405 = VERTEX_POINT('',#1406);
#1406 = CARTESIAN_POINT('',(11.,0.5,8.362832774127));
#1407 = LINE('',#1408,#1409);
#1408 = CARTESIAN_POINT('',(5.67556962853,5.82443037147,8.362832774127)
  );
#1409 = VECTOR('',#1410,1.);
#1410 = DIRECTION('',(-0.707106781187,0.707106781187,0.));
#1411 = ORIENTED_EDGE('',*,*,#1266,.F.);
#1412 = ORIENTED_EDGE('',*,*,#1389,.F.);
#1413 = ORIENTED_EDGE('',*,*,#1414,.F.);
#1414 = EDGE_CURVE('',#1405,#1382,#1415,.T.);
#1415 = LINE('',#1416,#1417);
#1416 = CARTESIAN_POINT('',(11.,0.5,9.562832774127));
#1417 = VECTOR('',#1418,1.);
#1418 = DIRECTION('',(0.,0.,1.));
#1419 = PLANE('',#1420);
#1420 = AXIS2_PLACEMENT_3D('',#1421,#1422,#1423);
#1421 = CARTESIAN_POINT('',(11.,0.5,8.362832774127));
#1422 = DIRECTION('',(-0.707106781187,-0.707106781187,-0.));
#1423 = DIRECTION('',(0.,0.,-1.));
#1424 = ADVANCED_FACE('',(#1425),#1452,.F.);
#1425 = FACE_BOUND('',#1426,.T.);
#1426 = EDGE_LOOP('',(#1427,#1435,#1444,#1450,#1451));
#1427 = ORIENTED_EDGE('',*,*,#1428,.F.);
#1428 = EDGE_CURVE('',#1429,#1405,#1431,.T.);
#1429 = VERTEX_POINT('',#1430);
#1430 = CARTESIAN_POINT('',(11.,6.41042069933,8.362832774127));
#1431 = LINE('',#1432,#1433);
#1432 = CARTESIAN_POINT('',(11.,9.748860742939,8.362832774127));
#1433 = VECTOR('',#1434,1.);
#1434 = DIRECTION('',(0.,-1.,0.));
#1435 = ORIENTED_EDGE('',*,*,#1436,.T.);
#1436 = EDGE_CURVE('',#1429,#1437,#1439,.T.);
#1437 = VERTEX_POINT('',#1438);
#1438 = CARTESIAN_POINT('',(9.6,6.349275905446,8.362832774127));
#1439 = B_SPLINE_CURVE_WITH_KNOTS('',3,(#1440,#1441,#1442,#1443),
  .UNSPECIFIED.,.F.,.F.,(4,4),(0.,1.401334608799E-03),
  .PIECEWISE_BEZIER_KNOTS.);
#1440 = CARTESIAN_POINT('',(11.,6.41042069933,8.362832774127));
#1441 = CARTESIAN_POINT('',(10.533809873434,6.379128014784,
    8.362832774127));
#1442 = CARTESIAN_POINT('',(10.067144629719,6.358713836248,
    8.362832774127));
#1443 = CARTESIAN_POINT('',(9.6,6.349275905446,8.362832774127));
#1444 = ORIENTED_EDGE('',*,*,#1445,.T.);
#1445 = EDGE_CURVE('',#1437,#1275,#1446,.T.);
#1446 = LINE('',#1447,#1448);
#1447 = CARTESIAN_POINT('',(9.6,9.748860742939,8.362832774127));
#1448 = VECTOR('',#1449,1.);
#1449 = DIRECTION('',(0.,-1.,0.));
#1450 = ORIENTED_EDGE('',*,*,#1274,.T.);
#1451 = ORIENTED_EDGE('',*,*,#1404,.T.);
#1452 = PLANE('',#1453);
#1453 = AXIS2_PLACEMENT_3D('',#1454,#1455,#1456);
#1454 = CARTESIAN_POINT('',(9.6,9.748860742939,8.362832774127));
#1455 = DIRECTION('',(0.,0.,-1.));
#1456 = DIRECTION('',(-1.,0.,0.));
#1457 = ADVANCED_FACE('',(#1458),#1485,.F.);
#1458 = FACE_BOUND('',#1459,.T.);
#1459 = EDGE_LOOP('',(#1460,#1461,#1470,#1478,#1484));
#1460 = ORIENTED_EDGE('',*,*,#1445,.F.);
#1461 = ORIENTED_EDGE('',*,*,#1462,.T.);
#1462 = EDGE_CURVE('',#1437,#1463,#1465,.T.);
#1463 = VERTEX_POINT('',#1464);
#1464 = CARTESIAN_POINT('',(9.6,6.063629257149,6.962832774127));
#1465 = B_SPLINE_CURVE_WITH_KNOTS('',3,(#1466,#1467,#1468,#1469),
  .UNSPECIFIED.,.F.,.F.,(4,4),(0.,1.42884359105E-03),
  .PIECEWISE_BEZIER_KNOTS.);
#1466 = CARTESIAN_POINT('',(9.6,6.349275905446,8.362832774127));
#1467 = CARTESIAN_POINT('',(9.6,6.254060356309,7.8961661074));
#1468 = CARTESIAN_POINT('',(9.6,6.158844806876,7.429499440733));
#1469 = CARTESIAN_POINT('',(9.6,6.063629257149,6.962832774127));
#1470 = ORIENTED_EDGE('',*,*,#1471,.T.);
#1471 = EDGE_CURVE('',#1463,#1472,#1474,.T.);
#1472 = VERTEX_POINT('',#1473);
#1473 = CARTESIAN_POINT('',(9.6,0.5,6.962832774127));
#1474 = LINE('',#1475,#1476);
#1475 = CARTESIAN_POINT('',(9.6,9.748860742939,6.962832774127));
#1476 = VECTOR('',#1477,1.);
#1477 = DIRECTION('',(0.,-1.,0.));
#1478 = ORIENTED_EDGE('',*,*,#1479,.T.);
#1479 = EDGE_CURVE('',#1472,#1283,#1480,.T.);
#1480 = LINE('',#1481,#1482);
#1481 = CARTESIAN_POINT('',(9.6,5.12443037147,11.587263145596));
#1482 = VECTOR('',#1483,1.);
#1483 = DIRECTION('',(0.,-0.707106781187,-0.707106781187));
#1484 = ORIENTED_EDGE('',*,*,#1282,.T.);
#1485 = PLANE('',#1486);
#1486 = AXIS2_PLACEMENT_3D('',#1487,#1488,#1489);
#1487 = CARTESIAN_POINT('',(9.6,9.748860742939,6.962832774127));
#1488 = DIRECTION('',(1.,0.,0.));
#1489 = DIRECTION('',(0.,0.,-1.));
#1490 = ADVANCED_FACE('',(#1491),#1509,.T.);
#1491 = FACE_BOUND('',#1492,.T.);
#1492 = EDGE_LOOP('',(#1493,#1501,#1502,#1503));
#1493 = ORIENTED_EDGE('',*,*,#1494,.F.);
#1494 = EDGE_CURVE('',#1291,#1495,#1497,.T.);
#1495 = VERTEX_POINT('',#1496);
#1496 = CARTESIAN_POINT('',(8.4,0.5,6.962832774127));
#1497 = LINE('',#1498,#1499);
#1498 = CARTESIAN_POINT('',(8.4,5.12443037147,11.587263145596));
#1499 = VECTOR('',#1500,1.);
#1500 = DIRECTION('',(0.,0.707106781187,0.707106781187));
#1501 = ORIENTED_EDGE('',*,*,#1290,.F.);
#1502 = ORIENTED_EDGE('',*,*,#1479,.F.);
#1503 = ORIENTED_EDGE('',*,*,#1504,.F.);
#1504 = EDGE_CURVE('',#1495,#1472,#1505,.T.);
#1505 = LINE('',#1506,#1507);
#1506 = CARTESIAN_POINT('',(9.6,0.5,6.962832774127));
#1507 = VECTOR('',#1508,1.);
#1508 = DIRECTION('',(1.,0.,0.));
#1509 = PLANE('',#1510);
#1510 = AXIS2_PLACEMENT_3D('',#1511,#1512,#1513);
#1511 = CARTESIAN_POINT('',(8.4,0.5,6.962832774127));
#1512 = DIRECTION('',(0.,-0.707106781187,0.707106781187));
#1513 = DIRECTION('',(-1.,0.,0.));
#1514 = ADVANCED_FACE('',(#1515),#1542,.F.);
#1515 = FACE_BOUND('',#1516,.T.);
#1516 = EDGE_LOOP('',(#1517,#1525,#1534,#1540,#1541));
#1517 = ORIENTED_EDGE('',*,*,#1518,.F.);
#1518 = EDGE_CURVE('',#1519,#1495,#1521,.T.);
#1519 = VERTEX_POINT('',#1520);
#1520 = CARTESIAN_POINT('',(8.4,6.063629257149,6.962832774127));
#1521 = LINE('',#1522,#1523);
#1522 = CARTESIAN_POINT('',(8.4,9.748860742939,6.962832774127));
#1523 = VECTOR('',#1524,1.);
#1524 = DIRECTION('',(0.,-1.,0.));
#1525 = ORIENTED_EDGE('',*,*,#1526,.T.);
#1526 = EDGE_CURVE('',#1519,#1527,#1529,.T.);
#1527 = VERTEX_POINT('',#1528);
#1528 = CARTESIAN_POINT('',(8.4,6.349275905446,8.362832774127));
#1529 = B_SPLINE_CURVE_WITH_KNOTS('',3,(#1530,#1531,#1532,#1533),
  .UNSPECIFIED.,.F.,.F.,(4,4),(0.,1.42884359105E-03),
  .PIECEWISE_BEZIER_KNOTS.);
#1530 = CARTESIAN_POINT('',(8.4,6.063629257149,6.962832774127));
#1531 = CARTESIAN_POINT('',(8.4,6.158844806876,7.429499440733));
#1532 = CARTESIAN_POINT('',(8.4,6.254060356309,7.8961661074));
#1533 = CARTESIAN_POINT('',(8.4,6.349275905446,8.362832774127));
#1534 = ORIENTED_EDGE('',*,*,#1535,.T.);
#1535 = EDGE_CURVE('',#1527,#1299,#1536,.T.);
#1536 = LINE('',#1537,#1538);
#1537 = CARTESIAN_POINT('',(8.4,9.748860742939,8.362832774127));
#1538 = VECTOR('',#1539,1.);
#1539 = DIRECTION('',(0.,-1.,0.));
#1540 = ORIENTED_EDGE('',*,*,#1298,.T.);
#1541 = ORIENTED_EDGE('',*,*,#1494,.T.);
#1542 = PLANE('',#1543);
#1543 = AXIS2_PLACEMENT_3D('',#1544,#1545,#1546);
#1544 = CARTESIAN_POINT('',(8.4,9.748860742939,6.962832774127));
#1545 = DIRECTION('',(-1.,0.,0.));
#1546 = DIRECTION('',(0.,0.,1.));
#1547 = ADVANCED_FACE('',(#1548),#1575,.F.);
#1548 = FACE_BOUND('',#1549,.T.);
#1549 = EDGE_LOOP('',(#1550,#1551,#1560,#1568,#1574));
#1550 = ORIENTED_EDGE('',*,*,#1535,.F.);
#1551 = ORIENTED_EDGE('',*,*,#1552,.T.);
#1552 = EDGE_CURVE('',#1527,#1553,#1555,.T.);
#1553 = VERTEX_POINT('',#1554);
#1554 = CARTESIAN_POINT('',(7.,6.41042069933,8.362832774127));
#1555 = B_SPLINE_CURVE_WITH_KNOTS('',3,(#1556,#1557,#1558,#1559),
  .UNSPECIFIED.,.F.,.F.,(4,4),(0.,1.401334608799E-03),
  .PIECEWISE_BEZIER_KNOTS.);
#1556 = CARTESIAN_POINT('',(8.4,6.349275905446,8.362832774127));
#1557 = CARTESIAN_POINT('',(7.932855370281,6.358713836248,8.362832774127
    ));
#1558 = CARTESIAN_POINT('',(7.466190126566,6.379128014784,8.362832774127
    ));
#1559 = CARTESIAN_POINT('',(7.,6.41042069933,8.362832774127));
#1560 = ORIENTED_EDGE('',*,*,#1561,.T.);
#1561 = EDGE_CURVE('',#1553,#1562,#1564,.T.);
#1562 = VERTEX_POINT('',#1563);
#1563 = CARTESIAN_POINT('',(7.,0.5,8.362832774127));
#1564 = LINE('',#1565,#1566);
#1565 = CARTESIAN_POINT('',(7.,9.748860742939,8.362832774127));
#1566 = VECTOR('',#1567,1.);
#1567 = DIRECTION('',(0.,-1.,0.));
#1568 = ORIENTED_EDGE('',*,*,#1569,.T.);
#1569 = EDGE_CURVE('',#1562,#1307,#1570,.T.);
#1570 = LINE('',#1571,#1572);
#1571 = CARTESIAN_POINT('',(11.62443037147,5.12443037147,8.362832774127)
  );
#1572 = VECTOR('',#1573,1.);
#1573 = DIRECTION('',(-0.707106781187,-0.707106781187,0.));
#1574 = ORIENTED_EDGE('',*,*,#1306,.T.);
#1575 = PLANE('',#1576);
#1576 = AXIS2_PLACEMENT_3D('',#1577,#1578,#1579);
#1577 = CARTESIAN_POINT('',(7.,9.748860742939,8.362832774127));
#1578 = DIRECTION('',(0.,0.,-1.));
#1579 = DIRECTION('',(-1.,0.,0.));
#1580 = ADVANCED_FACE('',(#1581),#1599,.T.);
#1581 = FACE_BOUND('',#1582,.T.);
#1582 = EDGE_LOOP('',(#1583,#1591,#1592,#1593));
#1583 = ORIENTED_EDGE('',*,*,#1584,.F.);
#1584 = EDGE_CURVE('',#1315,#1585,#1587,.T.);
#1585 = VERTEX_POINT('',#1586);
#1586 = CARTESIAN_POINT('',(7.,0.5,9.562832774127));
#1587 = LINE('',#1588,#1589);
#1588 = CARTESIAN_POINT('',(11.62443037147,5.12443037147,9.562832774127)
  );
#1589 = VECTOR('',#1590,1.);
#1590 = DIRECTION('',(0.707106781187,0.707106781187,0.));
#1591 = ORIENTED_EDGE('',*,*,#1314,.F.);
#1592 = ORIENTED_EDGE('',*,*,#1569,.F.);
#1593 = ORIENTED_EDGE('',*,*,#1594,.F.);
#1594 = EDGE_CURVE('',#1585,#1562,#1595,.T.);
#1595 = LINE('',#1596,#1597);
#1596 = CARTESIAN_POINT('',(7.,0.5,8.362832774127));
#1597 = VECTOR('',#1598,1.);
#1598 = DIRECTION('',(0.,0.,-1.));
#1599 = PLANE('',#1600);
#1600 = AXIS2_PLACEMENT_3D('',#1601,#1602,#1603);
#1601 = CARTESIAN_POINT('',(7.,0.5,8.362832774127));
#1602 = DIRECTION('',(0.707106781187,-0.707106781187,0.));
#1603 = DIRECTION('',(0.,0.,1.));
#1604 = ADVANCED_FACE('',(#1605),#1632,.F.);
#1605 = FACE_BOUND('',#1606,.T.);
#1606 = EDGE_LOOP('',(#1607,#1615,#1624,#1630,#1631));
#1607 = ORIENTED_EDGE('',*,*,#1608,.F.);
#1608 = EDGE_CURVE('',#1609,#1585,#1611,.T.);
#1609 = VERTEX_POINT('',#1610);
#1610 = CARTESIAN_POINT('',(7.,6.655215433949,9.562832774127));
#1611 = LINE('',#1612,#1613);
#1612 = CARTESIAN_POINT('',(7.,9.748860742939,9.562832774127));
#1613 = VECTOR('',#1614,1.);
#1614 = DIRECTION('',(0.,-1.,0.));
#1615 = ORIENTED_EDGE('',*,*,#1616,.T.);
#1616 = EDGE_CURVE('',#1609,#1617,#1619,.T.);
#1617 = VERTEX_POINT('',#1618);
#1618 = CARTESIAN_POINT('',(8.4,6.59411588823,9.562832774127));
#1619 = B_SPLINE_CURVE_WITH_KNOTS('',3,(#1620,#1621,#1622,#1623),
  .UNSPECIFIED.,.F.,.F.,(4,4),(0.,1.401332635204E-03),
  .PIECEWISE_BEZIER_KNOTS.);
#1620 = CARTESIAN_POINT('',(7.,6.655215433949,9.562832774127));
#1621 = CARTESIAN_POINT('',(7.466190825014,6.623945755589,9.562832774127
    ));
#1622 = CARTESIAN_POINT('',(7.932856073251,6.603546739251,9.562832774127
    ));
#1623 = CARTESIAN_POINT('',(8.4,6.59411588823,9.562832774127));
#1624 = ORIENTED_EDGE('',*,*,#1625,.T.);
#1625 = EDGE_CURVE('',#1617,#1323,#1626,.T.);
#1626 = LINE('',#1627,#1628);
#1627 = CARTESIAN_POINT('',(8.4,9.748860742939,9.562832774127));
#1628 = VECTOR('',#1629,1.);
#1629 = DIRECTION('',(0.,-1.,0.));
#1630 = ORIENTED_EDGE('',*,*,#1322,.T.);
#1631 = ORIENTED_EDGE('',*,*,#1584,.T.);
#1632 = PLANE('',#1633);
#1633 = AXIS2_PLACEMENT_3D('',#1634,#1635,#1636);
#1634 = CARTESIAN_POINT('',(7.,9.748860742939,9.562832774127));
#1635 = DIRECTION('',(0.,0.,1.));
#1636 = DIRECTION('',(1.,0.,0.));
#1637 = ADVANCED_FACE('',(#1638),#1665,.F.);
#1638 = FACE_BOUND('',#1639,.T.);
#1639 = EDGE_LOOP('',(#1640,#1641,#1650,#1658,#1664));
#1640 = ORIENTED_EDGE('',*,*,#1625,.F.);
#1641 = ORIENTED_EDGE('',*,*,#1642,.T.);
#1642 = EDGE_CURVE('',#1617,#1643,#1645,.T.);
#1643 = VERTEX_POINT('',#1644);
#1644 = CARTESIAN_POINT('',(8.4,6.879762533095,10.962832774127));
#1645 = B_SPLINE_CURVE_WITH_KNOTS('',3,(#1646,#1647,#1648,#1649),
  .UNSPECIFIED.,.F.,.F.,(4,4),(0.,1.428843590363E-03),
  .PIECEWISE_BEZIER_KNOTS.);
#1646 = CARTESIAN_POINT('',(8.4,6.59411588823,9.562832774127));
#1647 = CARTESIAN_POINT('',(8.4,6.689331436814,10.029499440733));
#1648 = CARTESIAN_POINT('',(8.4,6.784546985103,10.4961661074));
#1649 = CARTESIAN_POINT('',(8.4,6.879762533095,10.962832774127));
#1650 = ORIENTED_EDGE('',*,*,#1651,.T.);
#1651 = EDGE_CURVE('',#1643,#1652,#1654,.T.);
#1652 = VERTEX_POINT('',#1653);
#1653 = CARTESIAN_POINT('',(8.4,0.5,10.962832774127));
#1654 = LINE('',#1655,#1656);
#1655 = CARTESIAN_POINT('',(8.4,9.748860742939,10.962832774127));
#1656 = VECTOR('',#1657,1.);
#1657 = DIRECTION('',(0.,-1.,0.));
#1658 = ORIENTED_EDGE('',*,*,#1659,.T.);
#1659 = EDGE_CURVE('',#1652,#1331,#1660,.T.);
#1660 = LINE('',#1661,#1662);
#1661 = CARTESIAN_POINT('',(8.4,5.82443037147,5.638402402657));
#1662 = VECTOR('',#1663,1.);
#1663 = DIRECTION('',(0.,-0.707106781187,0.707106781187));
#1664 = ORIENTED_EDGE('',*,*,#1330,.T.);
#1665 = PLANE('',#1666);
#1666 = AXIS2_PLACEMENT_3D('',#1667,#1668,#1669);
#1667 = CARTESIAN_POINT('',(8.4,9.748860742939,9.562832774127));
#1668 = DIRECTION('',(-1.,0.,0.));
#1669 = DIRECTION('',(0.,0.,1.));
#1670 = ADVANCED_FACE('',(#1671),#1689,.T.);
#1671 = FACE_BOUND('',#1672,.T.);
#1672 = EDGE_LOOP('',(#1673,#1681,#1682,#1683));
#1673 = ORIENTED_EDGE('',*,*,#1674,.F.);
#1674 = EDGE_CURVE('',#1339,#1675,#1677,.T.);
#1675 = VERTEX_POINT('',#1676);
#1676 = CARTESIAN_POINT('',(9.6,0.5,10.962832774127));
#1677 = LINE('',#1678,#1679);
#1678 = CARTESIAN_POINT('',(9.6,5.82443037147,5.638402402657));
#1679 = VECTOR('',#1680,1.);
#1680 = DIRECTION('',(0.,0.707106781187,-0.707106781187));
#1681 = ORIENTED_EDGE('',*,*,#1338,.F.);
#1682 = ORIENTED_EDGE('',*,*,#1659,.F.);
#1683 = ORIENTED_EDGE('',*,*,#1684,.F.);
#1684 = EDGE_CURVE('',#1675,#1652,#1685,.T.);
#1685 = LINE('',#1686,#1687);
#1686 = CARTESIAN_POINT('',(8.4,0.5,10.962832774127));
#1687 = VECTOR('',#1688,1.);
#1688 = DIRECTION('',(-1.,0.,0.));
#1689 = PLANE('',#1690);
#1690 = AXIS2_PLACEMENT_3D('',#1691,#1692,#1693);
#1691 = CARTESIAN_POINT('',(8.4,0.5,10.962832774127));
#1692 = DIRECTION('',(0.,-0.707106781187,-0.707106781187));
#1693 = DIRECTION('',(1.,0.,0.));
#1694 = ADVANCED_FACE('',(#1695),#1715,.F.);
#1695 = FACE_BOUND('',#1696,.T.);
#1696 = EDGE_LOOP('',(#1697,#1705,#1712,#1713,#1714));
#1697 = ORIENTED_EDGE('',*,*,#1698,.F.);
#1698 = EDGE_CURVE('',#1699,#1675,#1701,.T.);
#1699 = VERTEX_POINT('',#1700);
#1700 = CARTESIAN_POINT('',(9.6,6.879762533095,10.962832774127));
#1701 = LINE('',#1702,#1703);
#1702 = CARTESIAN_POINT('',(9.6,9.748860742939,10.962832774127));
#1703 = VECTOR('',#1704,1.);
#1704 = DIRECTION('',(0.,-1.,0.));
#1705 = ORIENTED_EDGE('',*,*,#1706,.T.);
#1706 = EDGE_CURVE('',#1699,#1365,#1707,.T.);
#1707 = B_SPLINE_CURVE_WITH_KNOTS('',3,(#1708,#1709,#1710,#1711),
  .UNSPECIFIED.,.F.,.F.,(4,4),(0.,1.428843590364E-03),
  .PIECEWISE_BEZIER_KNOTS.);
#1708 = CARTESIAN_POINT('',(9.6,6.879762533095,10.962832774127));
#1709 = CARTESIAN_POINT('',(9.6,6.784546985102,10.4961661074));
#1710 = CARTESIAN_POINT('',(9.6,6.689331436814,10.029499440733));
#1711 = CARTESIAN_POINT('',(9.6,6.59411588823,9.562832774127));
#1712 = ORIENTED_EDGE('',*,*,#1364,.T.);
#1713 = ORIENTED_EDGE('',*,*,#1346,.T.);
#1714 = ORIENTED_EDGE('',*,*,#1674,.T.);
#1715 = PLANE('',#1716);
#1716 = AXIS2_PLACEMENT_3D('',#1717,#1718,#1719);
#1717 = CARTESIAN_POINT('',(9.6,9.748860742939,9.562832774127));
#1718 = DIRECTION('',(1.,0.,0.));
#1719 = DIRECTION('',(0.,0.,-1.));
#1720 = ADVANCED_FACE('',(#1721),#1759,.F.);
#1721 = FACE_BOUND('',#1722,.F.);
#1722 = EDGE_LOOP('',(#1723,#1724,#1725,#1732,#1733,#1734,#1741,#1742,
    #1743,#1750,#1751,#1752));
#1723 = ORIENTED_EDGE('',*,*,#1706,.T.);
#1724 = ORIENTED_EDGE('',*,*,#1372,.T.);
#1725 = ORIENTED_EDGE('',*,*,#1726,.T.);
#1726 = EDGE_CURVE('',#1373,#1429,#1727,.T.);
#1727 = B_SPLINE_CURVE_WITH_KNOTS('',3,(#1728,#1729,#1730,#1731),
  .UNSPECIFIED.,.F.,.F.,(4,4),(0.,1.224714032784E-03),
  .PIECEWISE_BEZIER_KNOTS.);
#1728 = CARTESIAN_POINT('',(11.,6.655215433949,9.562832774127));
#1729 = CARTESIAN_POINT('',(11.,6.573617191268,9.162832773679));
#1730 = CARTESIAN_POINT('',(11.,6.492018946394,8.76283277368));
#1731 = CARTESIAN_POINT('',(11.,6.41042069933,8.362832774127));
#1732 = ORIENTED_EDGE('',*,*,#1436,.T.);
#1733 = ORIENTED_EDGE('',*,*,#1462,.T.);
#1734 = ORIENTED_EDGE('',*,*,#1735,.T.);
#1735 = EDGE_CURVE('',#1463,#1519,#1736,.T.);
#1736 = B_SPLINE_CURVE_WITH_KNOTS('',3,(#1737,#1738,#1739,#1740),
  .UNSPECIFIED.,.F.,.F.,(4,4),(0.,1.2E-03),.PIECEWISE_BEZIER_KNOTS.);
#1737 = CARTESIAN_POINT('',(9.6,6.063629257149,6.962832774127));
#1738 = CARTESIAN_POINT('',(9.2,6.055540823064,6.962832774127));
#1739 = CARTESIAN_POINT('',(8.8,6.055540823064,6.962832774127));
#1740 = CARTESIAN_POINT('',(8.4,6.063629257149,6.962832774127));
#1741 = ORIENTED_EDGE('',*,*,#1526,.T.);
#1742 = ORIENTED_EDGE('',*,*,#1552,.T.);
#1743 = ORIENTED_EDGE('',*,*,#1744,.T.);
#1744 = EDGE_CURVE('',#1553,#1609,#1745,.T.);
#1745 = B_SPLINE_CURVE_WITH_KNOTS('',3,(#1746,#1747,#1748,#1749),
  .UNSPECIFIED.,.F.,.F.,(4,4),(0.,1.224714032784E-03),
  .PIECEWISE_BEZIER_KNOTS.);
#1746 = CARTESIAN_POINT('',(7.,6.41042069933,8.362832774127));
#1747 = CARTESIAN_POINT('',(7.,6.492018946394,8.76283277368));
#1748 = CARTESIAN_POINT('',(7.,6.573617191268,9.162832773679));
#1749 = CARTESIAN_POINT('',(7.,6.655215433949,9.562832774127));
#1750 = ORIENTED_EDGE('',*,*,#1616,.T.);
#1751 = ORIENTED_EDGE('',*,*,#1642,.T.);
#1752 = ORIENTED_EDGE('',*,*,#1753,.T.);
#1753 = EDGE_CURVE('',#1643,#1699,#1754,.T.);
#1754 = B_SPLINE_CURVE_WITH_KNOTS('',3,(#1755,#1756,#1757,#1758),
  .UNSPECIFIED.,.F.,.F.,(4,4),(0.,1.2E-03),.PIECEWISE_BEZIER_KNOTS.);
#1755 = CARTESIAN_POINT('',(8.4,6.879762533095,10.962832774127));
#1756 = CARTESIAN_POINT('',(8.8,6.871694265756,10.962832774127));
#1757 = CARTESIAN_POINT('',(9.2,6.871694265756,10.962832774127));
#1758 = CARTESIAN_POINT('',(9.6,6.879762533095,10.962832774127));
#1759 = B_SPLINE_SURFACE_WITH_KNOTS('',3,3,(
    (#1760,#1761,#1762,#1763)
    ,(#1764,#1765,#1766,#1767)
    ,(#1768,#1769,#1770,#1771)
    ,(#1772,#1773,#1774,#1775
    )),.UNSPECIFIED.,.F.,.F.,.F.,(4,4),(4,4),(0.34912093873,
    0.65087906127),(0.283355714082,0.558416142433),
  .PIECEWISE_BEZIER_KNOTS.);
#1760 = CARTESIAN_POINT('',(6.976259982345,6.944482109765,
    10.972991974707));
#1761 = CARTESIAN_POINT('',(6.976069599511,6.669577878937,9.625323314509
    ));
#1762 = CARTESIAN_POINT('',(6.975879228971,6.394673654445,8.277654653018
    ));
#1763 = CARTESIAN_POINT('',(6.975688870724,6.119769436283,6.929985990234
    ));
#1764 = CARTESIAN_POINT('',(8.322007778303,6.857340339529,10.99316153501
    ));
#1765 = CARTESIAN_POINT('',(8.321926853925,6.581771250947,9.64268292127)
  );
#1766 = CARTESIAN_POINT('',(8.321845937525,6.306202160288,8.292204307953
    ));
#1767 = CARTESIAN_POINT('',(8.321765029094,6.030633067553,6.941725695059
    ));
#1768 = CARTESIAN_POINT('',(9.677992221697,6.857340339529,10.99316153501
    ));
#1769 = CARTESIAN_POINT('',(9.678073146075,6.581771250947,9.64268292127)
  );
#1770 = CARTESIAN_POINT('',(9.678154062475,6.306202160288,8.292204307953
    ));
#1771 = CARTESIAN_POINT('',(9.678234970906,6.030633067553,6.941725695059
    ));
#1772 = CARTESIAN_POINT('',(11.023740017655,6.944482109765,
    10.972991974707));
#1773 = CARTESIAN_POINT('',(11.023930400489,6.669577878937,
    9.625323314509));
#1774 = CARTESIAN_POINT('',(11.024120771029,6.394673654445,
    8.277654653018));
#1775 = CARTESIAN_POINT('',(11.024311129276,6.119769436283,
    6.929985990234));
#1776 = ADVANCED_FACE('',(#1777),#1783,.F.);
#1777 = FACE_BOUND('',#1778,.T.);
#1778 = EDGE_LOOP('',(#1779,#1780,#1781,#1782));
#1779 = ORIENTED_EDGE('',*,*,#1428,.T.);
#1780 = ORIENTED_EDGE('',*,*,#1414,.T.);
#1781 = ORIENTED_EDGE('',*,*,#1381,.F.);
#1782 = ORIENTED_EDGE('',*,*,#1726,.T.);
#1783 = PLANE('',#1784);
#1784 = AXIS2_PLACEMENT_3D('',#1785,#1786,#1787);
#1785 = CARTESIAN_POINT('',(11.,9.748860742939,8.362832774127));
#1786 = DIRECTION('',(1.,0.,0.));
#1787 = DIRECTION('',(0.,0.,-1.));
#1788 = ADVANCED_FACE('',(#1789),#1795,.F.);
#1789 = FACE_BOUND('',#1790,.T.);
#1790 = EDGE_LOOP('',(#1791,#1792,#1793,#1794));
#1791 = ORIENTED_EDGE('',*,*,#1518,.T.);
#1792 = ORIENTED_EDGE('',*,*,#1504,.T.);
#1793 = ORIENTED_EDGE('',*,*,#1471,.F.);
#1794 = ORIENTED_EDGE('',*,*,#1735,.T.);
#1795 = PLANE('',#1796);
#1796 = AXIS2_PLACEMENT_3D('',#1797,#1798,#1799);
#1797 = CARTESIAN_POINT('',(8.4,9.748860742939,6.962832774127));
#1798 = DIRECTION('',(0.,0.,-1.));
#1799 = DIRECTION('',(-1.,0.,0.));
#1800 = ADVANCED_FACE('',(#1801),#1807,.F.);
#1801 = FACE_BOUND('',#1802,.T.);
#1802 = EDGE_LOOP('',(#1803,#1804,#1805,#1806));
#1803 = ORIENTED_EDGE('',*,*,#1608,.T.);
#1804 = ORIENTED_EDGE('',*,*,#1594,.T.);
#1805 = ORIENTED_EDGE('',*,*,#1561,.F.);
#1806 = ORIENTED_EDGE('',*,*,#1744,.T.);
#1807 = PLANE('',#1808);
#1808 = AXIS2_PLACEMENT_3D('',#1809,#1810,#1811);
#1809 = CARTESIAN_POINT('',(7.,9.748860742939,8.362832774127));
#1810 = DIRECTION('',(-1.,0.,0.));
#1811 = DIRECTION('',(0.,0.,1.));
#1812 = ADVANCED_FACE('',(#1813),#1819,.F.);
#1813 = FACE_BOUND('',#1814,.T.);
#1814 = EDGE_LOOP('',(#1815,#1816,#1817,#1818));
#1815 = ORIENTED_EDGE('',*,*,#1698,.T.);
#1816 = ORIENTED_EDGE('',*,*,#1684,.T.);
#1817 = ORIENTED_EDGE('',*,*,#1651,.F.);
#1818 = ORIENTED_EDGE('',*,*,#1753,.T.);
#1819 = PLANE('',#1820);
#1820 = AXIS2_PLACEMENT_3D('',#1821,#1822,#1823);
#1821 = CARTESIAN_POINT('',(8.4,9.748860742939,10.962832774127));
#1822 = DIRECTION('',(0.,0.,1.));
#1823 = DIRECTION('',(1.,0.,0.));
#1824 = ( GEOMETRIC_REPRESENTATION_CONTEXT(3) 
GLOBAL_UNCERTAINTY_ASSIGNED_CONTEXT((#1828)) 
GLOBAL_UNIT_ASSIGNED_CONTEXT((#1825,#1826,#1827)) REPRESENTATION_CONTEXT
('Context #1','3D Context with UNIT and UNCERTAINTY') );
#1825 = ( LENGTH_UNIT() NAMED_UNIT(*) SI_UNIT(.MILLI.,.METRE.) );
#1826 = ( NAMED_UNIT(*) PLANE_ANGLE_UNIT() SI_UNIT($,.RADIAN.) );
#1827 = ( NAMED_UNIT(*) SI_UNIT($,.STERADIAN.) SOLID_ANGLE_UNIT() );
#1828 = UNCERTAINTY_MEASURE_WITH_UNIT(LENGTH_MEASURE(2.E-04),#1825,
  'distance_accuracy_value','confusion accuracy');
#1829 = PRODUCT_RELATED_PRODUCT_CATEGORY('part',$,(#7));
#1830 = MECHANICAL_DESIGN_GEOMETRIC_PRESENTATION_REPRESENTATION('',(
    #1831),#1824);
#1831 = STYLED_ITEM('color',(#1832),#15);
#1832 = PRESENTATION_STYLE_ASSIGNMENT((#1833,#1839));
#1833 = SURFACE_STYLE_USAGE(.BOTH.,#1834);
#1834 = SURFACE_SIDE_STYLE('',(#1835));
#1835 = SURFACE_STYLE_FILL_AREA(#1836);
#1836 = FILL_AREA_STYLE('',(#1837));
#1837 = FILL_AREA_STYLE_COLOUR('',#1838);
#1838 = COLOUR_RGB('',0.800000010877,0.800000010877,0.901960800373);
#1839 = CURVE_STYLE('',#1840,POSITIVE_LENGTH_MEASURE(0.1),#1841);
#1840 = DRAUGHTING_PRE_DEFINED_CURVE_FONT('continuous');
#1841 = COLOUR_RGB('',9.803921802644E-02,9.803921802644E-02,
  9.803921802644E-02);
ENDSEC;
END-ISO-10303-21;
