ISO-10303-21;
HEADER;
FILE_DESCRIPTION(('FreeCAD Model'),'2;1');
FILE_NAME('Open CASCADE Shape Model','2025-01-18T11:22:18',(''),(''),
  'Open CASCADE STEP processor 7.7','FreeCAD','Unknown');
FILE_SCHEMA(('AUTOMOTIVE_DESIGN { 1 0 10303 214 1 1 1 1 }'));
ENDSEC;
DATA;
#1 = APPLICATION_PROTOCOL_DEFINITION('international standard',
  'automotive_design',2000,#2);
#2 = APPLICATION_CONTEXT(
  'core data for automotive mechanical design processes');
#3 = SHAPE_DEFINITION_REPRESENTATION(#4,#10);
#4 = PRODUCT_DEFINITION_SHAPE('','',#5);
#5 = PRODUCT_DEFINITION('design','',#6,#9);
#6 = PRODUCT_DEFINITION_FORMATION('','',#7);
#7 = PRODUCT('Body','Body','',(#8));
#8 = PRODUCT_CONTEXT('',#2,'mechanical');
#9 = PRODUCT_DEFINITION_CONTEXT('part definition',#2,'design');
#10 = ADVANCED_BREP_SHAPE_REPRESENTATION('',(#11,#15),#3020);
#11 = AXIS2_PLACEMENT_3D('',#12,#13,#14);
#12 = CARTESIAN_POINT('',(0.,0.,0.));
#13 = DIRECTION('',(0.,0.,1.));
#14 = DIRECTION('',(1.,0.,-0.));
#15 = MANIFOLD_SOLID_BREP('',#16);
#16 = CLOSED_SHELL('',(#17,#173,#234,#262,#312,#329,#375,#415,#463,#503,
    #551,#580,#640,#671,#723,#752,#814,#845,#897,#945,#1474,#1506,#1544,
    #1570,#1601,#1625,#1649,#1673,#1697,#1721,#1745,#1769,#1793,#1817,
    #1834,#1865,#1889,#1915,#1941,#1967,#1993,#2019,#2045,#2071,#2097,
    #2121,#2145,#2169,#2195,#2221,#2247,#2273,#2299,#2325,#2349,#2366,
    #2385,#2414,#2448,#2556,#2596,#2620,#2653,#2686,#2710,#2743,#2776,
    #2800,#2833,#2866,#2890,#2916,#2972,#2984,#2996,#3008));
#17 = ADVANCED_FACE('',(#18,#94),#144,.F.);
#18 = FACE_BOUND('',#19,.F.);
#19 = EDGE_LOOP('',(#20,#59));
#20 = ORIENTED_EDGE('',*,*,#21,.F.);
#21 = EDGE_CURVE('',#22,#24,#26,.T.);
#22 = VERTEX_POINT('',#23);
#23 = CARTESIAN_POINT('',(8.999999999979,7.018572779972,11.672832774127)
  );
#24 = VERTEX_POINT('',#25);
#25 = CARTESIAN_POINT('',(9.,5.912691588279,6.252832774127));
#26 = B_SPLINE_CURVE_WITH_KNOTS('',3,(#27,#28,#29,#30,#31,#32,#33,#34,
    #35,#36,#37,#38,#39,#40,#41,#42,#43,#44,#45,#46,#47,#48,#49,#50,#51,
    #52,#53,#54,#55,#56,#57,#58),.UNSPECIFIED.,.F.,.F.,(4,2,2,2,2,2,2,2,
    2,2,2,2,2,2,2,4),(8.56567777683E-03,9.100928105104E-03,
    9.636178433379E-03,1.017142876165E-02,1.070667908993E-02,
    1.12419294182E-02,1.177717974648E-02,1.231243007475E-02,
    1.284768040303E-02,1.33829307313E-02,1.391818105958E-02,
    1.445343138785E-02,1.498868171612E-02,1.55239320444E-02,
    1.605918237267E-02,1.712968302922E-02),.UNSPECIFIED.);
#27 = CARTESIAN_POINT('',(8.999999999979,7.018572779972,11.672832774127)
  );
#28 = CARTESIAN_POINT('',(9.178679543776,7.018572779973,11.672832774128)
  );
#29 = CARTESIAN_POINT('',(9.356403563267,7.016615941219,11.655335699857)
  );
#30 = CARTESIAN_POINT('',(9.709887968587,7.008478763073,11.584407601788)
  );
#31 = CARTESIAN_POINT('',(9.882172339785,7.002344453147,11.531419886134)
  );
#32 = CARTESIAN_POINT('',(10.210987244642,6.985805397179,11.393753933351
    ));
#33 = CARTESIAN_POINT('',(10.370082422071,6.975251464448,11.307866635974
    ));
#34 = CARTESIAN_POINT('',(10.667361853448,6.949349526735,11.106711060352
    ));
#35 = CARTESIAN_POINT('',(10.804048607659,6.934191658822,10.992902338694
    ));
#36 = CARTESIAN_POINT('',(11.054047178829,6.898666604222,10.739533087327
    ));
#37 = CARTESIAN_POINT('',(11.167967917676,6.878063598202,10.598522995692
    ));
#38 = CARTESIAN_POINT('',(11.362692530183,6.832352107237,10.301956144402
    ));
#39 = CARTESIAN_POINT('',(11.444810258014,6.807129408315,10.145454093101
    ));
#40 = CARTESIAN_POINT('',(11.578329137415,6.751173367453,9.816008747148)
  );
#41 = CARTESIAN_POINT('',(11.628666170712,6.720695124882,9.644760608713)
  );
#42 = CARTESIAN_POINT('',(11.694672150151,6.656259445208,9.299957990973)
  );
#43 = CARTESIAN_POINT('',(11.710971588661,6.621866830805,9.123999178258)
  );
#44 = CARTESIAN_POINT('',(11.708938799636,6.549581798385,8.770499354839)
  );
#45 = CARTESIAN_POINT('',(11.690813098769,6.512465782322,8.596671025925)
  );
#46 = CARTESIAN_POINT('',(11.621632422226,6.436529389349,8.25460046684)
  );
#47 = CARTESIAN_POINT('',(11.56973446989,6.397287493218,8.084644455735)
  );
#48 = CARTESIAN_POINT('',(11.435380672347,6.3200495514,7.761304185593));
#49 = CARTESIAN_POINT('',(11.353315791068,6.282017653889,7.60759266691)
  );
#50 = CARTESIAN_POINT('',(11.159307547176,6.207833527729,7.315968518212)
  );
#51 = CARTESIAN_POINT('',(11.046376931933,6.171524703428,7.177553758777)
  );
#52 = CARTESIAN_POINT('',(10.799107447542,6.104768322353,6.928602673475)
  );
#53 = CARTESIAN_POINT('',(10.66392540658,6.07391290613,6.816436345929));
#54 = CARTESIAN_POINT('',(10.369453999493,6.018326490427,6.617569222004)
  );
#55 = CARTESIAN_POINT('',(10.211444804032,5.993969644051,6.532217997186)
  );
#56 = CARTESIAN_POINT('',(9.721311917556,5.934740703074,6.326669663469)
  );
#57 = CARTESIAN_POINT('',(9.362083663935,5.912691588279,6.252832774127)
  );
#58 = CARTESIAN_POINT('',(9.,5.912691588279,6.252832774127));
#59 = ORIENTED_EDGE('',*,*,#60,.F.);
#60 = EDGE_CURVE('',#24,#22,#61,.T.);
#61 = B_SPLINE_CURVE_WITH_KNOTS('',3,(#62,#63,#64,#65,#66,#67,#68,#69,
    #70,#71,#72,#73,#74,#75,#76,#77,#78,#79,#80,#81,#82,#83,#84,#85,#86,
    #87,#88,#89,#90,#91,#92,#93),.UNSPECIFIED.,.F.,.F.,(4,2,2,2,2,2,2,2,
    2,2,2,2,2,2,2,4),(0.,5.353548610519E-04,1.070709722104E-03,
    1.606064583156E-03,2.141419444207E-03,3.212129166311E-03,
    3.747484027363E-03,4.282838888415E-03,4.818193749467E-03,
    5.353548610519E-03,5.88890347157E-03,6.424258332622E-03,
    6.959613193674E-03,7.494968054726E-03,8.030322915778E-03,
    8.56567777683E-03),.UNSPECIFIED.);
#62 = CARTESIAN_POINT('',(9.,5.912691588279,6.252832774127));
#63 = CARTESIAN_POINT('',(8.818922811108,5.912691588279,6.252832774127)
  );
#64 = CARTESIAN_POINT('',(8.641071801829,5.918018160493,6.27079817676));
#65 = CARTESIAN_POINT('',(8.291516971066,5.938636245768,6.341014412269)
  );
#66 = CARTESIAN_POINT('',(8.117936513461,5.954199797215,6.394205975976)
  );
#67 = CARTESIAN_POINT('',(7.78905617932,5.99387596676,6.5318875494));
#68 = CARTESIAN_POINT('',(7.6333597751,6.017867234532,6.615950112538));
#69 = CARTESIAN_POINT('',(7.33910494422,6.07327039963,6.814114238518));
#70 = CARTESIAN_POINT('',(7.20114182344,6.104707175322,6.928377796104));
#71 = CARTESIAN_POINT('',(6.830089538734,6.204863284597,7.301875285808)
  );
#72 = CARTESIAN_POINT('',(6.631211440237,6.281764239448,7.601029335986)
  );
#73 = CARTESIAN_POINT('',(6.430537185942,6.397132585469,8.083996720916)
  );
#74 = CARTESIAN_POINT('',(6.378586004806,6.436295089819,8.253547099641)
  );
#75 = CARTESIAN_POINT('',(6.309000831059,6.512664567778,8.597564413895)
  );
#76 = CARTESIAN_POINT('',(6.291117785834,6.549709136577,8.771148901311)
  );
#77 = CARTESIAN_POINT('',(6.28898284922,6.621358844424,9.121488267251));
#78 = CARTESIAN_POINT('',(6.305283044586,6.656229447675,9.299791514486)
  );
#79 = CARTESIAN_POINT('',(6.371452298733,6.720797018795,9.645311817513)
  );
#80 = CARTESIAN_POINT('',(6.421024097153,6.750813502327,9.813966916266)
  );
#81 = CARTESIAN_POINT('',(6.553929224686,6.806688691865,10.142783534767)
  );
#82 = CARTESIAN_POINT('',(6.637481156179,6.832390137671,10.302206153748)
  );
#83 = CARTESIAN_POINT('',(6.831724514465,6.877994137274,10.598069073955)
  );
#84 = CARTESIAN_POINT('',(6.943082778336,6.898221977137,10.736411138978)
  );
#85 = CARTESIAN_POINT('',(7.195674803215,6.934188691003,10.992832591194)
  );
#86 = CARTESIAN_POINT('',(7.333028398892,6.949370728913,11.106891189055)
  );
#87 = CARTESIAN_POINT('',(7.627779501327,6.975077898787,11.30650333727)
  );
#88 = CARTESIAN_POINT('',(7.787259023652,6.985710385156,11.39296849354)
  );
#89 = CARTESIAN_POINT('',(8.11826826406,7.002373389247,11.531655351947)
  );
#90 = CARTESIAN_POINT('',(8.288784202675,7.008426996091,11.583962067845)
  );
#91 = CARTESIAN_POINT('',(8.6397502455,7.01654829254,11.654740424685));
#92 = CARTESIAN_POINT('',(8.821285560606,7.018572779972,11.672832774125)
  );
#93 = CARTESIAN_POINT('',(8.999999999979,7.018572779972,11.672832774127)
  );
#94 = FACE_BOUND('',#95,.F.);
#95 = EDGE_LOOP('',(#96,#107,#122,#131));
#96 = ORIENTED_EDGE('',*,*,#97,.T.);
#97 = EDGE_CURVE('',#98,#100,#102,.T.);
#98 = VERTEX_POINT('',#99);
#99 = CARTESIAN_POINT('',(14.411411078204,7.960907456884,13.883932850209
    ));
#100 = VERTEX_POINT('',#101);
#101 = CARTESIAN_POINT('',(14.534585742384,5.453266679819,1.462421610458
    ));
#102 = B_SPLINE_CURVE_WITH_KNOTS('',3,(#103,#104,#105,#106),
  .UNSPECIFIED.,.F.,.F.,(4,4),(0.,1.267272035858E-02),
  .PIECEWISE_BEZIER_KNOTS.);
#103 = CARTESIAN_POINT('',(14.411411078204,7.960907456884,
    13.883932850209));
#104 = CARTESIAN_POINT('',(14.44247673425,7.123111394975,9.743721421984)
  );
#105 = CARTESIAN_POINT('',(14.480536287879,6.286622170157,5.603295653733
    ));
#106 = CARTESIAN_POINT('',(14.534585742384,5.453266679819,1.462421610458
    ));
#107 = ORIENTED_EDGE('',*,*,#108,.T.);
#108 = EDGE_CURVE('',#100,#109,#111,.T.);
#109 = VERTEX_POINT('',#110);
#110 = CARTESIAN_POINT('',(3.465414257616,5.453266679819,1.462421610458)
  );
#111 = B_SPLINE_CURVE_WITH_KNOTS('',3,(#112,#113,#114,#115,#116,#117,
    #118,#119,#120,#121),.UNSPECIFIED.,.F.,.F.,(4,2,2,2,4),(0.,
    2.782880849927E-03,5.565761699855E-03,8.348642549782E-03,
    1.113152339971E-02),.UNSPECIFIED.);
#112 = CARTESIAN_POINT('',(14.534585742384,5.453266679819,1.462421610458
    ));
#113 = CARTESIAN_POINT('',(13.621740233032,5.280124607274,1.457282873709
    ));
#114 = CARTESIAN_POINT('',(12.70321470824,5.150225153012,1.45342754791)
  );
#115 = CARTESIAN_POINT('',(10.854916020941,4.976055818816,1.448258322747
    ));
#116 = CARTESIAN_POINT('',(9.926456712327,4.932073715342,1.44695296439)
  );
#117 = CARTESIAN_POINT('',(8.070998712822,4.932154250618,1.446955354621)
  );
#118 = CARTESIAN_POINT('',(7.141586058868,4.976319888116,1.448266160141)
  );
#119 = CARTESIAN_POINT('',(5.296097532299,5.150355658535,1.453431421223)
  );
#120 = CARTESIAN_POINT('',(4.378264430497,5.280123722729,1.457282847457)
  );
#121 = CARTESIAN_POINT('',(3.465414257616,5.453266679819,1.462421610458)
  );
#122 = ORIENTED_EDGE('',*,*,#123,.T.);
#123 = EDGE_CURVE('',#109,#124,#126,.T.);
#124 = VERTEX_POINT('',#125);
#125 = CARTESIAN_POINT('',(3.588588921796,7.960907456884,13.883932850209
    ));
#126 = B_SPLINE_CURVE_WITH_KNOTS('',3,(#127,#128,#129,#130),
  .UNSPECIFIED.,.F.,.F.,(4,4),(0.,1.26727146114E-02),
  .PIECEWISE_BEZIER_KNOTS.);
#127 = CARTESIAN_POINT('',(3.465414257616,5.453266679819,1.462421610458)
  );
#128 = CARTESIAN_POINT('',(3.519463696404,6.286621927823,5.603294449593)
  );
#129 = CARTESIAN_POINT('',(3.557523270693,7.123111528271,9.743722080704)
  );
#130 = CARTESIAN_POINT('',(3.588588921796,7.960907456884,13.883932850209
    ));
#131 = ORIENTED_EDGE('',*,*,#132,.T.);
#132 = EDGE_CURVE('',#124,#98,#133,.T.);
#133 = B_SPLINE_CURVE_WITH_KNOTS('',3,(#134,#135,#136,#137,#138,#139,
    #140,#141,#142,#143),.UNSPECIFIED.,.F.,.F.,(4,2,2,2,4),(0.,
    2.719216559863E-03,5.438433119727E-03,8.15764967959E-03,
    1.087686623945E-02),.UNSPECIFIED.);
#134 = CARTESIAN_POINT('',(3.588588921796,7.960907456884,13.883932850209
    ));
#135 = CARTESIAN_POINT('',(4.481952057109,7.808414172519,13.936440498857
    ));
#136 = CARTESIAN_POINT('',(5.380297866108,7.694003690166,13.975835187181
    ));
#137 = CARTESIAN_POINT('',(7.186864662747,7.540659165768,14.028635941278
    ));
#138 = CARTESIAN_POINT('',(8.094181016469,7.501954292748,14.041963097827
    ));
#139 = CARTESIAN_POINT('',(9.906410646607,7.501971143702,14.041957295578
    ));
#140 = CARTESIAN_POINT('',(10.814395737378,7.540744872822,
    14.028606429972));
#141 = CARTESIAN_POINT('',(12.619948393518,7.694045888768,
    13.975820657037));
#142 = CARTESIAN_POINT('',(13.518044969486,7.808413664972,
    13.936440673619));
#143 = CARTESIAN_POINT('',(14.411411078204,7.960907456884,
    13.883932850209));
#144 = B_SPLINE_SURFACE_WITH_KNOTS('',3,3,(
    (#145,#146,#147,#148)
    ,(#149,#150,#151,#152)
    ,(#153,#154,#155,#156)
    ,(#157,#158,#159,#160)
    ,(#161,#162,#163,#164)
    ,(#165,#166,#167,#168)
    ,(#169,#170,#171,#172
    )),.UNSPECIFIED.,.F.,.F.,.F.,(4,3,4),(4,4),(7.944069753893E-02,0.5,
    0.920559302461),(7.074088250734E-02,0.93664467264),
  .PIECEWISE_BEZIER_KNOTS.);
#145 = CARTESIAN_POINT('',(3.403128440471,8.01172633712,13.964143831038)
  );
#146 = CARTESIAN_POINT('',(3.402132954052,7.156743350768,9.766027297806)
  );
#147 = CARTESIAN_POINT('',(3.401137310524,6.30176095103,5.567910645099)
  );
#148 = CARTESIAN_POINT('',(3.400141512486,5.446779138697,1.369793872755)
  );
#149 = CARTESIAN_POINT('',(5.23729973079,7.685507942619,14.065856146218)
  );
#150 = CARTESIAN_POINT('',(5.236147848388,6.822651977072,9.834038673243)
  );
#151 = CARTESIAN_POINT('',(5.234996240815,5.95979609665,5.602221182795)
  );
#152 = CARTESIAN_POINT('',(5.233844908253,5.096940299616,1.370403675228)
  );
#153 = CARTESIAN_POINT('',(7.117237826207,7.517523135518,14.118222882368
    ));
#154 = CARTESIAN_POINT('',(7.116631892771,6.650531547117,9.869037305806)
  );
#155 = CARTESIAN_POINT('',(7.11602610635,5.783539958716,5.619851729243)
  );
#156 = CARTESIAN_POINT('',(7.11542046668,4.916548370315,1.37066615268));
#157 = CARTESIAN_POINT('',(9.,7.517523135518,14.118222882368));
#158 = CARTESIAN_POINT('',(9.,6.650531547117,9.869037305806));
#159 = CARTESIAN_POINT('',(9.,5.783539958716,5.619851729243));
#160 = CARTESIAN_POINT('',(9.,4.916548370315,1.37066615268));
#161 = CARTESIAN_POINT('',(10.882762173793,7.517523135518,
    14.118222882368));
#162 = CARTESIAN_POINT('',(10.883368107229,6.650531547117,9.869037305806
    ));
#163 = CARTESIAN_POINT('',(10.88397389365,5.783539958716,5.619851729243)
  );
#164 = CARTESIAN_POINT('',(10.88457953332,4.916548370315,1.37066615268)
  );
#165 = CARTESIAN_POINT('',(12.76270026921,7.685507942619,14.065856146218
    ));
#166 = CARTESIAN_POINT('',(12.763852151612,6.822651977072,9.834038673243
    ));
#167 = CARTESIAN_POINT('',(12.765003759185,5.95979609665,5.602221182795)
  );
#168 = CARTESIAN_POINT('',(12.766155091747,5.096940299616,1.370403675228
    ));
#169 = CARTESIAN_POINT('',(14.596871559529,8.01172633712,13.964143831038
    ));
#170 = CARTESIAN_POINT('',(14.597867045948,7.156743350768,9.766027297806
    ));
#171 = CARTESIAN_POINT('',(14.598862689476,6.30176095103,5.567910645099)
  );
#172 = CARTESIAN_POINT('',(14.599858487514,5.446779138697,1.369793872755
    ));
#173 = ADVANCED_FACE('',(#174),#217,.F.);
#174 = FACE_BOUND('',#175,.F.);
#175 = EDGE_LOOP('',(#176,#188,#189,#204));
#176 = ORIENTED_EDGE('',*,*,#177,.T.);
#177 = EDGE_CURVE('',#178,#100,#180,.T.);
#178 = VERTEX_POINT('',#179);
#179 = CARTESIAN_POINT('',(16.608264436775,0.,1.300572433796));
#180 = B_SPLINE_CURVE_WITH_KNOTS('',3,(#181,#182,#183,#184,#185,#186,
    #187),.UNSPECIFIED.,.F.,.F.,(4,3,4),(0.,2.918235205631E-03,
    5.836478767755E-03),.UNSPECIFIED.);
#181 = CARTESIAN_POINT('',(16.608264436775,-4.3E-16,1.300572433796));
#182 = CARTESIAN_POINT('',(16.261187696872,0.908319302738,1.327530721355
    ));
#183 = CARTESIAN_POINT('',(15.914748475743,1.81688236647,1.354496243573)
  );
#184 = CARTESIAN_POINT('',(15.569084072418,2.72573960406,1.381470496666)
  );
#185 = CARTESIAN_POINT('',(15.223418712981,3.634599355558,1.40844482437)
  );
#186 = CARTESIAN_POINT('',(14.878527161311,4.543753709778,1.43542789568)
  );
#187 = CARTESIAN_POINT('',(14.534585742384,5.453266679819,1.462421610458
    ));
#188 = ORIENTED_EDGE('',*,*,#97,.F.);
#189 = ORIENTED_EDGE('',*,*,#190,.F.);
#190 = EDGE_CURVE('',#191,#98,#193,.T.);
#191 = VERTEX_POINT('',#192);
#192 = CARTESIAN_POINT('',(16.649947780587,-9.E-15,16.625093114457));
#193 = B_SPLINE_CURVE_WITH_KNOTS('',3,(#194,#195,#196,#197,#198,#199,
    #200,#201,#202,#203),.UNSPECIFIED.,.F.,.F.,(4,3,3,4),(0.,
    2.678437876009E-03,5.356875794639E-03,8.712122415678E-03),
  .UNSPECIFIED.);
#194 = CARTESIAN_POINT('',(16.649947780587,-9.38E-15,16.625093114457));
#195 = CARTESIAN_POINT('',(16.421306558618,0.816020096205,
    16.344114862335));
#196 = CARTESIAN_POINT('',(16.192464829083,1.631989997585,
    16.063153893676));
#197 = CARTESIAN_POINT('',(15.963393648721,2.447902284277,
    15.782212763346));
#198 = CARTESIAN_POINT('',(15.734322466217,3.263814578599,
    15.501271630388));
#199 = CARTESIAN_POINT('',(15.505021909367,4.07966934156,15.220350307067
    ));
#200 = CARTESIAN_POINT('',(15.275457119898,4.895457599507,
    14.939451883258));
#201 = CARTESIAN_POINT('',(14.987884110527,5.917385591556,
    14.587573856802));
#202 = CARTESIAN_POINT('',(14.699897280752,6.939209592338,
    14.235731637411));
#203 = CARTESIAN_POINT('',(14.411411078204,7.960907456884,
    13.883932850209));
#204 = ORIENTED_EDGE('',*,*,#205,.T.);
#205 = EDGE_CURVE('',#191,#178,#206,.T.);
#206 = B_SPLINE_CURVE_WITH_KNOTS('',3,(#207,#208,#209,#210,#211,#212,
    #213,#214,#215,#216),.UNSPECIFIED.,.F.,.F.,(4,3,3,4),(0.,
    5.356875782447E-03,1.034072637193E-02,1.532458137414E-02),
  .UNSPECIFIED.);
#207 = CARTESIAN_POINT('',(16.649947780587,-9.38E-15,16.625093114457));
#208 = CARTESIAN_POINT('',(16.646901679951,-8.9E-16,14.839470451817));
#209 = CARTESIAN_POINT('',(16.643445862967,3.3E-16,13.053848389326));
#210 = CARTESIAN_POINT('',(16.639385525809,3.3E-16,11.268227744921));
#211 = CARTESIAN_POINT('',(16.635607929662,3.3E-16,9.606948544707));
#212 = CARTESIAN_POINT('',(16.631309937772,2.17E-15,7.945670352676));
#213 = CARTESIAN_POINT('',(16.626234833605,2.17E-15,6.284394609576));
#214 = CARTESIAN_POINT('',(16.621159725275,2.17E-15,4.623117503637));
#215 = CARTESIAN_POINT('',(16.615315264058,-1.08E-15,2.961842329169));
#216 = CARTESIAN_POINT('',(16.608264436775,-4.3E-16,1.300572433796));
#217 = B_SPLINE_SURFACE_WITH_KNOTS('',3,3,(
    (#218,#219,#220,#221)
    ,(#222,#223,#224,#225)
    ,(#226,#227,#228,#229)
    ,(#230,#231,#232,#233
    )),.UNSPECIFIED.,.F.,.F.,.F.,(4,4),(4,4),(6.502262653888E-02,
    0.932973070678),(3.194653065274E-02,0.885686415684),
  .PIECEWISE_BEZIER_KNOTS.);
#218 = CARTESIAN_POINT('',(16.663239730725,-4.696056119848E-02,
    16.732437250983));
#219 = CARTESIAN_POINT('',(15.907730587005,2.654173333375,
    15.867052427732));
#220 = CARTESIAN_POINT('',(15.152361904649,5.356010744508,
    15.003698392681));
#221 = CARTESIAN_POINT('',(14.397423357503,8.058937661453,
    14.143307533655));
#222 = CARTESIAN_POINT('',(16.671424594073,-0.103500434635,
    11.557493053834));
#223 = CARTESIAN_POINT('',(15.916027638932,2.354243791271,
    10.983934001618));
#224 = CARTESIAN_POINT('',(15.160803031868,4.812655809205,10.41274458977
    ));
#225 = CARTESIAN_POINT('',(14.406119493226,7.272163866055,9.845119722847
    ));
#226 = CARTESIAN_POINT('',(16.682113490849,-0.166573625951,
    6.382583231291));
#227 = CARTESIAN_POINT('',(15.926899796492,2.047370982507,6.101160245489
    ));
#228 = CARTESIAN_POINT('',(15.171890169055,4.261909800069,5.82255148694)
  );
#229 = CARTESIAN_POINT('',(14.417523118557,6.47753471724,5.548309737895)
  );
#230 = CARTESIAN_POINT('',(16.701377410279,-0.24408556576,1.207749377238
    ));
#231 = CARTESIAN_POINT('',(15.947239862257,1.724511251471,1.219151594931
    ));
#232 = CARTESIAN_POINT('',(15.19355278779,3.693299669675,1.234109221497)
  );
#233 = CARTESIAN_POINT('',(14.441202664098,5.662632322794,1.255055672141
    ));
#234 = ADVANCED_FACE('',(#235),#257,.F.);
#235 = FACE_BOUND('',#236,.T.);
#236 = EDGE_LOOP('',(#237,#249,#255,#256));
#237 = ORIENTED_EDGE('',*,*,#238,.F.);
#238 = EDGE_CURVE('',#239,#109,#241,.T.);
#239 = VERTEX_POINT('',#240);
#240 = CARTESIAN_POINT('',(1.391735563225,0.,1.300572433796));
#241 = B_SPLINE_CURVE_WITH_KNOTS('',3,(#242,#243,#244,#245,#246,#247,
    #248),.UNSPECIFIED.,.F.,.F.,(4,3,4),(0.,2.918235205631E-03,
    5.836478767755E-03),.UNSPECIFIED.);
#242 = CARTESIAN_POINT('',(1.391735563225,-2.2E-16,1.300572433796));
#243 = CARTESIAN_POINT('',(1.738812303128,0.908319302738,1.327530721355)
  );
#244 = CARTESIAN_POINT('',(2.085251524257,1.81688236647,1.354496243573)
  );
#245 = CARTESIAN_POINT('',(2.430915927582,2.72573960406,1.381470496666)
  );
#246 = CARTESIAN_POINT('',(2.776581287019,3.634599355558,1.40844482437)
  );
#247 = CARTESIAN_POINT('',(3.121472838689,4.543753709778,1.43542789568)
  );
#248 = CARTESIAN_POINT('',(3.465414257616,5.453266679819,1.462421610458)
  );
#249 = ORIENTED_EDGE('',*,*,#250,.T.);
#250 = EDGE_CURVE('',#239,#178,#251,.T.);
#251 = LINE('',#252,#253);
#252 = CARTESIAN_POINT('',(9.,0.,1.300572433796));
#253 = VECTOR('',#254,1.);
#254 = DIRECTION('',(1.,0.,1.E-17));
#255 = ORIENTED_EDGE('',*,*,#177,.T.);
#256 = ORIENTED_EDGE('',*,*,#108,.T.);
#257 = PLANE('',#258);
#258 = AXIS2_PLACEMENT_3D('',#259,#260,#261);
#259 = CARTESIAN_POINT('',(9.,5.961433882689,1.477503660946));
#260 = DIRECTION('',(1.E-17,2.966624408511E-02,-0.999559860119));
#261 = DIRECTION('',(0.,0.999559860119,2.966624408511E-02));
#262 = ADVANCED_FACE('',(#263),#295,.F.);
#263 = FACE_BOUND('',#264,.F.);
#264 = EDGE_LOOP('',(#265,#280,#281,#282));
#265 = ORIENTED_EDGE('',*,*,#266,.T.);
#266 = EDGE_CURVE('',#267,#124,#269,.T.);
#267 = VERTEX_POINT('',#268);
#268 = CARTESIAN_POINT('',(1.350052219413,-9.E-15,16.625093114457));
#269 = B_SPLINE_CURVE_WITH_KNOTS('',3,(#270,#271,#272,#273,#274,#275,
    #276,#277,#278,#279),.UNSPECIFIED.,.F.,.F.,(4,3,3,4),(0.,
    2.683908998455E-03,5.367818039906E-03,8.712122413613E-03),
  .UNSPECIFIED.);
#270 = CARTESIAN_POINT('',(1.350052219413,-8.61E-15,16.625093114457));
#271 = CARTESIAN_POINT('',(1.579160476341,0.817686943103,16.343540920921
    ));
#272 = CARTESIAN_POINT('',(1.808470058982,1.635323486645,16.062006081344
    ));
#273 = CARTESIAN_POINT('',(2.038010093846,2.452902163758,15.780491166778
    ));
#274 = CARTESIAN_POINT('',(2.267550130871,3.270480848567,15.498976249561
    ));
#275 = CARTESIAN_POINT('',(2.497320542738,4.088001750937,15.217481228433
    ));
#276 = CARTESIAN_POINT('',(2.727356422429,4.905455836669,14.936009214119
    ));
#277 = CARTESIAN_POINT('',(3.013994291205,5.924050402316,14.58527897842)
  );
#278 = CARTESIAN_POINT('',(3.301043540328,6.942541588393,14.234584339162
    ));
#279 = CARTESIAN_POINT('',(3.588588921796,7.960907456884,13.883932850209
    ));
#280 = ORIENTED_EDGE('',*,*,#123,.F.);
#281 = ORIENTED_EDGE('',*,*,#238,.F.);
#282 = ORIENTED_EDGE('',*,*,#283,.F.);
#283 = EDGE_CURVE('',#267,#239,#284,.T.);
#284 = B_SPLINE_CURVE_WITH_KNOTS('',3,(#285,#286,#287,#288,#289,#290,
    #291,#292,#293,#294),.UNSPECIFIED.,.F.,.F.,(4,3,3,4),(0.,
    5.367818027601E-03,1.0346197498E-02,1.532458137049E-02),
  .UNSPECIFIED.);
#285 = CARTESIAN_POINT('',(1.350052219413,-8.61E-15,16.625093114457));
#286 = CARTESIAN_POINT('',(1.35310454218,-8.E-17,14.835823042073));
#287 = CARTESIAN_POINT('',(1.356568222558,5.E-17,13.04655357189));
#288 = CARTESIAN_POINT('',(1.360639363461,5.E-17,11.257285527573));
#289 = CARTESIAN_POINT('',(1.364415140465,5.E-17,9.597830033781));
#290 = CARTESIAN_POINT('',(1.36871062059,-1.1E-16,7.938375547724));
#291 = CARTESIAN_POINT('',(1.373781883156,-1.1E-16,6.278923507242));
#292 = CARTESIAN_POINT('',(1.378853149878,-1.1E-16,4.619470107093));
#293 = CARTESIAN_POINT('',(1.38469247613,5.E-17,2.96001863658));
#294 = CARTESIAN_POINT('',(1.391735563225,-2.2E-16,1.300572433796));
#295 = B_SPLINE_SURFACE_WITH_KNOTS('',3,3,(
    (#296,#297,#298,#299)
    ,(#300,#301,#302,#303)
    ,(#304,#305,#306,#307)
    ,(#308,#309,#310,#311
    )),.UNSPECIFIED.,.F.,.F.,.F.,(4,4),(4,4),(6.702692932246E-02,
    0.934977373461),(3.194653065274E-02,0.885686415684),
  .PIECEWISE_BEZIER_KNOTS.);
#296 = CARTESIAN_POINT('',(1.298622589721,-0.24408556576,1.207749377238)
  );
#297 = CARTESIAN_POINT('',(2.052760137743,1.724511251471,1.219151594931)
  );
#298 = CARTESIAN_POINT('',(2.80644721221,3.693299669675,1.234109221497)
  );
#299 = CARTESIAN_POINT('',(3.558797335902,5.662632322794,1.255055672141)
  );
#300 = CARTESIAN_POINT('',(1.317886509151,-0.166573625951,6.382583231291
    ));
#301 = CARTESIAN_POINT('',(2.073100203508,2.047370982507,6.101160245489)
  );
#302 = CARTESIAN_POINT('',(2.828109830945,4.261909800069,5.82255148694)
  );
#303 = CARTESIAN_POINT('',(3.582476881443,6.47753471724,5.548309737895)
  );
#304 = CARTESIAN_POINT('',(1.328575405927,-0.103500434635,
    11.557493053834));
#305 = CARTESIAN_POINT('',(2.083972361068,2.354243791271,10.983934001618
    ));
#306 = CARTESIAN_POINT('',(2.839196968132,4.812655809205,10.41274458977)
  );
#307 = CARTESIAN_POINT('',(3.593880506774,7.272163866055,9.845119722847)
  );
#308 = CARTESIAN_POINT('',(1.336760269275,-4.696056119848E-02,
    16.732437250983));
#309 = CARTESIAN_POINT('',(2.092269412995,2.654173333375,15.867052427732
    ));
#310 = CARTESIAN_POINT('',(2.847638095351,5.356010744508,15.003698392681
    ));
#311 = CARTESIAN_POINT('',(3.602576642497,8.058937661453,14.143307533655
    ));
#312 = ADVANCED_FACE('',(#313),#324,.T.);
#313 = FACE_BOUND('',#314,.T.);
#314 = EDGE_LOOP('',(#315,#316,#322,#323));
#315 = ORIENTED_EDGE('',*,*,#190,.F.);
#316 = ORIENTED_EDGE('',*,*,#317,.F.);
#317 = EDGE_CURVE('',#267,#191,#318,.T.);
#318 = LINE('',#319,#320);
#319 = CARTESIAN_POINT('',(9.,0.,16.625093114457));
#320 = VECTOR('',#321,1.);
#321 = DIRECTION('',(1.,0.,3.1E-16));
#322 = ORIENTED_EDGE('',*,*,#266,.T.);
#323 = ORIENTED_EDGE('',*,*,#132,.T.);
#324 = PLANE('',#325);
#325 = AXIS2_PLACEMENT_3D('',#326,#327,#328);
#326 = CARTESIAN_POINT('',(9.,8.580530172183,13.67057963951));
#327 = DIRECTION('',(2.9E-16,-0.325568154457,-0.945518575599));
#328 = DIRECTION('',(0.,0.945518575599,-0.325568154457));
#329 = ADVANCED_FACE('',(#330,#364),#370,.F.);
#330 = FACE_BOUND('',#331,.T.);
#331 = EDGE_LOOP('',(#332,#342,#350,#358));
#332 = ORIENTED_EDGE('',*,*,#333,.T.);
#333 = EDGE_CURVE('',#334,#336,#338,.T.);
#334 = VERTEX_POINT('',#335);
#335 = CARTESIAN_POINT('',(0.,0.,0.));
#336 = VERTEX_POINT('',#337);
#337 = CARTESIAN_POINT('',(18.,0.,0.));
#338 = LINE('',#339,#340);
#339 = CARTESIAN_POINT('',(0.,0.,0.));
#340 = VECTOR('',#341,1.);
#341 = DIRECTION('',(1.,0.,0.));
#342 = ORIENTED_EDGE('',*,*,#343,.F.);
#343 = EDGE_CURVE('',#344,#336,#346,.T.);
#344 = VERTEX_POINT('',#345);
#345 = CARTESIAN_POINT('',(18.,0.,18.));
#346 = LINE('',#347,#348);
#347 = CARTESIAN_POINT('',(18.,0.,18.));
#348 = VECTOR('',#349,1.);
#349 = DIRECTION('',(0.,0.,-1.));
#350 = ORIENTED_EDGE('',*,*,#351,.F.);
#351 = EDGE_CURVE('',#352,#344,#354,.T.);
#352 = VERTEX_POINT('',#353);
#353 = CARTESIAN_POINT('',(0.,0.,18.));
#354 = LINE('',#355,#356);
#355 = CARTESIAN_POINT('',(0.,0.,18.));
#356 = VECTOR('',#357,1.);
#357 = DIRECTION('',(1.,0.,0.));
#358 = ORIENTED_EDGE('',*,*,#359,.T.);
#359 = EDGE_CURVE('',#352,#334,#360,.T.);
#360 = LINE('',#361,#362);
#361 = CARTESIAN_POINT('',(0.,0.,18.));
#362 = VECTOR('',#363,1.);
#363 = DIRECTION('',(0.,0.,-1.));
#364 = FACE_BOUND('',#365,.T.);
#365 = EDGE_LOOP('',(#366,#367,#368,#369));
#366 = ORIENTED_EDGE('',*,*,#250,.F.);
#367 = ORIENTED_EDGE('',*,*,#283,.F.);
#368 = ORIENTED_EDGE('',*,*,#317,.T.);
#369 = ORIENTED_EDGE('',*,*,#205,.T.);
#370 = PLANE('',#371);
#371 = AXIS2_PLACEMENT_3D('',#372,#373,#374);
#372 = CARTESIAN_POINT('',(0.,0.,0.));
#373 = DIRECTION('',(0.,1.,0.));
#374 = DIRECTION('',(0.,0.,1.));
#375 = ADVANCED_FACE('',(#376),#410,.T.);
#376 = FACE_BOUND('',#377,.T.);
#377 = EDGE_LOOP('',(#378,#387,#402,#409));
#378 = ORIENTED_EDGE('',*,*,#379,.T.);
#379 = EDGE_CURVE('',#334,#380,#382,.T.);
#380 = VERTEX_POINT('',#381);
#381 = CARTESIAN_POINT('',(3.514561242989,6.454354475665,0.191560768821)
  );
#382 = B_SPLINE_CURVE_WITH_KNOTS('',3,(#383,#384,#385,#386),
  .UNSPECIFIED.,.F.,.F.,(4,4),(0.,0.987862766321),
  .PIECEWISE_BEZIER_KNOTS.);
#383 = CARTESIAN_POINT('',(0.,0.,0.));
#384 = CARTESIAN_POINT('',(1.285027911966,2.308729489573,
    6.852149160531E-02));
#385 = CARTESIAN_POINT('',(2.456548279302,4.460181006372,0.132375081952)
  );
#386 = CARTESIAN_POINT('',(3.514561242989,6.454354475665,0.191560768821)
  );
#387 = ORIENTED_EDGE('',*,*,#388,.T.);
#388 = EDGE_CURVE('',#380,#389,#391,.T.);
#389 = VERTEX_POINT('',#390);
#390 = CARTESIAN_POINT('',(14.48543875702,6.454354475665,0.191560768821)
  );
#391 = B_SPLINE_CURVE_WITH_KNOTS('',3,(#392,#393,#394,#395,#396,#397,
    #398,#399,#400,#401),.UNSPECIFIED.,.F.,.F.,(4,2,2,2,4),(0.,
    2.755448588217E-03,5.510897176434E-03,8.266345764651E-03,
    1.102179435287E-02),.UNSPECIFIED.);
#392 = CARTESIAN_POINT('',(3.514561242989,6.454354475665,0.191560768821)
  );
#393 = CARTESIAN_POINT('',(4.418712579588,6.277072004639,0.186299147914)
  );
#394 = CARTESIAN_POINT('',(5.327977851624,6.144299409664,0.182358549289)
  );
#395 = CARTESIAN_POINT('',(7.156551466843,5.966168097294,0.17707173536)
  );
#396 = CARTESIAN_POINT('',(8.077921979255,5.920886536615,0.175727810013)
  );
#397 = CARTESIAN_POINT('',(9.918108745039,5.920756691528,0.175723956301)
  );
#398 = CARTESIAN_POINT('',(10.838511205526,5.965783143477,0.177060310197
    ));
#399 = CARTESIAN_POINT('',(12.671050879658,6.144109084029,0.182352900556
    ));
#400 = CARTESIAN_POINT('',(13.581293827081,6.277073260833,0.186299185197
    ));
#401 = CARTESIAN_POINT('',(14.48543875702,6.454354475665,0.191560768821)
  );
#402 = ORIENTED_EDGE('',*,*,#403,.T.);
#403 = EDGE_CURVE('',#389,#336,#404,.T.);
#404 = B_SPLINE_CURVE_WITH_KNOTS('',3,(#405,#406,#407,#408),
  .UNSPECIFIED.,.F.,.F.,(4,4),(1.21374247227E-02,1.),
  .PIECEWISE_BEZIER_KNOTS.);
#405 = CARTESIAN_POINT('',(14.48543875702,6.454354475665,0.191560768821)
  );
#406 = CARTESIAN_POINT('',(15.543451727667,4.460180993859,0.13237508158)
  );
#407 = CARTESIAN_POINT('',(16.714972094998,2.308729477059,
    6.85214912339E-02));
#408 = CARTESIAN_POINT('',(18.,0.,0.));
#409 = ORIENTED_EDGE('',*,*,#333,.F.);
#410 = PLANE('',#411);
#411 = AXIS2_PLACEMENT_3D('',#412,#413,#414);
#412 = CARTESIAN_POINT('',(9.,6.,0.178075842791));
#413 = DIRECTION('',(1.E-17,2.966624408511E-02,-0.999559860119));
#414 = DIRECTION('',(0.,0.999559860119,2.966624408511E-02));
#415 = ADVANCED_FACE('',(#416),#450,.T.);
#416 = FACE_BOUND('',#417,.T.);
#417 = EDGE_LOOP('',(#418,#427,#442,#449));
#418 = ORIENTED_EDGE('',*,*,#419,.T.);
#419 = EDGE_CURVE('',#336,#420,#422,.T.);
#420 = VERTEX_POINT('',#421);
#421 = CARTESIAN_POINT('',(15.381211249591,6.823568218758,1.109583654018
    ));
#422 = B_SPLINE_CURVE_WITH_KNOTS('',3,(#423,#424,#425,#426),
  .UNSPECIFIED.,.F.,.F.,(4,4),(0.,0.98723161044),
  .PIECEWISE_BEZIER_KNOTS.);
#423 = CARTESIAN_POINT('',(18.,0.,0.));
#424 = CARTESIAN_POINT('',(17.059441441391,2.385002056668,0.413266646036
    ));
#425 = CARTESIAN_POINT('',(16.186512166802,4.658632889647,0.784195991036
    ));
#426 = CARTESIAN_POINT('',(15.381211249591,6.823568218758,1.109583654018
    ));
#427 = ORIENTED_EDGE('',*,*,#428,.T.);
#428 = EDGE_CURVE('',#420,#429,#431,.T.);
#429 = VERTEX_POINT('',#430);
#430 = CARTESIAN_POINT('',(15.374713926731,9.385088387274,
    13.756448376781));
#431 = B_SPLINE_CURVE_WITH_KNOTS('',3,(#432,#433,#434,#435,#436,#437,
    #438,#439,#440,#441),.UNSPECIFIED.,.F.,.F.,(4,3,3,4),(0.,
    5.280233972899E-03,7.617551316541E-03,1.29036673644E-02),
  .UNSPECIFIED.);
#432 = CARTESIAN_POINT('',(15.381211249591,6.823568218758,1.109583654018
    ));
#433 = CARTESIAN_POINT('',(15.3801695678,7.172327870567,2.83476198414));
#434 = CARTESIAN_POINT('',(15.379186996246,7.521430598993,4.559870976705
    ));
#435 = CARTESIAN_POINT('',(15.378272315359,7.870764815124,6.284933092422
    ));
#436 = CARTESIAN_POINT('',(15.377867428088,8.025399048247,7.04853896049)
  );
#437 = CARTESIAN_POINT('',(15.377475520335,8.180079334328,7.81213551061)
  );
#438 = CARTESIAN_POINT('',(15.377096237594,8.334798747733,8.575724137422
    ));
#439 = CARTESIAN_POINT('',(15.376238445397,8.68471476267,10.302668956197
    ));
#440 = CARTESIAN_POINT('',(15.37544538649,9.03482926956,12.029573594904)
  );
#441 = CARTESIAN_POINT('',(15.374713926731,9.385088387274,
    13.756448376781));
#442 = ORIENTED_EDGE('',*,*,#443,.T.);
#443 = EDGE_CURVE('',#429,#344,#444,.T.);
#444 = B_SPLINE_CURVE_WITH_KNOTS('',3,(#445,#446,#447,#448),
  .UNSPECIFIED.,.F.,.F.,(4,4),(1.022663056862E-02,1.),
  .PIECEWISE_BEZIER_KNOTS.);
#445 = CARTESIAN_POINT('',(15.374713926731,9.385088387274,
    13.756448376781));
#446 = CARTESIAN_POINT('',(16.172622870705,6.602257669887,
    15.035247800375));
#447 = CARTESIAN_POINT('',(17.047720153399,3.473353337681,
    16.450414059923));
#448 = CARTESIAN_POINT('',(18.,0.,18.));
#449 = ORIENTED_EDGE('',*,*,#343,.T.);
#450 = B_SPLINE_SURFACE_WITH_KNOTS('',3,1,(
    (#451,#452)
    ,(#453,#454)
    ,(#455,#456)
    ,(#457,#458)
    ,(#459,#460)
    ,(#461,#462
    )),.UNSPECIFIED.,.F.,.F.,.F.,(4,2,4),(2,2),(0.,0.5,1.),(0.,1.),
  .UNSPECIFIED.);
#451 = CARTESIAN_POINT('',(18.,0.,18.));
#452 = CARTESIAN_POINT('',(15.35,9.665631775897,14.671856079669));
#453 = CARTESIAN_POINT('',(18.,0.,15.));
#454 = CARTESIAN_POINT('',(15.35,9.174640329795,12.259785989479));
#455 = CARTESIAN_POINT('',(18.,0.,12.));
#456 = CARTESIAN_POINT('',(15.35,8.683648883693,9.84771589929));
#457 = CARTESIAN_POINT('',(18.,0.,6.));
#458 = CARTESIAN_POINT('',(15.35,7.701665991489,5.023575718911));
#459 = CARTESIAN_POINT('',(18.,0.,3.));
#460 = CARTESIAN_POINT('',(15.35,7.210674545388,2.611505628722));
#461 = CARTESIAN_POINT('',(18.,0.,0.));
#462 = CARTESIAN_POINT('',(15.35,6.719683099286,0.199435538532));
#463 = ADVANCED_FACE('',(#464),#498,.F.);
#464 = FACE_BOUND('',#465,.T.);
#465 = EDGE_LOOP('',(#466,#475,#490,#497));
#466 = ORIENTED_EDGE('',*,*,#467,.T.);
#467 = EDGE_CURVE('',#344,#468,#470,.T.);
#468 = VERTEX_POINT('',#469);
#469 = CARTESIAN_POINT('',(14.438111653367,9.403128244433,
    14.762243294138));
#470 = B_SPLINE_CURVE_WITH_KNOTS('',3,(#471,#472,#473,#474),
  .UNSPECIFIED.,.F.,.F.,(4,4),(0.,0.990706185784),
  .PIECEWISE_BEZIER_KNOTS.);
#471 = CARTESIAN_POINT('',(18.,0.,18.));
#472 = CARTESIAN_POINT('',(16.710712657937,3.453368819203,
    16.810909756675));
#473 = CARTESIAN_POINT('',(15.52341650719,6.587744888548,15.731657525565
    ));
#474 = CARTESIAN_POINT('',(14.438111653367,9.403128244433,
    14.762243294138));
#475 = ORIENTED_EDGE('',*,*,#476,.T.);
#476 = EDGE_CURVE('',#468,#477,#479,.T.);
#477 = VERTEX_POINT('',#478);
#478 = CARTESIAN_POINT('',(3.561888333986,9.403128211642,14.762243305428
    ));
#479 = B_SPLINE_CURVE_WITH_KNOTS('',3,(#480,#481,#482,#483,#484,#485,
    #486,#487,#488,#489),.UNSPECIFIED.,.F.,.F.,(4,2,2,2,4),(0.,
    2.734530250135E-03,5.469060500271E-03,8.203590750406E-03,
    1.093812100054E-02),.UNSPECIFIED.);
#480 = CARTESIAN_POINT('',(14.438111653367,9.403128244433,
    14.762243294138));
#481 = CARTESIAN_POINT('',(13.541074656209,9.242841411165,
    14.817434476879));
#482 = CARTESIAN_POINT('',(12.638442234169,9.122617452497,
    14.858830905627));
#483 = CARTESIAN_POINT('',(10.822106523967,8.961434641285,
    14.914330598315));
#484 = CARTESIAN_POINT('',(9.910021030225,8.920752668005,14.928338525078
    ));
#485 = CARTESIAN_POINT('',(8.086663690203,8.920851513144,14.928304489968
    ));
#486 = CARTESIAN_POINT('',(7.173657416097,8.961735805324,14.91422689922)
  );
#487 = CARTESIAN_POINT('',(5.360723996558,9.122766397716,14.858779619675
    ));
#488 = CARTESIAN_POINT('',(4.458930785139,9.242840438879,14.817434811664
    ));
#489 = CARTESIAN_POINT('',(3.561888333986,9.403128211642,14.762243305428
    ));
#490 = ORIENTED_EDGE('',*,*,#491,.T.);
#491 = EDGE_CURVE('',#477,#352,#492,.T.);
#492 = B_SPLINE_CURVE_WITH_KNOTS('',3,(#493,#494,#495,#496),
  .UNSPECIFIED.,.F.,.F.,(4,4),(9.293595966627E-03,1.),
  .PIECEWISE_BEZIER_KNOTS.);
#493 = CARTESIAN_POINT('',(3.561888333986,9.403128211642,14.762243305428
    ));
#494 = CARTESIAN_POINT('',(2.476583494106,6.587744892585,15.731657524175
    ));
#495 = CARTESIAN_POINT('',(1.289287347576,3.453368834169,16.810909751522
    ));
#496 = CARTESIAN_POINT('',(0.,0.,18.));
#497 = ORIENTED_EDGE('',*,*,#351,.T.);
#498 = PLANE('',#499);
#499 = AXIS2_PLACEMENT_3D('',#500,#501,#502);
#500 = CARTESIAN_POINT('',(9.,9.003768772977,14.899753787789));
#501 = DIRECTION('',(2.9E-16,-0.325568154457,-0.945518575599));
#502 = DIRECTION('',(0.,0.945518575599,-0.325568154457));
#503 = ADVANCED_FACE('',(#504),#538,.T.);
#504 = FACE_BOUND('',#505,.T.);
#505 = EDGE_LOOP('',(#506,#515,#530,#537));
#506 = ORIENTED_EDGE('',*,*,#507,.T.);
#507 = EDGE_CURVE('',#352,#508,#510,.T.);
#508 = VERTEX_POINT('',#509);
#509 = CARTESIAN_POINT('',(2.625285247603,9.385085507868,13.756449699976
    ));
#510 = B_SPLINE_CURVE_WITH_KNOTS('',3,(#511,#512,#513,#514),
  .UNSPECIFIED.,.F.,.F.,(4,4),(0.,0.989773028056),
  .PIECEWISE_BEZIER_KNOTS.);
#511 = CARTESIAN_POINT('',(0.,0.,18.));
#512 = CARTESIAN_POINT('',(0.95227951803,3.473352139249,16.450414594596)
  );
#513 = CARTESIAN_POINT('',(1.82737652552,6.602255511477,15.035248776312)
  );
#514 = CARTESIAN_POINT('',(2.625285247603,9.385085507868,13.756449699976
    ));
#515 = ORIENTED_EDGE('',*,*,#516,.T.);
#516 = EDGE_CURVE('',#508,#517,#519,.T.);
#517 = VERTEX_POINT('',#518);
#518 = CARTESIAN_POINT('',(2.618788612234,6.823567847291,1.109583598186)
  );
#519 = B_SPLINE_CURVE_WITH_KNOTS('',3,(#520,#521,#522,#523,#524,#525,
    #526,#527,#528,#529),.UNSPECIFIED.,.F.,.F.,(4,3,3,4),(0.,
    5.280233911907E-03,9.091950577761E-03,1.290366743312E-02),
  .UNSPECIFIED.);
#520 = CARTESIAN_POINT('',(2.625285247603,9.385085507868,13.756449699976
    ));
#521 = CARTESIAN_POINT('',(2.624555432955,9.035219018422,12.031495191286
    ));
#522 = CARTESIAN_POINT('',(2.623763320166,8.685493953644,10.306512211177
    ));
#523 = CARTESIAN_POINT('',(2.622906625714,8.335966864656,8.58148915543)
  );
#524 = CARTESIAN_POINT('',(2.622288191648,8.083648832089,7.336222515811)
  );
#525 = CARTESIAN_POINT('',(2.621636024969,7.831434268691,6.09093491983)
  );
#526 = CARTESIAN_POINT('',(2.620949171793,7.5793552325,4.845619914093));
#527 = CARTESIAN_POINT('',(2.620262318584,7.327276184338,3.600304849219)
  );
#528 = CARTESIAN_POINT('',(2.619540466198,7.075332357095,2.354962418328)
  );
#529 = CARTESIAN_POINT('',(2.618788612234,6.823567847291,1.109583598186)
  );
#530 = ORIENTED_EDGE('',*,*,#531,.T.);
#531 = EDGE_CURVE('',#517,#334,#532,.T.);
#532 = B_SPLINE_CURVE_WITH_KNOTS('',3,(#533,#534,#535,#536),
  .UNSPECIFIED.,.F.,.F.,(4,4),(1.276844602476E-02,1.),
  .PIECEWISE_BEZIER_KNOTS.);
#533 = CARTESIAN_POINT('',(2.618788612234,6.823567847291,1.109583598186)
  );
#534 = CARTESIAN_POINT('',(1.813487733356,4.65863262955,0.784195948667)
  );
#535 = CARTESIAN_POINT('',(0.940558504826,2.385001920289,0.413266622403)
  );
#536 = CARTESIAN_POINT('',(0.,0.,0.));
#537 = ORIENTED_EDGE('',*,*,#359,.F.);
#538 = B_SPLINE_SURFACE_WITH_KNOTS('',3,1,(
    (#539,#540)
    ,(#541,#542)
    ,(#543,#544)
    ,(#545,#546)
    ,(#547,#548)
    ,(#549,#550
    )),.UNSPECIFIED.,.F.,.F.,.F.,(4,2,4),(2,2),(0.,0.5,1.),(0.,1.),
  .UNSPECIFIED.);
#539 = CARTESIAN_POINT('',(0.,0.,0.));
#540 = CARTESIAN_POINT('',(2.65,6.719683099286,0.199435538532));
#541 = CARTESIAN_POINT('',(0.,0.,3.));
#542 = CARTESIAN_POINT('',(2.65,7.210674545388,2.611505628722));
#543 = CARTESIAN_POINT('',(0.,0.,6.));
#544 = CARTESIAN_POINT('',(2.65,7.701665991489,5.023575718911));
#545 = CARTESIAN_POINT('',(0.,0.,12.));
#546 = CARTESIAN_POINT('',(2.65,8.683648883693,9.84771589929));
#547 = CARTESIAN_POINT('',(0.,0.,15.));
#548 = CARTESIAN_POINT('',(2.65,9.174640329795,12.259785989479));
#549 = CARTESIAN_POINT('',(0.,0.,18.));
#550 = CARTESIAN_POINT('',(2.65,9.665631775897,14.671856079669));
#551 = ADVANCED_FACE('',(#552),#567,.T.);
#552 = FACE_BOUND('',#553,.T.);
#553 = EDGE_LOOP('',(#554,#555,#566));
#554 = ORIENTED_EDGE('',*,*,#531,.F.);
#555 = ORIENTED_EDGE('',*,*,#556,.T.);
#556 = EDGE_CURVE('',#517,#380,#557,.T.);
#557 = B_SPLINE_CURVE_WITH_KNOTS('',3,(#558,#559,#560,#561,#562,#563,
    #564,#565),.UNSPECIFIED.,.F.,.F.,(4,2,2,4),(-5.999999993E-08,
    7.403139915628E-04,1.110500987344E-03,1.480687983125E-03),
  .UNSPECIFIED.);
#558 = CARTESIAN_POINT('',(2.618788612234,6.823567847291,1.109583598186)
  );
#559 = CARTESIAN_POINT('',(2.621470876389,6.78177112512,0.866372132972)
  );
#560 = CARTESIAN_POINT('',(2.712328050561,6.718305371386,0.627810382384)
  );
#561 = CARTESIAN_POINT('',(2.957922581671,6.615246679555,0.373771749625)
  );
#562 = CARTESIAN_POINT('',(3.057008553489,6.579891951851,0.306321714584)
  );
#563 = CARTESIAN_POINT('',(3.275925585047,6.512846156912,0.215439632957)
  );
#564 = CARTESIAN_POINT('',(3.394211755075,6.481590358413,0.192369110951)
  );
#565 = CARTESIAN_POINT('',(3.514561242989,6.454354475665,0.191560768821)
  );
#566 = ORIENTED_EDGE('',*,*,#379,.F.);
#567 = ( BOUNDED_SURFACE() B_SPLINE_SURFACE(2,3,(
    (#568,#569,#570,#571)
    ,(#572,#573,#574,#575)
    ,(#576,#577,#578,#579
)),.UNSPECIFIED.,.F.,.F.,.F.) B_SPLINE_SURFACE_WITH_KNOTS((3,3),(4,4),(
    0.,1.),(0.,7.809657899165E-03),.PIECEWISE_BEZIER_KNOTS.) 
GEOMETRIC_REPRESENTATION_ITEM() RATIONAL_B_SPLINE_SURFACE((
    (1.,1.,1.,1.)
    ,(0.710944282311,0.718493622043,0.727223278395,0.737386476189)
,(1.,1.,1.,1.))) REPRESENTATION_ITEM('') SURFACE() );
#568 = CARTESIAN_POINT('',(0.,-1.E-17,1.9E-16));
#569 = CARTESIAN_POINT('',(1.276747654008,2.293852866621,
    6.807996374363E-02));
#570 = CARTESIAN_POINT('',(2.533225917336,4.595739170035,0.136398354326)
  );
#571 = CARTESIAN_POINT('',(3.75621345271,6.910808092621,0.20510799591));
#572 = CARTESIAN_POINT('',(0.,0.,9.E-17));
#573 = CARTESIAN_POINT('',(0.944627324687,2.395319346681,
    7.109141856862E-02));
#574 = CARTESIAN_POINT('',(1.895336639035,4.805042486198,0.142610331745)
  );
#575 = CARTESIAN_POINT('',(2.857092126739,7.252284361023,0.215242774958)
  );
#576 = CARTESIAN_POINT('',(0.,0.,0.));
#577 = CARTESIAN_POINT('',(0.951135282244,2.411821766502,0.417913892144)
  );
#578 = CARTESIAN_POINT('',(1.880879815278,4.829886046357,0.813861836382)
  );
#579 = CARTESIAN_POINT('',(2.778439123582,7.253731228952,1.173856109996)
  );
#580 = ADVANCED_FACE('',(#581),#615,.T.);
#581 = FACE_BOUND('',#582,.T.);
#582 = EDGE_LOOP('',(#583,#592,#607,#614));
#583 = ORIENTED_EDGE('',*,*,#584,.T.);
#584 = EDGE_CURVE('',#380,#585,#587,.T.);
#585 = VERTEX_POINT('',#586);
#586 = CARTESIAN_POINT('',(3.533319391563,6.547636443814,0.271911926297)
  );
#587 = B_SPLINE_CURVE_WITH_KNOTS('',3,(#588,#589,#590,#591),
  .UNSPECIFIED.,.F.,.F.,(4,4),(0.,1.),.PIECEWISE_BEZIER_KNOTS.);
#588 = CARTESIAN_POINT('',(3.514561242989,6.454354475665,0.191560768821)
  );
#589 = CARTESIAN_POINT('',(3.523187078705,6.498308824542,0.192865303441)
  );
#590 = CARTESIAN_POINT('',(3.531382401394,6.53906355483,0.227970588887)
  );
#591 = CARTESIAN_POINT('',(3.533319391563,6.547636443815,0.271911926297)
  );
#592 = ORIENTED_EDGE('',*,*,#593,.F.);
#593 = EDGE_CURVE('',#594,#585,#596,.T.);
#594 = VERTEX_POINT('',#595);
#595 = CARTESIAN_POINT('',(14.46668060844,6.547636443815,0.271911926297)
  );
#596 = B_SPLINE_CURVE_WITH_KNOTS('',3,(#597,#598,#599,#600,#601,#602,
    #603,#604,#605,#606),.UNSPECIFIED.,.F.,.F.,(4,2,2,2,4),(0.,
    2.748537296583E-03,5.497074593165E-03,8.245611889748E-03,
    1.099414918633E-02),.UNSPECIFIED.);
#597 = CARTESIAN_POINT('',(14.46668060844,6.547636443815,0.271911926297)
  );
#598 = CARTESIAN_POINT('',(13.566177950643,6.371039216442,0.266523571281
    ));
#599 = CARTESIAN_POINT('',(12.659603220766,6.238561955802,0.262483488334
    ));
#600 = CARTESIAN_POINT('',(10.83445158573,6.06081599938,0.257062310164)
  );
#601 = CARTESIAN_POINT('',(9.917750094051,6.015880674234,0.255691410653)
  );
#602 = CARTESIAN_POINT('',(8.084969268851,6.015791751578,0.255688697172)
  );
#603 = CARTESIAN_POINT('',(7.167186166085,6.060688550257,0.257058422958)
  );
#604 = CARTESIAN_POINT('',(5.340732674679,6.238497232043,0.262481514346)
  );
#605 = CARTESIAN_POINT('',(4.433832191146,6.37103722754,0.266523510595)
  );
#606 = CARTESIAN_POINT('',(3.533319391563,6.547636443815,0.271911926297)
  );
#607 = ORIENTED_EDGE('',*,*,#608,.F.);
#608 = EDGE_CURVE('',#389,#594,#609,.T.);
#609 = B_SPLINE_CURVE_WITH_KNOTS('',3,(#610,#611,#612,#613),
  .UNSPECIFIED.,.F.,.F.,(4,4),(0.,1.),.PIECEWISE_BEZIER_KNOTS.);
#610 = CARTESIAN_POINT('',(14.48543875702,6.454354475665,0.191560768821)
  );
#611 = CARTESIAN_POINT('',(14.476812594602,6.498308760466,0.19286530154)
  );
#612 = CARTESIAN_POINT('',(14.468617272407,6.539063490839,0.227970586958
    ));
#613 = CARTESIAN_POINT('',(14.46668060844,6.547636443815,0.271911926297)
  );
#614 = ORIENTED_EDGE('',*,*,#388,.F.);
#615 = ( BOUNDED_SURFACE() B_SPLINE_SURFACE(3,2,(
    (#616,#617,#618)
    ,(#619,#620,#621)
    ,(#622,#623,#624)
    ,(#625,#626,#627)
    ,(#628,#629,#630)
    ,(#631,#632,#633)
    ,(#634,#635,#636)
    ,(#637,#638,#639
)),.UNSPECIFIED.,.F.,.F.,.F.) B_SPLINE_SURFACE_WITH_KNOTS((4,2,2,4),(3,3
    ),(0.,5.51927301435E-03,8.278909521525E-03,1.10385460287E-02),(0.,1.
),.UNSPECIFIED.) GEOMETRIC_REPRESENTATION_ITEM() 
RATIONAL_B_SPLINE_SURFACE((
    (1.,0.782468957389,1.)
    ,(1.,0.783400601125,1.)
    ,(1.,0.78386816184,1.)
    ,(1.,0.783867644623,1.)
    ,(1.,0.783748402078,1.)
    ,(1.,0.783283892048,1.)
    ,(1.,0.782938294184,1.)
,(1.,0.782468957389,1.))) REPRESENTATION_ITEM('') SURFACE() );
#616 = CARTESIAN_POINT('',(14.485438898005,6.454354550397,0.191560771039
    ));
#617 = CARTESIAN_POINT('',(14.470120214054,6.53241198756,0.19387746169)
  );
#618 = CARTESIAN_POINT('',(14.466680934541,6.547636507767,0.271911928248
    ));
#619 = CARTESIAN_POINT('',(12.679198982966,6.100193972184,0.181049530464
    ));
#620 = CARTESIAN_POINT('',(12.671135077477,6.179423351442,0.183401003544
    ));
#621 = CARTESIAN_POINT('',(12.666656828868,6.194634455761,0.261141088897
    ));
#622 = CARTESIAN_POINT('',(10.838202127928,5.920691769081,0.175722029447
    ));
#623 = CARTESIAN_POINT('',(10.833022150236,5.99987050044,0.178071999334)
  );
#624 = CARTESIAN_POINT('',(10.831837458204,6.015706832006,0.255686105868
    ));
#625 = CARTESIAN_POINT('',(8.077921979257,5.920886536567,0.175727810011)
  );
#626 = CARTESIAN_POINT('',(8.080519750438,6.000064854628,0.178077767631)
  );
#627 = CARTESIAN_POINT('',(8.081114621775,6.015900958562,0.25569202962)
  );
#628 = CARTESIAN_POINT('',(7.156551466845,5.966168097312,0.17707173536)
  );
#629 = CARTESIAN_POINT('',(7.161435115543,6.045277394336,0.179419644483)
  );
#630 = CARTESIAN_POINT('',(7.162884919626,6.061034513446,0.257068974832)
  );
#631 = CARTESIAN_POINT('',(5.327977851622,6.144299409645,0.182358549289)
  );
#632 = CARTESIAN_POINT('',(5.337938743568,6.22303639999,0.184695408608)
  );
#633 = CARTESIAN_POINT('',(5.340534116713,6.238589513186,0.262484328743)
  );
#634 = CARTESIAN_POINT('',(4.41870641481,6.277073213588,0.186299183795)
  );
#635 = CARTESIAN_POINT('',(4.430924448862,6.355613124615,0.188630193936)
  );
#636 = CARTESIAN_POINT('',(4.434351870733,6.370935302388,0.266520400682)
  );
#637 = CARTESIAN_POINT('',(3.514561102008,6.454354550394,0.191560771039)
  );
#638 = CARTESIAN_POINT('',(3.529879785959,6.532411987558,0.19387746169)
  );
#639 = CARTESIAN_POINT('',(3.533319065472,6.547636507764,0.271911928248)
  );
#640 = ADVANCED_FACE('',(#641),#658,.T.);
#641 = FACE_BOUND('',#642,.T.);
#642 = EDGE_LOOP('',(#643,#644,#657));
#643 = ORIENTED_EDGE('',*,*,#403,.F.);
#644 = ORIENTED_EDGE('',*,*,#645,.T.);
#645 = EDGE_CURVE('',#389,#420,#646,.T.);
#646 = B_SPLINE_CURVE_WITH_KNOTS('',3,(#647,#648,#649,#650,#651,#652,
    #653,#654,#655,#656),.UNSPECIFIED.,.F.,.F.,(4,2,2,2,4),(
    -5.999999992E-08,3.71098231849E-04,7.42256463698E-04,
    1.113414695547E-03,1.484572927396E-03),.UNSPECIFIED.);
#647 = CARTESIAN_POINT('',(14.48543875702,6.454354475665,0.191560768821)
  );
#648 = CARTESIAN_POINT('',(14.606103998711,6.481661815437,0.192371231746
    ));
#649 = CARTESIAN_POINT('',(14.725371234338,6.513217817796,0.215843913755
    ));
#650 = CARTESIAN_POINT('',(14.943405051893,6.580044328546,0.306628562032
    ));
#651 = CARTESIAN_POINT('',(15.04267353424,6.615456452091,0.374160903137)
  );
#652 = CARTESIAN_POINT('',(15.206829328362,6.684422203798,0.544417917323
    ));
#653 = CARTESIAN_POINT('',(15.270706010629,6.717416660692,0.645441310598
    ));
#654 = CARTESIAN_POINT('',(15.357784233069,6.776954065826,0.868822045397
    ));
#655 = CARTESIAN_POINT('',(15.379866274939,6.802614481884,0.987658834576
    ));
#656 = CARTESIAN_POINT('',(15.381211249591,6.823568218758,1.109583654018
    ));
#657 = ORIENTED_EDGE('',*,*,#419,.F.);
#658 = ( BOUNDED_SURFACE() B_SPLINE_SURFACE(2,3,(
    (#659,#660,#661,#662)
    ,(#663,#664,#665,#666)
    ,(#667,#668,#669,#670
)),.UNSPECIFIED.,.F.,.F.,.F.) B_SPLINE_SURFACE_WITH_KNOTS((3,3),(4,4),(
    0.,1.),(-3.613046342384E-03,4.196611556781E-03),
.PIECEWISE_BEZIER_KNOTS.) GEOMETRIC_REPRESENTATION_ITEM() 
RATIONAL_B_SPLINE_SURFACE((
    (1.,1.,1.,1.)
    ,(0.710944282311,0.718493622043,0.727223278395,0.737386476189)
,(1.,1.,1.,1.))) REPRESENTATION_ITEM('') SURFACE() );
#659 = CARTESIAN_POINT('',(18.,0.,0.));
#660 = CARTESIAN_POINT('',(17.048864717756,2.411821766502,0.417913892146
    ));
#661 = CARTESIAN_POINT('',(16.119120184722,4.829886046356,0.813861836386
    ));
#662 = CARTESIAN_POINT('',(15.221560876418,7.253731228952,1.173856109996
    ));
#663 = CARTESIAN_POINT('',(18.,0.,4.E-17));
#664 = CARTESIAN_POINT('',(17.055372675309,2.395319346679,
    7.109141857006E-02));
#665 = CARTESIAN_POINT('',(16.104663360983,4.805042486205,0.142610331746
    ));
#666 = CARTESIAN_POINT('',(15.142907873261,7.252284361023,0.215242774958
    ));
#667 = CARTESIAN_POINT('',(18.,0.,8.E-17));
#668 = CARTESIAN_POINT('',(16.723252345991,2.293852866622,
    6.807996374364E-02));
#669 = CARTESIAN_POINT('',(15.466774082679,4.595739170042,0.136398354326
    ));
#670 = CARTESIAN_POINT('',(14.24378654729,6.910808092621,0.20510799591)
  );
#671 = ADVANCED_FACE('',(#672),#710,.T.);
#672 = FACE_BOUND('',#673,.T.);
#673 = EDGE_LOOP('',(#674,#685,#686,#697));
#674 = ORIENTED_EDGE('',*,*,#675,.T.);
#675 = EDGE_CURVE('',#676,#429,#678,.T.);
#676 = VERTEX_POINT('',#677);
#677 = CARTESIAN_POINT('',(15.256818490854,9.455473812624,
    13.742060347885));
#678 = B_SPLINE_CURVE_WITH_KNOTS('',3,(#679,#680,#681,#682,#683,#684),
  .UNSPECIFIED.,.F.,.F.,(4,2,4),(0.,0.5,1.),.UNSPECIFIED.);
#679 = CARTESIAN_POINT('',(15.256818490854,9.455473812624,
    13.742060347885));
#680 = CARTESIAN_POINT('',(15.281627214999,9.460776008916,
    13.740996250158));
#681 = CARTESIAN_POINT('',(15.308460882957,9.456364574509,
    13.741909490341));
#682 = CARTESIAN_POINT('',(15.351836221422,9.430467823403,
    13.747203442244));
#683 = CARTESIAN_POINT('',(15.368140918735,9.409123988844,13.75155523143
    ));
#684 = CARTESIAN_POINT('',(15.374713926731,9.385088387274,
    13.756448376781));
#685 = ORIENTED_EDGE('',*,*,#428,.F.);
#686 = ORIENTED_EDGE('',*,*,#687,.F.);
#687 = EDGE_CURVE('',#688,#420,#690,.T.);
#688 = VERTEX_POINT('',#689);
#689 = CARTESIAN_POINT('',(15.26656261665,6.883544542,1.0972679503));
#690 = B_SPLINE_CURVE_WITH_KNOTS('',3,(#691,#692,#693,#694,#695,#696),
  .UNSPECIFIED.,.F.,.F.,(4,2,4),(0.,0.5,1.),.UNSPECIFIED.);
#691 = CARTESIAN_POINT('',(15.26656261665,6.883544542,1.0972679503));
#692 = CARTESIAN_POINT('',(15.289588713034,6.888521915374,1.096280047183
    ));
#693 = CARTESIAN_POINT('',(15.314389093188,6.885181439882,1.096985306416
    ));
#694 = CARTESIAN_POINT('',(15.355989671022,6.863418974959,1.101454011289
    ));
#695 = CARTESIAN_POINT('',(15.372620322143,6.845085680235,1.105199244357
    ));
#696 = CARTESIAN_POINT('',(15.381211249591,6.823568218758,1.109583654018
    ));
#697 = ORIENTED_EDGE('',*,*,#698,.F.);
#698 = EDGE_CURVE('',#676,#688,#699,.T.);
#699 = B_SPLINE_CURVE_WITH_KNOTS('',3,(#700,#701,#702,#703,#704,#705,
    #706,#707,#708,#709),.UNSPECIFIED.,.F.,.F.,(4,3,3,4),(0.,
    6.451854083138E-03,9.094919010354E-03,1.29037084643E-02),
  .UNSPECIFIED.);
#700 = CARTESIAN_POINT('',(15.256818490854,9.455473812624,
    13.742060347885));
#701 = CARTESIAN_POINT('',(15.258015949957,9.026724285648,
    11.634613952203));
#702 = CARTESIAN_POINT('',(15.259374735638,8.598010457559,9.527160372974
    ));
#703 = CARTESIAN_POINT('',(15.260966062802,8.169348275242,7.41969647002)
  );
#704 = CARTESIAN_POINT('',(15.261617965491,7.993742632389,6.556353332386
    ));
#705 = CARTESIAN_POINT('',(15.262309340048,7.818145756335,5.693008440033
    ));
#706 = CARTESIAN_POINT('',(15.2630478247,7.642559355018,4.829661458575)
  );
#707 = CARTESIAN_POINT('',(15.264112018212,7.389530522813,3.585535052044
    ));
#708 = CARTESIAN_POINT('',(15.265273530597,7.136523325785,2.341404321874
    ));
#709 = CARTESIAN_POINT('',(15.26656261665,6.883544542,1.0972679503));
#710 = ( BOUNDED_SURFACE() B_SPLINE_SURFACE(3,2,(
    (#711,#712,#713)
    ,(#714,#715,#716)
    ,(#717,#718,#719)
    ,(#720,#721,#722
)),.UNSPECIFIED.,.F.,.F.,.F.) B_SPLINE_SURFACE_WITH_KNOTS((4,4),(3,3),(
    0.,1.290370913129E-02),(0.,1.),.PIECEWISE_BEZIER_KNOTS.) 
GEOMETRIC_REPRESENTATION_ITEM() RATIONAL_B_SPLINE_SURFACE((
    (1.,0.723513019676,1.)
    ,(1.,0.732399674992,1.)
    ,(1.,0.743449820078,1.)
,(1.,0.760044167806,1.))) REPRESENTATION_ITEM('') SURFACE() );
#711 = CARTESIAN_POINT('',(15.374708977584,9.38508390801,13.756449822766
    ));
#712 = CARTESIAN_POINT('',(15.350034493615,9.475396221408,
    13.738062119755));
#713 = CARTESIAN_POINT('',(15.256812651735,9.455472564675,
    13.742060598367));
#714 = CARTESIAN_POINT('',(15.376506589535,8.530094353462,9.541056292681
    ));
#715 = CARTESIAN_POINT('',(15.350039500155,8.627867972103,9.57440759646)
  );
#716 = CARTESIAN_POINT('',(15.259219248373,8.597975966531,9.527167108895
    ));
#717 = CARTESIAN_POINT('',(15.378664286599,7.675854217633,5.32551350489)
  );
#718 = CARTESIAN_POINT('',(15.35004599939,7.778672276998,5.402550989929)
  );
#719 = CARTESIAN_POINT('',(15.262195352431,7.740605379361,5.312248133543
    ));
#720 = CARTESIAN_POINT('',(15.381212176235,6.823568568919,1.109583617487
    ));
#721 = CARTESIAN_POINT('',(15.350063397774,6.901594291697,1.093685584884
    ));
#722 = CARTESIAN_POINT('',(15.26656261698,6.883544477185,1.097267631544)
  );
#723 = ADVANCED_FACE('',(#724),#739,.T.);
#724 = FACE_BOUND('',#725,.T.);
#725 = EDGE_LOOP('',(#726,#727,#738));
#726 = ORIENTED_EDGE('',*,*,#443,.F.);
#727 = ORIENTED_EDGE('',*,*,#728,.T.);
#728 = EDGE_CURVE('',#429,#468,#729,.T.);
#729 = B_SPLINE_CURVE_WITH_KNOTS('',3,(#730,#731,#732,#733,#734,#735,
    #736,#737),.UNSPECIFIED.,.F.,.F.,(4,2,2,4),(-5.999999992E-08,
    7.632426039213E-04,1.144893905882E-03,1.526545207842E-03),
  .UNSPECIFIED.);
#730 = CARTESIAN_POINT('',(15.374713926731,9.385088387274,
    13.756448376781));
#731 = CARTESIAN_POINT('',(15.373160481602,9.440961373623,
    14.004667350586));
#732 = CARTESIAN_POINT('',(15.274345746208,9.474146747175,
    14.256264875855));
#733 = CARTESIAN_POINT('',(15.016955282686,9.478053570825,
    14.534739043919));
#734 = CARTESIAN_POINT('',(14.913377681545,9.472020402807,14.61171050171
    ));
#735 = CARTESIAN_POINT('',(14.685763784596,9.446606865862,
    14.721400387378));
#736 = CARTESIAN_POINT('',(14.56271185295,9.427400843315,14.753885568096
    ));
#737 = CARTESIAN_POINT('',(14.438111653367,9.403128244433,
    14.762243294138));
#738 = ORIENTED_EDGE('',*,*,#467,.F.);
#739 = ( BOUNDED_SURFACE() B_SPLINE_SURFACE(2,3,(
    (#740,#741,#742,#743)
    ,(#744,#745,#746,#747)
    ,(#748,#749,#750,#751
)),.UNSPECIFIED.,.F.,.F.,.F.) B_SPLINE_SURFACE_WITH_KNOTS((3,3),(4,4),(
    0.,1.),(0.,1.121159812184E-02),.PIECEWISE_BEZIER_KNOTS.) 
GEOMETRIC_REPRESENTATION_ITEM() RATIONAL_B_SPLINE_SURFACE((
    (1.,1.,1.,1.)
    ,(0.736913633281,0.731752167521,0.725732665936,0.717812230557)
,(1.,1.,1.,1.))) REPRESENTATION_ITEM('') SURFACE() );
#740 = CARTESIAN_POINT('',(18.,-5.22E-15,18.));
#741 = CARTESIAN_POINT('',(16.751409739627,3.344361285852,
    16.848444060464));
#742 = CARTESIAN_POINT('',(15.48901375273,6.685349534064,15.698049550929
    ));
#743 = CARTESIAN_POINT('',(14.200069026518,10.01978127287,
    14.549912628628));
#744 = CARTESIAN_POINT('',(18.,-2.61E-15,18.));
#745 = CARTESIAN_POINT('',(17.055569295295,3.444724312723,16.81388629906
    ));
#746 = CARTESIAN_POINT('',(16.113232836516,6.879289984335,
    15.631270498559));
#747 = CARTESIAN_POINT('',(15.184311638825,10.267222248567,
    14.464711868036));
#748 = CARTESIAN_POINT('',(18.,0.,18.));
#749 = CARTESIAN_POINT('',(17.088941959507,3.32300058335,16.51749174869)
  );
#750 = CARTESIAN_POINT('',(16.165283826362,6.639194310914,
    15.021511778779));
#751 = CARTESIAN_POINT('',(15.214339696563,9.943354140063,13.49960695665
    ));
#752 = ADVANCED_FACE('',(#753),#789,.T.);
#753 = FACE_BOUND('',#754,.T.);
#754 = EDGE_LOOP('',(#755,#766,#767,#778));
#755 = ORIENTED_EDGE('',*,*,#756,.T.);
#756 = EDGE_CURVE('',#757,#477,#759,.T.);
#757 = VERTEX_POINT('',#758);
#758 = CARTESIAN_POINT('',(3.580304930573,9.466883158792,14.648073166389
    ));
#759 = B_SPLINE_CURVE_WITH_KNOTS('',3,(#760,#761,#762,#763,#764,#765),
  .UNSPECIFIED.,.F.,.F.,(4,2,4),(0.,0.5,1.),.UNSPECIFIED.);
#760 = CARTESIAN_POINT('',(3.580304930573,9.466883158792,14.648073166389
    ));
#761 = CARTESIAN_POINT('',(3.579733242816,9.471784949988,14.671600796152
    ));
#762 = CARTESIAN_POINT('',(3.57750197602,9.467973012716,14.696795504122)
  );
#763 = CARTESIAN_POINT('',(3.570796841177,9.44476089074,14.738362961878)
  );
#764 = CARTESIAN_POINT('',(3.566352463439,9.425462796841,14.754552891013
    ));
#765 = CARTESIAN_POINT('',(3.561888333986,9.403128211642,14.762243305428
    ));
#766 = ORIENTED_EDGE('',*,*,#476,.F.);
#767 = ORIENTED_EDGE('',*,*,#768,.F.);
#768 = EDGE_CURVE('',#769,#468,#771,.T.);
#769 = VERTEX_POINT('',#770);
#770 = CARTESIAN_POINT('',(14.419695292513,9.466883198651,
    14.648073152648));
#771 = B_SPLINE_CURVE_WITH_KNOTS('',3,(#772,#773,#774,#775,#776,#777),
  .UNSPECIFIED.,.F.,.F.,(4,2,4),(0.,0.5,1.),.UNSPECIFIED.);
#772 = CARTESIAN_POINT('',(14.419695292513,9.466883198651,
    14.648073152648));
#773 = CARTESIAN_POINT('',(14.420266980294,9.471784989855,
    14.671600782411));
#774 = CARTESIAN_POINT('',(14.422498247182,9.467973052603,
    14.696795490379));
#775 = CARTESIAN_POINT('',(14.429203382302,9.444760930677,
    14.738362948125));
#776 = CARTESIAN_POINT('',(14.433647760224,9.425462836809,
    14.754552877251));
#777 = CARTESIAN_POINT('',(14.438111653367,9.403128244433,
    14.762243294138));
#778 = ORIENTED_EDGE('',*,*,#779,.F.);
#779 = EDGE_CURVE('',#757,#769,#780,.T.);
#780 = B_SPLINE_CURVE_WITH_KNOTS('',3,(#781,#782,#783,#784,#785,#786,
    #787,#788),.UNSPECIFIED.,.F.,.F.,(4,2,2,4),(0.,2.721107796384E-03,
    5.442215592767E-03,1.088443118553E-02),.UNSPECIFIED.);
#781 = CARTESIAN_POINT('',(3.580304930573,9.466883158792,14.648073166389
    ));
#782 = CARTESIAN_POINT('',(4.474112710433,9.307186095078,14.703128207273
    ));
#783 = CARTESIAN_POINT('',(5.372653701456,9.187546023113,14.744373512783
    ));
#784 = CARTESIAN_POINT('',(7.179047634816,9.027072826815,14.799696056904
    ));
#785 = CARTESIAN_POINT('',(8.088760278571,8.986311460941,14.81374855751)
  );
#786 = CARTESIAN_POINT('',(10.813940817139,8.98605694827,14.813836301268
    ));
#787 = CARTESIAN_POINT('',(12.632098206444,9.147492358246,
    14.758182101225));
#788 = CARTESIAN_POINT('',(14.419695292513,9.466883198651,
    14.648073152648));
#789 = ( BOUNDED_SURFACE() B_SPLINE_SURFACE(3,2,(
    (#790,#791,#792)
    ,(#793,#794,#795)
    ,(#796,#797,#798)
    ,(#799,#800,#801)
    ,(#802,#803,#804)
    ,(#805,#806,#807)
    ,(#808,#809,#810)
    ,(#811,#812,#813
)),.UNSPECIFIED.,.F.,.F.,.F.) B_SPLINE_SURFACE_WITH_KNOTS((4,2,2,4),(3,3
    ),(-2.2747239E-10,5.469060386534E-03,8.203590693538E-03,
    1.093812100054E-02),(0.,1.),.UNSPECIFIED.) 
GEOMETRIC_REPRESENTATION_ITEM() RATIONAL_B_SPLINE_SURFACE((
    (1.,0.751021282125,1.)
    ,(1.,0.751440646752,1.)
    ,(1.,0.751654794159,1.)
    ,(1.,0.751654596966,1.)
    ,(1.,0.751600421827,1.)
    ,(1.,0.751389071412,1.)
    ,(1.,0.751231827948,1.)
,(1.,0.751021282125,1.))) REPRESENTATION_ITEM('') SURFACE() );
#790 = CARTESIAN_POINT('',(14.419695069414,9.46688315879,14.64807316639)
  );
#791 = CARTESIAN_POINT('',(14.421785836809,9.484809911761,
    14.734118040577));
#792 = CARTESIAN_POINT('',(14.438111547757,9.403128208036,14.76224330667
    ));
#793 = CARTESIAN_POINT('',(12.633699160773,9.147778415551,
    14.758083485775));
#794 = CARTESIAN_POINT('',(12.63611343981,9.165628800259,14.844020910887
    ));
#795 = CARTESIAN_POINT('',(12.646020978497,9.082908970877,
    14.872503632331));
#796 = CARTESIAN_POINT('',(10.815452486446,8.98612804381,14.813811790924
    ));
#797 = CARTESIAN_POINT('',(10.816170742551,9.003670246139,
    14.899787713295));
#798 = CARTESIAN_POINT('',(10.821699851763,8.920703252296,
    14.928355540271));
#799 = CARTESIAN_POINT('',(8.089795994326,8.986275780959,14.813760858262
    ));
#800 = CARTESIAN_POINT('',(8.089435647094,9.003818103614,14.899736801891
    ));
#801 = CARTESIAN_POINT('',(8.086663785075,8.920851509704,14.928304491152
    ));
#802 = CARTESIAN_POINT('',(7.179875157275,9.027017456948,14.799715145505
    ));
#803 = CARTESIAN_POINT('',(7.179032963501,9.044604172184,14.885693032237
    ));
#804 = CARTESIAN_POINT('',(7.173657491699,8.961735800297,14.914226900951
    ));
#805 = CARTESIAN_POINT('',(5.373054778955,9.187492261145,14.74439204698)
  );
#806 = CARTESIAN_POINT('',(5.371516342221,9.205207494966,14.830392873427
    ));
#807 = CARTESIAN_POINT('',(5.360724034064,9.122766392696,14.858779621404
    ));
#808 = CARTESIAN_POINT('',(4.474290434588,9.307154341015,14.703139154366
    ));
#809 = CARTESIAN_POINT('',(4.472286310179,9.324998442512,14.789145542365
    ));
#810 = CARTESIAN_POINT('',(4.45892558932,9.242841367452,14.81743449193)
  );
#811 = CARTESIAN_POINT('',(3.580304930573,9.466883158792,14.648073166389
    ));
#812 = CARTESIAN_POINT('',(3.578214163179,9.484809911763,14.734118040576
    ));
#813 = CARTESIAN_POINT('',(3.561888452231,9.403128208038,14.76224330667)
  );
#814 = ADVANCED_FACE('',(#815),#832,.T.);
#815 = FACE_BOUND('',#816,.T.);
#816 = EDGE_LOOP('',(#817,#818,#831));
#817 = ORIENTED_EDGE('',*,*,#491,.F.);
#818 = ORIENTED_EDGE('',*,*,#819,.T.);
#819 = EDGE_CURVE('',#477,#508,#820,.T.);
#820 = B_SPLINE_CURVE_WITH_KNOTS('',3,(#821,#822,#823,#824,#825,#826,
    #827,#828,#829,#830),.UNSPECIFIED.,.F.,.F.,(4,2,2,2,4),(
    -5.999999992E-08,3.823004197184E-04,7.646608394366E-04,
    1.147021259155E-03,1.529381678873E-03),.UNSPECIFIED.);
#821 = CARTESIAN_POINT('',(3.561888333986,9.403128211642,14.762243305428
    ));
#822 = CARTESIAN_POINT('',(3.437056636949,9.427445942401,14.753870039236
    ));
#823 = CARTESIAN_POINT('',(3.312799001771,9.446791970704,14.720828125746
    ));
#824 = CARTESIAN_POINT('',(3.086504238212,9.472008779695,14.611532418614
    ));
#825 = CARTESIAN_POINT('',(2.982560386022,9.478078633189,14.534364437205
    ));
#826 = CARTESIAN_POINT('',(2.810821139169,9.475406835466,14.348257692815
    ));
#827 = CARTESIAN_POINT('',(2.74263748175,9.466753144575,14.239422831386)
  );
#828 = CARTESIAN_POINT('',(2.649990716965,9.435419293046,14.004635136643
    ));
#829 = CARTESIAN_POINT('',(2.62606135691,9.413077585315,13.880788401086)
  );
#830 = CARTESIAN_POINT('',(2.625285247603,9.385085507868,13.756449699976
    ));
#831 = ORIENTED_EDGE('',*,*,#507,.F.);
#832 = ( BOUNDED_SURFACE() B_SPLINE_SURFACE(2,3,(
    (#833,#834,#835,#836)
    ,(#837,#838,#839,#840)
    ,(#841,#842,#843,#844
)),.UNSPECIFIED.,.F.,.F.,.F.) B_SPLINE_SURFACE_WITH_KNOTS((3,3),(4,4),(
    0.,1.),(0.,1.121159812184E-02),.PIECEWISE_BEZIER_KNOTS.) 
GEOMETRIC_REPRESENTATION_ITEM() RATIONAL_B_SPLINE_SURFACE((
    (1.,1.,1.,1.)
    ,(0.736913633281,0.731752167521,0.725732665936,0.717812230557)
,(1.,1.,1.,1.))) REPRESENTATION_ITEM('') SURFACE() );
#833 = CARTESIAN_POINT('',(0.,0.,18.));
#834 = CARTESIAN_POINT('',(0.911058040494,3.323000583354,16.517491748698
    ));
#835 = CARTESIAN_POINT('',(1.834716173637,6.639194310908,15.021511778768
    ));
#836 = CARTESIAN_POINT('',(2.785660303437,9.943354140063,13.49960695665)
  );
#837 = CARTESIAN_POINT('',(0.,-1.76E-15,18.));
#838 = CARTESIAN_POINT('',(0.944430704607,3.44472431276,16.81388629909)
  );
#839 = CARTESIAN_POINT('',(1.886767163497,6.879289984334,15.631270498567
    ));
#840 = CARTESIAN_POINT('',(2.815688361175,10.267222248567,
    14.464711868036));
#841 = CARTESIAN_POINT('',(0.,-3.53E-15,18.));
#842 = CARTESIAN_POINT('',(1.248590260309,3.344361285872,16.848444060457
    ));
#843 = CARTESIAN_POINT('',(2.510986247267,6.685349534066,15.698049550928
    ));
#844 = CARTESIAN_POINT('',(3.799930973482,10.01978127287,14.549912628628
    ));
#845 = ADVANCED_FACE('',(#846),#884,.T.);
#846 = FACE_BOUND('',#847,.T.);
#847 = EDGE_LOOP('',(#848,#859,#874,#883));
#848 = ORIENTED_EDGE('',*,*,#849,.T.);
#849 = EDGE_CURVE('',#508,#850,#852,.T.);
#850 = VERTEX_POINT('',#851);
#851 = CARTESIAN_POINT('',(2.743187347498,9.455472291484,13.74205925554)
  );
#852 = B_SPLINE_CURVE_WITH_KNOTS('',3,(#853,#854,#855,#856,#857,#858),
  .UNSPECIFIED.,.F.,.F.,(4,2,4),(0.,0.5,1.),.UNSPECIFIED.);
#853 = CARTESIAN_POINT('',(2.625285247603,9.385085507868,13.756449699976
    ));
#854 = CARTESIAN_POINT('',(2.631859080863,9.40912371627,13.75155388848)
  );
#855 = CARTESIAN_POINT('',(2.648163778216,9.430467550598,13.747202099341
    ));
#856 = CARTESIAN_POINT('',(2.691539116562,9.456364301383,13.741908147502
    ));
#857 = CARTESIAN_POINT('',(2.718372784368,9.460775735703,13.740994907336
    ));
#858 = CARTESIAN_POINT('',(2.743187347498,9.455472291484,13.74205925554)
  );
#859 = ORIENTED_EDGE('',*,*,#860,.F.);
#860 = EDGE_CURVE('',#861,#850,#863,.T.);
#861 = VERTEX_POINT('',#862);
#862 = CARTESIAN_POINT('',(2.733439334876,6.883544055275,1.097267715322)
  );
#863 = B_SPLINE_CURVE_WITH_KNOTS('',3,(#864,#865,#866,#867,#868,#869,
    #870,#871,#872,#873),.UNSPECIFIED.,.F.,.F.,(4,3,3,4),(0.,
    6.451853512292E-03,9.095339838723E-03,1.29037073784E-02),
  .UNSPECIFIED.);
#864 = CARTESIAN_POINT('',(2.733439334876,6.883544055275,1.097267715322)
  );
#865 = CARTESIAN_POINT('',(2.735621015013,7.312074873092,3.204757611166)
  );
#866 = CARTESIAN_POINT('',(2.737442609205,7.740685892959,5.312231583864)
  );
#867 = CARTESIAN_POINT('',(2.739033936315,8.16934803733,7.419695300358)
  );
#868 = CARTESIAN_POINT('',(2.73968594298,8.344981678694,8.283176089203)
  );
#869 = CARTESIAN_POINT('',(2.740298439428,8.520624095865,9.146655123537)
  );
#870 = CARTESIAN_POINT('',(2.74087756164,8.696273918573,10.010132672868)
  );
#871 = CARTESIAN_POINT('',(2.741711880399,8.949325760047,11.254111064425
    ));
#872 = CARTESIAN_POINT('',(2.742477070713,9.202392941111,12.49808638319)
  );
#873 = CARTESIAN_POINT('',(2.743187347498,9.455472291484,13.74205925554)
  );
#874 = ORIENTED_EDGE('',*,*,#875,.F.);
#875 = EDGE_CURVE('',#517,#861,#876,.T.);
#876 = B_SPLINE_CURVE_WITH_KNOTS('',3,(#877,#878,#879,#880,#881,#882),
  .UNSPECIFIED.,.F.,.F.,(4,2,4),(0.,0.5,1.),.UNSPECIFIED.);
#877 = CARTESIAN_POINT('',(2.618788612234,6.823567847291,1.109583598186)
  );
#878 = CARTESIAN_POINT('',(2.627379677857,6.845085680235,1.105199244356)
  );
#879 = CARTESIAN_POINT('',(2.644010328978,6.863418974959,1.101454011289)
  );
#880 = CARTESIAN_POINT('',(2.685610906812,6.885181439882,1.096985306416)
  );
#881 = CARTESIAN_POINT('',(2.710411286966,6.888521915374,1.096280047182)
  );
#882 = CARTESIAN_POINT('',(2.733439334876,6.883544055275,1.097267715322)
  );
#883 = ORIENTED_EDGE('',*,*,#516,.F.);
#884 = ( BOUNDED_SURFACE() B_SPLINE_SURFACE(3,2,(
    (#885,#886,#887)
    ,(#888,#889,#890)
    ,(#891,#892,#893)
    ,(#894,#895,#896
)),.UNSPECIFIED.,.F.,.F.,.F.) B_SPLINE_SURFACE_WITH_KNOTS((4,4),(3,3),(
    0.,1.290370909472E-02),(0.,1.),.PIECEWISE_BEZIER_KNOTS.) 
GEOMETRIC_REPRESENTATION_ITEM() RATIONAL_B_SPLINE_SURFACE((
    (1.,0.760044167806,1.)
    ,(1.,0.74344982011,1.)
    ,(1.,0.732399675013,1.)
,(1.,0.723513019676,1.))) REPRESENTATION_ITEM('') SURFACE() );
#885 = CARTESIAN_POINT('',(2.618787823765,6.823568568919,1.109583617487)
  );
#886 = CARTESIAN_POINT('',(2.649936602226,6.901594291696,1.093685584883)
  );
#887 = CARTESIAN_POINT('',(2.73343738302,6.883544477185,1.097267631544)
  );
#888 = CARTESIAN_POINT('',(2.621335713388,7.675854215765,5.325513495742)
  );
#889 = CARTESIAN_POINT('',(2.649954000608,7.778672275047,5.40255098039)
  );
#890 = CARTESIAN_POINT('',(2.737804647551,7.740605377503,5.312248124393)
  );
#891 = CARTESIAN_POINT('',(2.623493410462,8.530094351518,9.541056283085)
  );
#892 = CARTESIAN_POINT('',(2.64996049987,8.627867970265,9.574407587088)
  );
#893 = CARTESIAN_POINT('',(2.740780751689,8.597975964565,9.527167099303)
  );
#894 = CARTESIAN_POINT('',(2.625291022416,9.38508390801,13.756449822765)
  );
#895 = CARTESIAN_POINT('',(2.649965506384,9.475396221407,13.738062119753
    ));
#896 = CARTESIAN_POINT('',(2.743187348265,9.455472564675,13.742060598365
    ));
#897 = ADVANCED_FACE('',(#898),#914,.T.);
#898 = FACE_BOUND('',#899,.T.);
#899 = EDGE_LOOP('',(#900,#901,#912,#913));
#900 = ORIENTED_EDGE('',*,*,#875,.T.);
#901 = ORIENTED_EDGE('',*,*,#902,.F.);
#902 = EDGE_CURVE('',#585,#861,#903,.T.);
#903 = B_SPLINE_CURVE_WITH_KNOTS('',3,(#904,#905,#906,#907,#908,#909,
    #910,#911),.UNSPECIFIED.,.F.,.F.,(4,2,2,4),(0.,3.298873734005E-04,
    6.59774746801E-04,1.319549493602E-03),.UNSPECIFIED.);
#904 = CARTESIAN_POINT('',(3.533319391563,6.547636443815,0.271911926297)
  );
#905 = CARTESIAN_POINT('',(3.423925696608,6.569089598954,0.272566507447)
  );
#906 = CARTESIAN_POINT('',(3.317405132731,6.594727242135,0.293147149303)
  );
#907 = CARTESIAN_POINT('',(3.119780866344,6.652227911036,0.374968238356)
  );
#908 = CARTESIAN_POINT('',(3.030630393251,6.683619980886,0.435896092482)
  );
#909 = CARTESIAN_POINT('',(2.811396056532,6.777756956427,0.665163128813)
  );
#910 = CARTESIAN_POINT('',(2.733214224749,6.839128220968,0.878834319393)
  );
#911 = CARTESIAN_POINT('',(2.733439334876,6.883544055275,1.097267715322)
  );
#912 = ORIENTED_EDGE('',*,*,#584,.F.);
#913 = ORIENTED_EDGE('',*,*,#556,.F.);
#914 = ( BOUNDED_SURFACE() B_SPLINE_SURFACE(3,2,(
    (#915,#916,#917)
    ,(#918,#919,#920)
    ,(#921,#922,#923)
    ,(#924,#925,#926)
    ,(#927,#928,#929)
    ,(#930,#931,#932)
    ,(#933,#934,#935)
    ,(#936,#937,#938)
    ,(#939,#940,#941)
    ,(#942,#943,#944
)),.UNSPECIFIED.,.F.,.F.,.F.) B_SPLINE_SURFACE_WITH_KNOTS((4,2,2,2,4),(3
    ,3),(0.,3.304429308886E-04,6.608858617773E-04,9.913287926659E-04,
    1.321771723555E-03),(0.,1.),.UNSPECIFIED.) 
GEOMETRIC_REPRESENTATION_ITEM() RATIONAL_B_SPLINE_SURFACE((
    (1.,0.782468957559,1.)
    ,(1.,0.793466586007,1.)
    ,(1.,0.801444329741,1.)
    ,(1.,0.810453224843,1.)
    ,(1.,0.811421281443,1.)
    ,(1.,0.806664562946,1.)
    ,(1.,0.800909551486,1.)
    ,(1.,0.784170947211,1.)
    ,(1.,0.773065240622,1.)
,(1.,0.760042019983,1.))) REPRESENTATION_ITEM('') SURFACE() );
#915 = CARTESIAN_POINT('',(3.514561429225,6.454354486235,0.191560769135)
  );
#916 = CARTESIAN_POINT('',(3.529880112249,6.532411923535,0.193877459791)
  );
#917 = CARTESIAN_POINT('',(3.533319391563,6.547636443815,0.271911926297)
  );
#918 = CARTESIAN_POINT('',(3.39516011923,6.481374920442,0.192362716901)
  );
#919 = CARTESIAN_POINT('',(3.413964586025,6.555725071836,0.197350862717)
  );
#920 = CARTESIAN_POINT('',(3.425094333689,6.568860419774,0.272559523417)
  );
#921 = CARTESIAN_POINT('',(3.27632705833,6.512727736309,0.215296787904)
  );
#922 = CARTESIAN_POINT('',(3.296886314311,6.584250701507,0.221421332598)
  );
#923 = CARTESIAN_POINT('',(3.317788290107,6.594632697251,0.29306317163)
  );
#924 = CARTESIAN_POINT('',(3.056907932502,6.579918239275,0.30633969527)
  );
#925 = CARTESIAN_POINT('',(3.083105820621,6.647140104453,0.312239835818)
  );
#926 = CARTESIAN_POINT('',(3.120333966485,6.652050122979,0.374664936609)
  );
#927 = CARTESIAN_POINT('',(2.957432597322,6.61542022529,0.374097916891)
  );
#928 = CARTESIAN_POINT('',(2.985613970531,6.681622777306,0.378932388227)
  );
#929 = CARTESIAN_POINT('',(3.031186658239,6.683410787739,0.435453565191)
  );
#930 = CARTESIAN_POINT('',(2.793397290119,6.684318651335,0.544135881563)
  );
#931 = CARTESIAN_POINT('',(2.825660268027,6.750157198711,0.544073194507)
  );
#932 = CARTESIAN_POINT('',(2.884875945033,6.746175978298,0.588182335906)
  );
#933 = CARTESIAN_POINT('',(2.728677152735,6.717813896923,0.64687965325)
  );
#934 = CARTESIAN_POINT('',(2.761988325641,6.784824006445,0.644359842845)
  );
#935 = CARTESIAN_POINT('',(2.827573415756,6.777676745961,0.680540726966)
  );
#936 = CARTESIAN_POINT('',(2.642530489875,6.776763477816,0.868159217128)
  );
#937 = CARTESIAN_POINT('',(2.676117051151,6.847868799916,0.859081966687)
  );
#938 = CARTESIAN_POINT('',(2.752231986819,6.835000337112,0.87966700365)
  );
#939 = CARTESIAN_POINT('',(2.620123178897,6.802775908357,0.988600642214)
  );
#940 = CARTESIAN_POINT('',(2.653146416266,6.877137469912,0.977083049676)
  );
#941 = CARTESIAN_POINT('',(2.733326843635,6.86135569705,0.988147167541)
  );
#942 = CARTESIAN_POINT('',(2.618789538887,6.823567497148,1.10958363472)
  );
#943 = CARTESIAN_POINT('',(2.649937993943,6.901593959945,1.09368552333)
  );
#944 = CARTESIAN_POINT('',(2.733439335205,6.883544120088,1.097268034068)
  );
#945 = ADVANCED_FACE('',(#946,#986,#1116),#1461,.T.);
#946 = FACE_BOUND('',#947,.T.);
#947 = EDGE_LOOP('',(#948,#949,#960,#961,#962,#963,#974,#975));
#948 = ORIENTED_EDGE('',*,*,#698,.T.);
#949 = ORIENTED_EDGE('',*,*,#950,.T.);
#950 = EDGE_CURVE('',#688,#594,#951,.T.);
#951 = B_SPLINE_CURVE_WITH_KNOTS('',3,(#952,#953,#954,#955,#956,#957,
    #958,#959),.UNSPECIFIED.,.F.,.F.,(4,2,2,4),(0.,3.299193089608E-04,
    6.598386179215E-04,1.319677235843E-03),.UNSPECIFIED.);
#952 = CARTESIAN_POINT('',(15.26656261665,6.883544542,1.0972679503));
#953 = CARTESIAN_POINT('',(15.266673269752,6.861333546842,0.988038233411
    ));
#954 = CARTESIAN_POINT('',(15.248387909836,6.835576530757,0.881815483447
    ));
#955 = CARTESIAN_POINT('',(15.172792675615,6.777852094105,0.681004795295
    ));
#956 = CARTESIAN_POINT('',(15.116477655118,6.74683252458,0.589951392151)
  );
#957 = CARTESIAN_POINT('',(14.896594269289,6.652279970567,0.359363144424
    ));
#958 = CARTESIAN_POINT('',(14.685677384969,6.590583816823,0.273222341508
    ));
#959 = CARTESIAN_POINT('',(14.46668060844,6.547636443815,0.271911926297)
  );
#960 = ORIENTED_EDGE('',*,*,#593,.T.);
#961 = ORIENTED_EDGE('',*,*,#902,.T.);
#962 = ORIENTED_EDGE('',*,*,#860,.T.);
#963 = ORIENTED_EDGE('',*,*,#964,.T.);
#964 = EDGE_CURVE('',#850,#757,#965,.T.);
#965 = B_SPLINE_CURVE_WITH_KNOTS('',3,(#966,#967,#968,#969,#970,#971,
    #972,#973),.UNSPECIFIED.,.F.,.F.,(4,2,2,4),(0.,3.398930270205E-04,
    6.797860540409E-04,1.359572108082E-03),.UNSPECIFIED.);
#966 = CARTESIAN_POINT('',(2.743187347498,9.455472291484,13.74205925554)
  );
#967 = CARTESIAN_POINT('',(2.743241114487,9.478378689468,13.854640658985
    ));
#968 = CARTESIAN_POINT('',(2.763903072947,9.496408500686,13.965900578742
    ));
#969 = CARTESIAN_POINT('',(2.845535502862,9.521580379458,14.177796190104
    ));
#970 = CARTESIAN_POINT('',(2.906028417868,9.528355267778,14.276053907022
    ));
#971 = CARTESIAN_POINT('',(3.136037216003,9.530593110406,14.528081888349
    ));
#972 = CARTESIAN_POINT('',(3.354393298981,9.507246898107,14.634157899155
    ));
#973 = CARTESIAN_POINT('',(3.580304930573,9.466883158792,14.648073166389
    ));
#974 = ORIENTED_EDGE('',*,*,#779,.T.);
#975 = ORIENTED_EDGE('',*,*,#976,.T.);
#976 = EDGE_CURVE('',#769,#676,#977,.T.);
#977 = B_SPLINE_CURVE_WITH_KNOTS('',3,(#978,#979,#980,#981,#982,#983,
    #984,#985),.UNSPECIFIED.,.F.,.F.,(4,2,2,4),(0.,3.398596761338E-04,
    6.797193522675E-04,1.359438704535E-03),.UNSPECIFIED.);
#978 = CARTESIAN_POINT('',(14.419695292513,9.466883198651,
    14.648073152648));
#979 = CARTESIAN_POINT('',(14.532602002898,9.487056295485,
    14.641118543433));
#980 = CARTESIAN_POINT('',(14.642794601703,9.502981292809,
    14.612314376653));
#981 = CARTESIAN_POINT('',(14.847354838241,9.524495964669,
    14.513832911575));
#982 = CARTESIAN_POINT('',(14.940211737439,9.529824554473,
    14.444395223813));
#983 = CARTESIAN_POINT('',(15.169981925207,9.527668875584,
    14.193042102796));
#984 = CARTESIAN_POINT('',(15.256693135225,9.5012732318,13.96717691902)
  );
#985 = CARTESIAN_POINT('',(15.256818490854,9.455473812624,
    13.742060347885));
#986 = FACE_BOUND('',#987,.T.);
#987 = EDGE_LOOP('',(#988,#1002,#1015,#1028,#1038,#1048,#1061,#1071,
    #1084,#1094,#1104));
#988 = ORIENTED_EDGE('',*,*,#989,.F.);
#989 = EDGE_CURVE('',#990,#992,#994,.T.);
#990 = VERTEX_POINT('',#991);
#991 = CARTESIAN_POINT('',(8.074923474746,7.541451395147,7.659045295047)
  );
#992 = VERTEX_POINT('',#993);
#993 = CARTESIAN_POINT('',(9.12115391309,6.895581156167,4.566109502248)
  );
#994 = B_SPLINE_CURVE_WITH_KNOTS('',6,(#995,#996,#997,#998,#999,#1000,
    #1001),.UNSPECIFIED.,.F.,.F.,(7,7),(0.,1.),
  .PIECEWISE_BEZIER_KNOTS.);
#995 = CARTESIAN_POINT('',(8.074923474746,7.541451395147,7.659045295047)
  );
#996 = CARTESIAN_POINT('',(8.249284011794,7.43073997309,7.14419916047));
#997 = CARTESIAN_POINT('',(8.423650626447,7.32124843059,6.629092169431)
  );
#998 = CARTESIAN_POINT('',(8.598022126878,7.212982852494,6.113726783504)
  );
#999 = CARTESIAN_POINT('',(8.772397317449,7.105943317305,5.598106668238)
  );
#1000 = CARTESIAN_POINT('',(8.946774989418,7.000142841492,5.082232961364
    ));
#1001 = CARTESIAN_POINT('',(9.12115391309,6.895581156167,4.566109502248)
  );
#1002 = ORIENTED_EDGE('',*,*,#1003,.F.);
#1003 = EDGE_CURVE('',#1004,#990,#1006,.T.);
#1004 = VERTEX_POINT('',#1005);
#1005 = CARTESIAN_POINT('',(9.214051431674,8.295551179593,
    11.424781146089));
#1006 = B_SPLINE_CURVE_WITH_KNOTS('',4,(#1007,#1008,#1009,#1010,#1011,
    #1012,#1013,#1014),.UNSPECIFIED.,.F.,.F.,(5,3,5),(0.,0.190322680011,
    1.),.UNSPECIFIED.);
#1007 = CARTESIAN_POINT('',(9.214051431674,8.295551179593,
    11.424781146089));
#1008 = CARTESIAN_POINT('',(9.159848389114,8.258627893529,
    11.245816539404));
#1009 = CARTESIAN_POINT('',(9.105645513428,8.221836501877,11.06682461788
    ));
#1010 = CARTESIAN_POINT('',(9.051442849974,8.185177260941,10.88780548362
    ));
#1011 = CARTESIAN_POINT('',(8.76665069999,7.993256817973,9.947054506798)
  );
#1012 = CARTESIAN_POINT('',(8.536065635954,7.840259811803,9.18485912571)
  );
#1013 = CARTESIAN_POINT('',(8.305488732388,7.689656819294,8.422185635634
    ));
#1014 = CARTESIAN_POINT('',(8.074923474746,7.541451395147,7.659045295047
    ));
#1015 = ORIENTED_EDGE('',*,*,#1016,.T.);
#1016 = EDGE_CURVE('',#1004,#1017,#1019,.T.);
#1017 = VERTEX_POINT('',#1018);
#1018 = CARTESIAN_POINT('',(7.331100972683,8.341267955364,
    11.413598445984));
#1019 = B_SPLINE_CURVE_WITH_KNOTS('',4,(#1020,#1021,#1022,#1023,#1024,
    #1025,#1026,#1027),.UNSPECIFIED.,.F.,.F.,(5,3,5),(0.,0.11362409447,
    1.),.UNSPECIFIED.);
#1020 = CARTESIAN_POINT('',(9.214051431674,8.295551179593,
    11.424781146089));
#1021 = CARTESIAN_POINT('',(9.160539694676,8.295154388118,
    11.424810375024));
#1022 = CARTESIAN_POINT('',(9.107026983924,8.294886322455,
    11.424813263794));
#1023 = CARTESIAN_POINT('',(9.053513783698,8.294747125722,
    11.424789783585));
#1024 = CARTESIAN_POINT('',(8.582546753483,8.294657546801,
    11.424350798351));
#1025 = CARTESIAN_POINT('',(8.165093263734,8.30242957432,11.422355173566
    ));
#1026 = CARTESIAN_POINT('',(7.747870629062,8.31798197378,11.418767792918
    ));
#1027 = CARTESIAN_POINT('',(7.331100972683,8.341267955364,
    11.413598445984));
#1028 = ORIENTED_EDGE('',*,*,#1029,.T.);
#1029 = EDGE_CURVE('',#1017,#1030,#1032,.T.);
#1030 = VERTEX_POINT('',#1031);
#1031 = CARTESIAN_POINT('',(6.598157209913,7.791502952131,8.462461043589
    ));
#1032 = B_SPLINE_CURVE_WITH_KNOTS('',4,(#1033,#1034,#1035,#1036,#1037),
  .UNSPECIFIED.,.F.,.F.,(5,5),(0.,1.),.PIECEWISE_BEZIER_KNOTS.);
#1033 = CARTESIAN_POINT('',(7.331100972683,8.341267955364,
    11.413598445984));
#1034 = CARTESIAN_POINT('',(7.147850992434,8.201545327691,
    10.676241088656));
#1035 = CARTESIAN_POINT('',(6.964609500067,8.063339692611,9.938596255392
    ));
#1036 = CARTESIAN_POINT('',(6.78137779201,7.926656222184,9.200668271933)
  );
#1037 = CARTESIAN_POINT('',(6.598157209913,7.791502952131,8.462461043589
    ));
#1038 = ORIENTED_EDGE('',*,*,#1039,.F.);
#1039 = EDGE_CURVE('',#1040,#1030,#1042,.T.);
#1040 = VERTEX_POINT('',#1041);
#1041 = CARTESIAN_POINT('',(6.5952994555,8.391452273618,11.402615514968)
  );
#1042 = B_SPLINE_CURVE_WITH_KNOTS('',4,(#1043,#1044,#1045,#1046,#1047),
  .UNSPECIFIED.,.F.,.F.,(5,5),(0.,1.),.PIECEWISE_BEZIER_KNOTS.);
#1043 = CARTESIAN_POINT('',(6.5952994555,8.391452273618,11.402615514968)
  );
#1044 = CARTESIAN_POINT('',(6.596013894254,8.241465033336,
    10.667576900292));
#1045 = CARTESIAN_POINT('',(6.596728332907,8.091477732933,9.932538283507
    ));
#1046 = CARTESIAN_POINT('',(6.59744277146,7.9414903725,9.197499664605));
#1047 = CARTESIAN_POINT('',(6.598157209913,7.791502952131,8.462461043589
    ));
#1048 = ORIENTED_EDGE('',*,*,#1049,.T.);
#1049 = EDGE_CURVE('',#1040,#1050,#1052,.T.);
#1050 = VERTEX_POINT('',#1051);
#1051 = CARTESIAN_POINT('',(4.773264568855,8.594251595735,
    11.359350535075));
#1052 = B_SPLINE_CURVE_WITH_KNOTS('',4,(#1053,#1054,#1055,#1056,#1057,
    #1058,#1059,#1060),.UNSPECIFIED.,.F.,.F.,(5,3,5),(0.,0.409825023762,
    1.),.UNSPECIFIED.);
#1053 = CARTESIAN_POINT('',(6.5952994555,8.391452273618,11.402615514968)
  );
#1054 = CARTESIAN_POINT('',(6.408018203536,8.406536694142,
    11.399347165516));
#1055 = CARTESIAN_POINT('',(6.220868575632,8.423180895535,
    11.395759789466));
#1056 = CARTESIAN_POINT('',(6.033870793039,8.441381653663,11.39185406616
    ));
#1057 = CARTESIAN_POINT('',(5.578003857626,8.489585534135,
    11.381548181928));
#1058 = CARTESIAN_POINT('',(5.309319542595,8.521257755581,
    11.374806677938));
#1059 = CARTESIAN_POINT('',(5.041052626107,8.556147025984,
    11.367407323095));
#1060 = CARTESIAN_POINT('',(4.773264568855,8.594251595735,
    11.359350535075));
#1061 = ORIENTED_EDGE('',*,*,#1062,.T.);
#1062 = EDGE_CURVE('',#1050,#1063,#1065,.T.);
#1063 = VERTEX_POINT('',#1064);
#1064 = CARTESIAN_POINT('',(4.779931993698,7.195209640242,4.500585673415
    ));
#1065 = B_SPLINE_CURVE_WITH_KNOTS('',4,(#1066,#1067,#1068,#1069,#1070),
  .UNSPECIFIED.,.F.,.F.,(5,5),(0.,1.),.PIECEWISE_BEZIER_KNOTS.);
#1066 = CARTESIAN_POINT('',(4.773264568855,8.594251595735,
    11.359350535075));
#1067 = CARTESIAN_POINT('',(4.774931426888,8.244492166727,9.644659316473
    ));
#1068 = CARTESIAN_POINT('',(4.776598283705,7.894732030389,7.929968100032
    ));
#1069 = CARTESIAN_POINT('',(4.778265139307,7.544971187849,6.215276885694
    ));
#1070 = CARTESIAN_POINT('',(4.779931993698,7.195209640242,4.500585673415
    ));
#1071 = ORIENTED_EDGE('',*,*,#1072,.F.);
#1072 = EDGE_CURVE('',#1073,#1063,#1075,.T.);
#1073 = VERTEX_POINT('',#1074);
#1074 = CARTESIAN_POINT('',(6.601965897993,6.99191564952,4.54395186892)
  );
#1075 = B_SPLINE_CURVE_WITH_KNOTS('',4,(#1076,#1077,#1078,#1079,#1080,
    #1081,#1082,#1083),.UNSPECIFIED.,.F.,.F.,(5,3,5),(0.,0.374792900282,
    1.),.UNSPECIFIED.);
#1076 = CARTESIAN_POINT('',(6.601965897993,6.99191564952,4.54395186892)
  );
#1077 = CARTESIAN_POINT('',(6.430689812612,7.005733387338,4.540958242825
    ));
#1078 = CARTESIAN_POINT('',(6.259524502798,7.020861431078,4.537696616179
    ));
#1079 = CARTESIAN_POINT('',(6.088485581655,7.037297340528,4.534167503447
    ));
#1080 = CARTESIAN_POINT('',(5.632508725952,7.084635835998,4.524038583147
    ));
#1081 = CARTESIAN_POINT('',(5.347824035749,7.117867017476,4.516962556157
    ));
#1082 = CARTESIAN_POINT('',(5.063607155411,7.154725383932,4.509144807323
    ));
#1083 = CARTESIAN_POINT('',(4.779931993698,7.195209640242,4.500585673415
    ));
#1084 = ORIENTED_EDGE('',*,*,#1085,.F.);
#1085 = EDGE_CURVE('',#1086,#1073,#1088,.T.);
#1086 = VERTEX_POINT('',#1087);
#1087 = CARTESIAN_POINT('',(6.599375836453,7.535667458729,7.208696427095
    ));
#1088 = B_SPLINE_CURVE_WITH_KNOTS('',4,(#1089,#1090,#1091,#1092,#1093),
  .UNSPECIFIED.,.F.,.F.,(5,5),(0.,1.),.PIECEWISE_BEZIER_KNOTS.);
#1089 = CARTESIAN_POINT('',(6.599375836453,7.535667458729,7.208696427095
    ));
#1090 = CARTESIAN_POINT('',(6.600023351961,7.399729580112,6.542510290164
    ));
#1091 = CARTESIAN_POINT('',(6.600670867387,7.263791652326,5.876324151494
    ));
#1092 = CARTESIAN_POINT('',(6.601318382731,7.127853675439,5.210138011079
    ));
#1093 = CARTESIAN_POINT('',(6.601965897993,6.99191564952,4.54395186892)
  );
#1094 = ORIENTED_EDGE('',*,*,#1095,.T.);
#1095 = EDGE_CURVE('',#1086,#1096,#1098,.T.);
#1096 = VERTEX_POINT('',#1097);
#1097 = CARTESIAN_POINT('',(7.411349433759,6.937652971458,4.555840742109
    ));
#1098 = B_SPLINE_CURVE_WITH_KNOTS('',4,(#1099,#1100,#1101,#1102,#1103),
  .UNSPECIFIED.,.F.,.F.,(5,5),(0.,1.),.PIECEWISE_BEZIER_KNOTS.);
#1099 = CARTESIAN_POINT('',(6.599375836453,7.535667458729,7.208696427095
    ));
#1100 = CARTESIAN_POINT('',(6.802346877895,7.383428637121,6.546099929946
    ));
#1101 = CARTESIAN_POINT('',(7.005334380268,7.233010737221,5.883087010866
    ));
#1102 = CARTESIAN_POINT('',(7.208336007446,7.084416588549,5.219665082978
    ));
#1103 = CARTESIAN_POINT('',(7.411349433759,6.937652971458,4.555840742109
    ));
#1104 = ORIENTED_EDGE('',*,*,#1105,.F.);
#1105 = EDGE_CURVE('',#992,#1096,#1106,.T.);
#1106 = B_SPLINE_CURVE_WITH_KNOTS('',8,(#1107,#1108,#1109,#1110,#1111,
    #1112,#1113,#1114,#1115),.UNSPECIFIED.,.F.,.F.,(9,9),(0.,1.),
  .PIECEWISE_BEZIER_KNOTS.);
#1107 = CARTESIAN_POINT('',(9.12115391309,6.895581156167,4.566109502248)
  );
#1108 = CARTESIAN_POINT('',(8.907330459511,6.894661732655,4.56609000496)
  );
#1109 = CARTESIAN_POINT('',(8.693499555735,6.895514034211,4.565707979089
    ));
#1110 = CARTESIAN_POINT('',(8.47967897463,6.898145122583,4.564961996956)
  );
#1111 = CARTESIAN_POINT('',(8.265886642439,6.902530148612,4.563857160474
    ));
#1112 = CARTESIAN_POINT('',(8.05213993075,6.908685006708,4.562390234279)
  );
#1113 = CARTESIAN_POINT('',(7.838456717078,6.916589620264,4.560565343703
    ));
#1114 = CARTESIAN_POINT('',(7.624854073023,6.926247629504,4.558381760478
    ));
#1115 = CARTESIAN_POINT('',(7.411349433759,6.937652971458,4.555840742109
    ));
#1116 = FACE_BOUND('',#1117,.T.);
#1117 = EDGE_LOOP('',(#1118,#1130,#1143,#1153,#1195,#1212,#1227,#1242,
    #1257,#1274,#1284,#1294,#1301,#1312,#1327,#1342,#1357,#1380,#1407,
    #1422,#1450));
#1118 = ORIENTED_EDGE('',*,*,#1119,.F.);
#1119 = EDGE_CURVE('',#1120,#1122,#1124,.T.);
#1120 = VERTEX_POINT('',#1121);
#1121 = CARTESIAN_POINT('',(13.25691826151,8.600179679936,
    11.366375286261));
#1122 = VERTEX_POINT('',#1123);
#1123 = CARTESIAN_POINT('',(13.258062409277,8.360569797001,
    10.190002168566));
#1124 = B_SPLINE_CURVE_WITH_KNOTS('',4,(#1125,#1126,#1127,#1128,#1129),
  .UNSPECIFIED.,.F.,.F.,(5,5),(0.,1.),.PIECEWISE_BEZIER_KNOTS.);
#1125 = CARTESIAN_POINT('',(13.25691826151,8.600179679936,
    11.366375286261));
#1126 = CARTESIAN_POINT('',(13.257204298389,8.540277174183,
    11.072282008951));
#1127 = CARTESIAN_POINT('',(13.25749033531,8.480374691772,10.77818873023
    ));
#1128 = CARTESIAN_POINT('',(13.257776372272,8.42047223271,
    10.484095450103));
#1129 = CARTESIAN_POINT('',(13.258062409277,8.360569797001,
    10.190002168566));
#1130 = ORIENTED_EDGE('',*,*,#1131,.T.);
#1131 = EDGE_CURVE('',#1120,#1132,#1134,.T.);
#1132 = VERTEX_POINT('',#1133);
#1133 = CARTESIAN_POINT('',(9.40798715015,8.297622921924,11.424545550558
    ));
#1134 = B_SPLINE_CURVE_WITH_KNOTS('',4,(#1135,#1136,#1137,#1138,#1139,
    #1140,#1141,#1142),.UNSPECIFIED.,.F.,.F.,(5,3,5),(0.,0.289063888227,
    1.),.UNSPECIFIED.);
#1135 = CARTESIAN_POINT('',(13.25691826151,8.600179679936,
    11.366375286261));
#1136 = CARTESIAN_POINT('',(12.98063611789,8.560475229993,
    11.374231135169));
#1137 = CARTESIAN_POINT('',(12.703840421316,8.524193977808,
    11.381386048143));
#1138 = CARTESIAN_POINT('',(12.426598734962,8.491337732357,
    11.387839720646));
#1139 = CARTESIAN_POINT('',(11.46618383717,8.389546734919,
    11.407735101468));
#1140 = CARTESIAN_POINT('',(10.781096674211,8.337940176573,
    11.417629344709));
#1141 = CARTESIAN_POINT('',(10.094695436927,8.307201385277,
    11.423252455901));
#1142 = CARTESIAN_POINT('',(9.40798715015,8.297622921924,11.424545550558
    ));
#1143 = ORIENTED_EDGE('',*,*,#1144,.T.);
#1144 = EDGE_CURVE('',#1132,#1145,#1147,.T.);
#1145 = VERTEX_POINT('',#1146);
#1146 = CARTESIAN_POINT('',(9.408937047009,8.098247227089,
    10.447315449715));
#1147 = B_SPLINE_CURVE_WITH_KNOTS('',4,(#1148,#1149,#1150,#1151,#1152),
  .UNSPECIFIED.,.F.,.F.,(5,5),(0.,1.),.PIECEWISE_BEZIER_KNOTS.);
#1148 = CARTESIAN_POINT('',(9.40798715015,8.297622921924,11.424545550558
    ));
#1149 = CARTESIAN_POINT('',(9.408224624354,8.247778992294,
    11.180238026196));
#1150 = CARTESIAN_POINT('',(9.408462098565,8.197935066609,
    10.935930501268));
#1151 = CARTESIAN_POINT('',(9.408699572783,8.148091144874,
    10.691622975775));
#1152 = CARTESIAN_POINT('',(9.408937047009,8.098247227089,
    10.447315449715));
#1153 = ORIENTED_EDGE('',*,*,#1154,.T.);
#1154 = EDGE_CURVE('',#1145,#1155,#1157,.T.);
#1155 = VERTEX_POINT('',#1156);
#1156 = CARTESIAN_POINT('',(11.444679380112,7.502634711737,
    7.028396637617));
#1157 = B_SPLINE_CURVE_WITH_KNOTS('',8,(#1158,#1159,#1160,#1161,#1162,
    #1163,#1164,#1165,#1166,#1167,#1168,#1169,#1170,#1171,#1172,#1173,
    #1174,#1175,#1176,#1177,#1178,#1179,#1180,#1181,#1182,#1183,#1184,
    #1185,#1186,#1187,#1188,#1189,#1190,#1191,#1192,#1193,#1194),
  .UNSPECIFIED.,.F.,.F.,(9,7,7,7,7,9),(0.,0.255421032608,0.613972040442,
    0.852860536105,0.970866154304,1.),.UNSPECIFIED.);
#1158 = CARTESIAN_POINT('',(9.408937047009,8.098247227089,
    10.447315449715));
#1159 = CARTESIAN_POINT('',(9.477518544088,8.076754699205,
    10.337146248903));
#1160 = CARTESIAN_POINT('',(9.54601521516,8.055444911469,10.226953457487
    ));
#1161 = CARTESIAN_POINT('',(9.614421197762,8.034317282883,
    10.116739094666));
#1162 = CARTESIAN_POINT('',(9.682729902486,8.013371246537,
    10.006505612209));
#1163 = CARTESIAN_POINT('',(9.750933773168,7.992606225196,9.896255941038
    ));
#1164 = CARTESIAN_POINT('',(9.819024047066,7.972021606895,9.785993537819
    ));
#1165 = CARTESIAN_POINT('',(9.886990515047,7.951616720526,9.675722431551
    ));
#1166 = CARTESIAN_POINT('',(10.050039711977,7.902998395913,
    9.410646900525));
#1167 = CARTESIAN_POINT('',(10.144985917071,7.874960100652,
    9.255846370355));
#1168 = CARTESIAN_POINT('',(10.239631451488,7.847272272095,
    9.101050631731));
#1169 = CARTESIAN_POINT('',(10.333937460442,7.819932310137,
    8.946273776891));
#1170 = CARTESIAN_POINT('',(10.42784898897,7.792938292626,8.791540956677
    ));
#1171 = CARTESIAN_POINT('',(10.521294089275,7.766288702569,
    8.636888589703));
#1172 = CARTESIAN_POINT('',(10.614175013337,7.739981814055,8.48236691602
    ));
#1173 = CARTESIAN_POINT('',(10.767743884972,7.696713150478,
    8.225232930761));
#1174 = CARTESIAN_POINT('',(10.828809456688,7.67956859022,8.122542668467
    ));
#1175 = CARTESIAN_POINT('',(10.889508202971,7.662574597188,8.01997066722
    ));
#1176 = CARTESIAN_POINT('',(10.949784137579,7.645729139937,
    7.917539541727));
#1177 = CARTESIAN_POINT('',(11.009557319652,7.629033590924,
    7.815298956617));
#1178 = CARTESIAN_POINT('',(11.068694245086,7.612492835703,
    7.713341485559));
#1179 = CARTESIAN_POINT('',(11.127023757061,7.596114543405,
    7.611794043016));
#1180 = CARTESIAN_POINT('',(11.212462981338,7.571904918081,
    7.461030994733));
#1181 = CARTESIAN_POINT('',(11.240413966477,7.563948395413,
    7.411373446603));
#1182 = CARTESIAN_POINT('',(11.268040448299,7.556037070862,
    7.361907769774));
#1183 = CARTESIAN_POINT('',(11.295297041186,7.548171893003,
    7.312661882346));
#1184 = CARTESIAN_POINT('',(11.322101689426,7.540358833971,
    7.263704411763));
#1185 = CARTESIAN_POINT('',(11.34834057708,7.532608360875,7.215140881466
    ));
#1186 = CARTESIAN_POINT('',(11.373852843983,7.524936023786,7.16712435504
    ));
#1187 = CARTESIAN_POINT('',(11.404402189144,7.515498051663,
    7.108255738772));
#1188 = CARTESIAN_POINT('',(11.410388475497,7.513635867595,
    7.096650321853));
#1189 = CARTESIAN_POINT('',(11.416307674482,7.511780679924,
    7.085099898825));
#1190 = CARTESIAN_POINT('',(11.422154512684,7.509933059963,
    7.073609731968));
#1191 = CARTESIAN_POINT('',(11.427922850778,7.508093715391,
    7.062186142504));
#1192 = CARTESIAN_POINT('',(11.433605535796,7.506263502417,
    7.050836639305));
#1193 = CARTESIAN_POINT('',(11.439194253393,7.504443437945,
    7.039570047588));
#1194 = CARTESIAN_POINT('',(11.444679380112,7.502634711737,
    7.028396637617));
#1195 = ORIENTED_EDGE('',*,*,#1196,.T.);
#1196 = EDGE_CURVE('',#1155,#1197,#1199,.T.);
#1197 = VERTEX_POINT('',#1198);
#1198 = CARTESIAN_POINT('',(11.768368242152,7.32337459344,6.004357076903
    ));
#1199 = B_SPLINE_CURVE_WITH_KNOTS('',6,(#1200,#1201,#1202,#1203,#1204,
    #1205,#1206,#1207,#1208,#1209,#1210,#1211),.UNSPECIFIED.,.F.,.F.,(7,
    5,7),(0.,0.608494913034,1.),.UNSPECIFIED.);
#1200 = CARTESIAN_POINT('',(11.444679380112,7.502634711737,
    7.028396637617));
#1201 = CARTESIAN_POINT('',(11.499363341513,7.484622743378,6.91710201008
    ));
#1202 = CARTESIAN_POINT('',(11.550572185637,7.466599733236,
    6.806592794151));
#1203 = CARTESIAN_POINT('',(11.597792278757,7.448525192036,
    6.697034007374));
#1204 = CARTESIAN_POINT('',(11.640266125995,7.430379450962,
    6.588816646413));
#1205 = CARTESIAN_POINT('',(11.676986264303,7.412158131608,
    6.482559643797));
#1206 = CARTESIAN_POINT('',(11.725637500028,7.38211595834,6.312604681311
    ));
#1207 = CARTESIAN_POINT('',(11.741731313295,7.370334478139,
    6.247268693731));
#1208 = CARTESIAN_POINT('',(11.754509988608,7.358539060123,
    6.183376114931));
#1209 = CARTESIAN_POINT('',(11.763535976142,7.346751424026,
    6.121279507783));
#1210 = CARTESIAN_POINT('',(11.768312744989,7.335010189967,
    6.061434545253));
#1211 = CARTESIAN_POINT('',(11.768368242152,7.32337459344,6.004357076903
    ));
#1212 = ORIENTED_EDGE('',*,*,#1213,.T.);
#1213 = EDGE_CURVE('',#1197,#1214,#1216,.T.);
#1214 = VERTEX_POINT('',#1215);
#1215 = CARTESIAN_POINT('',(11.671214930549,7.228982421125,
    5.587027329116));
#1216 = B_SPLINE_CURVE_WITH_KNOTS('',5,(#1217,#1218,#1219,#1220,#1221,
    #1222,#1223,#1224,#1225,#1226),.UNSPECIFIED.,.F.,.F.,(6,4,6),(0.,
    0.563360913268,1.),.UNSPECIFIED.);
#1217 = CARTESIAN_POINT('',(11.768368242152,7.32337459344,6.004357076903
    ));
#1218 = CARTESIAN_POINT('',(11.768426755454,7.311106629521,
    5.944177581961));
#1219 = CARTESIAN_POINT('',(11.765681399523,7.299203880247,
    5.887124731896));
#1220 = CARTESIAN_POINT('',(11.759943324635,7.287713688834,
    5.833521137448));
#1221 = CARTESIAN_POINT('',(11.751031121318,7.276692200857,5.78371508053
    ));
#1222 = CARTESIAN_POINT('',(11.729355041116,7.258065877902,
    5.702607509094));
#1223 = CARTESIAN_POINT('',(11.717908403744,7.250250044075,5.66966311511
    ));
#1224 = CARTESIAN_POINT('',(11.704421992703,7.242779218169,
    5.639336875124));
#1225 = CARTESIAN_POINT('',(11.688858513494,7.235681429361,
    5.611759652287));
#1226 = CARTESIAN_POINT('',(11.671214930549,7.228982421125,
    5.587027329116));
#1227 = ORIENTED_EDGE('',*,*,#1228,.T.);
#1228 = EDGE_CURVE('',#1214,#1229,#1231,.T.);
#1229 = VERTEX_POINT('',#1230);
#1230 = CARTESIAN_POINT('',(11.374918612415,7.175528682216,
    5.453633407102));
#1231 = B_SPLINE_CURVE_WITH_KNOTS('',5,(#1232,#1233,#1234,#1235,#1236,
    #1237,#1238,#1239,#1240,#1241),.UNSPECIFIED.,.F.,.F.,(6,4,6),(0.,
    0.316535844551,1.),.UNSPECIFIED.);
#1232 = CARTESIAN_POINT('',(11.671214930549,7.228982421125,
    5.587027329116));
#1233 = CARTESIAN_POINT('',(11.658909710963,7.224299726455,
    5.569726292414));
#1234 = CARTESIAN_POINT('',(11.64554681918,7.219800805589,5.553780185681
    ));
#1235 = CARTESIAN_POINT('',(11.631125540347,7.215494191439,
    5.539219840748));
#1236 = CARTESIAN_POINT('',(11.615653171475,7.211387484766,
    5.526066156041));
#1237 = CARTESIAN_POINT('',(11.563500625975,7.199066192733,
    5.488989598498));
#1238 = CARTESIAN_POINT('',(11.52302410573,7.191607265866,5.470255625167
    ));
#1239 = CARTESIAN_POINT('',(11.477876557475,7.18517921386,5.458244384647
    ));
#1240 = CARTESIAN_POINT('',(11.42837350039,7.179817331557,5.452807790859
    ));
#1241 = CARTESIAN_POINT('',(11.374918612415,7.175528682216,
    5.453633407102));
#1242 = ORIENTED_EDGE('',*,*,#1243,.T.);
#1243 = EDGE_CURVE('',#1229,#1244,#1246,.T.);
#1244 = VERTEX_POINT('',#1245);
#1245 = CARTESIAN_POINT('',(11.07805665129,7.184343647577,5.610608080751
    ));
#1246 = B_SPLINE_CURVE_WITH_KNOTS('',5,(#1247,#1248,#1249,#1250,#1251,
    #1252,#1253,#1254,#1255,#1256),.UNSPECIFIED.,.F.,.F.,(6,4,6),(0.,
    0.588435159761,1.),.UNSPECIFIED.);
#1247 = CARTESIAN_POINT('',(11.374918612415,7.175528682216,
    5.453633407102));
#1248 = CARTESIAN_POINT('',(11.32877748204,7.171826810677,5.454346061609
    ));
#1249 = CARTESIAN_POINT('',(11.285559903304,7.169494042413,
    5.460117702407));
#1250 = CARTESIAN_POINT('',(11.245546180452,7.16857364328,5.471161904359
    ));
#1251 = CARTESIAN_POINT('',(11.208958015881,7.169078477762,5.48757444556
    ));
#1252 = CARTESIAN_POINT('',(11.15281757559,7.17231238242,5.524453399684)
  );
#1253 = CARTESIAN_POINT('',(11.131448941989,7.174327368727,
    5.542219401213));
#1254 = CARTESIAN_POINT('',(11.111860197249,7.177017320306,
    5.562547325918));
#1255 = CARTESIAN_POINT('',(11.094065841611,7.180364272123,
    5.585374443997));
#1256 = CARTESIAN_POINT('',(11.07805665129,7.184343647577,5.610608080751
    ));
#1257 = ORIENTED_EDGE('',*,*,#1258,.T.);
#1258 = EDGE_CURVE('',#1244,#1259,#1261,.T.);
#1259 = VERTEX_POINT('',#1260);
#1260 = CARTESIAN_POINT('',(10.980199887935,7.301245455336,
    6.217851969841));
#1261 = B_SPLINE_CURVE_WITH_KNOTS('',6,(#1262,#1263,#1264,#1265,#1266,
    #1267,#1268,#1269,#1270,#1271,#1272,#1273),.UNSPECIFIED.,.F.,.F.,(7,
    5,7),(0.,0.419252765941,1.),.UNSPECIFIED.);
#1262 = CARTESIAN_POINT('',(11.07805665129,7.184343647577,5.610608080751
    ));
#1263 = CARTESIAN_POINT('',(11.062827753424,7.188134447907,
    5.634638200704));
#1264 = CARTESIAN_POINT('',(11.049214505372,7.19288724364,5.662758334764
    ));
#1265 = CARTESIAN_POINT('',(11.037197921715,7.198537606054,
    5.694678656205));
#1266 = CARTESIAN_POINT('',(11.026714727397,7.205007415101,
    5.730053641482));
#1267 = CARTESIAN_POINT('',(11.017677536158,7.212215816912,
    5.768528860356));
#1268 = CARTESIAN_POINT('',(10.999353251121,7.230997718999,
    5.866939435121));
#1269 = CARTESIAN_POINT('',(10.991312285318,7.243180963743,
    5.929421511155));
#1270 = CARTESIAN_POINT('',(10.985619308775,7.256449910276,5.99641153354
    ));
#1271 = CARTESIAN_POINT('',(10.982016280998,7.270634596672,
    6.067174572374));
#1272 = CARTESIAN_POINT('',(10.980274478437,7.285599531734,
    6.141128132913));
#1273 = CARTESIAN_POINT('',(10.980199887935,7.301245455336,
    6.217851969841));
#1274 = ORIENTED_EDGE('',*,*,#1275,.F.);
#1275 = EDGE_CURVE('',#1276,#1259,#1278,.T.);
#1276 = VERTEX_POINT('',#1277);
#1277 = CARTESIAN_POINT('',(10.979565129599,7.43439086359,6.870764832051
    ));
#1278 = B_SPLINE_CURVE_WITH_KNOTS('',4,(#1279,#1280,#1281,#1282,#1283),
  .UNSPECIFIED.,.F.,.F.,(5,5),(0.,1.),.PIECEWISE_BEZIER_KNOTS.);
#1279 = CARTESIAN_POINT('',(10.979565129599,7.43439086359,6.870764832051
    ));
#1280 = CARTESIAN_POINT('',(10.979723819173,7.401104505661,
    6.707536616968));
#1281 = CARTESIAN_POINT('',(10.979882508753,7.367818151642,
    6.544308401573));
#1282 = CARTESIAN_POINT('',(10.98004119834,7.334531801534,6.381080185864
    ));
#1283 = CARTESIAN_POINT('',(10.980199887935,7.301245455336,
    6.217851969841));
#1284 = ORIENTED_EDGE('',*,*,#1285,.T.);
#1285 = EDGE_CURVE('',#1276,#1286,#1288,.T.);
#1286 = VERTEX_POINT('',#1287);
#1287 = CARTESIAN_POINT('',(9.412402412267,7.370895552715,6.882235185669
    ));
#1288 = B_SPLINE_CURVE_WITH_KNOTS('',4,(#1289,#1290,#1291,#1292,#1293),
  .UNSPECIFIED.,.F.,.F.,(5,5),(0.,1.),.PIECEWISE_BEZIER_KNOTS.);
#1289 = CARTESIAN_POINT('',(10.979565129599,7.43439086359,6.870764832051
    ));
#1290 = CARTESIAN_POINT('',(10.588302133595,7.408232315012,
    6.875737339972));
#1291 = CARTESIAN_POINT('',(10.196563319866,7.388903603994,
    6.879311899339));
#1292 = CARTESIAN_POINT('',(9.804533424871,7.376439659504,6.881481542547
    ));
#1293 = CARTESIAN_POINT('',(9.412402412267,7.370895552715,6.882235185669
    ));
#1294 = ORIENTED_EDGE('',*,*,#1295,.T.);
#1295 = EDGE_CURVE('',#1286,#1296,#1298,.T.);
#1296 = VERTEX_POINT('',#1297);
#1297 = CARTESIAN_POINT('',(9.412644833963,7.320013265135,6.632837909872
    ));
#1298 = B_SPLINE_CURVE_WITH_KNOTS('',1,(#1299,#1300),.UNSPECIFIED.,.F.,
  .F.,(2,2),(0.,1.),.PIECEWISE_BEZIER_KNOTS.);
#1299 = CARTESIAN_POINT('',(9.412402412267,7.370895552715,6.882235185669
    ));
#1300 = CARTESIAN_POINT('',(9.412644833963,7.320013265135,6.632837909872
    ));
#1301 = ORIENTED_EDGE('',*,*,#1302,.T.);
#1302 = EDGE_CURVE('',#1296,#1303,#1305,.T.);
#1303 = VERTEX_POINT('',#1304);
#1304 = CARTESIAN_POINT('',(9.474132024333,7.13586667287,5.725603300539)
  );
#1305 = B_SPLINE_CURVE_WITH_KNOTS('',5,(#1306,#1307,#1308,#1309,#1310,
    #1311),.UNSPECIFIED.,.F.,.F.,(6,6),(0.,1.),
  .PIECEWISE_BEZIER_KNOTS.);
#1306 = CARTESIAN_POINT('',(9.412644833963,7.320013265135,6.632837909872
    ));
#1307 = CARTESIAN_POINT('',(9.412843304939,7.278355868044,6.428656019255
    ));
#1308 = CARTESIAN_POINT('',(9.41780797528,7.238444442174,6.232692780518)
  );
#1309 = CARTESIAN_POINT('',(9.428557596861,7.200676323013,6.046814897022
    ));
#1310 = CARTESIAN_POINT('',(9.446639997065,7.165982393943,5.875456415057
    ));
#1311 = CARTESIAN_POINT('',(9.474132024333,7.13586667287,5.725603300539)
  );
#1312 = ORIENTED_EDGE('',*,*,#1313,.T.);
#1313 = EDGE_CURVE('',#1303,#1314,#1316,.T.);
#1314 = VERTEX_POINT('',#1315);
#1315 = CARTESIAN_POINT('',(9.773468880004,7.008968750853,5.071407584954
    ));
#1316 = B_SPLINE_CURVE_WITH_KNOTS('',5,(#1317,#1318,#1319,#1320,#1321,
    #1322,#1323,#1324,#1325,#1326),.UNSPECIFIED.,.F.,.F.,(6,4,6),(0.,
    0.493828131951,1.),.UNSPECIFIED.);
#1317 = CARTESIAN_POINT('',(9.474132024333,7.13586667287,5.725603300539)
  );
#1318 = CARTESIAN_POINT('',(9.486451022044,7.122372015115,5.658455099468
    ));
#1319 = CARTESIAN_POINT('',(9.503274831133,7.109046035811,5.591731750918
    ));
#1320 = CARTESIAN_POINT('',(9.524536812104,7.095921798442,5.525553075449
    ));
#1321 = CARTESIAN_POINT('',(9.550106292046,7.083034153589,5.460018255251
    ));
#1322 = CARTESIAN_POINT('',(9.610257057802,7.057486399203,5.328780498176
    ));
#1323 = CARTESIAN_POINT('',(9.645048306155,7.044839747064,5.263112897837
    ));
#1324 = CARTESIAN_POINT('',(9.683999013339,7.032515152355,5.198293116614
    ));
#1325 = CARTESIAN_POINT('',(9.726883884446,7.020547697158,5.134379082571
    ));
#1326 = CARTESIAN_POINT('',(9.773468880004,7.008968750853,5.071407584954
    ));
#1327 = ORIENTED_EDGE('',*,*,#1328,.T.);
#1328 = EDGE_CURVE('',#1314,#1329,#1331,.T.);
#1329 = VERTEX_POINT('',#1330);
#1330 = CARTESIAN_POINT('',(10.393009635888,6.93252918546,4.580993251938
    ));
#1331 = B_SPLINE_CURVE_WITH_KNOTS('',5,(#1332,#1333,#1334,#1335,#1336,
    #1337,#1338,#1339,#1340,#1341),.UNSPECIFIED.,.F.,.F.,(6,4,6),(0.,
    0.405220731686,1.),.UNSPECIFIED.);
#1332 = CARTESIAN_POINT('',(9.773468880004,7.008968750853,5.071407584954
    ));
#1333 = CARTESIAN_POINT('',(9.81197905297,6.999387537536,5.019305654074)
  );
#1334 = CARTESIAN_POINT('',(9.852988949481,6.990408510725,4.969501842922
    ));
#1335 = CARTESIAN_POINT('',(9.896484413816,6.982072211753,4.922114060389
    ));
#1336 = CARTESIAN_POINT('',(9.942421114059,6.974415357722,4.877235211858
    ));
#1337 = CARTESIAN_POINT('',(10.061611238713,6.957270858483,
    4.772830749733));
#1338 = CARTESIAN_POINT('',(10.137596114728,6.948601562584,
    4.716269712524));
#1339 = CARTESIAN_POINT('',(10.218417928743,6.941556646067,4.66545179524
    ));
#1340 = CARTESIAN_POINT('',(10.303704167787,6.936193061339,
    4.620396597906));
#1341 = CARTESIAN_POINT('',(10.393009635888,6.93252918546,4.580993251938
    ));
#1342 = ORIENTED_EDGE('',*,*,#1343,.T.);
#1343 = EDGE_CURVE('',#1329,#1344,#1346,.T.);
#1344 = VERTEX_POINT('',#1345);
#1345 = CARTESIAN_POINT('',(11.306666954434,6.956031439261,
    4.405043926636));
#1346 = B_SPLINE_CURVE_WITH_KNOTS('',5,(#1347,#1348,#1349,#1350,#1351,
    #1352,#1353,#1354,#1355,#1356),.UNSPECIFIED.,.F.,.F.,(6,4,6),(0.,
    0.442757195863,1.),.UNSPECIFIED.);
#1347 = CARTESIAN_POINT('',(10.393009635888,6.93252918546,4.580993251938
    ));
#1348 = CARTESIAN_POINT('',(10.464167949931,6.929599054819,
    4.549544020346));
#1349 = CARTESIAN_POINT('',(10.538035038058,6.927796031129,
    4.521880609833));
#1350 = CARTESIAN_POINT('',(10.61436545333,6.927128630559,4.497937996791
    ));
#1351 = CARTESIAN_POINT('',(10.692903128145,6.927587365182,
    4.477584213043));
#1352 = CARTESIAN_POINT('',(10.874726571263,6.931122168128,
    4.439359909191));
#1353 = CARTESIAN_POINT('',(10.97916051013,6.934844355567,4.423492492249
    ));
#1354 = CARTESIAN_POINT('',(11.086234154652,6.940279502901,
    4.412737050262));
#1355 = CARTESIAN_POINT('',(11.195517632139,6.947363834832,
    4.406709520393));
#1356 = CARTESIAN_POINT('',(11.306666954434,6.956031439261,
    4.405043926636));
#1357 = ORIENTED_EDGE('',*,*,#1358,.T.);
#1358 = EDGE_CURVE('',#1344,#1359,#1361,.T.);
#1359 = VERTEX_POINT('',#1360);
#1360 = CARTESIAN_POINT('',(12.884216364599,7.224544439844,
    4.879794021025));
#1361 = B_SPLINE_CURVE_WITH_KNOTS('',5,(#1362,#1363,#1364,#1365,#1366,
    #1367,#1368,#1369,#1370,#1371,#1372,#1373,#1374,#1375,#1376,#1377,
    #1378,#1379),.UNSPECIFIED.,.F.,.F.,(6,4,4,4,6),(0.,0.245728151435,
    0.461296064796,0.738019125441,1.),.UNSPECIFIED.);
#1362 = CARTESIAN_POINT('',(11.306666954434,6.956031439261,
    4.405043926636));
#1363 = CARTESIAN_POINT('',(11.3944444063,6.962876467331,4.403728564821)
  );
#1364 = CARTESIAN_POINT('',(11.481761818778,6.970467755877,
    4.404596240117));
#1365 = CARTESIAN_POINT('',(11.568512735071,6.978827741156,
    4.407832910173));
#1366 = CARTESIAN_POINT('',(11.654549592573,6.987977437731,4.41364973231
    ));
#1367 = CARTESIAN_POINT('',(11.814373321375,7.006665320495,
    4.429841938907));
#1368 = CARTESIAN_POINT('',(11.888365647007,7.016017759527,
    4.439570010098));
#1369 = CARTESIAN_POINT('',(11.961536925292,7.025999866038,
    4.451612931328));
#1370 = CARTESIAN_POINT('',(12.033725524284,7.036617155242,
    4.466133739709));
#1371 = CARTESIAN_POINT('',(12.195904473017,7.062305609033,
    4.505305356177));
#1372 = CARTESIAN_POINT('',(12.285135384794,7.077785861703,
    4.531661647658));
#1373 = CARTESIAN_POINT('',(12.372026922857,7.094297270799,
    4.562676868108));
#1374 = CARTESIAN_POINT('',(12.456074531406,7.111801449389,4.59864613647
    ));
#1375 = CARTESIAN_POINT('',(12.613137038754,7.147638975197,
    4.678555505296));
#1376 = CARTESIAN_POINT('',(12.686508433623,7.165880082252,
    4.721972239185));
#1377 = CARTESIAN_POINT('',(12.756406765758,7.184855574098,
    4.770040622818));
#1378 = CARTESIAN_POINT('',(12.822412952,7.204456605875,4.822729673361)
  );
#1379 = CARTESIAN_POINT('',(12.884216364599,7.224544439844,
    4.879794021025));
#1380 = ORIENTED_EDGE('',*,*,#1381,.T.);
#1381 = EDGE_CURVE('',#1359,#1382,#1384,.T.);
#1382 = VERTEX_POINT('',#1383);
#1383 = CARTESIAN_POINT('',(13.417873070962,7.561048948978,
    6.147617839003));
#1384 = B_SPLINE_CURVE_WITH_KNOTS('',5,(#1385,#1386,#1387,#1388,#1389,
    #1390,#1391,#1392,#1393,#1394,#1395,#1396,#1397,#1398,#1399,#1400,
    #1401,#1402,#1403,#1404,#1405,#1406),.UNSPECIFIED.,.F.,.F.,(6,4,4,4,
    4,6),(0.,0.217917996478,0.422892554495,0.612234616783,0.804353268921
    ,1.),.UNSPECIFIED.);
#1385 = CARTESIAN_POINT('',(12.884216364599,7.224544439844,
    4.879794021025));
#1386 = CARTESIAN_POINT('',(12.929912880833,7.23938737218,4.921938910585
    ));
#1387 = CARTESIAN_POINT('',(12.973621057181,7.2543970805,4.96578083496)
  );
#1388 = CARTESIAN_POINT('',(13.015189046844,7.269537713713,5.0113248114)
  );
#1389 = CARTESIAN_POINT('',(13.054471326687,7.284768204082,
    5.058551850601));
#1390 = CARTESIAN_POINT('',(13.126029921729,7.314411619956,
    5.153357181768));
#1391 = CARTESIAN_POINT('',(13.158585100291,7.328819866767,
    5.200749115601));
#1392 = CARTESIAN_POINT('',(13.188907392363,7.343230244731,
    5.249533975071));
#1393 = CARTESIAN_POINT('',(13.216921694091,7.357605212717,
    5.299641466708));
#1394 = CARTESIAN_POINT('',(13.266284653526,7.385119483063,
    5.398399701355));
#1395 = CARTESIAN_POINT('',(13.287979402016,7.398269840181,
    5.446871274467));
#1396 = CARTESIAN_POINT('',(13.30763103991,7.411329846963,5.496318691744
    ));
#1397 = CARTESIAN_POINT('',(13.32523006279,7.424274065637,5.546659242393
    ));
#1398 = CARTESIAN_POINT('',(13.3565828022,7.450074910568,5.649694188403)
  );
#1399 = CARTESIAN_POINT('',(13.370276468956,7.462927769081,
    5.702413522633));
#1400 = CARTESIAN_POINT('',(13.381889094396,7.475616491968,
    5.755865715569));
#1401 = CARTESIAN_POINT('',(13.391463031201,7.488124252286,5.80995692605
    ));
#1402 = CARTESIAN_POINT('',(13.406789376983,7.512980074877,
    5.920240731623));
#1403 = CARTESIAN_POINT('',(13.412468452569,7.525321116868,
    5.976454265409));
#1404 = CARTESIAN_POINT('',(13.416155375798,7.537449805241,
    6.033143682968));
#1405 = CARTESIAN_POINT('',(13.417928895581,7.54935977513,6.09022315335)
  );
#1406 = CARTESIAN_POINT('',(13.417873070962,7.561048948978,
    6.147617839003));
#1407 = ORIENTED_EDGE('',*,*,#1408,.T.);
#1408 = EDGE_CURVE('',#1382,#1409,#1411,.T.);
#1409 = VERTEX_POINT('',#1410);
#1410 = CARTESIAN_POINT('',(13.115575756904,7.771552848806,
    7.403295997293));
#1411 = B_SPLINE_CURVE_WITH_KNOTS('',5,(#1412,#1413,#1414,#1415,#1416,
    #1417,#1418,#1419,#1420,#1421),.UNSPECIFIED.,.F.,.F.,(6,4,6),(0.,
    0.484610754944,1.),.UNSPECIFIED.);
#1412 = CARTESIAN_POINT('',(13.417873070962,7.561048948978,
    6.147617839003));
#1413 = CARTESIAN_POINT('',(13.417755375427,7.585693336726,6.26862355817
    ));
#1414 = CARTESIAN_POINT('',(13.409710543408,7.609299004454,
    6.390593075445));
#1415 = CARTESIAN_POINT('',(13.394017683295,7.631815035445,
    6.513060727402));
#1416 = CARTESIAN_POINT('',(13.371151495753,7.653259009555,
    6.635632301487));
#1417 = CARTESIAN_POINT('',(13.310227361772,7.695401697297,
    6.888129661963));
#1418 = CARTESIAN_POINT('',(13.271296273419,7.715966813471,
    7.018029932564));
#1419 = CARTESIAN_POINT('',(13.225452267793,7.735442152922,
    7.147338530753));
#1420 = CARTESIAN_POINT('',(13.173353449149,7.753933396738,
    7.275808809157));
#1421 = CARTESIAN_POINT('',(13.115575756904,7.771552848806,
    7.403295997293));
#1422 = ORIENTED_EDGE('',*,*,#1423,.T.);
#1423 = EDGE_CURVE('',#1409,#1424,#1426,.T.);
#1424 = VERTEX_POINT('',#1425);
#1425 = CARTESIAN_POINT('',(11.339966914569,8.147260917689,
    10.231785850733));
#1426 = B_SPLINE_CURVE_WITH_KNOTS('',8,(#1427,#1428,#1429,#1430,#1431,
    #1432,#1433,#1434,#1435,#1436,#1437,#1438,#1439,#1440,#1441,#1442,
    #1443,#1444,#1445,#1446,#1447,#1448,#1449),.UNSPECIFIED.,.F.,.F.,(9,
    7,7,9),(0.,0.145828144337,0.428304839895,1.),.UNSPECIFIED.);
#1427 = CARTESIAN_POINT('',(13.115575756904,7.771552848806,
    7.403295997293));
#1428 = CARTESIAN_POINT('',(13.093801069531,7.778202356574,
    7.451387550544));
#1429 = CARTESIAN_POINT('',(13.070108169849,7.784798840874,
    7.500485599197));
#1430 = CARTESIAN_POINT('',(13.045015998914,7.791355188148,
    7.550255196397));
#1431 = CARTESIAN_POINT('',(13.018824791507,7.79787629038,7.600486672337
    ));
#1432 = CARTESIAN_POINT('',(12.991750129442,7.804366930972,
    7.651035651597));
#1433 = CARTESIAN_POINT('',(12.963950188898,7.810833896644,
    7.701811883613));
#1434 = CARTESIAN_POINT('',(12.93551763172,7.817285994256,7.752783348406
    ));
#1435 = CARTESIAN_POINT('',(12.85031363303,7.836228972451,7.9030980011)
  );
#1436 = CARTESIAN_POINT('',(12.792072784014,7.848686133347,
    8.002798496352));
#1437 = CARTESIAN_POINT('',(12.732360512771,7.861157463038,
    8.102842988877));
#1438 = CARTESIAN_POINT('',(12.671477560039,7.87366628618,8.203095577076
    ));
#1439 = CARTESIAN_POINT('',(12.609659063408,7.886232745466,
    8.303461177881));
#1440 = CARTESIAN_POINT('',(12.547050174005,7.89887215934,8.40389164456)
  );
#1441 = CARTESIAN_POINT('',(12.483755124088,7.911600712221,
    8.504373867703));
#1442 = CARTESIAN_POINT('',(12.290454845424,7.950411746673,
    8.808449270267));
#1443 = CARTESIAN_POINT('',(12.158632603437,7.976797028967,9.01207040228
    ));
#1444 = CARTESIAN_POINT('',(12.025044058223,8.003693315879,
    9.215684026502));
#1445 = CARTESIAN_POINT('',(11.890033833834,8.031149807398,
    9.419209051792));
#1446 = CARTESIAN_POINT('',(11.753874297133,8.059206851335,
    9.622592224257));
#1447 = CARTESIAN_POINT('',(11.616734164013,8.08789297945,9.825809496177
    ));
#1448 = CARTESIAN_POINT('',(11.478739855032,8.117235529048,
    10.028863711542));
#1449 = CARTESIAN_POINT('',(11.339966914569,8.147260917689,
    10.231785850733));
#1450 = ORIENTED_EDGE('',*,*,#1451,.F.);
#1451 = EDGE_CURVE('',#1122,#1424,#1452,.T.);
#1452 = B_SPLINE_CURVE_WITH_KNOTS('',4,(#1453,#1454,#1455,#1456,#1457,
    #1458,#1459,#1460),.UNSPECIFIED.,.F.,.F.,(5,3,5),(0.,0.585596873234,
    1.),.UNSPECIFIED.);
#1453 = CARTESIAN_POINT('',(13.258062409277,8.360569797001,
    10.190002168566));
#1454 = CARTESIAN_POINT('',(12.978401877618,8.320337407998,
    10.197962761217));
#1455 = CARTESIAN_POINT('',(12.698214134218,8.283615492811,
    10.205204546691));
#1456 = CARTESIAN_POINT('',(12.417569395229,8.250405784367,
    10.211727238586));
#1457 = CARTESIAN_POINT('',(11.937661185827,8.19970519602,
    10.221635337995));
#1458 = CARTESIAN_POINT('',(11.738591436661,8.18045726496,
    10.225380452463));
#1459 = CARTESIAN_POINT('',(11.539351871609,8.162974504152,
    10.228764221902));
#1460 = CARTESIAN_POINT('',(11.339966914569,8.147260917689,
    10.231785850733));
#1461 = B_SPLINE_SURFACE_WITH_KNOTS('',3,1,(
    (#1462,#1463)
    ,(#1464,#1465)
    ,(#1466,#1467)
    ,(#1468,#1469)
    ,(#1470,#1471)
    ,(#1472,#1473
  )),.UNSPECIFIED.,.F.,.F.,.F.,(4,2,4),(2,2),(0.,0.5,1.),(0.,1.),
  .UNSPECIFIED.);
#1462 = CARTESIAN_POINT('',(2.65,9.665631775897,14.671856079669));
#1463 = CARTESIAN_POINT('',(2.65,6.719683099286,0.199435538532));
#1464 = CARTESIAN_POINT('',(4.715840735069,9.229687380834,
    14.821963772748));
#1465 = CARTESIAN_POINT('',(4.712932297444,6.245984400662,0.185376489368
    ));
#1466 = CARTESIAN_POINT('',(6.857611548556,9.003768772977,
    14.899753787789));
#1467 = CARTESIAN_POINT('',(6.856120734908,6.,0.178075842791));
#1468 = CARTESIAN_POINT('',(11.142388451444,9.003768772977,
    14.899753787789));
#1469 = CARTESIAN_POINT('',(11.143879265092,6.,0.178075842791));
#1470 = CARTESIAN_POINT('',(13.284159264931,9.229687380834,
    14.821963772748));
#1471 = CARTESIAN_POINT('',(13.287067702556,6.245984400662,
    0.185376489368));
#1472 = CARTESIAN_POINT('',(15.35,9.665631775897,14.671856079669));
#1473 = CARTESIAN_POINT('',(15.35,6.719683099286,0.199435538532));
#1474 = ADVANCED_FACE('',(#1475),#1481,.T.);
#1475 = FACE_BOUND('',#1476,.T.);
#1476 = EDGE_LOOP('',(#1477,#1478,#1479,#1480));
#1477 = ORIENTED_EDGE('',*,*,#687,.T.);
#1478 = ORIENTED_EDGE('',*,*,#645,.F.);
#1479 = ORIENTED_EDGE('',*,*,#608,.T.);
#1480 = ORIENTED_EDGE('',*,*,#950,.F.);
#1481 = ( BOUNDED_SURFACE() B_SPLINE_SURFACE(3,2,(
    (#1482,#1483,#1484)
    ,(#1485,#1486,#1487)
    ,(#1488,#1489,#1490)
    ,(#1491,#1492,#1493)
    ,(#1494,#1495,#1496)
    ,(#1497,#1498,#1499)
    ,(#1500,#1501,#1502)
    ,(#1503,#1504,#1505
)),.UNSPECIFIED.,.F.,.F.,.F.) B_SPLINE_SURFACE_WITH_KNOTS((4,2,2,4),(3,3
    ),(0.,6.608957094963E-04,9.913435642445E-04,1.321791418993E-03),(0.,
1.),.UNSPECIFIED.) GEOMETRIC_REPRESENTATION_ITEM() 
RATIONAL_B_SPLINE_SURFACE((
    (1.,0.760042019982,1.)
    ,(1.,0.785969818517,1.)
    ,(1.,0.804197480852,1.)
    ,(1.,0.811429644554,1.)
    ,(1.,0.810454040245,1.)
    ,(1.,0.80151467497,1.)
    ,(1.,0.793590861352,1.)
,(1.,0.782468957559,1.))) REPRESENTATION_ITEM('') SURFACE() );
#1482 = CARTESIAN_POINT('',(15.381210461113,6.823567497148,1.10958363472
    ));
#1483 = CARTESIAN_POINT('',(15.350062006057,6.901593959945,
    1.093685523331));
#1484 = CARTESIAN_POINT('',(15.266560664795,6.883544120088,
    1.097268034068));
#1485 = CARTESIAN_POINT('',(15.378559892379,6.782244866195,
    0.869133716393));
#1486 = CARTESIAN_POINT('',(15.34379033574,6.853787708096,0.86575719962)
  );
#1487 = CARTESIAN_POINT('',(15.266784233476,6.839443047575,0.8803825511)
  );
#1488 = CARTESIAN_POINT('',(15.289912700069,6.719393879712,
    0.630963261068));
#1489 = CARTESIAN_POINT('',(15.256306205974,6.785373080605,
    0.629146455165));
#1490 = CARTESIAN_POINT('',(15.189426482895,6.778141831207,
    0.666172013485));
#1491 = CARTESIAN_POINT('',(15.043156023201,6.615626167303,
    0.374475446332));
#1492 = CARTESIAN_POINT('',(15.014961783443,6.681822157946,0.37930611975
    ));
#1493 = CARTESIAN_POINT('',(14.969341150587,6.68359196099,0.435792175923
    ));
#1494 = CARTESIAN_POINT('',(14.94350759144,6.580071633235,0.306649569429
    ));
#1495 = CARTESIAN_POINT('',(14.917304601276,6.647290643341,
    0.312544094007));
#1496 = CARTESIAN_POINT('',(14.88003801907,6.652186496557,0.374942986504
    ));
#1497 = CARTESIAN_POINT('',(14.724993725171,6.51310624119,0.215708442162
    ));
#1498 = CARTESIAN_POINT('',(14.704409068864,6.584601878094,0.22184132717
    ));
#1499 = CARTESIAN_POINT('',(14.683402204541,6.594950897954,
    0.293431830144));
#1500 = CARTESIAN_POINT('',(14.606395653378,6.48172698773,0.192373166014
    ));
#1501 = CARTESIAN_POINT('',(14.58752434189,6.556024524916,0.197395466353
    ));
#1502 = CARTESIAN_POINT('',(14.576313329944,6.569136473786,
    0.272567934904));
#1503 = CARTESIAN_POINT('',(14.485438570778,6.454354486236,
    0.191560769134));
#1504 = CARTESIAN_POINT('',(14.470119887754,6.532411923535,0.19387745979
    ));
#1505 = CARTESIAN_POINT('',(14.46668060844,6.547636443815,0.271911926297
    ));
#1506 = ADVANCED_FACE('',(#1507),#1513,.T.);
#1507 = FACE_BOUND('',#1508,.T.);
#1508 = EDGE_LOOP('',(#1509,#1510,#1511,#1512));
#1509 = ORIENTED_EDGE('',*,*,#768,.T.);
#1510 = ORIENTED_EDGE('',*,*,#728,.F.);
#1511 = ORIENTED_EDGE('',*,*,#675,.F.);
#1512 = ORIENTED_EDGE('',*,*,#976,.F.);
#1513 = ( BOUNDED_SURFACE() B_SPLINE_SURFACE(3,2,(
    (#1514,#1515,#1516)
    ,(#1517,#1518,#1519)
    ,(#1520,#1521,#1522)
    ,(#1523,#1524,#1525)
    ,(#1526,#1527,#1528)
    ,(#1529,#1530,#1531)
    ,(#1532,#1533,#1534)
    ,(#1535,#1536,#1537)
    ,(#1538,#1539,#1540)
    ,(#1541,#1542,#1543
)),.UNSPECIFIED.,.F.,.F.,.F.) B_SPLINE_SURFACE_WITH_KNOTS((4,2,2,2,4),(3
    ,3),(-0.,3.404432121299E-04,6.808864242597E-04,1.02132963639E-03,
    1.361772848519E-03),(0.,1.),.UNSPECIFIED.) 
GEOMETRIC_REPRESENTATION_ITEM() RATIONAL_B_SPLINE_SURFACE((
    (1.,0.751021282072,1.)
    ,(1.,0.757875451639,1.)
    ,(1.,0.76230743909,1.)
    ,(1.,0.766110322718,1.)
    ,(1.,0.765461426873,1.)
    ,(1.,0.759754545094,1.)
    ,(1.,0.754657528025,1.)
    ,(1.,0.741312739599,1.)
    ,(1.,0.732935652275,1.)
,(1.,0.723526150729,1.))) REPRESENTATION_ITEM('') SURFACE() );
#1514 = CARTESIAN_POINT('',(14.438111771618,9.403128248036,
    14.762243292897));
#1515 = CARTESIAN_POINT('',(14.421786059992,9.484809951654,
    14.734118026841));
#1516 = CARTESIAN_POINT('',(14.419695292513,9.466883198651,
    14.648073152648));
#1517 = CARTESIAN_POINT('',(14.562182513584,9.427297234216,
    14.75392124357));
#1518 = CARTESIAN_POINT('',(14.543336527838,9.506171473047,
    14.724848087765));
#1519 = CARTESIAN_POINT('',(14.531336706315,9.486830220403,
    14.64119646145));
#1520 = CARTESIAN_POINT('',(14.685838338134,9.446621767752,
    14.721396580811));
#1521 = CARTESIAN_POINT('',(14.665720587753,9.523780205815,
    14.692177167266));
#1522 = CARTESIAN_POINT('',(14.642411319441,9.502927530232,
    14.612424040825));
#1523 = CARTESIAN_POINT('',(14.91371451072,9.47205142072,14.61151599994)
  );
#1524 = CARTESIAN_POINT('',(14.88958203865,9.547376393211,
    14.583445810767));
#1525 = CARTESIAN_POINT('',(14.846795373737,9.524450511727,
    14.514176769609));
#1526 = CARTESIAN_POINT('',(15.017422721093,9.478074164369,
    14.534360926288));
#1527 = CARTESIAN_POINT('',(14.992001236113,9.553479577738,
    14.507144716094));
#1528 = CARTESIAN_POINT('',(14.939645150262,9.529803552223,
    14.444878744494));
#1529 = CARTESIAN_POINT('',(15.189033704648,9.475413820862,
    14.348436789037));
#1530 = CARTESIAN_POINT('',(15.161261315177,9.55271493368,
    14.324355782766));
#1531 = CARTESIAN_POINT('',(15.092970679219,9.528417535551,
    14.277422634804));
#1532 = CARTESIAN_POINT('',(15.257670088812,9.466635295096,
    14.238581941845));
#1533 = CARTESIAN_POINT('',(15.229519647444,9.545677947691,
    14.215633948395));
#1534 = CARTESIAN_POINT('',(15.154099290308,9.521600477008,
    14.178286000731));
#1535 = CARTESIAN_POINT('',(15.349566149912,9.435582970443,
    14.005819481559));
#1536 = CARTESIAN_POINT('',(15.322209791668,9.519487483392,
    13.985565633929));
#1537 = CARTESIAN_POINT('',(15.235498232855,9.496684537012,
    13.967907389798));
#1538 = CARTESIAN_POINT('',(15.373940747244,9.413003224146,
    13.880458585618));
#1539 = CARTESIAN_POINT('',(15.347460709189,9.499761433553,
    13.860572623777));
#1540 = CARTESIAN_POINT('',(15.25675898554,9.478339972584,
    13.854450361491));
#1541 = CARTESIAN_POINT('',(15.374719701651,9.38508998655,
    13.756448254242));
#1542 = CARTESIAN_POINT('',(15.350042613279,9.475397920814,
    13.738061393199));
#1543 = CARTESIAN_POINT('',(15.256824330753,9.455474787358,
    13.742058754439));
#1544 = ADVANCED_FACE('',(#1545),#1551,.T.);
#1545 = FACE_BOUND('',#1546,.T.);
#1546 = EDGE_LOOP('',(#1547,#1548,#1549,#1550));
#1547 = ORIENTED_EDGE('',*,*,#849,.F.);
#1548 = ORIENTED_EDGE('',*,*,#819,.F.);
#1549 = ORIENTED_EDGE('',*,*,#756,.F.);
#1550 = ORIENTED_EDGE('',*,*,#964,.F.);
#1551 = ( BOUNDED_SURFACE() B_SPLINE_SURFACE(3,2,(
    (#1552,#1553,#1554)
    ,(#1555,#1556,#1557)
    ,(#1558,#1559,#1560)
    ,(#1561,#1562,#1563)
    ,(#1564,#1565,#1566)
    ,(#1567,#1568,#1569
)),.UNSPECIFIED.,.F.,.F.,.F.) B_SPLINE_SURFACE_WITH_KNOTS((4,2,4),(3,3),
  (0.,6.808953109559E-04,1.361790621912E-03),(0.,1.),.UNSPECIFIED.) 
GEOMETRIC_REPRESENTATION_ITEM() RATIONAL_B_SPLINE_SURFACE((
    (1.,0.723526150729,1.)
    ,(1.,0.742232144906,1.)
    ,(1.,0.756853063432,1.)
    ,(1.,0.768325664935,1.)
    ,(1.,0.765013069542,1.)
,(1.,0.751021282072,1.))) REPRESENTATION_ITEM('') SURFACE() );
#1552 = CARTESIAN_POINT('',(2.625280298349,9.38508998655,13.75644825424)
  );
#1553 = CARTESIAN_POINT('',(2.649957386721,9.475397920814,
    13.738061393198));
#1554 = CARTESIAN_POINT('',(2.743175669247,9.455474787358,
    13.742058754437));
#1555 = CARTESIAN_POINT('',(2.626828602767,9.440572290167,14.00293986074
    ));
#1556 = CARTESIAN_POINT('',(2.655025337334,9.523220236441,
    13.978534566947));
#1557 = CARTESIAN_POINT('',(2.743305571609,9.500923482388,
    13.965457438735));
#1558 = CARTESIAN_POINT('',(2.724439380964,9.47400696602,14.254391247222
    ));
#1559 = CARTESIAN_POINT('',(2.752428330723,9.552268395765,
    14.230851315762));
#1560 = CARTESIAN_POINT('',(2.829723673684,9.527665538482,
    14.192717070881));
#1561 = CARTESIAN_POINT('',(3.067986593442,9.479463481359,
    14.627194675182));
#1562 = CARTESIAN_POINT('',(3.091291177475,9.553911455313,14.59738466524
    ));
#1563 = CARTESIAN_POINT('',(3.136661984651,9.530546350409,14.5284928787)
  );
#1564 = CARTESIAN_POINT('',(3.310747137119,9.452050540804,
    14.745397996592));
#1565 = CARTESIAN_POINT('',(3.334588636368,9.527625151849,
    14.715538181658));
#1566 = CARTESIAN_POINT('',(3.354329960133,9.507258213183,
    14.634153980271));
#1567 = CARTESIAN_POINT('',(3.561888228381,9.403128248036,
    14.762243292897));
#1568 = CARTESIAN_POINT('',(3.578213940006,9.484809951654,
    14.734118026841));
#1569 = CARTESIAN_POINT('',(3.580304707485,9.466883198651,
    14.648073152648));
#1570 = ADVANCED_FACE('',(#1571),#1596,.T.);
#1571 = FACE_BOUND('',#1572,.T.);
#1572 = EDGE_LOOP('',(#1573,#1574,#1582,#1590));
#1573 = ORIENTED_EDGE('',*,*,#989,.T.);
#1574 = ORIENTED_EDGE('',*,*,#1575,.T.);
#1575 = EDGE_CURVE('',#992,#1576,#1578,.T.);
#1576 = VERTEX_POINT('',#1577);
#1577 = CARTESIAN_POINT('',(9.11999078824,6.30988169406,4.685951209699)
  );
#1578 = LINE('',#1579,#1580);
#1579 = CARTESIAN_POINT('',(9.121936348367,7.289581783445,4.485491863059
    ));
#1580 = VECTOR('',#1581,1.);
#1581 = DIRECTION('',(-1.945560127085E-03,-0.979700089385,0.20045934664)
  );
#1582 = ORIENTED_EDGE('',*,*,#1583,.T.);
#1583 = EDGE_CURVE('',#1576,#1584,#1586,.T.);
#1584 = VERTEX_POINT('',#1585);
#1585 = CARTESIAN_POINT('',(8.073739501782,6.94525372316,7.781035072419)
  );
#1586 = LINE('',#1587,#1588);
#1587 = CARTESIAN_POINT('',(9.11999078824,6.30988169406,4.685951209699)
  );
#1588 = VECTOR('',#1589,1.);
#1589 = DIRECTION('',(-0.314345761188,0.190897260257,0.929916651345));
#1590 = ORIENTED_EDGE('',*,*,#1591,.F.);
#1591 = EDGE_CURVE('',#990,#1584,#1592,.T.);
#1592 = LINE('',#1593,#1594);
#1593 = CARTESIAN_POINT('',(8.075685061909,7.924953812544,7.580575725779
    ));
#1594 = VECTOR('',#1595,1.);
#1595 = DIRECTION('',(-1.945560127085E-03,-0.979700089385,0.20045934664)
  );
#1596 = PLANE('',#1597);
#1597 = AXIS2_PLACEMENT_3D('',#1598,#1599,#1600);
#1598 = CARTESIAN_POINT('',(9.121936348367,7.289581783445,4.485491863059
    ));
#1599 = DIRECTION('',(-0.94930656651,-6.120433714837E-02,-0.308335972432
    ));
#1600 = DIRECTION('',(-0.314345761188,0.190897260257,0.929916651345));
#1601 = ADVANCED_FACE('',(#1602),#1620,.T.);
#1602 = FACE_BOUND('',#1603,.T.);
#1603 = EDGE_LOOP('',(#1604,#1605,#1613,#1619));
#1604 = ORIENTED_EDGE('',*,*,#1105,.T.);
#1605 = ORIENTED_EDGE('',*,*,#1606,.T.);
#1606 = EDGE_CURVE('',#1096,#1607,#1609,.T.);
#1607 = VERTEX_POINT('',#1608);
#1608 = CARTESIAN_POINT('',(7.41010858436,6.312814782016,4.683690740867)
  );
#1609 = LINE('',#1610,#1611);
#1610 = CARTESIAN_POINT('',(7.412054144487,7.292514871401,4.483231394227
    ));
#1611 = VECTOR('',#1612,1.);
#1612 = DIRECTION('',(-1.945560127085E-03,-0.979700089385,0.20045934664)
  );
#1613 = ORIENTED_EDGE('',*,*,#1614,.T.);
#1614 = EDGE_CURVE('',#1607,#1576,#1615,.T.);
#1615 = LINE('',#1616,#1617);
#1616 = CARTESIAN_POINT('',(7.41010858436,6.312814782016,4.683690740867)
  );
#1617 = VECTOR('',#1618,1.);
#1618 = DIRECTION('',(0.999997654908,-1.715370258324E-03,
    1.321999565512E-03));
#1619 = ORIENTED_EDGE('',*,*,#1575,.F.);
#1620 = PLANE('',#1621);
#1621 = AXIS2_PLACEMENT_3D('',#1622,#1623,#1624);
#1622 = CARTESIAN_POINT('',(7.412054144487,7.292514871401,4.483231394227
    ));
#1623 = DIRECTION('',(-9.513010912701E-04,0.200461448574,0.979701129254)
  );
#1624 = DIRECTION('',(0.999997654908,-1.715370258324E-03,
    1.321999565512E-03));
#1625 = ADVANCED_FACE('',(#1626),#1644,.T.);
#1626 = FACE_BOUND('',#1627,.T.);
#1627 = EDGE_LOOP('',(#1628,#1629,#1637,#1643));
#1628 = ORIENTED_EDGE('',*,*,#1095,.F.);
#1629 = ORIENTED_EDGE('',*,*,#1630,.T.);
#1630 = EDGE_CURVE('',#1086,#1631,#1633,.T.);
#1631 = VERTEX_POINT('',#1632);
#1632 = CARTESIAN_POINT('',(6.598032834668,6.85938973809,7.347071621192)
  );
#1633 = LINE('',#1634,#1635);
#1634 = CARTESIAN_POINT('',(6.599978394795,7.839089827475,7.146612274553
    ));
#1635 = VECTOR('',#1636,1.);
#1636 = DIRECTION('',(-1.945560127085E-03,-0.979700089385,0.20045934664)
  );
#1637 = ORIENTED_EDGE('',*,*,#1638,.T.);
#1638 = EDGE_CURVE('',#1631,#1607,#1639,.T.);
#1639 = LINE('',#1640,#1641);
#1640 = CARTESIAN_POINT('',(6.598032834668,6.85938973809,7.347071621192)
  );
#1641 = VECTOR('',#1642,1.);
#1642 = DIRECTION('',(0.28618694046,-0.192620718536,-0.938612962781));
#1643 = ORIENTED_EDGE('',*,*,#1606,.F.);
#1644 = PLANE('',#1645);
#1645 = AXIS2_PLACEMENT_3D('',#1646,#1647,#1648);
#1646 = CARTESIAN_POINT('',(6.599978394795,7.839089827475,7.146612274553
    ));
#1647 = DIRECTION('',(0.958171826921,5.554271914629E-02,0.280752126339)
  );
#1648 = DIRECTION('',(0.28618694046,-0.192620718536,-0.938612962781));
#1649 = ADVANCED_FACE('',(#1650),#1668,.T.);
#1650 = FACE_BOUND('',#1651,.T.);
#1651 = EDGE_LOOP('',(#1652,#1653,#1661,#1667));
#1652 = ORIENTED_EDGE('',*,*,#1085,.T.);
#1653 = ORIENTED_EDGE('',*,*,#1654,.T.);
#1654 = EDGE_CURVE('',#1073,#1655,#1657,.T.);
#1655 = VERTEX_POINT('',#1656);
#1656 = CARTESIAN_POINT('',(6.600620047333,6.314203357833,4.682620594863
    ));
#1657 = LINE('',#1658,#1659);
#1658 = CARTESIAN_POINT('',(6.60256560746,7.293903447218,4.482161248224)
  );
#1659 = VECTOR('',#1660,1.);
#1660 = DIRECTION('',(-1.945560127085E-03,-0.979700089385,0.20045934664)
  );
#1661 = ORIENTED_EDGE('',*,*,#1662,.T.);
#1662 = EDGE_CURVE('',#1655,#1631,#1663,.T.);
#1663 = LINE('',#1664,#1665);
#1664 = CARTESIAN_POINT('',(6.600620047333,6.314203357833,4.682620594863
    ));
#1665 = VECTOR('',#1666,1.);
#1666 = DIRECTION('',(-9.513010912701E-04,0.200461448574,0.979701129254)
  );
#1667 = ORIENTED_EDGE('',*,*,#1630,.F.);
#1668 = PLANE('',#1669);
#1669 = AXIS2_PLACEMENT_3D('',#1670,#1671,#1672);
#1670 = CARTESIAN_POINT('',(6.60256560746,7.293903447218,4.482161248224)
  );
#1671 = DIRECTION('',(-0.999997654908,1.715370258324E-03,
    -1.321999565512E-03));
#1672 = DIRECTION('',(-9.513010912701E-04,0.200461448574,0.979701129254)
  );
#1673 = ADVANCED_FACE('',(#1674),#1692,.T.);
#1674 = FACE_BOUND('',#1675,.T.);
#1675 = EDGE_LOOP('',(#1676,#1677,#1685,#1691));
#1676 = ORIENTED_EDGE('',*,*,#1072,.T.);
#1677 = ORIENTED_EDGE('',*,*,#1678,.T.);
#1678 = EDGE_CURVE('',#1063,#1679,#1681,.T.);
#1679 = VERTEX_POINT('',#1680);
#1680 = CARTESIAN_POINT('',(4.778188635096,6.317329509807,4.680211335678
    ));
#1681 = LINE('',#1682,#1683);
#1682 = CARTESIAN_POINT('',(4.780134195223,7.297029599192,4.479751989038
    ));
#1683 = VECTOR('',#1684,1.);
#1684 = DIRECTION('',(-1.945560127085E-03,-0.979700089385,0.20045934664)
  );
#1685 = ORIENTED_EDGE('',*,*,#1686,.T.);
#1686 = EDGE_CURVE('',#1679,#1655,#1687,.T.);
#1687 = LINE('',#1688,#1689);
#1688 = CARTESIAN_POINT('',(4.778188635096,6.317329509807,4.680211335678
    ));
#1689 = VECTOR('',#1690,1.);
#1690 = DIRECTION('',(0.999997654908,-1.715370258324E-03,
    1.321999565512E-03));
#1691 = ORIENTED_EDGE('',*,*,#1654,.F.);
#1692 = PLANE('',#1693);
#1693 = AXIS2_PLACEMENT_3D('',#1694,#1695,#1696);
#1694 = CARTESIAN_POINT('',(4.780134195223,7.297029599192,4.479751989038
    ));
#1695 = DIRECTION('',(-9.513010912701E-04,0.200461448574,0.979701129254)
  );
#1696 = DIRECTION('',(0.999997654908,-1.715370258324E-03,
    1.321999565512E-03));
#1697 = ADVANCED_FACE('',(#1698),#1716,.T.);
#1698 = FACE_BOUND('',#1699,.T.);
#1699 = EDGE_LOOP('',(#1700,#1701,#1709,#1715));
#1700 = ORIENTED_EDGE('',*,*,#1062,.F.);
#1701 = ORIENTED_EDGE('',*,*,#1702,.T.);
#1702 = EDGE_CURVE('',#1050,#1703,#1705,.T.);
#1703 = VERTEX_POINT('',#1704);
#1704 = CARTESIAN_POINT('',(4.771529527457,7.720559649823,
    11.538119240457));
#1705 = LINE('',#1706,#1707);
#1706 = CARTESIAN_POINT('',(4.773475087584,8.700259739207,
    11.337659893818));
#1707 = VECTOR('',#1708,1.);
#1708 = DIRECTION('',(-1.945560127085E-03,-0.979700089385,0.20045934664)
  );
#1709 = ORIENTED_EDGE('',*,*,#1710,.T.);
#1710 = EDGE_CURVE('',#1703,#1679,#1711,.T.);
#1711 = LINE('',#1712,#1713);
#1712 = CARTESIAN_POINT('',(4.771529527457,7.720559649823,
    11.538119240457));
#1713 = VECTOR('',#1714,1.);
#1714 = DIRECTION('',(9.513010912701E-04,-0.200461448574,-0.979701129254
    ));
#1715 = ORIENTED_EDGE('',*,*,#1678,.F.);
#1716 = PLANE('',#1717);
#1717 = AXIS2_PLACEMENT_3D('',#1718,#1719,#1720);
#1718 = CARTESIAN_POINT('',(4.773475087584,8.700259739207,
    11.337659893818));
#1719 = DIRECTION('',(0.999997654908,-1.715370258324E-03,
    1.321999565512E-03));
#1720 = DIRECTION('',(9.513010912701E-04,-0.200461448574,-0.979701129254
    ));
#1721 = ADVANCED_FACE('',(#1722),#1740,.T.);
#1722 = FACE_BOUND('',#1723,.T.);
#1723 = EDGE_LOOP('',(#1724,#1725,#1733,#1739));
#1724 = ORIENTED_EDGE('',*,*,#1049,.F.);
#1725 = ORIENTED_EDGE('',*,*,#1726,.T.);
#1726 = EDGE_CURVE('',#1040,#1727,#1729,.T.);
#1727 = VERTEX_POINT('',#1728);
#1728 = CARTESIAN_POINT('',(6.593960939694,7.717433497849,
    11.540528499643));
#1729 = LINE('',#1730,#1731);
#1730 = CARTESIAN_POINT('',(6.595906499821,8.697133587234,
    11.340069153003));
#1731 = VECTOR('',#1732,1.);
#1732 = DIRECTION('',(-1.945560127085E-03,-0.979700089385,0.20045934664)
  );
#1733 = ORIENTED_EDGE('',*,*,#1734,.T.);
#1734 = EDGE_CURVE('',#1727,#1703,#1735,.T.);
#1735 = LINE('',#1736,#1737);
#1736 = CARTESIAN_POINT('',(6.593960939694,7.717433497849,
    11.540528499643));
#1737 = VECTOR('',#1738,1.);
#1738 = DIRECTION('',(-0.999997654908,1.715370258324E-03,
    -1.321999565512E-03));
#1739 = ORIENTED_EDGE('',*,*,#1702,.F.);
#1740 = PLANE('',#1741);
#1741 = AXIS2_PLACEMENT_3D('',#1742,#1743,#1744);
#1742 = CARTESIAN_POINT('',(6.595906499821,8.697133587234,
    11.340069153003));
#1743 = DIRECTION('',(9.513010912701E-04,-0.200461448574,-0.979701129254
    ));
#1744 = DIRECTION('',(-0.999997654908,1.715370258324E-03,
    -1.321999565512E-03));
#1745 = ADVANCED_FACE('',(#1746),#1764,.T.);
#1746 = FACE_BOUND('',#1747,.T.);
#1747 = EDGE_LOOP('',(#1748,#1749,#1757,#1763));
#1748 = ORIENTED_EDGE('',*,*,#1039,.T.);
#1749 = ORIENTED_EDGE('',*,*,#1750,.T.);
#1750 = EDGE_CURVE('',#1030,#1751,#1753,.T.);
#1751 = VERTEX_POINT('',#1752);
#1752 = CARTESIAN_POINT('',(6.596815548913,7.115900392808,8.600698090923
    ));
#1753 = LINE('',#1754,#1755);
#1754 = CARTESIAN_POINT('',(6.59876110904,8.095600482192,8.400238744284)
  );
#1755 = VECTOR('',#1756,1.);
#1756 = DIRECTION('',(-1.945560127085E-03,-0.979700089385,0.20045934664)
  );
#1757 = ORIENTED_EDGE('',*,*,#1758,.T.);
#1758 = EDGE_CURVE('',#1751,#1727,#1759,.T.);
#1759 = LINE('',#1760,#1761);
#1760 = CARTESIAN_POINT('',(6.596815548913,7.115900392808,8.600698090923
    ));
#1761 = VECTOR('',#1762,1.);
#1762 = DIRECTION('',(-9.513010912701E-04,0.200461448574,0.979701129254)
  );
#1763 = ORIENTED_EDGE('',*,*,#1726,.F.);
#1764 = PLANE('',#1765);
#1765 = AXIS2_PLACEMENT_3D('',#1766,#1767,#1768);
#1766 = CARTESIAN_POINT('',(6.59876110904,8.095600482192,8.400238744284)
  );
#1767 = DIRECTION('',(-0.999997654908,1.715370258324E-03,
    -1.321999565512E-03));
#1768 = DIRECTION('',(-9.513010912701E-04,0.200461448574,0.979701129254)
  );
#1769 = ADVANCED_FACE('',(#1770),#1788,.T.);
#1770 = FACE_BOUND('',#1771,.T.);
#1771 = EDGE_LOOP('',(#1772,#1773,#1781,#1787));
#1772 = ORIENTED_EDGE('',*,*,#1029,.F.);
#1773 = ORIENTED_EDGE('',*,*,#1774,.T.);
#1774 = EDGE_CURVE('',#1017,#1775,#1777,.T.);
#1775 = VERTEX_POINT('',#1776);
#1776 = CARTESIAN_POINT('',(7.329859609718,7.716171156197,
    11.541501359646));
#1777 = LINE('',#1778,#1779);
#1778 = CARTESIAN_POINT('',(7.331805169845,8.695871245582,
    11.341042013006));
#1779 = VECTOR('',#1780,1.);
#1780 = DIRECTION('',(-1.945560127085E-03,-0.979700089385,0.20045934664)
  );
#1781 = ORIENTED_EDGE('',*,*,#1782,.T.);
#1782 = EDGE_CURVE('',#1775,#1751,#1783,.T.);
#1783 = LINE('',#1784,#1785);
#1784 = CARTESIAN_POINT('',(7.329859609718,7.716171156197,
    11.541501359646));
#1785 = VECTOR('',#1786,1.);
#1786 = DIRECTION('',(-0.237257149689,-0.19428372451,-0.951820823113));
#1787 = ORIENTED_EDGE('',*,*,#1750,.F.);
#1788 = PLANE('',#1789);
#1789 = AXIS2_PLACEMENT_3D('',#1790,#1791,#1792);
#1790 = CARTESIAN_POINT('',(7.331805169845,8.695871245582,
    11.341042013006));
#1791 = DIRECTION('',(0.97144493396,-4.941223785383E-02,-0.23206286009)
  );
#1792 = DIRECTION('',(-0.237257149689,-0.19428372451,-0.951820823113));
#1793 = ADVANCED_FACE('',(#1794),#1812,.T.);
#1794 = FACE_BOUND('',#1795,.T.);
#1795 = EDGE_LOOP('',(#1796,#1797,#1805,#1811));
#1796 = ORIENTED_EDGE('',*,*,#1016,.F.);
#1797 = ORIENTED_EDGE('',*,*,#1798,.T.);
#1798 = EDGE_CURVE('',#1004,#1799,#1801,.T.);
#1799 = VERTEX_POINT('',#1800);
#1800 = CARTESIAN_POINT('',(9.21289444184,7.712941046676,11.543990736714
    ));
#1801 = LINE('',#1802,#1803);
#1802 = CARTESIAN_POINT('',(9.214840001967,8.692641136061,
    11.343531390074));
#1803 = VECTOR('',#1804,1.);
#1804 = DIRECTION('',(-1.945560127085E-03,-0.979700089385,0.20045934664)
  );
#1805 = ORIENTED_EDGE('',*,*,#1806,.T.);
#1806 = EDGE_CURVE('',#1799,#1775,#1807,.T.);
#1807 = LINE('',#1808,#1809);
#1808 = CARTESIAN_POINT('',(9.21289444184,7.712941046676,11.543990736714
    ));
#1809 = VECTOR('',#1810,1.);
#1810 = DIRECTION('',(-0.999997654908,1.715370258324E-03,
    -1.321999565512E-03));
#1811 = ORIENTED_EDGE('',*,*,#1774,.F.);
#1812 = PLANE('',#1813);
#1813 = AXIS2_PLACEMENT_3D('',#1814,#1815,#1816);
#1814 = CARTESIAN_POINT('',(9.214840001967,8.692641136061,
    11.343531390074));
#1815 = DIRECTION('',(9.513010912701E-04,-0.200461448574,-0.979701129254
    ));
#1816 = DIRECTION('',(-0.999997654908,1.715370258324E-03,
    -1.321999565512E-03));
#1817 = ADVANCED_FACE('',(#1818),#1829,.T.);
#1818 = FACE_BOUND('',#1819,.T.);
#1819 = EDGE_LOOP('',(#1820,#1821,#1822,#1828));
#1820 = ORIENTED_EDGE('',*,*,#1003,.T.);
#1821 = ORIENTED_EDGE('',*,*,#1591,.T.);
#1822 = ORIENTED_EDGE('',*,*,#1823,.T.);
#1823 = EDGE_CURVE('',#1584,#1799,#1824,.T.);
#1824 = LINE('',#1825,#1826);
#1825 = CARTESIAN_POINT('',(8.073739501782,6.94525372316,7.781035072419)
  );
#1826 = VECTOR('',#1827,1.);
#1827 = DIRECTION('',(0.284372672153,0.191641442169,0.939364541047));
#1828 = ORIENTED_EDGE('',*,*,#1798,.F.);
#1829 = PLANE('',#1830);
#1830 = AXIS2_PLACEMENT_3D('',#1831,#1832,#1833);
#1831 = CARTESIAN_POINT('',(8.075685061909,7.924953812544,7.580575725779
    ));
#1832 = DIRECTION('',(-0.958711843115,5.883275025777E-02,0.278227082378)
  );
#1833 = DIRECTION('',(0.284372672153,0.191641442169,0.939364541047));
#1834 = ADVANCED_FACE('',(#1835),#1860,.T.);
#1835 = FACE_BOUND('',#1836,.T.);
#1836 = EDGE_LOOP('',(#1837,#1838,#1846,#1854));
#1837 = ORIENTED_EDGE('',*,*,#1119,.T.);
#1838 = ORIENTED_EDGE('',*,*,#1839,.T.);
#1839 = EDGE_CURVE('',#1122,#1840,#1842,.T.);
#1840 = VERTEX_POINT('',#1841);
#1841 = CARTESIAN_POINT('',(13.256284611442,7.465347555543,10.3731762517
    ));
#1842 = LINE('',#1843,#1844);
#1843 = CARTESIAN_POINT('',(13.258230171569,8.445047644927,
    10.172716905061));
#1844 = VECTOR('',#1845,1.);
#1845 = DIRECTION('',(-1.945560127085E-03,-0.979700089385,0.20045934664)
  );
#1846 = ORIENTED_EDGE('',*,*,#1847,.T.);
#1847 = EDGE_CURVE('',#1840,#1848,#1850,.T.);
#1848 = VERTEX_POINT('',#1849);
#1849 = CARTESIAN_POINT('',(13.255142548127,7.706007078237,
    11.549334599486));
#1850 = LINE('',#1851,#1852);
#1851 = CARTESIAN_POINT('',(13.256284611442,7.465347555543,10.3731762517
    ));
#1852 = VECTOR('',#1853,1.);
#1853 = DIRECTION('',(-9.513010912701E-04,0.200461448574,0.979701129254)
  );
#1854 = ORIENTED_EDGE('',*,*,#1855,.F.);
#1855 = EDGE_CURVE('',#1120,#1848,#1856,.T.);
#1856 = LINE('',#1857,#1858);
#1857 = CARTESIAN_POINT('',(13.257088108254,8.685707167621,
    11.348875252846));
#1858 = VECTOR('',#1859,1.);
#1859 = DIRECTION('',(-1.945560127085E-03,-0.979700089385,0.20045934664)
  );
#1860 = PLANE('',#1861);
#1861 = AXIS2_PLACEMENT_3D('',#1862,#1863,#1864);
#1862 = CARTESIAN_POINT('',(13.258230171569,8.445047644927,
    10.172716905061));
#1863 = DIRECTION('',(-0.999997654908,1.715370258324E-03,
    -1.321999565512E-03));
#1864 = DIRECTION('',(-9.513010912701E-04,0.200461448574,0.979701129254)
  );
#1865 = ADVANCED_FACE('',(#1866),#1884,.T.);
#1866 = FACE_BOUND('',#1867,.T.);
#1867 = EDGE_LOOP('',(#1868,#1869,#1877,#1883));
#1868 = ORIENTED_EDGE('',*,*,#1451,.T.);
#1869 = ORIENTED_EDGE('',*,*,#1870,.T.);
#1870 = EDGE_CURVE('',#1424,#1871,#1873,.T.);
#1871 = VERTEX_POINT('',#1872);
#1872 = CARTESIAN_POINT('',(11.338619253672,7.468637069377,
    10.370641092985));
#1873 = LINE('',#1874,#1875);
#1874 = CARTESIAN_POINT('',(11.3405648138,8.448337158762,10.170181746346
    ));
#1875 = VECTOR('',#1876,1.);
#1876 = DIRECTION('',(-1.945560127085E-03,-0.979700089385,0.20045934664)
  );
#1877 = ORIENTED_EDGE('',*,*,#1878,.T.);
#1878 = EDGE_CURVE('',#1871,#1840,#1879,.T.);
#1879 = LINE('',#1880,#1881);
#1880 = CARTESIAN_POINT('',(11.338619253672,7.468637069377,
    10.370641092985));
#1881 = VECTOR('',#1882,1.);
#1882 = DIRECTION('',(0.999997654908,-1.715370258324E-03,
    1.321999565512E-03));
#1883 = ORIENTED_EDGE('',*,*,#1839,.F.);
#1884 = PLANE('',#1885);
#1885 = AXIS2_PLACEMENT_3D('',#1886,#1887,#1888);
#1886 = CARTESIAN_POINT('',(11.3405648138,8.448337158762,10.170181746346
    ));
#1887 = DIRECTION('',(-9.513010912701E-04,0.200461448574,0.979701129254)
  );
#1888 = DIRECTION('',(0.999997654908,-1.715370258324E-03,
    1.321999565512E-03));
#1889 = ADVANCED_FACE('',(#1890),#1908,.T.);
#1890 = FACE_BOUND('',#1891,.T.);
#1891 = EDGE_LOOP('',(#1892,#1893,#1901,#1907));
#1892 = ORIENTED_EDGE('',*,*,#1423,.F.);
#1893 = ORIENTED_EDGE('',*,*,#1894,.T.);
#1894 = EDGE_CURVE('',#1409,#1895,#1897,.T.);
#1895 = VERTEX_POINT('',#1896);
#1896 = CARTESIAN_POINT('',(13.113834371928,6.894666551538,
    7.582718308398));
#1897 = LINE('',#1898,#1899);
#1898 = CARTESIAN_POINT('',(13.115779932055,7.874366640923,
    7.382258961759));
#1899 = VECTOR('',#1900,1.);
#1900 = DIRECTION('',(-1.945560127085E-03,-0.979700089385,0.20045934664)
  );
#1901 = ORIENTED_EDGE('',*,*,#1902,.T.);
#1902 = EDGE_CURVE('',#1895,#1871,#1903,.T.);
#1903 = B_SPLINE_CURVE_WITH_KNOTS('',2,(#1904,#1905,#1906),
  .UNSPECIFIED.,.F.,.F.,(3,3),(0.,1.),.PIECEWISE_BEZIER_KNOTS.);
#1904 = CARTESIAN_POINT('',(13.113834371928,6.894666551538,
    7.582718308398));
#1905 = CARTESIAN_POINT('',(12.812487681618,7.029685597803,
    8.239668886143));
#1906 = CARTESIAN_POINT('',(11.338619253672,7.468637069377,
    10.370641092985));
#1907 = ORIENTED_EDGE('',*,*,#1870,.F.);
#1908 = SURFACE_OF_LINEAR_EXTRUSION('',#1909,#1913);
#1909 = B_SPLINE_CURVE_WITH_KNOTS('',2,(#1910,#1911,#1912),
  .UNSPECIFIED.,.F.,.F.,(3,3),(0.,1.),.PIECEWISE_BEZIER_KNOTS.);
#1910 = CARTESIAN_POINT('',(13.115779932055,7.874366640923,
    7.382258961759));
#1911 = CARTESIAN_POINT('',(12.814433241745,8.009385687188,
    8.039209539504));
#1912 = CARTESIAN_POINT('',(11.3405648138,8.448337158762,10.170181746346
    ));
#1913 = VECTOR('',#1914,1.);
#1914 = DIRECTION('',(1.945560127085E-03,0.979700089385,-0.20045934664)
  );
#1915 = ADVANCED_FACE('',(#1916),#1934,.T.);
#1916 = FACE_BOUND('',#1917,.T.);
#1917 = EDGE_LOOP('',(#1918,#1919,#1927,#1933));
#1918 = ORIENTED_EDGE('',*,*,#1408,.F.);
#1919 = ORIENTED_EDGE('',*,*,#1920,.T.);
#1920 = EDGE_CURVE('',#1382,#1921,#1923,.T.);
#1921 = VERTEX_POINT('',#1922);
#1922 = CARTESIAN_POINT('',(13.416042054282,6.639027994656,
    6.336275286414));
#1923 = LINE('',#1924,#1925);
#1924 = CARTESIAN_POINT('',(13.417987614409,7.618728084041,
    6.135815939774));
#1925 = VECTOR('',#1926,1.);
#1926 = DIRECTION('',(-1.945560127085E-03,-0.979700089385,0.20045934664)
  );
#1927 = ORIENTED_EDGE('',*,*,#1928,.T.);
#1928 = EDGE_CURVE('',#1921,#1895,#1929,.T.);
#1929 = B_SPLINE_CURVE_WITH_KNOTS('',2,(#1930,#1931,#1932),
  .UNSPECIFIED.,.F.,.F.,(3,3),(0.,1.),.PIECEWISE_BEZIER_KNOTS.);
#1930 = CARTESIAN_POINT('',(13.416042054282,6.639027994656,
    6.336275286414));
#1931 = CARTESIAN_POINT('',(13.415469649952,6.759647010237,
    6.925768112167));
#1932 = CARTESIAN_POINT('',(13.113834371928,6.894666551538,
    7.582718308398));
#1933 = ORIENTED_EDGE('',*,*,#1894,.F.);
#1934 = SURFACE_OF_LINEAR_EXTRUSION('',#1935,#1939);
#1935 = B_SPLINE_CURVE_WITH_KNOTS('',2,(#1936,#1937,#1938),
  .UNSPECIFIED.,.F.,.F.,(3,3),(0.,1.),.PIECEWISE_BEZIER_KNOTS.);
#1936 = CARTESIAN_POINT('',(13.417987614409,7.618728084041,
    6.135815939774));
#1937 = CARTESIAN_POINT('',(13.417415210079,7.739347099622,
    6.725308765527));
#1938 = CARTESIAN_POINT('',(13.115779932055,7.874366640923,
    7.382258961759));
#1939 = VECTOR('',#1940,1.);
#1940 = DIRECTION('',(1.945560127085E-03,0.979700089385,-0.20045934664)
  );
#1941 = ADVANCED_FACE('',(#1942),#1960,.T.);
#1942 = FACE_BOUND('',#1943,.T.);
#1943 = EDGE_LOOP('',(#1944,#1945,#1953,#1959));
#1944 = ORIENTED_EDGE('',*,*,#1381,.F.);
#1945 = ORIENTED_EDGE('',*,*,#1946,.T.);
#1946 = EDGE_CURVE('',#1359,#1947,#1949,.T.);
#1947 = VERTEX_POINT('',#1948);
#1948 = CARTESIAN_POINT('',(12.882534309,6.377533855165,5.053103373797)
  );
#1949 = LINE('',#1950,#1951);
#1950 = CARTESIAN_POINT('',(12.884479869127,7.35723394455,4.852644027157
    ));
#1951 = VECTOR('',#1952,1.);
#1952 = DIRECTION('',(-1.945560127085E-03,-0.979700089385,0.20045934664)
  );
#1953 = ORIENTED_EDGE('',*,*,#1954,.T.);
#1954 = EDGE_CURVE('',#1947,#1921,#1955,.T.);
#1955 = B_SPLINE_CURVE_WITH_KNOTS('',2,(#1956,#1957,#1958),
  .UNSPECIFIED.,.F.,.F.,(3,3),(0.,1.),.PIECEWISE_BEZIER_KNOTS.);
#1956 = CARTESIAN_POINT('',(12.882534309,6.377533855165,5.053103373797)
  );
#1957 = CARTESIAN_POINT('',(13.416795376815,6.480285271033,
    5.560463145471));
#1958 = CARTESIAN_POINT('',(13.416042054282,6.639027994656,
    6.336275286414));
#1959 = ORIENTED_EDGE('',*,*,#1920,.F.);
#1960 = SURFACE_OF_LINEAR_EXTRUSION('',#1961,#1965);
#1961 = B_SPLINE_CURVE_WITH_KNOTS('',2,(#1962,#1963,#1964),
  .UNSPECIFIED.,.F.,.F.,(3,3),(0.,1.),.PIECEWISE_BEZIER_KNOTS.);
#1962 = CARTESIAN_POINT('',(12.884479869127,7.35723394455,4.852644027157
    ));
#1963 = CARTESIAN_POINT('',(13.418740936942,7.459985360418,
    5.360003798831));
#1964 = CARTESIAN_POINT('',(13.417987614409,7.618728084041,
    6.135815939774));
#1965 = VECTOR('',#1966,1.);
#1966 = DIRECTION('',(1.945560127085E-03,0.979700089385,-0.20045934664)
  );
#1967 = ADVANCED_FACE('',(#1968),#1986,.T.);
#1968 = FACE_BOUND('',#1969,.T.);
#1969 = EDGE_LOOP('',(#1970,#1971,#1979,#1985));
#1970 = ORIENTED_EDGE('',*,*,#1358,.F.);
#1971 = ORIENTED_EDGE('',*,*,#1972,.T.);
#1972 = EDGE_CURVE('',#1344,#1973,#1975,.T.);
#1973 = VERTEX_POINT('',#1974);
#1974 = CARTESIAN_POINT('',(11.305317518281,6.276513648345,
    4.544082081142));
#1975 = LINE('',#1976,#1977);
#1976 = CARTESIAN_POINT('',(11.307263078408,7.25621373773,4.343622734502
    ));
#1977 = VECTOR('',#1978,1.);
#1978 = DIRECTION('',(-1.945560127085E-03,-0.979700089385,0.20045934664)
  );
#1979 = ORIENTED_EDGE('',*,*,#1980,.T.);
#1980 = EDGE_CURVE('',#1973,#1947,#1981,.T.);
#1981 = B_SPLINE_CURVE_WITH_KNOTS('',2,(#1982,#1983,#1984),
  .UNSPECIFIED.,.F.,.F.,(3,3),(0.,1.),.PIECEWISE_BEZIER_KNOTS.);
#1982 = CARTESIAN_POINT('',(11.305317518281,6.276513648345,
    4.544082081142));
#1983 = CARTESIAN_POINT('',(12.348562103433,6.274724093415,
    4.545461253264));
#1984 = CARTESIAN_POINT('',(12.882534309,6.377533855165,5.053103373797)
  );
#1985 = ORIENTED_EDGE('',*,*,#1946,.F.);
#1986 = SURFACE_OF_LINEAR_EXTRUSION('',#1987,#1991);
#1987 = B_SPLINE_CURVE_WITH_KNOTS('',2,(#1988,#1989,#1990),
  .UNSPECIFIED.,.F.,.F.,(3,3),(0.,1.),.PIECEWISE_BEZIER_KNOTS.);
#1988 = CARTESIAN_POINT('',(11.307263078408,7.25621373773,4.343622734502
    ));
#1989 = CARTESIAN_POINT('',(12.35050766356,7.2544241828,4.345001906625)
  );
#1990 = CARTESIAN_POINT('',(12.884479869127,7.35723394455,4.852644027157
    ));
#1991 = VECTOR('',#1992,1.);
#1992 = DIRECTION('',(1.945560127085E-03,0.979700089385,-0.20045934664)
  );
#1993 = ADVANCED_FACE('',(#1994),#2012,.T.);
#1994 = FACE_BOUND('',#1995,.T.);
#1995 = EDGE_LOOP('',(#1996,#1997,#2005,#2011));
#1996 = ORIENTED_EDGE('',*,*,#1343,.F.);
#1997 = ORIENTED_EDGE('',*,*,#1998,.T.);
#1998 = EDGE_CURVE('',#1329,#1999,#2001,.T.);
#1999 = VERTEX_POINT('',#2000);
#2000 = CARTESIAN_POINT('',(10.39177707619,6.311865331633,4.707989127481
    ));
#2001 = LINE('',#2002,#2003);
#2002 = CARTESIAN_POINT('',(10.393722636317,7.291565421018,
    4.507529780842));
#2003 = VECTOR('',#2004,1.);
#2004 = DIRECTION('',(-1.945560127085E-03,-0.979700089385,0.20045934664)
  );
#2005 = ORIENTED_EDGE('',*,*,#2006,.T.);
#2006 = EDGE_CURVE('',#1999,#1973,#2007,.T.);
#2007 = B_SPLINE_CURVE_WITH_KNOTS('',2,(#2008,#2009,#2010),
  .UNSPECIFIED.,.F.,.F.,(3,3),(0.,1.),.PIECEWISE_BEZIER_KNOTS.);
#2008 = CARTESIAN_POINT('',(10.39177707619,6.311865331633,4.707989127481
    ));
#2009 = CARTESIAN_POINT('',(10.772873186439,6.277426989658,
    4.543378188316));
#2010 = CARTESIAN_POINT('',(11.305317518281,6.276513648345,
    4.544082081142));
#2011 = ORIENTED_EDGE('',*,*,#1972,.F.);
#2012 = SURFACE_OF_LINEAR_EXTRUSION('',#2013,#2017);
#2013 = B_SPLINE_CURVE_WITH_KNOTS('',2,(#2014,#2015,#2016),
  .UNSPECIFIED.,.F.,.F.,(3,3),(0.,1.),.PIECEWISE_BEZIER_KNOTS.);
#2014 = CARTESIAN_POINT('',(10.393722636317,7.291565421018,
    4.507529780842));
#2015 = CARTESIAN_POINT('',(10.774818746566,7.257127079043,
    4.342918841676));
#2016 = CARTESIAN_POINT('',(11.307263078408,7.25621373773,4.343622734502
    ));
#2017 = VECTOR('',#2018,1.);
#2018 = DIRECTION('',(1.945560127085E-03,0.979700089385,-0.20045934664)
  );
#2019 = ADVANCED_FACE('',(#2020),#2038,.T.);
#2020 = FACE_BOUND('',#2021,.T.);
#2021 = EDGE_LOOP('',(#2022,#2023,#2031,#2037));
#2022 = ORIENTED_EDGE('',*,*,#1328,.F.);
#2023 = ORIENTED_EDGE('',*,*,#2024,.T.);
#2024 = EDGE_CURVE('',#1314,#2025,#2027,.T.);
#2025 = VERTEX_POINT('',#2026);
#2026 = CARTESIAN_POINT('',(9.772284230973,6.412430640227,5.193467020487
    ));
#2027 = LINE('',#2028,#2029);
#2028 = CARTESIAN_POINT('',(9.7742297911,7.392130729612,4.993007673847)
  );
#2029 = VECTOR('',#2030,1.);
#2030 = DIRECTION('',(-1.945560127085E-03,-0.979700089385,0.20045934664)
  );
#2031 = ORIENTED_EDGE('',*,*,#2032,.T.);
#2032 = EDGE_CURVE('',#2025,#1999,#2033,.T.);
#2033 = B_SPLINE_CURVE_WITH_KNOTS('',2,(#2034,#2035,#2036),
  .UNSPECIFIED.,.F.,.F.,(3,3),(0.,1.),.PIECEWISE_BEZIER_KNOTS.);
#2034 = CARTESIAN_POINT('',(9.772284230973,6.412430640227,5.193467020487
    ));
#2035 = CARTESIAN_POINT('',(10.010681240475,6.346245822762,
    4.872317336275));
#2036 = CARTESIAN_POINT('',(10.39177707619,6.311865331633,4.707989127481
    ));
#2037 = ORIENTED_EDGE('',*,*,#1998,.F.);
#2038 = SURFACE_OF_LINEAR_EXTRUSION('',#2039,#2043);
#2039 = B_SPLINE_CURVE_WITH_KNOTS('',2,(#2040,#2041,#2042),
  .UNSPECIFIED.,.F.,.F.,(3,3),(0.,1.),.PIECEWISE_BEZIER_KNOTS.);
#2040 = CARTESIAN_POINT('',(9.7742297911,7.392130729612,4.993007673847)
  );
#2041 = CARTESIAN_POINT('',(10.012626800602,7.325945912147,
    4.671857989636));
#2042 = CARTESIAN_POINT('',(10.393722636317,7.291565421018,
    4.507529780842));
#2043 = VECTOR('',#2044,1.);
#2044 = DIRECTION('',(1.945560127085E-03,0.979700089385,-0.20045934664)
  );
#2045 = ADVANCED_FACE('',(#2046),#2064,.T.);
#2046 = FACE_BOUND('',#2047,.T.);
#2047 = EDGE_LOOP('',(#2048,#2049,#2057,#2063));
#2048 = ORIENTED_EDGE('',*,*,#1313,.F.);
#2049 = ORIENTED_EDGE('',*,*,#2050,.T.);
#2050 = EDGE_CURVE('',#1303,#2051,#2053,.T.);
#2051 = VERTEX_POINT('',#2052);
#2052 = CARTESIAN_POINT('',(9.472961772676,6.546578458539,5.846179313247
    ));
#2053 = LINE('',#2054,#2055);
#2054 = CARTESIAN_POINT('',(9.474907332803,7.526278547923,5.645719966607
    ));
#2055 = VECTOR('',#2056,1.);
#2056 = DIRECTION('',(-1.945560127085E-03,-0.979700089385,0.20045934664)
  );
#2057 = ORIENTED_EDGE('',*,*,#2058,.T.);
#2058 = EDGE_CURVE('',#2051,#2025,#2059,.T.);
#2059 = B_SPLINE_CURVE_WITH_KNOTS('',2,(#2060,#2061,#2062),
  .UNSPECIFIED.,.F.,.F.,(3,3),(0.,1.),.PIECEWISE_BEZIER_KNOTS.);
#2060 = CARTESIAN_POINT('',(9.472961772676,6.546578458539,5.846179313247
    ));
#2061 = CARTESIAN_POINT('',(9.533887496005,6.478557606846,5.514333974327
    ));
#2062 = CARTESIAN_POINT('',(9.772284230973,6.412430640227,5.193467020487
    ));
#2063 = ORIENTED_EDGE('',*,*,#2024,.F.);
#2064 = SURFACE_OF_LINEAR_EXTRUSION('',#2065,#2069);
#2065 = B_SPLINE_CURVE_WITH_KNOTS('',2,(#2066,#2067,#2068),
  .UNSPECIFIED.,.F.,.F.,(3,3),(0.,1.),.PIECEWISE_BEZIER_KNOTS.);
#2066 = CARTESIAN_POINT('',(9.474907332803,7.526278547923,5.645719966607
    ));
#2067 = CARTESIAN_POINT('',(9.535833056132,7.458257696231,5.313874627687
    ));
#2068 = CARTESIAN_POINT('',(9.7742297911,7.392130729612,4.993007673847)
  );
#2069 = VECTOR('',#2070,1.);
#2070 = DIRECTION('',(1.945560127085E-03,0.979700089385,-0.20045934664)
  );
#2071 = ADVANCED_FACE('',(#2072),#2090,.T.);
#2072 = FACE_BOUND('',#2073,.T.);
#2073 = EDGE_LOOP('',(#2074,#2075,#2083,#2089));
#2074 = ORIENTED_EDGE('',*,*,#1302,.F.);
#2075 = ORIENTED_EDGE('',*,*,#2076,.T.);
#2076 = EDGE_CURVE('',#1296,#2077,#2079,.T.);
#2077 = VERTEX_POINT('',#2078);
#2078 = CARTESIAN_POINT('',(9.411477646273,6.732267932625,6.753098228945
    ));
#2079 = LINE('',#2080,#2081);
#2080 = CARTESIAN_POINT('',(9.4134232064,7.71196802201,6.552638882306));
#2081 = VECTOR('',#2082,1.);
#2082 = DIRECTION('',(-1.945560127085E-03,-0.979700089385,0.20045934664)
  );
#2083 = ORIENTED_EDGE('',*,*,#2084,.T.);
#2084 = EDGE_CURVE('',#2077,#2051,#2085,.T.);
#2085 = B_SPLINE_CURVE_WITH_KNOTS('',2,(#2086,#2087,#2088),
  .UNSPECIFIED.,.F.,.F.,(3,3),(0.,1.),.PIECEWISE_BEZIER_KNOTS.);
#2086 = CARTESIAN_POINT('',(9.411477646273,6.732267932625,6.753098228945
    ));
#2087 = CARTESIAN_POINT('',(9.412036049346,6.614599310231,6.178024652167
    ));
#2088 = CARTESIAN_POINT('',(9.472961772676,6.546578458539,5.846179313247
    ));
#2089 = ORIENTED_EDGE('',*,*,#2050,.F.);
#2090 = SURFACE_OF_LINEAR_EXTRUSION('',#2091,#2095);
#2091 = B_SPLINE_CURVE_WITH_KNOTS('',2,(#2092,#2093,#2094),
  .UNSPECIFIED.,.F.,.F.,(3,3),(0.,1.),.PIECEWISE_BEZIER_KNOTS.);
#2092 = CARTESIAN_POINT('',(9.4134232064,7.71196802201,6.552638882306));
#2093 = CARTESIAN_POINT('',(9.413981609473,7.594299399616,5.977565305528
    ));
#2094 = CARTESIAN_POINT('',(9.474907332803,7.526278547923,5.645719966607
    ));
#2095 = VECTOR('',#2096,1.);
#2096 = DIRECTION('',(1.945560127085E-03,0.979700089385,-0.20045934664)
  );
#2097 = ADVANCED_FACE('',(#2098),#2116,.T.);
#2098 = FACE_BOUND('',#2099,.T.);
#2099 = EDGE_LOOP('',(#2100,#2101,#2109,#2115));
#2100 = ORIENTED_EDGE('',*,*,#1295,.F.);
#2101 = ORIENTED_EDGE('',*,*,#2102,.T.);
#2102 = EDGE_CURVE('',#1286,#2103,#2105,.T.);
#2103 = VERTEX_POINT('',#2104);
#2104 = CARTESIAN_POINT('',(9.411235506887,6.783292379504,7.002466417105
    ));
#2105 = LINE('',#2106,#2107);
#2106 = CARTESIAN_POINT('',(9.413181067014,7.762992468889,6.802007070466
    ));
#2107 = VECTOR('',#2108,1.);
#2108 = DIRECTION('',(-1.945560127085E-03,-0.979700089385,0.20045934664)
  );
#2109 = ORIENTED_EDGE('',*,*,#2110,.T.);
#2110 = EDGE_CURVE('',#2103,#2077,#2111,.T.);
#2111 = LINE('',#2112,#2113);
#2112 = CARTESIAN_POINT('',(9.411235506887,6.783292379504,7.002466417105
    ));
#2113 = VECTOR('',#2114,1.);
#2114 = DIRECTION('',(9.513010912701E-04,-0.200461448574,-0.979701129254
    ));
#2115 = ORIENTED_EDGE('',*,*,#2076,.F.);
#2116 = PLANE('',#2117);
#2117 = AXIS2_PLACEMENT_3D('',#2118,#2119,#2120);
#2118 = CARTESIAN_POINT('',(9.413181067014,7.762992468889,6.802007070466
    ));
#2119 = DIRECTION('',(0.999997654908,-1.715370258324E-03,
    1.321999565512E-03));
#2120 = DIRECTION('',(9.513010912701E-04,-0.200461448574,-0.979701129254
    ));
#2121 = ADVANCED_FACE('',(#2122),#2140,.T.);
#2122 = FACE_BOUND('',#2123,.T.);
#2123 = EDGE_LOOP('',(#2124,#2125,#2133,#2139));
#2124 = ORIENTED_EDGE('',*,*,#1285,.F.);
#2125 = ORIENTED_EDGE('',*,*,#2126,.T.);
#2126 = EDGE_CURVE('',#1276,#2127,#2129,.T.);
#2127 = VERTEX_POINT('',#2128);
#2128 = CARTESIAN_POINT('',(10.978266792469,6.780604334339,
    7.004538036642));
#2129 = LINE('',#2130,#2131);
#2130 = CARTESIAN_POINT('',(10.980212352596,7.760304423724,
    6.804078690003));
#2131 = VECTOR('',#2132,1.);
#2132 = DIRECTION('',(-1.945560127085E-03,-0.979700089385,0.20045934664)
  );
#2133 = ORIENTED_EDGE('',*,*,#2134,.T.);
#2134 = EDGE_CURVE('',#2127,#2103,#2135,.T.);
#2135 = LINE('',#2136,#2137);
#2136 = CARTESIAN_POINT('',(10.978266792469,6.780604334339,
    7.004538036642));
#2137 = VECTOR('',#2138,1.);
#2138 = DIRECTION('',(-0.999997654908,1.715370258324E-03,
    -1.321999565512E-03));
#2139 = ORIENTED_EDGE('',*,*,#2102,.F.);
#2140 = PLANE('',#2141);
#2141 = AXIS2_PLACEMENT_3D('',#2142,#2143,#2144);
#2142 = CARTESIAN_POINT('',(10.980212352596,7.760304423724,
    6.804078690003));
#2143 = DIRECTION('',(9.513010912701E-04,-0.200461448574,-0.979701129254
    ));
#2144 = DIRECTION('',(-0.999997654908,1.715370258324E-03,
    -1.321999565512E-03));
#2145 = ADVANCED_FACE('',(#2146),#2164,.T.);
#2146 = FACE_BOUND('',#2147,.T.);
#2147 = EDGE_LOOP('',(#2148,#2149,#2157,#2163));
#2148 = ORIENTED_EDGE('',*,*,#1275,.T.);
#2149 = ORIENTED_EDGE('',*,*,#2150,.T.);
#2150 = EDGE_CURVE('',#1259,#2151,#2153,.T.);
#2151 = VERTEX_POINT('',#2152);
#2152 = CARTESIAN_POINT('',(10.978900692516,6.647026729075,
    6.351713607547));
#2153 = LINE('',#2154,#2155);
#2154 = CARTESIAN_POINT('',(10.980846252643,7.62672681846,6.151254260907
    ));
#2155 = VECTOR('',#2156,1.);
#2156 = DIRECTION('',(-1.945560127085E-03,-0.979700089385,0.20045934664)
  );
#2157 = ORIENTED_EDGE('',*,*,#2158,.T.);
#2158 = EDGE_CURVE('',#2151,#2127,#2159,.T.);
#2159 = LINE('',#2160,#2161);
#2160 = CARTESIAN_POINT('',(10.978900692516,6.647026729075,
    6.351713607547));
#2161 = VECTOR('',#2162,1.);
#2162 = DIRECTION('',(-9.513010912701E-04,0.200461448574,0.979701129254)
  );
#2163 = ORIENTED_EDGE('',*,*,#2126,.F.);
#2164 = PLANE('',#2165);
#2165 = AXIS2_PLACEMENT_3D('',#2166,#2167,#2168);
#2166 = CARTESIAN_POINT('',(10.980846252643,7.62672681846,6.151254260907
    ));
#2167 = DIRECTION('',(-0.999997654908,1.715370258324E-03,
    -1.321999565512E-03));
#2168 = DIRECTION('',(-9.513010912701E-04,0.200461448574,0.979701129254)
  );
#2169 = ADVANCED_FACE('',(#2170),#2188,.T.);
#2170 = FACE_BOUND('',#2171,.T.);
#2171 = EDGE_LOOP('',(#2172,#2173,#2181,#2187));
#2172 = ORIENTED_EDGE('',*,*,#1258,.F.);
#2173 = ORIENTED_EDGE('',*,*,#2174,.T.);
#2174 = EDGE_CURVE('',#1244,#2175,#2177,.T.);
#2175 = VERTEX_POINT('',#2176);
#2176 = CARTESIAN_POINT('',(11.076743079372,6.522885537267,5.74595099034
    ));
#2177 = LINE('',#2178,#2179);
#2178 = CARTESIAN_POINT('',(11.0786886395,7.502585626652,5.545491643701)
  );
#2179 = VECTOR('',#2180,1.);
#2180 = DIRECTION('',(-1.945560127085E-03,-0.979700089385,0.20045934664)
  );
#2181 = ORIENTED_EDGE('',*,*,#2182,.T.);
#2182 = EDGE_CURVE('',#2175,#2151,#2183,.T.);
#2183 = B_SPLINE_CURVE_WITH_KNOTS('',2,(#2184,#2185,#2186),
  .UNSPECIFIED.,.F.,.F.,(3,3),(0.,1.),.PIECEWISE_BEZIER_KNOTS.);
#2184 = CARTESIAN_POINT('',(11.076743079372,6.522885537267,5.74595099034
    ));
#2185 = CARTESIAN_POINT('',(10.979341045775,6.554233970805,
    5.898214090757));
#2186 = CARTESIAN_POINT('',(10.978900692516,6.647026729075,
    6.351713607547));
#2187 = ORIENTED_EDGE('',*,*,#2150,.F.);
#2188 = SURFACE_OF_LINEAR_EXTRUSION('',#2189,#2193);
#2189 = B_SPLINE_CURVE_WITH_KNOTS('',2,(#2190,#2191,#2192),
  .UNSPECIFIED.,.F.,.F.,(3,3),(0.,1.),.PIECEWISE_BEZIER_KNOTS.);
#2190 = CARTESIAN_POINT('',(11.0786886395,7.502585626652,5.545491643701)
  );
#2191 = CARTESIAN_POINT('',(10.981286605902,7.53393406019,5.697754744117
    ));
#2192 = CARTESIAN_POINT('',(10.980846252643,7.62672681846,6.151254260907
    ));
#2193 = VECTOR('',#2194,1.);
#2194 = DIRECTION('',(1.945560127085E-03,0.979700089385,-0.20045934664)
  );
#2195 = ADVANCED_FACE('',(#2196),#2214,.T.);
#2196 = FACE_BOUND('',#2197,.T.);
#2197 = EDGE_LOOP('',(#2198,#2199,#2207,#2213));
#2198 = ORIENTED_EDGE('',*,*,#1243,.F.);
#2199 = ORIENTED_EDGE('',*,*,#2200,.T.);
#2200 = EDGE_CURVE('',#1229,#2201,#2203,.T.);
#2201 = VERTEX_POINT('',#2202);
#2202 = CARTESIAN_POINT('',(11.373559497696,6.491137183046,
    5.593668785537));
#2203 = LINE('',#2204,#2205);
#2204 = CARTESIAN_POINT('',(11.375505057823,7.470837272431,
    5.393209438897));
#2205 = VECTOR('',#2206,1.);
#2206 = DIRECTION('',(-1.945560127085E-03,-0.979700089385,0.20045934664)
  );
#2207 = ORIENTED_EDGE('',*,*,#2208,.T.);
#2208 = EDGE_CURVE('',#2201,#2175,#2209,.T.);
#2209 = B_SPLINE_CURVE_WITH_KNOTS('',2,(#2210,#2211,#2212),
  .UNSPECIFIED.,.F.,.F.,(3,3),(0.,1.),.PIECEWISE_BEZIER_KNOTS.);
#2210 = CARTESIAN_POINT('',(11.373559497696,6.491137183046,
    5.593668785537));
#2211 = CARTESIAN_POINT('',(11.174433975218,6.491478757846,
    5.593405541065));
#2212 = CARTESIAN_POINT('',(11.076743079372,6.522885537267,5.74595099034
    ));
#2213 = ORIENTED_EDGE('',*,*,#2174,.F.);
#2214 = SURFACE_OF_LINEAR_EXTRUSION('',#2215,#2219);
#2215 = B_SPLINE_CURVE_WITH_KNOTS('',2,(#2216,#2217,#2218),
  .UNSPECIFIED.,.F.,.F.,(3,3),(0.,1.),.PIECEWISE_BEZIER_KNOTS.);
#2216 = CARTESIAN_POINT('',(11.375505057823,7.470837272431,
    5.393209438897));
#2217 = CARTESIAN_POINT('',(11.176379535345,7.471178847231,
    5.392946194426));
#2218 = CARTESIAN_POINT('',(11.0786886395,7.502585626652,5.545491643701)
  );
#2219 = VECTOR('',#2220,1.);
#2220 = DIRECTION('',(1.945560127085E-03,0.979700089385,-0.20045934664)
  );
#2221 = ADVANCED_FACE('',(#2222),#2240,.T.);
#2222 = FACE_BOUND('',#2223,.T.);
#2223 = EDGE_LOOP('',(#2224,#2225,#2233,#2239));
#2224 = ORIENTED_EDGE('',*,*,#1228,.F.);
#2225 = ORIENTED_EDGE('',*,*,#2226,.T.);
#2226 = EDGE_CURVE('',#1214,#2227,#2229,.T.);
#2227 = VERTEX_POINT('',#2228);
#2228 = CARTESIAN_POINT('',(11.669804832355,6.518917845219,
    5.732315752074));
#2229 = LINE('',#2230,#2231);
#2230 = CARTESIAN_POINT('',(11.671750392482,7.498617934604,
    5.531856405434));
#2231 = VECTOR('',#2232,1.);
#2232 = DIRECTION('',(-1.945560127085E-03,-0.979700089385,0.20045934664)
  );
#2233 = ORIENTED_EDGE('',*,*,#2234,.T.);
#2234 = EDGE_CURVE('',#2227,#2201,#2235,.T.);
#2235 = B_SPLINE_CURVE_WITH_KNOTS('',2,(#2236,#2237,#2238),
  .UNSPECIFIED.,.F.,.F.,(3,3),(0.,1.),.PIECEWISE_BEZIER_KNOTS.);
#2236 = CARTESIAN_POINT('',(11.669804832355,6.518917845219,
    5.732315752074));
#2237 = CARTESIAN_POINT('',(11.572685020173,6.490795608246,
    5.593932030008));
#2238 = CARTESIAN_POINT('',(11.373559497696,6.491137183046,
    5.593668785537));
#2239 = ORIENTED_EDGE('',*,*,#2200,.F.);
#2240 = SURFACE_OF_LINEAR_EXTRUSION('',#2241,#2245);
#2241 = B_SPLINE_CURVE_WITH_KNOTS('',2,(#2242,#2243,#2244),
  .UNSPECIFIED.,.F.,.F.,(3,3),(0.,1.),.PIECEWISE_BEZIER_KNOTS.);
#2242 = CARTESIAN_POINT('',(11.671750392482,7.498617934604,
    5.531856405434));
#2243 = CARTESIAN_POINT('',(11.5746305803,7.470495697631,5.393472683369)
  );
#2244 = CARTESIAN_POINT('',(11.375505057823,7.470837272431,
    5.393209438897));
#2245 = VECTOR('',#2246,1.);
#2246 = DIRECTION('',(1.945560127085E-03,0.979700089385,-0.20045934664)
  );
#2247 = ADVANCED_FACE('',(#2248),#2266,.T.);
#2248 = FACE_BOUND('',#2249,.T.);
#2249 = EDGE_LOOP('',(#2250,#2251,#2259,#2265));
#2250 = ORIENTED_EDGE('',*,*,#1213,.F.);
#2251 = ORIENTED_EDGE('',*,*,#2252,.T.);
#2252 = EDGE_CURVE('',#1197,#2253,#2255,.T.);
#2253 = VERTEX_POINT('',#2254);
#2254 = CARTESIAN_POINT('',(11.766940619541,6.604485478031,
    6.151451115112));
#2255 = LINE('',#2256,#2257);
#2256 = CARTESIAN_POINT('',(11.768886179668,7.584185567416,
    5.950991768472));
#2257 = VECTOR('',#2258,1.);
#2258 = DIRECTION('',(-1.945560127085E-03,-0.979700089385,0.20045934664)
  );
#2259 = ORIENTED_EDGE('',*,*,#2260,.T.);
#2260 = EDGE_CURVE('',#2253,#2227,#2261,.T.);
#2261 = B_SPLINE_CURVE_WITH_KNOTS('',2,(#2262,#2263,#2264),
  .UNSPECIFIED.,.F.,.F.,(3,3),(0.,1.),.PIECEWISE_BEZIER_KNOTS.);
#2262 = CARTESIAN_POINT('',(11.766940619541,6.604485478031,
    6.151451115112));
#2263 = CARTESIAN_POINT('',(11.767213232251,6.547039587157,
    5.870699855652));
#2264 = CARTESIAN_POINT('',(11.669804832355,6.518917845219,
    5.732315752074));
#2265 = ORIENTED_EDGE('',*,*,#2226,.F.);
#2266 = SURFACE_OF_LINEAR_EXTRUSION('',#2267,#2271);
#2267 = B_SPLINE_CURVE_WITH_KNOTS('',2,(#2268,#2269,#2270),
  .UNSPECIFIED.,.F.,.F.,(3,3),(0.,1.),.PIECEWISE_BEZIER_KNOTS.);
#2268 = CARTESIAN_POINT('',(11.768886179668,7.584185567416,
    5.950991768472));
#2269 = CARTESIAN_POINT('',(11.769158792378,7.526739676542,
    5.670240509013));
#2270 = CARTESIAN_POINT('',(11.671750392482,7.498617934604,
    5.531856405434));
#2271 = VECTOR('',#2272,1.);
#2272 = DIRECTION('',(1.945560127085E-03,0.979700089385,-0.20045934664)
  );
#2273 = ADVANCED_FACE('',(#2274),#2292,.T.);
#2274 = FACE_BOUND('',#2275,.T.);
#2275 = EDGE_LOOP('',(#2276,#2277,#2285,#2291));
#2276 = ORIENTED_EDGE('',*,*,#1196,.F.);
#2277 = ORIENTED_EDGE('',*,*,#2278,.T.);
#2278 = EDGE_CURVE('',#1155,#2279,#2281,.T.);
#2279 = VERTEX_POINT('',#2280);
#2280 = CARTESIAN_POINT('',(11.443310682494,6.813417678393,
    7.169419382939));
#2281 = LINE('',#2282,#2283);
#2282 = CARTESIAN_POINT('',(11.445256242621,7.793117767777,
    6.968960036299));
#2283 = VECTOR('',#2284,1.);
#2284 = DIRECTION('',(-1.945560127085E-03,-0.979700089385,0.20045934664)
  );
#2285 = ORIENTED_EDGE('',*,*,#2286,.T.);
#2286 = EDGE_CURVE('',#2279,#2253,#2287,.T.);
#2287 = B_SPLINE_CURVE_WITH_KNOTS('',2,(#2288,#2289,#2290),
  .UNSPECIFIED.,.F.,.F.,(3,3),(0.,1.),.PIECEWISE_BEZIER_KNOTS.);
#2288 = CARTESIAN_POINT('',(11.443310682494,6.813417678393,
    7.169419382939));
#2289 = CARTESIAN_POINT('',(11.766585646497,6.679286622945,6.51702148619
    ));
#2290 = CARTESIAN_POINT('',(11.766940619541,6.604485478031,
    6.151451115112));
#2291 = ORIENTED_EDGE('',*,*,#2252,.F.);
#2292 = SURFACE_OF_LINEAR_EXTRUSION('',#2293,#2297);
#2293 = B_SPLINE_CURVE_WITH_KNOTS('',2,(#2294,#2295,#2296),
  .UNSPECIFIED.,.F.,.F.,(3,3),(0.,1.),.PIECEWISE_BEZIER_KNOTS.);
#2294 = CARTESIAN_POINT('',(11.445256242621,7.793117767777,
    6.968960036299));
#2295 = CARTESIAN_POINT('',(11.768531206624,7.65898671233,6.316562139551
    ));
#2296 = CARTESIAN_POINT('',(11.768886179668,7.584185567416,
    5.950991768472));
#2297 = VECTOR('',#2298,1.);
#2298 = DIRECTION('',(1.945560127085E-03,0.979700089385,-0.20045934664)
  );
#2299 = ADVANCED_FACE('',(#2300),#2318,.T.);
#2300 = FACE_BOUND('',#2301,.T.);
#2301 = EDGE_LOOP('',(#2302,#2303,#2311,#2317));
#2302 = ORIENTED_EDGE('',*,*,#1154,.F.);
#2303 = ORIENTED_EDGE('',*,*,#2304,.T.);
#2304 = EDGE_CURVE('',#1145,#2305,#2307,.T.);
#2305 = VERTEX_POINT('',#2306);
#2306 = CARTESIAN_POINT('',(9.407774176532,7.512675855977,
    10.567130948086));
#2307 = LINE('',#2308,#2309);
#2308 = CARTESIAN_POINT('',(9.409719736659,8.492375945362,
    10.366671601446));
#2309 = VECTOR('',#2310,1.);
#2310 = DIRECTION('',(-1.945560127085E-03,-0.979700089385,0.20045934664)
  );
#2311 = ORIENTED_EDGE('',*,*,#2312,.T.);
#2312 = EDGE_CURVE('',#2305,#2279,#2313,.T.);
#2313 = B_SPLINE_CURVE_WITH_KNOTS('',2,(#2314,#2315,#2316),
  .UNSPECIFIED.,.F.,.F.,(3,3),(0.,1.),.PIECEWISE_BEZIER_KNOTS.);
#2314 = CARTESIAN_POINT('',(9.407774176531,7.512675855977,
    10.567130948086));
#2315 = CARTESIAN_POINT('',(11.120324306205,6.947548238804,
    7.821817661201));
#2316 = CARTESIAN_POINT('',(11.443310682494,6.813417678393,
    7.169419382939));
#2317 = ORIENTED_EDGE('',*,*,#2278,.F.);
#2318 = SURFACE_OF_LINEAR_EXTRUSION('',#2319,#2323);
#2319 = B_SPLINE_CURVE_WITH_KNOTS('',2,(#2320,#2321,#2322),
  .UNSPECIFIED.,.F.,.F.,(3,3),(0.,1.),.PIECEWISE_BEZIER_KNOTS.);
#2320 = CARTESIAN_POINT('',(9.409719736659,8.492375945362,
    10.366671601446));
#2321 = CARTESIAN_POINT('',(11.122269866332,7.927248328189,
    7.621358314562));
#2322 = CARTESIAN_POINT('',(11.445256242621,7.793117767777,
    6.968960036299));
#2323 = VECTOR('',#2324,1.);
#2324 = DIRECTION('',(1.945560127085E-03,0.979700089385,-0.20045934664)
  );
#2325 = ADVANCED_FACE('',(#2326),#2344,.T.);
#2326 = FACE_BOUND('',#2327,.T.);
#2327 = EDGE_LOOP('',(#2328,#2329,#2337,#2343));
#2328 = ORIENTED_EDGE('',*,*,#1144,.F.);
#2329 = ORIENTED_EDGE('',*,*,#2330,.T.);
#2330 = EDGE_CURVE('',#1132,#2331,#2333,.T.);
#2331 = VERTEX_POINT('',#2332);
#2332 = CARTESIAN_POINT('',(9.406825385469,7.712608382523,
    11.544247113938));
#2333 = LINE('',#2334,#2335);
#2334 = CARTESIAN_POINT('',(9.408770945597,8.692308471908,
    11.343787767299));
#2335 = VECTOR('',#2336,1.);
#2336 = DIRECTION('',(-1.945560127085E-03,-0.979700089385,0.20045934664)
  );
#2337 = ORIENTED_EDGE('',*,*,#2338,.T.);
#2338 = EDGE_CURVE('',#2331,#2305,#2339,.T.);
#2339 = LINE('',#2340,#2341);
#2340 = CARTESIAN_POINT('',(9.406825385469,7.712608382523,
    11.544247113938));
#2341 = VECTOR('',#2342,1.);
#2342 = DIRECTION('',(9.513010912701E-04,-0.200461448574,-0.979701129254
    ));
#2343 = ORIENTED_EDGE('',*,*,#2304,.F.);
#2344 = PLANE('',#2345);
#2345 = AXIS2_PLACEMENT_3D('',#2346,#2347,#2348);
#2346 = CARTESIAN_POINT('',(9.408770945597,8.692308471908,
    11.343787767299));
#2347 = DIRECTION('',(0.999997654908,-1.715370258324E-03,
    1.321999565512E-03));
#2348 = DIRECTION('',(9.513010912701E-04,-0.200461448574,-0.979701129254
    ));
#2349 = ADVANCED_FACE('',(#2350),#2361,.T.);
#2350 = FACE_BOUND('',#2351,.T.);
#2351 = EDGE_LOOP('',(#2352,#2353,#2354,#2360));
#2352 = ORIENTED_EDGE('',*,*,#1131,.F.);
#2353 = ORIENTED_EDGE('',*,*,#1855,.T.);
#2354 = ORIENTED_EDGE('',*,*,#2355,.T.);
#2355 = EDGE_CURVE('',#1848,#2331,#2356,.T.);
#2356 = LINE('',#2357,#2358);
#2357 = CARTESIAN_POINT('',(13.255142548127,7.706007078237,
    11.549334599486));
#2358 = VECTOR('',#2359,1.);
#2359 = DIRECTION('',(-0.999997654908,1.715370258324E-03,
    -1.321999565512E-03));
#2360 = ORIENTED_EDGE('',*,*,#2330,.F.);
#2361 = PLANE('',#2362);
#2362 = AXIS2_PLACEMENT_3D('',#2363,#2364,#2365);
#2363 = CARTESIAN_POINT('',(13.257088108254,8.685707167621,
    11.348875252846));
#2364 = DIRECTION('',(9.513010912701E-04,-0.200461448574,-0.979701129254
    ));
#2365 = DIRECTION('',(-0.999997654908,1.715370258324E-03,
    -1.321999565512E-03));
#2366 = ADVANCED_FACE('',(#2367),#2380,.T.);
#2367 = FACE_BOUND('',#2368,.T.);
#2368 = EDGE_LOOP('',(#2369,#2370,#2371,#2372,#2373,#2374,#2375,#2376,
    #2377,#2378,#2379));
#2369 = ORIENTED_EDGE('',*,*,#1583,.F.);
#2370 = ORIENTED_EDGE('',*,*,#1614,.F.);
#2371 = ORIENTED_EDGE('',*,*,#1638,.F.);
#2372 = ORIENTED_EDGE('',*,*,#1662,.F.);
#2373 = ORIENTED_EDGE('',*,*,#1686,.F.);
#2374 = ORIENTED_EDGE('',*,*,#1710,.F.);
#2375 = ORIENTED_EDGE('',*,*,#1734,.F.);
#2376 = ORIENTED_EDGE('',*,*,#1758,.F.);
#2377 = ORIENTED_EDGE('',*,*,#1782,.F.);
#2378 = ORIENTED_EDGE('',*,*,#1806,.F.);
#2379 = ORIENTED_EDGE('',*,*,#1823,.F.);
#2380 = PLANE('',#2381);
#2381 = AXIS2_PLACEMENT_3D('',#2382,#2383,#2384);
#2382 = CARTESIAN_POINT('',(6.809881039504,7.020475912802,8.136400259827
    ));
#2383 = DIRECTION('',(1.945560127085E-03,0.979700089385,-0.20045934664)
  );
#2384 = DIRECTION('',(0.999997654908,-1.715370258324E-03,
    1.321999565512E-03));
#2385 = ADVANCED_FACE('',(#2386),#2409,.T.);
#2386 = FACE_BOUND('',#2387,.T.);
#2387 = EDGE_LOOP('',(#2388,#2389,#2390,#2391,#2392,#2393,#2394,#2395,
    #2396,#2397,#2398,#2399,#2400,#2401,#2402,#2403,#2404,#2405,#2406,
    #2407,#2408));
#2388 = ORIENTED_EDGE('',*,*,#1847,.F.);
#2389 = ORIENTED_EDGE('',*,*,#1878,.F.);
#2390 = ORIENTED_EDGE('',*,*,#1902,.F.);
#2391 = ORIENTED_EDGE('',*,*,#1928,.F.);
#2392 = ORIENTED_EDGE('',*,*,#1954,.F.);
#2393 = ORIENTED_EDGE('',*,*,#1980,.F.);
#2394 = ORIENTED_EDGE('',*,*,#2006,.F.);
#2395 = ORIENTED_EDGE('',*,*,#2032,.F.);
#2396 = ORIENTED_EDGE('',*,*,#2058,.F.);
#2397 = ORIENTED_EDGE('',*,*,#2084,.F.);
#2398 = ORIENTED_EDGE('',*,*,#2110,.F.);
#2399 = ORIENTED_EDGE('',*,*,#2134,.F.);
#2400 = ORIENTED_EDGE('',*,*,#2158,.F.);
#2401 = ORIENTED_EDGE('',*,*,#2182,.F.);
#2402 = ORIENTED_EDGE('',*,*,#2208,.F.);
#2403 = ORIENTED_EDGE('',*,*,#2234,.F.);
#2404 = ORIENTED_EDGE('',*,*,#2260,.F.);
#2405 = ORIENTED_EDGE('',*,*,#2286,.F.);
#2406 = ORIENTED_EDGE('',*,*,#2312,.F.);
#2407 = ORIENTED_EDGE('',*,*,#2338,.F.);
#2408 = ORIENTED_EDGE('',*,*,#2355,.F.);
#2409 = PLANE('',#2410);
#2410 = AXIS2_PLACEMENT_3D('',#2411,#2412,#2413);
#2411 = CARTESIAN_POINT('',(11.390914149254,7.014873304207,
    8.153480028246));
#2412 = DIRECTION('',(1.945560127085E-03,0.979700089385,-0.20045934664)
  );
#2413 = DIRECTION('',(0.999997654908,-1.715370258324E-03,
    1.321999565512E-03));
#2414 = ADVANCED_FACE('',(#2415),#2443,.T.);
#2415 = FACE_BOUND('',#2416,.T.);
#2416 = EDGE_LOOP('',(#2417,#2418,#2425,#2434,#2441,#2442));
#2417 = ORIENTED_EDGE('',*,*,#60,.F.);
#2418 = ORIENTED_EDGE('',*,*,#2419,.T.);
#2419 = EDGE_CURVE('',#24,#2420,#2422,.T.);
#2420 = VERTEX_POINT('',#2421);
#2421 = CARTESIAN_POINT('',(9.,0.,6.252832774127));
#2422 = B_SPLINE_CURVE_WITH_KNOTS('',1,(#2423,#2424),.UNSPECIFIED.,.F.,
  .F.,(2,2),(3.83616915466,9.748860742939),.PIECEWISE_BEZIER_KNOTS.);
#2423 = CARTESIAN_POINT('',(9.,5.912691588279,6.252832774127));
#2424 = CARTESIAN_POINT('',(9.,0.,6.252832774127));
#2425 = ORIENTED_EDGE('',*,*,#2426,.F.);
#2426 = EDGE_CURVE('',#2427,#2420,#2429,.T.);
#2427 = VERTEX_POINT('',#2428);
#2428 = CARTESIAN_POINT('',(9.,0.,11.672832774127));
#2429 = CIRCLE('',#2430,2.71);
#2430 = AXIS2_PLACEMENT_3D('',#2431,#2432,#2433);
#2431 = CARTESIAN_POINT('',(9.,0.,8.962832774127));
#2432 = DIRECTION('',(0.,-1.,0.));
#2433 = DIRECTION('',(0.,0.,-1.));
#2434 = ORIENTED_EDGE('',*,*,#2435,.F.);
#2435 = EDGE_CURVE('',#2420,#2427,#2436,.T.);
#2436 = CIRCLE('',#2437,2.71);
#2437 = AXIS2_PLACEMENT_3D('',#2438,#2439,#2440);
#2438 = CARTESIAN_POINT('',(9.,0.,8.962832774127));
#2439 = DIRECTION('',(0.,-1.,0.));
#2440 = DIRECTION('',(0.,0.,-1.));
#2441 = ORIENTED_EDGE('',*,*,#2419,.F.);
#2442 = ORIENTED_EDGE('',*,*,#21,.F.);
#2443 = CYLINDRICAL_SURFACE('',#2444,2.71);
#2444 = AXIS2_PLACEMENT_3D('',#2445,#2446,#2447);
#2445 = CARTESIAN_POINT('',(9.,9.748860742939,8.962832774127));
#2446 = DIRECTION('',(0.,-1.,0.));
#2447 = DIRECTION('',(0.,0.,-1.));
#2448 = ADVANCED_FACE('',(#2449,#2547),#2551,.T.);
#2449 = FACE_BOUND('',#2450,.T.);
#2450 = EDGE_LOOP('',(#2451,#2461,#2469,#2477,#2485,#2493,#2501,#2509,
    #2517,#2525,#2533,#2541));
#2451 = ORIENTED_EDGE('',*,*,#2452,.F.);
#2452 = EDGE_CURVE('',#2453,#2455,#2457,.T.);
#2453 = VERTEX_POINT('',#2454);
#2454 = CARTESIAN_POINT('',(11.5,0.,9.562832774127));
#2455 = VERTEX_POINT('',#2456);
#2456 = CARTESIAN_POINT('',(9.6,0.,9.562832774127));
#2457 = LINE('',#2458,#2459);
#2458 = CARTESIAN_POINT('',(9.6,0.,9.562832774127));
#2459 = VECTOR('',#2460,1.);
#2460 = DIRECTION('',(-1.,-0.,-0.));
#2461 = ORIENTED_EDGE('',*,*,#2462,.T.);
#2462 = EDGE_CURVE('',#2453,#2463,#2465,.T.);
#2463 = VERTEX_POINT('',#2464);
#2464 = CARTESIAN_POINT('',(11.5,0.,8.362832774127));
#2465 = LINE('',#2466,#2467);
#2466 = CARTESIAN_POINT('',(11.5,0.,8.362832774127));
#2467 = VECTOR('',#2468,1.);
#2468 = DIRECTION('',(0.,0.,-1.));
#2469 = ORIENTED_EDGE('',*,*,#2470,.F.);
#2470 = EDGE_CURVE('',#2471,#2463,#2473,.T.);
#2471 = VERTEX_POINT('',#2472);
#2472 = CARTESIAN_POINT('',(9.6,0.,8.362832774127));
#2473 = LINE('',#2474,#2475);
#2474 = CARTESIAN_POINT('',(9.6,0.,8.362832774127));
#2475 = VECTOR('',#2476,1.);
#2476 = DIRECTION('',(1.,0.,0.));
#2477 = ORIENTED_EDGE('',*,*,#2478,.F.);
#2478 = EDGE_CURVE('',#2479,#2471,#2481,.T.);
#2479 = VERTEX_POINT('',#2480);
#2480 = CARTESIAN_POINT('',(9.6,0.,6.462832774127));
#2481 = LINE('',#2482,#2483);
#2482 = CARTESIAN_POINT('',(9.6,0.,6.962832774127));
#2483 = VECTOR('',#2484,1.);
#2484 = DIRECTION('',(0.,0.,1.));
#2485 = ORIENTED_EDGE('',*,*,#2486,.T.);
#2486 = EDGE_CURVE('',#2479,#2487,#2489,.T.);
#2487 = VERTEX_POINT('',#2488);
#2488 = CARTESIAN_POINT('',(8.4,0.,6.462832774127));
#2489 = LINE('',#2490,#2491);
#2490 = CARTESIAN_POINT('',(8.4,0.,6.462832774127));
#2491 = VECTOR('',#2492,1.);
#2492 = DIRECTION('',(-1.,0.,0.));
#2493 = ORIENTED_EDGE('',*,*,#2494,.F.);
#2494 = EDGE_CURVE('',#2495,#2487,#2497,.T.);
#2495 = VERTEX_POINT('',#2496);
#2496 = CARTESIAN_POINT('',(8.4,0.,8.362832774127));
#2497 = LINE('',#2498,#2499);
#2498 = CARTESIAN_POINT('',(8.4,0.,6.962832774127));
#2499 = VECTOR('',#2500,1.);
#2500 = DIRECTION('',(-0.,-0.,-1.));
#2501 = ORIENTED_EDGE('',*,*,#2502,.F.);
#2502 = EDGE_CURVE('',#2503,#2495,#2505,.T.);
#2503 = VERTEX_POINT('',#2504);
#2504 = CARTESIAN_POINT('',(6.5,0.,8.362832774127));
#2505 = LINE('',#2506,#2507);
#2506 = CARTESIAN_POINT('',(7.,0.,8.362832774127));
#2507 = VECTOR('',#2508,1.);
#2508 = DIRECTION('',(1.,0.,0.));
#2509 = ORIENTED_EDGE('',*,*,#2510,.T.);
#2510 = EDGE_CURVE('',#2503,#2511,#2513,.T.);
#2511 = VERTEX_POINT('',#2512);
#2512 = CARTESIAN_POINT('',(6.5,0.,9.562832774127));
#2513 = LINE('',#2514,#2515);
#2514 = CARTESIAN_POINT('',(6.5,0.,9.562832774127));
#2515 = VECTOR('',#2516,1.);
#2516 = DIRECTION('',(0.,0.,1.));
#2517 = ORIENTED_EDGE('',*,*,#2518,.F.);
#2518 = EDGE_CURVE('',#2519,#2511,#2521,.T.);
#2519 = VERTEX_POINT('',#2520);
#2520 = CARTESIAN_POINT('',(8.4,0.,9.562832774127));
#2521 = LINE('',#2522,#2523);
#2522 = CARTESIAN_POINT('',(7.,0.,9.562832774127));
#2523 = VECTOR('',#2524,1.);
#2524 = DIRECTION('',(-1.,-0.,-0.));
#2525 = ORIENTED_EDGE('',*,*,#2526,.F.);
#2526 = EDGE_CURVE('',#2527,#2519,#2529,.T.);
#2527 = VERTEX_POINT('',#2528);
#2528 = CARTESIAN_POINT('',(8.4,0.,11.462832774127));
#2529 = LINE('',#2530,#2531);
#2530 = CARTESIAN_POINT('',(8.4,0.,9.562832774127));
#2531 = VECTOR('',#2532,1.);
#2532 = DIRECTION('',(-0.,-0.,-1.));
#2533 = ORIENTED_EDGE('',*,*,#2534,.T.);
#2534 = EDGE_CURVE('',#2527,#2535,#2537,.T.);
#2535 = VERTEX_POINT('',#2536);
#2536 = CARTESIAN_POINT('',(9.6,0.,11.462832774127));
#2537 = LINE('',#2538,#2539);
#2538 = CARTESIAN_POINT('',(9.6,0.,11.462832774127));
#2539 = VECTOR('',#2540,1.);
#2540 = DIRECTION('',(1.,0.,0.));
#2541 = ORIENTED_EDGE('',*,*,#2542,.F.);
#2542 = EDGE_CURVE('',#2455,#2535,#2543,.T.);
#2543 = LINE('',#2544,#2545);
#2544 = CARTESIAN_POINT('',(9.6,0.,9.562832774127));
#2545 = VECTOR('',#2546,1.);
#2546 = DIRECTION('',(0.,0.,1.));
#2547 = FACE_BOUND('',#2548,.T.);
#2548 = EDGE_LOOP('',(#2549,#2550));
#2549 = ORIENTED_EDGE('',*,*,#2435,.T.);
#2550 = ORIENTED_EDGE('',*,*,#2426,.T.);
#2551 = PLANE('',#2552);
#2552 = AXIS2_PLACEMENT_3D('',#2553,#2554,#2555);
#2553 = CARTESIAN_POINT('',(9.,0.,8.962832774127));
#2554 = DIRECTION('',(0.,-1.,0.));
#2555 = DIRECTION('',(0.,0.,-1.));
#2556 = ADVANCED_FACE('',(#2557),#2591,.F.);
#2557 = FACE_BOUND('',#2558,.T.);
#2558 = EDGE_LOOP('',(#2559,#2567,#2576,#2584,#2590));
#2559 = ORIENTED_EDGE('',*,*,#2560,.F.);
#2560 = EDGE_CURVE('',#2561,#2455,#2563,.T.);
#2561 = VERTEX_POINT('',#2562);
#2562 = CARTESIAN_POINT('',(9.6,6.59411588823,9.562832774127));
#2563 = LINE('',#2564,#2565);
#2564 = CARTESIAN_POINT('',(9.6,9.748860742939,9.562832774127));
#2565 = VECTOR('',#2566,1.);
#2566 = DIRECTION('',(0.,-1.,0.));
#2567 = ORIENTED_EDGE('',*,*,#2568,.T.);
#2568 = EDGE_CURVE('',#2561,#2569,#2571,.T.);
#2569 = VERTEX_POINT('',#2570);
#2570 = CARTESIAN_POINT('',(11.,6.655215433949,9.562832774127));
#2571 = B_SPLINE_CURVE_WITH_KNOTS('',3,(#2572,#2573,#2574,#2575),
  .UNSPECIFIED.,.F.,.F.,(4,4),(0.,1.401332635204E-03),
  .PIECEWISE_BEZIER_KNOTS.);
#2572 = CARTESIAN_POINT('',(9.6,6.59411588823,9.562832774127));
#2573 = CARTESIAN_POINT('',(10.067143926749,6.603546739251,
    9.562832774127));
#2574 = CARTESIAN_POINT('',(10.533809174986,6.623945755589,
    9.562832774127));
#2575 = CARTESIAN_POINT('',(11.,6.655215433949,9.562832774127));
#2576 = ORIENTED_EDGE('',*,*,#2577,.T.);
#2577 = EDGE_CURVE('',#2569,#2578,#2580,.T.);
#2578 = VERTEX_POINT('',#2579);
#2579 = CARTESIAN_POINT('',(11.,0.5,9.562832774127));
#2580 = LINE('',#2581,#2582);
#2581 = CARTESIAN_POINT('',(11.,9.748860742939,9.562832774127));
#2582 = VECTOR('',#2583,1.);
#2583 = DIRECTION('',(0.,-1.,0.));
#2584 = ORIENTED_EDGE('',*,*,#2585,.T.);
#2585 = EDGE_CURVE('',#2578,#2453,#2586,.T.);
#2586 = LINE('',#2587,#2588);
#2587 = CARTESIAN_POINT('',(5.67556962853,5.82443037147,9.562832774127)
  );
#2588 = VECTOR('',#2589,1.);
#2589 = DIRECTION('',(0.707106781187,-0.707106781187,0.));
#2590 = ORIENTED_EDGE('',*,*,#2452,.T.);
#2591 = PLANE('',#2592);
#2592 = AXIS2_PLACEMENT_3D('',#2593,#2594,#2595);
#2593 = CARTESIAN_POINT('',(9.6,9.748860742939,9.562832774127));
#2594 = DIRECTION('',(0.,0.,1.));
#2595 = DIRECTION('',(1.,0.,0.));
#2596 = ADVANCED_FACE('',(#2597),#2615,.T.);
#2597 = FACE_BOUND('',#2598,.T.);
#2598 = EDGE_LOOP('',(#2599,#2607,#2608,#2609));
#2599 = ORIENTED_EDGE('',*,*,#2600,.F.);
#2600 = EDGE_CURVE('',#2463,#2601,#2603,.T.);
#2601 = VERTEX_POINT('',#2602);
#2602 = CARTESIAN_POINT('',(11.,0.5,8.362832774127));
#2603 = LINE('',#2604,#2605);
#2604 = CARTESIAN_POINT('',(5.67556962853,5.82443037147,8.362832774127)
  );
#2605 = VECTOR('',#2606,1.);
#2606 = DIRECTION('',(-0.707106781187,0.707106781187,0.));
#2607 = ORIENTED_EDGE('',*,*,#2462,.F.);
#2608 = ORIENTED_EDGE('',*,*,#2585,.F.);
#2609 = ORIENTED_EDGE('',*,*,#2610,.F.);
#2610 = EDGE_CURVE('',#2601,#2578,#2611,.T.);
#2611 = LINE('',#2612,#2613);
#2612 = CARTESIAN_POINT('',(11.,0.5,9.562832774127));
#2613 = VECTOR('',#2614,1.);
#2614 = DIRECTION('',(0.,0.,1.));
#2615 = PLANE('',#2616);
#2616 = AXIS2_PLACEMENT_3D('',#2617,#2618,#2619);
#2617 = CARTESIAN_POINT('',(11.,0.5,8.362832774127));
#2618 = DIRECTION('',(-0.707106781187,-0.707106781187,-0.));
#2619 = DIRECTION('',(0.,0.,-1.));
#2620 = ADVANCED_FACE('',(#2621),#2648,.F.);
#2621 = FACE_BOUND('',#2622,.T.);
#2622 = EDGE_LOOP('',(#2623,#2631,#2640,#2646,#2647));
#2623 = ORIENTED_EDGE('',*,*,#2624,.F.);
#2624 = EDGE_CURVE('',#2625,#2601,#2627,.T.);
#2625 = VERTEX_POINT('',#2626);
#2626 = CARTESIAN_POINT('',(11.,6.41042069933,8.362832774127));
#2627 = LINE('',#2628,#2629);
#2628 = CARTESIAN_POINT('',(11.,9.748860742939,8.362832774127));
#2629 = VECTOR('',#2630,1.);
#2630 = DIRECTION('',(0.,-1.,0.));
#2631 = ORIENTED_EDGE('',*,*,#2632,.T.);
#2632 = EDGE_CURVE('',#2625,#2633,#2635,.T.);
#2633 = VERTEX_POINT('',#2634);
#2634 = CARTESIAN_POINT('',(9.6,6.349275905446,8.362832774127));
#2635 = B_SPLINE_CURVE_WITH_KNOTS('',3,(#2636,#2637,#2638,#2639),
  .UNSPECIFIED.,.F.,.F.,(4,4),(0.,1.401334608799E-03),
  .PIECEWISE_BEZIER_KNOTS.);
#2636 = CARTESIAN_POINT('',(11.,6.41042069933,8.362832774127));
#2637 = CARTESIAN_POINT('',(10.533809873434,6.379128014784,
    8.362832774127));
#2638 = CARTESIAN_POINT('',(10.067144629719,6.358713836248,
    8.362832774127));
#2639 = CARTESIAN_POINT('',(9.6,6.349275905446,8.362832774127));
#2640 = ORIENTED_EDGE('',*,*,#2641,.T.);
#2641 = EDGE_CURVE('',#2633,#2471,#2642,.T.);
#2642 = LINE('',#2643,#2644);
#2643 = CARTESIAN_POINT('',(9.6,9.748860742939,8.362832774127));
#2644 = VECTOR('',#2645,1.);
#2645 = DIRECTION('',(0.,-1.,0.));
#2646 = ORIENTED_EDGE('',*,*,#2470,.T.);
#2647 = ORIENTED_EDGE('',*,*,#2600,.T.);
#2648 = PLANE('',#2649);
#2649 = AXIS2_PLACEMENT_3D('',#2650,#2651,#2652);
#2650 = CARTESIAN_POINT('',(9.6,9.748860742939,8.362832774127));
#2651 = DIRECTION('',(0.,0.,-1.));
#2652 = DIRECTION('',(-1.,0.,0.));
#2653 = ADVANCED_FACE('',(#2654),#2681,.F.);
#2654 = FACE_BOUND('',#2655,.T.);
#2655 = EDGE_LOOP('',(#2656,#2657,#2666,#2674,#2680));
#2656 = ORIENTED_EDGE('',*,*,#2641,.F.);
#2657 = ORIENTED_EDGE('',*,*,#2658,.T.);
#2658 = EDGE_CURVE('',#2633,#2659,#2661,.T.);
#2659 = VERTEX_POINT('',#2660);
#2660 = CARTESIAN_POINT('',(9.6,6.063629257149,6.962832774127));
#2661 = B_SPLINE_CURVE_WITH_KNOTS('',3,(#2662,#2663,#2664,#2665),
  .UNSPECIFIED.,.F.,.F.,(4,4),(0.,1.42884359105E-03),
  .PIECEWISE_BEZIER_KNOTS.);
#2662 = CARTESIAN_POINT('',(9.6,6.349275905446,8.362832774127));
#2663 = CARTESIAN_POINT('',(9.6,6.254060356309,7.8961661074));
#2664 = CARTESIAN_POINT('',(9.6,6.158844806876,7.429499440733));
#2665 = CARTESIAN_POINT('',(9.6,6.063629257149,6.962832774127));
#2666 = ORIENTED_EDGE('',*,*,#2667,.T.);
#2667 = EDGE_CURVE('',#2659,#2668,#2670,.T.);
#2668 = VERTEX_POINT('',#2669);
#2669 = CARTESIAN_POINT('',(9.6,0.5,6.962832774127));
#2670 = LINE('',#2671,#2672);
#2671 = CARTESIAN_POINT('',(9.6,9.748860742939,6.962832774127));
#2672 = VECTOR('',#2673,1.);
#2673 = DIRECTION('',(0.,-1.,0.));
#2674 = ORIENTED_EDGE('',*,*,#2675,.T.);
#2675 = EDGE_CURVE('',#2668,#2479,#2676,.T.);
#2676 = LINE('',#2677,#2678);
#2677 = CARTESIAN_POINT('',(9.6,5.12443037147,11.587263145596));
#2678 = VECTOR('',#2679,1.);
#2679 = DIRECTION('',(0.,-0.707106781187,-0.707106781187));
#2680 = ORIENTED_EDGE('',*,*,#2478,.T.);
#2681 = PLANE('',#2682);
#2682 = AXIS2_PLACEMENT_3D('',#2683,#2684,#2685);
#2683 = CARTESIAN_POINT('',(9.6,9.748860742939,6.962832774127));
#2684 = DIRECTION('',(1.,0.,0.));
#2685 = DIRECTION('',(0.,0.,-1.));
#2686 = ADVANCED_FACE('',(#2687),#2705,.T.);
#2687 = FACE_BOUND('',#2688,.T.);
#2688 = EDGE_LOOP('',(#2689,#2697,#2698,#2699));
#2689 = ORIENTED_EDGE('',*,*,#2690,.F.);
#2690 = EDGE_CURVE('',#2487,#2691,#2693,.T.);
#2691 = VERTEX_POINT('',#2692);
#2692 = CARTESIAN_POINT('',(8.4,0.5,6.962832774127));
#2693 = LINE('',#2694,#2695);
#2694 = CARTESIAN_POINT('',(8.4,5.12443037147,11.587263145596));
#2695 = VECTOR('',#2696,1.);
#2696 = DIRECTION('',(0.,0.707106781187,0.707106781187));
#2697 = ORIENTED_EDGE('',*,*,#2486,.F.);
#2698 = ORIENTED_EDGE('',*,*,#2675,.F.);
#2699 = ORIENTED_EDGE('',*,*,#2700,.F.);
#2700 = EDGE_CURVE('',#2691,#2668,#2701,.T.);
#2701 = LINE('',#2702,#2703);
#2702 = CARTESIAN_POINT('',(9.6,0.5,6.962832774127));
#2703 = VECTOR('',#2704,1.);
#2704 = DIRECTION('',(1.,0.,0.));
#2705 = PLANE('',#2706);
#2706 = AXIS2_PLACEMENT_3D('',#2707,#2708,#2709);
#2707 = CARTESIAN_POINT('',(8.4,0.5,6.962832774127));
#2708 = DIRECTION('',(0.,-0.707106781187,0.707106781187));
#2709 = DIRECTION('',(-1.,0.,0.));
#2710 = ADVANCED_FACE('',(#2711),#2738,.F.);
#2711 = FACE_BOUND('',#2712,.T.);
#2712 = EDGE_LOOP('',(#2713,#2721,#2730,#2736,#2737));
#2713 = ORIENTED_EDGE('',*,*,#2714,.F.);
#2714 = EDGE_CURVE('',#2715,#2691,#2717,.T.);
#2715 = VERTEX_POINT('',#2716);
#2716 = CARTESIAN_POINT('',(8.4,6.063629257149,6.962832774127));
#2717 = LINE('',#2718,#2719);
#2718 = CARTESIAN_POINT('',(8.4,9.748860742939,6.962832774127));
#2719 = VECTOR('',#2720,1.);
#2720 = DIRECTION('',(0.,-1.,0.));
#2721 = ORIENTED_EDGE('',*,*,#2722,.T.);
#2722 = EDGE_CURVE('',#2715,#2723,#2725,.T.);
#2723 = VERTEX_POINT('',#2724);
#2724 = CARTESIAN_POINT('',(8.4,6.349275905446,8.362832774127));
#2725 = B_SPLINE_CURVE_WITH_KNOTS('',3,(#2726,#2727,#2728,#2729),
  .UNSPECIFIED.,.F.,.F.,(4,4),(0.,1.42884359105E-03),
  .PIECEWISE_BEZIER_KNOTS.);
#2726 = CARTESIAN_POINT('',(8.4,6.063629257149,6.962832774127));
#2727 = CARTESIAN_POINT('',(8.4,6.158844806876,7.429499440733));
#2728 = CARTESIAN_POINT('',(8.4,6.254060356309,7.8961661074));
#2729 = CARTESIAN_POINT('',(8.4,6.349275905446,8.362832774127));
#2730 = ORIENTED_EDGE('',*,*,#2731,.T.);
#2731 = EDGE_CURVE('',#2723,#2495,#2732,.T.);
#2732 = LINE('',#2733,#2734);
#2733 = CARTESIAN_POINT('',(8.4,9.748860742939,8.362832774127));
#2734 = VECTOR('',#2735,1.);
#2735 = DIRECTION('',(0.,-1.,0.));
#2736 = ORIENTED_EDGE('',*,*,#2494,.T.);
#2737 = ORIENTED_EDGE('',*,*,#2690,.T.);
#2738 = PLANE('',#2739);
#2739 = AXIS2_PLACEMENT_3D('',#2740,#2741,#2742);
#2740 = CARTESIAN_POINT('',(8.4,9.748860742939,6.962832774127));
#2741 = DIRECTION('',(-1.,0.,0.));
#2742 = DIRECTION('',(0.,0.,1.));
#2743 = ADVANCED_FACE('',(#2744),#2771,.F.);
#2744 = FACE_BOUND('',#2745,.T.);
#2745 = EDGE_LOOP('',(#2746,#2747,#2756,#2764,#2770));
#2746 = ORIENTED_EDGE('',*,*,#2731,.F.);
#2747 = ORIENTED_EDGE('',*,*,#2748,.T.);
#2748 = EDGE_CURVE('',#2723,#2749,#2751,.T.);
#2749 = VERTEX_POINT('',#2750);
#2750 = CARTESIAN_POINT('',(7.,6.41042069933,8.362832774127));
#2751 = B_SPLINE_CURVE_WITH_KNOTS('',3,(#2752,#2753,#2754,#2755),
  .UNSPECIFIED.,.F.,.F.,(4,4),(0.,1.401334608799E-03),
  .PIECEWISE_BEZIER_KNOTS.);
#2752 = CARTESIAN_POINT('',(8.4,6.349275905446,8.362832774127));
#2753 = CARTESIAN_POINT('',(7.932855370281,6.358713836248,8.362832774127
    ));
#2754 = CARTESIAN_POINT('',(7.466190126566,6.379128014784,8.362832774127
    ));
#2755 = CARTESIAN_POINT('',(7.,6.41042069933,8.362832774127));
#2756 = ORIENTED_EDGE('',*,*,#2757,.T.);
#2757 = EDGE_CURVE('',#2749,#2758,#2760,.T.);
#2758 = VERTEX_POINT('',#2759);
#2759 = CARTESIAN_POINT('',(7.,0.5,8.362832774127));
#2760 = LINE('',#2761,#2762);
#2761 = CARTESIAN_POINT('',(7.,9.748860742939,8.362832774127));
#2762 = VECTOR('',#2763,1.);
#2763 = DIRECTION('',(0.,-1.,0.));
#2764 = ORIENTED_EDGE('',*,*,#2765,.T.);
#2765 = EDGE_CURVE('',#2758,#2503,#2766,.T.);
#2766 = LINE('',#2767,#2768);
#2767 = CARTESIAN_POINT('',(11.62443037147,5.12443037147,8.362832774127)
  );
#2768 = VECTOR('',#2769,1.);
#2769 = DIRECTION('',(-0.707106781187,-0.707106781187,0.));
#2770 = ORIENTED_EDGE('',*,*,#2502,.T.);
#2771 = PLANE('',#2772);
#2772 = AXIS2_PLACEMENT_3D('',#2773,#2774,#2775);
#2773 = CARTESIAN_POINT('',(7.,9.748860742939,8.362832774127));
#2774 = DIRECTION('',(0.,0.,-1.));
#2775 = DIRECTION('',(-1.,0.,0.));
#2776 = ADVANCED_FACE('',(#2777),#2795,.T.);
#2777 = FACE_BOUND('',#2778,.T.);
#2778 = EDGE_LOOP('',(#2779,#2787,#2788,#2789));
#2779 = ORIENTED_EDGE('',*,*,#2780,.F.);
#2780 = EDGE_CURVE('',#2511,#2781,#2783,.T.);
#2781 = VERTEX_POINT('',#2782);
#2782 = CARTESIAN_POINT('',(7.,0.5,9.562832774127));
#2783 = LINE('',#2784,#2785);
#2784 = CARTESIAN_POINT('',(11.62443037147,5.12443037147,9.562832774127)
  );
#2785 = VECTOR('',#2786,1.);
#2786 = DIRECTION('',(0.707106781187,0.707106781187,0.));
#2787 = ORIENTED_EDGE('',*,*,#2510,.F.);
#2788 = ORIENTED_EDGE('',*,*,#2765,.F.);
#2789 = ORIENTED_EDGE('',*,*,#2790,.F.);
#2790 = EDGE_CURVE('',#2781,#2758,#2791,.T.);
#2791 = LINE('',#2792,#2793);
#2792 = CARTESIAN_POINT('',(7.,0.5,8.362832774127));
#2793 = VECTOR('',#2794,1.);
#2794 = DIRECTION('',(0.,0.,-1.));
#2795 = PLANE('',#2796);
#2796 = AXIS2_PLACEMENT_3D('',#2797,#2798,#2799);
#2797 = CARTESIAN_POINT('',(7.,0.5,8.362832774127));
#2798 = DIRECTION('',(0.707106781187,-0.707106781187,0.));
#2799 = DIRECTION('',(0.,0.,1.));
#2800 = ADVANCED_FACE('',(#2801),#2828,.F.);
#2801 = FACE_BOUND('',#2802,.T.);
#2802 = EDGE_LOOP('',(#2803,#2811,#2820,#2826,#2827));
#2803 = ORIENTED_EDGE('',*,*,#2804,.F.);
#2804 = EDGE_CURVE('',#2805,#2781,#2807,.T.);
#2805 = VERTEX_POINT('',#2806);
#2806 = CARTESIAN_POINT('',(7.,6.655215433949,9.562832774127));
#2807 = LINE('',#2808,#2809);
#2808 = CARTESIAN_POINT('',(7.,9.748860742939,9.562832774127));
#2809 = VECTOR('',#2810,1.);
#2810 = DIRECTION('',(0.,-1.,0.));
#2811 = ORIENTED_EDGE('',*,*,#2812,.T.);
#2812 = EDGE_CURVE('',#2805,#2813,#2815,.T.);
#2813 = VERTEX_POINT('',#2814);
#2814 = CARTESIAN_POINT('',(8.4,6.59411588823,9.562832774127));
#2815 = B_SPLINE_CURVE_WITH_KNOTS('',3,(#2816,#2817,#2818,#2819),
  .UNSPECIFIED.,.F.,.F.,(4,4),(0.,1.401332635204E-03),
  .PIECEWISE_BEZIER_KNOTS.);
#2816 = CARTESIAN_POINT('',(7.,6.655215433949,9.562832774127));
#2817 = CARTESIAN_POINT('',(7.466190825014,6.623945755589,9.562832774127
    ));
#2818 = CARTESIAN_POINT('',(7.932856073251,6.603546739251,9.562832774127
    ));
#2819 = CARTESIAN_POINT('',(8.4,6.59411588823,9.562832774127));
#2820 = ORIENTED_EDGE('',*,*,#2821,.T.);
#2821 = EDGE_CURVE('',#2813,#2519,#2822,.T.);
#2822 = LINE('',#2823,#2824);
#2823 = CARTESIAN_POINT('',(8.4,9.748860742939,9.562832774127));
#2824 = VECTOR('',#2825,1.);
#2825 = DIRECTION('',(0.,-1.,0.));
#2826 = ORIENTED_EDGE('',*,*,#2518,.T.);
#2827 = ORIENTED_EDGE('',*,*,#2780,.T.);
#2828 = PLANE('',#2829);
#2829 = AXIS2_PLACEMENT_3D('',#2830,#2831,#2832);
#2830 = CARTESIAN_POINT('',(7.,9.748860742939,9.562832774127));
#2831 = DIRECTION('',(0.,0.,1.));
#2832 = DIRECTION('',(1.,0.,0.));
#2833 = ADVANCED_FACE('',(#2834),#2861,.F.);
#2834 = FACE_BOUND('',#2835,.T.);
#2835 = EDGE_LOOP('',(#2836,#2837,#2846,#2854,#2860));
#2836 = ORIENTED_EDGE('',*,*,#2821,.F.);
#2837 = ORIENTED_EDGE('',*,*,#2838,.T.);
#2838 = EDGE_CURVE('',#2813,#2839,#2841,.T.);
#2839 = VERTEX_POINT('',#2840);
#2840 = CARTESIAN_POINT('',(8.4,6.879762533095,10.962832774127));
#2841 = B_SPLINE_CURVE_WITH_KNOTS('',3,(#2842,#2843,#2844,#2845),
  .UNSPECIFIED.,.F.,.F.,(4,4),(0.,1.428843590363E-03),
  .PIECEWISE_BEZIER_KNOTS.);
#2842 = CARTESIAN_POINT('',(8.4,6.59411588823,9.562832774127));
#2843 = CARTESIAN_POINT('',(8.4,6.689331436814,10.029499440733));
#2844 = CARTESIAN_POINT('',(8.4,6.784546985103,10.4961661074));
#2845 = CARTESIAN_POINT('',(8.4,6.879762533095,10.962832774127));
#2846 = ORIENTED_EDGE('',*,*,#2847,.T.);
#2847 = EDGE_CURVE('',#2839,#2848,#2850,.T.);
#2848 = VERTEX_POINT('',#2849);
#2849 = CARTESIAN_POINT('',(8.4,0.5,10.962832774127));
#2850 = LINE('',#2851,#2852);
#2851 = CARTESIAN_POINT('',(8.4,9.748860742939,10.962832774127));
#2852 = VECTOR('',#2853,1.);
#2853 = DIRECTION('',(0.,-1.,0.));
#2854 = ORIENTED_EDGE('',*,*,#2855,.T.);
#2855 = EDGE_CURVE('',#2848,#2527,#2856,.T.);
#2856 = LINE('',#2857,#2858);
#2857 = CARTESIAN_POINT('',(8.4,5.82443037147,5.638402402657));
#2858 = VECTOR('',#2859,1.);
#2859 = DIRECTION('',(0.,-0.707106781187,0.707106781187));
#2860 = ORIENTED_EDGE('',*,*,#2526,.T.);
#2861 = PLANE('',#2862);
#2862 = AXIS2_PLACEMENT_3D('',#2863,#2864,#2865);
#2863 = CARTESIAN_POINT('',(8.4,9.748860742939,9.562832774127));
#2864 = DIRECTION('',(-1.,0.,0.));
#2865 = DIRECTION('',(0.,0.,1.));
#2866 = ADVANCED_FACE('',(#2867),#2885,.T.);
#2867 = FACE_BOUND('',#2868,.T.);
#2868 = EDGE_LOOP('',(#2869,#2877,#2878,#2879));
#2869 = ORIENTED_EDGE('',*,*,#2870,.F.);
#2870 = EDGE_CURVE('',#2535,#2871,#2873,.T.);
#2871 = VERTEX_POINT('',#2872);
#2872 = CARTESIAN_POINT('',(9.6,0.5,10.962832774127));
#2873 = LINE('',#2874,#2875);
#2874 = CARTESIAN_POINT('',(9.6,5.82443037147,5.638402402657));
#2875 = VECTOR('',#2876,1.);
#2876 = DIRECTION('',(0.,0.707106781187,-0.707106781187));
#2877 = ORIENTED_EDGE('',*,*,#2534,.F.);
#2878 = ORIENTED_EDGE('',*,*,#2855,.F.);
#2879 = ORIENTED_EDGE('',*,*,#2880,.F.);
#2880 = EDGE_CURVE('',#2871,#2848,#2881,.T.);
#2881 = LINE('',#2882,#2883);
#2882 = CARTESIAN_POINT('',(8.4,0.5,10.962832774127));
#2883 = VECTOR('',#2884,1.);
#2884 = DIRECTION('',(-1.,0.,0.));
#2885 = PLANE('',#2886);
#2886 = AXIS2_PLACEMENT_3D('',#2887,#2888,#2889);
#2887 = CARTESIAN_POINT('',(8.4,0.5,10.962832774127));
#2888 = DIRECTION('',(0.,-0.707106781187,-0.707106781187));
#2889 = DIRECTION('',(1.,0.,0.));
#2890 = ADVANCED_FACE('',(#2891),#2911,.F.);
#2891 = FACE_BOUND('',#2892,.T.);
#2892 = EDGE_LOOP('',(#2893,#2901,#2908,#2909,#2910));
#2893 = ORIENTED_EDGE('',*,*,#2894,.F.);
#2894 = EDGE_CURVE('',#2895,#2871,#2897,.T.);
#2895 = VERTEX_POINT('',#2896);
#2896 = CARTESIAN_POINT('',(9.6,6.879762533095,10.962832774127));
#2897 = LINE('',#2898,#2899);
#2898 = CARTESIAN_POINT('',(9.6,9.748860742939,10.962832774127));
#2899 = VECTOR('',#2900,1.);
#2900 = DIRECTION('',(0.,-1.,0.));
#2901 = ORIENTED_EDGE('',*,*,#2902,.T.);
#2902 = EDGE_CURVE('',#2895,#2561,#2903,.T.);
#2903 = B_SPLINE_CURVE_WITH_KNOTS('',3,(#2904,#2905,#2906,#2907),
  .UNSPECIFIED.,.F.,.F.,(4,4),(0.,1.428843590364E-03),
  .PIECEWISE_BEZIER_KNOTS.);
#2904 = CARTESIAN_POINT('',(9.6,6.879762533095,10.962832774127));
#2905 = CARTESIAN_POINT('',(9.6,6.784546985102,10.4961661074));
#2906 = CARTESIAN_POINT('',(9.6,6.689331436814,10.029499440733));
#2907 = CARTESIAN_POINT('',(9.6,6.59411588823,9.562832774127));
#2908 = ORIENTED_EDGE('',*,*,#2560,.T.);
#2909 = ORIENTED_EDGE('',*,*,#2542,.T.);
#2910 = ORIENTED_EDGE('',*,*,#2870,.T.);
#2911 = PLANE('',#2912);
#2912 = AXIS2_PLACEMENT_3D('',#2913,#2914,#2915);
#2913 = CARTESIAN_POINT('',(9.6,9.748860742939,9.562832774127));
#2914 = DIRECTION('',(1.,0.,0.));
#2915 = DIRECTION('',(0.,0.,-1.));
#2916 = ADVANCED_FACE('',(#2917),#2955,.F.);
#2917 = FACE_BOUND('',#2918,.F.);
#2918 = EDGE_LOOP('',(#2919,#2920,#2921,#2928,#2929,#2930,#2937,#2938,
    #2939,#2946,#2947,#2948));
#2919 = ORIENTED_EDGE('',*,*,#2902,.T.);
#2920 = ORIENTED_EDGE('',*,*,#2568,.T.);
#2921 = ORIENTED_EDGE('',*,*,#2922,.T.);
#2922 = EDGE_CURVE('',#2569,#2625,#2923,.T.);
#2923 = B_SPLINE_CURVE_WITH_KNOTS('',3,(#2924,#2925,#2926,#2927),
  .UNSPECIFIED.,.F.,.F.,(4,4),(0.,1.224714032784E-03),
  .PIECEWISE_BEZIER_KNOTS.);
#2924 = CARTESIAN_POINT('',(11.,6.655215433949,9.562832774127));
#2925 = CARTESIAN_POINT('',(11.,6.573617191268,9.162832773679));
#2926 = CARTESIAN_POINT('',(11.,6.492018946394,8.76283277368));
#2927 = CARTESIAN_POINT('',(11.,6.41042069933,8.362832774127));
#2928 = ORIENTED_EDGE('',*,*,#2632,.T.);
#2929 = ORIENTED_EDGE('',*,*,#2658,.T.);
#2930 = ORIENTED_EDGE('',*,*,#2931,.T.);
#2931 = EDGE_CURVE('',#2659,#2715,#2932,.T.);
#2932 = B_SPLINE_CURVE_WITH_KNOTS('',3,(#2933,#2934,#2935,#2936),
  .UNSPECIFIED.,.F.,.F.,(4,4),(0.,1.2E-03),.PIECEWISE_BEZIER_KNOTS.);
#2933 = CARTESIAN_POINT('',(9.6,6.063629257149,6.962832774127));
#2934 = CARTESIAN_POINT('',(9.2,6.055540823064,6.962832774127));
#2935 = CARTESIAN_POINT('',(8.8,6.055540823064,6.962832774127));
#2936 = CARTESIAN_POINT('',(8.4,6.063629257149,6.962832774127));
#2937 = ORIENTED_EDGE('',*,*,#2722,.T.);
#2938 = ORIENTED_EDGE('',*,*,#2748,.T.);
#2939 = ORIENTED_EDGE('',*,*,#2940,.T.);
#2940 = EDGE_CURVE('',#2749,#2805,#2941,.T.);
#2941 = B_SPLINE_CURVE_WITH_KNOTS('',3,(#2942,#2943,#2944,#2945),
  .UNSPECIFIED.,.F.,.F.,(4,4),(0.,1.224714032784E-03),
  .PIECEWISE_BEZIER_KNOTS.);
#2942 = CARTESIAN_POINT('',(7.,6.41042069933,8.362832774127));
#2943 = CARTESIAN_POINT('',(7.,6.492018946394,8.76283277368));
#2944 = CARTESIAN_POINT('',(7.,6.573617191268,9.162832773679));
#2945 = CARTESIAN_POINT('',(7.,6.655215433949,9.562832774127));
#2946 = ORIENTED_EDGE('',*,*,#2812,.T.);
#2947 = ORIENTED_EDGE('',*,*,#2838,.T.);
#2948 = ORIENTED_EDGE('',*,*,#2949,.T.);
#2949 = EDGE_CURVE('',#2839,#2895,#2950,.T.);
#2950 = B_SPLINE_CURVE_WITH_KNOTS('',3,(#2951,#2952,#2953,#2954),
  .UNSPECIFIED.,.F.,.F.,(4,4),(0.,1.2E-03),.PIECEWISE_BEZIER_KNOTS.);
#2951 = CARTESIAN_POINT('',(8.4,6.879762533095,10.962832774127));
#2952 = CARTESIAN_POINT('',(8.8,6.871694265756,10.962832774127));
#2953 = CARTESIAN_POINT('',(9.2,6.871694265756,10.962832774127));
#2954 = CARTESIAN_POINT('',(9.6,6.879762533095,10.962832774127));
#2955 = B_SPLINE_SURFACE_WITH_KNOTS('',3,3,(
    (#2956,#2957,#2958,#2959)
    ,(#2960,#2961,#2962,#2963)
    ,(#2964,#2965,#2966,#2967)
    ,(#2968,#2969,#2970,#2971
    )),.UNSPECIFIED.,.F.,.F.,.F.,(4,4),(4,4),(0.34912093873,
    0.65087906127),(0.283355714082,0.558416142433),
  .PIECEWISE_BEZIER_KNOTS.);
#2956 = CARTESIAN_POINT('',(6.976259982345,6.944482109765,
    10.972991974707));
#2957 = CARTESIAN_POINT('',(6.976069599511,6.669577878937,9.625323314509
    ));
#2958 = CARTESIAN_POINT('',(6.975879228971,6.394673654445,8.277654653018
    ));
#2959 = CARTESIAN_POINT('',(6.975688870724,6.119769436283,6.929985990234
    ));
#2960 = CARTESIAN_POINT('',(8.322007778303,6.857340339529,10.99316153501
    ));
#2961 = CARTESIAN_POINT('',(8.321926853925,6.581771250947,9.64268292127)
  );
#2962 = CARTESIAN_POINT('',(8.321845937525,6.306202160288,8.292204307953
    ));
#2963 = CARTESIAN_POINT('',(8.321765029094,6.030633067553,6.941725695059
    ));
#2964 = CARTESIAN_POINT('',(9.677992221697,6.857340339529,10.99316153501
    ));
#2965 = CARTESIAN_POINT('',(9.678073146075,6.581771250947,9.64268292127)
  );
#2966 = CARTESIAN_POINT('',(9.678154062475,6.306202160288,8.292204307953
    ));
#2967 = CARTESIAN_POINT('',(9.678234970906,6.030633067553,6.941725695059
    ));
#2968 = CARTESIAN_POINT('',(11.023740017655,6.944482109765,
    10.972991974707));
#2969 = CARTESIAN_POINT('',(11.023930400489,6.669577878937,
    9.625323314509));
#2970 = CARTESIAN_POINT('',(11.024120771029,6.394673654445,
    8.277654653018));
#2971 = CARTESIAN_POINT('',(11.024311129276,6.119769436283,
    6.929985990234));
#2972 = ADVANCED_FACE('',(#2973),#2979,.F.);
#2973 = FACE_BOUND('',#2974,.T.);
#2974 = EDGE_LOOP('',(#2975,#2976,#2977,#2978));
#2975 = ORIENTED_EDGE('',*,*,#2624,.T.);
#2976 = ORIENTED_EDGE('',*,*,#2610,.T.);
#2977 = ORIENTED_EDGE('',*,*,#2577,.F.);
#2978 = ORIENTED_EDGE('',*,*,#2922,.T.);
#2979 = PLANE('',#2980);
#2980 = AXIS2_PLACEMENT_3D('',#2981,#2982,#2983);
#2981 = CARTESIAN_POINT('',(11.,9.748860742939,8.362832774127));
#2982 = DIRECTION('',(1.,0.,0.));
#2983 = DIRECTION('',(0.,0.,-1.));
#2984 = ADVANCED_FACE('',(#2985),#2991,.F.);
#2985 = FACE_BOUND('',#2986,.T.);
#2986 = EDGE_LOOP('',(#2987,#2988,#2989,#2990));
#2987 = ORIENTED_EDGE('',*,*,#2714,.T.);
#2988 = ORIENTED_EDGE('',*,*,#2700,.T.);
#2989 = ORIENTED_EDGE('',*,*,#2667,.F.);
#2990 = ORIENTED_EDGE('',*,*,#2931,.T.);
#2991 = PLANE('',#2992);
#2992 = AXIS2_PLACEMENT_3D('',#2993,#2994,#2995);
#2993 = CARTESIAN_POINT('',(8.4,9.748860742939,6.962832774127));
#2994 = DIRECTION('',(0.,0.,-1.));
#2995 = DIRECTION('',(-1.,0.,0.));
#2996 = ADVANCED_FACE('',(#2997),#3003,.F.);
#2997 = FACE_BOUND('',#2998,.T.);
#2998 = EDGE_LOOP('',(#2999,#3000,#3001,#3002));
#2999 = ORIENTED_EDGE('',*,*,#2804,.T.);
#3000 = ORIENTED_EDGE('',*,*,#2790,.T.);
#3001 = ORIENTED_EDGE('',*,*,#2757,.F.);
#3002 = ORIENTED_EDGE('',*,*,#2940,.T.);
#3003 = PLANE('',#3004);
#3004 = AXIS2_PLACEMENT_3D('',#3005,#3006,#3007);
#3005 = CARTESIAN_POINT('',(7.,9.748860742939,8.362832774127));
#3006 = DIRECTION('',(-1.,0.,0.));
#3007 = DIRECTION('',(0.,0.,1.));
#3008 = ADVANCED_FACE('',(#3009),#3015,.F.);
#3009 = FACE_BOUND('',#3010,.T.);
#3010 = EDGE_LOOP('',(#3011,#3012,#3013,#3014));
#3011 = ORIENTED_EDGE('',*,*,#2894,.T.);
#3012 = ORIENTED_EDGE('',*,*,#2880,.T.);
#3013 = ORIENTED_EDGE('',*,*,#2847,.F.);
#3014 = ORIENTED_EDGE('',*,*,#2949,.T.);
#3015 = PLANE('',#3016);
#3016 = AXIS2_PLACEMENT_3D('',#3017,#3018,#3019);
#3017 = CARTESIAN_POINT('',(8.4,9.748860742939,10.962832774127));
#3018 = DIRECTION('',(0.,0.,1.));
#3019 = DIRECTION('',(1.,0.,0.));
#3020 = ( GEOMETRIC_REPRESENTATION_CONTEXT(3) 
GLOBAL_UNCERTAINTY_ASSIGNED_CONTEXT((#3024)) 
GLOBAL_UNIT_ASSIGNED_CONTEXT((#3021,#3022,#3023)) REPRESENTATION_CONTEXT
('Context #1','3D Context with UNIT and UNCERTAINTY') );
#3021 = ( LENGTH_UNIT() NAMED_UNIT(*) SI_UNIT(.MILLI.,.METRE.) );
#3022 = ( NAMED_UNIT(*) PLANE_ANGLE_UNIT() SI_UNIT($,.RADIAN.) );
#3023 = ( NAMED_UNIT(*) SI_UNIT($,.STERADIAN.) SOLID_ANGLE_UNIT() );
#3024 = UNCERTAINTY_MEASURE_WITH_UNIT(LENGTH_MEASURE(1.E-04),#3021,
  'distance_accuracy_value','confusion accuracy');
#3025 = PRODUCT_RELATED_PRODUCT_CATEGORY('part',$,(#7));
#3026 = MECHANICAL_DESIGN_GEOMETRIC_PRESENTATION_REPRESENTATION('',(
    #3027),#3020);
#3027 = STYLED_ITEM('color',(#3028),#15);
#3028 = PRESENTATION_STYLE_ASSIGNMENT((#3029,#3035));
#3029 = SURFACE_STYLE_USAGE(.BOTH.,#3030);
#3030 = SURFACE_SIDE_STYLE('',(#3031));
#3031 = SURFACE_STYLE_FILL_AREA(#3032);
#3032 = FILL_AREA_STYLE('',(#3033));
#3033 = FILL_AREA_STYLE_COLOUR('',#3034);
#3034 = COLOUR_RGB('',0.800000010877,0.800000010877,0.901960800373);
#3035 = CURVE_STYLE('',#3036,POSITIVE_LENGTH_MEASURE(0.1),#3037);
#3036 = DRAUGHTING_PRE_DEFINED_CURVE_FONT('continuous');
#3037 = COLOUR_RGB('',9.803921802644E-02,9.803921802644E-02,
  9.803921802644E-02);
ENDSEC;
END-ISO-10303-21;
