ISO-10303-21;
HEADER;
FILE_DESCRIPTION(('FreeCAD Model'),'2;1');
FILE_NAME('Open CASCADE Shape Model','2025-01-18T11:22:52',(''),(''),
  'Open CASCADE STEP processor 7.7','FreeCAD','Unknown');
FILE_SCHEMA(('AUTOMOTIVE_DESIGN { 1 0 10303 214 1 1 1 1 }'));
ENDSEC;
DATA;
#1 = APPLICATION_PROTOCOL_DEFINITION('international standard',
  'automotive_design',2000,#2);
#2 = APPLICATION_CONTEXT(
  'core data for automotive mechanical design processes');
#3 = SHAPE_DEFINITION_REPRESENTATION(#4,#10);
#4 = PRODUCT_DEFINITION_SHAPE('','',#5);
#5 = PRODUCT_DEFINITION('design','',#6,#9);
#6 = PRODUCT_DEFINITION_FORMATION('','',#7);
#7 = PRODUCT('Body','Body','',(#8));
#8 = PRODUCT_CONTEXT('',#2,'mechanical');
#9 = PRODUCT_DEFINITION_CONTEXT('part definition',#2,'design');
#10 = ADVANCED_BREP_SHAPE_REPRESENTATION('',(#11,#15),#3396);
#11 = AXIS2_PLACEMENT_3D('',#12,#13,#14);
#12 = CARTESIAN_POINT('',(0.,0.,0.));
#13 = DIRECTION('',(0.,0.,1.));
#14 = DIRECTION('',(1.,0.,-0.));
#15 = MANIFOLD_SOLID_BREP('',#16);
#16 = CLOSED_SHELL('',(#17,#173,#234,#262,#312,#329,#375,#415,#463,#503,
    #551,#580,#640,#671,#723,#752,#814,#845,#897,#945,#1588,#1620,#1658,
    #1684,#1715,#1739,#1763,#1787,#1813,#1839,#1865,#1891,#1917,#1941,
    #1967,#1993,#2019,#2045,#2071,#2095,#2119,#2143,#2169,#2195,#2221,
    #2247,#2273,#2299,#2325,#2349,#2375,#2401,#2427,#2451,#2468,#2499,
    #2523,#2547,#2571,#2595,#2619,#2643,#2667,#2691,#2715,#2732,#2771,
    #2790,#2824,#2932,#2972,#2996,#3029,#3062,#3086,#3119,#3152,#3176,
    #3209,#3242,#3266,#3292,#3348,#3360,#3372,#3384));
#17 = ADVANCED_FACE('',(#18,#94),#144,.F.);
#18 = FACE_BOUND('',#19,.F.);
#19 = EDGE_LOOP('',(#20,#59));
#20 = ORIENTED_EDGE('',*,*,#21,.F.);
#21 = EDGE_CURVE('',#22,#24,#26,.T.);
#22 = VERTEX_POINT('',#23);
#23 = CARTESIAN_POINT('',(8.999999999979,7.018572779972,11.672832774127)
  );
#24 = VERTEX_POINT('',#25);
#25 = CARTESIAN_POINT('',(9.,5.912691588279,6.252832774127));
#26 = B_SPLINE_CURVE_WITH_KNOTS('',3,(#27,#28,#29,#30,#31,#32,#33,#34,
    #35,#36,#37,#38,#39,#40,#41,#42,#43,#44,#45,#46,#47,#48,#49,#50,#51,
    #52,#53,#54,#55,#56,#57,#58),.UNSPECIFIED.,.F.,.F.,(4,2,2,2,2,2,2,2,
    2,2,2,2,2,2,2,4),(8.56567777683E-03,9.100928105104E-03,
    9.636178433379E-03,1.017142876165E-02,1.070667908993E-02,
    1.12419294182E-02,1.177717974648E-02,1.231243007475E-02,
    1.284768040303E-02,1.33829307313E-02,1.391818105958E-02,
    1.445343138785E-02,1.498868171612E-02,1.55239320444E-02,
    1.605918237267E-02,1.712968302922E-02),.UNSPECIFIED.);
#27 = CARTESIAN_POINT('',(8.999999999979,7.018572779972,11.672832774127)
  );
#28 = CARTESIAN_POINT('',(9.178679543776,7.018572779973,11.672832774128)
  );
#29 = CARTESIAN_POINT('',(9.356403563267,7.016615941219,11.655335699857)
  );
#30 = CARTESIAN_POINT('',(9.709887968587,7.008478763073,11.584407601788)
  );
#31 = CARTESIAN_POINT('',(9.882172339785,7.002344453147,11.531419886134)
  );
#32 = CARTESIAN_POINT('',(10.210987244642,6.985805397179,11.393753933351
    ));
#33 = CARTESIAN_POINT('',(10.370082422071,6.975251464448,11.307866635974
    ));
#34 = CARTESIAN_POINT('',(10.667361853448,6.949349526735,11.106711060352
    ));
#35 = CARTESIAN_POINT('',(10.804048607659,6.934191658822,10.992902338694
    ));
#36 = CARTESIAN_POINT('',(11.054047178829,6.898666604222,10.739533087327
    ));
#37 = CARTESIAN_POINT('',(11.167967917676,6.878063598202,10.598522995692
    ));
#38 = CARTESIAN_POINT('',(11.362692530183,6.832352107237,10.301956144402
    ));
#39 = CARTESIAN_POINT('',(11.444810258014,6.807129408315,10.145454093101
    ));
#40 = CARTESIAN_POINT('',(11.578329137415,6.751173367453,9.816008747148)
  );
#41 = CARTESIAN_POINT('',(11.628666170712,6.720695124882,9.644760608713)
  );
#42 = CARTESIAN_POINT('',(11.694672150151,6.656259445208,9.299957990973)
  );
#43 = CARTESIAN_POINT('',(11.710971588661,6.621866830805,9.123999178258)
  );
#44 = CARTESIAN_POINT('',(11.708938799636,6.549581798385,8.770499354839)
  );
#45 = CARTESIAN_POINT('',(11.690813098769,6.512465782322,8.596671025925)
  );
#46 = CARTESIAN_POINT('',(11.621632422226,6.436529389349,8.25460046684)
  );
#47 = CARTESIAN_POINT('',(11.56973446989,6.397287493218,8.084644455735)
  );
#48 = CARTESIAN_POINT('',(11.435380672347,6.3200495514,7.761304185593));
#49 = CARTESIAN_POINT('',(11.353315791068,6.282017653889,7.60759266691)
  );
#50 = CARTESIAN_POINT('',(11.159307547176,6.207833527729,7.315968518212)
  );
#51 = CARTESIAN_POINT('',(11.046376931933,6.171524703428,7.177553758777)
  );
#52 = CARTESIAN_POINT('',(10.799107447542,6.104768322353,6.928602673475)
  );
#53 = CARTESIAN_POINT('',(10.66392540658,6.07391290613,6.816436345929));
#54 = CARTESIAN_POINT('',(10.369453999493,6.018326490427,6.617569222004)
  );
#55 = CARTESIAN_POINT('',(10.211444804032,5.993969644051,6.532217997186)
  );
#56 = CARTESIAN_POINT('',(9.721311917556,5.934740703074,6.326669663469)
  );
#57 = CARTESIAN_POINT('',(9.362083663935,5.912691588279,6.252832774127)
  );
#58 = CARTESIAN_POINT('',(9.,5.912691588279,6.252832774127));
#59 = ORIENTED_EDGE('',*,*,#60,.F.);
#60 = EDGE_CURVE('',#24,#22,#61,.T.);
#61 = B_SPLINE_CURVE_WITH_KNOTS('',3,(#62,#63,#64,#65,#66,#67,#68,#69,
    #70,#71,#72,#73,#74,#75,#76,#77,#78,#79,#80,#81,#82,#83,#84,#85,#86,
    #87,#88,#89,#90,#91,#92,#93),.UNSPECIFIED.,.F.,.F.,(4,2,2,2,2,2,2,2,
    2,2,2,2,2,2,2,4),(0.,5.353548610519E-04,1.070709722104E-03,
    1.606064583156E-03,2.141419444207E-03,3.212129166311E-03,
    3.747484027363E-03,4.282838888415E-03,4.818193749467E-03,
    5.353548610519E-03,5.88890347157E-03,6.424258332622E-03,
    6.959613193674E-03,7.494968054726E-03,8.030322915778E-03,
    8.56567777683E-03),.UNSPECIFIED.);
#62 = CARTESIAN_POINT('',(9.,5.912691588279,6.252832774127));
#63 = CARTESIAN_POINT('',(8.818922811108,5.912691588279,6.252832774127)
  );
#64 = CARTESIAN_POINT('',(8.641071801829,5.918018160493,6.27079817676));
#65 = CARTESIAN_POINT('',(8.291516971066,5.938636245768,6.341014412269)
  );
#66 = CARTESIAN_POINT('',(8.117936513461,5.954199797215,6.394205975976)
  );
#67 = CARTESIAN_POINT('',(7.78905617932,5.99387596676,6.5318875494));
#68 = CARTESIAN_POINT('',(7.6333597751,6.017867234532,6.615950112538));
#69 = CARTESIAN_POINT('',(7.33910494422,6.07327039963,6.814114238518));
#70 = CARTESIAN_POINT('',(7.20114182344,6.104707175322,6.928377796104));
#71 = CARTESIAN_POINT('',(6.830089538734,6.204863284597,7.301875285808)
  );
#72 = CARTESIAN_POINT('',(6.631211440237,6.281764239448,7.601029335986)
  );
#73 = CARTESIAN_POINT('',(6.430537185942,6.397132585469,8.083996720916)
  );
#74 = CARTESIAN_POINT('',(6.378586004806,6.436295089819,8.253547099641)
  );
#75 = CARTESIAN_POINT('',(6.309000831059,6.512664567778,8.597564413895)
  );
#76 = CARTESIAN_POINT('',(6.291117785834,6.549709136577,8.771148901311)
  );
#77 = CARTESIAN_POINT('',(6.28898284922,6.621358844424,9.121488267251));
#78 = CARTESIAN_POINT('',(6.305283044586,6.656229447675,9.299791514486)
  );
#79 = CARTESIAN_POINT('',(6.371452298733,6.720797018795,9.645311817513)
  );
#80 = CARTESIAN_POINT('',(6.421024097153,6.750813502327,9.813966916266)
  );
#81 = CARTESIAN_POINT('',(6.553929224686,6.806688691865,10.142783534767)
  );
#82 = CARTESIAN_POINT('',(6.637481156179,6.832390137671,10.302206153748)
  );
#83 = CARTESIAN_POINT('',(6.831724514465,6.877994137274,10.598069073955)
  );
#84 = CARTESIAN_POINT('',(6.943082778336,6.898221977137,10.736411138978)
  );
#85 = CARTESIAN_POINT('',(7.195674803215,6.934188691003,10.992832591194)
  );
#86 = CARTESIAN_POINT('',(7.333028398892,6.949370728913,11.106891189055)
  );
#87 = CARTESIAN_POINT('',(7.627779501327,6.975077898787,11.30650333727)
  );
#88 = CARTESIAN_POINT('',(7.787259023652,6.985710385156,11.39296849354)
  );
#89 = CARTESIAN_POINT('',(8.11826826406,7.002373389247,11.531655351947)
  );
#90 = CARTESIAN_POINT('',(8.288784202675,7.008426996091,11.583962067845)
  );
#91 = CARTESIAN_POINT('',(8.6397502455,7.01654829254,11.654740424685));
#92 = CARTESIAN_POINT('',(8.821285560606,7.018572779972,11.672832774125)
  );
#93 = CARTESIAN_POINT('',(8.999999999979,7.018572779972,11.672832774127)
  );
#94 = FACE_BOUND('',#95,.F.);
#95 = EDGE_LOOP('',(#96,#107,#122,#131));
#96 = ORIENTED_EDGE('',*,*,#97,.T.);
#97 = EDGE_CURVE('',#98,#100,#102,.T.);
#98 = VERTEX_POINT('',#99);
#99 = CARTESIAN_POINT('',(14.411411078204,7.960907456884,13.883932850209
    ));
#100 = VERTEX_POINT('',#101);
#101 = CARTESIAN_POINT('',(14.534585742384,5.453266679819,1.462421610458
    ));
#102 = B_SPLINE_CURVE_WITH_KNOTS('',3,(#103,#104,#105,#106),
  .UNSPECIFIED.,.F.,.F.,(4,4),(0.,1.267272035858E-02),
  .PIECEWISE_BEZIER_KNOTS.);
#103 = CARTESIAN_POINT('',(14.411411078204,7.960907456884,
    13.883932850209));
#104 = CARTESIAN_POINT('',(14.44247673425,7.123111394975,9.743721421984)
  );
#105 = CARTESIAN_POINT('',(14.480536287879,6.286622170157,5.603295653733
    ));
#106 = CARTESIAN_POINT('',(14.534585742384,5.453266679819,1.462421610458
    ));
#107 = ORIENTED_EDGE('',*,*,#108,.T.);
#108 = EDGE_CURVE('',#100,#109,#111,.T.);
#109 = VERTEX_POINT('',#110);
#110 = CARTESIAN_POINT('',(3.465414257616,5.453266679819,1.462421610458)
  );
#111 = B_SPLINE_CURVE_WITH_KNOTS('',3,(#112,#113,#114,#115,#116,#117,
    #118,#119,#120,#121),.UNSPECIFIED.,.F.,.F.,(4,2,2,2,4),(0.,
    2.782880849927E-03,5.565761699855E-03,8.348642549782E-03,
    1.113152339971E-02),.UNSPECIFIED.);
#112 = CARTESIAN_POINT('',(14.534585742384,5.453266679819,1.462421610458
    ));
#113 = CARTESIAN_POINT('',(13.621740233032,5.280124607274,1.457282873709
    ));
#114 = CARTESIAN_POINT('',(12.70321470824,5.150225153012,1.45342754791)
  );
#115 = CARTESIAN_POINT('',(10.854916020941,4.976055818816,1.448258322747
    ));
#116 = CARTESIAN_POINT('',(9.926456712327,4.932073715342,1.44695296439)
  );
#117 = CARTESIAN_POINT('',(8.070998712822,4.932154250618,1.446955354621)
  );
#118 = CARTESIAN_POINT('',(7.141586058868,4.976319888116,1.448266160141)
  );
#119 = CARTESIAN_POINT('',(5.296097532299,5.150355658535,1.453431421223)
  );
#120 = CARTESIAN_POINT('',(4.378264430497,5.280123722729,1.457282847457)
  );
#121 = CARTESIAN_POINT('',(3.465414257616,5.453266679819,1.462421610458)
  );
#122 = ORIENTED_EDGE('',*,*,#123,.T.);
#123 = EDGE_CURVE('',#109,#124,#126,.T.);
#124 = VERTEX_POINT('',#125);
#125 = CARTESIAN_POINT('',(3.588588921796,7.960907456884,13.883932850209
    ));
#126 = B_SPLINE_CURVE_WITH_KNOTS('',3,(#127,#128,#129,#130),
  .UNSPECIFIED.,.F.,.F.,(4,4),(0.,1.26727146114E-02),
  .PIECEWISE_BEZIER_KNOTS.);
#127 = CARTESIAN_POINT('',(3.465414257616,5.453266679819,1.462421610458)
  );
#128 = CARTESIAN_POINT('',(3.519463696404,6.286621927823,5.603294449593)
  );
#129 = CARTESIAN_POINT('',(3.557523270693,7.123111528271,9.743722080704)
  );
#130 = CARTESIAN_POINT('',(3.588588921796,7.960907456884,13.883932850209
    ));
#131 = ORIENTED_EDGE('',*,*,#132,.T.);
#132 = EDGE_CURVE('',#124,#98,#133,.T.);
#133 = B_SPLINE_CURVE_WITH_KNOTS('',3,(#134,#135,#136,#137,#138,#139,
    #140,#141,#142,#143),.UNSPECIFIED.,.F.,.F.,(4,2,2,2,4),(0.,
    2.719216559863E-03,5.438433119727E-03,8.15764967959E-03,
    1.087686623945E-02),.UNSPECIFIED.);
#134 = CARTESIAN_POINT('',(3.588588921796,7.960907456884,13.883932850209
    ));
#135 = CARTESIAN_POINT('',(4.481952057109,7.808414172519,13.936440498857
    ));
#136 = CARTESIAN_POINT('',(5.380297866108,7.694003690166,13.975835187181
    ));
#137 = CARTESIAN_POINT('',(7.186864662747,7.540659165768,14.028635941278
    ));
#138 = CARTESIAN_POINT('',(8.094181016469,7.501954292748,14.041963097827
    ));
#139 = CARTESIAN_POINT('',(9.906410646607,7.501971143702,14.041957295578
    ));
#140 = CARTESIAN_POINT('',(10.814395737378,7.540744872822,
    14.028606429972));
#141 = CARTESIAN_POINT('',(12.619948393518,7.694045888768,
    13.975820657037));
#142 = CARTESIAN_POINT('',(13.518044969486,7.808413664972,
    13.936440673619));
#143 = CARTESIAN_POINT('',(14.411411078204,7.960907456884,
    13.883932850209));
#144 = B_SPLINE_SURFACE_WITH_KNOTS('',3,3,(
    (#145,#146,#147,#148)
    ,(#149,#150,#151,#152)
    ,(#153,#154,#155,#156)
    ,(#157,#158,#159,#160)
    ,(#161,#162,#163,#164)
    ,(#165,#166,#167,#168)
    ,(#169,#170,#171,#172
    )),.UNSPECIFIED.,.F.,.F.,.F.,(4,3,4),(4,4),(7.944069753893E-02,0.5,
    0.920559302461),(7.074088250734E-02,0.93664467264),
  .PIECEWISE_BEZIER_KNOTS.);
#145 = CARTESIAN_POINT('',(3.403128440471,8.01172633712,13.964143831038)
  );
#146 = CARTESIAN_POINT('',(3.402132954052,7.156743350768,9.766027297806)
  );
#147 = CARTESIAN_POINT('',(3.401137310524,6.30176095103,5.567910645099)
  );
#148 = CARTESIAN_POINT('',(3.400141512486,5.446779138697,1.369793872755)
  );
#149 = CARTESIAN_POINT('',(5.23729973079,7.685507942619,14.065856146218)
  );
#150 = CARTESIAN_POINT('',(5.236147848388,6.822651977072,9.834038673243)
  );
#151 = CARTESIAN_POINT('',(5.234996240815,5.95979609665,5.602221182795)
  );
#152 = CARTESIAN_POINT('',(5.233844908253,5.096940299616,1.370403675228)
  );
#153 = CARTESIAN_POINT('',(7.117237826207,7.517523135518,14.118222882368
    ));
#154 = CARTESIAN_POINT('',(7.116631892771,6.650531547117,9.869037305806)
  );
#155 = CARTESIAN_POINT('',(7.11602610635,5.783539958716,5.619851729243)
  );
#156 = CARTESIAN_POINT('',(7.11542046668,4.916548370315,1.37066615268));
#157 = CARTESIAN_POINT('',(9.,7.517523135518,14.118222882368));
#158 = CARTESIAN_POINT('',(9.,6.650531547117,9.869037305806));
#159 = CARTESIAN_POINT('',(9.,5.783539958716,5.619851729243));
#160 = CARTESIAN_POINT('',(9.,4.916548370315,1.37066615268));
#161 = CARTESIAN_POINT('',(10.882762173793,7.517523135518,
    14.118222882368));
#162 = CARTESIAN_POINT('',(10.883368107229,6.650531547117,9.869037305806
    ));
#163 = CARTESIAN_POINT('',(10.88397389365,5.783539958716,5.619851729243)
  );
#164 = CARTESIAN_POINT('',(10.88457953332,4.916548370315,1.37066615268)
  );
#165 = CARTESIAN_POINT('',(12.76270026921,7.685507942619,14.065856146218
    ));
#166 = CARTESIAN_POINT('',(12.763852151612,6.822651977072,9.834038673243
    ));
#167 = CARTESIAN_POINT('',(12.765003759185,5.95979609665,5.602221182795)
  );
#168 = CARTESIAN_POINT('',(12.766155091747,5.096940299616,1.370403675228
    ));
#169 = CARTESIAN_POINT('',(14.596871559529,8.01172633712,13.964143831038
    ));
#170 = CARTESIAN_POINT('',(14.597867045948,7.156743350768,9.766027297806
    ));
#171 = CARTESIAN_POINT('',(14.598862689476,6.30176095103,5.567910645099)
  );
#172 = CARTESIAN_POINT('',(14.599858487514,5.446779138697,1.369793872755
    ));
#173 = ADVANCED_FACE('',(#174),#217,.F.);
#174 = FACE_BOUND('',#175,.F.);
#175 = EDGE_LOOP('',(#176,#188,#189,#204));
#176 = ORIENTED_EDGE('',*,*,#177,.T.);
#177 = EDGE_CURVE('',#178,#100,#180,.T.);
#178 = VERTEX_POINT('',#179);
#179 = CARTESIAN_POINT('',(16.608264436775,0.,1.300572433796));
#180 = B_SPLINE_CURVE_WITH_KNOTS('',3,(#181,#182,#183,#184,#185,#186,
    #187),.UNSPECIFIED.,.F.,.F.,(4,3,4),(0.,2.918235205631E-03,
    5.836478767755E-03),.UNSPECIFIED.);
#181 = CARTESIAN_POINT('',(16.608264436775,-4.3E-16,1.300572433796));
#182 = CARTESIAN_POINT('',(16.261187696872,0.908319302738,1.327530721355
    ));
#183 = CARTESIAN_POINT('',(15.914748475743,1.81688236647,1.354496243573)
  );
#184 = CARTESIAN_POINT('',(15.569084072418,2.72573960406,1.381470496666)
  );
#185 = CARTESIAN_POINT('',(15.223418712981,3.634599355558,1.40844482437)
  );
#186 = CARTESIAN_POINT('',(14.878527161311,4.543753709778,1.43542789568)
  );
#187 = CARTESIAN_POINT('',(14.534585742384,5.453266679819,1.462421610458
    ));
#188 = ORIENTED_EDGE('',*,*,#97,.F.);
#189 = ORIENTED_EDGE('',*,*,#190,.F.);
#190 = EDGE_CURVE('',#191,#98,#193,.T.);
#191 = VERTEX_POINT('',#192);
#192 = CARTESIAN_POINT('',(16.649947780587,-9.E-15,16.625093114457));
#193 = B_SPLINE_CURVE_WITH_KNOTS('',3,(#194,#195,#196,#197,#198,#199,
    #200,#201,#202,#203),.UNSPECIFIED.,.F.,.F.,(4,3,3,4),(0.,
    2.678437876009E-03,5.356875794639E-03,8.712122415678E-03),
  .UNSPECIFIED.);
#194 = CARTESIAN_POINT('',(16.649947780587,-9.38E-15,16.625093114457));
#195 = CARTESIAN_POINT('',(16.421306558618,0.816020096205,
    16.344114862335));
#196 = CARTESIAN_POINT('',(16.192464829083,1.631989997585,
    16.063153893676));
#197 = CARTESIAN_POINT('',(15.963393648721,2.447902284277,
    15.782212763346));
#198 = CARTESIAN_POINT('',(15.734322466217,3.263814578599,
    15.501271630388));
#199 = CARTESIAN_POINT('',(15.505021909367,4.07966934156,15.220350307067
    ));
#200 = CARTESIAN_POINT('',(15.275457119898,4.895457599507,
    14.939451883258));
#201 = CARTESIAN_POINT('',(14.987884110527,5.917385591556,
    14.587573856802));
#202 = CARTESIAN_POINT('',(14.699897280752,6.939209592338,
    14.235731637411));
#203 = CARTESIAN_POINT('',(14.411411078204,7.960907456884,
    13.883932850209));
#204 = ORIENTED_EDGE('',*,*,#205,.T.);
#205 = EDGE_CURVE('',#191,#178,#206,.T.);
#206 = B_SPLINE_CURVE_WITH_KNOTS('',3,(#207,#208,#209,#210,#211,#212,
    #213,#214,#215,#216),.UNSPECIFIED.,.F.,.F.,(4,3,3,4),(0.,
    5.356875782447E-03,1.034072637193E-02,1.532458137414E-02),
  .UNSPECIFIED.);
#207 = CARTESIAN_POINT('',(16.649947780587,-9.38E-15,16.625093114457));
#208 = CARTESIAN_POINT('',(16.646901679951,-8.9E-16,14.839470451817));
#209 = CARTESIAN_POINT('',(16.643445862967,3.3E-16,13.053848389326));
#210 = CARTESIAN_POINT('',(16.639385525809,3.3E-16,11.268227744921));
#211 = CARTESIAN_POINT('',(16.635607929662,3.3E-16,9.606948544707));
#212 = CARTESIAN_POINT('',(16.631309937772,2.17E-15,7.945670352676));
#213 = CARTESIAN_POINT('',(16.626234833605,2.17E-15,6.284394609576));
#214 = CARTESIAN_POINT('',(16.621159725275,2.17E-15,4.623117503637));
#215 = CARTESIAN_POINT('',(16.615315264058,-1.08E-15,2.961842329169));
#216 = CARTESIAN_POINT('',(16.608264436775,-4.3E-16,1.300572433796));
#217 = B_SPLINE_SURFACE_WITH_KNOTS('',3,3,(
    (#218,#219,#220,#221)
    ,(#222,#223,#224,#225)
    ,(#226,#227,#228,#229)
    ,(#230,#231,#232,#233
    )),.UNSPECIFIED.,.F.,.F.,.F.,(4,4),(4,4),(6.502262653888E-02,
    0.932973070678),(3.194653065274E-02,0.885686415684),
  .PIECEWISE_BEZIER_KNOTS.);
#218 = CARTESIAN_POINT('',(16.663239730725,-4.696056119848E-02,
    16.732437250983));
#219 = CARTESIAN_POINT('',(15.907730587005,2.654173333375,
    15.867052427732));
#220 = CARTESIAN_POINT('',(15.152361904649,5.356010744508,
    15.003698392681));
#221 = CARTESIAN_POINT('',(14.397423357503,8.058937661453,
    14.143307533655));
#222 = CARTESIAN_POINT('',(16.671424594073,-0.103500434635,
    11.557493053834));
#223 = CARTESIAN_POINT('',(15.916027638932,2.354243791271,
    10.983934001618));
#224 = CARTESIAN_POINT('',(15.160803031868,4.812655809205,10.41274458977
    ));
#225 = CARTESIAN_POINT('',(14.406119493226,7.272163866055,9.845119722847
    ));
#226 = CARTESIAN_POINT('',(16.682113490849,-0.166573625951,
    6.382583231291));
#227 = CARTESIAN_POINT('',(15.926899796492,2.047370982507,6.101160245489
    ));
#228 = CARTESIAN_POINT('',(15.171890169055,4.261909800069,5.82255148694)
  );
#229 = CARTESIAN_POINT('',(14.417523118557,6.47753471724,5.548309737895)
  );
#230 = CARTESIAN_POINT('',(16.701377410279,-0.24408556576,1.207749377238
    ));
#231 = CARTESIAN_POINT('',(15.947239862257,1.724511251471,1.219151594931
    ));
#232 = CARTESIAN_POINT('',(15.19355278779,3.693299669675,1.234109221497)
  );
#233 = CARTESIAN_POINT('',(14.441202664098,5.662632322794,1.255055672141
    ));
#234 = ADVANCED_FACE('',(#235),#257,.F.);
#235 = FACE_BOUND('',#236,.T.);
#236 = EDGE_LOOP('',(#237,#249,#255,#256));
#237 = ORIENTED_EDGE('',*,*,#238,.F.);
#238 = EDGE_CURVE('',#239,#109,#241,.T.);
#239 = VERTEX_POINT('',#240);
#240 = CARTESIAN_POINT('',(1.391735563225,0.,1.300572433796));
#241 = B_SPLINE_CURVE_WITH_KNOTS('',3,(#242,#243,#244,#245,#246,#247,
    #248),.UNSPECIFIED.,.F.,.F.,(4,3,4),(0.,2.918235205631E-03,
    5.836478767755E-03),.UNSPECIFIED.);
#242 = CARTESIAN_POINT('',(1.391735563225,-2.2E-16,1.300572433796));
#243 = CARTESIAN_POINT('',(1.738812303128,0.908319302738,1.327530721355)
  );
#244 = CARTESIAN_POINT('',(2.085251524257,1.81688236647,1.354496243573)
  );
#245 = CARTESIAN_POINT('',(2.430915927582,2.72573960406,1.381470496666)
  );
#246 = CARTESIAN_POINT('',(2.776581287019,3.634599355558,1.40844482437)
  );
#247 = CARTESIAN_POINT('',(3.121472838689,4.543753709778,1.43542789568)
  );
#248 = CARTESIAN_POINT('',(3.465414257616,5.453266679819,1.462421610458)
  );
#249 = ORIENTED_EDGE('',*,*,#250,.T.);
#250 = EDGE_CURVE('',#239,#178,#251,.T.);
#251 = LINE('',#252,#253);
#252 = CARTESIAN_POINT('',(9.,0.,1.300572433796));
#253 = VECTOR('',#254,1.);
#254 = DIRECTION('',(1.,0.,1.E-17));
#255 = ORIENTED_EDGE('',*,*,#177,.T.);
#256 = ORIENTED_EDGE('',*,*,#108,.T.);
#257 = PLANE('',#258);
#258 = AXIS2_PLACEMENT_3D('',#259,#260,#261);
#259 = CARTESIAN_POINT('',(9.,5.961433882689,1.477503660946));
#260 = DIRECTION('',(1.E-17,2.966624408511E-02,-0.999559860119));
#261 = DIRECTION('',(0.,0.999559860119,2.966624408511E-02));
#262 = ADVANCED_FACE('',(#263),#295,.F.);
#263 = FACE_BOUND('',#264,.F.);
#264 = EDGE_LOOP('',(#265,#280,#281,#282));
#265 = ORIENTED_EDGE('',*,*,#266,.T.);
#266 = EDGE_CURVE('',#267,#124,#269,.T.);
#267 = VERTEX_POINT('',#268);
#268 = CARTESIAN_POINT('',(1.350052219413,-9.E-15,16.625093114457));
#269 = B_SPLINE_CURVE_WITH_KNOTS('',3,(#270,#271,#272,#273,#274,#275,
    #276,#277,#278,#279),.UNSPECIFIED.,.F.,.F.,(4,3,3,4),(0.,
    2.683908998455E-03,5.367818039906E-03,8.712122413613E-03),
  .UNSPECIFIED.);
#270 = CARTESIAN_POINT('',(1.350052219413,-8.61E-15,16.625093114457));
#271 = CARTESIAN_POINT('',(1.579160476341,0.817686943103,16.343540920921
    ));
#272 = CARTESIAN_POINT('',(1.808470058982,1.635323486645,16.062006081344
    ));
#273 = CARTESIAN_POINT('',(2.038010093846,2.452902163758,15.780491166778
    ));
#274 = CARTESIAN_POINT('',(2.267550130871,3.270480848567,15.498976249561
    ));
#275 = CARTESIAN_POINT('',(2.497320542738,4.088001750937,15.217481228433
    ));
#276 = CARTESIAN_POINT('',(2.727356422429,4.905455836669,14.936009214119
    ));
#277 = CARTESIAN_POINT('',(3.013994291205,5.924050402316,14.58527897842)
  );
#278 = CARTESIAN_POINT('',(3.301043540328,6.942541588393,14.234584339162
    ));
#279 = CARTESIAN_POINT('',(3.588588921796,7.960907456884,13.883932850209
    ));
#280 = ORIENTED_EDGE('',*,*,#123,.F.);
#281 = ORIENTED_EDGE('',*,*,#238,.F.);
#282 = ORIENTED_EDGE('',*,*,#283,.F.);
#283 = EDGE_CURVE('',#267,#239,#284,.T.);
#284 = B_SPLINE_CURVE_WITH_KNOTS('',3,(#285,#286,#287,#288,#289,#290,
    #291,#292,#293,#294),.UNSPECIFIED.,.F.,.F.,(4,3,3,4),(0.,
    5.367818027601E-03,1.0346197498E-02,1.532458137049E-02),
  .UNSPECIFIED.);
#285 = CARTESIAN_POINT('',(1.350052219413,-8.61E-15,16.625093114457));
#286 = CARTESIAN_POINT('',(1.35310454218,-8.E-17,14.835823042073));
#287 = CARTESIAN_POINT('',(1.356568222558,5.E-17,13.04655357189));
#288 = CARTESIAN_POINT('',(1.360639363461,5.E-17,11.257285527573));
#289 = CARTESIAN_POINT('',(1.364415140465,5.E-17,9.597830033781));
#290 = CARTESIAN_POINT('',(1.36871062059,-1.1E-16,7.938375547724));
#291 = CARTESIAN_POINT('',(1.373781883156,-1.1E-16,6.278923507242));
#292 = CARTESIAN_POINT('',(1.378853149878,-1.1E-16,4.619470107093));
#293 = CARTESIAN_POINT('',(1.38469247613,5.E-17,2.96001863658));
#294 = CARTESIAN_POINT('',(1.391735563225,-2.2E-16,1.300572433796));
#295 = B_SPLINE_SURFACE_WITH_KNOTS('',3,3,(
    (#296,#297,#298,#299)
    ,(#300,#301,#302,#303)
    ,(#304,#305,#306,#307)
    ,(#308,#309,#310,#311
    )),.UNSPECIFIED.,.F.,.F.,.F.,(4,4),(4,4),(6.702692932246E-02,
    0.934977373461),(3.194653065274E-02,0.885686415684),
  .PIECEWISE_BEZIER_KNOTS.);
#296 = CARTESIAN_POINT('',(1.298622589721,-0.24408556576,1.207749377238)
  );
#297 = CARTESIAN_POINT('',(2.052760137743,1.724511251471,1.219151594931)
  );
#298 = CARTESIAN_POINT('',(2.80644721221,3.693299669675,1.234109221497)
  );
#299 = CARTESIAN_POINT('',(3.558797335902,5.662632322794,1.255055672141)
  );
#300 = CARTESIAN_POINT('',(1.317886509151,-0.166573625951,6.382583231291
    ));
#301 = CARTESIAN_POINT('',(2.073100203508,2.047370982507,6.101160245489)
  );
#302 = CARTESIAN_POINT('',(2.828109830945,4.261909800069,5.82255148694)
  );
#303 = CARTESIAN_POINT('',(3.582476881443,6.47753471724,5.548309737895)
  );
#304 = CARTESIAN_POINT('',(1.328575405927,-0.103500434635,
    11.557493053834));
#305 = CARTESIAN_POINT('',(2.083972361068,2.354243791271,10.983934001618
    ));
#306 = CARTESIAN_POINT('',(2.839196968132,4.812655809205,10.41274458977)
  );
#307 = CARTESIAN_POINT('',(3.593880506774,7.272163866055,9.845119722847)
  );
#308 = CARTESIAN_POINT('',(1.336760269275,-4.696056119848E-02,
    16.732437250983));
#309 = CARTESIAN_POINT('',(2.092269412995,2.654173333375,15.867052427732
    ));
#310 = CARTESIAN_POINT('',(2.847638095351,5.356010744508,15.003698392681
    ));
#311 = CARTESIAN_POINT('',(3.602576642497,8.058937661453,14.143307533655
    ));
#312 = ADVANCED_FACE('',(#313),#324,.T.);
#313 = FACE_BOUND('',#314,.T.);
#314 = EDGE_LOOP('',(#315,#316,#322,#323));
#315 = ORIENTED_EDGE('',*,*,#190,.F.);
#316 = ORIENTED_EDGE('',*,*,#317,.F.);
#317 = EDGE_CURVE('',#267,#191,#318,.T.);
#318 = LINE('',#319,#320);
#319 = CARTESIAN_POINT('',(9.,0.,16.625093114457));
#320 = VECTOR('',#321,1.);
#321 = DIRECTION('',(1.,0.,3.1E-16));
#322 = ORIENTED_EDGE('',*,*,#266,.T.);
#323 = ORIENTED_EDGE('',*,*,#132,.T.);
#324 = PLANE('',#325);
#325 = AXIS2_PLACEMENT_3D('',#326,#327,#328);
#326 = CARTESIAN_POINT('',(9.,8.580530172183,13.67057963951));
#327 = DIRECTION('',(2.9E-16,-0.325568154457,-0.945518575599));
#328 = DIRECTION('',(0.,0.945518575599,-0.325568154457));
#329 = ADVANCED_FACE('',(#330,#364),#370,.F.);
#330 = FACE_BOUND('',#331,.T.);
#331 = EDGE_LOOP('',(#332,#342,#350,#358));
#332 = ORIENTED_EDGE('',*,*,#333,.T.);
#333 = EDGE_CURVE('',#334,#336,#338,.T.);
#334 = VERTEX_POINT('',#335);
#335 = CARTESIAN_POINT('',(0.,0.,0.));
#336 = VERTEX_POINT('',#337);
#337 = CARTESIAN_POINT('',(18.,0.,0.));
#338 = LINE('',#339,#340);
#339 = CARTESIAN_POINT('',(0.,0.,0.));
#340 = VECTOR('',#341,1.);
#341 = DIRECTION('',(1.,0.,0.));
#342 = ORIENTED_EDGE('',*,*,#343,.F.);
#343 = EDGE_CURVE('',#344,#336,#346,.T.);
#344 = VERTEX_POINT('',#345);
#345 = CARTESIAN_POINT('',(18.,0.,18.));
#346 = LINE('',#347,#348);
#347 = CARTESIAN_POINT('',(18.,0.,18.));
#348 = VECTOR('',#349,1.);
#349 = DIRECTION('',(0.,0.,-1.));
#350 = ORIENTED_EDGE('',*,*,#351,.F.);
#351 = EDGE_CURVE('',#352,#344,#354,.T.);
#352 = VERTEX_POINT('',#353);
#353 = CARTESIAN_POINT('',(0.,0.,18.));
#354 = LINE('',#355,#356);
#355 = CARTESIAN_POINT('',(0.,0.,18.));
#356 = VECTOR('',#357,1.);
#357 = DIRECTION('',(1.,0.,0.));
#358 = ORIENTED_EDGE('',*,*,#359,.T.);
#359 = EDGE_CURVE('',#352,#334,#360,.T.);
#360 = LINE('',#361,#362);
#361 = CARTESIAN_POINT('',(0.,0.,18.));
#362 = VECTOR('',#363,1.);
#363 = DIRECTION('',(0.,0.,-1.));
#364 = FACE_BOUND('',#365,.T.);
#365 = EDGE_LOOP('',(#366,#367,#368,#369));
#366 = ORIENTED_EDGE('',*,*,#250,.F.);
#367 = ORIENTED_EDGE('',*,*,#283,.F.);
#368 = ORIENTED_EDGE('',*,*,#317,.T.);
#369 = ORIENTED_EDGE('',*,*,#205,.T.);
#370 = PLANE('',#371);
#371 = AXIS2_PLACEMENT_3D('',#372,#373,#374);
#372 = CARTESIAN_POINT('',(0.,0.,0.));
#373 = DIRECTION('',(0.,1.,0.));
#374 = DIRECTION('',(0.,0.,1.));
#375 = ADVANCED_FACE('',(#376),#410,.T.);
#376 = FACE_BOUND('',#377,.T.);
#377 = EDGE_LOOP('',(#378,#387,#402,#409));
#378 = ORIENTED_EDGE('',*,*,#379,.T.);
#379 = EDGE_CURVE('',#334,#380,#382,.T.);
#380 = VERTEX_POINT('',#381);
#381 = CARTESIAN_POINT('',(3.514561242989,6.454354475665,0.191560768821)
  );
#382 = B_SPLINE_CURVE_WITH_KNOTS('',3,(#383,#384,#385,#386),
  .UNSPECIFIED.,.F.,.F.,(4,4),(0.,0.987862766321),
  .PIECEWISE_BEZIER_KNOTS.);
#383 = CARTESIAN_POINT('',(0.,0.,0.));
#384 = CARTESIAN_POINT('',(1.285027911966,2.308729489573,
    6.852149160531E-02));
#385 = CARTESIAN_POINT('',(2.456548279302,4.460181006372,0.132375081952)
  );
#386 = CARTESIAN_POINT('',(3.514561242989,6.454354475665,0.191560768821)
  );
#387 = ORIENTED_EDGE('',*,*,#388,.T.);
#388 = EDGE_CURVE('',#380,#389,#391,.T.);
#389 = VERTEX_POINT('',#390);
#390 = CARTESIAN_POINT('',(14.48543875702,6.454354475665,0.191560768821)
  );
#391 = B_SPLINE_CURVE_WITH_KNOTS('',3,(#392,#393,#394,#395,#396,#397,
    #398,#399,#400,#401),.UNSPECIFIED.,.F.,.F.,(4,2,2,2,4),(0.,
    2.755448588217E-03,5.510897176434E-03,8.266345764651E-03,
    1.102179435287E-02),.UNSPECIFIED.);
#392 = CARTESIAN_POINT('',(3.514561242989,6.454354475665,0.191560768821)
  );
#393 = CARTESIAN_POINT('',(4.418712579588,6.277072004639,0.186299147914)
  );
#394 = CARTESIAN_POINT('',(5.327977851624,6.144299409664,0.182358549289)
  );
#395 = CARTESIAN_POINT('',(7.156551466843,5.966168097294,0.17707173536)
  );
#396 = CARTESIAN_POINT('',(8.077921979255,5.920886536615,0.175727810013)
  );
#397 = CARTESIAN_POINT('',(9.918108745039,5.920756691528,0.175723956301)
  );
#398 = CARTESIAN_POINT('',(10.838511205526,5.965783143477,0.177060310197
    ));
#399 = CARTESIAN_POINT('',(12.671050879658,6.144109084029,0.182352900556
    ));
#400 = CARTESIAN_POINT('',(13.581293827081,6.277073260833,0.186299185197
    ));
#401 = CARTESIAN_POINT('',(14.48543875702,6.454354475665,0.191560768821)
  );
#402 = ORIENTED_EDGE('',*,*,#403,.T.);
#403 = EDGE_CURVE('',#389,#336,#404,.T.);
#404 = B_SPLINE_CURVE_WITH_KNOTS('',3,(#405,#406,#407,#408),
  .UNSPECIFIED.,.F.,.F.,(4,4),(1.21374247227E-02,1.),
  .PIECEWISE_BEZIER_KNOTS.);
#405 = CARTESIAN_POINT('',(14.48543875702,6.454354475665,0.191560768821)
  );
#406 = CARTESIAN_POINT('',(15.543451727667,4.460180993859,0.13237508158)
  );
#407 = CARTESIAN_POINT('',(16.714972094998,2.308729477059,
    6.85214912339E-02));
#408 = CARTESIAN_POINT('',(18.,0.,0.));
#409 = ORIENTED_EDGE('',*,*,#333,.F.);
#410 = PLANE('',#411);
#411 = AXIS2_PLACEMENT_3D('',#412,#413,#414);
#412 = CARTESIAN_POINT('',(9.,6.,0.178075842791));
#413 = DIRECTION('',(1.E-17,2.966624408511E-02,-0.999559860119));
#414 = DIRECTION('',(0.,0.999559860119,2.966624408511E-02));
#415 = ADVANCED_FACE('',(#416),#450,.T.);
#416 = FACE_BOUND('',#417,.T.);
#417 = EDGE_LOOP('',(#418,#427,#442,#449));
#418 = ORIENTED_EDGE('',*,*,#419,.T.);
#419 = EDGE_CURVE('',#336,#420,#422,.T.);
#420 = VERTEX_POINT('',#421);
#421 = CARTESIAN_POINT('',(15.381211249591,6.823568218758,1.109583654018
    ));
#422 = B_SPLINE_CURVE_WITH_KNOTS('',3,(#423,#424,#425,#426),
  .UNSPECIFIED.,.F.,.F.,(4,4),(0.,0.98723161044),
  .PIECEWISE_BEZIER_KNOTS.);
#423 = CARTESIAN_POINT('',(18.,0.,0.));
#424 = CARTESIAN_POINT('',(17.059441441391,2.385002056668,0.413266646036
    ));
#425 = CARTESIAN_POINT('',(16.186512166802,4.658632889647,0.784195991036
    ));
#426 = CARTESIAN_POINT('',(15.381211249591,6.823568218758,1.109583654018
    ));
#427 = ORIENTED_EDGE('',*,*,#428,.T.);
#428 = EDGE_CURVE('',#420,#429,#431,.T.);
#429 = VERTEX_POINT('',#430);
#430 = CARTESIAN_POINT('',(15.374713926731,9.385088387274,
    13.756448376781));
#431 = B_SPLINE_CURVE_WITH_KNOTS('',3,(#432,#433,#434,#435,#436,#437,
    #438,#439,#440,#441),.UNSPECIFIED.,.F.,.F.,(4,3,3,4),(0.,
    5.280233972899E-03,7.617551316541E-03,1.29036673644E-02),
  .UNSPECIFIED.);
#432 = CARTESIAN_POINT('',(15.381211249591,6.823568218758,1.109583654018
    ));
#433 = CARTESIAN_POINT('',(15.3801695678,7.172327870567,2.83476198414));
#434 = CARTESIAN_POINT('',(15.379186996246,7.521430598993,4.559870976705
    ));
#435 = CARTESIAN_POINT('',(15.378272315359,7.870764815124,6.284933092422
    ));
#436 = CARTESIAN_POINT('',(15.377867428088,8.025399048247,7.04853896049)
  );
#437 = CARTESIAN_POINT('',(15.377475520335,8.180079334328,7.81213551061)
  );
#438 = CARTESIAN_POINT('',(15.377096237594,8.334798747733,8.575724137422
    ));
#439 = CARTESIAN_POINT('',(15.376238445397,8.68471476267,10.302668956197
    ));
#440 = CARTESIAN_POINT('',(15.37544538649,9.03482926956,12.029573594904)
  );
#441 = CARTESIAN_POINT('',(15.374713926731,9.385088387274,
    13.756448376781));
#442 = ORIENTED_EDGE('',*,*,#443,.T.);
#443 = EDGE_CURVE('',#429,#344,#444,.T.);
#444 = B_SPLINE_CURVE_WITH_KNOTS('',3,(#445,#446,#447,#448),
  .UNSPECIFIED.,.F.,.F.,(4,4),(1.022663056862E-02,1.),
  .PIECEWISE_BEZIER_KNOTS.);
#445 = CARTESIAN_POINT('',(15.374713926731,9.385088387274,
    13.756448376781));
#446 = CARTESIAN_POINT('',(16.172622870705,6.602257669887,
    15.035247800375));
#447 = CARTESIAN_POINT('',(17.047720153399,3.473353337681,
    16.450414059923));
#448 = CARTESIAN_POINT('',(18.,0.,18.));
#449 = ORIENTED_EDGE('',*,*,#343,.T.);
#450 = B_SPLINE_SURFACE_WITH_KNOTS('',3,1,(
    (#451,#452)
    ,(#453,#454)
    ,(#455,#456)
    ,(#457,#458)
    ,(#459,#460)
    ,(#461,#462
    )),.UNSPECIFIED.,.F.,.F.,.F.,(4,2,4),(2,2),(0.,0.5,1.),(0.,1.),
  .UNSPECIFIED.);
#451 = CARTESIAN_POINT('',(18.,0.,18.));
#452 = CARTESIAN_POINT('',(15.35,9.665631775897,14.671856079669));
#453 = CARTESIAN_POINT('',(18.,0.,15.));
#454 = CARTESIAN_POINT('',(15.35,9.174640329795,12.259785989479));
#455 = CARTESIAN_POINT('',(18.,0.,12.));
#456 = CARTESIAN_POINT('',(15.35,8.683648883693,9.84771589929));
#457 = CARTESIAN_POINT('',(18.,0.,6.));
#458 = CARTESIAN_POINT('',(15.35,7.701665991489,5.023575718911));
#459 = CARTESIAN_POINT('',(18.,0.,3.));
#460 = CARTESIAN_POINT('',(15.35,7.210674545388,2.611505628722));
#461 = CARTESIAN_POINT('',(18.,0.,0.));
#462 = CARTESIAN_POINT('',(15.35,6.719683099286,0.199435538532));
#463 = ADVANCED_FACE('',(#464),#498,.F.);
#464 = FACE_BOUND('',#465,.T.);
#465 = EDGE_LOOP('',(#466,#475,#490,#497));
#466 = ORIENTED_EDGE('',*,*,#467,.T.);
#467 = EDGE_CURVE('',#344,#468,#470,.T.);
#468 = VERTEX_POINT('',#469);
#469 = CARTESIAN_POINT('',(14.438111653367,9.403128244433,
    14.762243294138));
#470 = B_SPLINE_CURVE_WITH_KNOTS('',3,(#471,#472,#473,#474),
  .UNSPECIFIED.,.F.,.F.,(4,4),(0.,0.990706185784),
  .PIECEWISE_BEZIER_KNOTS.);
#471 = CARTESIAN_POINT('',(18.,0.,18.));
#472 = CARTESIAN_POINT('',(16.710712657937,3.453368819203,
    16.810909756675));
#473 = CARTESIAN_POINT('',(15.52341650719,6.587744888548,15.731657525565
    ));
#474 = CARTESIAN_POINT('',(14.438111653367,9.403128244433,
    14.762243294138));
#475 = ORIENTED_EDGE('',*,*,#476,.T.);
#476 = EDGE_CURVE('',#468,#477,#479,.T.);
#477 = VERTEX_POINT('',#478);
#478 = CARTESIAN_POINT('',(3.561888333986,9.403128211642,14.762243305428
    ));
#479 = B_SPLINE_CURVE_WITH_KNOTS('',3,(#480,#481,#482,#483,#484,#485,
    #486,#487,#488,#489),.UNSPECIFIED.,.F.,.F.,(4,2,2,2,4),(0.,
    2.734530250135E-03,5.469060500271E-03,8.203590750406E-03,
    1.093812100054E-02),.UNSPECIFIED.);
#480 = CARTESIAN_POINT('',(14.438111653367,9.403128244433,
    14.762243294138));
#481 = CARTESIAN_POINT('',(13.541074656209,9.242841411165,
    14.817434476879));
#482 = CARTESIAN_POINT('',(12.638442234169,9.122617452497,
    14.858830905627));
#483 = CARTESIAN_POINT('',(10.822106523967,8.961434641285,
    14.914330598315));
#484 = CARTESIAN_POINT('',(9.910021030225,8.920752668005,14.928338525078
    ));
#485 = CARTESIAN_POINT('',(8.086663690203,8.920851513144,14.928304489968
    ));
#486 = CARTESIAN_POINT('',(7.173657416097,8.961735805324,14.91422689922)
  );
#487 = CARTESIAN_POINT('',(5.360723996558,9.122766397716,14.858779619675
    ));
#488 = CARTESIAN_POINT('',(4.458930785139,9.242840438879,14.817434811664
    ));
#489 = CARTESIAN_POINT('',(3.561888333986,9.403128211642,14.762243305428
    ));
#490 = ORIENTED_EDGE('',*,*,#491,.T.);
#491 = EDGE_CURVE('',#477,#352,#492,.T.);
#492 = B_SPLINE_CURVE_WITH_KNOTS('',3,(#493,#494,#495,#496),
  .UNSPECIFIED.,.F.,.F.,(4,4),(9.293595966627E-03,1.),
  .PIECEWISE_BEZIER_KNOTS.);
#493 = CARTESIAN_POINT('',(3.561888333986,9.403128211642,14.762243305428
    ));
#494 = CARTESIAN_POINT('',(2.476583494106,6.587744892585,15.731657524175
    ));
#495 = CARTESIAN_POINT('',(1.289287347576,3.453368834169,16.810909751522
    ));
#496 = CARTESIAN_POINT('',(0.,0.,18.));
#497 = ORIENTED_EDGE('',*,*,#351,.T.);
#498 = PLANE('',#499);
#499 = AXIS2_PLACEMENT_3D('',#500,#501,#502);
#500 = CARTESIAN_POINT('',(9.,9.003768772977,14.899753787789));
#501 = DIRECTION('',(2.9E-16,-0.325568154457,-0.945518575599));
#502 = DIRECTION('',(0.,0.945518575599,-0.325568154457));
#503 = ADVANCED_FACE('',(#504),#538,.T.);
#504 = FACE_BOUND('',#505,.T.);
#505 = EDGE_LOOP('',(#506,#515,#530,#537));
#506 = ORIENTED_EDGE('',*,*,#507,.T.);
#507 = EDGE_CURVE('',#352,#508,#510,.T.);
#508 = VERTEX_POINT('',#509);
#509 = CARTESIAN_POINT('',(2.625285247603,9.385085507868,13.756449699976
    ));
#510 = B_SPLINE_CURVE_WITH_KNOTS('',3,(#511,#512,#513,#514),
  .UNSPECIFIED.,.F.,.F.,(4,4),(0.,0.989773028056),
  .PIECEWISE_BEZIER_KNOTS.);
#511 = CARTESIAN_POINT('',(0.,0.,18.));
#512 = CARTESIAN_POINT('',(0.95227951803,3.473352139249,16.450414594596)
  );
#513 = CARTESIAN_POINT('',(1.82737652552,6.602255511477,15.035248776312)
  );
#514 = CARTESIAN_POINT('',(2.625285247603,9.385085507868,13.756449699976
    ));
#515 = ORIENTED_EDGE('',*,*,#516,.T.);
#516 = EDGE_CURVE('',#508,#517,#519,.T.);
#517 = VERTEX_POINT('',#518);
#518 = CARTESIAN_POINT('',(2.618788612234,6.823567847291,1.109583598186)
  );
#519 = B_SPLINE_CURVE_WITH_KNOTS('',3,(#520,#521,#522,#523,#524,#525,
    #526,#527,#528,#529),.UNSPECIFIED.,.F.,.F.,(4,3,3,4),(0.,
    5.280233911907E-03,9.091950577761E-03,1.290366743312E-02),
  .UNSPECIFIED.);
#520 = CARTESIAN_POINT('',(2.625285247603,9.385085507868,13.756449699976
    ));
#521 = CARTESIAN_POINT('',(2.624555432955,9.035219018422,12.031495191286
    ));
#522 = CARTESIAN_POINT('',(2.623763320166,8.685493953644,10.306512211177
    ));
#523 = CARTESIAN_POINT('',(2.622906625714,8.335966864656,8.58148915543)
  );
#524 = CARTESIAN_POINT('',(2.622288191648,8.083648832089,7.336222515811)
  );
#525 = CARTESIAN_POINT('',(2.621636024969,7.831434268691,6.09093491983)
  );
#526 = CARTESIAN_POINT('',(2.620949171793,7.5793552325,4.845619914093));
#527 = CARTESIAN_POINT('',(2.620262318584,7.327276184338,3.600304849219)
  );
#528 = CARTESIAN_POINT('',(2.619540466198,7.075332357095,2.354962418328)
  );
#529 = CARTESIAN_POINT('',(2.618788612234,6.823567847291,1.109583598186)
  );
#530 = ORIENTED_EDGE('',*,*,#531,.T.);
#531 = EDGE_CURVE('',#517,#334,#532,.T.);
#532 = B_SPLINE_CURVE_WITH_KNOTS('',3,(#533,#534,#535,#536),
  .UNSPECIFIED.,.F.,.F.,(4,4),(1.276844602476E-02,1.),
  .PIECEWISE_BEZIER_KNOTS.);
#533 = CARTESIAN_POINT('',(2.618788612234,6.823567847291,1.109583598186)
  );
#534 = CARTESIAN_POINT('',(1.813487733356,4.65863262955,0.784195948667)
  );
#535 = CARTESIAN_POINT('',(0.940558504826,2.385001920289,0.413266622403)
  );
#536 = CARTESIAN_POINT('',(0.,0.,0.));
#537 = ORIENTED_EDGE('',*,*,#359,.F.);
#538 = B_SPLINE_SURFACE_WITH_KNOTS('',3,1,(
    (#539,#540)
    ,(#541,#542)
    ,(#543,#544)
    ,(#545,#546)
    ,(#547,#548)
    ,(#549,#550
    )),.UNSPECIFIED.,.F.,.F.,.F.,(4,2,4),(2,2),(0.,0.5,1.),(0.,1.),
  .UNSPECIFIED.);
#539 = CARTESIAN_POINT('',(0.,0.,0.));
#540 = CARTESIAN_POINT('',(2.65,6.719683099286,0.199435538532));
#541 = CARTESIAN_POINT('',(0.,0.,3.));
#542 = CARTESIAN_POINT('',(2.65,7.210674545388,2.611505628722));
#543 = CARTESIAN_POINT('',(0.,0.,6.));
#544 = CARTESIAN_POINT('',(2.65,7.701665991489,5.023575718911));
#545 = CARTESIAN_POINT('',(0.,0.,12.));
#546 = CARTESIAN_POINT('',(2.65,8.683648883693,9.84771589929));
#547 = CARTESIAN_POINT('',(0.,0.,15.));
#548 = CARTESIAN_POINT('',(2.65,9.174640329795,12.259785989479));
#549 = CARTESIAN_POINT('',(0.,0.,18.));
#550 = CARTESIAN_POINT('',(2.65,9.665631775897,14.671856079669));
#551 = ADVANCED_FACE('',(#552),#567,.T.);
#552 = FACE_BOUND('',#553,.T.);
#553 = EDGE_LOOP('',(#554,#555,#566));
#554 = ORIENTED_EDGE('',*,*,#531,.F.);
#555 = ORIENTED_EDGE('',*,*,#556,.T.);
#556 = EDGE_CURVE('',#517,#380,#557,.T.);
#557 = B_SPLINE_CURVE_WITH_KNOTS('',3,(#558,#559,#560,#561,#562,#563,
    #564,#565),.UNSPECIFIED.,.F.,.F.,(4,2,2,4),(-5.999999993E-08,
    7.403139915628E-04,1.110500987344E-03,1.480687983125E-03),
  .UNSPECIFIED.);
#558 = CARTESIAN_POINT('',(2.618788612234,6.823567847291,1.109583598186)
  );
#559 = CARTESIAN_POINT('',(2.621470876389,6.78177112512,0.866372132972)
  );
#560 = CARTESIAN_POINT('',(2.712328050561,6.718305371386,0.627810382384)
  );
#561 = CARTESIAN_POINT('',(2.957922581671,6.615246679555,0.373771749625)
  );
#562 = CARTESIAN_POINT('',(3.057008553489,6.579891951851,0.306321714584)
  );
#563 = CARTESIAN_POINT('',(3.275925585047,6.512846156912,0.215439632957)
  );
#564 = CARTESIAN_POINT('',(3.394211755075,6.481590358413,0.192369110951)
  );
#565 = CARTESIAN_POINT('',(3.514561242989,6.454354475665,0.191560768821)
  );
#566 = ORIENTED_EDGE('',*,*,#379,.F.);
#567 = ( BOUNDED_SURFACE() B_SPLINE_SURFACE(2,3,(
    (#568,#569,#570,#571)
    ,(#572,#573,#574,#575)
    ,(#576,#577,#578,#579
)),.UNSPECIFIED.,.F.,.F.,.F.) B_SPLINE_SURFACE_WITH_KNOTS((3,3),(4,4),(
    0.,1.),(0.,7.809657899165E-03),.PIECEWISE_BEZIER_KNOTS.) 
GEOMETRIC_REPRESENTATION_ITEM() RATIONAL_B_SPLINE_SURFACE((
    (1.,1.,1.,1.)
    ,(0.710944282311,0.718493622043,0.727223278395,0.737386476189)
,(1.,1.,1.,1.))) REPRESENTATION_ITEM('') SURFACE() );
#568 = CARTESIAN_POINT('',(0.,-1.E-17,1.9E-16));
#569 = CARTESIAN_POINT('',(1.276747654008,2.293852866621,
    6.807996374363E-02));
#570 = CARTESIAN_POINT('',(2.533225917336,4.595739170035,0.136398354326)
  );
#571 = CARTESIAN_POINT('',(3.75621345271,6.910808092621,0.20510799591));
#572 = CARTESIAN_POINT('',(0.,0.,9.E-17));
#573 = CARTESIAN_POINT('',(0.944627324687,2.395319346681,
    7.109141856862E-02));
#574 = CARTESIAN_POINT('',(1.895336639035,4.805042486198,0.142610331745)
  );
#575 = CARTESIAN_POINT('',(2.857092126739,7.252284361023,0.215242774958)
  );
#576 = CARTESIAN_POINT('',(0.,0.,0.));
#577 = CARTESIAN_POINT('',(0.951135282244,2.411821766502,0.417913892144)
  );
#578 = CARTESIAN_POINT('',(1.880879815278,4.829886046357,0.813861836382)
  );
#579 = CARTESIAN_POINT('',(2.778439123582,7.253731228952,1.173856109996)
  );
#580 = ADVANCED_FACE('',(#581),#615,.T.);
#581 = FACE_BOUND('',#582,.T.);
#582 = EDGE_LOOP('',(#583,#592,#607,#614));
#583 = ORIENTED_EDGE('',*,*,#584,.T.);
#584 = EDGE_CURVE('',#380,#585,#587,.T.);
#585 = VERTEX_POINT('',#586);
#586 = CARTESIAN_POINT('',(3.533319391563,6.547636443814,0.271911926297)
  );
#587 = B_SPLINE_CURVE_WITH_KNOTS('',3,(#588,#589,#590,#591),
  .UNSPECIFIED.,.F.,.F.,(4,4),(0.,1.),.PIECEWISE_BEZIER_KNOTS.);
#588 = CARTESIAN_POINT('',(3.514561242989,6.454354475665,0.191560768821)
  );
#589 = CARTESIAN_POINT('',(3.523187078705,6.498308824542,0.192865303441)
  );
#590 = CARTESIAN_POINT('',(3.531382401394,6.53906355483,0.227970588887)
  );
#591 = CARTESIAN_POINT('',(3.533319391563,6.547636443815,0.271911926297)
  );
#592 = ORIENTED_EDGE('',*,*,#593,.F.);
#593 = EDGE_CURVE('',#594,#585,#596,.T.);
#594 = VERTEX_POINT('',#595);
#595 = CARTESIAN_POINT('',(14.46668060844,6.547636443815,0.271911926297)
  );
#596 = B_SPLINE_CURVE_WITH_KNOTS('',3,(#597,#598,#599,#600,#601,#602,
    #603,#604,#605,#606),.UNSPECIFIED.,.F.,.F.,(4,2,2,2,4),(0.,
    2.748537296583E-03,5.497074593165E-03,8.245611889748E-03,
    1.099414918633E-02),.UNSPECIFIED.);
#597 = CARTESIAN_POINT('',(14.46668060844,6.547636443815,0.271911926297)
  );
#598 = CARTESIAN_POINT('',(13.566177950643,6.371039216442,0.266523571281
    ));
#599 = CARTESIAN_POINT('',(12.659603220766,6.238561955802,0.262483488334
    ));
#600 = CARTESIAN_POINT('',(10.83445158573,6.06081599938,0.257062310164)
  );
#601 = CARTESIAN_POINT('',(9.917750094051,6.015880674234,0.255691410653)
  );
#602 = CARTESIAN_POINT('',(8.084969268851,6.015791751578,0.255688697172)
  );
#603 = CARTESIAN_POINT('',(7.167186166085,6.060688550257,0.257058422958)
  );
#604 = CARTESIAN_POINT('',(5.340732674679,6.238497232043,0.262481514346)
  );
#605 = CARTESIAN_POINT('',(4.433832191146,6.37103722754,0.266523510595)
  );
#606 = CARTESIAN_POINT('',(3.533319391563,6.547636443815,0.271911926297)
  );
#607 = ORIENTED_EDGE('',*,*,#608,.F.);
#608 = EDGE_CURVE('',#389,#594,#609,.T.);
#609 = B_SPLINE_CURVE_WITH_KNOTS('',3,(#610,#611,#612,#613),
  .UNSPECIFIED.,.F.,.F.,(4,4),(0.,1.),.PIECEWISE_BEZIER_KNOTS.);
#610 = CARTESIAN_POINT('',(14.48543875702,6.454354475665,0.191560768821)
  );
#611 = CARTESIAN_POINT('',(14.476812594602,6.498308760466,0.19286530154)
  );
#612 = CARTESIAN_POINT('',(14.468617272407,6.539063490839,0.227970586958
    ));
#613 = CARTESIAN_POINT('',(14.46668060844,6.547636443815,0.271911926297)
  );
#614 = ORIENTED_EDGE('',*,*,#388,.F.);
#615 = ( BOUNDED_SURFACE() B_SPLINE_SURFACE(3,2,(
    (#616,#617,#618)
    ,(#619,#620,#621)
    ,(#622,#623,#624)
    ,(#625,#626,#627)
    ,(#628,#629,#630)
    ,(#631,#632,#633)
    ,(#634,#635,#636)
    ,(#637,#638,#639
)),.UNSPECIFIED.,.F.,.F.,.F.) B_SPLINE_SURFACE_WITH_KNOTS((4,2,2,4),(3,3
    ),(0.,5.51927301435E-03,8.278909521525E-03,1.10385460287E-02),(0.,1.
),.UNSPECIFIED.) GEOMETRIC_REPRESENTATION_ITEM() 
RATIONAL_B_SPLINE_SURFACE((
    (1.,0.782468957389,1.)
    ,(1.,0.783400601125,1.)
    ,(1.,0.78386816184,1.)
    ,(1.,0.783867644623,1.)
    ,(1.,0.783748402078,1.)
    ,(1.,0.783283892048,1.)
    ,(1.,0.782938294184,1.)
,(1.,0.782468957389,1.))) REPRESENTATION_ITEM('') SURFACE() );
#616 = CARTESIAN_POINT('',(14.485438898005,6.454354550397,0.191560771039
    ));
#617 = CARTESIAN_POINT('',(14.470120214054,6.53241198756,0.19387746169)
  );
#618 = CARTESIAN_POINT('',(14.466680934541,6.547636507767,0.271911928248
    ));
#619 = CARTESIAN_POINT('',(12.679198982966,6.100193972184,0.181049530464
    ));
#620 = CARTESIAN_POINT('',(12.671135077477,6.179423351442,0.183401003544
    ));
#621 = CARTESIAN_POINT('',(12.666656828868,6.194634455761,0.261141088897
    ));
#622 = CARTESIAN_POINT('',(10.838202127928,5.920691769081,0.175722029447
    ));
#623 = CARTESIAN_POINT('',(10.833022150236,5.99987050044,0.178071999334)
  );
#624 = CARTESIAN_POINT('',(10.831837458204,6.015706832006,0.255686105868
    ));
#625 = CARTESIAN_POINT('',(8.077921979257,5.920886536567,0.175727810011)
  );
#626 = CARTESIAN_POINT('',(8.080519750438,6.000064854628,0.178077767631)
  );
#627 = CARTESIAN_POINT('',(8.081114621775,6.015900958562,0.25569202962)
  );
#628 = CARTESIAN_POINT('',(7.156551466845,5.966168097312,0.17707173536)
  );
#629 = CARTESIAN_POINT('',(7.161435115543,6.045277394336,0.179419644483)
  );
#630 = CARTESIAN_POINT('',(7.162884919626,6.061034513446,0.257068974832)
  );
#631 = CARTESIAN_POINT('',(5.327977851622,6.144299409645,0.182358549289)
  );
#632 = CARTESIAN_POINT('',(5.337938743568,6.22303639999,0.184695408608)
  );
#633 = CARTESIAN_POINT('',(5.340534116713,6.238589513186,0.262484328743)
  );
#634 = CARTESIAN_POINT('',(4.41870641481,6.277073213588,0.186299183795)
  );
#635 = CARTESIAN_POINT('',(4.430924448862,6.355613124615,0.188630193936)
  );
#636 = CARTESIAN_POINT('',(4.434351870733,6.370935302388,0.266520400682)
  );
#637 = CARTESIAN_POINT('',(3.514561102008,6.454354550394,0.191560771039)
  );
#638 = CARTESIAN_POINT('',(3.529879785959,6.532411987558,0.19387746169)
  );
#639 = CARTESIAN_POINT('',(3.533319065472,6.547636507764,0.271911928248)
  );
#640 = ADVANCED_FACE('',(#641),#658,.T.);
#641 = FACE_BOUND('',#642,.T.);
#642 = EDGE_LOOP('',(#643,#644,#657));
#643 = ORIENTED_EDGE('',*,*,#403,.F.);
#644 = ORIENTED_EDGE('',*,*,#645,.T.);
#645 = EDGE_CURVE('',#389,#420,#646,.T.);
#646 = B_SPLINE_CURVE_WITH_KNOTS('',3,(#647,#648,#649,#650,#651,#652,
    #653,#654,#655,#656),.UNSPECIFIED.,.F.,.F.,(4,2,2,2,4),(
    -5.999999992E-08,3.71098231849E-04,7.42256463698E-04,
    1.113414695547E-03,1.484572927396E-03),.UNSPECIFIED.);
#647 = CARTESIAN_POINT('',(14.48543875702,6.454354475665,0.191560768821)
  );
#648 = CARTESIAN_POINT('',(14.606103998711,6.481661815437,0.192371231746
    ));
#649 = CARTESIAN_POINT('',(14.725371234338,6.513217817796,0.215843913755
    ));
#650 = CARTESIAN_POINT('',(14.943405051893,6.580044328546,0.306628562032
    ));
#651 = CARTESIAN_POINT('',(15.04267353424,6.615456452091,0.374160903137)
  );
#652 = CARTESIAN_POINT('',(15.206829328362,6.684422203798,0.544417917323
    ));
#653 = CARTESIAN_POINT('',(15.270706010629,6.717416660692,0.645441310598
    ));
#654 = CARTESIAN_POINT('',(15.357784233069,6.776954065826,0.868822045397
    ));
#655 = CARTESIAN_POINT('',(15.379866274939,6.802614481884,0.987658834576
    ));
#656 = CARTESIAN_POINT('',(15.381211249591,6.823568218758,1.109583654018
    ));
#657 = ORIENTED_EDGE('',*,*,#419,.F.);
#658 = ( BOUNDED_SURFACE() B_SPLINE_SURFACE(2,3,(
    (#659,#660,#661,#662)
    ,(#663,#664,#665,#666)
    ,(#667,#668,#669,#670
)),.UNSPECIFIED.,.F.,.F.,.F.) B_SPLINE_SURFACE_WITH_KNOTS((3,3),(4,4),(
    0.,1.),(-3.613046342384E-03,4.196611556781E-03),
.PIECEWISE_BEZIER_KNOTS.) GEOMETRIC_REPRESENTATION_ITEM() 
RATIONAL_B_SPLINE_SURFACE((
    (1.,1.,1.,1.)
    ,(0.710944282311,0.718493622043,0.727223278395,0.737386476189)
,(1.,1.,1.,1.))) REPRESENTATION_ITEM('') SURFACE() );
#659 = CARTESIAN_POINT('',(18.,0.,0.));
#660 = CARTESIAN_POINT('',(17.048864717756,2.411821766502,0.417913892146
    ));
#661 = CARTESIAN_POINT('',(16.119120184722,4.829886046356,0.813861836386
    ));
#662 = CARTESIAN_POINT('',(15.221560876418,7.253731228952,1.173856109996
    ));
#663 = CARTESIAN_POINT('',(18.,0.,4.E-17));
#664 = CARTESIAN_POINT('',(17.055372675309,2.395319346679,
    7.109141857006E-02));
#665 = CARTESIAN_POINT('',(16.104663360983,4.805042486205,0.142610331746
    ));
#666 = CARTESIAN_POINT('',(15.142907873261,7.252284361023,0.215242774958
    ));
#667 = CARTESIAN_POINT('',(18.,0.,8.E-17));
#668 = CARTESIAN_POINT('',(16.723252345991,2.293852866622,
    6.807996374364E-02));
#669 = CARTESIAN_POINT('',(15.466774082679,4.595739170042,0.136398354326
    ));
#670 = CARTESIAN_POINT('',(14.24378654729,6.910808092621,0.20510799591)
  );
#671 = ADVANCED_FACE('',(#672),#710,.T.);
#672 = FACE_BOUND('',#673,.T.);
#673 = EDGE_LOOP('',(#674,#685,#686,#697));
#674 = ORIENTED_EDGE('',*,*,#675,.T.);
#675 = EDGE_CURVE('',#676,#429,#678,.T.);
#676 = VERTEX_POINT('',#677);
#677 = CARTESIAN_POINT('',(15.256818490854,9.455473812624,
    13.742060347885));
#678 = B_SPLINE_CURVE_WITH_KNOTS('',3,(#679,#680,#681,#682,#683,#684),
  .UNSPECIFIED.,.F.,.F.,(4,2,4),(0.,0.5,1.),.UNSPECIFIED.);
#679 = CARTESIAN_POINT('',(15.256818490854,9.455473812624,
    13.742060347885));
#680 = CARTESIAN_POINT('',(15.281627214999,9.460776008916,
    13.740996250158));
#681 = CARTESIAN_POINT('',(15.308460882957,9.456364574509,
    13.741909490341));
#682 = CARTESIAN_POINT('',(15.351836221422,9.430467823403,
    13.747203442244));
#683 = CARTESIAN_POINT('',(15.368140918735,9.409123988844,13.75155523143
    ));
#684 = CARTESIAN_POINT('',(15.374713926731,9.385088387274,
    13.756448376781));
#685 = ORIENTED_EDGE('',*,*,#428,.F.);
#686 = ORIENTED_EDGE('',*,*,#687,.F.);
#687 = EDGE_CURVE('',#688,#420,#690,.T.);
#688 = VERTEX_POINT('',#689);
#689 = CARTESIAN_POINT('',(15.26656261665,6.883544542,1.0972679503));
#690 = B_SPLINE_CURVE_WITH_KNOTS('',3,(#691,#692,#693,#694,#695,#696),
  .UNSPECIFIED.,.F.,.F.,(4,2,4),(0.,0.5,1.),.UNSPECIFIED.);
#691 = CARTESIAN_POINT('',(15.26656261665,6.883544542,1.0972679503));
#692 = CARTESIAN_POINT('',(15.289588713034,6.888521915374,1.096280047183
    ));
#693 = CARTESIAN_POINT('',(15.314389093188,6.885181439882,1.096985306416
    ));
#694 = CARTESIAN_POINT('',(15.355989671022,6.863418974959,1.101454011289
    ));
#695 = CARTESIAN_POINT('',(15.372620322143,6.845085680235,1.105199244357
    ));
#696 = CARTESIAN_POINT('',(15.381211249591,6.823568218758,1.109583654018
    ));
#697 = ORIENTED_EDGE('',*,*,#698,.F.);
#698 = EDGE_CURVE('',#676,#688,#699,.T.);
#699 = B_SPLINE_CURVE_WITH_KNOTS('',3,(#700,#701,#702,#703,#704,#705,
    #706,#707,#708,#709),.UNSPECIFIED.,.F.,.F.,(4,3,3,4),(0.,
    6.451854083138E-03,9.094919010354E-03,1.29037084643E-02),
  .UNSPECIFIED.);
#700 = CARTESIAN_POINT('',(15.256818490854,9.455473812624,
    13.742060347885));
#701 = CARTESIAN_POINT('',(15.258015949957,9.026724285648,
    11.634613952203));
#702 = CARTESIAN_POINT('',(15.259374735638,8.598010457559,9.527160372974
    ));
#703 = CARTESIAN_POINT('',(15.260966062802,8.169348275242,7.41969647002)
  );
#704 = CARTESIAN_POINT('',(15.261617965491,7.993742632389,6.556353332386
    ));
#705 = CARTESIAN_POINT('',(15.262309340048,7.818145756335,5.693008440033
    ));
#706 = CARTESIAN_POINT('',(15.2630478247,7.642559355018,4.829661458575)
  );
#707 = CARTESIAN_POINT('',(15.264112018212,7.389530522813,3.585535052044
    ));
#708 = CARTESIAN_POINT('',(15.265273530597,7.136523325785,2.341404321874
    ));
#709 = CARTESIAN_POINT('',(15.26656261665,6.883544542,1.0972679503));
#710 = ( BOUNDED_SURFACE() B_SPLINE_SURFACE(3,2,(
    (#711,#712,#713)
    ,(#714,#715,#716)
    ,(#717,#718,#719)
    ,(#720,#721,#722
)),.UNSPECIFIED.,.F.,.F.,.F.) B_SPLINE_SURFACE_WITH_KNOTS((4,4),(3,3),(
    0.,1.290370913129E-02),(0.,1.),.PIECEWISE_BEZIER_KNOTS.) 
GEOMETRIC_REPRESENTATION_ITEM() RATIONAL_B_SPLINE_SURFACE((
    (1.,0.723513019676,1.)
    ,(1.,0.732399674992,1.)
    ,(1.,0.743449820078,1.)
,(1.,0.760044167806,1.))) REPRESENTATION_ITEM('') SURFACE() );
#711 = CARTESIAN_POINT('',(15.374708977584,9.38508390801,13.756449822766
    ));
#712 = CARTESIAN_POINT('',(15.350034493615,9.475396221408,
    13.738062119755));
#713 = CARTESIAN_POINT('',(15.256812651735,9.455472564675,
    13.742060598367));
#714 = CARTESIAN_POINT('',(15.376506589535,8.530094353462,9.541056292681
    ));
#715 = CARTESIAN_POINT('',(15.350039500155,8.627867972103,9.57440759646)
  );
#716 = CARTESIAN_POINT('',(15.259219248373,8.597975966531,9.527167108895
    ));
#717 = CARTESIAN_POINT('',(15.378664286599,7.675854217633,5.32551350489)
  );
#718 = CARTESIAN_POINT('',(15.35004599939,7.778672276998,5.402550989929)
  );
#719 = CARTESIAN_POINT('',(15.262195352431,7.740605379361,5.312248133543
    ));
#720 = CARTESIAN_POINT('',(15.381212176235,6.823568568919,1.109583617487
    ));
#721 = CARTESIAN_POINT('',(15.350063397774,6.901594291697,1.093685584884
    ));
#722 = CARTESIAN_POINT('',(15.26656261698,6.883544477185,1.097267631544)
  );
#723 = ADVANCED_FACE('',(#724),#739,.T.);
#724 = FACE_BOUND('',#725,.T.);
#725 = EDGE_LOOP('',(#726,#727,#738));
#726 = ORIENTED_EDGE('',*,*,#443,.F.);
#727 = ORIENTED_EDGE('',*,*,#728,.T.);
#728 = EDGE_CURVE('',#429,#468,#729,.T.);
#729 = B_SPLINE_CURVE_WITH_KNOTS('',3,(#730,#731,#732,#733,#734,#735,
    #736,#737),.UNSPECIFIED.,.F.,.F.,(4,2,2,4),(-5.999999992E-08,
    7.632426039213E-04,1.144893905882E-03,1.526545207842E-03),
  .UNSPECIFIED.);
#730 = CARTESIAN_POINT('',(15.374713926731,9.385088387274,
    13.756448376781));
#731 = CARTESIAN_POINT('',(15.373160481602,9.440961373623,
    14.004667350586));
#732 = CARTESIAN_POINT('',(15.274345746208,9.474146747175,
    14.256264875855));
#733 = CARTESIAN_POINT('',(15.016955282686,9.478053570825,
    14.534739043919));
#734 = CARTESIAN_POINT('',(14.913377681545,9.472020402807,14.61171050171
    ));
#735 = CARTESIAN_POINT('',(14.685763784596,9.446606865862,
    14.721400387378));
#736 = CARTESIAN_POINT('',(14.56271185295,9.427400843315,14.753885568096
    ));
#737 = CARTESIAN_POINT('',(14.438111653367,9.403128244433,
    14.762243294138));
#738 = ORIENTED_EDGE('',*,*,#467,.F.);
#739 = ( BOUNDED_SURFACE() B_SPLINE_SURFACE(2,3,(
    (#740,#741,#742,#743)
    ,(#744,#745,#746,#747)
    ,(#748,#749,#750,#751
)),.UNSPECIFIED.,.F.,.F.,.F.) B_SPLINE_SURFACE_WITH_KNOTS((3,3),(4,4),(
    0.,1.),(0.,1.121159812184E-02),.PIECEWISE_BEZIER_KNOTS.) 
GEOMETRIC_REPRESENTATION_ITEM() RATIONAL_B_SPLINE_SURFACE((
    (1.,1.,1.,1.)
    ,(0.736913633281,0.731752167521,0.725732665936,0.717812230557)
,(1.,1.,1.,1.))) REPRESENTATION_ITEM('') SURFACE() );
#740 = CARTESIAN_POINT('',(18.,-5.22E-15,18.));
#741 = CARTESIAN_POINT('',(16.751409739627,3.344361285852,
    16.848444060464));
#742 = CARTESIAN_POINT('',(15.48901375273,6.685349534064,15.698049550929
    ));
#743 = CARTESIAN_POINT('',(14.200069026518,10.01978127287,
    14.549912628628));
#744 = CARTESIAN_POINT('',(18.,-2.61E-15,18.));
#745 = CARTESIAN_POINT('',(17.055569295295,3.444724312723,16.81388629906
    ));
#746 = CARTESIAN_POINT('',(16.113232836516,6.879289984335,
    15.631270498559));
#747 = CARTESIAN_POINT('',(15.184311638825,10.267222248567,
    14.464711868036));
#748 = CARTESIAN_POINT('',(18.,0.,18.));
#749 = CARTESIAN_POINT('',(17.088941959507,3.32300058335,16.51749174869)
  );
#750 = CARTESIAN_POINT('',(16.165283826362,6.639194310914,
    15.021511778779));
#751 = CARTESIAN_POINT('',(15.214339696563,9.943354140063,13.49960695665
    ));
#752 = ADVANCED_FACE('',(#753),#789,.T.);
#753 = FACE_BOUND('',#754,.T.);
#754 = EDGE_LOOP('',(#755,#766,#767,#778));
#755 = ORIENTED_EDGE('',*,*,#756,.T.);
#756 = EDGE_CURVE('',#757,#477,#759,.T.);
#757 = VERTEX_POINT('',#758);
#758 = CARTESIAN_POINT('',(3.580304930573,9.466883158792,14.648073166389
    ));
#759 = B_SPLINE_CURVE_WITH_KNOTS('',3,(#760,#761,#762,#763,#764,#765),
  .UNSPECIFIED.,.F.,.F.,(4,2,4),(0.,0.5,1.),.UNSPECIFIED.);
#760 = CARTESIAN_POINT('',(3.580304930573,9.466883158792,14.648073166389
    ));
#761 = CARTESIAN_POINT('',(3.579733242816,9.471784949988,14.671600796152
    ));
#762 = CARTESIAN_POINT('',(3.57750197602,9.467973012716,14.696795504122)
  );
#763 = CARTESIAN_POINT('',(3.570796841177,9.44476089074,14.738362961878)
  );
#764 = CARTESIAN_POINT('',(3.566352463439,9.425462796841,14.754552891013
    ));
#765 = CARTESIAN_POINT('',(3.561888333986,9.403128211642,14.762243305428
    ));
#766 = ORIENTED_EDGE('',*,*,#476,.F.);
#767 = ORIENTED_EDGE('',*,*,#768,.F.);
#768 = EDGE_CURVE('',#769,#468,#771,.T.);
#769 = VERTEX_POINT('',#770);
#770 = CARTESIAN_POINT('',(14.419695292513,9.466883198651,
    14.648073152648));
#771 = B_SPLINE_CURVE_WITH_KNOTS('',3,(#772,#773,#774,#775,#776,#777),
  .UNSPECIFIED.,.F.,.F.,(4,2,4),(0.,0.5,1.),.UNSPECIFIED.);
#772 = CARTESIAN_POINT('',(14.419695292513,9.466883198651,
    14.648073152648));
#773 = CARTESIAN_POINT('',(14.420266980294,9.471784989855,
    14.671600782411));
#774 = CARTESIAN_POINT('',(14.422498247182,9.467973052603,
    14.696795490379));
#775 = CARTESIAN_POINT('',(14.429203382302,9.444760930677,
    14.738362948125));
#776 = CARTESIAN_POINT('',(14.433647760224,9.425462836809,
    14.754552877251));
#777 = CARTESIAN_POINT('',(14.438111653367,9.403128244433,
    14.762243294138));
#778 = ORIENTED_EDGE('',*,*,#779,.F.);
#779 = EDGE_CURVE('',#757,#769,#780,.T.);
#780 = B_SPLINE_CURVE_WITH_KNOTS('',3,(#781,#782,#783,#784,#785,#786,
    #787,#788),.UNSPECIFIED.,.F.,.F.,(4,2,2,4),(0.,2.721107796384E-03,
    5.442215592767E-03,1.088443118553E-02),.UNSPECIFIED.);
#781 = CARTESIAN_POINT('',(3.580304930573,9.466883158792,14.648073166389
    ));
#782 = CARTESIAN_POINT('',(4.474112710433,9.307186095078,14.703128207273
    ));
#783 = CARTESIAN_POINT('',(5.372653701456,9.187546023113,14.744373512783
    ));
#784 = CARTESIAN_POINT('',(7.179047634816,9.027072826815,14.799696056904
    ));
#785 = CARTESIAN_POINT('',(8.088760278571,8.986311460941,14.81374855751)
  );
#786 = CARTESIAN_POINT('',(10.813940817139,8.98605694827,14.813836301268
    ));
#787 = CARTESIAN_POINT('',(12.632098206444,9.147492358246,
    14.758182101225));
#788 = CARTESIAN_POINT('',(14.419695292513,9.466883198651,
    14.648073152648));
#789 = ( BOUNDED_SURFACE() B_SPLINE_SURFACE(3,2,(
    (#790,#791,#792)
    ,(#793,#794,#795)
    ,(#796,#797,#798)
    ,(#799,#800,#801)
    ,(#802,#803,#804)
    ,(#805,#806,#807)
    ,(#808,#809,#810)
    ,(#811,#812,#813
)),.UNSPECIFIED.,.F.,.F.,.F.) B_SPLINE_SURFACE_WITH_KNOTS((4,2,2,4),(3,3
    ),(-2.2747239E-10,5.469060386534E-03,8.203590693538E-03,
    1.093812100054E-02),(0.,1.),.UNSPECIFIED.) 
GEOMETRIC_REPRESENTATION_ITEM() RATIONAL_B_SPLINE_SURFACE((
    (1.,0.751021282125,1.)
    ,(1.,0.751440646752,1.)
    ,(1.,0.751654794159,1.)
    ,(1.,0.751654596966,1.)
    ,(1.,0.751600421827,1.)
    ,(1.,0.751389071412,1.)
    ,(1.,0.751231827948,1.)
,(1.,0.751021282125,1.))) REPRESENTATION_ITEM('') SURFACE() );
#790 = CARTESIAN_POINT('',(14.419695069414,9.46688315879,14.64807316639)
  );
#791 = CARTESIAN_POINT('',(14.421785836809,9.484809911761,
    14.734118040577));
#792 = CARTESIAN_POINT('',(14.438111547757,9.403128208036,14.76224330667
    ));
#793 = CARTESIAN_POINT('',(12.633699160773,9.147778415551,
    14.758083485775));
#794 = CARTESIAN_POINT('',(12.63611343981,9.165628800259,14.844020910887
    ));
#795 = CARTESIAN_POINT('',(12.646020978497,9.082908970877,
    14.872503632331));
#796 = CARTESIAN_POINT('',(10.815452486446,8.98612804381,14.813811790924
    ));
#797 = CARTESIAN_POINT('',(10.816170742551,9.003670246139,
    14.899787713295));
#798 = CARTESIAN_POINT('',(10.821699851763,8.920703252296,
    14.928355540271));
#799 = CARTESIAN_POINT('',(8.089795994326,8.986275780959,14.813760858262
    ));
#800 = CARTESIAN_POINT('',(8.089435647094,9.003818103614,14.899736801891
    ));
#801 = CARTESIAN_POINT('',(8.086663785075,8.920851509704,14.928304491152
    ));
#802 = CARTESIAN_POINT('',(7.179875157275,9.027017456948,14.799715145505
    ));
#803 = CARTESIAN_POINT('',(7.179032963501,9.044604172184,14.885693032237
    ));
#804 = CARTESIAN_POINT('',(7.173657491699,8.961735800297,14.914226900951
    ));
#805 = CARTESIAN_POINT('',(5.373054778955,9.187492261145,14.74439204698)
  );
#806 = CARTESIAN_POINT('',(5.371516342221,9.205207494966,14.830392873427
    ));
#807 = CARTESIAN_POINT('',(5.360724034064,9.122766392696,14.858779621404
    ));
#808 = CARTESIAN_POINT('',(4.474290434588,9.307154341015,14.703139154366
    ));
#809 = CARTESIAN_POINT('',(4.472286310179,9.324998442512,14.789145542365
    ));
#810 = CARTESIAN_POINT('',(4.45892558932,9.242841367452,14.81743449193)
  );
#811 = CARTESIAN_POINT('',(3.580304930573,9.466883158792,14.648073166389
    ));
#812 = CARTESIAN_POINT('',(3.578214163179,9.484809911763,14.734118040576
    ));
#813 = CARTESIAN_POINT('',(3.561888452231,9.403128208038,14.76224330667)
  );
#814 = ADVANCED_FACE('',(#815),#832,.T.);
#815 = FACE_BOUND('',#816,.T.);
#816 = EDGE_LOOP('',(#817,#818,#831));
#817 = ORIENTED_EDGE('',*,*,#491,.F.);
#818 = ORIENTED_EDGE('',*,*,#819,.T.);
#819 = EDGE_CURVE('',#477,#508,#820,.T.);
#820 = B_SPLINE_CURVE_WITH_KNOTS('',3,(#821,#822,#823,#824,#825,#826,
    #827,#828,#829,#830),.UNSPECIFIED.,.F.,.F.,(4,2,2,2,4),(
    -5.999999992E-08,3.823004197184E-04,7.646608394366E-04,
    1.147021259155E-03,1.529381678873E-03),.UNSPECIFIED.);
#821 = CARTESIAN_POINT('',(3.561888333986,9.403128211642,14.762243305428
    ));
#822 = CARTESIAN_POINT('',(3.437056636949,9.427445942401,14.753870039236
    ));
#823 = CARTESIAN_POINT('',(3.312799001771,9.446791970704,14.720828125746
    ));
#824 = CARTESIAN_POINT('',(3.086504238212,9.472008779695,14.611532418614
    ));
#825 = CARTESIAN_POINT('',(2.982560386022,9.478078633189,14.534364437205
    ));
#826 = CARTESIAN_POINT('',(2.810821139169,9.475406835466,14.348257692815
    ));
#827 = CARTESIAN_POINT('',(2.74263748175,9.466753144575,14.239422831386)
  );
#828 = CARTESIAN_POINT('',(2.649990716965,9.435419293046,14.004635136643
    ));
#829 = CARTESIAN_POINT('',(2.62606135691,9.413077585315,13.880788401086)
  );
#830 = CARTESIAN_POINT('',(2.625285247603,9.385085507868,13.756449699976
    ));
#831 = ORIENTED_EDGE('',*,*,#507,.F.);
#832 = ( BOUNDED_SURFACE() B_SPLINE_SURFACE(2,3,(
    (#833,#834,#835,#836)
    ,(#837,#838,#839,#840)
    ,(#841,#842,#843,#844
)),.UNSPECIFIED.,.F.,.F.,.F.) B_SPLINE_SURFACE_WITH_KNOTS((3,3),(4,4),(
    0.,1.),(0.,1.121159812184E-02),.PIECEWISE_BEZIER_KNOTS.) 
GEOMETRIC_REPRESENTATION_ITEM() RATIONAL_B_SPLINE_SURFACE((
    (1.,1.,1.,1.)
    ,(0.736913633281,0.731752167521,0.725732665936,0.717812230557)
,(1.,1.,1.,1.))) REPRESENTATION_ITEM('') SURFACE() );
#833 = CARTESIAN_POINT('',(0.,0.,18.));
#834 = CARTESIAN_POINT('',(0.911058040494,3.323000583354,16.517491748698
    ));
#835 = CARTESIAN_POINT('',(1.834716173637,6.639194310908,15.021511778768
    ));
#836 = CARTESIAN_POINT('',(2.785660303437,9.943354140063,13.49960695665)
  );
#837 = CARTESIAN_POINT('',(0.,-1.76E-15,18.));
#838 = CARTESIAN_POINT('',(0.944430704607,3.44472431276,16.81388629909)
  );
#839 = CARTESIAN_POINT('',(1.886767163497,6.879289984334,15.631270498567
    ));
#840 = CARTESIAN_POINT('',(2.815688361175,10.267222248567,
    14.464711868036));
#841 = CARTESIAN_POINT('',(0.,-3.53E-15,18.));
#842 = CARTESIAN_POINT('',(1.248590260309,3.344361285872,16.848444060457
    ));
#843 = CARTESIAN_POINT('',(2.510986247267,6.685349534066,15.698049550928
    ));
#844 = CARTESIAN_POINT('',(3.799930973482,10.01978127287,14.549912628628
    ));
#845 = ADVANCED_FACE('',(#846),#884,.T.);
#846 = FACE_BOUND('',#847,.T.);
#847 = EDGE_LOOP('',(#848,#859,#874,#883));
#848 = ORIENTED_EDGE('',*,*,#849,.T.);
#849 = EDGE_CURVE('',#508,#850,#852,.T.);
#850 = VERTEX_POINT('',#851);
#851 = CARTESIAN_POINT('',(2.743187347498,9.455472291484,13.74205925554)
  );
#852 = B_SPLINE_CURVE_WITH_KNOTS('',3,(#853,#854,#855,#856,#857,#858),
  .UNSPECIFIED.,.F.,.F.,(4,2,4),(0.,0.5,1.),.UNSPECIFIED.);
#853 = CARTESIAN_POINT('',(2.625285247603,9.385085507868,13.756449699976
    ));
#854 = CARTESIAN_POINT('',(2.631859080863,9.40912371627,13.75155388848)
  );
#855 = CARTESIAN_POINT('',(2.648163778216,9.430467550598,13.747202099341
    ));
#856 = CARTESIAN_POINT('',(2.691539116562,9.456364301383,13.741908147502
    ));
#857 = CARTESIAN_POINT('',(2.718372784368,9.460775735703,13.740994907336
    ));
#858 = CARTESIAN_POINT('',(2.743187347498,9.455472291484,13.74205925554)
  );
#859 = ORIENTED_EDGE('',*,*,#860,.F.);
#860 = EDGE_CURVE('',#861,#850,#863,.T.);
#861 = VERTEX_POINT('',#862);
#862 = CARTESIAN_POINT('',(2.733439334876,6.883544055275,1.097267715322)
  );
#863 = B_SPLINE_CURVE_WITH_KNOTS('',3,(#864,#865,#866,#867,#868,#869,
    #870,#871,#872,#873),.UNSPECIFIED.,.F.,.F.,(4,3,3,4),(0.,
    6.451853512292E-03,9.095339838723E-03,1.29037073784E-02),
  .UNSPECIFIED.);
#864 = CARTESIAN_POINT('',(2.733439334876,6.883544055275,1.097267715322)
  );
#865 = CARTESIAN_POINT('',(2.735621015013,7.312074873092,3.204757611166)
  );
#866 = CARTESIAN_POINT('',(2.737442609205,7.740685892959,5.312231583864)
  );
#867 = CARTESIAN_POINT('',(2.739033936315,8.16934803733,7.419695300358)
  );
#868 = CARTESIAN_POINT('',(2.73968594298,8.344981678694,8.283176089203)
  );
#869 = CARTESIAN_POINT('',(2.740298439428,8.520624095865,9.146655123537)
  );
#870 = CARTESIAN_POINT('',(2.74087756164,8.696273918573,10.010132672868)
  );
#871 = CARTESIAN_POINT('',(2.741711880399,8.949325760047,11.254111064425
    ));
#872 = CARTESIAN_POINT('',(2.742477070713,9.202392941111,12.49808638319)
  );
#873 = CARTESIAN_POINT('',(2.743187347498,9.455472291484,13.74205925554)
  );
#874 = ORIENTED_EDGE('',*,*,#875,.F.);
#875 = EDGE_CURVE('',#517,#861,#876,.T.);
#876 = B_SPLINE_CURVE_WITH_KNOTS('',3,(#877,#878,#879,#880,#881,#882),
  .UNSPECIFIED.,.F.,.F.,(4,2,4),(0.,0.5,1.),.UNSPECIFIED.);
#877 = CARTESIAN_POINT('',(2.618788612234,6.823567847291,1.109583598186)
  );
#878 = CARTESIAN_POINT('',(2.627379677857,6.845085680235,1.105199244356)
  );
#879 = CARTESIAN_POINT('',(2.644010328978,6.863418974959,1.101454011289)
  );
#880 = CARTESIAN_POINT('',(2.685610906812,6.885181439882,1.096985306416)
  );
#881 = CARTESIAN_POINT('',(2.710411286966,6.888521915374,1.096280047182)
  );
#882 = CARTESIAN_POINT('',(2.733439334876,6.883544055275,1.097267715322)
  );
#883 = ORIENTED_EDGE('',*,*,#516,.F.);
#884 = ( BOUNDED_SURFACE() B_SPLINE_SURFACE(3,2,(
    (#885,#886,#887)
    ,(#888,#889,#890)
    ,(#891,#892,#893)
    ,(#894,#895,#896
)),.UNSPECIFIED.,.F.,.F.,.F.) B_SPLINE_SURFACE_WITH_KNOTS((4,4),(3,3),(
    0.,1.290370909472E-02),(0.,1.),.PIECEWISE_BEZIER_KNOTS.) 
GEOMETRIC_REPRESENTATION_ITEM() RATIONAL_B_SPLINE_SURFACE((
    (1.,0.760044167806,1.)
    ,(1.,0.74344982011,1.)
    ,(1.,0.732399675013,1.)
,(1.,0.723513019676,1.))) REPRESENTATION_ITEM('') SURFACE() );
#885 = CARTESIAN_POINT('',(2.618787823765,6.823568568919,1.109583617487)
  );
#886 = CARTESIAN_POINT('',(2.649936602226,6.901594291696,1.093685584883)
  );
#887 = CARTESIAN_POINT('',(2.73343738302,6.883544477185,1.097267631544)
  );
#888 = CARTESIAN_POINT('',(2.621335713388,7.675854215765,5.325513495742)
  );
#889 = CARTESIAN_POINT('',(2.649954000608,7.778672275047,5.40255098039)
  );
#890 = CARTESIAN_POINT('',(2.737804647551,7.740605377503,5.312248124393)
  );
#891 = CARTESIAN_POINT('',(2.623493410462,8.530094351518,9.541056283085)
  );
#892 = CARTESIAN_POINT('',(2.64996049987,8.627867970265,9.574407587088)
  );
#893 = CARTESIAN_POINT('',(2.740780751689,8.597975964565,9.527167099303)
  );
#894 = CARTESIAN_POINT('',(2.625291022416,9.38508390801,13.756449822765)
  );
#895 = CARTESIAN_POINT('',(2.649965506384,9.475396221407,13.738062119753
    ));
#896 = CARTESIAN_POINT('',(2.743187348265,9.455472564675,13.742060598365
    ));
#897 = ADVANCED_FACE('',(#898),#914,.T.);
#898 = FACE_BOUND('',#899,.T.);
#899 = EDGE_LOOP('',(#900,#901,#912,#913));
#900 = ORIENTED_EDGE('',*,*,#875,.T.);
#901 = ORIENTED_EDGE('',*,*,#902,.F.);
#902 = EDGE_CURVE('',#585,#861,#903,.T.);
#903 = B_SPLINE_CURVE_WITH_KNOTS('',3,(#904,#905,#906,#907,#908,#909,
    #910,#911),.UNSPECIFIED.,.F.,.F.,(4,2,2,4),(0.,3.298873734005E-04,
    6.59774746801E-04,1.319549493602E-03),.UNSPECIFIED.);
#904 = CARTESIAN_POINT('',(3.533319391563,6.547636443815,0.271911926297)
  );
#905 = CARTESIAN_POINT('',(3.423925696608,6.569089598954,0.272566507447)
  );
#906 = CARTESIAN_POINT('',(3.317405132731,6.594727242135,0.293147149303)
  );
#907 = CARTESIAN_POINT('',(3.119780866344,6.652227911036,0.374968238356)
  );
#908 = CARTESIAN_POINT('',(3.030630393251,6.683619980886,0.435896092482)
  );
#909 = CARTESIAN_POINT('',(2.811396056532,6.777756956427,0.665163128813)
  );
#910 = CARTESIAN_POINT('',(2.733214224749,6.839128220968,0.878834319393)
  );
#911 = CARTESIAN_POINT('',(2.733439334876,6.883544055275,1.097267715322)
  );
#912 = ORIENTED_EDGE('',*,*,#584,.F.);
#913 = ORIENTED_EDGE('',*,*,#556,.F.);
#914 = ( BOUNDED_SURFACE() B_SPLINE_SURFACE(3,2,(
    (#915,#916,#917)
    ,(#918,#919,#920)
    ,(#921,#922,#923)
    ,(#924,#925,#926)
    ,(#927,#928,#929)
    ,(#930,#931,#932)
    ,(#933,#934,#935)
    ,(#936,#937,#938)
    ,(#939,#940,#941)
    ,(#942,#943,#944
)),.UNSPECIFIED.,.F.,.F.,.F.) B_SPLINE_SURFACE_WITH_KNOTS((4,2,2,2,4),(3
    ,3),(0.,3.304429308886E-04,6.608858617773E-04,9.913287926659E-04,
    1.321771723555E-03),(0.,1.),.UNSPECIFIED.) 
GEOMETRIC_REPRESENTATION_ITEM() RATIONAL_B_SPLINE_SURFACE((
    (1.,0.782468957559,1.)
    ,(1.,0.793466586007,1.)
    ,(1.,0.801444329741,1.)
    ,(1.,0.810453224843,1.)
    ,(1.,0.811421281443,1.)
    ,(1.,0.806664562946,1.)
    ,(1.,0.800909551486,1.)
    ,(1.,0.784170947211,1.)
    ,(1.,0.773065240622,1.)
,(1.,0.760042019983,1.))) REPRESENTATION_ITEM('') SURFACE() );
#915 = CARTESIAN_POINT('',(3.514561429225,6.454354486235,0.191560769135)
  );
#916 = CARTESIAN_POINT('',(3.529880112249,6.532411923535,0.193877459791)
  );
#917 = CARTESIAN_POINT('',(3.533319391563,6.547636443815,0.271911926297)
  );
#918 = CARTESIAN_POINT('',(3.39516011923,6.481374920442,0.192362716901)
  );
#919 = CARTESIAN_POINT('',(3.413964586025,6.555725071836,0.197350862717)
  );
#920 = CARTESIAN_POINT('',(3.425094333689,6.568860419774,0.272559523417)
  );
#921 = CARTESIAN_POINT('',(3.27632705833,6.512727736309,0.215296787904)
  );
#922 = CARTESIAN_POINT('',(3.296886314311,6.584250701507,0.221421332598)
  );
#923 = CARTESIAN_POINT('',(3.317788290107,6.594632697251,0.29306317163)
  );
#924 = CARTESIAN_POINT('',(3.056907932502,6.579918239275,0.30633969527)
  );
#925 = CARTESIAN_POINT('',(3.083105820621,6.647140104453,0.312239835818)
  );
#926 = CARTESIAN_POINT('',(3.120333966485,6.652050122979,0.374664936609)
  );
#927 = CARTESIAN_POINT('',(2.957432597322,6.61542022529,0.374097916891)
  );
#928 = CARTESIAN_POINT('',(2.985613970531,6.681622777306,0.378932388227)
  );
#929 = CARTESIAN_POINT('',(3.031186658239,6.683410787739,0.435453565191)
  );
#930 = CARTESIAN_POINT('',(2.793397290119,6.684318651335,0.544135881563)
  );
#931 = CARTESIAN_POINT('',(2.825660268027,6.750157198711,0.544073194507)
  );
#932 = CARTESIAN_POINT('',(2.884875945033,6.746175978298,0.588182335906)
  );
#933 = CARTESIAN_POINT('',(2.728677152735,6.717813896923,0.64687965325)
  );
#934 = CARTESIAN_POINT('',(2.761988325641,6.784824006445,0.644359842845)
  );
#935 = CARTESIAN_POINT('',(2.827573415756,6.777676745961,0.680540726966)
  );
#936 = CARTESIAN_POINT('',(2.642530489875,6.776763477816,0.868159217128)
  );
#937 = CARTESIAN_POINT('',(2.676117051151,6.847868799916,0.859081966687)
  );
#938 = CARTESIAN_POINT('',(2.752231986819,6.835000337112,0.87966700365)
  );
#939 = CARTESIAN_POINT('',(2.620123178897,6.802775908357,0.988600642214)
  );
#940 = CARTESIAN_POINT('',(2.653146416266,6.877137469912,0.977083049676)
  );
#941 = CARTESIAN_POINT('',(2.733326843635,6.86135569705,0.988147167541)
  );
#942 = CARTESIAN_POINT('',(2.618789538887,6.823567497148,1.10958363472)
  );
#943 = CARTESIAN_POINT('',(2.649937993943,6.901593959945,1.09368552333)
  );
#944 = CARTESIAN_POINT('',(2.733439335205,6.883544120088,1.097268034068)
  );
#945 = ADVANCED_FACE('',(#946,#986,#1451),#1575,.T.);
#946 = FACE_BOUND('',#947,.T.);
#947 = EDGE_LOOP('',(#948,#949,#960,#961,#962,#963,#974,#975));
#948 = ORIENTED_EDGE('',*,*,#698,.T.);
#949 = ORIENTED_EDGE('',*,*,#950,.T.);
#950 = EDGE_CURVE('',#688,#594,#951,.T.);
#951 = B_SPLINE_CURVE_WITH_KNOTS('',3,(#952,#953,#954,#955,#956,#957,
    #958,#959),.UNSPECIFIED.,.F.,.F.,(4,2,2,4),(0.,3.299193089608E-04,
    6.598386179215E-04,1.319677235843E-03),.UNSPECIFIED.);
#952 = CARTESIAN_POINT('',(15.26656261665,6.883544542,1.0972679503));
#953 = CARTESIAN_POINT('',(15.266673269752,6.861333546842,0.988038233411
    ));
#954 = CARTESIAN_POINT('',(15.248387909836,6.835576530757,0.881815483447
    ));
#955 = CARTESIAN_POINT('',(15.172792675615,6.777852094105,0.681004795295
    ));
#956 = CARTESIAN_POINT('',(15.116477655118,6.74683252458,0.589951392151)
  );
#957 = CARTESIAN_POINT('',(14.896594269289,6.652279970567,0.359363144424
    ));
#958 = CARTESIAN_POINT('',(14.685677384969,6.590583816823,0.273222341508
    ));
#959 = CARTESIAN_POINT('',(14.46668060844,6.547636443815,0.271911926297)
  );
#960 = ORIENTED_EDGE('',*,*,#593,.T.);
#961 = ORIENTED_EDGE('',*,*,#902,.T.);
#962 = ORIENTED_EDGE('',*,*,#860,.T.);
#963 = ORIENTED_EDGE('',*,*,#964,.T.);
#964 = EDGE_CURVE('',#850,#757,#965,.T.);
#965 = B_SPLINE_CURVE_WITH_KNOTS('',3,(#966,#967,#968,#969,#970,#971,
    #972,#973),.UNSPECIFIED.,.F.,.F.,(4,2,2,4),(0.,3.398930270205E-04,
    6.797860540409E-04,1.359572108082E-03),.UNSPECIFIED.);
#966 = CARTESIAN_POINT('',(2.743187347498,9.455472291484,13.74205925554)
  );
#967 = CARTESIAN_POINT('',(2.743241114487,9.478378689468,13.854640658985
    ));
#968 = CARTESIAN_POINT('',(2.763903072947,9.496408500686,13.965900578742
    ));
#969 = CARTESIAN_POINT('',(2.845535502862,9.521580379458,14.177796190104
    ));
#970 = CARTESIAN_POINT('',(2.906028417868,9.528355267778,14.276053907022
    ));
#971 = CARTESIAN_POINT('',(3.136037216003,9.530593110406,14.528081888349
    ));
#972 = CARTESIAN_POINT('',(3.354393298981,9.507246898107,14.634157899155
    ));
#973 = CARTESIAN_POINT('',(3.580304930573,9.466883158792,14.648073166389
    ));
#974 = ORIENTED_EDGE('',*,*,#779,.T.);
#975 = ORIENTED_EDGE('',*,*,#976,.T.);
#976 = EDGE_CURVE('',#769,#676,#977,.T.);
#977 = B_SPLINE_CURVE_WITH_KNOTS('',3,(#978,#979,#980,#981,#982,#983,
    #984,#985),.UNSPECIFIED.,.F.,.F.,(4,2,2,4),(0.,3.398596761338E-04,
    6.797193522675E-04,1.359438704535E-03),.UNSPECIFIED.);
#978 = CARTESIAN_POINT('',(14.419695292513,9.466883198651,
    14.648073152648));
#979 = CARTESIAN_POINT('',(14.532602002898,9.487056295485,
    14.641118543433));
#980 = CARTESIAN_POINT('',(14.642794601703,9.502981292809,
    14.612314376653));
#981 = CARTESIAN_POINT('',(14.847354838241,9.524495964669,
    14.513832911575));
#982 = CARTESIAN_POINT('',(14.940211737439,9.529824554473,
    14.444395223813));
#983 = CARTESIAN_POINT('',(15.169981925207,9.527668875584,
    14.193042102796));
#984 = CARTESIAN_POINT('',(15.256693135225,9.5012732318,13.96717691902)
  );
#985 = CARTESIAN_POINT('',(15.256818490854,9.455473812624,
    13.742060347885));
#986 = FACE_BOUND('',#987,.T.);
#987 = EDGE_LOOP('',(#988,#1000,#1013,#1023,#1042,#1065,#1092,#1102,
    #1123,#1142,#1157,#1172,#1187,#1206,#1228,#1235,#1245,#1252,#1271,
    #1290,#1305,#1320,#1339,#1352,#1369,#1384,#1397,#1408,#1420,#1430,
    #1440));
#988 = ORIENTED_EDGE('',*,*,#989,.F.);
#989 = EDGE_CURVE('',#990,#992,#994,.T.);
#990 = VERTEX_POINT('',#991);
#991 = CARTESIAN_POINT('',(13.193375608411,7.388520379567,5.468374889463
    ));
#992 = VERTEX_POINT('',#993);
#993 = CARTESIAN_POINT('',(13.194449330118,7.163647176381,4.364395711801
    ));
#994 = B_SPLINE_CURVE_WITH_KNOTS('',4,(#995,#996,#997,#998,#999),
  .UNSPECIFIED.,.F.,.F.,(5,5),(0.,1.),.PIECEWISE_BEZIER_KNOTS.);
#995 = CARTESIAN_POINT('',(13.193375608411,7.388520379567,5.468374889463
    ));
#996 = CARTESIAN_POINT('',(13.193644038784,7.332302048393,5.192380096886
    ));
#997 = CARTESIAN_POINT('',(13.193912469192,7.276083737468,4.916385303082
    ));
#998 = CARTESIAN_POINT('',(13.194180899637,7.219865446796,4.640390508056
    ));
#999 = CARTESIAN_POINT('',(13.194449330118,7.163647176381,4.364395711801
    ));
#1000 = ORIENTED_EDGE('',*,*,#1001,.T.);
#1001 = EDGE_CURVE('',#990,#1002,#1004,.T.);
#1002 = VERTEX_POINT('',#1003);
#1003 = CARTESIAN_POINT('',(11.02417880335,7.16053577677,5.512917621056)
  );
#1004 = B_SPLINE_CURVE_WITH_KNOTS('',4,(#1005,#1006,#1007,#1008,#1009,
    #1010,#1011,#1012),.UNSPECIFIED.,.F.,.F.,(5,3,5),(0.,0.505347852867,
    1.),.UNSPECIFIED.);
#1005 = CARTESIAN_POINT('',(13.193375608411,7.388520379567,
    5.468374889463));
#1006 = CARTESIAN_POINT('',(12.920546461166,7.349756363889,
    5.476041664407));
#1007 = CARTESIAN_POINT('',(12.647220281576,7.314342873898,
    5.483022389248));
#1008 = CARTESIAN_POINT('',(12.373462646834,7.282281325722,
    5.489316837901));
#1009 = CARTESIAN_POINT('',(11.831015179373,7.225483181138,5.50041186183
    ));
#1010 = CARTESIAN_POINT('',(11.562340769463,7.200605910292,
    5.505241236167));
#1011 = CARTESIAN_POINT('',(11.293375183547,7.17895305662,5.50941056397)
  );
#1012 = CARTESIAN_POINT('',(11.02417880335,7.16053577677,5.512917621056)
  );
#1013 = ORIENTED_EDGE('',*,*,#1014,.F.);
#1014 = EDGE_CURVE('',#1015,#1002,#1017,.T.);
#1015 = VERTEX_POINT('',#1016);
#1016 = CARTESIAN_POINT('',(11.02303491101,7.400470376427,6.689518864904
    ));
#1017 = B_SPLINE_CURVE_WITH_KNOTS('',4,(#1018,#1019,#1020,#1021,#1022),
  .UNSPECIFIED.,.F.,.F.,(5,5),(0.,1.),.PIECEWISE_BEZIER_KNOTS.);
#1018 = CARTESIAN_POINT('',(11.02303491101,7.400470376427,6.689518864904
    ));
#1019 = CARTESIAN_POINT('',(11.02332088406,7.340486707188,6.395368555476
    ));
#1020 = CARTESIAN_POINT('',(11.023606857133,7.28050305083,6.101218245024
    ));
#1021 = CARTESIAN_POINT('',(11.02389283023,7.220519407357,5.807067933552
    ));
#1022 = CARTESIAN_POINT('',(11.02417880335,7.16053577677,5.512917621056)
  );
#1023 = ORIENTED_EDGE('',*,*,#1024,.T.);
#1024 = EDGE_CURVE('',#1015,#1025,#1027,.T.);
#1025 = VERTEX_POINT('',#1026);
#1026 = CARTESIAN_POINT('',(12.071248571493,7.394583085799,
    6.201285959689));
#1027 = B_SPLINE_CURVE_WITH_KNOTS('',5,(#1028,#1029,#1030,#1031,#1032,
    #1033,#1034,#1035,#1036,#1037,#1038,#1039,#1040,#1041),
  .UNSPECIFIED.,.F.,.F.,(6,4,4,6),(0.,0.466193688625,0.821599001356,1.),
  .UNSPECIFIED.);
#1028 = CARTESIAN_POINT('',(11.02303491101,7.400470376427,6.689518864904
    ));
#1029 = CARTESIAN_POINT('',(11.096760695346,7.3881287598,6.603364714787)
  );
#1030 = CARTESIAN_POINT('',(11.17701793589,7.378014612068,6.52468594758)
  );
#1031 = CARTESIAN_POINT('',(11.26384822536,7.370493961391,6.454855960517
    ));
#1032 = CARTESIAN_POINT('',(11.356939771931,7.365895023544,
    6.395073235379));
#1033 = CARTESIAN_POINT('',(11.53021408527,7.363114402609,6.308253642384
    ));
#1034 = CARTESIAN_POINT('',(11.608232186082,7.363666803836,
    6.276798399808));
#1035 = CARTESIAN_POINT('',(11.688874264943,7.366019858584,
    6.251653534429));
#1036 = CARTESIAN_POINT('',(11.771636283668,7.370138095095,
    6.232702230333));
#1037 = CARTESIAN_POINT('',(11.898354690342,7.378841564294,
    6.213089957144));
#1038 = CARTESIAN_POINT('',(11.941112732979,7.38217304155,6.208020252374
    ));
#1039 = CARTESIAN_POINT('',(11.984217595922,7.385916110139,
    6.204395896129));
#1040 = CARTESIAN_POINT('',(12.027613189841,7.390057755205,
    6.202169539297));
#1041 = CARTESIAN_POINT('',(12.071248571493,7.394583085799,
    6.201285959689));
#1042 = ORIENTED_EDGE('',*,*,#1043,.T.);
#1043 = EDGE_CURVE('',#1025,#1044,#1046,.T.);
#1044 = VERTEX_POINT('',#1045);
#1045 = CARTESIAN_POINT('',(13.164015823431,7.608643313772,
    6.569469195654));
#1046 = B_SPLINE_CURVE_WITH_KNOTS('',5,(#1047,#1048,#1049,#1050,#1051,
    #1052,#1053,#1054,#1055,#1056,#1057,#1058,#1059,#1060,#1061,#1062,
    #1063,#1064),.UNSPECIFIED.,.F.,.F.,(6,4,4,4,6),(0.,0.367015500273,
    0.676563831129,0.91676388149,1.),.UNSPECIFIED.);
#1047 = CARTESIAN_POINT('',(12.071248571493,7.394583085799,
    6.201285959689));
#1048 = CARTESIAN_POINT('',(12.165626607491,7.40437082679,6.199374884206
    ));
#1049 = CARTESIAN_POINT('',(12.258750463655,7.415262328727,
    6.201612703969));
#1050 = CARTESIAN_POINT('',(12.350292093239,7.427294758359,
    6.208453822576));
#1051 = CARTESIAN_POINT('',(12.439769843436,7.440490704311,
    6.220418511411));
#1052 = CARTESIAN_POINT('',(12.599839063336,7.466922994825,
    6.252749381541));
#1053 = CARTESIAN_POINT('',(12.671193487177,7.479829375306,6.27150649815
    ));
#1054 = CARTESIAN_POINT('',(12.740303980588,7.493533504221,6.29449210386
    ));
#1055 = CARTESIAN_POINT('',(12.806756767528,7.507995852534,6.32192594406
    ));
#1056 = CARTESIAN_POINT('',(12.919351042047,7.534889235592,6.3786417621)
  );
#1057 = CARTESIAN_POINT('',(12.966710453963,7.547050139255,
    6.406134056474));
#1058 = CARTESIAN_POINT('',(13.012045447124,7.559584583064,
    6.436361201881));
#1059 = CARTESIAN_POINT('',(13.055196304053,7.572446365017,
    6.469292443219));
#1060 = CARTESIAN_POINT('',(13.110200424016,7.590132116194,
    6.517137588379));
#1061 = CARTESIAN_POINT('',(13.12407947197,7.594716328337,6.529763017676
    ));
#1062 = CARTESIAN_POINT('',(13.137677549536,7.599331110869,
    6.542696833158));
#1063 = CARTESIAN_POINT('',(13.150990714979,7.603974204421,
    6.555934125107));
#1064 = CARTESIAN_POINT('',(13.164015823431,7.608643313772,
    6.569469195654));
#1065 = ORIENTED_EDGE('',*,*,#1066,.T.);
#1066 = EDGE_CURVE('',#1044,#1067,#1069,.T.);
#1067 = VERTEX_POINT('',#1068);
#1068 = CARTESIAN_POINT('',(13.532908376666,7.97206468907,8.075232991124
    ));
#1069 = B_SPLINE_CURVE_WITH_KNOTS('',6,(#1070,#1071,#1072,#1073,#1074,
    #1075,#1076,#1077,#1078,#1079,#1080,#1081,#1082,#1083,#1084,#1085,
    #1086,#1087,#1088,#1089,#1090,#1091),.UNSPECIFIED.,.F.,.F.,(7,5,5,5,
    7),(0.,0.153962776685,0.320426105709,0.595455058481,1.),
  .UNSPECIFIED.);
#1070 = CARTESIAN_POINT('',(13.164015823431,7.608643313772,
    6.569469195654));
#1071 = CARTESIAN_POINT('',(13.188471406332,7.617405754011,
    6.594861909333));
#1072 = CARTESIAN_POINT('',(13.211679526048,7.62634602734,6.621898948988
    ));
#1073 = CARTESIAN_POINT('',(13.233636838429,7.635432758452,
    6.650453028252));
#1074 = CARTESIAN_POINT('',(13.254363874234,7.644637230289,
    6.680390374343));
#1075 = CARTESIAN_POINT('',(13.273896974764,7.653934214557,
    6.711580071042));
#1076 = CARTESIAN_POINT('',(13.312156054079,7.673432044708,6.77885112955
    ));
#1077 = CARTESIAN_POINT('',(13.330687313285,7.683644756613,
    6.815123241003));
#1078 = CARTESIAN_POINT('',(13.347932162434,7.693915227382,
    6.852571605083));
#1079 = CARTESIAN_POINT('',(13.363956543696,7.704222334757,
    6.891060686691));
#1080 = CARTESIAN_POINT('',(13.378829361772,7.714549571515,
    6.930471869244));
#1081 = CARTESIAN_POINT('',(13.41539854473,7.741961277117,7.037185119401
    ));
#1082 = CARTESIAN_POINT('',(13.435214849641,7.759056791148,
    7.105901044277));
#1083 = CARTESIAN_POINT('',(13.452376317523,7.776121123897,
    7.176425422456));
#1084 = CARTESIAN_POINT('',(13.467156918189,7.793120140357,
    7.248415308664));
#1085 = CARTESIAN_POINT('',(13.479795963821,7.810034741029,
    7.321614584934));
#1086 = CARTESIAN_POINT('',(13.506242835295,7.851607438897,
    7.505053086858));
#1087 = CARTESIAN_POINT('',(13.517792111784,7.876151290552,
    7.616458856623));
#1088 = CARTESIAN_POINT('',(13.525804324252,7.900470574075,
    7.729510984923));
#1089 = CARTESIAN_POINT('',(13.530753201669,7.924556968387,
    7.843815585046));
#1090 = CARTESIAN_POINT('',(13.5330213315,7.948415490982,7.959104587102)
  );
#1091 = CARTESIAN_POINT('',(13.532908376666,7.97206468907,8.075232991124
    ));
#1092 = ORIENTED_EDGE('',*,*,#1093,.F.);
#1093 = EDGE_CURVE('',#1094,#1067,#1096,.T.);
#1094 = VERTEX_POINT('',#1095);
#1095 = CARTESIAN_POINT('',(13.531960533305,8.170513491267,
    9.049707072167));
#1096 = B_SPLINE_CURVE_WITH_KNOTS('',4,(#1097,#1098,#1099,#1100,#1101),
  .UNSPECIFIED.,.F.,.F.,(5,5),(0.,1.),.PIECEWISE_BEZIER_KNOTS.);
#1097 = CARTESIAN_POINT('',(13.531960533305,8.170513491267,
    9.049707072167));
#1098 = CARTESIAN_POINT('',(13.532197494099,8.120901264974,
    8.806088553441));
#1099 = CARTESIAN_POINT('',(13.532434454924,8.071289055842,8.56247003369
    ));
#1100 = CARTESIAN_POINT('',(13.53267141578,8.021676863873,8.318851512919
    ));
#1101 = CARTESIAN_POINT('',(13.532908376666,7.97206468907,8.075232991124
    ));
#1102 = ORIENTED_EDGE('',*,*,#1103,.T.);
#1103 = EDGE_CURVE('',#1094,#1104,#1106,.T.);
#1104 = VERTEX_POINT('',#1105);
#1105 = CARTESIAN_POINT('',(13.459332784651,8.37656347521,
    10.117112494776));
#1106 = B_SPLINE_CURVE_WITH_KNOTS('',8,(#1107,#1108,#1109,#1110,#1111,
    #1112,#1113,#1114,#1115,#1116,#1117,#1118,#1119,#1120,#1121,#1122),
  .UNSPECIFIED.,.F.,.F.,(9,7,9),(0.,0.9750814527,1.),.UNSPECIFIED.);
#1107 = CARTESIAN_POINT('',(13.531960533305,8.170513491267,
    9.049707072167));
#1108 = CARTESIAN_POINT('',(13.531817166079,8.200530132823,
    9.197102387792));
#1109 = CARTESIAN_POINT('',(13.529988842908,8.229637150328,
    9.341354106658));
#1110 = CARTESIAN_POINT('',(13.52623952247,8.257771323749,9.482336278165
    ));
#1111 = CARTESIAN_POINT('',(13.520244537467,8.284750166414,9.61940389926
    ));
#1112 = CARTESIAN_POINT('',(13.511592138663,8.310273630517,
    9.751399196862));
#1113 = CARTESIAN_POINT('',(13.499747305828,8.333902577647,
    9.876567462058));
#1114 = CARTESIAN_POINT('',(13.484059539907,8.355065080033,
    9.992577607049));
#1115 = CARTESIAN_POINT('',(13.463079344223,8.373422670675,
    10.098816662848));
#1116 = CARTESIAN_POINT('',(13.462553467803,8.373877954318,
    10.101455700439));
#1117 = CARTESIAN_POINT('',(13.462024497819,8.374331062891,
    10.104086391891));
#1118 = CARTESIAN_POINT('',(13.461492421133,8.374781982076,
    10.106708675916));
#1119 = CARTESIAN_POINT('',(13.460957224608,8.375230697461,
    10.109322490736));
#1120 = CARTESIAN_POINT('',(13.460418895108,8.375677194532,
    10.111927774078));
#1121 = CARTESIAN_POINT('',(13.459877419499,8.376121458683,
    10.114524463178));
#1122 = CARTESIAN_POINT('',(13.459332784651,8.37656347521,
    10.117112494776));
#1123 = ORIENTED_EDGE('',*,*,#1124,.T.);
#1124 = EDGE_CURVE('',#1104,#1125,#1127,.T.);
#1125 = VERTEX_POINT('',#1126);
#1126 = CARTESIAN_POINT('',(13.153595226842,8.460145604864,
    10.754243086747));
#1127 = B_SPLINE_CURVE_WITH_KNOTS('',5,(#1128,#1129,#1130,#1131,#1132,
    #1133,#1134,#1135,#1136,#1137,#1138,#1139,#1140,#1141),
  .UNSPECIFIED.,.F.,.F.,(6,4,4,6),(0.,0.162260761092,0.578953359173,1.),
  .UNSPECIFIED.);
#1128 = CARTESIAN_POINT('',(13.459332784651,8.37656347521,
    10.117112494776));
#1129 = CARTESIAN_POINT('',(13.454656361138,8.380373173918,
    10.139404843859));
#1130 = CARTESIAN_POINT('',(13.449544288585,8.384093588556,
    10.161589527817));
#1131 = CARTESIAN_POINT('',(13.443996335794,8.387724169904,
    10.183662206143));
#1132 = CARTESIAN_POINT('',(13.438012900233,8.391264560817,
    10.205618669975));
#1133 = CARTESIAN_POINT('',(13.415113585432,8.403574435193,
    10.283531069242));
#1134 = CARTESIAN_POINT('',(13.395766695484,8.411838382396,
    10.338814392211));
#1135 = CARTESIAN_POINT('',(13.373572645545,8.419503766988,
    10.393234864772));
#1136 = CARTESIAN_POINT('',(13.348574915326,8.426576252156,
    10.446732341881));
#1137 = CARTESIAN_POINT('',(13.292819617411,8.439631269861,
    10.552329444954));
#1138 = CARTESIAN_POINT('',(13.262004026232,8.445601642951,
    10.604409311378));
#1139 = CARTESIAN_POINT('',(13.228465140548,8.450995049362,
    10.65544431801));
#1140 = CARTESIAN_POINT('',(13.192294175323,8.455833899539,10.705397415)
  );
#1141 = CARTESIAN_POINT('',(13.153595226842,8.460145604864,
    10.754243086747));
#1142 = ORIENTED_EDGE('',*,*,#1143,.T.);
#1143 = EDGE_CURVE('',#1125,#1144,#1146,.T.);
#1144 = VERTEX_POINT('',#1145);
#1145 = CARTESIAN_POINT('',(12.501363966798,8.466307514397,
    11.213936661499));
#1146 = B_SPLINE_CURVE_WITH_KNOTS('',5,(#1147,#1148,#1149,#1150,#1151,
    #1152,#1153,#1154,#1155,#1156),.UNSPECIFIED.,.F.,.F.,(6,4,6),(0.,
    0.492099479269,1.),.UNSPECIFIED.);
#1147 = CARTESIAN_POINT('',(13.153595226842,8.460145604864,
    10.754243086747));
#1148 = CARTESIAN_POINT('',(13.106271571899,8.465418245674,
    10.81397483156));
#1149 = CARTESIAN_POINT('',(13.05430767796,8.46941961305,10.870296471318
    ));
#1150 = CARTESIAN_POINT('',(12.997869218297,8.472178369795,
    10.923038198195));
#1151 = CARTESIAN_POINT('',(12.937214571361,8.473762554917,
    10.972133729138));
#1152 = CARTESIAN_POINT('',(12.806025141983,8.474774046712,
    11.064504362302));
#1153 = CARTESIAN_POINT('',(12.735232234818,8.47413044227,
    11.107544225973));
#1154 = CARTESIAN_POINT('',(12.660615234975,8.472426547983,
    11.146719563567));
#1155 = CARTESIAN_POINT('',(12.582543726049,8.469780373565,
    11.182135792514));
#1156 = CARTESIAN_POINT('',(12.501363966798,8.466307514397,
    11.213936661499));
#1157 = ORIENTED_EDGE('',*,*,#1158,.T.);
#1158 = EDGE_CURVE('',#1144,#1159,#1161,.T.);
#1159 = VERTEX_POINT('',#1160);
#1160 = CARTESIAN_POINT('',(11.481715252784,8.395007397649,
    11.387780511525));
#1161 = B_SPLINE_CURVE_WITH_KNOTS('',5,(#1162,#1163,#1164,#1165,#1166,
    #1167,#1168,#1169,#1170,#1171),.UNSPECIFIED.,.F.,.F.,(6,4,6),(0.,
    0.422569565144,1.),.UNSPECIFIED.);
#1162 = CARTESIAN_POINT('',(12.501363966798,8.466307514397,
    11.213936661499));
#1163 = CARTESIAN_POINT('',(12.42538759007,8.463050719639,
    11.243667135647));
#1164 = CARTESIAN_POINT('',(12.346626742919,8.458986288157,
    11.269858406165));
#1165 = CARTESIAN_POINT('',(12.265376838452,8.454212495325,
    11.292633557016));
#1166 = CARTESIAN_POINT('',(12.181918996855,8.448828572622,
    11.312157102273));
#1167 = CARTESIAN_POINT('',(11.979764025432,8.434856250274,
    11.351067520132));
#1168 = CARTESIAN_POINT('',(11.859366312409,8.42581689207,
    11.367781186891));
#1169 = CARTESIAN_POINT('',(11.735909073721,8.416035887609,
    11.379180525426));
#1170 = CARTESIAN_POINT('',(11.609900680744,8.405712406122,
    11.385714576801));
#1171 = CARTESIAN_POINT('',(11.481715252784,8.395007397649,
    11.387780511525));
#1172 = ORIENTED_EDGE('',*,*,#1173,.T.);
#1173 = EDGE_CURVE('',#1159,#1174,#1176,.T.);
#1174 = VERTEX_POINT('',#1175);
#1175 = CARTESIAN_POINT('',(10.291360111374,8.272459483175,
    11.172216183935));
#1176 = B_SPLINE_CURVE_WITH_KNOTS('',5,(#1177,#1178,#1179,#1180,#1181,
    #1182,#1183,#1184,#1185,#1186),.UNSPECIFIED.,.F.,.F.,(6,4,6),(0.,
    0.565966306054,1.),.UNSPECIFIED.);
#1177 = CARTESIAN_POINT('',(11.481715252784,8.395007397649,
    11.387780511525));
#1178 = CARTESIAN_POINT('',(11.338297407087,8.383030301048,
    11.390091943565));
#1179 = CARTESIAN_POINT('',(11.19636516518,8.370719515691,
    11.385723873358));
#1180 = CARTESIAN_POINT('',(11.056369940207,8.357964294979,
    11.374130291014));
#1181 = CARTESIAN_POINT('',(10.91889398876,8.344641403982,
    11.354758937911));
#1182 = CARTESIAN_POINT('',(10.681602660112,8.319897959136,
    11.306102535155));
#1183 = CARTESIAN_POINT('',(10.580477222859,8.308757821713,
    11.280181004841));
#1184 = CARTESIAN_POINT('',(10.481521424015,8.297167021097,
    11.249283548368));
#1185 = CARTESIAN_POINT('',(10.385049181383,8.285078404726,
    11.213296185385));
#1186 = CARTESIAN_POINT('',(10.291360111374,8.272459483175,
    11.172216183935));
#1187 = ORIENTED_EDGE('',*,*,#1188,.T.);
#1188 = EDGE_CURVE('',#1174,#1189,#1191,.T.);
#1189 = VERTEX_POINT('',#1190);
#1190 = CARTESIAN_POINT('',(9.560408761305,8.109637168276,
    10.490495417535));
#1191 = B_SPLINE_CURVE_WITH_KNOTS('',5,(#1192,#1193,#1194,#1195,#1196,
    #1197,#1198,#1199,#1200,#1201,#1202,#1203,#1204,#1205),
  .UNSPECIFIED.,.F.,.F.,(6,4,4,6),(0.,0.358778094737,0.704586277644,1.),
  .UNSPECIFIED.);
#1192 = CARTESIAN_POINT('',(10.291360111374,8.272459483175,
    11.172216183935));
#1193 = CARTESIAN_POINT('',(10.221014928377,8.262976850953,
    11.141333171402));
#1194 = CARTESIAN_POINT('',(10.153086435101,8.253172893889,
    11.10728165087));
#1195 = CARTESIAN_POINT('',(10.087877698661,8.243008271138,
    11.069946318724));
#1196 = CARTESIAN_POINT('',(10.02570851281,8.232447013799,
    11.029253334238));
#1197 = CARTESIAN_POINT('',(9.910156060304,8.210886995482,
    10.942781748038));
#1198 = CARTESIAN_POINT('',(9.856533034475,8.199917259384,
    10.897237755393));
#1199 = CARTESIAN_POINT('',(9.806264083254,8.188541824669,
    10.848609604074));
#1200 = CARTESIAN_POINT('',(9.759560528418,8.176752958087,
    10.796983358178));
#1201 = CARTESIAN_POINT('',(9.67981832077,8.154146643515,10.69601514426)
  );
#1202 = CARTESIAN_POINT('',(9.645777952428,8.143437377043,
    10.647433910513));
#1203 = CARTESIAN_POINT('',(9.614517923496,8.132440033693,
    10.596893919681));
#1204 = CARTESIAN_POINT('',(9.586066692338,8.121167023438,
    10.544529425299));
#1205 = CARTESIAN_POINT('',(9.560408761305,8.109637168276,
    10.490495417535));
#1206 = ORIENTED_EDGE('',*,*,#1207,.T.);
#1207 = EDGE_CURVE('',#1189,#1208,#1210,.T.);
#1208 = VERTEX_POINT('',#1209);
#1209 = CARTESIAN_POINT('',(9.34533074194,7.818707235467,9.0813947708));
#1210 = B_SPLINE_CURVE_WITH_KNOTS('',6,(#1211,#1212,#1213,#1214,#1215,
    #1216,#1217,#1218,#1219,#1220,#1221,#1222,#1223,#1224,#1225,#1226,
    #1227),.UNSPECIFIED.,.F.,.F.,(7,5,5,7),(0.,0.38070994604,
    0.836625821781,1.),.UNSPECIFIED.);
#1211 = CARTESIAN_POINT('',(9.560408761305,8.109637168276,
    10.490495417535));
#1212 = CARTESIAN_POINT('',(9.526337822418,8.094317657296,
    10.418699446316));
#1213 = CARTESIAN_POINT('',(9.496709756593,8.078131697333,
    10.341989283818));
#1214 = CARTESIAN_POINT('',(9.471085875868,8.061245435461,
    10.261338509429));
#1215 = CARTESIAN_POINT('',(9.449020192609,8.043801170936,
    10.177558125114));
#1216 = CARTESIAN_POINT('',(9.430114821637,8.025904152179,
    10.091244909385));
#1217 = CARTESIAN_POINT('',(9.394755182896,7.985723252667,9.896836532718
    ));
#1218 = CARTESIAN_POINT('',(9.379532778551,7.963282454199,9.787861294645
    ));
#1219 = CARTESIAN_POINT('',(9.3677643996,7.940417961878,9.676546676101)
  );
#1220 = CARTESIAN_POINT('',(9.359005054486,7.917220486549,9.563393310538
    ));
#1221 = CARTESIAN_POINT('',(9.352890680394,7.893754121037,9.448753295361
    ));
#1222 = CARTESIAN_POINT('',(9.347783473748,7.861564429988,9.291295815523
    ));
#1223 = CARTESIAN_POINT('',(9.346738539715,7.853043384057,9.249595845198
    ));
#1224 = CARTESIAN_POINT('',(9.345982673447,7.844495327815,9.207746020491
    ));
#1225 = CARTESIAN_POINT('',(9.345503517538,7.835922174216,9.165756646126
    ));
#1226 = CARTESIAN_POINT('',(9.345289681536,7.827325637956,9.123636887522
    ));
#1227 = CARTESIAN_POINT('',(9.34533074194,7.818707235467,9.0813947708));
#1228 = ORIENTED_EDGE('',*,*,#1229,.T.);
#1229 = EDGE_CURVE('',#1208,#1230,#1232,.T.);
#1230 = VERTEX_POINT('',#1231);
#1231 = CARTESIAN_POINT('',(9.345691623892,7.742959669787,8.710126701572
    ));
#1232 = B_SPLINE_CURVE_WITH_KNOTS('',1,(#1233,#1234),.UNSPECIFIED.,.F.,
  .F.,(2,2),(0.,1.),.PIECEWISE_BEZIER_KNOTS.);
#1233 = CARTESIAN_POINT('',(9.34533074194,7.818707235467,9.0813947708));
#1234 = CARTESIAN_POINT('',(9.345691623892,7.742959669787,8.710126701572
    ));
#1235 = ORIENTED_EDGE('',*,*,#1236,.F.);
#1236 = EDGE_CURVE('',#1237,#1230,#1239,.T.);
#1237 = VERTEX_POINT('',#1238);
#1238 = CARTESIAN_POINT('',(11.094682502434,7.815157558806,
    8.697052228038));
#1239 = B_SPLINE_CURVE_WITH_KNOTS('',4,(#1240,#1241,#1242,#1243,#1244),
  .UNSPECIFIED.,.F.,.F.,(5,5),(0.,1.),.PIECEWISE_BEZIER_KNOTS.);
#1240 = CARTESIAN_POINT('',(11.094682502434,7.815157558806,
    8.697052228038));
#1241 = CARTESIAN_POINT('',(10.65811466227,7.784316363394,8.702938883747
    ));
#1242 = CARTESIAN_POINT('',(10.220921704487,7.761966854044,
    8.707087406965));
#1243 = CARTESIAN_POINT('',(9.783359442539,7.748155545429,8.709488528495
    ));
#1244 = CARTESIAN_POINT('',(9.345691623892,7.742959669787,8.710126701572
    ));
#1245 = ORIENTED_EDGE('',*,*,#1246,.F.);
#1246 = EDGE_CURVE('',#1247,#1237,#1249,.T.);
#1247 = VERTEX_POINT('',#1248);
#1248 = CARTESIAN_POINT('',(11.094267936573,7.902110661212,
    9.123468143217));
#1249 = B_SPLINE_CURVE_WITH_KNOTS('',1,(#1250,#1251),.UNSPECIFIED.,.F.,
  .F.,(2,2),(0.,1.),.PIECEWISE_BEZIER_KNOTS.);
#1250 = CARTESIAN_POINT('',(11.094267936573,7.902110661212,
    9.123468143217));
#1251 = CARTESIAN_POINT('',(11.094682502434,7.815157558806,
    8.697052228038));
#1252 = ORIENTED_EDGE('',*,*,#1253,.T.);
#1253 = EDGE_CURVE('',#1247,#1254,#1256,.T.);
#1254 = VERTEX_POINT('',#1255);
#1255 = CARTESIAN_POINT('',(11.14097608972,8.097577582127,
    10.064723340977));
#1256 = B_SPLINE_CURVE_WITH_KNOTS('',7,(#1257,#1258,#1259,#1260,#1261,
    #1262,#1263,#1264,#1265,#1266,#1267,#1268,#1269,#1270),
  .UNSPECIFIED.,.F.,.F.,(8,6,8),(0.,0.945897471431,1.),.UNSPECIFIED.);
#1257 = CARTESIAN_POINT('',(11.094267936573,7.902110661212,
    9.123468143217));
#1258 = CARTESIAN_POINT('',(11.094123100741,7.932489252799,
    9.272444004953));
#1259 = CARTESIAN_POINT('',(11.095384626592,7.962072728198,
    9.417016225198));
#1260 = CARTESIAN_POINT('',(11.098288639617,7.990810782273,
    9.556853526897));
#1261 = CARTESIAN_POINT('',(11.103172962943,8.01846516253,9.690665070652
    ));
#1262 = CARTESIAN_POINT('',(11.110500852477,8.044592488431,
    9.816104235677));
#1263 = CARTESIAN_POINT('',(11.120849946891,8.06855408192,9.929818720943
    ));
#1264 = CARTESIAN_POINT('',(11.135843949817,8.090632976235,
    10.03256221696));
#1265 = CARTESIAN_POINT('',(11.136667564488,8.091817224927,
    10.038065854001));
#1266 = CARTESIAN_POINT('',(11.137503708224,8.092991008698,
    10.043513461609));
#1267 = CARTESIAN_POINT('',(11.138352507707,8.094154134507,
    10.048904039501));
#1268 = CARTESIAN_POINT('',(11.139214088438,8.095306405871,
    10.054236570656));
#1269 = CARTESIAN_POINT('',(11.140088574731,8.096447622866,
    10.059510021313));
#1270 = CARTESIAN_POINT('',(11.14097608972,8.097577582127,
    10.064723340977));
#1271 = ORIENTED_EDGE('',*,*,#1272,.T.);
#1272 = EDGE_CURVE('',#1254,#1273,#1275,.T.);
#1273 = VERTEX_POINT('',#1274);
#1274 = CARTESIAN_POINT('',(11.469747146602,8.179919258619,
    10.338343514678));
#1275 = B_SPLINE_CURVE_WITH_KNOTS('',5,(#1276,#1277,#1278,#1279,#1280,
    #1281,#1282,#1283,#1284,#1285,#1286,#1287,#1288,#1289),
  .UNSPECIFIED.,.F.,.F.,(6,4,4,6),(0.,0.167334786212,0.511983677009,1.),
  .UNSPECIFIED.);
#1276 = CARTESIAN_POINT('',(11.14097608972,8.097577582127,
    10.064723340977));
#1277 = CARTESIAN_POINT('',(11.144027996978,8.101459446337,
    10.082632110366));
#1278 = CARTESIAN_POINT('',(11.147713203052,8.105270806909,
    10.099960589151));
#1279 = CARTESIAN_POINT('',(11.152051085108,8.109006431841,
    10.116674388428));
#1280 = CARTESIAN_POINT('',(11.157057378434,8.112661209353,
    10.132740189721));
#1281 = CARTESIAN_POINT('',(11.174456915133,8.123580865174,
    10.179814401436));
#1282 = CARTESIAN_POINT('',(11.189057329064,8.130568390498,
    10.20862158494));
#1283 = CARTESIAN_POINT('',(11.206645130817,8.137147274041,
    10.234259052494));
#1284 = CARTESIAN_POINT('',(11.227235707415,8.143283401941,
    10.256506957919));
#1285 = CARTESIAN_POINT('',(11.283945838458,8.156997776695,
    10.301839608302));
#1286 = CARTESIAN_POINT('',(11.322976091778,8.164117354756,
    10.321433397005));
#1287 = CARTESIAN_POINT('',(11.367452704503,8.170266032355,
    10.333762254437));
#1288 = CARTESIAN_POINT('',(11.416644984785,8.175502974036,
    10.339195589446));
#1289 = CARTESIAN_POINT('',(11.469747146602,8.179919258619,
    10.338343514678));
#1290 = ORIENTED_EDGE('',*,*,#1291,.T.);
#1291 = EDGE_CURVE('',#1273,#1292,#1294,.T.);
#1292 = VERTEX_POINT('',#1293);
#1293 = CARTESIAN_POINT('',(11.679665063777,8.181797044291,
    10.254800441633));
#1294 = B_SPLINE_CURVE_WITH_KNOTS('',5,(#1295,#1296,#1297,#1298,#1299,
    #1300,#1301,#1302,#1303,#1304),.UNSPECIFIED.,.F.,.F.,(6,4,6),(0.,
    0.724841369737,1.),.UNSPECIFIED.);
#1295 = CARTESIAN_POINT('',(11.469747146602,8.179919258619,
    10.338343514678));
#1296 = CARTESIAN_POINT('',(11.507156556412,8.18303044268,10.33774324503
    ));
#1297 = CARTESIAN_POINT('',(11.542147906675,8.185153098949,
    10.333020885754));
#1298 = CARTESIAN_POINT('',(11.57462198038,8.186248736709,
    10.324107157691));
#1299 = CARTESIAN_POINT('',(11.604505376105,8.186291264135,
    10.310978822908));
#1300 = CARTESIAN_POINT('',(11.642100198751,8.184883097097,
    10.287095073738));
#1301 = CARTESIAN_POINT('',(11.652065343508,8.184342408866,
    10.279920340053));
#1302 = CARTESIAN_POINT('',(11.661648813806,8.183647942061,
    10.272144350011));
#1303 = CARTESIAN_POINT('',(11.670849020333,8.182799459062,
    10.263769803293));
#1304 = CARTESIAN_POINT('',(11.679665063777,8.181797044291,
    10.254800441633));
#1305 = ORIENTED_EDGE('',*,*,#1306,.T.);
#1306 = EDGE_CURVE('',#1292,#1307,#1309,.T.);
#1307 = VERTEX_POINT('',#1308);
#1308 = CARTESIAN_POINT('',(11.766425705183,8.154457935525,
    10.080203192492));
#1309 = B_SPLINE_CURVE_WITH_KNOTS('',5,(#1310,#1311,#1312,#1313,#1314,
    #1315,#1316,#1317,#1318,#1319),.UNSPECIFIED.,.F.,.F.,(6,4,6),(0.,
    0.882592398757,1.),.UNSPECIFIED.);
#1310 = CARTESIAN_POINT('',(11.679665063777,8.181797044291,
    10.254800441633));
#1311 = CARTESIAN_POINT('',(11.707853168661,8.178592396806,
    10.226124269949));
#1312 = CARTESIAN_POINT('',(11.730472401921,8.174699400485,
    10.196462796541));
#1313 = CARTESIAN_POINT('',(11.747389722613,8.170083916559,
    10.165845317463));
#1314 = CARTESIAN_POINT('',(11.758529977523,8.164729038386,
    10.134310519768));
#1315 = CARTESIAN_POINT('',(11.764599027364,8.157828614358,
    10.097597335572));
#1316 = CARTESIAN_POINT('',(11.765209232244,8.157005437383,
    10.093271562472));
#1317 = CARTESIAN_POINT('',(11.765717073369,8.156169254326,
    10.088930536659));
#1318 = CARTESIAN_POINT('',(11.766122555694,8.155320080031,
    10.084574373952));
#1319 = CARTESIAN_POINT('',(11.766425705183,8.154457935525,
    10.080203192492));
#1320 = ORIENTED_EDGE('',*,*,#1321,.T.);
#1321 = EDGE_CURVE('',#1307,#1322,#1324,.T.);
#1322 = VERTEX_POINT('',#1323);
#1323 = CARTESIAN_POINT('',(11.782507609604,7.991542304565,
    9.273741021921));
#1324 = B_SPLINE_CURVE_WITH_KNOTS('',7,(#1325,#1326,#1327,#1328,#1329,
    #1330,#1331,#1332,#1333,#1334,#1335,#1336,#1337,#1338),
  .UNSPECIFIED.,.F.,.F.,(8,6,8),(0.,0.317410120074,1.),.UNSPECIFIED.);
#1325 = CARTESIAN_POINT('',(11.766425705183,8.154457935525,
    10.080203192492));
#1326 = CARTESIAN_POINT('',(11.76722255789,8.15228537711,10.069172408005
    ));
#1327 = CARTESIAN_POINT('',(11.768027692045,8.149116187363,
    10.053250929916));
#1328 = CARTESIAN_POINT('',(11.76883389975,8.145028412289,
    10.032824842058));
#1329 = CARTESIAN_POINT('',(11.769635726986,8.140135978217,
    10.008455329479));
#1330 = CARTESIAN_POINT('',(11.770429336067,8.134556363032,
    9.980720229003));
#1331 = CARTESIAN_POINT('',(11.77121241768,8.128391870849,9.950122255355
    ));
#1332 = CARTESIAN_POINT('',(11.773643766834,8.107386363218,
    9.845971976552));
#1333 = CARTESIAN_POINT('',(11.775245906912,8.090765822741,
    9.763715841575));
#1334 = CARTESIAN_POINT('',(11.776793873546,8.072602380588,
    9.673919818716));
#1335 = CARTESIAN_POINT('',(11.778288501329,8.053353683633,9.57882747902
    ));
#1336 = CARTESIAN_POINT('',(11.779733955068,8.033342719507,
    9.480020554845));
#1337 = CARTESIAN_POINT('',(11.781136933747,8.012729344502,
    9.378279696997));
#1338 = CARTESIAN_POINT('',(11.782507609604,7.991542304565,
    9.273741021921));
#1339 = ORIENTED_EDGE('',*,*,#1340,.T.);
#1340 = EDGE_CURVE('',#1322,#1341,#1343,.T.);
#1341 = VERTEX_POINT('',#1342);
#1342 = CARTESIAN_POINT('',(11.78382486668,7.71536713912,7.918977602317)
  );
#1343 = B_SPLINE_CURVE_WITH_KNOTS('',7,(#1344,#1345,#1346,#1347,#1348,
    #1349,#1350,#1351),.UNSPECIFIED.,.F.,.F.,(8,8),(0.,1.),
  .PIECEWISE_BEZIER_KNOTS.);
#1344 = CARTESIAN_POINT('',(11.782507609604,7.991542304565,
    9.273741021921));
#1345 = CARTESIAN_POINT('',(11.782605110529,7.971100318142,9.17346393019
    ));
#1346 = CARTESIAN_POINT('',(11.782637361312,7.964338637992,9.14029486278
    ));
#1347 = CARTESIAN_POINT('',(11.782732814578,7.944325973082,
    9.042123747151));
#1348 = CARTESIAN_POINT('',(11.782963098736,7.896044717124,
    8.805282634469));
#1349 = CARTESIAN_POINT('',(11.783333714716,7.818341636622,
    8.424114079059));
#1350 = CARTESIAN_POINT('',(11.783731238513,7.734997140356,
    8.015271633943));
#1351 = CARTESIAN_POINT('',(11.78382486668,7.71536713912,7.918977602317)
  );
#1352 = ORIENTED_EDGE('',*,*,#1353,.T.);
#1353 = EDGE_CURVE('',#1341,#1354,#1356,.T.);
#1354 = VERTEX_POINT('',#1355);
#1355 = CARTESIAN_POINT('',(11.702070616879,7.601112024786,
    7.397326116627));
#1356 = B_SPLINE_CURVE_WITH_KNOTS('',6,(#1357,#1358,#1359,#1360,#1361,
    #1362,#1363,#1364,#1365,#1366,#1367,#1368),.UNSPECIFIED.,.F.,.F.,(7,
    5,7),(0.,0.580555011705,1.),.UNSPECIFIED.);
#1357 = CARTESIAN_POINT('',(11.78382486668,7.71536713912,7.918977602317)
  );
#1358 = CARTESIAN_POINT('',(11.783889957465,7.701720261159,7.85203349558
    ));
#1359 = CARTESIAN_POINT('',(11.782452323385,7.688496312485,
    7.787882214414));
#1360 = CARTESIAN_POINT('',(11.779368659273,7.67575440327,7.726882360287
    ));
#1361 = CARTESIAN_POINT('',(11.774479686009,7.663570452681,
    7.669479778366));
#1362 = CARTESIAN_POINT('',(11.767617535495,7.652035300893,
    7.616192608325));
#1363 = CARTESIAN_POINT('',(11.752138716946,7.633452861462,
    7.532422275378));
#1364 = CARTESIAN_POINT('',(11.744537653632,7.626048871532,
    7.499716258027));
#1365 = CARTESIAN_POINT('',(11.735772540633,7.619073084432,
    7.469647854598));
#1366 = CARTESIAN_POINT('',(11.725793259479,7.612565949307,
    7.442431387866));
#1367 = CARTESIAN_POINT('',(11.71456373817,7.606567108752,7.418268230417
    ));
#1368 = CARTESIAN_POINT('',(11.702070616879,7.601112024786,
    7.397326116627));
#1369 = ORIENTED_EDGE('',*,*,#1370,.T.);
#1370 = EDGE_CURVE('',#1354,#1371,#1373,.T.);
#1371 = VERTEX_POINT('',#1372);
#1372 = CARTESIAN_POINT('',(11.429442952323,7.549079707679,
    7.262486061933));
#1373 = B_SPLINE_CURVE_WITH_KNOTS('',5,(#1374,#1375,#1376,#1377,#1378,
    #1379,#1380,#1381,#1382,#1383),.UNSPECIFIED.,.F.,.F.,(6,4,6),(0.,
    0.34261298869,1.),.UNSPECIFIED.);
#1374 = CARTESIAN_POINT('',(11.702070616879,7.601112024786,
    7.397326116627));
#1375 = CARTESIAN_POINT('',(11.690825571474,7.596193999854,
    7.378437360958));
#1376 = CARTESIAN_POINT('',(11.678271685768,7.591481573084,
    7.361137728141));
#1377 = CARTESIAN_POINT('',(11.664403328836,7.586985714392,
    7.345470794066));
#1378 = CARTESIAN_POINT('',(11.649227237678,7.582716156097,
    7.331465608766));
#1379 = CARTESIAN_POINT('',(11.601170914634,7.570939710611,
    7.295480655596));
#1380 = CARTESIAN_POINT('',(11.564832409361,7.564061636933,
    7.277993343243));
#1381 = CARTESIAN_POINT('',(11.523887989098,7.558108267639,
    7.266781610151));
#1382 = CARTESIAN_POINT('',(11.478631000289,7.553111771343,
    7.261708803841));
#1383 = CARTESIAN_POINT('',(11.429442952323,7.549079707679,
    7.262486061933));
#1384 = ORIENTED_EDGE('',*,*,#1385,.T.);
#1385 = EDGE_CURVE('',#1371,#1386,#1388,.T.);
#1386 = VERTEX_POINT('',#1387);
#1387 = CARTESIAN_POINT('',(11.22588552644,7.54791449104,7.338230746467)
  );
#1388 = B_SPLINE_CURVE_WITH_KNOTS('',4,(#1389,#1390,#1391,#1392,#1393,
    #1394,#1395,#1396),.UNSPECIFIED.,.F.,.F.,(5,3,5),(0.,0.672799300414,
    1.),.UNSPECIFIED.);
#1389 = CARTESIAN_POINT('',(11.429442952323,7.549079707679,
    7.262486061933));
#1390 = CARTESIAN_POINT('',(11.388853025894,7.545752452914,
    7.263127454548));
#1391 = CARTESIAN_POINT('',(11.351004279347,7.543831703659,
    7.269141479717));
#1392 = CARTESIAN_POINT('',(11.316029655372,7.543326302602,
    7.280632065352));
#1393 = CARTESIAN_POINT('',(11.268419018936,7.544648357214,
    7.305808136749));
#1394 = CARTESIAN_POINT('',(11.25353657392,7.54541084288,7.315334237181)
  );
#1395 = CARTESIAN_POINT('',(11.239357576004,7.546500869465,
    7.326145389206));
#1396 = CARTESIAN_POINT('',(11.22588552644,7.54791449104,7.338230746467)
  );
#1397 = ORIENTED_EDGE('',*,*,#1398,.T.);
#1398 = EDGE_CURVE('',#1386,#1399,#1401,.T.);
#1399 = VERTEX_POINT('',#1400);
#1400 = CARTESIAN_POINT('',(11.119517666465,7.571954134391,
    7.495810009526));
#1401 = B_SPLINE_CURVE_WITH_KNOTS('',5,(#1402,#1403,#1404,#1405,#1406,
    #1407),.UNSPECIFIED.,.F.,.F.,(6,6),(0.,1.),
  .PIECEWISE_BEZIER_KNOTS.);
#1402 = CARTESIAN_POINT('',(11.22588552644,7.54791449104,7.338230746467)
  );
#1403 = CARTESIAN_POINT('',(11.193134249417,7.551351081114,
    7.367610899925));
#1404 = CARTESIAN_POINT('',(11.166021860352,7.555496050987,7.39807509025
    ));
#1405 = CARTESIAN_POINT('',(11.144672608801,7.560324591732,
    7.429613335566));
#1406 = CARTESIAN_POINT('',(11.129163796499,7.565815807669,
    7.462203635888));
#1407 = CARTESIAN_POINT('',(11.119517666465,7.571954134391,
    7.495810009526));
#1408 = ORIENTED_EDGE('',*,*,#1409,.T.);
#1409 = EDGE_CURVE('',#1399,#1410,#1412,.T.);
#1410 = VERTEX_POINT('',#1411);
#1411 = CARTESIAN_POINT('',(11.095474246365,7.649093334645,
    7.882676993896));
#1412 = B_SPLINE_CURVE_WITH_KNOTS('',6,(#1413,#1414,#1415,#1416,#1417,
    #1418,#1419),.UNSPECIFIED.,.F.,.F.,(7,7),(0.,1.),
  .PIECEWISE_BEZIER_KNOTS.);
#1413 = CARTESIAN_POINT('',(11.119517666465,7.571954134391,
    7.495810009526));
#1414 = CARTESIAN_POINT('',(11.111077892309,7.577376976134,
    7.525469338944));
#1415 = CARTESIAN_POINT('',(11.104547379285,7.586250147372,
    7.571332715881));
#1416 = CARTESIAN_POINT('',(11.099908036422,7.598307550224,
    7.632114754241));
#1417 = CARTESIAN_POINT('',(11.09698047862,7.613080809449,7.705591748537
    ));
#1418 = CARTESIAN_POINT('',(11.095564662705,7.630128977566,
    7.789676190173));
#1419 = CARTESIAN_POINT('',(11.095474246365,7.649093334645,
    7.882676993896));
#1420 = ORIENTED_EDGE('',*,*,#1421,.T.);
#1421 = EDGE_CURVE('',#1410,#1422,#1424,.T.);
#1422 = VERTEX_POINT('',#1423);
#1423 = CARTESIAN_POINT('',(9.363798941716,7.577022384333,7.895742307501
    ));
#1424 = B_SPLINE_CURVE_WITH_KNOTS('',4,(#1425,#1426,#1427,#1428,#1429),
  .UNSPECIFIED.,.F.,.F.,(5,5),(0.,1.),.PIECEWISE_BEZIER_KNOTS.);
#1425 = CARTESIAN_POINT('',(11.095474246365,7.649093334645,
    7.882676993896));
#1426 = CARTESIAN_POINT('',(10.663225493434,7.618529858111,
    7.888511018068));
#1427 = CARTESIAN_POINT('',(10.230363043627,7.596295170863,
    7.892640251946));
#1428 = CARTESIAN_POINT('',(9.797135472278,7.582434383002,7.895055706702
    ));
#1429 = CARTESIAN_POINT('',(9.363798941716,7.577022384333,7.895742307501
    ));
#1430 = ORIENTED_EDGE('',*,*,#1431,.T.);
#1431 = EDGE_CURVE('',#1422,#1432,#1434,.T.);
#1432 = VERTEX_POINT('',#1433);
#1433 = CARTESIAN_POINT('',(9.440768486324,6.869146127727,4.421010147041
    ));
#1434 = B_SPLINE_CURVE_WITH_KNOTS('',4,(#1435,#1436,#1437,#1438,#1439),
  .UNSPECIFIED.,.F.,.F.,(5,5),(0.,1.),.PIECEWISE_BEZIER_KNOTS.);
#1435 = CARTESIAN_POINT('',(9.363798941716,7.577022384333,7.895742307501
    ));
#1436 = CARTESIAN_POINT('',(9.383041279878,7.400027711852,7.027064374859
    ));
#1437 = CARTESIAN_POINT('',(9.402283650115,7.223050076313,6.158383037463
    ));
#1438 = CARTESIAN_POINT('',(9.421526052304,7.046089530639,5.289698294977
    ));
#1439 = CARTESIAN_POINT('',(9.440768486324,6.869146127727,4.421010147041
    ));
#1440 = ORIENTED_EDGE('',*,*,#1441,.F.);
#1441 = EDGE_CURVE('',#992,#1432,#1442,.T.);
#1442 = B_SPLINE_CURVE_WITH_KNOTS('',4,(#1443,#1444,#1445,#1446,#1447,
    #1448,#1449,#1450),.UNSPECIFIED.,.F.,.F.,(5,3,5),(0.,0.296252636802,
    1.),.UNSPECIFIED.);
#1443 = CARTESIAN_POINT('',(13.194449330118,7.163647176381,
    4.364395711801));
#1444 = CARTESIAN_POINT('',(12.918255368277,7.124366231104,
    4.372164990969));
#1445 = CARTESIAN_POINT('',(12.641551095896,7.088521735654,
    4.379230625782));
#1446 = CARTESIAN_POINT('',(12.364404677876,7.056115032654,
    4.385592407708));
#1447 = CARTESIAN_POINT('',(11.427631167268,6.958354330894,
    4.404686086042));
#1448 = CARTESIAN_POINT('',(10.766264237737,6.908994472708,
    4.414143653575));
#1449 = CARTESIAN_POINT('',(10.103672124149,6.879169123178,
    4.419602979904));
#1450 = CARTESIAN_POINT('',(9.440768486324,6.869146127727,4.421010147041
    ));
#1451 = FACE_BOUND('',#1452,.T.);
#1452 = EDGE_LOOP('',(#1453,#1465,#1477,#1491,#1501,#1511,#1524,#1534,
    #1547,#1557,#1567));
#1453 = ORIENTED_EDGE('',*,*,#1454,.F.);
#1454 = EDGE_CURVE('',#1455,#1457,#1459,.T.);
#1455 = VERTEX_POINT('',#1456);
#1456 = CARTESIAN_POINT('',(7.958193422387,7.515763640038,7.513369340921
    ));
#1457 = VERTEX_POINT('',#1458);
#1458 = CARTESIAN_POINT('',(9.004415673973,6.865770902688,4.421277064764
    ));
#1459 = B_SPLINE_CURVE_WITH_KNOTS('',4,(#1460,#1461,#1462,#1463,#1464),
  .UNSPECIFIED.,.F.,.F.,(5,5),(0.,1.),.PIECEWISE_BEZIER_KNOTS.);
#1460 = CARTESIAN_POINT('',(7.958193422387,7.515763640038,7.513369340921
    ));
#1461 = CARTESIAN_POINT('',(8.21973024841,7.348672387049,6.741315677939)
  );
#1462 = CARTESIAN_POINT('',(8.481283534156,7.184628122239,5.968606515007
    ));
#1463 = CARTESIAN_POINT('',(8.742847378281,7.023650514656,5.195256116929
    ));
#1464 = CARTESIAN_POINT('',(9.004415673973,6.865770902688,4.421277064764
    ));
#1465 = ORIENTED_EDGE('',*,*,#1466,.F.);
#1466 = EDGE_CURVE('',#1467,#1455,#1469,.T.);
#1467 = VERTEX_POINT('',#1468);
#1468 = CARTESIAN_POINT('',(9.097312467924,8.265376032432,
    11.280023370585));
#1469 = B_SPLINE_CURVE_WITH_KNOTS('',6,(#1470,#1471,#1472,#1473,#1474,
    #1475,#1476),.UNSPECIFIED.,.F.,.F.,(7,7),(0.,1.),
  .PIECEWISE_BEZIER_KNOTS.);
#1470 = CARTESIAN_POINT('',(9.097312467924,8.265376032432,
    11.280023370585));
#1471 = CARTESIAN_POINT('',(8.907448963514,8.136786838491,
    10.652984719897));
#1472 = CARTESIAN_POINT('',(8.717587840902,8.009657955837,
    10.025645484981));
#1473 = CARTESIAN_POINT('',(8.527730416656,7.883993515044,9.398009329027
    ));
#1474 = CARTESIAN_POINT('',(8.337877995122,7.759787250587,8.770082071413
    ));
#1475 = CARTESIAN_POINT('',(8.148031890473,7.637043941601,8.141867229928
    ));
#1476 = CARTESIAN_POINT('',(7.958193422387,7.515763640038,7.513369340921
    ));
#1477 = ORIENTED_EDGE('',*,*,#1478,.T.);
#1478 = EDGE_CURVE('',#1467,#1479,#1481,.T.);
#1479 = VERTEX_POINT('',#1480);
#1480 = CARTESIAN_POINT('',(7.214376685951,8.31848352097,11.267328434778
    ));
#1481 = B_SPLINE_CURVE_WITH_KNOTS('',8,(#1482,#1483,#1484,#1485,#1486,
    #1487,#1488,#1489,#1490),.UNSPECIFIED.,.F.,.F.,(9,9),(0.,1.),
  .PIECEWISE_BEZIER_KNOTS.);
#1482 = CARTESIAN_POINT('',(9.097312467924,8.265376032432,
    11.280023370585));
#1483 = CARTESIAN_POINT('',(8.86180658883,8.264557175503,11.27996224199)
  );
#1484 = CARTESIAN_POINT('',(8.626293543799,8.265879328531,
    11.279463023899));
#1485 = CARTESIAN_POINT('',(8.390796898834,8.269345409232,
    11.278525142186));
#1486 = CARTESIAN_POINT('',(8.155340291871,8.274932007787,
    11.277153409801));
#1487 = CARTESIAN_POINT('',(7.919946788811,8.282651017683,
    11.275345415558));
#1488 = CARTESIAN_POINT('',(7.684639878072,8.292482810418,
    11.273105198548));
#1489 = CARTESIAN_POINT('',(7.44944218987,8.30442923141,11.270432403145)
  );
#1490 = CARTESIAN_POINT('',(7.214376685951,8.31848352097,11.267328434778
    ));
#1491 = ORIENTED_EDGE('',*,*,#1492,.T.);
#1492 = EDGE_CURVE('',#1479,#1493,#1495,.T.);
#1493 = VERTEX_POINT('',#1494);
#1494 = CARTESIAN_POINT('',(6.481438665968,7.771610337525,8.315599328542
    ));
#1495 = B_SPLINE_CURVE_WITH_KNOTS('',4,(#1496,#1497,#1498,#1499,#1500),
  .UNSPECIFIED.,.F.,.F.,(5,5),(0.,1.),.PIECEWISE_BEZIER_KNOTS.);
#1496 = CARTESIAN_POINT('',(7.214376685951,8.31848352097,11.267328434778
    ));
#1497 = CARTESIAN_POINT('',(7.031127536366,8.179481211066,
    10.529821180268));
#1498 = CARTESIAN_POINT('',(6.847887273916,8.041997354592,9.792027810097
    ));
#1499 = CARTESIAN_POINT('',(6.664657200371,7.906037559309,9.053952579596
    ));
#1500 = CARTESIAN_POINT('',(6.481438665968,7.771610337525,8.315599328542
    ));
#1501 = ORIENTED_EDGE('',*,*,#1502,.F.);
#1502 = EDGE_CURVE('',#1503,#1493,#1505,.T.);
#1503 = VERTEX_POINT('',#1504);
#1504 = CARTESIAN_POINT('',(6.478580897665,8.371552664626,
    11.255755231063));
#1505 = B_SPLINE_CURVE_WITH_KNOTS('',4,(#1506,#1507,#1508,#1509,#1510),
  .UNSPECIFIED.,.F.,.F.,(5,5),(0.,1.),.PIECEWISE_BEZIER_KNOTS.);
#1506 = CARTESIAN_POINT('',(6.478580897665,8.371552664626,
    11.255755231063));
#1507 = CARTESIAN_POINT('',(6.479295339903,8.221567179411,
    10.520716258409));
#1508 = CARTESIAN_POINT('',(6.480009782032,8.071581629761,9.785677283773
    ));
#1509 = CARTESIAN_POINT('',(6.480724224054,7.921596015767,9.050638307151
    ));
#1510 = CARTESIAN_POINT('',(6.481438665968,7.771610337525,8.315599328542
    ));
#1511 = ORIENTED_EDGE('',*,*,#1512,.T.);
#1512 = EDGE_CURVE('',#1503,#1513,#1515,.T.);
#1513 = VERTEX_POINT('',#1514);
#1514 = CARTESIAN_POINT('',(4.656560369738,8.581582416651,
    11.211010811421));
#1515 = B_SPLINE_CURVE_WITH_KNOTS('',4,(#1516,#1517,#1518,#1519,#1520,
    #1521,#1522,#1523),.UNSPECIFIED.,.F.,.F.,(5,3,5),(0.,0.342029977578,
    1.),.UNSPECIFIED.);
#1516 = CARTESIAN_POINT('',(6.478580897665,8.371552664626,
    11.255755231063));
#1517 = CARTESIAN_POINT('',(6.322261813786,8.384757384357,
    11.252901561024));
#1518 = CARTESIAN_POINT('',(6.166038904568,8.399048927239,11.24982560416
    ));
#1519 = CARTESIAN_POINT('',(6.009923945565,8.414425514478,
    11.246527735875));
#1520 = CARTESIAN_POINT('',(5.553837571391,8.462551035275,
    11.236237672124));
#1521 = CARTESIAN_POINT('',(5.254189606631,8.498226946656,
    11.228646887456));
#1522 = CARTESIAN_POINT('',(4.955068704135,8.537904638321,11.2202377907)
  );
#1523 = CARTESIAN_POINT('',(4.656560369738,8.581582416651,
    11.211010811421));
#1524 = ORIENTED_EDGE('',*,*,#1525,.T.);
#1525 = EDGE_CURVE('',#1513,#1526,#1528,.T.);
#1526 = VERTEX_POINT('',#1527);
#1527 = CARTESIAN_POINT('',(4.663227893942,7.182590495562,4.352235712073
    ));
#1528 = B_SPLINE_CURVE_WITH_KNOTS('',4,(#1529,#1530,#1531,#1532,#1533),
  .UNSPECIFIED.,.F.,.F.,(5,5),(0.,1.),.PIECEWISE_BEZIER_KNOTS.);
#1529 = CARTESIAN_POINT('',(4.656560369738,8.581582416651,
    11.211010811421));
#1530 = CARTESIAN_POINT('',(4.658227252677,8.231835533548,9.496317031687
    ));
#1531 = CARTESIAN_POINT('',(4.659894134356,7.882087918259,7.781623255253
    ));
#1532 = CARTESIAN_POINT('',(4.661561014777,7.532339571893,6.066929482065
    ));
#1533 = CARTESIAN_POINT('',(4.663227893942,7.182590495562,4.352235712073
    ));
#1534 = ORIENTED_EDGE('',*,*,#1535,.F.);
#1535 = EDGE_CURVE('',#1536,#1526,#1538,.T.);
#1536 = VERTEX_POINT('',#1537);
#1537 = CARTESIAN_POINT('',(6.485247372406,6.972032279031,4.397088262408
    ));
#1538 = B_SPLINE_CURVE_WITH_KNOTS('',4,(#1539,#1540,#1541,#1542,#1543,
    #1544,#1545,#1546),.UNSPECIFIED.,.F.,.F.,(5,3,5),(0.,0.314076763788,
    1.),.UNSPECIFIED.);
#1539 = CARTESIAN_POINT('',(6.485247372406,6.972032279031,4.397088262408
    ));
#1540 = CARTESIAN_POINT('',(6.341700501477,6.984179388695,4.394463397112
    ));
#1541 = CARTESIAN_POINT('',(6.198235249793,6.997247017373,4.391650259164
    ));
#1542 = CARTESIAN_POINT('',(6.054860823109,7.011233808423,4.388649135091
    ));
#1543 = CARTESIAN_POINT('',(5.598684511237,7.058690328042,4.378495871618
    ));
#1544 = CARTESIAN_POINT('',(5.286259824525,7.095621278929,4.370635880823
    ));
#1545 = CARTESIAN_POINT('',(4.974408281351,7.136921608029,4.361882406671
    ));
#1546 = CARTESIAN_POINT('',(4.663227893942,7.182590495562,4.352235712073
    ));
#1547 = ORIENTED_EDGE('',*,*,#1548,.F.);
#1548 = EDGE_CURVE('',#1549,#1536,#1551,.T.);
#1549 = VERTEX_POINT('',#1550);
#1550 = CARTESIAN_POINT('',(6.482657298401,7.515777811524,7.06183410488)
  );
#1551 = B_SPLINE_CURVE_WITH_KNOTS('',4,(#1552,#1553,#1554,#1555,#1556),
  .UNSPECIFIED.,.F.,.F.,(5,5),(0.,1.),.PIECEWISE_BEZIER_KNOTS.);
#1552 = CARTESIAN_POINT('',(6.482657298401,7.515777811524,7.06183410488)
  );
#1553 = CARTESIAN_POINT('',(6.483304817034,7.379841507399,6.395647646715
    ));
#1554 = CARTESIAN_POINT('',(6.48395233558,7.243905150562,5.729461186918)
  );
#1555 = CARTESIAN_POINT('',(6.484599854037,7.107968741083,5.063274725482
    ));
#1556 = CARTESIAN_POINT('',(6.485247372406,6.972032279031,4.397088262408
    ));
#1557 = ORIENTED_EDGE('',*,*,#1558,.T.);
#1558 = EDGE_CURVE('',#1549,#1559,#1561,.T.);
#1559 = VERTEX_POINT('',#1560);
#1560 = CARTESIAN_POINT('',(7.294624579585,6.914582797812,4.40962919686)
  );
#1561 = B_SPLINE_CURVE_WITH_KNOTS('',4,(#1562,#1563,#1564,#1565,#1566),
  .UNSPECIFIED.,.F.,.F.,(5,5),(0.,1.),.PIECEWISE_BEZIER_KNOTS.);
#1562 = CARTESIAN_POINT('',(6.482657298401,7.515777811524,7.06183410488)
  );
#1563 = CARTESIAN_POINT('',(6.685625784633,7.36274443144,6.399403520164)
  );
#1564 = CARTESIAN_POINT('',(6.888611385805,7.211531971602,5.736554281756
    ));
#1565 = CARTESIAN_POINT('',(7.091611759547,7.06214269439,5.07329393629)
  );
#1566 = CARTESIAN_POINT('',(7.294624579585,6.914582797812,4.40962919686)
  );
#1567 = ORIENTED_EDGE('',*,*,#1568,.F.);
#1568 = EDGE_CURVE('',#1457,#1559,#1569,.T.);
#1569 = B_SPLINE_CURVE_WITH_KNOTS('',4,(#1570,#1571,#1572,#1573,#1574),
  .UNSPECIFIED.,.F.,.F.,(5,5),(0.,1.),.PIECEWISE_BEZIER_KNOTS.);
#1570 = CARTESIAN_POINT('',(9.004415673973,6.865770902688,4.421277064764
    ));
#1571 = CARTESIAN_POINT('',(8.576721393974,6.865625453265,4.420891529806
    ));
#1572 = CARTESIAN_POINT('',(8.149026210781,6.873760009256,4.418811781492
    ));
#1573 = CARTESIAN_POINT('',(7.721580327652,6.890095807225,4.415054178944
    ));
#1574 = CARTESIAN_POINT('',(7.294624579585,6.914582797812,4.40962919686)
  );
#1575 = B_SPLINE_SURFACE_WITH_KNOTS('',3,1,(
    (#1576,#1577)
    ,(#1578,#1579)
    ,(#1580,#1581)
    ,(#1582,#1583)
    ,(#1584,#1585)
    ,(#1586,#1587
  )),.UNSPECIFIED.,.F.,.F.,.F.,(4,2,4),(2,2),(0.,0.5,1.),(0.,1.),
  .UNSPECIFIED.);
#1576 = CARTESIAN_POINT('',(2.65,9.665631775897,14.671856079669));
#1577 = CARTESIAN_POINT('',(2.65,6.719683099286,0.199435538532));
#1578 = CARTESIAN_POINT('',(4.715840735069,9.229687380834,
    14.821963772748));
#1579 = CARTESIAN_POINT('',(4.712932297444,6.245984400662,0.185376489368
    ));
#1580 = CARTESIAN_POINT('',(6.857611548556,9.003768772977,
    14.899753787789));
#1581 = CARTESIAN_POINT('',(6.856120734908,6.,0.178075842791));
#1582 = CARTESIAN_POINT('',(11.142388451444,9.003768772977,
    14.899753787789));
#1583 = CARTESIAN_POINT('',(11.143879265092,6.,0.178075842791));
#1584 = CARTESIAN_POINT('',(13.284159264931,9.229687380834,
    14.821963772748));
#1585 = CARTESIAN_POINT('',(13.287067702556,6.245984400662,
    0.185376489368));
#1586 = CARTESIAN_POINT('',(15.35,9.665631775897,14.671856079669));
#1587 = CARTESIAN_POINT('',(15.35,6.719683099286,0.199435538532));
#1588 = ADVANCED_FACE('',(#1589),#1595,.T.);
#1589 = FACE_BOUND('',#1590,.T.);
#1590 = EDGE_LOOP('',(#1591,#1592,#1593,#1594));
#1591 = ORIENTED_EDGE('',*,*,#687,.T.);
#1592 = ORIENTED_EDGE('',*,*,#645,.F.);
#1593 = ORIENTED_EDGE('',*,*,#608,.T.);
#1594 = ORIENTED_EDGE('',*,*,#950,.F.);
#1595 = ( BOUNDED_SURFACE() B_SPLINE_SURFACE(3,2,(
    (#1596,#1597,#1598)
    ,(#1599,#1600,#1601)
    ,(#1602,#1603,#1604)
    ,(#1605,#1606,#1607)
    ,(#1608,#1609,#1610)
    ,(#1611,#1612,#1613)
    ,(#1614,#1615,#1616)
    ,(#1617,#1618,#1619
)),.UNSPECIFIED.,.F.,.F.,.F.) B_SPLINE_SURFACE_WITH_KNOTS((4,2,2,4),(3,3
    ),(0.,6.608957094963E-04,9.913435642445E-04,1.321791418993E-03),(0.,
1.),.UNSPECIFIED.) GEOMETRIC_REPRESENTATION_ITEM() 
RATIONAL_B_SPLINE_SURFACE((
    (1.,0.760042019982,1.)
    ,(1.,0.785969818517,1.)
    ,(1.,0.804197480852,1.)
    ,(1.,0.811429644554,1.)
    ,(1.,0.810454040245,1.)
    ,(1.,0.80151467497,1.)
    ,(1.,0.793590861352,1.)
,(1.,0.782468957559,1.))) REPRESENTATION_ITEM('') SURFACE() );
#1596 = CARTESIAN_POINT('',(15.381210461113,6.823567497148,1.10958363472
    ));
#1597 = CARTESIAN_POINT('',(15.350062006057,6.901593959945,
    1.093685523331));
#1598 = CARTESIAN_POINT('',(15.266560664795,6.883544120088,
    1.097268034068));
#1599 = CARTESIAN_POINT('',(15.378559892379,6.782244866195,
    0.869133716393));
#1600 = CARTESIAN_POINT('',(15.34379033574,6.853787708096,0.86575719962)
  );
#1601 = CARTESIAN_POINT('',(15.266784233476,6.839443047575,0.8803825511)
  );
#1602 = CARTESIAN_POINT('',(15.289912700069,6.719393879712,
    0.630963261068));
#1603 = CARTESIAN_POINT('',(15.256306205974,6.785373080605,
    0.629146455165));
#1604 = CARTESIAN_POINT('',(15.189426482895,6.778141831207,
    0.666172013485));
#1605 = CARTESIAN_POINT('',(15.043156023201,6.615626167303,
    0.374475446332));
#1606 = CARTESIAN_POINT('',(15.014961783443,6.681822157946,0.37930611975
    ));
#1607 = CARTESIAN_POINT('',(14.969341150587,6.68359196099,0.435792175923
    ));
#1608 = CARTESIAN_POINT('',(14.94350759144,6.580071633235,0.306649569429
    ));
#1609 = CARTESIAN_POINT('',(14.917304601276,6.647290643341,
    0.312544094007));
#1610 = CARTESIAN_POINT('',(14.88003801907,6.652186496557,0.374942986504
    ));
#1611 = CARTESIAN_POINT('',(14.724993725171,6.51310624119,0.215708442162
    ));
#1612 = CARTESIAN_POINT('',(14.704409068864,6.584601878094,0.22184132717
    ));
#1613 = CARTESIAN_POINT('',(14.683402204541,6.594950897954,
    0.293431830144));
#1614 = CARTESIAN_POINT('',(14.606395653378,6.48172698773,0.192373166014
    ));
#1615 = CARTESIAN_POINT('',(14.58752434189,6.556024524916,0.197395466353
    ));
#1616 = CARTESIAN_POINT('',(14.576313329944,6.569136473786,
    0.272567934904));
#1617 = CARTESIAN_POINT('',(14.485438570778,6.454354486236,
    0.191560769134));
#1618 = CARTESIAN_POINT('',(14.470119887754,6.532411923535,0.19387745979
    ));
#1619 = CARTESIAN_POINT('',(14.46668060844,6.547636443815,0.271911926297
    ));
#1620 = ADVANCED_FACE('',(#1621),#1627,.T.);
#1621 = FACE_BOUND('',#1622,.T.);
#1622 = EDGE_LOOP('',(#1623,#1624,#1625,#1626));
#1623 = ORIENTED_EDGE('',*,*,#768,.T.);
#1624 = ORIENTED_EDGE('',*,*,#728,.F.);
#1625 = ORIENTED_EDGE('',*,*,#675,.F.);
#1626 = ORIENTED_EDGE('',*,*,#976,.F.);
#1627 = ( BOUNDED_SURFACE() B_SPLINE_SURFACE(3,2,(
    (#1628,#1629,#1630)
    ,(#1631,#1632,#1633)
    ,(#1634,#1635,#1636)
    ,(#1637,#1638,#1639)
    ,(#1640,#1641,#1642)
    ,(#1643,#1644,#1645)
    ,(#1646,#1647,#1648)
    ,(#1649,#1650,#1651)
    ,(#1652,#1653,#1654)
    ,(#1655,#1656,#1657
)),.UNSPECIFIED.,.F.,.F.,.F.) B_SPLINE_SURFACE_WITH_KNOTS((4,2,2,2,4),(3
    ,3),(-0.,3.404432121299E-04,6.808864242597E-04,1.02132963639E-03,
    1.361772848519E-03),(0.,1.),.UNSPECIFIED.) 
GEOMETRIC_REPRESENTATION_ITEM() RATIONAL_B_SPLINE_SURFACE((
    (1.,0.751021282072,1.)
    ,(1.,0.757875451639,1.)
    ,(1.,0.76230743909,1.)
    ,(1.,0.766110322718,1.)
    ,(1.,0.765461426873,1.)
    ,(1.,0.759754545094,1.)
    ,(1.,0.754657528025,1.)
    ,(1.,0.741312739599,1.)
    ,(1.,0.732935652275,1.)
,(1.,0.723526150729,1.))) REPRESENTATION_ITEM('') SURFACE() );
#1628 = CARTESIAN_POINT('',(14.438111771618,9.403128248036,
    14.762243292897));
#1629 = CARTESIAN_POINT('',(14.421786059992,9.484809951654,
    14.734118026841));
#1630 = CARTESIAN_POINT('',(14.419695292513,9.466883198651,
    14.648073152648));
#1631 = CARTESIAN_POINT('',(14.562182513584,9.427297234216,
    14.75392124357));
#1632 = CARTESIAN_POINT('',(14.543336527838,9.506171473047,
    14.724848087765));
#1633 = CARTESIAN_POINT('',(14.531336706315,9.486830220403,
    14.64119646145));
#1634 = CARTESIAN_POINT('',(14.685838338134,9.446621767752,
    14.721396580811));
#1635 = CARTESIAN_POINT('',(14.665720587753,9.523780205815,
    14.692177167266));
#1636 = CARTESIAN_POINT('',(14.642411319441,9.502927530232,
    14.612424040825));
#1637 = CARTESIAN_POINT('',(14.91371451072,9.47205142072,14.61151599994)
  );
#1638 = CARTESIAN_POINT('',(14.88958203865,9.547376393211,
    14.583445810767));
#1639 = CARTESIAN_POINT('',(14.846795373737,9.524450511727,
    14.514176769609));
#1640 = CARTESIAN_POINT('',(15.017422721093,9.478074164369,
    14.534360926288));
#1641 = CARTESIAN_POINT('',(14.992001236113,9.553479577738,
    14.507144716094));
#1642 = CARTESIAN_POINT('',(14.939645150262,9.529803552223,
    14.444878744494));
#1643 = CARTESIAN_POINT('',(15.189033704648,9.475413820862,
    14.348436789037));
#1644 = CARTESIAN_POINT('',(15.161261315177,9.55271493368,
    14.324355782766));
#1645 = CARTESIAN_POINT('',(15.092970679219,9.528417535551,
    14.277422634804));
#1646 = CARTESIAN_POINT('',(15.257670088812,9.466635295096,
    14.238581941845));
#1647 = CARTESIAN_POINT('',(15.229519647444,9.545677947691,
    14.215633948395));
#1648 = CARTESIAN_POINT('',(15.154099290308,9.521600477008,
    14.178286000731));
#1649 = CARTESIAN_POINT('',(15.349566149912,9.435582970443,
    14.005819481559));
#1650 = CARTESIAN_POINT('',(15.322209791668,9.519487483392,
    13.985565633929));
#1651 = CARTESIAN_POINT('',(15.235498232855,9.496684537012,
    13.967907389798));
#1652 = CARTESIAN_POINT('',(15.373940747244,9.413003224146,
    13.880458585618));
#1653 = CARTESIAN_POINT('',(15.347460709189,9.499761433553,
    13.860572623777));
#1654 = CARTESIAN_POINT('',(15.25675898554,9.478339972584,
    13.854450361491));
#1655 = CARTESIAN_POINT('',(15.374719701651,9.38508998655,
    13.756448254242));
#1656 = CARTESIAN_POINT('',(15.350042613279,9.475397920814,
    13.738061393199));
#1657 = CARTESIAN_POINT('',(15.256824330753,9.455474787358,
    13.742058754439));
#1658 = ADVANCED_FACE('',(#1659),#1665,.T.);
#1659 = FACE_BOUND('',#1660,.T.);
#1660 = EDGE_LOOP('',(#1661,#1662,#1663,#1664));
#1661 = ORIENTED_EDGE('',*,*,#849,.F.);
#1662 = ORIENTED_EDGE('',*,*,#819,.F.);
#1663 = ORIENTED_EDGE('',*,*,#756,.F.);
#1664 = ORIENTED_EDGE('',*,*,#964,.F.);
#1665 = ( BOUNDED_SURFACE() B_SPLINE_SURFACE(3,2,(
    (#1666,#1667,#1668)
    ,(#1669,#1670,#1671)
    ,(#1672,#1673,#1674)
    ,(#1675,#1676,#1677)
    ,(#1678,#1679,#1680)
    ,(#1681,#1682,#1683
)),.UNSPECIFIED.,.F.,.F.,.F.) B_SPLINE_SURFACE_WITH_KNOTS((4,2,4),(3,3),
  (0.,6.808953109559E-04,1.361790621912E-03),(0.,1.),.UNSPECIFIED.) 
GEOMETRIC_REPRESENTATION_ITEM() RATIONAL_B_SPLINE_SURFACE((
    (1.,0.723526150729,1.)
    ,(1.,0.742232144906,1.)
    ,(1.,0.756853063432,1.)
    ,(1.,0.768325664935,1.)
    ,(1.,0.765013069542,1.)
,(1.,0.751021282072,1.))) REPRESENTATION_ITEM('') SURFACE() );
#1666 = CARTESIAN_POINT('',(2.625280298349,9.38508998655,13.75644825424)
  );
#1667 = CARTESIAN_POINT('',(2.649957386721,9.475397920814,
    13.738061393198));
#1668 = CARTESIAN_POINT('',(2.743175669247,9.455474787358,
    13.742058754437));
#1669 = CARTESIAN_POINT('',(2.626828602767,9.440572290167,14.00293986074
    ));
#1670 = CARTESIAN_POINT('',(2.655025337334,9.523220236441,
    13.978534566947));
#1671 = CARTESIAN_POINT('',(2.743305571609,9.500923482388,
    13.965457438735));
#1672 = CARTESIAN_POINT('',(2.724439380964,9.47400696602,14.254391247222
    ));
#1673 = CARTESIAN_POINT('',(2.752428330723,9.552268395765,
    14.230851315762));
#1674 = CARTESIAN_POINT('',(2.829723673684,9.527665538482,
    14.192717070881));
#1675 = CARTESIAN_POINT('',(3.067986593442,9.479463481359,
    14.627194675182));
#1676 = CARTESIAN_POINT('',(3.091291177475,9.553911455313,14.59738466524
    ));
#1677 = CARTESIAN_POINT('',(3.136661984651,9.530546350409,14.5284928787)
  );
#1678 = CARTESIAN_POINT('',(3.310747137119,9.452050540804,
    14.745397996592));
#1679 = CARTESIAN_POINT('',(3.334588636368,9.527625151849,
    14.715538181658));
#1680 = CARTESIAN_POINT('',(3.354329960133,9.507258213183,
    14.634153980271));
#1681 = CARTESIAN_POINT('',(3.561888228381,9.403128248036,
    14.762243292897));
#1682 = CARTESIAN_POINT('',(3.578213940006,9.484809951654,
    14.734118026841));
#1683 = CARTESIAN_POINT('',(3.580304707485,9.466883198651,
    14.648073152648));
#1684 = ADVANCED_FACE('',(#1685),#1710,.T.);
#1685 = FACE_BOUND('',#1686,.T.);
#1686 = EDGE_LOOP('',(#1687,#1688,#1696,#1704));
#1687 = ORIENTED_EDGE('',*,*,#989,.T.);
#1688 = ORIENTED_EDGE('',*,*,#1689,.T.);
#1689 = EDGE_CURVE('',#992,#1690,#1692,.T.);
#1690 = VERTEX_POINT('',#1691);
#1691 = CARTESIAN_POINT('',(13.192681166108,6.273276113285,
    4.546577180915));
#1692 = LINE('',#1693,#1694);
#1693 = CARTESIAN_POINT('',(13.194626726235,7.252976202669,
    4.346117834276));
#1694 = VECTOR('',#1695,1.);
#1695 = DIRECTION('',(-1.945560127085E-03,-0.979700089385,0.20045934664)
  );
#1696 = ORIENTED_EDGE('',*,*,#1697,.T.);
#1697 = EDGE_CURVE('',#1690,#1698,#1700,.T.);
#1698 = VERTEX_POINT('',#1699);
#1699 = CARTESIAN_POINT('',(13.191609383612,6.499125819197,
    5.650356553452));
#1700 = LINE('',#1701,#1702);
#1701 = CARTESIAN_POINT('',(13.192681166108,6.273276113285,
    4.546577180915));
#1702 = VECTOR('',#1703,1.);
#1703 = DIRECTION('',(-9.513010912701E-04,0.200461448574,0.979701129254)
  );
#1704 = ORIENTED_EDGE('',*,*,#1705,.F.);
#1705 = EDGE_CURVE('',#990,#1698,#1706,.T.);
#1706 = LINE('',#1707,#1708);
#1707 = CARTESIAN_POINT('',(13.193554943739,7.478825908582,
    5.449897206813));
#1708 = VECTOR('',#1709,1.);
#1709 = DIRECTION('',(-1.945560127085E-03,-0.979700089385,0.20045934664)
  );
#1710 = PLANE('',#1711);
#1711 = AXIS2_PLACEMENT_3D('',#1712,#1713,#1714);
#1712 = CARTESIAN_POINT('',(13.194626726235,7.252976202669,
    4.346117834276));
#1713 = DIRECTION('',(-0.999997654908,1.715370258324E-03,
    -1.321999565512E-03));
#1714 = DIRECTION('',(-9.513010912701E-04,0.200461448574,0.979701129254)
  );
#1715 = ADVANCED_FACE('',(#1716),#1734,.T.);
#1716 = FACE_BOUND('',#1717,.T.);
#1717 = EDGE_LOOP('',(#1718,#1719,#1727,#1733));
#1718 = ORIENTED_EDGE('',*,*,#1441,.T.);
#1719 = ORIENTED_EDGE('',*,*,#1720,.T.);
#1720 = EDGE_CURVE('',#1432,#1721,#1723,.T.);
#1721 = VERTEX_POINT('',#1722);
#1722 = CARTESIAN_POINT('',(9.439597948983,6.27971405571,4.541615594898)
  );
#1723 = LINE('',#1724,#1725);
#1724 = CARTESIAN_POINT('',(9.44154350911,7.259414145095,4.341156248258)
  );
#1725 = VECTOR('',#1726,1.);
#1726 = DIRECTION('',(-1.945560127085E-03,-0.979700089385,0.20045934664)
  );
#1727 = ORIENTED_EDGE('',*,*,#1728,.T.);
#1728 = EDGE_CURVE('',#1721,#1690,#1729,.T.);
#1729 = LINE('',#1730,#1731);
#1730 = CARTESIAN_POINT('',(9.439597948983,6.27971405571,4.541615594898)
  );
#1731 = VECTOR('',#1732,1.);
#1732 = DIRECTION('',(0.999997654908,-1.715370258324E-03,
    1.321999565512E-03));
#1733 = ORIENTED_EDGE('',*,*,#1689,.F.);
#1734 = PLANE('',#1735);
#1735 = AXIS2_PLACEMENT_3D('',#1736,#1737,#1738);
#1736 = CARTESIAN_POINT('',(9.44154350911,7.259414145095,4.341156248258)
  );
#1737 = DIRECTION('',(-9.513010912701E-04,0.200461448574,0.979701129254)
  );
#1738 = DIRECTION('',(0.999997654908,-1.715370258324E-03,
    1.321999565512E-03));
#1739 = ADVANCED_FACE('',(#1740),#1758,.T.);
#1740 = FACE_BOUND('',#1741,.T.);
#1741 = EDGE_LOOP('',(#1742,#1743,#1751,#1757));
#1742 = ORIENTED_EDGE('',*,*,#1431,.F.);
#1743 = ORIENTED_EDGE('',*,*,#1744,.T.);
#1744 = EDGE_CURVE('',#1422,#1745,#1747,.T.);
#1745 = VERTEX_POINT('',#1746);
#1746 = CARTESIAN_POINT('',(9.362634602649,6.990711495371,8.015709120817
    ));
#1747 = LINE('',#1748,#1749);
#1748 = CARTESIAN_POINT('',(9.364580162776,7.970411584756,7.815249774177
    ));
#1749 = VECTOR('',#1750,1.);
#1750 = DIRECTION('',(-1.945560127085E-03,-0.979700089385,0.20045934664)
  );
#1751 = ORIENTED_EDGE('',*,*,#1752,.T.);
#1752 = EDGE_CURVE('',#1745,#1721,#1753,.T.);
#1753 = LINE('',#1754,#1755);
#1754 = CARTESIAN_POINT('',(9.362634602649,6.990711495371,8.015709120817
    ));
#1755 = VECTOR('',#1756,1.);
#1756 = DIRECTION('',(2.169853388701E-02,-0.200453888415,-0.979462818205
    ));
#1757 = ORIENTED_EDGE('',*,*,#1720,.F.);
#1758 = PLANE('',#1759);
#1759 = AXIS2_PLACEMENT_3D('',#1760,#1761,#1762);
#1760 = CARTESIAN_POINT('',(9.364580162776,7.970411584756,7.815249774177
    ));
#1761 = DIRECTION('',(0.999762666048,2.444070120966E-03,
    2.164805068125E-02));
#1762 = DIRECTION('',(2.169853388701E-02,-0.200453888415,-0.979462818205
    ));
#1763 = ADVANCED_FACE('',(#1764),#1782,.T.);
#1764 = FACE_BOUND('',#1765,.T.);
#1765 = EDGE_LOOP('',(#1766,#1767,#1775,#1781));
#1766 = ORIENTED_EDGE('',*,*,#1421,.F.);
#1767 = ORIENTED_EDGE('',*,*,#1768,.T.);
#1768 = EDGE_CURVE('',#1410,#1769,#1771,.T.);
#1769 = VERTEX_POINT('',#1770);
#1770 = CARTESIAN_POINT('',(11.09416088506,6.987741279719,8.017998203178
    ));
#1771 = LINE('',#1772,#1773);
#1772 = CARTESIAN_POINT('',(11.096106445187,7.967441369104,
    7.817538856539));
#1773 = VECTOR('',#1774,1.);
#1774 = DIRECTION('',(-1.945560127085E-03,-0.979700089385,0.20045934664)
  );
#1775 = ORIENTED_EDGE('',*,*,#1776,.T.);
#1776 = EDGE_CURVE('',#1769,#1745,#1777,.T.);
#1777 = LINE('',#1778,#1779);
#1778 = CARTESIAN_POINT('',(11.09416088506,6.987741279719,8.017998203178
    ));
#1779 = VECTOR('',#1780,1.);
#1780 = DIRECTION('',(-0.999997654908,1.715370258324E-03,
    -1.321999565512E-03));
#1781 = ORIENTED_EDGE('',*,*,#1744,.F.);
#1782 = PLANE('',#1783);
#1783 = AXIS2_PLACEMENT_3D('',#1784,#1785,#1786);
#1784 = CARTESIAN_POINT('',(11.096106445187,7.967441369104,
    7.817538856539));
#1785 = DIRECTION('',(9.513010912701E-04,-0.200461448574,-0.979701129254
    ));
#1786 = DIRECTION('',(-0.999997654908,1.715370258324E-03,
    -1.321999565512E-03));
#1787 = ADVANCED_FACE('',(#1788),#1806,.T.);
#1788 = FACE_BOUND('',#1789,.T.);
#1789 = EDGE_LOOP('',(#1790,#1791,#1799,#1805));
#1790 = ORIENTED_EDGE('',*,*,#1409,.F.);
#1791 = ORIENTED_EDGE('',*,*,#1792,.T.);
#1792 = EDGE_CURVE('',#1399,#1793,#1795,.T.);
#1793 = VERTEX_POINT('',#1794);
#1794 = CARTESIAN_POINT('',(11.11820036618,6.908618579195,7.631537068693
    ));
#1795 = LINE('',#1796,#1797);
#1796 = CARTESIAN_POINT('',(11.120145926307,7.888318668579,
    7.431077722053));
#1797 = VECTOR('',#1798,1.);
#1798 = DIRECTION('',(-1.945560127085E-03,-0.979700089385,0.20045934664)
  );
#1799 = ORIENTED_EDGE('',*,*,#1800,.T.);
#1800 = EDGE_CURVE('',#1793,#1769,#1801,.T.);
#1801 = B_SPLINE_CURVE_WITH_KNOTS('',2,(#1802,#1803,#1804),
  .UNSPECIFIED.,.F.,.F.,(3,3),(0.,1.),.PIECEWISE_BEZIER_KNOTS.);
#1802 = CARTESIAN_POINT('',(11.11820036618,6.908618579195,7.631537068693
    ));
#1803 = CARTESIAN_POINT('',(11.094455460525,6.925667321101,
    7.714628513954));
#1804 = CARTESIAN_POINT('',(11.09416088506,6.987741279719,8.017998203178
    ));
#1805 = ORIENTED_EDGE('',*,*,#1768,.F.);
#1806 = SURFACE_OF_LINEAR_EXTRUSION('',#1807,#1811);
#1807 = B_SPLINE_CURVE_WITH_KNOTS('',2,(#1808,#1809,#1810),
  .UNSPECIFIED.,.F.,.F.,(3,3),(0.,1.),.PIECEWISE_BEZIER_KNOTS.);
#1808 = CARTESIAN_POINT('',(11.120145926307,7.888318668579,
    7.431077722053));
#1809 = CARTESIAN_POINT('',(11.096401020653,7.905367410486,
    7.514169167314));
#1810 = CARTESIAN_POINT('',(11.096106445187,7.967441369104,
    7.817538856539));
#1811 = VECTOR('',#1812,1.);
#1812 = DIRECTION('',(1.945560127085E-03,0.979700089385,-0.20045934664)
  );
#1813 = ADVANCED_FACE('',(#1814),#1832,.T.);
#1814 = FACE_BOUND('',#1815,.T.);
#1815 = EDGE_LOOP('',(#1816,#1817,#1825,#1831));
#1816 = ORIENTED_EDGE('',*,*,#1398,.F.);
#1817 = ORIENTED_EDGE('',*,*,#1818,.T.);
#1818 = EDGE_CURVE('',#1386,#1819,#1821,.T.);
#1819 = VERTEX_POINT('',#1820);
#1820 = CARTESIAN_POINT('',(11.224552187852,6.876502738534,
    7.475610300365));
#1821 = LINE('',#1822,#1823);
#1822 = CARTESIAN_POINT('',(11.226497747979,7.856202827918,
    7.275150953725));
#1823 = VECTOR('',#1824,1.);
#1824 = DIRECTION('',(-1.945560127085E-03,-0.979700089385,0.20045934664)
  );
#1825 = ORIENTED_EDGE('',*,*,#1826,.T.);
#1826 = EDGE_CURVE('',#1819,#1793,#1827,.T.);
#1827 = B_SPLINE_CURVE_WITH_KNOTS('',2,(#1828,#1829,#1830),
  .UNSPECIFIED.,.F.,.F.,(3,3),(0.,1.),.PIECEWISE_BEZIER_KNOTS.);
#1828 = CARTESIAN_POINT('',(11.224552187852,6.876502738534,
    7.475610300365));
#1829 = CARTESIAN_POINT('',(11.142234134083,6.891511491405,
    7.548163274573));
#1830 = CARTESIAN_POINT('',(11.11820036618,6.908618579195,7.631537068693
    ));
#1831 = ORIENTED_EDGE('',*,*,#1792,.F.);
#1832 = SURFACE_OF_LINEAR_EXTRUSION('',#1833,#1837);
#1833 = B_SPLINE_CURVE_WITH_KNOTS('',2,(#1834,#1835,#1836),
  .UNSPECIFIED.,.F.,.F.,(3,3),(0.,1.),.PIECEWISE_BEZIER_KNOTS.);
#1834 = CARTESIAN_POINT('',(11.226497747979,7.856202827918,
    7.275150953725));
#1835 = CARTESIAN_POINT('',(11.14417969421,7.87121158079,7.347703927934)
  );
#1836 = CARTESIAN_POINT('',(11.120145926307,7.888318668579,
    7.431077722053));
#1837 = VECTOR('',#1838,1.);
#1838 = DIRECTION('',(1.945560127085E-03,0.979700089385,-0.20045934664)
  );
#1839 = ADVANCED_FACE('',(#1840),#1858,.T.);
#1840 = FACE_BOUND('',#1841,.T.);
#1841 = EDGE_LOOP('',(#1842,#1843,#1851,#1857));
#1842 = ORIENTED_EDGE('',*,*,#1385,.F.);
#1843 = ORIENTED_EDGE('',*,*,#1844,.T.);
#1844 = EDGE_CURVE('',#1371,#1845,#1847,.T.);
#1845 = VERTEX_POINT('',#1846);
#1846 = CARTESIAN_POINT('',(11.428077081389,6.861286070566,
    7.403217561922));
#1847 = LINE('',#1848,#1849);
#1848 = CARTESIAN_POINT('',(11.430022641516,7.840986159951,
    7.202758215282));
#1849 = VECTOR('',#1850,1.);
#1850 = DIRECTION('',(-1.945560127085E-03,-0.979700089385,0.20045934664)
  );
#1851 = ORIENTED_EDGE('',*,*,#1852,.T.);
#1852 = EDGE_CURVE('',#1845,#1819,#1853,.T.);
#1853 = B_SPLINE_CURVE_WITH_KNOTS('',2,(#1854,#1855,#1856),
  .UNSPECIFIED.,.F.,.F.,(3,3),(0.,1.),.PIECEWISE_BEZIER_KNOTS.);
#1854 = CARTESIAN_POINT('',(11.428077081389,6.861286070566,
    7.403217561922));
#1855 = CARTESIAN_POINT('',(11.30687024162,6.861493985662,7.403057326157
    ));
#1856 = CARTESIAN_POINT('',(11.224552187852,6.876502738534,
    7.475610300365));
#1857 = ORIENTED_EDGE('',*,*,#1818,.F.);
#1858 = SURFACE_OF_LINEAR_EXTRUSION('',#1859,#1863);
#1859 = B_SPLINE_CURVE_WITH_KNOTS('',2,(#1860,#1861,#1862),
  .UNSPECIFIED.,.F.,.F.,(3,3),(0.,1.),.PIECEWISE_BEZIER_KNOTS.);
#1860 = CARTESIAN_POINT('',(11.430022641516,7.840986159951,
    7.202758215282));
#1861 = CARTESIAN_POINT('',(11.308815801747,7.841194075047,
    7.202597979517));
#1862 = CARTESIAN_POINT('',(11.226497747979,7.856202827918,
    7.275150953725));
#1863 = VECTOR('',#1864,1.);
#1864 = DIRECTION('',(1.945560127085E-03,0.979700089385,-0.20045934664)
  );
#1865 = ADVANCED_FACE('',(#1866),#1884,.T.);
#1866 = FACE_BOUND('',#1867,.T.);
#1867 = EDGE_LOOP('',(#1868,#1869,#1877,#1883));
#1868 = ORIENTED_EDGE('',*,*,#1370,.F.);
#1869 = ORIENTED_EDGE('',*,*,#1870,.T.);
#1870 = EDGE_CURVE('',#1354,#1871,#1873,.T.);
#1871 = VERTEX_POINT('',#1872);
#1872 = CARTESIAN_POINT('',(11.700657125384,6.889338729074,
    7.542964165821));
#1873 = LINE('',#1874,#1875);
#1874 = CARTESIAN_POINT('',(11.702602685511,7.869038818459,
    7.342504819182));
#1875 = VECTOR('',#1876,1.);
#1876 = DIRECTION('',(-1.945560127085E-03,-0.979700089385,0.20045934664)
  );
#1877 = ORIENTED_EDGE('',*,*,#1878,.T.);
#1878 = EDGE_CURVE('',#1871,#1845,#1879,.T.);
#1879 = B_SPLINE_CURVE_WITH_KNOTS('',2,(#1880,#1881,#1882),
  .UNSPECIFIED.,.F.,.F.,(3,3),(0.,1.),.PIECEWISE_BEZIER_KNOTS.);
#1880 = CARTESIAN_POINT('',(11.700657125384,6.889338729074,
    7.542964165821));
#1881 = CARTESIAN_POINT('',(11.618544972454,6.860959346845,
    7.403469360982));
#1882 = CARTESIAN_POINT('',(11.428077081389,6.861286070566,
    7.403217561922));
#1883 = ORIENTED_EDGE('',*,*,#1844,.F.);
#1884 = SURFACE_OF_LINEAR_EXTRUSION('',#1885,#1889);
#1885 = B_SPLINE_CURVE_WITH_KNOTS('',2,(#1886,#1887,#1888),
  .UNSPECIFIED.,.F.,.F.,(3,3),(0.,1.),.PIECEWISE_BEZIER_KNOTS.);
#1886 = CARTESIAN_POINT('',(11.702602685511,7.869038818459,
    7.342504819182));
#1887 = CARTESIAN_POINT('',(11.620490532581,7.84065943623,7.203010014342
    ));
#1888 = CARTESIAN_POINT('',(11.430022641516,7.840986159951,
    7.202758215282));
#1889 = VECTOR('',#1890,1.);
#1890 = DIRECTION('',(1.945560127085E-03,0.979700089385,-0.20045934664)
  );
#1891 = ADVANCED_FACE('',(#1892),#1910,.T.);
#1892 = FACE_BOUND('',#1893,.T.);
#1893 = EDGE_LOOP('',(#1894,#1895,#1903,#1909));
#1894 = ORIENTED_EDGE('',*,*,#1353,.F.);
#1895 = ORIENTED_EDGE('',*,*,#1896,.T.);
#1896 = EDGE_CURVE('',#1341,#1897,#1899,.T.);
#1897 = VERTEX_POINT('',#1898);
#1898 = CARTESIAN_POINT('',(11.782396735065,6.996221710414,
    8.066124085551));
#1899 = LINE('',#1900,#1901);
#1900 = CARTESIAN_POINT('',(11.784342295192,7.975921799798,
    7.865664738912));
#1901 = VECTOR('',#1902,1.);
#1902 = DIRECTION('',(-1.945560127085E-03,-0.979700089385,0.20045934664)
  );
#1903 = ORIENTED_EDGE('',*,*,#1904,.T.);
#1904 = EDGE_CURVE('',#1897,#1871,#1905,.T.);
#1905 = B_SPLINE_CURVE_WITH_KNOTS('',2,(#1906,#1907,#1908),
  .UNSPECIFIED.,.F.,.F.,(3,3),(0.,1.),.PIECEWISE_BEZIER_KNOTS.);
#1906 = CARTESIAN_POINT('',(11.782396735065,6.996221710414,
    8.066124085551));
#1907 = CARTESIAN_POINT('',(11.782769552849,6.917660260457,
    7.682176240289));
#1908 = CARTESIAN_POINT('',(11.700657125384,6.889338729074,
    7.542964165821));
#1909 = ORIENTED_EDGE('',*,*,#1870,.F.);
#1910 = SURFACE_OF_LINEAR_EXTRUSION('',#1911,#1915);
#1911 = B_SPLINE_CURVE_WITH_KNOTS('',2,(#1912,#1913,#1914),
  .UNSPECIFIED.,.F.,.F.,(3,3),(0.,1.),.PIECEWISE_BEZIER_KNOTS.);
#1912 = CARTESIAN_POINT('',(11.784342295192,7.975921799798,
    7.865664738912));
#1913 = CARTESIAN_POINT('',(11.784715112976,7.897360349842,
    7.481716893649));
#1914 = CARTESIAN_POINT('',(11.702602685511,7.869038818459,
    7.342504819182));
#1915 = VECTOR('',#1916,1.);
#1916 = DIRECTION('',(1.945560127085E-03,0.979700089385,-0.20045934664)
  );
#1917 = ADVANCED_FACE('',(#1918),#1936,.T.);
#1918 = FACE_BOUND('',#1919,.T.);
#1919 = EDGE_LOOP('',(#1920,#1921,#1929,#1935));
#1920 = ORIENTED_EDGE('',*,*,#1340,.F.);
#1921 = ORIENTED_EDGE('',*,*,#1922,.T.);
#1922 = EDGE_CURVE('',#1322,#1923,#1925,.T.);
#1923 = VERTEX_POINT('',#1924);
#1924 = CARTESIAN_POINT('',(11.781081440511,7.273385117439,
    9.420685298109));
#1925 = LINE('',#1926,#1927);
#1926 = CARTESIAN_POINT('',(11.783027000638,8.253085206824,
    9.220225951469));
#1927 = VECTOR('',#1928,1.);
#1928 = DIRECTION('',(-1.945560127085E-03,-0.979700089385,0.20045934664)
  );
#1929 = ORIENTED_EDGE('',*,*,#1930,.T.);
#1930 = EDGE_CURVE('',#1923,#1897,#1931,.T.);
#1931 = LINE('',#1932,#1933);
#1932 = CARTESIAN_POINT('',(11.781081440511,7.273385117439,
    9.420685298109));
#1933 = VECTOR('',#1934,1.);
#1934 = DIRECTION('',(9.513010912701E-04,-0.200461448574,-0.979701129254
    ));
#1935 = ORIENTED_EDGE('',*,*,#1896,.F.);
#1936 = PLANE('',#1937);
#1937 = AXIS2_PLACEMENT_3D('',#1938,#1939,#1940);
#1938 = CARTESIAN_POINT('',(11.783027000638,8.253085206824,
    9.220225951469));
#1939 = DIRECTION('',(0.999997654908,-1.715370258324E-03,
    1.321999565512E-03));
#1940 = DIRECTION('',(9.513010912701E-04,-0.200461448574,-0.979701129254
    ));
#1941 = ADVANCED_FACE('',(#1942),#1960,.T.);
#1942 = FACE_BOUND('',#1943,.T.);
#1943 = EDGE_LOOP('',(#1944,#1945,#1953,#1959));
#1944 = ORIENTED_EDGE('',*,*,#1321,.F.);
#1945 = ORIENTED_EDGE('',*,*,#1946,.T.);
#1946 = EDGE_CURVE('',#1307,#1947,#1949,.T.);
#1947 = VERTEX_POINT('',#1948);
#1948 = CARTESIAN_POINT('',(11.765003593964,7.438344118575,
    10.226729368635));
#1949 = LINE('',#1950,#1951);
#1950 = CARTESIAN_POINT('',(11.766949154091,8.41804420796,
    10.026270021996));
#1951 = VECTOR('',#1952,1.);
#1952 = DIRECTION('',(-1.945560127085E-03,-0.979700089385,0.20045934664)
  );
#1953 = ORIENTED_EDGE('',*,*,#1954,.T.);
#1954 = EDGE_CURVE('',#1947,#1923,#1955,.T.);
#1955 = B_SPLINE_CURVE_WITH_KNOTS('',2,(#1956,#1957,#1958),
  .UNSPECIFIED.,.F.,.F.,(3,3),(0.,1.),.PIECEWISE_BEZIER_KNOTS.);
#1956 = CARTESIAN_POINT('',(11.765003593964,7.438344118575,
    10.226729368635));
#1957 = CARTESIAN_POINT('',(11.771731433214,7.419299804151,
    10.133719851042));
#1958 = CARTESIAN_POINT('',(11.781081440511,7.273385117439,
    9.420685298109));
#1959 = ORIENTED_EDGE('',*,*,#1922,.F.);
#1960 = SURFACE_OF_LINEAR_EXTRUSION('',#1961,#1965);
#1961 = B_SPLINE_CURVE_WITH_KNOTS('',2,(#1962,#1963,#1964),
  .UNSPECIFIED.,.F.,.F.,(3,3),(0.,1.),.PIECEWISE_BEZIER_KNOTS.);
#1962 = CARTESIAN_POINT('',(11.766949154091,8.41804420796,
    10.026270021996));
#1963 = CARTESIAN_POINT('',(11.773676993341,8.398999893536,
    9.933260504403));
#1964 = CARTESIAN_POINT('',(11.783027000638,8.253085206824,
    9.220225951469));
#1965 = VECTOR('',#1966,1.);
#1966 = DIRECTION('',(1.945560127085E-03,0.979700089385,-0.20045934664)
  );
#1967 = ADVANCED_FACE('',(#1968),#1986,.T.);
#1968 = FACE_BOUND('',#1969,.T.);
#1969 = EDGE_LOOP('',(#1970,#1971,#1979,#1985));
#1970 = ORIENTED_EDGE('',*,*,#1306,.F.);
#1971 = ORIENTED_EDGE('',*,*,#1972,.T.);
#1972 = EDGE_CURVE('',#1292,#1973,#1975,.T.);
#1973 = VERTEX_POINT('',#1974);
#1974 = CARTESIAN_POINT('',(11.678259264759,7.4738973476,10.39964590222)
  );
#1975 = LINE('',#1976,#1977);
#1976 = CARTESIAN_POINT('',(11.680204824886,8.453597436985,
    10.199186555581));
#1977 = VECTOR('',#1978,1.);
#1978 = DIRECTION('',(-1.945560127085E-03,-0.979700089385,0.20045934664)
  );
#1979 = ORIENTED_EDGE('',*,*,#1980,.T.);
#1980 = EDGE_CURVE('',#1973,#1947,#1981,.T.);
#1981 = B_SPLINE_CURVE_WITH_KNOTS('',2,(#1982,#1983,#1984),
  .UNSPECIFIED.,.F.,.F.,(3,3),(0.,1.),.PIECEWISE_BEZIER_KNOTS.);
#1982 = CARTESIAN_POINT('',(11.678259264759,7.4738973476,10.39964590222)
  );
#1983 = CARTESIAN_POINT('',(11.758564616962,7.457330087117,
    10.31945653737));
#1984 = CARTESIAN_POINT('',(11.765003593964,7.438344118575,
    10.226729368635));
#1985 = ORIENTED_EDGE('',*,*,#1946,.F.);
#1986 = SURFACE_OF_LINEAR_EXTRUSION('',#1987,#1991);
#1987 = B_SPLINE_CURVE_WITH_KNOTS('',2,(#1988,#1989,#1990),
  .UNSPECIFIED.,.F.,.F.,(3,3),(0.,1.),.PIECEWISE_BEZIER_KNOTS.);
#1988 = CARTESIAN_POINT('',(11.680204824886,8.453597436985,
    10.199186555581));
#1989 = CARTESIAN_POINT('',(11.760510177089,8.437030176502,
    10.118997190731));
#1990 = CARTESIAN_POINT('',(11.766949154091,8.41804420796,
    10.026270021996));
#1991 = VECTOR('',#1992,1.);
#1992 = DIRECTION('',(1.945560127085E-03,0.979700089385,-0.20045934664)
  );
#1993 = ADVANCED_FACE('',(#1994),#2012,.T.);
#1994 = FACE_BOUND('',#1995,.T.);
#1995 = EDGE_LOOP('',(#1996,#1997,#2005,#2011));
#1996 = ORIENTED_EDGE('',*,*,#1291,.F.);
#1997 = ORIENTED_EDGE('',*,*,#1998,.T.);
#1998 = EDGE_CURVE('',#1273,#1999,#2001,.T.);
#1999 = VERTEX_POINT('',#2000);
#2000 = CARTESIAN_POINT('',(11.468378303624,7.490629028375,
    10.479381237035));
#2001 = LINE('',#2002,#2003);
#2002 = CARTESIAN_POINT('',(11.470323863751,8.47032911776,
    10.278921890395));
#2003 = VECTOR('',#2004,1.);
#2004 = DIRECTION('',(-1.945560127085E-03,-0.979700089385,0.20045934664)
  );
#2005 = ORIENTED_EDGE('',*,*,#2006,.T.);
#2006 = EDGE_CURVE('',#1999,#1973,#2007,.T.);
#2007 = B_SPLINE_CURVE_WITH_KNOTS('',2,(#2008,#2009,#2010),
  .UNSPECIFIED.,.F.,.F.,(3,3),(0.,1.),.PIECEWISE_BEZIER_KNOTS.);
#2008 = CARTESIAN_POINT('',(11.468378303624,7.490629028375,
    10.479381237035));
#2009 = CARTESIAN_POINT('',(11.598242774805,7.490406262201,
    10.479552918212));
#2010 = CARTESIAN_POINT('',(11.678259264759,7.4738973476,10.39964590222)
  );
#2011 = ORIENTED_EDGE('',*,*,#1972,.F.);
#2012 = SURFACE_OF_LINEAR_EXTRUSION('',#2013,#2017);
#2013 = B_SPLINE_CURVE_WITH_KNOTS('',2,(#2014,#2015,#2016),
  .UNSPECIFIED.,.F.,.F.,(3,3),(0.,1.),.PIECEWISE_BEZIER_KNOTS.);
#2014 = CARTESIAN_POINT('',(11.470323863751,8.47032911776,
    10.278921890395));
#2015 = CARTESIAN_POINT('',(11.600188334932,8.470106351586,
    10.279093571573));
#2016 = CARTESIAN_POINT('',(11.680204824886,8.453597436985,
    10.199186555581));
#2017 = VECTOR('',#2018,1.);
#2018 = DIRECTION('',(1.945560127085E-03,0.979700089385,-0.20045934664)
  );
#2019 = ADVANCED_FACE('',(#2020),#2038,.T.);
#2020 = FACE_BOUND('',#2021,.T.);
#2021 = EDGE_LOOP('',(#2022,#2023,#2031,#2037));
#2022 = ORIENTED_EDGE('',*,*,#1272,.F.);
#2023 = ORIENTED_EDGE('',*,*,#2024,.T.);
#2024 = EDGE_CURVE('',#1254,#2025,#2027,.T.);
#2025 = VERTEX_POINT('',#2026);
#2026 = CARTESIAN_POINT('',(11.1396587264,7.434210285249,10.200456894904
    ));
#2027 = LINE('',#2028,#2029);
#2028 = CARTESIAN_POINT('',(11.141604286527,8.413910374634,
    9.999997548264));
#2029 = VECTOR('',#2030,1.);
#2030 = DIRECTION('',(-1.945560127085E-03,-0.979700089385,0.20045934664)
  );
#2031 = ORIENTED_EDGE('',*,*,#2032,.T.);
#2032 = EDGE_CURVE('',#2025,#1999,#2033,.T.);
#2033 = B_SPLINE_CURVE_WITH_KNOTS('',2,(#2034,#2035,#2036),
  .UNSPECIFIED.,.F.,.F.,(3,3),(0.,1.),.PIECEWISE_BEZIER_KNOTS.);
#2034 = CARTESIAN_POINT('',(11.1396587264,7.434210285249,10.200456894904
    ));
#2035 = CARTESIAN_POINT('',(11.187005282732,7.491111688418,
    10.479009261151));
#2036 = CARTESIAN_POINT('',(11.468378303624,7.490629028375,
    10.479381237035));
#2037 = ORIENTED_EDGE('',*,*,#1998,.F.);
#2038 = SURFACE_OF_LINEAR_EXTRUSION('',#2039,#2043);
#2039 = B_SPLINE_CURVE_WITH_KNOTS('',2,(#2040,#2041,#2042),
  .UNSPECIFIED.,.F.,.F.,(3,3),(0.,1.),.PIECEWISE_BEZIER_KNOTS.);
#2040 = CARTESIAN_POINT('',(11.141604286527,8.413910374634,
    9.999997548264));
#2041 = CARTESIAN_POINT('',(11.18895084286,8.470811777803,
    10.278549914512));
#2042 = CARTESIAN_POINT('',(11.470323863751,8.47032911776,
    10.278921890395));
#2043 = VECTOR('',#2044,1.);
#2044 = DIRECTION('',(1.945560127085E-03,0.979700089385,-0.20045934664)
  );
#2045 = ADVANCED_FACE('',(#2046),#2064,.T.);
#2046 = FACE_BOUND('',#2047,.T.);
#2047 = EDGE_LOOP('',(#2048,#2049,#2057,#2063));
#2048 = ORIENTED_EDGE('',*,*,#1253,.F.);
#2049 = ORIENTED_EDGE('',*,*,#2050,.T.);
#2050 = EDGE_CURVE('',#1247,#2051,#2053,.T.);
#2051 = VERTEX_POINT('',#2052);
#2052 = CARTESIAN_POINT('',(11.09295622789,7.241590795484,9.258619075794
    ));
#2053 = LINE('',#2054,#2055);
#2054 = CARTESIAN_POINT('',(11.094901788017,8.221290884869,
    9.058159729155));
#2055 = VECTOR('',#2056,1.);
#2056 = DIRECTION('',(-1.945560127085E-03,-0.979700089385,0.20045934664)
  );
#2057 = ORIENTED_EDGE('',*,*,#2058,.T.);
#2058 = EDGE_CURVE('',#2051,#2025,#2059,.T.);
#2059 = B_SPLINE_CURVE_WITH_KNOTS('',2,(#2060,#2061,#2062),
  .UNSPECIFIED.,.F.,.F.,(3,3),(0.,1.),.PIECEWISE_BEZIER_KNOTS.);
#2060 = CARTESIAN_POINT('',(11.09295622789,7.241590795484,9.258619075794
    ));
#2061 = CARTESIAN_POINT('',(11.092312444602,7.377251031233,
    9.921621798284));
#2062 = CARTESIAN_POINT('',(11.1396587264,7.434210285249,10.200456894904
    ));
#2063 = ORIENTED_EDGE('',*,*,#2024,.F.);
#2064 = SURFACE_OF_LINEAR_EXTRUSION('',#2065,#2069);
#2065 = B_SPLINE_CURVE_WITH_KNOTS('',2,(#2066,#2067,#2068),
  .UNSPECIFIED.,.F.,.F.,(3,3),(0.,1.),.PIECEWISE_BEZIER_KNOTS.);
#2066 = CARTESIAN_POINT('',(11.094901788017,8.221290884869,
    9.058159729155));
#2067 = CARTESIAN_POINT('',(11.09425800473,8.356951120618,9.721162451644
    ));
#2068 = CARTESIAN_POINT('',(11.141604286527,8.413910374634,
    9.999997548264));
#2069 = VECTOR('',#2070,1.);
#2070 = DIRECTION('',(1.945560127085E-03,0.979700089385,-0.20045934664)
  );
#2071 = ADVANCED_FACE('',(#2072),#2090,.T.);
#2072 = FACE_BOUND('',#2073,.T.);
#2073 = EDGE_LOOP('',(#2074,#2075,#2083,#2089));
#2074 = ORIENTED_EDGE('',*,*,#1246,.T.);
#2075 = ORIENTED_EDGE('',*,*,#2076,.T.);
#2076 = EDGE_CURVE('',#1237,#2077,#2079,.T.);
#2077 = VERTEX_POINT('',#2078);
#2078 = CARTESIAN_POINT('',(11.093370225841,7.154351718508,
    8.832261674722));
#2079 = LINE('',#2080,#2081);
#2080 = CARTESIAN_POINT('',(11.095315785969,8.134051807892,
    8.631802328082));
#2081 = VECTOR('',#2082,1.);
#2082 = DIRECTION('',(-1.945560127085E-03,-0.979700089385,0.20045934664)
  );
#2083 = ORIENTED_EDGE('',*,*,#2084,.T.);
#2084 = EDGE_CURVE('',#2077,#2051,#2085,.T.);
#2085 = LINE('',#2086,#2087);
#2086 = CARTESIAN_POINT('',(11.093370225841,7.154351718508,
    8.832261674722));
#2087 = VECTOR('',#2088,1.);
#2088 = DIRECTION('',(-9.513010912701E-04,0.200461448574,0.979701129254)
  );
#2089 = ORIENTED_EDGE('',*,*,#2050,.F.);
#2090 = PLANE('',#2091);
#2091 = AXIS2_PLACEMENT_3D('',#2092,#2093,#2094);
#2092 = CARTESIAN_POINT('',(11.095315785969,8.134051807892,
    8.631802328082));
#2093 = DIRECTION('',(-0.999997654908,1.715370258324E-03,
    -1.321999565512E-03));
#2094 = DIRECTION('',(-9.513010912701E-04,0.200461448574,0.979701129254)
  );
#2095 = ADVANCED_FACE('',(#2096),#2114,.T.);
#2096 = FACE_BOUND('',#2097,.T.);
#2097 = EDGE_LOOP('',(#2098,#2099,#2107,#2113));
#2098 = ORIENTED_EDGE('',*,*,#1236,.T.);
#2099 = ORIENTED_EDGE('',*,*,#2100,.T.);
#2100 = EDGE_CURVE('',#1230,#2101,#2103,.T.);
#2101 = VERTEX_POINT('',#2102);
#2102 = CARTESIAN_POINT('',(9.344528680607,7.157351636316,8.829949701537
    ));
#2103 = LINE('',#2104,#2105);
#2104 = CARTESIAN_POINT('',(9.346474240734,8.137051725701,8.629490354898
    ));
#2105 = VECTOR('',#2106,1.);
#2106 = DIRECTION('',(-1.945560127085E-03,-0.979700089385,0.20045934664)
  );
#2107 = ORIENTED_EDGE('',*,*,#2108,.T.);
#2108 = EDGE_CURVE('',#2101,#2077,#2109,.T.);
#2109 = LINE('',#2110,#2111);
#2110 = CARTESIAN_POINT('',(9.344528680607,7.157351636316,8.829949701537
    ));
#2111 = VECTOR('',#2112,1.);
#2112 = DIRECTION('',(0.999997654908,-1.715370258324E-03,
    1.321999565512E-03));
#2113 = ORIENTED_EDGE('',*,*,#2076,.F.);
#2114 = PLANE('',#2115);
#2115 = AXIS2_PLACEMENT_3D('',#2116,#2117,#2118);
#2116 = CARTESIAN_POINT('',(9.346474240734,8.137051725701,8.629490354898
    ));
#2117 = DIRECTION('',(-9.513010912701E-04,0.200461448574,0.979701129254)
  );
#2118 = DIRECTION('',(0.999997654908,-1.715370258324E-03,
    1.321999565512E-03));
#2119 = ADVANCED_FACE('',(#2120),#2138,.T.);
#2120 = FACE_BOUND('',#2121,.T.);
#2121 = EDGE_LOOP('',(#2122,#2123,#2131,#2137));
#2122 = ORIENTED_EDGE('',*,*,#1229,.F.);
#2123 = ORIENTED_EDGE('',*,*,#2124,.T.);
#2124 = EDGE_CURVE('',#1208,#2125,#2127,.T.);
#2125 = VERTEX_POINT('',#2126);
#2126 = CARTESIAN_POINT('',(9.344168216873,7.233309798166,9.201174680057
    ));
#2127 = LINE('',#2128,#2129);
#2128 = CARTESIAN_POINT('',(9.346113777,8.213009887551,9.000715333417));
#2129 = VECTOR('',#2130,1.);
#2130 = DIRECTION('',(-1.945560127085E-03,-0.979700089385,0.20045934664)
  );
#2131 = ORIENTED_EDGE('',*,*,#2132,.T.);
#2132 = EDGE_CURVE('',#2125,#2101,#2133,.T.);
#2133 = LINE('',#2134,#2135);
#2134 = CARTESIAN_POINT('',(9.344168216873,7.233309798166,9.201174680057
    ));
#2135 = VECTOR('',#2136,1.);
#2136 = DIRECTION('',(9.513010912701E-04,-0.200461448574,-0.979701129254
    ));
#2137 = ORIENTED_EDGE('',*,*,#2100,.F.);
#2138 = PLANE('',#2139);
#2139 = AXIS2_PLACEMENT_3D('',#2140,#2141,#2142);
#2140 = CARTESIAN_POINT('',(9.346113777,8.213009887551,9.000715333417));
#2141 = DIRECTION('',(0.999997654908,-1.715370258324E-03,
    1.321999565512E-03));
#2142 = DIRECTION('',(9.513010912701E-04,-0.200461448574,-0.979701129254
    ));
#2143 = ADVANCED_FACE('',(#2144),#2162,.T.);
#2144 = FACE_BOUND('',#2145,.T.);
#2145 = EDGE_LOOP('',(#2146,#2147,#2155,#2161));
#2146 = ORIENTED_EDGE('',*,*,#1207,.F.);
#2147 = ORIENTED_EDGE('',*,*,#2148,.T.);
#2148 = EDGE_CURVE('',#1189,#2149,#2151,.T.);
#2149 = VERTEX_POINT('',#2150);
#2150 = CARTESIAN_POINT('',(9.559240447937,7.521324992515,10.61087172009
    ));
#2151 = LINE('',#2152,#2153);
#2152 = CARTESIAN_POINT('',(9.561186008064,8.5010250819,10.410412373451)
  );
#2153 = VECTOR('',#2154,1.);
#2154 = DIRECTION('',(-1.945560127085E-03,-0.979700089385,0.20045934664)
  );
#2155 = ORIENTED_EDGE('',*,*,#2156,.T.);
#2156 = EDGE_CURVE('',#2149,#2125,#2157,.T.);
#2157 = B_SPLINE_CURVE_WITH_KNOTS('',2,(#2158,#2159,#2160),
  .UNSPECIFIED.,.F.,.F.,(3,3),(0.,1.),.PIECEWISE_BEZIER_KNOTS.);
#2158 = CARTESIAN_POINT('',(9.559240447937,7.521324992515,10.61087172009
    ));
#2159 = CARTESIAN_POINT('',(9.34324221217,7.428440704427,10.154824225028
    ));
#2160 = CARTESIAN_POINT('',(9.344168216873,7.233309798166,9.201174680057
    ));
#2161 = ORIENTED_EDGE('',*,*,#2124,.F.);
#2162 = SURFACE_OF_LINEAR_EXTRUSION('',#2163,#2167);
#2163 = B_SPLINE_CURVE_WITH_KNOTS('',2,(#2164,#2165,#2166),
  .UNSPECIFIED.,.F.,.F.,(3,3),(0.,1.),.PIECEWISE_BEZIER_KNOTS.);
#2164 = CARTESIAN_POINT('',(9.561186008064,8.5010250819,10.410412373451)
  );
#2165 = CARTESIAN_POINT('',(9.345187772297,8.408140793812,9.954364878389
    ));
#2166 = CARTESIAN_POINT('',(9.346113777,8.213009887551,9.000715333417));
#2167 = VECTOR('',#2168,1.);
#2168 = DIRECTION('',(1.945560127085E-03,0.979700089385,-0.20045934664)
  );
#2169 = ADVANCED_FACE('',(#2170),#2188,.T.);
#2170 = FACE_BOUND('',#2171,.T.);
#2171 = EDGE_LOOP('',(#2172,#2173,#2181,#2187));
#2172 = ORIENTED_EDGE('',*,*,#1188,.F.);
#2173 = ORIENTED_EDGE('',*,*,#2174,.T.);
#2174 = EDGE_CURVE('',#1174,#2175,#2177,.T.);
#2175 = VERTEX_POINT('',#2176);
#2176 = CARTESIAN_POINT('',(10.290144556212,7.660358379895,
    11.297460009642));
#2177 = LINE('',#2178,#2179);
#2178 = CARTESIAN_POINT('',(10.292090116339,8.64005846928,
    11.097000663003));
#2179 = VECTOR('',#2180,1.);
#2180 = DIRECTION('',(-1.945560127085E-03,-0.979700089385,0.20045934664)
  );
#2181 = ORIENTED_EDGE('',*,*,#2182,.T.);
#2182 = EDGE_CURVE('',#2175,#2149,#2183,.T.);
#2183 = B_SPLINE_CURVE_WITH_KNOTS('',2,(#2184,#2185,#2186),
  .UNSPECIFIED.,.F.,.F.,(3,3),(0.,1.),.PIECEWISE_BEZIER_KNOTS.);
#2184 = CARTESIAN_POINT('',(10.290144556212,7.660358379895,
    11.297460009642));
#2185 = CARTESIAN_POINT('',(9.775238958238,7.614151429756,11.06663648478
    ));
#2186 = CARTESIAN_POINT('',(9.559240447937,7.521324992515,10.61087172009
    ));
#2187 = ORIENTED_EDGE('',*,*,#2148,.F.);
#2188 = SURFACE_OF_LINEAR_EXTRUSION('',#2189,#2193);
#2189 = B_SPLINE_CURVE_WITH_KNOTS('',2,(#2190,#2191,#2192),
  .UNSPECIFIED.,.F.,.F.,(3,3),(0.,1.),.PIECEWISE_BEZIER_KNOTS.);
#2190 = CARTESIAN_POINT('',(10.292090116339,8.64005846928,
    11.097000663003));
#2191 = CARTESIAN_POINT('',(9.777184518365,8.59385151914,10.86617713814)
  );
#2192 = CARTESIAN_POINT('',(9.561186008064,8.5010250819,10.410412373451)
  );
#2193 = VECTOR('',#2194,1.);
#2194 = DIRECTION('',(1.945560127085E-03,0.979700089385,-0.20045934664)
  );
#2195 = ADVANCED_FACE('',(#2196),#2214,.T.);
#2196 = FACE_BOUND('',#2197,.T.);
#2197 = EDGE_LOOP('',(#2198,#2199,#2207,#2213));
#2198 = ORIENTED_EDGE('',*,*,#1173,.F.);
#2199 = ORIENTED_EDGE('',*,*,#2200,.T.);
#2200 = EDGE_CURVE('',#1159,#2201,#2203,.T.);
#2201 = VERTEX_POINT('',#2202);
#2202 = CARTESIAN_POINT('',(11.480345678861,7.705349095084,
    11.528893546254));
#2203 = LINE('',#2204,#2205);
#2204 = CARTESIAN_POINT('',(11.482291238988,8.685049184469,
    11.328434199614));
#2205 = VECTOR('',#2206,1.);
#2206 = DIRECTION('',(-1.945560127085E-03,-0.979700089385,0.20045934664)
  );
#2207 = ORIENTED_EDGE('',*,*,#2208,.T.);
#2208 = EDGE_CURVE('',#2201,#2175,#2209,.T.);
#2209 = B_SPLINE_CURVE_WITH_KNOTS('',2,(#2210,#2211,#2212),
  .UNSPECIFIED.,.F.,.F.,(3,3),(0.,1.),.PIECEWISE_BEZIER_KNOTS.);
#2210 = CARTESIAN_POINT('',(11.480345678861,7.705349095084,
    11.528893546254));
#2211 = CARTESIAN_POINT('',(10.805050428721,7.706507479189,
    11.528000804133));
#2212 = CARTESIAN_POINT('',(10.290144556212,7.660358379895,
    11.297460009642));
#2213 = ORIENTED_EDGE('',*,*,#2174,.F.);
#2214 = SURFACE_OF_LINEAR_EXTRUSION('',#2215,#2219);
#2215 = B_SPLINE_CURVE_WITH_KNOTS('',2,(#2216,#2217,#2218),
  .UNSPECIFIED.,.F.,.F.,(3,3),(0.,1.),.PIECEWISE_BEZIER_KNOTS.);
#2216 = CARTESIAN_POINT('',(11.482291238988,8.685049184469,
    11.328434199614));
#2217 = CARTESIAN_POINT('',(10.806995988848,8.686207568573,
    11.327541457493));
#2218 = CARTESIAN_POINT('',(10.292090116339,8.64005846928,
    11.097000663003));
#2219 = VECTOR('',#2220,1.);
#2220 = DIRECTION('',(1.945560127085E-03,0.979700089385,-0.20045934664)
  );
#2221 = ADVANCED_FACE('',(#2222),#2240,.T.);
#2222 = FACE_BOUND('',#2223,.T.);
#2223 = EDGE_LOOP('',(#2224,#2225,#2233,#2239));
#2224 = ORIENTED_EDGE('',*,*,#1158,.F.);
#2225 = ORIENTED_EDGE('',*,*,#2226,.T.);
#2226 = EDGE_CURVE('',#1144,#2227,#2229,.T.);
#2227 = VERTEX_POINT('',#2228);
#2228 = CARTESIAN_POINT('',(12.499786830514,7.672129767477,
    11.376435730334));
#2229 = LINE('',#2230,#2231);
#2230 = CARTESIAN_POINT('',(12.501732390641,8.651829856862,
    11.175976383695));
#2231 = VECTOR('',#2232,1.);
#2232 = DIRECTION('',(-1.945560127085E-03,-0.979700089385,0.20045934664)
  );
#2233 = ORIENTED_EDGE('',*,*,#2234,.T.);
#2234 = EDGE_CURVE('',#2227,#2201,#2235,.T.);
#2235 = B_SPLINE_CURVE_WITH_KNOTS('',2,(#2236,#2237,#2238),
  .UNSPECIFIED.,.F.,.F.,(3,3),(0.,1.),.PIECEWISE_BEZIER_KNOTS.);
#2236 = CARTESIAN_POINT('',(12.499786830514,7.672129767477,
    11.376435730334));
#2237 = CARTESIAN_POINT('',(12.082051061998,7.704316945145,
    11.529689002374));
#2238 = CARTESIAN_POINT('',(11.480345678861,7.705349095084,
    11.528893546254));
#2239 = ORIENTED_EDGE('',*,*,#2200,.F.);
#2240 = SURFACE_OF_LINEAR_EXTRUSION('',#2241,#2245);
#2241 = B_SPLINE_CURVE_WITH_KNOTS('',2,(#2242,#2243,#2244),
  .UNSPECIFIED.,.F.,.F.,(3,3),(0.,1.),.PIECEWISE_BEZIER_KNOTS.);
#2242 = CARTESIAN_POINT('',(12.501732390641,8.651829856862,
    11.175976383695));
#2243 = CARTESIAN_POINT('',(12.083996622126,8.68401703453,
    11.329229655734));
#2244 = CARTESIAN_POINT('',(11.482291238988,8.685049184469,
    11.328434199614));
#2245 = VECTOR('',#2246,1.);
#2246 = DIRECTION('',(1.945560127085E-03,0.979700089385,-0.20045934664)
  );
#2247 = ADVANCED_FACE('',(#2248),#2266,.T.);
#2248 = FACE_BOUND('',#2249,.T.);
#2249 = EDGE_LOOP('',(#2250,#2251,#2259,#2265));
#2250 = ORIENTED_EDGE('',*,*,#1143,.F.);
#2251 = ORIENTED_EDGE('',*,*,#2252,.T.);
#2252 = EDGE_CURVE('',#1125,#2253,#2255,.T.);
#2253 = VERTEX_POINT('',#2254);
#2254 = CARTESIAN_POINT('',(13.151848083613,7.580359699383,
    10.934258695305));
#2255 = LINE('',#2256,#2257);
#2256 = CARTESIAN_POINT('',(13.15379364374,8.560059788767,
    10.733799348666));
#2257 = VECTOR('',#2258,1.);
#2258 = DIRECTION('',(-1.945560127085E-03,-0.979700089385,0.20045934664)
  );
#2259 = ORIENTED_EDGE('',*,*,#2260,.T.);
#2260 = EDGE_CURVE('',#2253,#2227,#2261,.T.);
#2261 = B_SPLINE_CURVE_WITH_KNOTS('',2,(#2262,#2263,#2264),
  .UNSPECIFIED.,.F.,.F.,(3,3),(0.,1.),.PIECEWISE_BEZIER_KNOTS.);
#2262 = CARTESIAN_POINT('',(13.151848083613,7.580359699383,
    10.934258695305));
#2263 = CARTESIAN_POINT('',(12.917811461278,7.639884243927,
    11.222900109436));
#2264 = CARTESIAN_POINT('',(12.499786830514,7.672129767477,
    11.376435730334));
#2265 = ORIENTED_EDGE('',*,*,#2226,.F.);
#2266 = SURFACE_OF_LINEAR_EXTRUSION('',#2267,#2271);
#2267 = B_SPLINE_CURVE_WITH_KNOTS('',2,(#2268,#2269,#2270),
  .UNSPECIFIED.,.F.,.F.,(3,3),(0.,1.),.PIECEWISE_BEZIER_KNOTS.);
#2268 = CARTESIAN_POINT('',(13.15379364374,8.560059788767,
    10.733799348666));
#2269 = CARTESIAN_POINT('',(12.919757021405,8.619584333312,
    11.022440762796));
#2270 = CARTESIAN_POINT('',(12.501732390641,8.651829856862,
    11.175976383695));
#2271 = VECTOR('',#2272,1.);
#2272 = DIRECTION('',(1.945560127085E-03,0.979700089385,-0.20045934664)
  );
#2273 = ADVANCED_FACE('',(#2274),#2292,.T.);
#2274 = FACE_BOUND('',#2275,.T.);
#2275 = EDGE_LOOP('',(#2276,#2277,#2285,#2291));
#2276 = ORIENTED_EDGE('',*,*,#1124,.F.);
#2277 = ORIENTED_EDGE('',*,*,#2278,.T.);
#2278 = EDGE_CURVE('',#1104,#2279,#2281,.T.);
#2279 = VERTEX_POINT('',#2280);
#2280 = CARTESIAN_POINT('',(13.45749531258,7.451291864799,
    10.306435068589));
#2281 = LINE('',#2282,#2283);
#2282 = CARTESIAN_POINT('',(13.459440872707,8.430991954184,
    10.105975721949));
#2283 = VECTOR('',#2284,1.);
#2284 = DIRECTION('',(-1.945560127085E-03,-0.979700089385,0.20045934664)
  );
#2285 = ORIENTED_EDGE('',*,*,#2286,.T.);
#2286 = EDGE_CURVE('',#2279,#2253,#2287,.T.);
#2287 = B_SPLINE_CURVE_WITH_KNOTS('',2,(#2288,#2289,#2290),
  .UNSPECIFIED.,.F.,.F.,(3,3),(0.,1.),.PIECEWISE_BEZIER_KNOTS.);
#2288 = CARTESIAN_POINT('',(13.45749531258,7.451291864799,
    10.306435068589));
#2289 = CARTESIAN_POINT('',(13.385884705947,7.520835154839,
    10.645617281175));
#2290 = CARTESIAN_POINT('',(13.151848083613,7.580359699383,
    10.934258695305));
#2291 = ORIENTED_EDGE('',*,*,#2252,.F.);
#2292 = SURFACE_OF_LINEAR_EXTRUSION('',#2293,#2297);
#2293 = B_SPLINE_CURVE_WITH_KNOTS('',2,(#2294,#2295,#2296),
  .UNSPECIFIED.,.F.,.F.,(3,3),(0.,1.),.PIECEWISE_BEZIER_KNOTS.);
#2294 = CARTESIAN_POINT('',(13.459440872707,8.430991954184,
    10.105975721949));
#2295 = CARTESIAN_POINT('',(13.387830266074,8.500535244223,
    10.445157934535));
#2296 = CARTESIAN_POINT('',(13.15379364374,8.560059788767,
    10.733799348666));
#2297 = VECTOR('',#2298,1.);
#2298 = DIRECTION('',(1.945560127085E-03,0.979700089385,-0.20045934664)
  );
#2299 = ADVANCED_FACE('',(#2300),#2318,.T.);
#2300 = FACE_BOUND('',#2301,.T.);
#2301 = EDGE_LOOP('',(#2302,#2303,#2311,#2317));
#2302 = ORIENTED_EDGE('',*,*,#1103,.F.);
#2303 = ORIENTED_EDGE('',*,*,#2304,.T.);
#2304 = EDGE_CURVE('',#1094,#2305,#2307,.T.);
#2305 = VERTEX_POINT('',#2306);
#2306 = CARTESIAN_POINT('',(13.530099236863,7.233244955985,
    9.241484372429));
#2307 = LINE('',#2308,#2309);
#2308 = CARTESIAN_POINT('',(13.53204479699,8.212945045369,9.041025025789
    ));
#2309 = VECTOR('',#2310,1.);
#2310 = DIRECTION('',(-1.945560127085E-03,-0.979700089385,0.20045934664)
  );
#2311 = ORIENTED_EDGE('',*,*,#2312,.T.);
#2312 = EDGE_CURVE('',#2305,#2279,#2313,.T.);
#2313 = B_SPLINE_CURVE_WITH_KNOTS('',2,(#2314,#2315,#2316),
  .UNSPECIFIED.,.F.,.F.,(3,3),(0.,1.),.PIECEWISE_BEZIER_KNOTS.);
#2314 = CARTESIAN_POINT('',(13.530099236863,7.233244955985,
    9.241484372429));
#2315 = CARTESIAN_POINT('',(13.529394781462,7.381690228877,
    9.966970507145));
#2316 = CARTESIAN_POINT('',(13.45749531258,7.451291864799,
    10.306435068589));
#2317 = ORIENTED_EDGE('',*,*,#2278,.F.);
#2318 = SURFACE_OF_LINEAR_EXTRUSION('',#2319,#2323);
#2319 = B_SPLINE_CURVE_WITH_KNOTS('',2,(#2320,#2321,#2322),
  .UNSPECIFIED.,.F.,.F.,(3,3),(0.,1.),.PIECEWISE_BEZIER_KNOTS.);
#2320 = CARTESIAN_POINT('',(13.53204479699,8.212945045369,9.041025025789
    ));
#2321 = CARTESIAN_POINT('',(13.531340341589,8.361390318262,
    9.766511160505));
#2322 = CARTESIAN_POINT('',(13.459440872707,8.430991954184,
    10.105975721949));
#2323 = VECTOR('',#2324,1.);
#2324 = DIRECTION('',(1.945560127085E-03,0.979700089385,-0.20045934664)
  );
#2325 = ADVANCED_FACE('',(#2326),#2344,.T.);
#2326 = FACE_BOUND('',#2327,.T.);
#2327 = EDGE_LOOP('',(#2328,#2329,#2337,#2343));
#2328 = ORIENTED_EDGE('',*,*,#1093,.T.);
#2329 = ORIENTED_EDGE('',*,*,#2330,.T.);
#2330 = EDGE_CURVE('',#1067,#2331,#2333,.T.);
#2331 = VERTEX_POINT('',#2332);
#2332 = CARTESIAN_POINT('',(13.53104528258,7.033890937907,8.267195510297
    ));
#2333 = LINE('',#2334,#2335);
#2334 = CARTESIAN_POINT('',(13.532990842707,8.013591027292,
    8.066736163657));
#2335 = VECTOR('',#2336,1.);
#2336 = DIRECTION('',(-1.945560127085E-03,-0.979700089385,0.20045934664)
  );
#2337 = ORIENTED_EDGE('',*,*,#2338,.T.);
#2338 = EDGE_CURVE('',#2331,#2305,#2339,.T.);
#2339 = LINE('',#2340,#2341);
#2340 = CARTESIAN_POINT('',(13.53104528258,7.033890937907,8.267195510297
    ));
#2341 = VECTOR('',#2342,1.);
#2342 = DIRECTION('',(-9.513010912701E-04,0.200461448574,0.979701129254)
  );
#2343 = ORIENTED_EDGE('',*,*,#2304,.F.);
#2344 = PLANE('',#2345);
#2345 = AXIS2_PLACEMENT_3D('',#2346,#2347,#2348);
#2346 = CARTESIAN_POINT('',(13.532990842707,8.013591027292,
    8.066736163657));
#2347 = DIRECTION('',(-0.999997654908,1.715370258324E-03,
    -1.321999565512E-03));
#2348 = DIRECTION('',(-9.513010912701E-04,0.200461448574,0.979701129254)
  );
#2349 = ADVANCED_FACE('',(#2350),#2368,.T.);
#2350 = FACE_BOUND('',#2351,.T.);
#2351 = EDGE_LOOP('',(#2352,#2353,#2361,#2367));
#2352 = ORIENTED_EDGE('',*,*,#1066,.F.);
#2353 = ORIENTED_EDGE('',*,*,#2354,.T.);
#2354 = EDGE_CURVE('',#1044,#2355,#2357,.T.);
#2355 = VERTEX_POINT('',#2356);
#2356 = CARTESIAN_POINT('',(13.162259574118,6.724271977624,
    6.750423042807));
#2357 = LINE('',#2358,#2359);
#2358 = CARTESIAN_POINT('',(13.164205134245,7.703972067009,
    6.549963696168));
#2359 = VECTOR('',#2360,1.);
#2360 = DIRECTION('',(-1.945560127085E-03,-0.979700089385,0.20045934664)
  );
#2361 = ORIENTED_EDGE('',*,*,#2362,.T.);
#2362 = EDGE_CURVE('',#2355,#2331,#2363,.T.);
#2363 = B_SPLINE_CURVE_WITH_KNOTS('',2,(#2364,#2365,#2366),
  .UNSPECIFIED.,.F.,.F.,(3,3),(0.,1.),.PIECEWISE_BEZIER_KNOTS.);
#2364 = CARTESIAN_POINT('',(13.162259574118,6.724271977624,
    6.750423042807));
#2365 = CARTESIAN_POINT('',(13.532134635281,6.804338777799,
    7.145321393948));
#2366 = CARTESIAN_POINT('',(13.53104528258,7.033890937907,8.267195510297
    ));
#2367 = ORIENTED_EDGE('',*,*,#2330,.F.);
#2368 = SURFACE_OF_LINEAR_EXTRUSION('',#2369,#2373);
#2369 = B_SPLINE_CURVE_WITH_KNOTS('',2,(#2370,#2371,#2372),
  .UNSPECIFIED.,.F.,.F.,(3,3),(0.,1.),.PIECEWISE_BEZIER_KNOTS.);
#2370 = CARTESIAN_POINT('',(13.164205134245,7.703972067009,
    6.549963696168));
#2371 = CARTESIAN_POINT('',(13.534080195408,7.784038867183,
    6.944862047308));
#2372 = CARTESIAN_POINT('',(13.532990842707,8.013591027292,
    8.066736163657));
#2373 = VECTOR('',#2374,1.);
#2374 = DIRECTION('',(1.945560127085E-03,0.979700089385,-0.20045934664)
  );
#2375 = ADVANCED_FACE('',(#2376),#2394,.T.);
#2376 = FACE_BOUND('',#2377,.T.);
#2377 = EDGE_LOOP('',(#2378,#2379,#2387,#2393));
#2378 = ORIENTED_EDGE('',*,*,#1043,.F.);
#2379 = ORIENTED_EDGE('',*,*,#2380,.T.);
#2380 = EDGE_CURVE('',#1025,#2381,#2383,.T.);
#2381 = VERTEX_POINT('',#2382);
#2382 = CARTESIAN_POINT('',(12.069760877762,6.645444747448,
    6.354569381295));
#2383 = LINE('',#2384,#2385);
#2384 = CARTESIAN_POINT('',(12.071706437889,7.625144836833,
    6.154110034655));
#2385 = VECTOR('',#2386,1.);
#2386 = DIRECTION('',(-1.945560127085E-03,-0.979700089385,0.20045934664)
  );
#2387 = ORIENTED_EDGE('',*,*,#2388,.T.);
#2388 = EDGE_CURVE('',#2381,#2355,#2389,.T.);
#2389 = B_SPLINE_CURVE_WITH_KNOTS('',2,(#2390,#2391,#2392),
  .UNSPECIFIED.,.F.,.F.,(3,3),(0.,1.),.PIECEWISE_BEZIER_KNOTS.);
#2390 = CARTESIAN_POINT('',(12.069760877762,6.645444747448,
    6.354569381295));
#2391 = CARTESIAN_POINT('',(12.792673100668,6.644204682414,6.35552507318
    ));
#2392 = CARTESIAN_POINT('',(13.162259574118,6.724271977624,
    6.750423042807));
#2393 = ORIENTED_EDGE('',*,*,#2354,.F.);
#2394 = SURFACE_OF_LINEAR_EXTRUSION('',#2395,#2399);
#2395 = B_SPLINE_CURVE_WITH_KNOTS('',2,(#2396,#2397,#2398),
  .UNSPECIFIED.,.F.,.F.,(3,3),(0.,1.),.PIECEWISE_BEZIER_KNOTS.);
#2396 = CARTESIAN_POINT('',(12.071706437889,7.625144836833,
    6.154110034655));
#2397 = CARTESIAN_POINT('',(12.794618660795,7.623904771799,
    6.155065726541));
#2398 = CARTESIAN_POINT('',(13.164205134245,7.703972067009,
    6.549963696168));
#2399 = VECTOR('',#2400,1.);
#2400 = DIRECTION('',(1.945560127085E-03,0.979700089385,-0.20045934664)
  );
#2401 = ADVANCED_FACE('',(#2402),#2420,.T.);
#2402 = FACE_BOUND('',#2403,.T.);
#2403 = EDGE_LOOP('',(#2404,#2405,#2413,#2419));
#2404 = ORIENTED_EDGE('',*,*,#1024,.F.);
#2405 = ORIENTED_EDGE('',*,*,#2406,.T.);
#2406 = EDGE_CURVE('',#1015,#2407,#2409,.T.);
#2407 = VERTEX_POINT('',#2408);
#2408 = CARTESIAN_POINT('',(11.021730377043,6.743563387842,
    6.823930555952));
#2409 = LINE('',#2410,#2411);
#2410 = CARTESIAN_POINT('',(11.02367593717,7.723263477227,6.623471209313
    ));
#2411 = VECTOR('',#2412,1.);
#2412 = DIRECTION('',(-1.945560127085E-03,-0.979700089385,0.20045934664)
  );
#2413 = ORIENTED_EDGE('',*,*,#2414,.T.);
#2414 = EDGE_CURVE('',#2407,#2381,#2415,.T.);
#2415 = B_SPLINE_CURVE_WITH_KNOTS('',2,(#2416,#2417,#2418),
  .UNSPECIFIED.,.F.,.F.,(3,3),(0.,1.),.PIECEWISE_BEZIER_KNOTS.);
#2416 = CARTESIAN_POINT('',(11.021730377043,6.743563387842,
    6.823930555952));
#2417 = CARTESIAN_POINT('',(11.42909615327,6.646543727239,6.353722420821
    ));
#2418 = CARTESIAN_POINT('',(12.069760877762,6.645444747448,
    6.354569381295));
#2419 = ORIENTED_EDGE('',*,*,#2380,.F.);
#2420 = SURFACE_OF_LINEAR_EXTRUSION('',#2421,#2425);
#2421 = B_SPLINE_CURVE_WITH_KNOTS('',2,(#2422,#2423,#2424),
  .UNSPECIFIED.,.F.,.F.,(3,3),(0.,1.),.PIECEWISE_BEZIER_KNOTS.);
#2422 = CARTESIAN_POINT('',(11.02367593717,7.723263477227,6.623471209313
    ));
#2423 = CARTESIAN_POINT('',(11.431041713397,7.626243816624,
    6.153263074182));
#2424 = CARTESIAN_POINT('',(12.071706437889,7.625144836833,
    6.154110034655));
#2425 = VECTOR('',#2426,1.);
#2426 = DIRECTION('',(1.945560127085E-03,0.979700089385,-0.20045934664)
  );
#2427 = ADVANCED_FACE('',(#2428),#2446,.T.);
#2428 = FACE_BOUND('',#2429,.T.);
#2429 = EDGE_LOOP('',(#2430,#2431,#2439,#2445));
#2430 = ORIENTED_EDGE('',*,*,#1014,.T.);
#2431 = ORIENTED_EDGE('',*,*,#2432,.T.);
#2432 = EDGE_CURVE('',#1002,#2433,#2435,.T.);
#2433 = VERTEX_POINT('',#2434);
#2434 = CARTESIAN_POINT('',(11.022872714893,6.502846014301,
    5.647489477795));
#2435 = LINE('',#2436,#2437);
#2436 = CARTESIAN_POINT('',(11.02481827502,7.482546103686,5.447030131155
    ));
#2437 = VECTOR('',#2438,1.);
#2438 = DIRECTION('',(-1.945560127085E-03,-0.979700089385,0.20045934664)
  );
#2439 = ORIENTED_EDGE('',*,*,#2440,.T.);
#2440 = EDGE_CURVE('',#2433,#2407,#2441,.T.);
#2441 = LINE('',#2442,#2443);
#2442 = CARTESIAN_POINT('',(11.022872714893,6.502846014301,
    5.647489477795));
#2443 = VECTOR('',#2444,1.);
#2444 = DIRECTION('',(-9.513010912701E-04,0.200461448574,0.979701129254)
  );
#2445 = ORIENTED_EDGE('',*,*,#2406,.F.);
#2446 = PLANE('',#2447);
#2447 = AXIS2_PLACEMENT_3D('',#2448,#2449,#2450);
#2448 = CARTESIAN_POINT('',(11.02481827502,7.482546103686,5.447030131155
    ));
#2449 = DIRECTION('',(-0.999997654908,1.715370258324E-03,
    -1.321999565512E-03));
#2450 = DIRECTION('',(-9.513010912701E-04,0.200461448574,0.979701129254)
  );
#2451 = ADVANCED_FACE('',(#2452),#2463,.T.);
#2452 = FACE_BOUND('',#2453,.T.);
#2453 = EDGE_LOOP('',(#2454,#2455,#2456,#2462));
#2454 = ORIENTED_EDGE('',*,*,#1001,.F.);
#2455 = ORIENTED_EDGE('',*,*,#1705,.T.);
#2456 = ORIENTED_EDGE('',*,*,#2457,.T.);
#2457 = EDGE_CURVE('',#1698,#2433,#2458,.T.);
#2458 = LINE('',#2459,#2460);
#2459 = CARTESIAN_POINT('',(13.191609383612,6.499125819197,
    5.650356553452));
#2460 = VECTOR('',#2461,1.);
#2461 = DIRECTION('',(-0.999997654908,1.715370258324E-03,
    -1.321999565512E-03));
#2462 = ORIENTED_EDGE('',*,*,#2432,.F.);
#2463 = PLANE('',#2464);
#2464 = AXIS2_PLACEMENT_3D('',#2465,#2466,#2467);
#2465 = CARTESIAN_POINT('',(13.193554943739,7.478825908582,
    5.449897206813));
#2466 = DIRECTION('',(9.513010912701E-04,-0.200461448574,-0.979701129254
    ));
#2467 = DIRECTION('',(-0.999997654908,1.715370258324E-03,
    -1.321999565512E-03));
#2468 = ADVANCED_FACE('',(#2469),#2494,.T.);
#2469 = FACE_BOUND('',#2470,.T.);
#2470 = EDGE_LOOP('',(#2471,#2472,#2480,#2488));
#2471 = ORIENTED_EDGE('',*,*,#1454,.T.);
#2472 = ORIENTED_EDGE('',*,*,#2473,.T.);
#2473 = EDGE_CURVE('',#1457,#2474,#2476,.T.);
#2474 = VERTEX_POINT('',#2475);
#2475 = CARTESIAN_POINT('',(9.003253325816,6.280462550054,4.541038746143
    ));
#2476 = LINE('',#2477,#2478);
#2477 = CARTESIAN_POINT('',(9.005198885943,7.260162639439,4.340579399503
    ));
#2478 = VECTOR('',#2479,1.);
#2479 = DIRECTION('',(-1.945560127085E-03,-0.979700089385,0.20045934664)
  );
#2480 = ORIENTED_EDGE('',*,*,#2481,.T.);
#2481 = EDGE_CURVE('',#2474,#2482,#2484,.T.);
#2482 = VERTEX_POINT('',#2483);
#2483 = CARTESIAN_POINT('',(7.957002039358,6.915834579154,7.636122608863
    ));
#2484 = LINE('',#2485,#2486);
#2485 = CARTESIAN_POINT('',(9.003253325816,6.280462550054,4.541038746143
    ));
#2486 = VECTOR('',#2487,1.);
#2487 = DIRECTION('',(-0.314345761188,0.190897260257,0.929916651345));
#2488 = ORIENTED_EDGE('',*,*,#2489,.F.);
#2489 = EDGE_CURVE('',#1455,#2482,#2490,.T.);
#2490 = LINE('',#2491,#2492);
#2491 = CARTESIAN_POINT('',(7.958947599485,7.895534668538,7.435663262223
    ));
#2492 = VECTOR('',#2493,1.);
#2493 = DIRECTION('',(-1.945560127085E-03,-0.979700089385,0.20045934664)
  );
#2494 = PLANE('',#2495);
#2495 = AXIS2_PLACEMENT_3D('',#2496,#2497,#2498);
#2496 = CARTESIAN_POINT('',(9.005198885943,7.260162639439,4.340579399503
    ));
#2497 = DIRECTION('',(-0.94930656651,-6.120433714837E-02,-0.308335972432
    ));
#2498 = DIRECTION('',(-0.314345761188,0.190897260257,0.929916651345));
#2499 = ADVANCED_FACE('',(#2500),#2518,.T.);
#2500 = FACE_BOUND('',#2501,.T.);
#2501 = EDGE_LOOP('',(#2502,#2503,#2511,#2517));
#2502 = ORIENTED_EDGE('',*,*,#1568,.T.);
#2503 = ORIENTED_EDGE('',*,*,#2504,.T.);
#2504 = EDGE_CURVE('',#1559,#2505,#2507,.T.);
#2505 = VERTEX_POINT('',#2506);
#2506 = CARTESIAN_POINT('',(7.293371121936,6.28339563801,4.538778277311)
  );
#2507 = LINE('',#2508,#2509);
#2508 = CARTESIAN_POINT('',(7.295316682063,7.263095727395,4.338318930671
    ));
#2509 = VECTOR('',#2510,1.);
#2510 = DIRECTION('',(-1.945560127085E-03,-0.979700089385,0.20045934664)
  );
#2511 = ORIENTED_EDGE('',*,*,#2512,.T.);
#2512 = EDGE_CURVE('',#2505,#2474,#2513,.T.);
#2513 = LINE('',#2514,#2515);
#2514 = CARTESIAN_POINT('',(7.293371121936,6.28339563801,4.538778277311)
  );
#2515 = VECTOR('',#2516,1.);
#2516 = DIRECTION('',(0.999997654908,-1.715370258324E-03,
    1.321999565512E-03));
#2517 = ORIENTED_EDGE('',*,*,#2473,.F.);
#2518 = PLANE('',#2519);
#2519 = AXIS2_PLACEMENT_3D('',#2520,#2521,#2522);
#2520 = CARTESIAN_POINT('',(7.295316682063,7.263095727395,4.338318930671
    ));
#2521 = DIRECTION('',(-9.513010912701E-04,0.200461448574,0.979701129254)
  );
#2522 = DIRECTION('',(0.999997654908,-1.715370258324E-03,
    1.321999565512E-03));
#2523 = ADVANCED_FACE('',(#2524),#2542,.T.);
#2524 = FACE_BOUND('',#2525,.T.);
#2525 = EDGE_LOOP('',(#2526,#2527,#2535,#2541));
#2526 = ORIENTED_EDGE('',*,*,#1558,.F.);
#2527 = ORIENTED_EDGE('',*,*,#2528,.T.);
#2528 = EDGE_CURVE('',#1549,#2529,#2531,.T.);
#2529 = VERTEX_POINT('',#2530);
#2530 = CARTESIAN_POINT('',(6.481295372244,6.829970594084,7.202159157636
    ));
#2531 = LINE('',#2532,#2533);
#2532 = CARTESIAN_POINT('',(6.483240932371,7.809670683469,7.001699810997
    ));
#2533 = VECTOR('',#2534,1.);
#2534 = DIRECTION('',(-1.945560127085E-03,-0.979700089385,0.20045934664)
  );
#2535 = ORIENTED_EDGE('',*,*,#2536,.T.);
#2536 = EDGE_CURVE('',#2529,#2505,#2537,.T.);
#2537 = LINE('',#2538,#2539);
#2538 = CARTESIAN_POINT('',(6.481295372244,6.829970594084,7.202159157636
    ));
#2539 = VECTOR('',#2540,1.);
#2540 = DIRECTION('',(0.28618694046,-0.192620718536,-0.938612962781));
#2541 = ORIENTED_EDGE('',*,*,#2504,.F.);
#2542 = PLANE('',#2543);
#2543 = AXIS2_PLACEMENT_3D('',#2544,#2545,#2546);
#2544 = CARTESIAN_POINT('',(6.483240932371,7.809670683469,7.001699810997
    ));
#2545 = DIRECTION('',(0.958171826921,5.554271914629E-02,0.280752126339)
  );
#2546 = DIRECTION('',(0.28618694046,-0.192620718536,-0.938612962781));
#2547 = ADVANCED_FACE('',(#2548),#2566,.T.);
#2548 = FACE_BOUND('',#2549,.T.);
#2549 = EDGE_LOOP('',(#2550,#2551,#2559,#2565));
#2550 = ORIENTED_EDGE('',*,*,#1548,.T.);
#2551 = ORIENTED_EDGE('',*,*,#2552,.T.);
#2552 = EDGE_CURVE('',#1536,#2553,#2555,.T.);
#2553 = VERTEX_POINT('',#2554);
#2554 = CARTESIAN_POINT('',(6.483882584909,6.284784213827,4.537708131307
    ));
#2555 = LINE('',#2556,#2557);
#2556 = CARTESIAN_POINT('',(6.485828145036,7.264484303212,4.337248784667
    ));
#2557 = VECTOR('',#2558,1.);
#2558 = DIRECTION('',(-1.945560127085E-03,-0.979700089385,0.20045934664)
  );
#2559 = ORIENTED_EDGE('',*,*,#2560,.T.);
#2560 = EDGE_CURVE('',#2553,#2529,#2561,.T.);
#2561 = LINE('',#2562,#2563);
#2562 = CARTESIAN_POINT('',(6.483882584909,6.284784213827,4.537708131307
    ));
#2563 = VECTOR('',#2564,1.);
#2564 = DIRECTION('',(-9.513010912701E-04,0.200461448574,0.979701129254)
  );
#2565 = ORIENTED_EDGE('',*,*,#2528,.F.);
#2566 = PLANE('',#2567);
#2567 = AXIS2_PLACEMENT_3D('',#2568,#2569,#2570);
#2568 = CARTESIAN_POINT('',(6.485828145036,7.264484303212,4.337248784667
    ));
#2569 = DIRECTION('',(-0.999997654908,1.715370258324E-03,
    -1.321999565512E-03));
#2570 = DIRECTION('',(-9.513010912701E-04,0.200461448574,0.979701129254)
  );
#2571 = ADVANCED_FACE('',(#2572),#2590,.T.);
#2572 = FACE_BOUND('',#2573,.T.);
#2573 = EDGE_LOOP('',(#2574,#2575,#2583,#2589));
#2574 = ORIENTED_EDGE('',*,*,#1535,.T.);
#2575 = ORIENTED_EDGE('',*,*,#2576,.T.);
#2576 = EDGE_CURVE('',#1526,#2577,#2579,.T.);
#2577 = VERTEX_POINT('',#2578);
#2578 = CARTESIAN_POINT('',(4.661451172672,6.287910365801,4.535298872122
    ));
#2579 = LINE('',#2580,#2581);
#2580 = CARTESIAN_POINT('',(4.663396732799,7.267610455186,4.334839525482
    ));
#2581 = VECTOR('',#2582,1.);
#2582 = DIRECTION('',(-1.945560127085E-03,-0.979700089385,0.20045934664)
  );
#2583 = ORIENTED_EDGE('',*,*,#2584,.T.);
#2584 = EDGE_CURVE('',#2577,#2553,#2585,.T.);
#2585 = LINE('',#2586,#2587);
#2586 = CARTESIAN_POINT('',(4.661451172672,6.287910365801,4.535298872122
    ));
#2587 = VECTOR('',#2588,1.);
#2588 = DIRECTION('',(0.999997654908,-1.715370258324E-03,
    1.321999565512E-03));
#2589 = ORIENTED_EDGE('',*,*,#2552,.F.);
#2590 = PLANE('',#2591);
#2591 = AXIS2_PLACEMENT_3D('',#2592,#2593,#2594);
#2592 = CARTESIAN_POINT('',(4.663396732799,7.267610455186,4.334839525482
    ));
#2593 = DIRECTION('',(-9.513010912701E-04,0.200461448574,0.979701129254)
  );
#2594 = DIRECTION('',(0.999997654908,-1.715370258324E-03,
    1.321999565512E-03));
#2595 = ADVANCED_FACE('',(#2596),#2614,.T.);
#2596 = FACE_BOUND('',#2597,.T.);
#2597 = EDGE_LOOP('',(#2598,#2599,#2607,#2613));
#2598 = ORIENTED_EDGE('',*,*,#1525,.F.);
#2599 = ORIENTED_EDGE('',*,*,#2600,.T.);
#2600 = EDGE_CURVE('',#1513,#2601,#2603,.T.);
#2601 = VERTEX_POINT('',#2602);
#2602 = CARTESIAN_POINT('',(4.654792065033,7.691140505817,
    11.393206776901));
#2603 = LINE('',#2604,#2605);
#2604 = CARTESIAN_POINT('',(4.65673762516,8.670840595202,11.192747430262
    ));
#2605 = VECTOR('',#2606,1.);
#2606 = DIRECTION('',(-1.945560127085E-03,-0.979700089385,0.20045934664)
  );
#2607 = ORIENTED_EDGE('',*,*,#2608,.T.);
#2608 = EDGE_CURVE('',#2601,#2577,#2609,.T.);
#2609 = LINE('',#2610,#2611);
#2610 = CARTESIAN_POINT('',(4.654792065033,7.691140505817,
    11.393206776901));
#2611 = VECTOR('',#2612,1.);
#2612 = DIRECTION('',(9.513010912701E-04,-0.200461448574,-0.979701129254
    ));
#2613 = ORIENTED_EDGE('',*,*,#2576,.F.);
#2614 = PLANE('',#2615);
#2615 = AXIS2_PLACEMENT_3D('',#2616,#2617,#2618);
#2616 = CARTESIAN_POINT('',(4.65673762516,8.670840595202,11.192747430262
    ));
#2617 = DIRECTION('',(0.999997654908,-1.715370258324E-03,
    1.321999565512E-03));
#2618 = DIRECTION('',(9.513010912701E-04,-0.200461448574,-0.979701129254
    ));
#2619 = ADVANCED_FACE('',(#2620),#2638,.T.);
#2620 = FACE_BOUND('',#2621,.T.);
#2621 = EDGE_LOOP('',(#2622,#2623,#2631,#2637));
#2622 = ORIENTED_EDGE('',*,*,#1512,.F.);
#2623 = ORIENTED_EDGE('',*,*,#2624,.T.);
#2624 = EDGE_CURVE('',#1503,#2625,#2627,.T.);
#2625 = VERTEX_POINT('',#2626);
#2626 = CARTESIAN_POINT('',(6.47722347727,7.688014353843,11.395616036087
    ));
#2627 = LINE('',#2628,#2629);
#2628 = CARTESIAN_POINT('',(6.479169037397,8.667714443228,
    11.195156689447));
#2629 = VECTOR('',#2630,1.);
#2630 = DIRECTION('',(-1.945560127085E-03,-0.979700089385,0.20045934664)
  );
#2631 = ORIENTED_EDGE('',*,*,#2632,.T.);
#2632 = EDGE_CURVE('',#2625,#2601,#2633,.T.);
#2633 = LINE('',#2634,#2635);
#2634 = CARTESIAN_POINT('',(6.47722347727,7.688014353843,11.395616036087
    ));
#2635 = VECTOR('',#2636,1.);
#2636 = DIRECTION('',(-0.999997654908,1.715370258324E-03,
    -1.321999565512E-03));
#2637 = ORIENTED_EDGE('',*,*,#2600,.F.);
#2638 = PLANE('',#2639);
#2639 = AXIS2_PLACEMENT_3D('',#2640,#2641,#2642);
#2640 = CARTESIAN_POINT('',(6.479169037397,8.667714443228,
    11.195156689447));
#2641 = DIRECTION('',(9.513010912701E-04,-0.200461448574,-0.979701129254
    ));
#2642 = DIRECTION('',(-0.999997654908,1.715370258324E-03,
    -1.321999565512E-03));
#2643 = ADVANCED_FACE('',(#2644),#2662,.T.);
#2644 = FACE_BOUND('',#2645,.T.);
#2645 = EDGE_LOOP('',(#2646,#2647,#2655,#2661));
#2646 = ORIENTED_EDGE('',*,*,#1502,.T.);
#2647 = ORIENTED_EDGE('',*,*,#2648,.T.);
#2648 = EDGE_CURVE('',#1493,#2649,#2651,.T.);
#2649 = VERTEX_POINT('',#2650);
#2650 = CARTESIAN_POINT('',(6.480078086489,7.086481248802,8.455785627367
    ));
#2651 = LINE('',#2652,#2653);
#2652 = CARTESIAN_POINT('',(6.482023646617,8.066181338187,8.255326280728
    ));
#2653 = VECTOR('',#2654,1.);
#2654 = DIRECTION('',(-1.945560127085E-03,-0.979700089385,0.20045934664)
  );
#2655 = ORIENTED_EDGE('',*,*,#2656,.T.);
#2656 = EDGE_CURVE('',#2649,#2625,#2657,.T.);
#2657 = LINE('',#2658,#2659);
#2658 = CARTESIAN_POINT('',(6.480078086489,7.086481248802,8.455785627367
    ));
#2659 = VECTOR('',#2660,1.);
#2660 = DIRECTION('',(-9.513010912701E-04,0.200461448574,0.979701129254)
  );
#2661 = ORIENTED_EDGE('',*,*,#2624,.F.);
#2662 = PLANE('',#2663);
#2663 = AXIS2_PLACEMENT_3D('',#2664,#2665,#2666);
#2664 = CARTESIAN_POINT('',(6.482023646617,8.066181338187,8.255326280728
    ));
#2665 = DIRECTION('',(-0.999997654908,1.715370258324E-03,
    -1.321999565512E-03));
#2666 = DIRECTION('',(-9.513010912701E-04,0.200461448574,0.979701129254)
  );
#2667 = ADVANCED_FACE('',(#2668),#2686,.T.);
#2668 = FACE_BOUND('',#2669,.T.);
#2669 = EDGE_LOOP('',(#2670,#2671,#2679,#2685));
#2670 = ORIENTED_EDGE('',*,*,#1492,.F.);
#2671 = ORIENTED_EDGE('',*,*,#2672,.T.);
#2672 = EDGE_CURVE('',#1479,#2673,#2675,.T.);
#2673 = VERTEX_POINT('',#2674);
#2674 = CARTESIAN_POINT('',(7.213122147294,7.686752012191,11.39658889609
    ));
#2675 = LINE('',#2676,#2677);
#2676 = CARTESIAN_POINT('',(7.215067707421,8.666452101576,11.19612954945
    ));
#2677 = VECTOR('',#2678,1.);
#2678 = DIRECTION('',(-1.945560127085E-03,-0.979700089385,0.20045934664)
  );
#2679 = ORIENTED_EDGE('',*,*,#2680,.T.);
#2680 = EDGE_CURVE('',#2673,#2649,#2681,.T.);
#2681 = LINE('',#2682,#2683);
#2682 = CARTESIAN_POINT('',(7.213122147294,7.686752012191,11.39658889609
    ));
#2683 = VECTOR('',#2684,1.);
#2684 = DIRECTION('',(-0.237257149689,-0.19428372451,-0.951820823113));
#2685 = ORIENTED_EDGE('',*,*,#2648,.F.);
#2686 = PLANE('',#2687);
#2687 = AXIS2_PLACEMENT_3D('',#2688,#2689,#2690);
#2688 = CARTESIAN_POINT('',(7.215067707421,8.666452101576,11.19612954945
    ));
#2689 = DIRECTION('',(0.97144493396,-4.941223785383E-02,-0.23206286009)
  );
#2690 = DIRECTION('',(-0.237257149689,-0.19428372451,-0.951820823113));
#2691 = ADVANCED_FACE('',(#2692),#2710,.T.);
#2692 = FACE_BOUND('',#2693,.T.);
#2693 = EDGE_LOOP('',(#2694,#2695,#2703,#2709));
#2694 = ORIENTED_EDGE('',*,*,#1478,.F.);
#2695 = ORIENTED_EDGE('',*,*,#2696,.T.);
#2696 = EDGE_CURVE('',#1467,#2697,#2699,.T.);
#2697 = VERTEX_POINT('',#2698);
#2698 = CARTESIAN_POINT('',(9.096156979416,7.68352190267,11.399078273158
    ));
#2699 = LINE('',#2700,#2701);
#2700 = CARTESIAN_POINT('',(9.098102539543,8.663221992055,
    11.198618926518));
#2701 = VECTOR('',#2702,1.);
#2702 = DIRECTION('',(-1.945560127085E-03,-0.979700089385,0.20045934664)
  );
#2703 = ORIENTED_EDGE('',*,*,#2704,.T.);
#2704 = EDGE_CURVE('',#2697,#2673,#2705,.T.);
#2705 = LINE('',#2706,#2707);
#2706 = CARTESIAN_POINT('',(9.096156979416,7.68352190267,11.399078273158
    ));
#2707 = VECTOR('',#2708,1.);
#2708 = DIRECTION('',(-0.999997654908,1.715370258324E-03,
    -1.321999565512E-03));
#2709 = ORIENTED_EDGE('',*,*,#2672,.F.);
#2710 = PLANE('',#2711);
#2711 = AXIS2_PLACEMENT_3D('',#2712,#2713,#2714);
#2712 = CARTESIAN_POINT('',(9.098102539543,8.663221992055,
    11.198618926518));
#2713 = DIRECTION('',(9.513010912701E-04,-0.200461448574,-0.979701129254
    ));
#2714 = DIRECTION('',(-0.999997654908,1.715370258324E-03,
    -1.321999565512E-03));
#2715 = ADVANCED_FACE('',(#2716),#2727,.T.);
#2716 = FACE_BOUND('',#2717,.T.);
#2717 = EDGE_LOOP('',(#2718,#2719,#2720,#2726));
#2718 = ORIENTED_EDGE('',*,*,#1466,.T.);
#2719 = ORIENTED_EDGE('',*,*,#2489,.T.);
#2720 = ORIENTED_EDGE('',*,*,#2721,.T.);
#2721 = EDGE_CURVE('',#2482,#2697,#2722,.T.);
#2722 = LINE('',#2723,#2724);
#2723 = CARTESIAN_POINT('',(7.957002039358,6.915834579154,7.636122608863
    ));
#2724 = VECTOR('',#2725,1.);
#2725 = DIRECTION('',(0.284372672153,0.191641442169,0.939364541047));
#2726 = ORIENTED_EDGE('',*,*,#2696,.F.);
#2727 = PLANE('',#2728);
#2728 = AXIS2_PLACEMENT_3D('',#2729,#2730,#2731);
#2729 = CARTESIAN_POINT('',(7.958947599485,7.895534668538,7.435663262223
    ));
#2730 = DIRECTION('',(-0.958711843115,5.883275025777E-02,0.278227082378)
  );
#2731 = DIRECTION('',(0.284372672153,0.191641442169,0.939364541047));
#2732 = ADVANCED_FACE('',(#2733),#2766,.T.);
#2733 = FACE_BOUND('',#2734,.T.);
#2734 = EDGE_LOOP('',(#2735,#2736,#2737,#2738,#2739,#2740,#2741,#2742,
    #2743,#2744,#2745,#2746,#2747,#2748,#2749,#2750,#2751,#2752,#2753,
    #2754,#2755,#2756,#2757,#2758,#2759,#2760,#2761,#2762,#2763,#2764,
    #2765));
#2735 = ORIENTED_EDGE('',*,*,#1697,.F.);
#2736 = ORIENTED_EDGE('',*,*,#1728,.F.);
#2737 = ORIENTED_EDGE('',*,*,#1752,.F.);
#2738 = ORIENTED_EDGE('',*,*,#1776,.F.);
#2739 = ORIENTED_EDGE('',*,*,#1800,.F.);
#2740 = ORIENTED_EDGE('',*,*,#1826,.F.);
#2741 = ORIENTED_EDGE('',*,*,#1852,.F.);
#2742 = ORIENTED_EDGE('',*,*,#1878,.F.);
#2743 = ORIENTED_EDGE('',*,*,#1904,.F.);
#2744 = ORIENTED_EDGE('',*,*,#1930,.F.);
#2745 = ORIENTED_EDGE('',*,*,#1954,.F.);
#2746 = ORIENTED_EDGE('',*,*,#1980,.F.);
#2747 = ORIENTED_EDGE('',*,*,#2006,.F.);
#2748 = ORIENTED_EDGE('',*,*,#2032,.F.);
#2749 = ORIENTED_EDGE('',*,*,#2058,.F.);
#2750 = ORIENTED_EDGE('',*,*,#2084,.F.);
#2751 = ORIENTED_EDGE('',*,*,#2108,.F.);
#2752 = ORIENTED_EDGE('',*,*,#2132,.F.);
#2753 = ORIENTED_EDGE('',*,*,#2156,.F.);
#2754 = ORIENTED_EDGE('',*,*,#2182,.F.);
#2755 = ORIENTED_EDGE('',*,*,#2208,.F.);
#2756 = ORIENTED_EDGE('',*,*,#2234,.F.);
#2757 = ORIENTED_EDGE('',*,*,#2260,.F.);
#2758 = ORIENTED_EDGE('',*,*,#2286,.F.);
#2759 = ORIENTED_EDGE('',*,*,#2312,.F.);
#2760 = ORIENTED_EDGE('',*,*,#2338,.F.);
#2761 = ORIENTED_EDGE('',*,*,#2362,.F.);
#2762 = ORIENTED_EDGE('',*,*,#2388,.F.);
#2763 = ORIENTED_EDGE('',*,*,#2414,.F.);
#2764 = ORIENTED_EDGE('',*,*,#2440,.F.);
#2765 = ORIENTED_EDGE('',*,*,#2457,.F.);
#2766 = PLANE('',#2767);
#2767 = AXIS2_PLACEMENT_3D('',#2768,#2769,#2770);
#2768 = CARTESIAN_POINT('',(11.361709787157,6.953389753742,
    7.852709524199));
#2769 = DIRECTION('',(1.945560127085E-03,0.979700089385,-0.20045934664)
  );
#2770 = DIRECTION('',(0.999997654908,-1.715370258324E-03,
    1.321999565512E-03));
#2771 = ADVANCED_FACE('',(#2772),#2785,.T.);
#2772 = FACE_BOUND('',#2773,.T.);
#2773 = EDGE_LOOP('',(#2774,#2775,#2776,#2777,#2778,#2779,#2780,#2781,
    #2782,#2783,#2784));
#2774 = ORIENTED_EDGE('',*,*,#2481,.F.);
#2775 = ORIENTED_EDGE('',*,*,#2512,.F.);
#2776 = ORIENTED_EDGE('',*,*,#2536,.F.);
#2777 = ORIENTED_EDGE('',*,*,#2560,.F.);
#2778 = ORIENTED_EDGE('',*,*,#2584,.F.);
#2779 = ORIENTED_EDGE('',*,*,#2608,.F.);
#2780 = ORIENTED_EDGE('',*,*,#2632,.F.);
#2781 = ORIENTED_EDGE('',*,*,#2656,.F.);
#2782 = ORIENTED_EDGE('',*,*,#2680,.F.);
#2783 = ORIENTED_EDGE('',*,*,#2704,.F.);
#2784 = ORIENTED_EDGE('',*,*,#2721,.F.);
#2785 = PLANE('',#2786);
#2786 = AXIS2_PLACEMENT_3D('',#2787,#2788,#2789);
#2787 = CARTESIAN_POINT('',(6.69314357708,6.991056768796,7.991487796271)
  );
#2788 = DIRECTION('',(1.945560127085E-03,0.979700089385,-0.20045934664)
  );
#2789 = DIRECTION('',(0.999997654908,-1.715370258324E-03,
    1.321999565512E-03));
#2790 = ADVANCED_FACE('',(#2791),#2819,.T.);
#2791 = FACE_BOUND('',#2792,.T.);
#2792 = EDGE_LOOP('',(#2793,#2794,#2801,#2810,#2817,#2818));
#2793 = ORIENTED_EDGE('',*,*,#60,.F.);
#2794 = ORIENTED_EDGE('',*,*,#2795,.T.);
#2795 = EDGE_CURVE('',#24,#2796,#2798,.T.);
#2796 = VERTEX_POINT('',#2797);
#2797 = CARTESIAN_POINT('',(9.,0.,6.252832774127));
#2798 = B_SPLINE_CURVE_WITH_KNOTS('',1,(#2799,#2800),.UNSPECIFIED.,.F.,
  .F.,(2,2),(3.83616915466,9.748860742939),.PIECEWISE_BEZIER_KNOTS.);
#2799 = CARTESIAN_POINT('',(9.,5.912691588279,6.252832774127));
#2800 = CARTESIAN_POINT('',(9.,0.,6.252832774127));
#2801 = ORIENTED_EDGE('',*,*,#2802,.F.);
#2802 = EDGE_CURVE('',#2803,#2796,#2805,.T.);
#2803 = VERTEX_POINT('',#2804);
#2804 = CARTESIAN_POINT('',(9.,0.,11.672832774127));
#2805 = CIRCLE('',#2806,2.71);
#2806 = AXIS2_PLACEMENT_3D('',#2807,#2808,#2809);
#2807 = CARTESIAN_POINT('',(9.,0.,8.962832774127));
#2808 = DIRECTION('',(0.,-1.,0.));
#2809 = DIRECTION('',(0.,0.,-1.));
#2810 = ORIENTED_EDGE('',*,*,#2811,.F.);
#2811 = EDGE_CURVE('',#2796,#2803,#2812,.T.);
#2812 = CIRCLE('',#2813,2.71);
#2813 = AXIS2_PLACEMENT_3D('',#2814,#2815,#2816);
#2814 = CARTESIAN_POINT('',(9.,0.,8.962832774127));
#2815 = DIRECTION('',(0.,-1.,0.));
#2816 = DIRECTION('',(0.,0.,-1.));
#2817 = ORIENTED_EDGE('',*,*,#2795,.F.);
#2818 = ORIENTED_EDGE('',*,*,#21,.F.);
#2819 = CYLINDRICAL_SURFACE('',#2820,2.71);
#2820 = AXIS2_PLACEMENT_3D('',#2821,#2822,#2823);
#2821 = CARTESIAN_POINT('',(9.,9.748860742939,8.962832774127));
#2822 = DIRECTION('',(0.,-1.,0.));
#2823 = DIRECTION('',(0.,0.,-1.));
#2824 = ADVANCED_FACE('',(#2825,#2923),#2927,.T.);
#2825 = FACE_BOUND('',#2826,.T.);
#2826 = EDGE_LOOP('',(#2827,#2837,#2845,#2853,#2861,#2869,#2877,#2885,
    #2893,#2901,#2909,#2917));
#2827 = ORIENTED_EDGE('',*,*,#2828,.F.);
#2828 = EDGE_CURVE('',#2829,#2831,#2833,.T.);
#2829 = VERTEX_POINT('',#2830);
#2830 = CARTESIAN_POINT('',(11.5,0.,9.562832774127));
#2831 = VERTEX_POINT('',#2832);
#2832 = CARTESIAN_POINT('',(9.6,0.,9.562832774127));
#2833 = LINE('',#2834,#2835);
#2834 = CARTESIAN_POINT('',(9.6,0.,9.562832774127));
#2835 = VECTOR('',#2836,1.);
#2836 = DIRECTION('',(-1.,-0.,-0.));
#2837 = ORIENTED_EDGE('',*,*,#2838,.T.);
#2838 = EDGE_CURVE('',#2829,#2839,#2841,.T.);
#2839 = VERTEX_POINT('',#2840);
#2840 = CARTESIAN_POINT('',(11.5,0.,8.362832774127));
#2841 = LINE('',#2842,#2843);
#2842 = CARTESIAN_POINT('',(11.5,0.,8.362832774127));
#2843 = VECTOR('',#2844,1.);
#2844 = DIRECTION('',(0.,0.,-1.));
#2845 = ORIENTED_EDGE('',*,*,#2846,.F.);
#2846 = EDGE_CURVE('',#2847,#2839,#2849,.T.);
#2847 = VERTEX_POINT('',#2848);
#2848 = CARTESIAN_POINT('',(9.6,0.,8.362832774127));
#2849 = LINE('',#2850,#2851);
#2850 = CARTESIAN_POINT('',(9.6,0.,8.362832774127));
#2851 = VECTOR('',#2852,1.);
#2852 = DIRECTION('',(1.,0.,0.));
#2853 = ORIENTED_EDGE('',*,*,#2854,.F.);
#2854 = EDGE_CURVE('',#2855,#2847,#2857,.T.);
#2855 = VERTEX_POINT('',#2856);
#2856 = CARTESIAN_POINT('',(9.6,0.,6.462832774127));
#2857 = LINE('',#2858,#2859);
#2858 = CARTESIAN_POINT('',(9.6,0.,6.962832774127));
#2859 = VECTOR('',#2860,1.);
#2860 = DIRECTION('',(0.,0.,1.));
#2861 = ORIENTED_EDGE('',*,*,#2862,.T.);
#2862 = EDGE_CURVE('',#2855,#2863,#2865,.T.);
#2863 = VERTEX_POINT('',#2864);
#2864 = CARTESIAN_POINT('',(8.4,0.,6.462832774127));
#2865 = LINE('',#2866,#2867);
#2866 = CARTESIAN_POINT('',(8.4,0.,6.462832774127));
#2867 = VECTOR('',#2868,1.);
#2868 = DIRECTION('',(-1.,0.,0.));
#2869 = ORIENTED_EDGE('',*,*,#2870,.F.);
#2870 = EDGE_CURVE('',#2871,#2863,#2873,.T.);
#2871 = VERTEX_POINT('',#2872);
#2872 = CARTESIAN_POINT('',(8.4,0.,8.362832774127));
#2873 = LINE('',#2874,#2875);
#2874 = CARTESIAN_POINT('',(8.4,0.,6.962832774127));
#2875 = VECTOR('',#2876,1.);
#2876 = DIRECTION('',(-0.,-0.,-1.));
#2877 = ORIENTED_EDGE('',*,*,#2878,.F.);
#2878 = EDGE_CURVE('',#2879,#2871,#2881,.T.);
#2879 = VERTEX_POINT('',#2880);
#2880 = CARTESIAN_POINT('',(6.5,0.,8.362832774127));
#2881 = LINE('',#2882,#2883);
#2882 = CARTESIAN_POINT('',(7.,0.,8.362832774127));
#2883 = VECTOR('',#2884,1.);
#2884 = DIRECTION('',(1.,0.,0.));
#2885 = ORIENTED_EDGE('',*,*,#2886,.T.);
#2886 = EDGE_CURVE('',#2879,#2887,#2889,.T.);
#2887 = VERTEX_POINT('',#2888);
#2888 = CARTESIAN_POINT('',(6.5,0.,9.562832774127));
#2889 = LINE('',#2890,#2891);
#2890 = CARTESIAN_POINT('',(6.5,0.,9.562832774127));
#2891 = VECTOR('',#2892,1.);
#2892 = DIRECTION('',(0.,0.,1.));
#2893 = ORIENTED_EDGE('',*,*,#2894,.F.);
#2894 = EDGE_CURVE('',#2895,#2887,#2897,.T.);
#2895 = VERTEX_POINT('',#2896);
#2896 = CARTESIAN_POINT('',(8.4,0.,9.562832774127));
#2897 = LINE('',#2898,#2899);
#2898 = CARTESIAN_POINT('',(7.,0.,9.562832774127));
#2899 = VECTOR('',#2900,1.);
#2900 = DIRECTION('',(-1.,-0.,-0.));
#2901 = ORIENTED_EDGE('',*,*,#2902,.F.);
#2902 = EDGE_CURVE('',#2903,#2895,#2905,.T.);
#2903 = VERTEX_POINT('',#2904);
#2904 = CARTESIAN_POINT('',(8.4,0.,11.462832774127));
#2905 = LINE('',#2906,#2907);
#2906 = CARTESIAN_POINT('',(8.4,0.,9.562832774127));
#2907 = VECTOR('',#2908,1.);
#2908 = DIRECTION('',(-0.,-0.,-1.));
#2909 = ORIENTED_EDGE('',*,*,#2910,.T.);
#2910 = EDGE_CURVE('',#2903,#2911,#2913,.T.);
#2911 = VERTEX_POINT('',#2912);
#2912 = CARTESIAN_POINT('',(9.6,0.,11.462832774127));
#2913 = LINE('',#2914,#2915);
#2914 = CARTESIAN_POINT('',(9.6,0.,11.462832774127));
#2915 = VECTOR('',#2916,1.);
#2916 = DIRECTION('',(1.,0.,0.));
#2917 = ORIENTED_EDGE('',*,*,#2918,.F.);
#2918 = EDGE_CURVE('',#2831,#2911,#2919,.T.);
#2919 = LINE('',#2920,#2921);
#2920 = CARTESIAN_POINT('',(9.6,0.,9.562832774127));
#2921 = VECTOR('',#2922,1.);
#2922 = DIRECTION('',(0.,0.,1.));
#2923 = FACE_BOUND('',#2924,.T.);
#2924 = EDGE_LOOP('',(#2925,#2926));
#2925 = ORIENTED_EDGE('',*,*,#2811,.T.);
#2926 = ORIENTED_EDGE('',*,*,#2802,.T.);
#2927 = PLANE('',#2928);
#2928 = AXIS2_PLACEMENT_3D('',#2929,#2930,#2931);
#2929 = CARTESIAN_POINT('',(9.,0.,8.962832774127));
#2930 = DIRECTION('',(0.,-1.,0.));
#2931 = DIRECTION('',(0.,0.,-1.));
#2932 = ADVANCED_FACE('',(#2933),#2967,.F.);
#2933 = FACE_BOUND('',#2934,.T.);
#2934 = EDGE_LOOP('',(#2935,#2943,#2952,#2960,#2966));
#2935 = ORIENTED_EDGE('',*,*,#2936,.F.);
#2936 = EDGE_CURVE('',#2937,#2831,#2939,.T.);
#2937 = VERTEX_POINT('',#2938);
#2938 = CARTESIAN_POINT('',(9.6,6.59411588823,9.562832774127));
#2939 = LINE('',#2940,#2941);
#2940 = CARTESIAN_POINT('',(9.6,9.748860742939,9.562832774127));
#2941 = VECTOR('',#2942,1.);
#2942 = DIRECTION('',(0.,-1.,0.));
#2943 = ORIENTED_EDGE('',*,*,#2944,.T.);
#2944 = EDGE_CURVE('',#2937,#2945,#2947,.T.);
#2945 = VERTEX_POINT('',#2946);
#2946 = CARTESIAN_POINT('',(11.,6.655215433949,9.562832774127));
#2947 = B_SPLINE_CURVE_WITH_KNOTS('',3,(#2948,#2949,#2950,#2951),
  .UNSPECIFIED.,.F.,.F.,(4,4),(0.,1.401332635204E-03),
  .PIECEWISE_BEZIER_KNOTS.);
#2948 = CARTESIAN_POINT('',(9.6,6.59411588823,9.562832774127));
#2949 = CARTESIAN_POINT('',(10.067143926749,6.603546739251,
    9.562832774127));
#2950 = CARTESIAN_POINT('',(10.533809174986,6.623945755589,
    9.562832774127));
#2951 = CARTESIAN_POINT('',(11.,6.655215433949,9.562832774127));
#2952 = ORIENTED_EDGE('',*,*,#2953,.T.);
#2953 = EDGE_CURVE('',#2945,#2954,#2956,.T.);
#2954 = VERTEX_POINT('',#2955);
#2955 = CARTESIAN_POINT('',(11.,0.5,9.562832774127));
#2956 = LINE('',#2957,#2958);
#2957 = CARTESIAN_POINT('',(11.,9.748860742939,9.562832774127));
#2958 = VECTOR('',#2959,1.);
#2959 = DIRECTION('',(0.,-1.,0.));
#2960 = ORIENTED_EDGE('',*,*,#2961,.T.);
#2961 = EDGE_CURVE('',#2954,#2829,#2962,.T.);
#2962 = LINE('',#2963,#2964);
#2963 = CARTESIAN_POINT('',(5.67556962853,5.82443037147,9.562832774127)
  );
#2964 = VECTOR('',#2965,1.);
#2965 = DIRECTION('',(0.707106781187,-0.707106781187,0.));
#2966 = ORIENTED_EDGE('',*,*,#2828,.T.);
#2967 = PLANE('',#2968);
#2968 = AXIS2_PLACEMENT_3D('',#2969,#2970,#2971);
#2969 = CARTESIAN_POINT('',(9.6,9.748860742939,9.562832774127));
#2970 = DIRECTION('',(0.,0.,1.));
#2971 = DIRECTION('',(1.,0.,0.));
#2972 = ADVANCED_FACE('',(#2973),#2991,.T.);
#2973 = FACE_BOUND('',#2974,.T.);
#2974 = EDGE_LOOP('',(#2975,#2983,#2984,#2985));
#2975 = ORIENTED_EDGE('',*,*,#2976,.F.);
#2976 = EDGE_CURVE('',#2839,#2977,#2979,.T.);
#2977 = VERTEX_POINT('',#2978);
#2978 = CARTESIAN_POINT('',(11.,0.5,8.362832774127));
#2979 = LINE('',#2980,#2981);
#2980 = CARTESIAN_POINT('',(5.67556962853,5.82443037147,8.362832774127)
  );
#2981 = VECTOR('',#2982,1.);
#2982 = DIRECTION('',(-0.707106781187,0.707106781187,0.));
#2983 = ORIENTED_EDGE('',*,*,#2838,.F.);
#2984 = ORIENTED_EDGE('',*,*,#2961,.F.);
#2985 = ORIENTED_EDGE('',*,*,#2986,.F.);
#2986 = EDGE_CURVE('',#2977,#2954,#2987,.T.);
#2987 = LINE('',#2988,#2989);
#2988 = CARTESIAN_POINT('',(11.,0.5,9.562832774127));
#2989 = VECTOR('',#2990,1.);
#2990 = DIRECTION('',(0.,0.,1.));
#2991 = PLANE('',#2992);
#2992 = AXIS2_PLACEMENT_3D('',#2993,#2994,#2995);
#2993 = CARTESIAN_POINT('',(11.,0.5,8.362832774127));
#2994 = DIRECTION('',(-0.707106781187,-0.707106781187,-0.));
#2995 = DIRECTION('',(0.,0.,-1.));
#2996 = ADVANCED_FACE('',(#2997),#3024,.F.);
#2997 = FACE_BOUND('',#2998,.T.);
#2998 = EDGE_LOOP('',(#2999,#3007,#3016,#3022,#3023));
#2999 = ORIENTED_EDGE('',*,*,#3000,.F.);
#3000 = EDGE_CURVE('',#3001,#2977,#3003,.T.);
#3001 = VERTEX_POINT('',#3002);
#3002 = CARTESIAN_POINT('',(11.,6.41042069933,8.362832774127));
#3003 = LINE('',#3004,#3005);
#3004 = CARTESIAN_POINT('',(11.,9.748860742939,8.362832774127));
#3005 = VECTOR('',#3006,1.);
#3006 = DIRECTION('',(0.,-1.,0.));
#3007 = ORIENTED_EDGE('',*,*,#3008,.T.);
#3008 = EDGE_CURVE('',#3001,#3009,#3011,.T.);
#3009 = VERTEX_POINT('',#3010);
#3010 = CARTESIAN_POINT('',(9.6,6.349275905446,8.362832774127));
#3011 = B_SPLINE_CURVE_WITH_KNOTS('',3,(#3012,#3013,#3014,#3015),
  .UNSPECIFIED.,.F.,.F.,(4,4),(0.,1.401334608799E-03),
  .PIECEWISE_BEZIER_KNOTS.);
#3012 = CARTESIAN_POINT('',(11.,6.41042069933,8.362832774127));
#3013 = CARTESIAN_POINT('',(10.533809873434,6.379128014784,
    8.362832774127));
#3014 = CARTESIAN_POINT('',(10.067144629719,6.358713836248,
    8.362832774127));
#3015 = CARTESIAN_POINT('',(9.6,6.349275905446,8.362832774127));
#3016 = ORIENTED_EDGE('',*,*,#3017,.T.);
#3017 = EDGE_CURVE('',#3009,#2847,#3018,.T.);
#3018 = LINE('',#3019,#3020);
#3019 = CARTESIAN_POINT('',(9.6,9.748860742939,8.362832774127));
#3020 = VECTOR('',#3021,1.);
#3021 = DIRECTION('',(0.,-1.,0.));
#3022 = ORIENTED_EDGE('',*,*,#2846,.T.);
#3023 = ORIENTED_EDGE('',*,*,#2976,.T.);
#3024 = PLANE('',#3025);
#3025 = AXIS2_PLACEMENT_3D('',#3026,#3027,#3028);
#3026 = CARTESIAN_POINT('',(9.6,9.748860742939,8.362832774127));
#3027 = DIRECTION('',(0.,0.,-1.));
#3028 = DIRECTION('',(-1.,0.,0.));
#3029 = ADVANCED_FACE('',(#3030),#3057,.F.);
#3030 = FACE_BOUND('',#3031,.T.);
#3031 = EDGE_LOOP('',(#3032,#3033,#3042,#3050,#3056));
#3032 = ORIENTED_EDGE('',*,*,#3017,.F.);
#3033 = ORIENTED_EDGE('',*,*,#3034,.T.);
#3034 = EDGE_CURVE('',#3009,#3035,#3037,.T.);
#3035 = VERTEX_POINT('',#3036);
#3036 = CARTESIAN_POINT('',(9.6,6.063629257149,6.962832774127));
#3037 = B_SPLINE_CURVE_WITH_KNOTS('',3,(#3038,#3039,#3040,#3041),
  .UNSPECIFIED.,.F.,.F.,(4,4),(0.,1.42884359105E-03),
  .PIECEWISE_BEZIER_KNOTS.);
#3038 = CARTESIAN_POINT('',(9.6,6.349275905446,8.362832774127));
#3039 = CARTESIAN_POINT('',(9.6,6.254060356309,7.8961661074));
#3040 = CARTESIAN_POINT('',(9.6,6.158844806876,7.429499440733));
#3041 = CARTESIAN_POINT('',(9.6,6.063629257149,6.962832774127));
#3042 = ORIENTED_EDGE('',*,*,#3043,.T.);
#3043 = EDGE_CURVE('',#3035,#3044,#3046,.T.);
#3044 = VERTEX_POINT('',#3045);
#3045 = CARTESIAN_POINT('',(9.6,0.5,6.962832774127));
#3046 = LINE('',#3047,#3048);
#3047 = CARTESIAN_POINT('',(9.6,9.748860742939,6.962832774127));
#3048 = VECTOR('',#3049,1.);
#3049 = DIRECTION('',(0.,-1.,0.));
#3050 = ORIENTED_EDGE('',*,*,#3051,.T.);
#3051 = EDGE_CURVE('',#3044,#2855,#3052,.T.);
#3052 = LINE('',#3053,#3054);
#3053 = CARTESIAN_POINT('',(9.6,5.12443037147,11.587263145596));
#3054 = VECTOR('',#3055,1.);
#3055 = DIRECTION('',(0.,-0.707106781187,-0.707106781187));
#3056 = ORIENTED_EDGE('',*,*,#2854,.T.);
#3057 = PLANE('',#3058);
#3058 = AXIS2_PLACEMENT_3D('',#3059,#3060,#3061);
#3059 = CARTESIAN_POINT('',(9.6,9.748860742939,6.962832774127));
#3060 = DIRECTION('',(1.,0.,0.));
#3061 = DIRECTION('',(0.,0.,-1.));
#3062 = ADVANCED_FACE('',(#3063),#3081,.T.);
#3063 = FACE_BOUND('',#3064,.T.);
#3064 = EDGE_LOOP('',(#3065,#3073,#3074,#3075));
#3065 = ORIENTED_EDGE('',*,*,#3066,.F.);
#3066 = EDGE_CURVE('',#2863,#3067,#3069,.T.);
#3067 = VERTEX_POINT('',#3068);
#3068 = CARTESIAN_POINT('',(8.4,0.5,6.962832774127));
#3069 = LINE('',#3070,#3071);
#3070 = CARTESIAN_POINT('',(8.4,5.12443037147,11.587263145596));
#3071 = VECTOR('',#3072,1.);
#3072 = DIRECTION('',(0.,0.707106781187,0.707106781187));
#3073 = ORIENTED_EDGE('',*,*,#2862,.F.);
#3074 = ORIENTED_EDGE('',*,*,#3051,.F.);
#3075 = ORIENTED_EDGE('',*,*,#3076,.F.);
#3076 = EDGE_CURVE('',#3067,#3044,#3077,.T.);
#3077 = LINE('',#3078,#3079);
#3078 = CARTESIAN_POINT('',(9.6,0.5,6.962832774127));
#3079 = VECTOR('',#3080,1.);
#3080 = DIRECTION('',(1.,0.,0.));
#3081 = PLANE('',#3082);
#3082 = AXIS2_PLACEMENT_3D('',#3083,#3084,#3085);
#3083 = CARTESIAN_POINT('',(8.4,0.5,6.962832774127));
#3084 = DIRECTION('',(0.,-0.707106781187,0.707106781187));
#3085 = DIRECTION('',(-1.,0.,0.));
#3086 = ADVANCED_FACE('',(#3087),#3114,.F.);
#3087 = FACE_BOUND('',#3088,.T.);
#3088 = EDGE_LOOP('',(#3089,#3097,#3106,#3112,#3113));
#3089 = ORIENTED_EDGE('',*,*,#3090,.F.);
#3090 = EDGE_CURVE('',#3091,#3067,#3093,.T.);
#3091 = VERTEX_POINT('',#3092);
#3092 = CARTESIAN_POINT('',(8.4,6.063629257149,6.962832774127));
#3093 = LINE('',#3094,#3095);
#3094 = CARTESIAN_POINT('',(8.4,9.748860742939,6.962832774127));
#3095 = VECTOR('',#3096,1.);
#3096 = DIRECTION('',(0.,-1.,0.));
#3097 = ORIENTED_EDGE('',*,*,#3098,.T.);
#3098 = EDGE_CURVE('',#3091,#3099,#3101,.T.);
#3099 = VERTEX_POINT('',#3100);
#3100 = CARTESIAN_POINT('',(8.4,6.349275905446,8.362832774127));
#3101 = B_SPLINE_CURVE_WITH_KNOTS('',3,(#3102,#3103,#3104,#3105),
  .UNSPECIFIED.,.F.,.F.,(4,4),(0.,1.42884359105E-03),
  .PIECEWISE_BEZIER_KNOTS.);
#3102 = CARTESIAN_POINT('',(8.4,6.063629257149,6.962832774127));
#3103 = CARTESIAN_POINT('',(8.4,6.158844806876,7.429499440733));
#3104 = CARTESIAN_POINT('',(8.4,6.254060356309,7.8961661074));
#3105 = CARTESIAN_POINT('',(8.4,6.349275905446,8.362832774127));
#3106 = ORIENTED_EDGE('',*,*,#3107,.T.);
#3107 = EDGE_CURVE('',#3099,#2871,#3108,.T.);
#3108 = LINE('',#3109,#3110);
#3109 = CARTESIAN_POINT('',(8.4,9.748860742939,8.362832774127));
#3110 = VECTOR('',#3111,1.);
#3111 = DIRECTION('',(0.,-1.,0.));
#3112 = ORIENTED_EDGE('',*,*,#2870,.T.);
#3113 = ORIENTED_EDGE('',*,*,#3066,.T.);
#3114 = PLANE('',#3115);
#3115 = AXIS2_PLACEMENT_3D('',#3116,#3117,#3118);
#3116 = CARTESIAN_POINT('',(8.4,9.748860742939,6.962832774127));
#3117 = DIRECTION('',(-1.,0.,0.));
#3118 = DIRECTION('',(0.,0.,1.));
#3119 = ADVANCED_FACE('',(#3120),#3147,.F.);
#3120 = FACE_BOUND('',#3121,.T.);
#3121 = EDGE_LOOP('',(#3122,#3123,#3132,#3140,#3146));
#3122 = ORIENTED_EDGE('',*,*,#3107,.F.);
#3123 = ORIENTED_EDGE('',*,*,#3124,.T.);
#3124 = EDGE_CURVE('',#3099,#3125,#3127,.T.);
#3125 = VERTEX_POINT('',#3126);
#3126 = CARTESIAN_POINT('',(7.,6.41042069933,8.362832774127));
#3127 = B_SPLINE_CURVE_WITH_KNOTS('',3,(#3128,#3129,#3130,#3131),
  .UNSPECIFIED.,.F.,.F.,(4,4),(0.,1.401334608799E-03),
  .PIECEWISE_BEZIER_KNOTS.);
#3128 = CARTESIAN_POINT('',(8.4,6.349275905446,8.362832774127));
#3129 = CARTESIAN_POINT('',(7.932855370281,6.358713836248,8.362832774127
    ));
#3130 = CARTESIAN_POINT('',(7.466190126566,6.379128014784,8.362832774127
    ));
#3131 = CARTESIAN_POINT('',(7.,6.41042069933,8.362832774127));
#3132 = ORIENTED_EDGE('',*,*,#3133,.T.);
#3133 = EDGE_CURVE('',#3125,#3134,#3136,.T.);
#3134 = VERTEX_POINT('',#3135);
#3135 = CARTESIAN_POINT('',(7.,0.5,8.362832774127));
#3136 = LINE('',#3137,#3138);
#3137 = CARTESIAN_POINT('',(7.,9.748860742939,8.362832774127));
#3138 = VECTOR('',#3139,1.);
#3139 = DIRECTION('',(0.,-1.,0.));
#3140 = ORIENTED_EDGE('',*,*,#3141,.T.);
#3141 = EDGE_CURVE('',#3134,#2879,#3142,.T.);
#3142 = LINE('',#3143,#3144);
#3143 = CARTESIAN_POINT('',(11.62443037147,5.12443037147,8.362832774127)
  );
#3144 = VECTOR('',#3145,1.);
#3145 = DIRECTION('',(-0.707106781187,-0.707106781187,0.));
#3146 = ORIENTED_EDGE('',*,*,#2878,.T.);
#3147 = PLANE('',#3148);
#3148 = AXIS2_PLACEMENT_3D('',#3149,#3150,#3151);
#3149 = CARTESIAN_POINT('',(7.,9.748860742939,8.362832774127));
#3150 = DIRECTION('',(0.,0.,-1.));
#3151 = DIRECTION('',(-1.,0.,0.));
#3152 = ADVANCED_FACE('',(#3153),#3171,.T.);
#3153 = FACE_BOUND('',#3154,.T.);
#3154 = EDGE_LOOP('',(#3155,#3163,#3164,#3165));
#3155 = ORIENTED_EDGE('',*,*,#3156,.F.);
#3156 = EDGE_CURVE('',#2887,#3157,#3159,.T.);
#3157 = VERTEX_POINT('',#3158);
#3158 = CARTESIAN_POINT('',(7.,0.5,9.562832774127));
#3159 = LINE('',#3160,#3161);
#3160 = CARTESIAN_POINT('',(11.62443037147,5.12443037147,9.562832774127)
  );
#3161 = VECTOR('',#3162,1.);
#3162 = DIRECTION('',(0.707106781187,0.707106781187,0.));
#3163 = ORIENTED_EDGE('',*,*,#2886,.F.);
#3164 = ORIENTED_EDGE('',*,*,#3141,.F.);
#3165 = ORIENTED_EDGE('',*,*,#3166,.F.);
#3166 = EDGE_CURVE('',#3157,#3134,#3167,.T.);
#3167 = LINE('',#3168,#3169);
#3168 = CARTESIAN_POINT('',(7.,0.5,8.362832774127));
#3169 = VECTOR('',#3170,1.);
#3170 = DIRECTION('',(0.,0.,-1.));
#3171 = PLANE('',#3172);
#3172 = AXIS2_PLACEMENT_3D('',#3173,#3174,#3175);
#3173 = CARTESIAN_POINT('',(7.,0.5,8.362832774127));
#3174 = DIRECTION('',(0.707106781187,-0.707106781187,0.));
#3175 = DIRECTION('',(0.,0.,1.));
#3176 = ADVANCED_FACE('',(#3177),#3204,.F.);
#3177 = FACE_BOUND('',#3178,.T.);
#3178 = EDGE_LOOP('',(#3179,#3187,#3196,#3202,#3203));
#3179 = ORIENTED_EDGE('',*,*,#3180,.F.);
#3180 = EDGE_CURVE('',#3181,#3157,#3183,.T.);
#3181 = VERTEX_POINT('',#3182);
#3182 = CARTESIAN_POINT('',(7.,6.655215433949,9.562832774127));
#3183 = LINE('',#3184,#3185);
#3184 = CARTESIAN_POINT('',(7.,9.748860742939,9.562832774127));
#3185 = VECTOR('',#3186,1.);
#3186 = DIRECTION('',(0.,-1.,0.));
#3187 = ORIENTED_EDGE('',*,*,#3188,.T.);
#3188 = EDGE_CURVE('',#3181,#3189,#3191,.T.);
#3189 = VERTEX_POINT('',#3190);
#3190 = CARTESIAN_POINT('',(8.4,6.59411588823,9.562832774127));
#3191 = B_SPLINE_CURVE_WITH_KNOTS('',3,(#3192,#3193,#3194,#3195),
  .UNSPECIFIED.,.F.,.F.,(4,4),(0.,1.401332635204E-03),
  .PIECEWISE_BEZIER_KNOTS.);
#3192 = CARTESIAN_POINT('',(7.,6.655215433949,9.562832774127));
#3193 = CARTESIAN_POINT('',(7.466190825014,6.623945755589,9.562832774127
    ));
#3194 = CARTESIAN_POINT('',(7.932856073251,6.603546739251,9.562832774127
    ));
#3195 = CARTESIAN_POINT('',(8.4,6.59411588823,9.562832774127));
#3196 = ORIENTED_EDGE('',*,*,#3197,.T.);
#3197 = EDGE_CURVE('',#3189,#2895,#3198,.T.);
#3198 = LINE('',#3199,#3200);
#3199 = CARTESIAN_POINT('',(8.4,9.748860742939,9.562832774127));
#3200 = VECTOR('',#3201,1.);
#3201 = DIRECTION('',(0.,-1.,0.));
#3202 = ORIENTED_EDGE('',*,*,#2894,.T.);
#3203 = ORIENTED_EDGE('',*,*,#3156,.T.);
#3204 = PLANE('',#3205);
#3205 = AXIS2_PLACEMENT_3D('',#3206,#3207,#3208);
#3206 = CARTESIAN_POINT('',(7.,9.748860742939,9.562832774127));
#3207 = DIRECTION('',(0.,0.,1.));
#3208 = DIRECTION('',(1.,0.,0.));
#3209 = ADVANCED_FACE('',(#3210),#3237,.F.);
#3210 = FACE_BOUND('',#3211,.T.);
#3211 = EDGE_LOOP('',(#3212,#3213,#3222,#3230,#3236));
#3212 = ORIENTED_EDGE('',*,*,#3197,.F.);
#3213 = ORIENTED_EDGE('',*,*,#3214,.T.);
#3214 = EDGE_CURVE('',#3189,#3215,#3217,.T.);
#3215 = VERTEX_POINT('',#3216);
#3216 = CARTESIAN_POINT('',(8.4,6.879762533095,10.962832774127));
#3217 = B_SPLINE_CURVE_WITH_KNOTS('',3,(#3218,#3219,#3220,#3221),
  .UNSPECIFIED.,.F.,.F.,(4,4),(0.,1.428843590363E-03),
  .PIECEWISE_BEZIER_KNOTS.);
#3218 = CARTESIAN_POINT('',(8.4,6.59411588823,9.562832774127));
#3219 = CARTESIAN_POINT('',(8.4,6.689331436814,10.029499440733));
#3220 = CARTESIAN_POINT('',(8.4,6.784546985103,10.4961661074));
#3221 = CARTESIAN_POINT('',(8.4,6.879762533095,10.962832774127));
#3222 = ORIENTED_EDGE('',*,*,#3223,.T.);
#3223 = EDGE_CURVE('',#3215,#3224,#3226,.T.);
#3224 = VERTEX_POINT('',#3225);
#3225 = CARTESIAN_POINT('',(8.4,0.5,10.962832774127));
#3226 = LINE('',#3227,#3228);
#3227 = CARTESIAN_POINT('',(8.4,9.748860742939,10.962832774127));
#3228 = VECTOR('',#3229,1.);
#3229 = DIRECTION('',(0.,-1.,0.));
#3230 = ORIENTED_EDGE('',*,*,#3231,.T.);
#3231 = EDGE_CURVE('',#3224,#2903,#3232,.T.);
#3232 = LINE('',#3233,#3234);
#3233 = CARTESIAN_POINT('',(8.4,5.82443037147,5.638402402657));
#3234 = VECTOR('',#3235,1.);
#3235 = DIRECTION('',(0.,-0.707106781187,0.707106781187));
#3236 = ORIENTED_EDGE('',*,*,#2902,.T.);
#3237 = PLANE('',#3238);
#3238 = AXIS2_PLACEMENT_3D('',#3239,#3240,#3241);
#3239 = CARTESIAN_POINT('',(8.4,9.748860742939,9.562832774127));
#3240 = DIRECTION('',(-1.,0.,0.));
#3241 = DIRECTION('',(0.,0.,1.));
#3242 = ADVANCED_FACE('',(#3243),#3261,.T.);
#3243 = FACE_BOUND('',#3244,.T.);
#3244 = EDGE_LOOP('',(#3245,#3253,#3254,#3255));
#3245 = ORIENTED_EDGE('',*,*,#3246,.F.);
#3246 = EDGE_CURVE('',#2911,#3247,#3249,.T.);
#3247 = VERTEX_POINT('',#3248);
#3248 = CARTESIAN_POINT('',(9.6,0.5,10.962832774127));
#3249 = LINE('',#3250,#3251);
#3250 = CARTESIAN_POINT('',(9.6,5.82443037147,5.638402402657));
#3251 = VECTOR('',#3252,1.);
#3252 = DIRECTION('',(0.,0.707106781187,-0.707106781187));
#3253 = ORIENTED_EDGE('',*,*,#2910,.F.);
#3254 = ORIENTED_EDGE('',*,*,#3231,.F.);
#3255 = ORIENTED_EDGE('',*,*,#3256,.F.);
#3256 = EDGE_CURVE('',#3247,#3224,#3257,.T.);
#3257 = LINE('',#3258,#3259);
#3258 = CARTESIAN_POINT('',(8.4,0.5,10.962832774127));
#3259 = VECTOR('',#3260,1.);
#3260 = DIRECTION('',(-1.,0.,0.));
#3261 = PLANE('',#3262);
#3262 = AXIS2_PLACEMENT_3D('',#3263,#3264,#3265);
#3263 = CARTESIAN_POINT('',(8.4,0.5,10.962832774127));
#3264 = DIRECTION('',(0.,-0.707106781187,-0.707106781187));
#3265 = DIRECTION('',(1.,0.,0.));
#3266 = ADVANCED_FACE('',(#3267),#3287,.F.);
#3267 = FACE_BOUND('',#3268,.T.);
#3268 = EDGE_LOOP('',(#3269,#3277,#3284,#3285,#3286));
#3269 = ORIENTED_EDGE('',*,*,#3270,.F.);
#3270 = EDGE_CURVE('',#3271,#3247,#3273,.T.);
#3271 = VERTEX_POINT('',#3272);
#3272 = CARTESIAN_POINT('',(9.6,6.879762533095,10.962832774127));
#3273 = LINE('',#3274,#3275);
#3274 = CARTESIAN_POINT('',(9.6,9.748860742939,10.962832774127));
#3275 = VECTOR('',#3276,1.);
#3276 = DIRECTION('',(0.,-1.,0.));
#3277 = ORIENTED_EDGE('',*,*,#3278,.T.);
#3278 = EDGE_CURVE('',#3271,#2937,#3279,.T.);
#3279 = B_SPLINE_CURVE_WITH_KNOTS('',3,(#3280,#3281,#3282,#3283),
  .UNSPECIFIED.,.F.,.F.,(4,4),(0.,1.428843590364E-03),
  .PIECEWISE_BEZIER_KNOTS.);
#3280 = CARTESIAN_POINT('',(9.6,6.879762533095,10.962832774127));
#3281 = CARTESIAN_POINT('',(9.6,6.784546985102,10.4961661074));
#3282 = CARTESIAN_POINT('',(9.6,6.689331436814,10.029499440733));
#3283 = CARTESIAN_POINT('',(9.6,6.59411588823,9.562832774127));
#3284 = ORIENTED_EDGE('',*,*,#2936,.T.);
#3285 = ORIENTED_EDGE('',*,*,#2918,.T.);
#3286 = ORIENTED_EDGE('',*,*,#3246,.T.);
#3287 = PLANE('',#3288);
#3288 = AXIS2_PLACEMENT_3D('',#3289,#3290,#3291);
#3289 = CARTESIAN_POINT('',(9.6,9.748860742939,9.562832774127));
#3290 = DIRECTION('',(1.,0.,0.));
#3291 = DIRECTION('',(0.,0.,-1.));
#3292 = ADVANCED_FACE('',(#3293),#3331,.F.);
#3293 = FACE_BOUND('',#3294,.F.);
#3294 = EDGE_LOOP('',(#3295,#3296,#3297,#3304,#3305,#3306,#3313,#3314,
    #3315,#3322,#3323,#3324));
#3295 = ORIENTED_EDGE('',*,*,#3278,.T.);
#3296 = ORIENTED_EDGE('',*,*,#2944,.T.);
#3297 = ORIENTED_EDGE('',*,*,#3298,.T.);
#3298 = EDGE_CURVE('',#2945,#3001,#3299,.T.);
#3299 = B_SPLINE_CURVE_WITH_KNOTS('',3,(#3300,#3301,#3302,#3303),
  .UNSPECIFIED.,.F.,.F.,(4,4),(0.,1.224714032784E-03),
  .PIECEWISE_BEZIER_KNOTS.);
#3300 = CARTESIAN_POINT('',(11.,6.655215433949,9.562832774127));
#3301 = CARTESIAN_POINT('',(11.,6.573617191268,9.162832773679));
#3302 = CARTESIAN_POINT('',(11.,6.492018946394,8.76283277368));
#3303 = CARTESIAN_POINT('',(11.,6.41042069933,8.362832774127));
#3304 = ORIENTED_EDGE('',*,*,#3008,.T.);
#3305 = ORIENTED_EDGE('',*,*,#3034,.T.);
#3306 = ORIENTED_EDGE('',*,*,#3307,.T.);
#3307 = EDGE_CURVE('',#3035,#3091,#3308,.T.);
#3308 = B_SPLINE_CURVE_WITH_KNOTS('',3,(#3309,#3310,#3311,#3312),
  .UNSPECIFIED.,.F.,.F.,(4,4),(0.,1.2E-03),.PIECEWISE_BEZIER_KNOTS.);
#3309 = CARTESIAN_POINT('',(9.6,6.063629257149,6.962832774127));
#3310 = CARTESIAN_POINT('',(9.2,6.055540823064,6.962832774127));
#3311 = CARTESIAN_POINT('',(8.8,6.055540823064,6.962832774127));
#3312 = CARTESIAN_POINT('',(8.4,6.063629257149,6.962832774127));
#3313 = ORIENTED_EDGE('',*,*,#3098,.T.);
#3314 = ORIENTED_EDGE('',*,*,#3124,.T.);
#3315 = ORIENTED_EDGE('',*,*,#3316,.T.);
#3316 = EDGE_CURVE('',#3125,#3181,#3317,.T.);
#3317 = B_SPLINE_CURVE_WITH_KNOTS('',3,(#3318,#3319,#3320,#3321),
  .UNSPECIFIED.,.F.,.F.,(4,4),(0.,1.224714032784E-03),
  .PIECEWISE_BEZIER_KNOTS.);
#3318 = CARTESIAN_POINT('',(7.,6.41042069933,8.362832774127));
#3319 = CARTESIAN_POINT('',(7.,6.492018946394,8.76283277368));
#3320 = CARTESIAN_POINT('',(7.,6.573617191268,9.162832773679));
#3321 = CARTESIAN_POINT('',(7.,6.655215433949,9.562832774127));
#3322 = ORIENTED_EDGE('',*,*,#3188,.T.);
#3323 = ORIENTED_EDGE('',*,*,#3214,.T.);
#3324 = ORIENTED_EDGE('',*,*,#3325,.T.);
#3325 = EDGE_CURVE('',#3215,#3271,#3326,.T.);
#3326 = B_SPLINE_CURVE_WITH_KNOTS('',3,(#3327,#3328,#3329,#3330),
  .UNSPECIFIED.,.F.,.F.,(4,4),(0.,1.2E-03),.PIECEWISE_BEZIER_KNOTS.);
#3327 = CARTESIAN_POINT('',(8.4,6.879762533095,10.962832774127));
#3328 = CARTESIAN_POINT('',(8.8,6.871694265756,10.962832774127));
#3329 = CARTESIAN_POINT('',(9.2,6.871694265756,10.962832774127));
#3330 = CARTESIAN_POINT('',(9.6,6.879762533095,10.962832774127));
#3331 = B_SPLINE_SURFACE_WITH_KNOTS('',3,3,(
    (#3332,#3333,#3334,#3335)
    ,(#3336,#3337,#3338,#3339)
    ,(#3340,#3341,#3342,#3343)
    ,(#3344,#3345,#3346,#3347
    )),.UNSPECIFIED.,.F.,.F.,.F.,(4,4),(4,4),(0.34912093873,
    0.65087906127),(0.283355714082,0.558416142433),
  .PIECEWISE_BEZIER_KNOTS.);
#3332 = CARTESIAN_POINT('',(6.976259982345,6.944482109765,
    10.972991974707));
#3333 = CARTESIAN_POINT('',(6.976069599511,6.669577878937,9.625323314509
    ));
#3334 = CARTESIAN_POINT('',(6.975879228971,6.394673654445,8.277654653018
    ));
#3335 = CARTESIAN_POINT('',(6.975688870724,6.119769436283,6.929985990234
    ));
#3336 = CARTESIAN_POINT('',(8.322007778303,6.857340339529,10.99316153501
    ));
#3337 = CARTESIAN_POINT('',(8.321926853925,6.581771250947,9.64268292127)
  );
#3338 = CARTESIAN_POINT('',(8.321845937525,6.306202160288,8.292204307953
    ));
#3339 = CARTESIAN_POINT('',(8.321765029094,6.030633067553,6.941725695059
    ));
#3340 = CARTESIAN_POINT('',(9.677992221697,6.857340339529,10.99316153501
    ));
#3341 = CARTESIAN_POINT('',(9.678073146075,6.581771250947,9.64268292127)
  );
#3342 = CARTESIAN_POINT('',(9.678154062475,6.306202160288,8.292204307953
    ));
#3343 = CARTESIAN_POINT('',(9.678234970906,6.030633067553,6.941725695059
    ));
#3344 = CARTESIAN_POINT('',(11.023740017655,6.944482109765,
    10.972991974707));
#3345 = CARTESIAN_POINT('',(11.023930400489,6.669577878937,
    9.625323314509));
#3346 = CARTESIAN_POINT('',(11.024120771029,6.394673654445,
    8.277654653018));
#3347 = CARTESIAN_POINT('',(11.024311129276,6.119769436283,
    6.929985990234));
#3348 = ADVANCED_FACE('',(#3349),#3355,.F.);
#3349 = FACE_BOUND('',#3350,.T.);
#3350 = EDGE_LOOP('',(#3351,#3352,#3353,#3354));
#3351 = ORIENTED_EDGE('',*,*,#3000,.T.);
#3352 = ORIENTED_EDGE('',*,*,#2986,.T.);
#3353 = ORIENTED_EDGE('',*,*,#2953,.F.);
#3354 = ORIENTED_EDGE('',*,*,#3298,.T.);
#3355 = PLANE('',#3356);
#3356 = AXIS2_PLACEMENT_3D('',#3357,#3358,#3359);
#3357 = CARTESIAN_POINT('',(11.,9.748860742939,8.362832774127));
#3358 = DIRECTION('',(1.,0.,0.));
#3359 = DIRECTION('',(0.,0.,-1.));
#3360 = ADVANCED_FACE('',(#3361),#3367,.F.);
#3361 = FACE_BOUND('',#3362,.T.);
#3362 = EDGE_LOOP('',(#3363,#3364,#3365,#3366));
#3363 = ORIENTED_EDGE('',*,*,#3090,.T.);
#3364 = ORIENTED_EDGE('',*,*,#3076,.T.);
#3365 = ORIENTED_EDGE('',*,*,#3043,.F.);
#3366 = ORIENTED_EDGE('',*,*,#3307,.T.);
#3367 = PLANE('',#3368);
#3368 = AXIS2_PLACEMENT_3D('',#3369,#3370,#3371);
#3369 = CARTESIAN_POINT('',(8.4,9.748860742939,6.962832774127));
#3370 = DIRECTION('',(0.,0.,-1.));
#3371 = DIRECTION('',(-1.,0.,0.));
#3372 = ADVANCED_FACE('',(#3373),#3379,.F.);
#3373 = FACE_BOUND('',#3374,.T.);
#3374 = EDGE_LOOP('',(#3375,#3376,#3377,#3378));
#3375 = ORIENTED_EDGE('',*,*,#3180,.T.);
#3376 = ORIENTED_EDGE('',*,*,#3166,.T.);
#3377 = ORIENTED_EDGE('',*,*,#3133,.F.);
#3378 = ORIENTED_EDGE('',*,*,#3316,.T.);
#3379 = PLANE('',#3380);
#3380 = AXIS2_PLACEMENT_3D('',#3381,#3382,#3383);
#3381 = CARTESIAN_POINT('',(7.,9.748860742939,8.362832774127));
#3382 = DIRECTION('',(-1.,0.,0.));
#3383 = DIRECTION('',(0.,0.,1.));
#3384 = ADVANCED_FACE('',(#3385),#3391,.F.);
#3385 = FACE_BOUND('',#3386,.T.);
#3386 = EDGE_LOOP('',(#3387,#3388,#3389,#3390));
#3387 = ORIENTED_EDGE('',*,*,#3270,.T.);
#3388 = ORIENTED_EDGE('',*,*,#3256,.T.);
#3389 = ORIENTED_EDGE('',*,*,#3223,.F.);
#3390 = ORIENTED_EDGE('',*,*,#3325,.T.);
#3391 = PLANE('',#3392);
#3392 = AXIS2_PLACEMENT_3D('',#3393,#3394,#3395);
#3393 = CARTESIAN_POINT('',(8.4,9.748860742939,10.962832774127));
#3394 = DIRECTION('',(0.,0.,1.));
#3395 = DIRECTION('',(1.,0.,0.));
#3396 = ( GEOMETRIC_REPRESENTATION_CONTEXT(3) 
GLOBAL_UNCERTAINTY_ASSIGNED_CONTEXT((#3400)) 
GLOBAL_UNIT_ASSIGNED_CONTEXT((#3397,#3398,#3399)) REPRESENTATION_CONTEXT
('Context #1','3D Context with UNIT and UNCERTAINTY') );
#3397 = ( LENGTH_UNIT() NAMED_UNIT(*) SI_UNIT(.MILLI.,.METRE.) );
#3398 = ( NAMED_UNIT(*) PLANE_ANGLE_UNIT() SI_UNIT($,.RADIAN.) );
#3399 = ( NAMED_UNIT(*) SI_UNIT($,.STERADIAN.) SOLID_ANGLE_UNIT() );
#3400 = UNCERTAINTY_MEASURE_WITH_UNIT(LENGTH_MEASURE(1.E-04),#3397,
  'distance_accuracy_value','confusion accuracy');
#3401 = PRODUCT_RELATED_PRODUCT_CATEGORY('part',$,(#7));
#3402 = MECHANICAL_DESIGN_GEOMETRIC_PRESENTATION_REPRESENTATION('',(
    #3403),#3396);
#3403 = STYLED_ITEM('color',(#3404),#15);
#3404 = PRESENTATION_STYLE_ASSIGNMENT((#3405,#3411));
#3405 = SURFACE_STYLE_USAGE(.BOTH.,#3406);
#3406 = SURFACE_SIDE_STYLE('',(#3407));
#3407 = SURFACE_STYLE_FILL_AREA(#3408);
#3408 = FILL_AREA_STYLE('',(#3409));
#3409 = FILL_AREA_STYLE_COLOUR('',#3410);
#3410 = COLOUR_RGB('',0.800000010877,0.800000010877,0.901960800373);
#3411 = CURVE_STYLE('',#3412,POSITIVE_LENGTH_MEASURE(0.1),#3413);
#3412 = DRAUGHTING_PRE_DEFINED_CURVE_FONT('continuous');
#3413 = COLOUR_RGB('',9.803921802644E-02,9.803921802644E-02,
  9.803921802644E-02);
ENDSEC;
END-ISO-10303-21;
